[2026-09-28 11:36:57.641] [pid:21380] [settingService] write done
[2026-09-28 11:36:57.646] [pid:21380] [main] [open-folder] Windows Explorer 右键菜单安装失败 { error: '[Z1 isolation] registry access blocked' }
[2026-09-28 11:36:57.667] [pid:21380] [main] [desktop-network] renderer proxy mode=direct bypass=disabled customCa=disabled insecureCerts=rejected
[2026-09-28 11:36:57.667] [pid:21380] [main] [desktop-network] renderer proxy mode=system bypass=disabled customCa=disabled insecureCerts=rejected
[2026-09-28 11:36:57.669] [pid:21380] [main] [auto-update] disabled for this desktop product flavor
[Z1 isolation] blocked recent-document mutation
[2026-09-28 11:36:57.682] [pid:21380] [main] [resource] sampling started interval=10000ms report=60000ms
[2026-09-28 11:36:57.683] [pid:21380] [main] [network] reporting started interval=60000ms
[2026-09-28 11:36:57.683] [pid:21380] [main] [force-update] Preview 跳过远端强制升级检查
[2026-09-28 11:36:57.684] [pid:21380] [main] [startup] 创建主窗口
[2026-09-28 11:36:57.684] [pid:21380] [main] [primary-window] creating main window (app-ready)
[2026-09-28 11:36:57.686] [pid:21380] [main] [startup-workspace] using explicit open workspace: C:\Users\USER\Desktop\Personal\ZCode\.tmp\z1-native-1790566616075-78b2c5\workspace
[2026-09-28 11:36:57.771] [pid:21380] [main] [desktop-context-prompt] config refreshed { enabled: false, configVersion: undefined }
[2026-09-28 11:36:58.148] [pid:21380] [main] [createWindow] dom-ready fired (local-1)
[2026-09-28 11:36:58.149] [pid:21380] [main] [desktop-context-prompt] first host spawn decision resolved { enabled: false, configVersion: undefined }
[2026-09-28 11:36:58.153] [pid:21380] [main] [spawnHostProcess] forked host process for (local-1), pid=undefined
[2026-09-28 11:36:58.154] [pid:21380] [main] [spawnHostProcess] host module path: C:\Users\USER\Desktop\Personal\ZCode\packages\desktop\out\host\index.js
[2026-09-28 11:36:58.154] [pid:21380] [main] [spawnHostProcess] glm binary path: <not found>
[2026-09-28 11:36:58.155] [pid:21380] [main] [spawnHostProcess] BIGMODEL_OAUTH_APP_SECRET source: fallback
[2026-09-28 11:36:58.157] [pid:21380] [main] [task-realtime] registered host {
  hostId: '124ddeeb-86ec-438d-8285-3150859f980a',
  windowId: 1,
  workspaceKeyCount: 0,
  deliveryKind: 'desktop_window'
}
[2026-09-28 11:36:58.166] [pid:21380] [main] [renderer-action-trace] config refreshed { enabled: false, configVersion: 'disabled' }
[Z1 child] (node:37660) ExperimentalWarning: SQLite is an experimental feature and might change at any time
(Use `electron --trace-warnings ...` to show where the warning was created)
[2026-09-28 11:36:58.499] [pid:21380] [main] [host-log] (local-1) [host] [2026-09-28 11:36:58.496] [pid:37660] [zcode-host] ExperimentalWarning: SQLite is an experimental feature and might change at any time
[2026-09-28 11:36:58.501] [pid:21380] [main] [host-log] (local-1) [host] [2026-09-28 11:36:58.500] [pid:37660] [zcode-host] [cua-pip-session] focus event dropped: service unavailable
[Z1 child] [2026-09-28 11:36:58.496] [pid:37660] [zcode-host] ExperimentalWarning: SQLite is an experimental feature and might change at any time
[2026-09-28 11:36:58.500] [pid:37660] [zcode-host] [cua-pip-session] focus event dropped: service unavailable
[Z1 child] (node:37660) ExperimentalWarning: SQLite is an experimental feature and might change at any time
(Use `electron --trace-warnings ...` to show where the warning was created)
[Z1 child] [2026-09-28 11:37:00.154] [pid:37660] [zcode-host] initializing local services
[2026-09-28 11:37:00.155] [pid:21380] [main] [host-log] (local-1) [host] [2026-09-28 11:37:00.154] [pid:37660] [zcode-host] initializing local services
[Z1 child] [2026-09-28 11:37:00.217] [pid:37660] [cua-pip-session] [cua-pip-session] wiring resolved {
  enabled: false,
  platform: 'win32',
  serviceAuthorityMode: 'desktop-local',
  lifecycleWired: true
}
[2026-09-28 11:37:00.218] [pid:21380] [main] [host-log] (local-1) [host] [2026-09-28 11:37:00.217] [pid:37660] [cua-pip-session] [cua-pip-session] wiring resolved {"enabled":false,"platform":"win32","serviceAuthorityMode":"desktop-local","lifecycleWired":true}
[Z1 child] [2026-09-28 11:37:00.222] [pid:37660] [settingService] reading settings from: C:\Users\USER\Desktop\Personal\ZCode\.tmp\z1-native-1790566616075-78b2c5\home\.zcode\v2\setting.json
[Z1 child] [2026-09-28 11:37:00.222] [pid:37660] [zcode-agent-service] 开始初始化 ZCode agent {
  workspaceKey: 'C:\\Users\\USER\\Desktop\\Personal\\ZCode\\.tmp\\z1-native-1790566616075-78b2c5\\workspace',
  workspacePath: 'C:\\Users\\USER\\Desktop\\Personal\\ZCode\\.tmp\\z1-native-1790566616075-78b2c5\\workspace'
}
[2026-09-28 11:37:00.222] [pid:21380] [main] [host-log] (local-1) [host] [2026-09-28 11:37:00.222] [pid:37660] [zcode-agent-service] 开始初始化 ZCode agent {"workspaceKey":"C:\\Users\\USER\\Desktop\\Personal\\ZCode\\.tmp\\z1-native-1790566616075-78b2c5\\workspace","workspacePath":"C:\\Users\\USER\\Desktop\\Personal\\ZCode\\.tmp\\z1-native-1790566616075-78b2c5\\workspace"}
[2026-09-28 11:37:00.223] [pid:21380] [main] [host-log] (local-1) [host] [2026-09-28 11:37:00.223] [pid:37660] [zcode-host] exposing services on ChannelServer...
[2026-09-28 11:37:00.224] [pid:21380] [main] [host-log] (local-1) [host] [2026-09-28 11:37:00.223] [pid:37660] [zcode-host] creating ChannelServer (deferInit=false)
[2026-09-28 11:37:00.224] [pid:21380] [main] [host-log] (local-1) [host] [2026-09-28 11:37:00.223] [pid:37660] [zcode-host] [rpc:register] channel "graphEngineering"
[2026-09-28 11:37:00.225] [pid:21380] [main] [host-log] (local-1) [host] [2026-09-28 11:37:00.223] [pid:37660] [zcode-host] [rpc:register] channel "graphWorkflow"
[2026-09-28 11:37:00.226] [pid:21380] [main] [host-log] (local-1) [host] [2026-09-28 11:37:00.224] [pid:37660] [zcode-host] [rpc:register] channel "graphParallel"
[2026-09-28 11:37:00.226] [pid:21380] [main] [host-log] (local-1) [host] [2026-09-28 11:37:00.224] [pid:37660] [zcode-host] [rpc:register] channel "file"
[2026-09-28 11:37:00.227] [pid:21380] [main] [host-log] (local-1) [host] [2026-09-28 11:37:00.224] [pid:37660] [zcode-host] [rpc:register] channel "media-preview"
[2026-09-28 11:37:00.228] [pid:21380] [main] [host-log] (local-1) [host] [2026-09-28 11:37:00.224] [pid:37660] [zcode-host] [rpc:register] channel "git"
[2026-09-28 11:37:00.228] [pid:21380] [main] [host-log] (local-1) [host] [2026-09-28 11:37:00.224] [pid:37660] [zcode-host] [rpc:register] channel "git-checkpoint"
[2026-09-28 11:37:00.229] [pid:21380] [main] [host-log] (local-1) [host] [2026-09-28 11:37:00.224] [pid:37660] [zcode-host] [rpc:register] channel "system"
[2026-09-28 11:37:00.230] [pid:21380] [main] [host-log] (local-1) [host] [2026-09-28 11:37:00.224] [pid:37660] [zcode-host] [rpc:register] channel "terminal"
[2026-09-28 11:37:00.230] [pid:21380] [main] [host-log] (local-1) [host] [2026-09-28 11:37:00.224] [pid:37660] [zcode-host] [rpc:register] channel "setting"
[2026-09-28 11:37:00.231] [pid:21380] [main] [host-log] (local-1) [host] [2026-09-28 11:37:00.224] [pid:37660] [zcode-host] [rpc:register] channel "onboarding-record"
[2026-09-28 11:37:00.231] [pid:21380] [main] [host-log] (local-1) [host] [2026-09-28 11:37:00.224] [pid:37660] [zcode-host] [rpc:register] channel "credential"
[2026-09-28 11:37:00.232] [pid:21380] [main] [host-log] (local-1) [host] [2026-09-28 11:37:00.224] [pid:37660] [zcode-host] [rpc:register] channel "broadcast"
[Z1 child] [2026-09-28 11:37:00.223] [pid:37660] [zcode-host] exposing services on ChannelServer...
[2026-09-28 11:37:00.223] [pid:37660] [zcode-host] creating ChannelServer (deferInit=false)
[2026-09-28 11:37:00.223] [pid:37660] [zcode-host] [rpc:register] channel "graphEngineering"
[2026-09-28 11:37:00.223] [pid:37660] [zcode-host] [rpc:register] channel "graphWorkflow"
[2026-09-28 11:37:00.224] [pid:37660] [zcode-host] [rpc:register] channel "graphParallel"
[2026-09-28 11:37:00.224] [pid:37660] [zcode-host] [rpc:register] channel "file"
[2026-09-28 11:37:00.224] [pid:37660] [zcode-host] [rpc:register] channel "media-preview"
[2026-09-28 11:37:00.224] [pid:37660] [zcode-host] [rpc:register] channel "git"
[2026-09-28 11:37:00.224] [pid:37660] [zcode-host] [rpc:register] channel "git-checkpoint"
[2026-09-28 11:37:00.224] [pid:37660] [zcode-host] [rpc:register] channel "system"
[2026-09-28 11:37:00.224] [pid:37660] [zcode-host] [rpc:register] channel "terminal"
[2026-09-28 11:37:00.224] [pid:37660] [zcode-host] [rpc:register] channel "setting"
[2026-09-28 11:37:00.224] [pid:37660] [zcode-host] [rpc:register] channel "onboarding-record"
[2026-09-28 11:37:00.224] [pid:37660] [zcode-host] [rpc:register] channel "credential"
[2026-09-28 11:37:00.224] [pid:37660] [zcode-host] [rpc:register] channel "broadcast"
[2026-09-28 11:37:00.224] [pid:37660] [zcode-host] [rpc:register] channel "zcode-task"
[2026-09-28 11:37:00.224] [pid:37660] [zcode-host] [rpc:register] channel "zcode-agent"
[2026-09-28 11:37:00.224] [pid:37660] [zcode-host] [rpc:register] channel "zcode-session"
[2026-09-28 11:37:00.224] [pid:37660] [zcode-host] [rpc:register] channel "cua-permission"
[2026-09-28 11:37:00.224] [pid:37660] [zcode-host] [rpc:register] channel "cua-pip-session"
[2026-09-28 11:37:00.224] [pid:37660] [zcode-host] [rpc:register] channel "conversation-share"
[2026-09-28 11:37:00.224] [pid:37660] [zcode-host] [rpc:register] channel "bots"
[2026-09-28 11:37:00.224] [pid:37660] [zcode-host] [rpc:register] channel "file-watcher"
[2026-09-28 11:37:00.224] [pid:37660] [zcode-host] [rpc:register] channel "oauth"
[2026-09-28 11:37:00.224] [pid:37660] [zcode-host] [rpc:register] channel "usage-stats"
[2026-09-28 11:37:00.224] [pid:37660] [zcode-host] [rpc:register] channel "coding-plan-subscription"
[2026-09-28 11:37:00.224] [pid:37660] [zcode-host] [rpc:register] channel "client-config"
[2026-09-28 11:37:00.224] [pid:37660] [zcode-host] [rpc:register] channel "client-scenes"
[2026-09-28 11:37:00.224] [pid:37660] [zcode-host] [rpc:register] channel "off-peak-task"
[2026-09-28 11:37:00.224] [pid:37660] [zcode-host] [rpc:register] channel "skills"
[2026-09-28 11:37:00.224] [pid:37660] [zcode-host] [rpc:register] channel "skill-sync"
[2026-09-28 11:37:00.224] [pid:37660] [zcode-host] [rpc:register] channel "mcp-sync"
[2026-09-28 11:37:00.224] [pid:37660] [zcode-host] [rpc:register] channel "plugin-sync"
[2026-09-28 11:37:00.224] [pid:37660] [zcode-host] [rpc:register] channel "plugins"
[2026-09-28 11:37:00.224] [pid:37660] [zcode-host] [rpc:register] channel "plugin-management"
[2026-09-28 11:37:00.224] [pid:37660] [zcode-host] [rpc:register] channel "subagents"
[2026-09-28 11:37:00.224] [pid:37660] [zcode-host] [rpc:register] channel "commands"
[2026-09-28 11:37:00.224] [pid:37660] [zcode-host] [rpc:register] channel "hooks"
[2026-09-28 11:37:00.224] [pid:37660] [zcode-host] [rpc:register] channel "memory"
[2026-09-28 11:37:00.224] [pid:37660] [zcode-host] [rpc:register] channel "settings-sync"
[2026-09-28 11:37:00.224] [pid:37660] [zcode-host] [rpc:register] channel "feedback"
[2026-09-28 11:37:00.224] [pid:37660] [zcode-host] [rpc:register] channel "prompt-attachment-transfer"
[2026-09-28 11:37:00.224] [pid:37660] [zcode-host] [rpc:register] channel "provider-settings"
[2026-09-28 11:37:00.225] [pid:37660] [zcode-host] [rpc:register] channel "model-selection"
[2026-09-28 11:37:00.225] [pid:37660] [zcode-host] [rpc:register] channel "window-controller"
[2026-09-28 11:37:00.225] [pid:37660] [zcode-host] service connection ready mode=desktop-continuous
[2026-09-28 11:37:00.225] [pid:37660] [zcode-host] window Host topology, reason=base-attachment-ready, pid=37660, connections=0, logicalSessions=0, attachments=1
[2026-09-28 11:37:00.233] [pid:21380] [main] [host-log] (local-1) [host] [2026-09-28 11:37:00.224] [pid:37660] [zcode-host] [rpc:register] channel "zcode-task"
[2026-09-28 11:37:00.234] [pid:21380] [main] [host-log] (local-1) [host] [2026-09-28 11:37:00.224] [pid:37660] [zcode-host] [rpc:register] channel "zcode-agent"
[2026-09-28 11:37:00.234] [pid:21380] [main] [host-log] (local-1) [host] [2026-09-28 11:37:00.224] [pid:37660] [zcode-host] [rpc:register] channel "zcode-session"
[2026-09-28 11:37:00.235] [pid:21380] [main] [host-log] (local-1) [host] [2026-09-28 11:37:00.224] [pid:37660] [zcode-host] [rpc:register] channel "cua-permission"
[2026-09-28 11:37:00.236] [pid:21380] [main] [host-log] (local-1) [host] [2026-09-28 11:37:00.224] [pid:37660] [zcode-host] [rpc:register] channel "cua-pip-session"
[2026-09-28 11:37:00.236] [pid:21380] [main] [host-log] (local-1) [host] [2026-09-28 11:37:00.224] [pid:37660] [zcode-host] [rpc:register] channel "conversation-share"
[2026-09-28 11:37:00.237] [pid:21380] [main] [host-log] (local-1) [host] [2026-09-28 11:37:00.224] [pid:37660] [zcode-host] [rpc:register] channel "bots"
[2026-09-28 11:37:00.238] [pid:21380] [main] [host-log] (local-1) [host] [2026-09-28 11:37:00.224] [pid:37660] [zcode-host] [rpc:register] channel "file-watcher"
[2026-09-28 11:37:00.239] [pid:21380] [main] [host-log] (local-1) [host] [2026-09-28 11:37:00.224] [pid:37660] [zcode-host] [rpc:register] channel "oauth"
[2026-09-28 11:37:00.239] [pid:21380] [main] [host-log] (local-1) [host] [2026-09-28 11:37:00.224] [pid:37660] [zcode-host] [rpc:register] channel "usage-stats"
[2026-09-28 11:37:00.240] [pid:21380] [main] [host-log] (local-1) [host] [2026-09-28 11:37:00.224] [pid:37660] [zcode-host] [rpc:register] channel "coding-plan-subscription"
[2026-09-28 11:37:00.240] [pid:21380] [main] [host-log] (local-1) [host] [2026-09-28 11:37:00.224] [pid:37660] [zcode-host] [rpc:register] channel "client-config"
[2026-09-28 11:37:00.241] [pid:21380] [main] [host-log] (local-1) [host] [2026-09-28 11:37:00.224] [pid:37660] [zcode-host] [rpc:register] channel "client-scenes"
[2026-09-28 11:37:00.242] [pid:21380] [main] [host-log] (local-1) [host] [2026-09-28 11:37:00.224] [pid:37660] [zcode-host] [rpc:register] channel "off-peak-task"
[2026-09-28 11:37:00.243] [pid:21380] [main] [host-log] (local-1) [host] [2026-09-28 11:37:00.224] [pid:37660] [zcode-host] [rpc:register] channel "skills"
[2026-09-28 11:37:00.243] [pid:21380] [main] [host-log] (local-1) [host] [2026-09-28 11:37:00.224] [pid:37660] [zcode-host] [rpc:register] channel "skill-sync"
[2026-09-28 11:37:00.244] [pid:21380] [main] [host-log] (local-1) [host] [2026-09-28 11:37:00.224] [pid:37660] [zcode-host] [rpc:register] channel "mcp-sync"
[2026-09-28 11:37:00.245] [pid:21380] [main] [host-log] (local-1) [host] [2026-09-28 11:37:00.224] [pid:37660] [zcode-host] [rpc:register] channel "plugin-sync"
[2026-09-28 11:37:00.245] [pid:21380] [main] [host-log] (local-1) [host] [2026-09-28 11:37:00.224] [pid:37660] [zcode-host] [rpc:register] channel "plugins"
[2026-09-28 11:37:00.246] [pid:21380] [main] [host-log] (local-1) [host] [2026-09-28 11:37:00.224] [pid:37660] [zcode-host] [rpc:register] channel "plugin-management"
[2026-09-28 11:37:00.247] [pid:21380] [main] [host-log] (local-1) [host] [2026-09-28 11:37:00.224] [pid:37660] [zcode-host] [rpc:register] channel "subagents"
[2026-09-28 11:37:00.248] [pid:21380] [main] [host-log] (local-1) [host] [2026-09-28 11:37:00.224] [pid:37660] [zcode-host] [rpc:register] channel "commands"
[2026-09-28 11:37:00.249] [pid:21380] [main] [host-log] (local-1) [host] [2026-09-28 11:37:00.224] [pid:37660] [zcode-host] [rpc:register] channel "hooks"
[2026-09-28 11:37:00.250] [pid:21380] [main] [host-log] (local-1) [host] [2026-09-28 11:37:00.224] [pid:37660] [zcode-host] [rpc:register] channel "memory"
[2026-09-28 11:37:00.250] [pid:21380] [main] [host-log] (local-1) [host] [2026-09-28 11:37:00.224] [pid:37660] [zcode-host] [rpc:register] channel "settings-sync"
[2026-09-28 11:37:00.251] [pid:21380] [main] [host-log] (local-1) [host] [2026-09-28 11:37:00.224] [pid:37660] [zcode-host] [rpc:register] channel "feedback"
[2026-09-28 11:37:00.252] [pid:21380] [main] [host-log] (local-1) [host] [2026-09-28 11:37:00.224] [pid:37660] [zcode-host] [rpc:register] channel "prompt-attachment-transfer"
[2026-09-28 11:37:00.252] [pid:21380] [main] [host-log] (local-1) [host] [2026-09-28 11:37:00.224] [pid:37660] [zcode-host] [rpc:register] channel "provider-settings"
[2026-09-28 11:37:00.253] [pid:21380] [main] [host-log] (local-1) [host] [2026-09-28 11:37:00.225] [pid:37660] [zcode-host] [rpc:register] channel "model-selection"
[2026-09-28 11:37:00.254] [pid:21380] [main] [host-log] (local-1) [host] [2026-09-28 11:37:00.225] [pid:37660] [zcode-host] [rpc:register] channel "window-controller"
[2026-09-28 11:37:00.254] [pid:21380] [main] [host-log] (local-1) [host] [2026-09-28 11:37:00.225] [pid:37660] [zcode-host] service connection ready mode=desktop-continuous
[2026-09-28 11:37:00.255] [pid:21380] [main] [host-log] (local-1) [host] [2026-09-28 11:37:00.225] [pid:37660] [zcode-host] window Host topology, reason=base-attachment-ready, pid=37660, connections=0, logicalSessions=0, attachments=1
[2026-09-28 11:37:00.255] [pid:21380] [main] [host-log] (local-1) [host] [2026-09-28 11:37:00.233] [pid:37660] [zcode-host] local services ready, all channels registered
[2026-09-28 11:37:00.256] [pid:21380] [main] [database-startup] terminal {
  attemptId: 'd0dad14d-ff75-4ef4-81bd-e7274051ac39',
  status: 'ready',
  durationMs: 1735,
  errorCode: undefined,
  disk: [
    {
      scopeId: '9319b000c8e74f2867e1e7bd121ddaf54b120dc84ca6297ecd939a191d9c2c40',
      observedAvailableDropPeakBytes: 151552,
      minAvailableBytes: 267381039104,
      quality: 'complete',
      sampledAt: 1790566619097
    }
  ]
}
[2026-09-28 11:37:00.258] [pid:21380] [main] [cron-scheduler] forked scheduler process pid=undefined
[Z1 child] [2026-09-28 11:37:00.233] [pid:37660] [zcode-host] local services ready, all channels registered
[2026-09-28 11:37:00.241] [pid:37660] [settingService] read result: {"recentProjects":[],"locale":"zh-CN","localePreference":"en-US","terminalInheritSystemProfile":true,"embeddedBrowserAllowInsecureCertificates":false,"embeddedBrowserViewportPreference":{"mode":"normal","viewport":{"width":393,"height":852},"zoom":"fit"},"computerUseComposerEntryHidden":true,"taskAutoArchiveEnabled":false,"taskAutoArchiveOlderThanDays":7,"closeToTrayOnWindows":false,"closeToTrayOnWindowsMigrationInitialized":true,"keepAwakeWhileRunning":false,"desktopChromiumHardwareAccelerationEnabled":true,"messageStreamShowReasoning":true,"messageStreamShowReasoningMigrationInitialized":true,"messageStreamShowTodos":false,"toolGroupingExploreEnabled":true,"toolGroupingTerminalEnabled":true,"toolGroupingChangesEnabled":false,"zcodeInteractionBehavior":"queue","askUserQuestionAutoResolutionEnabled":false,"modelIoFullRetentionEnabled":false,"startPlanRecommendationDismissed":false,"providerFamilyConnectionSelections":{},"providerFamilyDomain":"zai","providerFamilyDomainMigrated":true,"nativeSearchEnhancementsEnabled":true,"memoryEnabled":false,"lastWorkspaceSession":[],"lastActiveTabIndex":0,"receivePreviewUpdates":false,"autoDownloadAndInstallUpdates":false,"skippedElectronUpdateVersions":{}}
[Z1 child] [2026-09-28 11:37:00.265] [pid:37660] [zcode-host] [rpc:listen] broadcast.onMessage subscribed
[2026-09-28 11:37:00.265] [pid:21380] [main] [host-log] (local-1) [host] [2026-09-28 11:37:00.265] [pid:37660] [zcode-host] [rpc:listen] broadcast.onMessage subscribed
[Z1 child] [2026-09-28 11:37:00.267] [pid:37660] [zcode-host] [rpc:listen] zcode-agent.onDynamicCuaPermissionObservation subscribed
[2026-09-28 11:37:00.267] [pid:21380] [main] [host-log] (local-1) [host] [2026-09-28 11:37:00.267] [pid:37660] [zcode-host] [rpc:listen] zcode-agent.onDynamicCuaPermissionObservation subscribed
[Z1 child] [2026-09-28 11:37:00.268] [pid:37660] [settingService] reading settings from: C:\Users\USER\Desktop\Personal\ZCode\.tmp\z1-native-1790566616075-78b2c5\home\.zcode\v2\setting.json
[2026-09-28 11:37:00.268] [pid:37660] [settingService] reading settings from: C:\Users\USER\Desktop\Personal\ZCode\.tmp\z1-native-1790566616075-78b2c5\home\.zcode\v2\setting.json
[2026-09-28 11:37:00.268] [pid:37660] [zcode-host] [rpc:listen] model-selection.onDidChange subscribed
[2026-09-28 11:37:00.268] [pid:37660] [zcode-host] [rpc:listen] broadcast.onMessage subscribed
[2026-09-28 11:37:00.268] [pid:21380] [main] [host-log] (local-1) [host] [2026-09-28 11:37:00.268] [pid:37660] [zcode-host] [rpc:listen] model-selection.onDidChange subscribed
[2026-09-28 11:37:00.268] [pid:21380] [main] [task-realtime] updated host workspace scopes {
  hostId: '124ddeeb-86ec-438d-8285-3150859f980a',
  workspaceKeyCount: 0
}
[2026-09-28 11:37:00.270] [pid:21380] [main] [open-folder] Windows Explorer 右键菜单安装失败 { error: '[Z1 isolation] registry access blocked' }
[2026-09-28 11:37:00.271] [pid:21380] [main] [host-log] (local-1) [host] [2026-09-28 11:37:00.268] [pid:37660] [zcode-host] [rpc:listen] broadcast.onMessage subscribed
[2026-09-28 11:37:00.272] [pid:21380] [main] [host-log] (local-1) [host] [2026-09-28 11:37:00.268] [pid:37660] [zcode-host] [rpc:listen] provider-settings.onDidChange subscribed
[2026-09-28 11:37:00.272] [pid:21380] [main] [host-log] (local-1) [host] [2026-09-28 11:37:00.268] [pid:37660] [zcode-host] [rpc:listen] broadcast.onMessage subscribed
[2026-09-28 11:37:00.273] [pid:21380] [main] [host-log] (local-1) [host] [2026-09-28 11:37:00.268] [pid:37660] [zcode-host] [rpc:listen] provider-settings.onDidChange subscribed
[Z1 child] [2026-09-28 11:37:00.268] [pid:37660] [zcode-host] [rpc:listen] provider-settings.onDidChange subscribed
[2026-09-28 11:37:00.268] [pid:37660] [settingService] reading settings from: C:\Users\USER\Desktop\Personal\ZCode\.tmp\z1-native-1790566616075-78b2c5\home\.zcode\v2\setting.json
[2026-09-28 11:37:00.268] [pid:37660] [zcode-host] [rpc:listen] broadcast.onMessage subscribed
[2026-09-28 11:37:00.268] [pid:37660] [zcode-host] [rpc:listen] provider-settings.onDidChange subscribed
[2026-09-28 11:37:00.270] [pid:37660] [settingService] read result: {"recentProjects":[],"locale":"zh-CN","localePreference":"en-US","terminalInheritSystemProfile":true,"embeddedBrowserAllowInsecureCertificates":false,"embeddedBrowserViewportPreference":{"mode":"normal","viewport":{"width":393,"height":852},"zoom":"fit"},"computerUseComposerEntryHidden":true,"taskAutoArchiveEnabled":false,"taskAutoArchiveOlderThanDays":7,"closeToTrayOnWindows":false,"closeToTrayOnWindowsMigrationInitialized":true,"keepAwakeWhileRunning":false,"desktopChromiumHardwareAccelerationEnabled":true,"messageStreamShowReasoning":true,"messageStreamShowReasoningMigrationInitialized":true,"messageStreamShowTodos":false,"toolGroupingExploreEnabled":true,"toolGroupingTerminalEnabled":true,"toolGroupingChangesEnabled":false,"zcodeInteractionBehavior":"queue","askUserQuestionAutoResolutionEnabled":false,"modelIoFullRetentionEnabled":false,"startPlanRecommendationDismissed":false,"providerFamilyConnectionSelections":{},"providerFamilyDomain":"zai","providerFamilyDomainMigrated":true,"nativeSearchEnhancementsEnabled":true,"memoryEnabled":false,"lastWorkspaceSession":[],"lastActiveTabIndex":0,"receivePreviewUpdates":false,"autoDownloadAndInstallUpdates":false,"skippedElectronUpdateVersions":{}}
[2026-09-28 11:37:00.272] [pid:37660] [node-api-client] zcode endpoint request headers prepared {
  headerKeys: [
    'http-referer',
    'user-agent',
    'x-client-language',
    'x-client-timezone',
    'x-device-mid',
    'x-os-category',
    'x-os-version',
    'x-platform',
    'x-release-channel',
    'x-request-id',
    'x-title',
    'x-zcode-app-version'
  ],
  method: 'GET',
  url: 'http://127.0.0.1:65281/api/v1/client/configs?app_version=3.14.0&platform=win32-x64'
}
[2026-09-28 11:37:00.272] [pid:37660] [settingService] reading settings from: C:\Users\USER\Desktop\Personal\ZCode\.tmp\z1-native-1790566616075-78b2c5\home\.zcode\v2\setting.json
[2026-09-28 11:37:00.272] [pid:37660] [settingService] read result: {"recentProjects":[],"locale":"zh-CN","localePreference":"en-US","terminalInheritSystemProfile":true,"embeddedBrowserAllowInsecureCertificates":false,"embeddedBrowserViewportPreference":{"mode":"normal","viewport":{"width":393,"height":852},"zoom":"fit"},"computerUseComposerEntryHidden":true,"taskAutoArchiveEnabled":false,"taskAutoArchiveOlderThanDays":7,"closeToTrayOnWindows":false,"closeToTrayOnWindowsMigrationInitialized":true,"keepAwakeWhileRunning":false,"desktopChromiumHardwareAccelerationEnabled":true,"messageStreamShowReasoning":true,"messageStreamShowReasoningMigrationInitialized":true,"messageStreamShowTodos":false,"toolGroupingExploreEnabled":true,"toolGroupingTerminalEnabled":true,"toolGroupingChangesEnabled":false,"zcodeInteractionBehavior":"queue","askUserQuestionAutoResolutionEnabled":false,"modelIoFullRetentionEnabled":false,"startPlanRecommendationDismissed":false,"providerFamilyConnectionSelections":{},"providerFamilyDomain":"zai","providerFamilyDomainMigrated":true,"nativeSearchEnhancementsEnabled":true,"memoryEnabled":false,"lastWorkspaceSession":[],"lastActiveTabIndex":0,"receivePreviewUpdates":false,"autoDownloadAndInstallUpdates":false,"skippedElectronUpdateVersions":{}}
[2026-09-28 11:37:00.272] [pid:37660] [zcode-host] [rpc:call] setting.get OK (4.6ms)
[2026-09-28 11:37:00.273] [pid:37660] [settingService] read result: {"recentProjects":[],"locale":"zh-CN","localePreference":"en-US","terminalInheritSystemProfile":true,"embeddedBrowserAllowInsecureCertificates":false,"embeddedBrowserViewportPreference":{"mode":"normal","viewport":{"width":393,"height":852},"zoom":"fit"},"computerUseComposerEntryHidden":true,"taskAutoArchiveEnabled":false,"taskAutoArchiveOlderThanDays":7,"closeToTrayOnWindows":false,"closeToTrayOnWindowsMigrationInitialized":true,"keepAwakeWhileRunning":false,"desktopChromiumHardwareAccelerationEnabled":true,"messageStreamShowReasoning":true,"messageStreamShowReasoningMigrationInitialized":true,"messageStreamShowTodos":false,"toolGroupingExploreEnabled":true,"toolGroupingTerminalEnabled":true,"toolGroupingChangesEnabled":false,"zcodeInteractionBehavior":"queue","askUserQuestionAutoResolutionEnabled":false,"modelIoFullRetentionEnabled":false,"startPlanRecommendationDismissed":false,"providerFamilyConnectionSelections":{},"providerFamilyDomain":"zai","providerFamilyDomainMigrated":true,"nativeSearchEnhancementsEnabled":true,"memoryEnabled":false,"lastWorkspaceSession":[],"lastActiveTabIndex":0,"receivePreviewUpdates":false,"autoDownloadAndInstallUpdates":false,"skippedElectronUpdateVersions":{}}
[2026-09-28 11:37:00.276] [pid:21380] [main] [host-log] (local-1) [host] [2026-09-28 11:37:00.272] [pid:37660] [zcode-host] [rpc:call] setting.get OK (4.6ms)
[Z1 child] [2026-09-28 11:37:00.275] [pid:37660] [zcode-host] [rpc:call] setting.get OK (7.2ms)
[2026-09-28 11:37:00.275] [pid:37660] [oauthService] restoreCachedSession skipped: no active provider
[2026-09-28 11:37:00.275] [pid:37660] [zcode-host] [rpc:call] oauth.restoreCachedSessionState OK (7.0ms)
[2026-09-28 11:37:00.276] [pid:37660] [zcode-host] [rpc:listen] broadcast.onMessage subscribed
[2026-09-28 11:37:00.277] [pid:21380] [main] [host-log] (local-1) [host] [2026-09-28 11:37:00.275] [pid:37660] [zcode-host] [rpc:call] setting.get OK (7.2ms)
[2026-09-28 11:37:00.278] [pid:21380] [main] [host-log] (local-1) [host] [2026-09-28 11:37:00.275] [pid:37660] [oauthService] restoreCachedSession skipped: no active provider
[2026-09-28 11:37:00.278] [pid:21380] [main] [host-log] (local-1) [host] [2026-09-28 11:37:00.275] [pid:37660] [zcode-host] [rpc:call] oauth.restoreCachedSessionState OK (7.0ms)
[2026-09-28 11:37:00.279] [pid:21380] [main] [host-log] (local-1) [host] [2026-09-28 11:37:00.276] [pid:37660] [zcode-host] [rpc:listen] broadcast.onMessage subscribed
[Z1 child] [2026-09-28 11:37:00.277] [pid:37660] [cua-pip-session] [cua-pip-session] event delivery dropped {
  kind: 'focus-changed',
  revision: 3,
  sessionId: null,
  sourceWindowId: 'window-1',
  skipReason: 'service-disabled'
}
[Z1 child] [2026-09-28 11:37:00.277] [pid:37660] [settingService] reading settings from: C:\Users\USER\Desktop\Personal\ZCode\.tmp\z1-native-1790566616075-78b2c5\home\.zcode\v2\setting.json
[2026-09-28 11:37:00.277] [pid:37660] [zcode-host] [rpc:listen] broadcast.onMessage subscribed
[2026-09-28 11:37:00.277] [pid:37660] [zcode-host] [rpc:call] zcode-agent.syncAppRuntimePreferences OK (0.1ms)
[2026-09-28 11:37:00.278] [pid:37660] [zcode-host] [rpc:call] bots.syncAppRuntimePreferences OK (0.1ms)
[2026-09-28 11:37:00.278] [pid:37660] [settingService] reading settings from: C:\Users\USER\Desktop\Personal\ZCode\.tmp\z1-native-1790566616075-78b2c5\home\.zcode\v2\setting.json
[2026-09-28 11:37:00.280] [pid:37660] [settingService] read result: {"recentProjects":[],"locale":"zh-CN","localePreference":"en-US","terminalInheritSystemProfile":true,"embeddedBrowserAllowInsecureCertificates":false,"embeddedBrowserViewportPreference":{"mode":"normal","viewport":{"width":393,"height":852},"zoom":"fit"},"computerUseComposerEntryHidden":true,"taskAutoArchiveEnabled":false,"taskAutoArchiveOlderThanDays":7,"closeToTrayOnWindows":false,"closeToTrayOnWindowsMigrationInitialized":true,"keepAwakeWhileRunning":false,"desktopChromiumHardwareAccelerationEnabled":true,"messageStreamShowReasoning":true,"messageStreamShowReasoningMigrationInitialized":true,"messageStreamShowTodos":false,"toolGroupingExploreEnabled":true,"toolGroupingTerminalEnabled":true,"toolGroupingChangesEnabled":false,"zcodeInteractionBehavior":"queue","askUserQuestionAutoResolutionEnabled":false,"modelIoFullRetentionEnabled":false,"startPlanRecommendationDismissed":false,"providerFamilyConnectionSelections":{},"providerFamilyDomain":"zai","providerFamilyDomainMigrated":true,"nativeSearchEnhancementsEnabled":true,"memoryEnabled":false,"lastWorkspaceSession":[],"lastActiveTabIndex":0,"receivePreviewUpdates":false,"autoDownloadAndInstallUpdates":false,"skippedElectronUpdateVersions":{}}
[2026-09-28 11:37:00.280] [pid:21380] [main] [host-log] (local-1) [host] [2026-09-28 11:37:00.277] [pid:37660] [cua-pip-session] [cua-pip-session] event delivery dropped {"kind":"focus-changed","revision":3,"sessionId":null,"sourceWindowId":"window-1","skipReason":"service-disabled"}
[2026-09-28 11:37:00.281] [pid:21380] [main] [host-log] (local-1) [host] [2026-09-28 11:37:00.277] [pid:37660] [zcode-host] [rpc:listen] broadcast.onMessage subscribed
[2026-09-28 11:37:00.281] [pid:21380] [main] [host-log] (local-1) [host] [2026-09-28 11:37:00.277] [pid:37660] [zcode-host] [rpc:call] zcode-agent.syncAppRuntimePreferences OK (0.1ms)
[2026-09-28 11:37:00.282] [pid:21380] [main] [host-log] (local-1) [host] [2026-09-28 11:37:00.278] [pid:37660] [zcode-host] [rpc:call] bots.syncAppRuntimePreferences OK (0.1ms)
[Z1 child] [2026-09-28 11:37:00.285] [pid:37660] [settingService] read result: {"recentProjects":[],"locale":"zh-CN","localePreference":"en-US","terminalInheritSystemProfile":true,"embeddedBrowserAllowInsecureCertificates":false,"embeddedBrowserViewportPreference":{"mode":"normal","viewport":{"width":393,"height":852},"zoom":"fit"},"computerUseComposerEntryHidden":true,"taskAutoArchiveEnabled":false,"taskAutoArchiveOlderThanDays":7,"closeToTrayOnWindows":false,"closeToTrayOnWindowsMigrationInitialized":true,"keepAwakeWhileRunning":false,"desktopChromiumHardwareAccelerationEnabled":true,"messageStreamShowReasoning":true,"messageStreamShowReasoningMigrationInitialized":true,"messageStreamShowTodos":false,"toolGroupingExploreEnabled":true,"toolGroupingTerminalEnabled":true,"toolGroupingChangesEnabled":false,"zcodeInteractionBehavior":"queue","askUserQuestionAutoResolutionEnabled":false,"modelIoFullRetentionEnabled":false,"startPlanRecommendationDismissed":false,"providerFamilyConnectionSelections":{},"providerFamilyDomain":"zai","providerFamilyDomainMigrated":true,"nativeSearchEnhancementsEnabled":true,"memoryEnabled":false,"lastWorkspaceSession":[],"lastActiveTabIndex":0,"receivePreviewUpdates":false,"autoDownloadAndInstallUpdates":false,"skippedElectronUpdateVersions":{}}
[2026-09-28 11:37:00.285] [pid:37660] [zcode-host] [rpc:call] setting.get OK (8.2ms)
[2026-09-28 11:37:00.285] [pid:21380] [main] [host-log] (local-1) [host] [2026-09-28 11:37:00.285] [pid:37660] [zcode-host] [rpc:call] setting.get OK (8.2ms)
[2026-09-28 11:37:00.287] [pid:21380] [main] [host-log] (local-1) [host] [2026-09-28 11:37:00.286] [pid:37660] [zcode-host] [rpc:call] setting.get OK (8.0ms)
[2026-09-28 11:37:00.290] [pid:21380] [main] [host-log] (local-1) [host] [2026-09-28 11:37:00.290] [pid:37660] [zcode-host] [rpc:call] coding-plan-subscription.getDynamicWorkflowClientConfig OK (22.3ms)
[Z1 child] [2026-09-28 11:37:00.286] [pid:37660] [settingService] read result: {"recentProjects":[],"locale":"zh-CN","localePreference":"en-US","terminalInheritSystemProfile":true,"embeddedBrowserAllowInsecureCertificates":false,"embeddedBrowserViewportPreference":{"mode":"normal","viewport":{"width":393,"height":852},"zoom":"fit"},"computerUseComposerEntryHidden":true,"taskAutoArchiveEnabled":false,"taskAutoArchiveOlderThanDays":7,"closeToTrayOnWindows":false,"closeToTrayOnWindowsMigrationInitialized":true,"keepAwakeWhileRunning":false,"desktopChromiumHardwareAccelerationEnabled":true,"messageStreamShowReasoning":true,"messageStreamShowReasoningMigrationInitialized":true,"messageStreamShowTodos":false,"toolGroupingExploreEnabled":true,"toolGroupingTerminalEnabled":true,"toolGroupingChangesEnabled":false,"zcodeInteractionBehavior":"queue","askUserQuestionAutoResolutionEnabled":false,"modelIoFullRetentionEnabled":false,"startPlanRecommendationDismissed":false,"providerFamilyConnectionSelections":{},"providerFamilyDomain":"zai","providerFamilyDomainMigrated":true,"nativeSearchEnhancementsEnabled":true,"memoryEnabled":false,"lastWorkspaceSession":[],"lastActiveTabIndex":0,"receivePreviewUpdates":false,"autoDownloadAndInstallUpdates":false,"skippedElectronUpdateVersions":{}}
[2026-09-28 11:37:00.286] [pid:37660] [zcode-host] [rpc:call] setting.get OK (8.0ms)
[2026-09-28 11:37:00.290] [pid:37660] [zcode-host] [rpc:call] coding-plan-subscription.getDynamicWorkflowClientConfig OK (22.3ms)
[Z1 child] [2026-09-28 11:37:00.337] [pid:37660] [settingService] reading settings from: C:\Users\USER\Desktop\Personal\ZCode\.tmp\z1-native-1790566616075-78b2c5\home\.zcode\v2\setting.json
[Z1 child] [2026-09-28 11:37:00.338] [pid:37660] [settingService] read result: {"recentProjects":[],"locale":"zh-CN","localePreference":"en-US","terminalInheritSystemProfile":true,"embeddedBrowserAllowInsecureCertificates":false,"embeddedBrowserViewportPreference":{"mode":"normal","viewport":{"width":393,"height":852},"zoom":"fit"},"computerUseComposerEntryHidden":true,"taskAutoArchiveEnabled":false,"taskAutoArchiveOlderThanDays":7,"closeToTrayOnWindows":false,"closeToTrayOnWindowsMigrationInitialized":true,"keepAwakeWhileRunning":false,"desktopChromiumHardwareAccelerationEnabled":true,"messageStreamShowReasoning":true,"messageStreamShowReasoningMigrationInitialized":true,"messageStreamShowTodos":false,"toolGroupingExploreEnabled":true,"toolGroupingTerminalEnabled":true,"toolGroupingChangesEnabled":false,"zcodeInteractionBehavior":"queue","askUserQuestionAutoResolutionEnabled":false,"modelIoFullRetentionEnabled":false,"startPlanRecommendationDismissed":false,"providerFamilyConnectionSelections":{},"providerFamilyDomain":"zai","providerFamilyDomainMigrated":true,"nativeSearchEnhancementsEnabled":true,"memoryEnabled":false,"lastWorkspaceSession":[],"lastActiveTabIndex":0,"receivePreviewUpdates":false,"autoDownloadAndInstallUpdates":false,"skippedElectronUpdateVersions":{}}
[Z1 child] [2026-09-28 11:37:00.338] [pid:37660] [settingService] reading settings from: C:\Users\USER\Desktop\Personal\ZCode\.tmp\z1-native-1790566616075-78b2c5\home\.zcode\v2\setting.json
[Z1 child] [2026-09-28 11:37:00.339] [pid:37660] [settingService] read result: {"recentProjects":[],"locale":"zh-CN","localePreference":"en-US","terminalInheritSystemProfile":true,"embeddedBrowserAllowInsecureCertificates":false,"embeddedBrowserViewportPreference":{"mode":"normal","viewport":{"width":393,"height":852},"zoom":"fit"},"computerUseComposerEntryHidden":true,"taskAutoArchiveEnabled":false,"taskAutoArchiveOlderThanDays":7,"closeToTrayOnWindows":false,"closeToTrayOnWindowsMigrationInitialized":true,"keepAwakeWhileRunning":false,"desktopChromiumHardwareAccelerationEnabled":true,"messageStreamShowReasoning":true,"messageStreamShowReasoningMigrationInitialized":true,"messageStreamShowTodos":false,"toolGroupingExploreEnabled":true,"toolGroupingTerminalEnabled":true,"toolGroupingChangesEnabled":false,"zcodeInteractionBehavior":"queue","askUserQuestionAutoResolutionEnabled":false,"modelIoFullRetentionEnabled":false,"startPlanRecommendationDismissed":false,"providerFamilyConnectionSelections":{},"providerFamilyDomain":"zai","providerFamilyDomainMigrated":true,"nativeSearchEnhancementsEnabled":true,"memoryEnabled":false,"lastWorkspaceSession":[],"lastActiveTabIndex":0,"receivePreviewUpdates":false,"autoDownloadAndInstallUpdates":false,"skippedElectronUpdateVersions":{}}
[Z1 child] [2026-09-28 11:37:00.358] [pid:37660] [settingService] reading settings from: C:\Users\USER\Desktop\Personal\ZCode\.tmp\z1-native-1790566616075-78b2c5\home\.zcode\v2\setting.json
[Z1 child] [2026-09-28 11:37:00.359] [pid:37660] [settingService] read result: {"recentProjects":[],"locale":"zh-CN","localePreference":"en-US","terminalInheritSystemProfile":true,"embeddedBrowserAllowInsecureCertificates":false,"embeddedBrowserViewportPreference":{"mode":"normal","viewport":{"width":393,"height":852},"zoom":"fit"},"computerUseComposerEntryHidden":true,"taskAutoArchiveEnabled":false,"taskAutoArchiveOlderThanDays":7,"closeToTrayOnWindows":false,"closeToTrayOnWindowsMigrationInitialized":true,"keepAwakeWhileRunning":false,"desktopChromiumHardwareAccelerationEnabled":true,"messageStreamShowReasoning":true,"messageStreamShowReasoningMigrationInitialized":true,"messageStreamShowTodos":false,"toolGroupingExploreEnabled":true,"toolGroupingTerminalEnabled":true,"toolGroupingChangesEnabled":false,"zcodeInteractionBehavior":"queue","askUserQuestionAutoResolutionEnabled":false,"modelIoFullRetentionEnabled":false,"startPlanRecommendationDismissed":false,"providerFamilyConnectionSelections":{},"providerFamilyDomain":"zai","providerFamilyDomainMigrated":true,"nativeSearchEnhancementsEnabled":true,"memoryEnabled":false,"lastWorkspaceSession":[],"lastActiveTabIndex":0,"receivePreviewUpdates":false,"autoDownloadAndInstallUpdates":false,"skippedElectronUpdateVersions":{}}
[Z1 child] [2026-09-28 11:37:00.359] [pid:37660] [node-api-client] zcode endpoint request headers prepared {
  headerKeys: [
    'http-referer',
    'user-agent',
    'x-client-language',
    'x-client-timezone',
    'x-device-mid',
    'x-os-category',
    'x-os-version',
    'x-platform',
    'x-release-channel',
    'x-request-id',
    'x-title',
    'x-zcode-app-version'
  ],
  method: 'GET',
  url: 'http://127.0.0.1:65281/api/v1/client/configs?app_version=3.14.0&platform=windows-x86_64'
}
[Z1 child] [2026-09-28 11:37:00.363] [pid:37660] [settingService] reading settings from: C:\Users\USER\Desktop\Personal\ZCode\.tmp\z1-native-1790566616075-78b2c5\home\.zcode\v2\setting.json
[Z1 child] [2026-09-28 11:37:00.370] [pid:37660] [settingService] read result: {"recentProjects":[],"locale":"zh-CN","localePreference":"en-US","terminalInheritSystemProfile":true,"embeddedBrowserAllowInsecureCertificates":false,"embeddedBrowserViewportPreference":{"mode":"normal","viewport":{"width":393,"height":852},"zoom":"fit"},"computerUseComposerEntryHidden":true,"taskAutoArchiveEnabled":false,"taskAutoArchiveOlderThanDays":7,"closeToTrayOnWindows":false,"closeToTrayOnWindowsMigrationInitialized":true,"keepAwakeWhileRunning":false,"desktopChromiumHardwareAccelerationEnabled":true,"messageStreamShowReasoning":true,"messageStreamShowReasoningMigrationInitialized":true,"messageStreamShowTodos":false,"toolGroupingExploreEnabled":true,"toolGroupingTerminalEnabled":true,"toolGroupingChangesEnabled":false,"zcodeInteractionBehavior":"queue","askUserQuestionAutoResolutionEnabled":false,"modelIoFullRetentionEnabled":false,"startPlanRecommendationDismissed":false,"providerFamilyConnectionSelections":{},"providerFamilyDomain":"zai","providerFamilyDomainMigrated":true,"nativeSearchEnhancementsEnabled":true,"memoryEnabled":false,"lastWorkspaceSession":[],"lastActiveTabIndex":0,"receivePreviewUpdates":false,"autoDownloadAndInstallUpdates":false,"skippedElectronUpdateVersions":{}}
[Z1 child] [2026-09-28 11:37:00.389] [pid:37660] [settingService] reading settings from: C:\Users\USER\Desktop\Personal\ZCode\.tmp\z1-native-1790566616075-78b2c5\home\.zcode\v2\setting.json
[Z1 child] [2026-09-28 11:37:00.389] [pid:37660] [settingService] read result: {"recentProjects":[],"locale":"zh-CN","localePreference":"en-US","terminalInheritSystemProfile":true,"embeddedBrowserAllowInsecureCertificates":false,"embeddedBrowserViewportPreference":{"mode":"normal","viewport":{"width":393,"height":852},"zoom":"fit"},"computerUseComposerEntryHidden":true,"taskAutoArchiveEnabled":false,"taskAutoArchiveOlderThanDays":7,"closeToTrayOnWindows":false,"closeToTrayOnWindowsMigrationInitialized":true,"keepAwakeWhileRunning":false,"desktopChromiumHardwareAccelerationEnabled":true,"messageStreamShowReasoning":true,"messageStreamShowReasoningMigrationInitialized":true,"messageStreamShowTodos":false,"toolGroupingExploreEnabled":true,"toolGroupingTerminalEnabled":true,"toolGroupingChangesEnabled":false,"zcodeInteractionBehavior":"queue","askUserQuestionAutoResolutionEnabled":false,"modelIoFullRetentionEnabled":false,"startPlanRecommendationDismissed":false,"providerFamilyConnectionSelections":{},"providerFamilyDomain":"zai","providerFamilyDomainMigrated":true,"nativeSearchEnhancementsEnabled":true,"memoryEnabled":false,"lastWorkspaceSession":[],"lastActiveTabIndex":0,"receivePreviewUpdates":false,"autoDownloadAndInstallUpdates":false,"skippedElectronUpdateVersions":{}}
[Z1 child] [2026-09-28 11:37:00.389] [pid:37660] [provider-config] ZCode Built-in 刷新检查 { result: 'missing' }
[Z1 child] [2026-09-28 11:37:00.390] [pid:37660] [settingService] reading settings from: C:\Users\USER\Desktop\Personal\ZCode\.tmp\z1-native-1790566616075-78b2c5\home\.zcode\v2\setting.json
[Z1 child] [2026-09-28 11:37:00.390] [pid:37660] [settingService] read result: {"recentProjects":[],"locale":"zh-CN","localePreference":"en-US","terminalInheritSystemProfile":true,"embeddedBrowserAllowInsecureCertificates":false,"embeddedBrowserViewportPreference":{"mode":"normal","viewport":{"width":393,"height":852},"zoom":"fit"},"computerUseComposerEntryHidden":true,"taskAutoArchiveEnabled":false,"taskAutoArchiveOlderThanDays":7,"closeToTrayOnWindows":false,"closeToTrayOnWindowsMigrationInitialized":true,"keepAwakeWhileRunning":false,"desktopChromiumHardwareAccelerationEnabled":true,"messageStreamShowReasoning":true,"messageStreamShowReasoningMigrationInitialized":true,"messageStreamShowTodos":false,"toolGroupingExploreEnabled":true,"toolGroupingTerminalEnabled":true,"toolGroupingChangesEnabled":false,"zcodeInteractionBehavior":"queue","askUserQuestionAutoResolutionEnabled":false,"modelIoFullRetentionEnabled":false,"startPlanRecommendationDismissed":false,"providerFamilyConnectionSelections":{},"providerFamilyDomain":"zai","providerFamilyDomainMigrated":true,"nativeSearchEnhancementsEnabled":true,"memoryEnabled":false,"lastWorkspaceSession":[],"lastActiveTabIndex":0,"receivePreviewUpdates":false,"autoDownloadAndInstallUpdates":false,"skippedElectronUpdateVersions":{}}
[Z1 child] [2026-09-28 11:37:00.391] [pid:37660] [settingService] reading settings from: C:\Users\USER\Desktop\Personal\ZCode\.tmp\z1-native-1790566616075-78b2c5\home\.zcode\v2\setting.json
[Z1 child] [2026-09-28 11:37:00.391] [pid:37660] [settingService] read result: {"recentProjects":[],"locale":"zh-CN","localePreference":"en-US","terminalInheritSystemProfile":true,"embeddedBrowserAllowInsecureCertificates":false,"embeddedBrowserViewportPreference":{"mode":"normal","viewport":{"width":393,"height":852},"zoom":"fit"},"computerUseComposerEntryHidden":true,"taskAutoArchiveEnabled":false,"taskAutoArchiveOlderThanDays":7,"closeToTrayOnWindows":false,"closeToTrayOnWindowsMigrationInitialized":true,"keepAwakeWhileRunning":false,"desktopChromiumHardwareAccelerationEnabled":true,"messageStreamShowReasoning":true,"messageStreamShowReasoningMigrationInitialized":true,"messageStreamShowTodos":false,"toolGroupingExploreEnabled":true,"toolGroupingTerminalEnabled":true,"toolGroupingChangesEnabled":false,"zcodeInteractionBehavior":"queue","askUserQuestionAutoResolutionEnabled":false,"modelIoFullRetentionEnabled":false,"startPlanRecommendationDismissed":false,"providerFamilyConnectionSelections":{},"providerFamilyDomain":"zai","providerFamilyDomainMigrated":true,"nativeSearchEnhancementsEnabled":true,"memoryEnabled":false,"lastWorkspaceSession":[],"lastActiveTabIndex":0,"receivePreviewUpdates":false,"autoDownloadAndInstallUpdates":false,"skippedElectronUpdateVersions":{}}
[Z1 child] [2026-09-28 11:37:00.392] [pid:37660] [settingService] reading settings from: C:\Users\USER\Desktop\Personal\ZCode\.tmp\z1-native-1790566616075-78b2c5\home\.zcode\v2\setting.json
[Z1 child] [2026-09-28 11:37:00.392] [pid:37660] [settingService] read result: {"recentProjects":[],"locale":"zh-CN","localePreference":"en-US","terminalInheritSystemProfile":true,"embeddedBrowserAllowInsecureCertificates":false,"embeddedBrowserViewportPreference":{"mode":"normal","viewport":{"width":393,"height":852},"zoom":"fit"},"computerUseComposerEntryHidden":true,"taskAutoArchiveEnabled":false,"taskAutoArchiveOlderThanDays":7,"closeToTrayOnWindows":false,"closeToTrayOnWindowsMigrationInitialized":true,"keepAwakeWhileRunning":false,"desktopChromiumHardwareAccelerationEnabled":true,"messageStreamShowReasoning":true,"messageStreamShowReasoningMigrationInitialized":true,"messageStreamShowTodos":false,"toolGroupingExploreEnabled":true,"toolGroupingTerminalEnabled":true,"toolGroupingChangesEnabled":false,"zcodeInteractionBehavior":"queue","askUserQuestionAutoResolutionEnabled":false,"modelIoFullRetentionEnabled":false,"startPlanRecommendationDismissed":false,"providerFamilyConnectionSelections":{},"providerFamilyDomain":"zai","providerFamilyDomainMigrated":true,"nativeSearchEnhancementsEnabled":true,"memoryEnabled":false,"lastWorkspaceSession":[],"lastActiveTabIndex":0,"receivePreviewUpdates":false,"autoDownloadAndInstallUpdates":false,"skippedElectronUpdateVersions":{}}
[Z1 child] [2026-09-28 11:37:00.411] [pid:37660] [provider-runtime][trace:Provider Registry 已就绪] {
  configRevision: '["zcode-builtin:30:db97630a1afa354f74ab6329366de727fba1b29431af9a403d5aed609ff06f6f","b3d00806c490b37eb22e2fddbb657304a4ff1db075827a234108363be62aca40"]',
  providerCount: 1
}
[2026-09-28 11:37:00.411] [pid:21380] [main] [host-log] (local-1) [host] [2026-09-28 11:37:00.411] [pid:37660] [provider-runtime][trace:Provider Registry 已就绪] {"configRevision":"[\"zcode-builtin:30:db97630a1afa354f74ab6329366de727fba1b29431af9a403d5aed609ff06f6f\",\"b3d00806c490b37eb22e2fddbb657304a4ff1db075827a234108363be62aca40\"]","providerCount":1}
[2026-09-28 11:37:00.412] [pid:21380] [main] [host-log] (local-1) [host] [2026-09-28 11:37:00.412] [pid:37660] [zcode-host] [rpc:call] provider-settings.getView OK (143.8ms)
[2026-09-28 11:37:00.413] [pid:21380] [main] [host-log] (local-1) [host] [2026-09-28 11:37:00.412] [pid:37660] [zcode-host] [rpc:call] provider-settings.getView OK (143.3ms)
[Z1 child] [2026-09-28 11:37:00.412] [pid:37660] [settingService] reading settings from: C:\Users\USER\Desktop\Personal\ZCode\.tmp\z1-native-1790566616075-78b2c5\home\.zcode\v2\setting.json
[2026-09-28 11:37:00.412] [pid:37660] [zcode-host] [rpc:call] provider-settings.getView OK (143.8ms)
[2026-09-28 11:37:00.412] [pid:37660] [zcode-host] [rpc:call] provider-settings.getView OK (143.3ms)
[2026-09-28 11:37:00.413] [pid:37660] [zcode-agent] ZCode agent command resolved {
  workspaceKey: 'C:\\Users\\USER\\Desktop\\Personal\\ZCode\\.tmp\\z1-native-1790566616075-78b2c5\\workspace',
  command: 'C:\\Users\\USER\\Desktop\\Personal\\ZCode\\node_modules\\electron\\dist\\electron.exe',
  effectiveCommand: 'C:\\Users\\USER\\Desktop\\Personal\\ZCode\\node_modules\\electron\\dist\\electron.exe',
  resolveCommandDurationMs: 0
}
[2026-09-28 11:37:00.413] [pid:21380] [main] [host-log] (local-1) [host] [2026-09-28 11:37:00.413] [pid:37660] [zcode-agent] ZCode agent command resolved {"workspaceKey":"C:\\Users\\USER\\Desktop\\Personal\\ZCode\\.tmp\\z1-native-1790566616075-78b2c5\\workspace","command":"C:\\Users\\USER\\Desktop\\Personal\\ZCode\\node_modules\\electron\\dist\\electron.exe","effectiveCommand":"C:\\Users\\USER\\Desktop\\Personal\\ZCode\\node_modules\\electron\\dist\\electron.exe","resolveCommandDurationMs":0}
[2026-09-28 11:37:00.414] [pid:21380] [main] [host-log] (local-1) [host] [2026-09-28 11:37:00.414] [pid:37660] [zcode-host] [rpc:call] model-selection.getView OK (146.2ms)
[2026-09-28 11:37:00.415] [pid:21380] [main] [host-log] (local-1) [host] [2026-09-28 11:37:00.415] [pid:37660] [zcode-host] [rpc:call] credential.load OK (1.0ms)
[2026-09-28 11:37:00.415] [pid:21380] [main] [host-log] (local-1) [host] [2026-09-28 11:37:00.415] [pid:37660] [zcode-host] [rpc:call] credential.load OK (1.1ms)
[Z1 child] [2026-09-28 11:37:00.414] [pid:37660] [settingService] reading settings from: C:\Users\USER\Desktop\Personal\ZCode\.tmp\z1-native-1790566616075-78b2c5\home\.zcode\v2\setting.json
[2026-09-28 11:37:00.414] [pid:37660] [zcode-host] [rpc:call] model-selection.getView OK (146.2ms)
[2026-09-28 11:37:00.414] [pid:37660] [settingService] read result: {"recentProjects":[],"locale":"zh-CN","localePreference":"en-US","terminalInheritSystemProfile":true,"embeddedBrowserAllowInsecureCertificates":false,"embeddedBrowserViewportPreference":{"mode":"normal","viewport":{"width":393,"height":852},"zoom":"fit"},"computerUseComposerEntryHidden":true,"taskAutoArchiveEnabled":false,"taskAutoArchiveOlderThanDays":7,"closeToTrayOnWindows":false,"closeToTrayOnWindowsMigrationInitialized":true,"keepAwakeWhileRunning":false,"desktopChromiumHardwareAccelerationEnabled":true,"messageStreamShowReasoning":true,"messageStreamShowReasoningMigrationInitialized":true,"messageStreamShowTodos":false,"toolGroupingExploreEnabled":true,"toolGroupingTerminalEnabled":true,"toolGroupingChangesEnabled":false,"zcodeInteractionBehavior":"queue","askUserQuestionAutoResolutionEnabled":false,"modelIoFullRetentionEnabled":false,"startPlanRecommendationDismissed":false,"providerFamilyConnectionSelections":{},"providerFamilyDomain":"zai","providerFamilyDomainMigrated":true,"nativeSearchEnhancementsEnabled":true,"memoryEnabled":false,"lastWorkspaceSession":[],"lastActiveTabIndex":0,"receivePreviewUpdates":false,"autoDownloadAndInstallUpdates":false,"skippedElectronUpdateVersions":{}}
[2026-09-28 11:37:00.414] [pid:37660] [settingService] reading settings from: C:\Users\USER\Desktop\Personal\ZCode\.tmp\z1-native-1790566616075-78b2c5\home\.zcode\v2\setting.json
[2026-09-28 11:37:00.415] [pid:37660] [zcode-host] [rpc:call] credential.load OK (1.0ms)
[2026-09-28 11:37:00.415] [pid:37660] [zcode-host] [rpc:call] credential.load OK (1.1ms)
[2026-09-28 11:37:00.415] [pid:37660] [settingService] read result: {"recentProjects":[],"locale":"zh-CN","localePreference":"en-US","terminalInheritSystemProfile":true,"embeddedBrowserAllowInsecureCertificates":false,"embeddedBrowserViewportPreference":{"mode":"normal","viewport":{"width":393,"height":852},"zoom":"fit"},"computerUseComposerEntryHidden":true,"taskAutoArchiveEnabled":false,"taskAutoArchiveOlderThanDays":7,"closeToTrayOnWindows":false,"closeToTrayOnWindowsMigrationInitialized":true,"keepAwakeWhileRunning":false,"desktopChromiumHardwareAccelerationEnabled":true,"messageStreamShowReasoning":true,"messageStreamShowReasoningMigrationInitialized":true,"messageStreamShowTodos":false,"toolGroupingExploreEnabled":true,"toolGroupingTerminalEnabled":true,"toolGroupingChangesEnabled":false,"zcodeInteractionBehavior":"queue","askUserQuestionAutoResolutionEnabled":false,"modelIoFullRetentionEnabled":false,"startPlanRecommendationDismissed":false,"providerFamilyConnectionSelections":{},"providerFamilyDomain":"zai","providerFamilyDomainMigrated":true,"nativeSearchEnhancementsEnabled":true,"memoryEnabled":false,"lastWorkspaceSession":[],"lastActiveTabIndex":0,"receivePreviewUpdates":false,"autoDownloadAndInstallUpdates":false,"skippedElectronUpdateVersions":{}}
[2026-09-28 11:37:00.415] [pid:37660] [settingService] read result: {"recentProjects":[],"locale":"zh-CN","localePreference":"en-US","terminalInheritSystemProfile":true,"embeddedBrowserAllowInsecureCertificates":false,"embeddedBrowserViewportPreference":{"mode":"normal","viewport":{"width":393,"height":852},"zoom":"fit"},"computerUseComposerEntryHidden":true,"taskAutoArchiveEnabled":false,"taskAutoArchiveOlderThanDays":7,"closeToTrayOnWindows":false,"closeToTrayOnWindowsMigrationInitialized":true,"keepAwakeWhileRunning":false,"desktopChromiumHardwareAccelerationEnabled":true,"messageStreamShowReasoning":true,"messageStreamShowReasoningMigrationInitialized":true,"messageStreamShowTodos":false,"toolGroupingExploreEnabled":true,"toolGroupingTerminalEnabled":true,"toolGroupingChangesEnabled":false,"zcodeInteractionBehavior":"queue","askUserQuestionAutoResolutionEnabled":false,"modelIoFullRetentionEnabled":false,"startPlanRecommendationDismissed":false,"providerFamilyConnectionSelections":{},"providerFamilyDomain":"zai","providerFamilyDomainMigrated":true,"nativeSearchEnhancementsEnabled":true,"memoryEnabled":false,"lastWorkspaceSession":[],"lastActiveTabIndex":0,"receivePreviewUpdates":false,"autoDownloadAndInstallUpdates":false,"skippedElectronUpdateVersions":{}}
[Z1 child] [2026-09-28 11:37:00.417] [pid:37660] [zcode-agent] ZCode agent process start already in progress {
  workspaceKey: 'C:\\Users\\USER\\Desktop\\Personal\\ZCode\\.tmp\\z1-native-1790566616075-78b2c5\\workspace'
}
[2026-09-28 11:37:00.417] [pid:21380] [main] [host-log] (local-1) [host] [2026-09-28 11:37:00.417] [pid:37660] [zcode-agent] ZCode agent process start already in progress {"workspaceKey":"C:\\Users\\USER\\Desktop\\Personal\\ZCode\\.tmp\\z1-native-1790566616075-78b2c5\\workspace"}
[Z1 child] [2026-09-28 11:37:00.418] [pid:37660] [settingService] reading settings from: C:\Users\USER\Desktop\Personal\ZCode\.tmp\z1-native-1790566616075-78b2c5\home\.zcode\v2\setting.json
[Z1 child] [2026-09-28 11:37:00.420] [pid:37660] [cua-product-helper] Windows CUA Helper runtime resolution failed {
  reason: 'invalid-runtime-manifest',
  artifact: 'runtime-manifest.json',
  errorName: 'WindowsCuaDevRuntimeResolutionError',
  message: 'Windows CUA packaged runtime has an invalid runtime-manifest.json.'
}
[2026-09-28 11:37:00.420] [pid:21380] [main] [host-log] (local-1) [host] [2026-09-28 11:37:00.420] [pid:37660] [cua-product-helper] Windows CUA Helper runtime resolution failed {"reason":"invalid-runtime-manifest","artifact":"runtime-manifest.json","errorName":"WindowsCuaDevRuntimeResolutionError","message":"Windows CUA packaged runtime has an invalid runtime-manifest.json."}
[2026-09-28 11:37:00.421] [pid:21380] [main] [host-log] (local-1) [host] [2026-09-28 11:37:00.420] [pid:37660] [cua-product-helper] Computer Use Helper broker_unavailable; disabling workspace zcode-cua MCP server for this agent spawn (Windows CUA packaged runtime has an invalid runtime-manifest.json.)
[Z1 child] [2026-09-28 11:37:00.420] [pid:37660] [cua-product-helper] Computer Use Helper broker_unavailable; disabling workspace zcode-cua MCP server for this agent spawn (Windows CUA packaged runtime has an invalid runtime-manifest.json.)
[Z1 child] [2026-09-28 11:37:00.420] [pid:37660] [settingService] reading settings from: C:\Users\USER\Desktop\Personal\ZCode\.tmp\z1-native-1790566616075-78b2c5\home\.zcode\v2\setting.json
[2026-09-28 11:37:00.422] [pid:37660] [settingService] read result: {"recentProjects":[],"locale":"zh-CN","localePreference":"en-US","terminalInheritSystemProfile":true,"embeddedBrowserAllowInsecureCertificates":false,"embeddedBrowserViewportPreference":{"mode":"normal","viewport":{"width":393,"height":852},"zoom":"fit"},"computerUseComposerEntryHidden":true,"taskAutoArchiveEnabled":false,"taskAutoArchiveOlderThanDays":7,"closeToTrayOnWindows":false,"closeToTrayOnWindowsMigrationInitialized":true,"keepAwakeWhileRunning":false,"desktopChromiumHardwareAccelerationEnabled":true,"messageStreamShowReasoning":true,"messageStreamShowReasoningMigrationInitialized":true,"messageStreamShowTodos":false,"toolGroupingExploreEnabled":true,"toolGroupingTerminalEnabled":true,"toolGroupingChangesEnabled":false,"zcodeInteractionBehavior":"queue","askUserQuestionAutoResolutionEnabled":false,"modelIoFullRetentionEnabled":false,"startPlanRecommendationDismissed":false,"providerFamilyConnectionSelections":{},"providerFamilyDomain":"zai","providerFamilyDomainMigrated":true,"nativeSearchEnhancementsEnabled":true,"memoryEnabled":false,"lastWorkspaceSession":[],"lastActiveTabIndex":0,"receivePreviewUpdates":false,"autoDownloadAndInstallUpdates":false,"skippedElectronUpdateVersions":{}}
[2026-09-28 11:37:00.422] [pid:37660] [zcode-host] [rpc:call] setting.get OK (3.3ms)
[2026-09-28 11:37:00.422] [pid:21380] [main] [host-log] (local-1) [host] [2026-09-28 11:37:00.422] [pid:37660] [zcode-host] [rpc:call] setting.get OK (3.3ms)
[Z1 child] [2026-09-28 11:37:00.422] [pid:37660] [settingService] read result: {"recentProjects":[],"locale":"zh-CN","localePreference":"en-US","terminalInheritSystemProfile":true,"embeddedBrowserAllowInsecureCertificates":false,"embeddedBrowserViewportPreference":{"mode":"normal","viewport":{"width":393,"height":852},"zoom":"fit"},"computerUseComposerEntryHidden":true,"taskAutoArchiveEnabled":false,"taskAutoArchiveOlderThanDays":7,"closeToTrayOnWindows":false,"closeToTrayOnWindowsMigrationInitialized":true,"keepAwakeWhileRunning":false,"desktopChromiumHardwareAccelerationEnabled":true,"messageStreamShowReasoning":true,"messageStreamShowReasoningMigrationInitialized":true,"messageStreamShowTodos":false,"toolGroupingExploreEnabled":true,"toolGroupingTerminalEnabled":true,"toolGroupingChangesEnabled":false,"zcodeInteractionBehavior":"queue","askUserQuestionAutoResolutionEnabled":false,"modelIoFullRetentionEnabled":false,"startPlanRecommendationDismissed":false,"providerFamilyConnectionSelections":{},"providerFamilyDomain":"zai","providerFamilyDomainMigrated":true,"nativeSearchEnhancementsEnabled":true,"memoryEnabled":false,"lastWorkspaceSession":[],"lastActiveTabIndex":0,"receivePreviewUpdates":false,"autoDownloadAndInstallUpdates":false,"skippedElectronUpdateVersions":{}}
[2026-09-28 11:37:00.422] [pid:37660] [settingService] reading settings from: C:\Users\USER\Desktop\Personal\ZCode\.tmp\z1-native-1790566616075-78b2c5\home\.zcode\v2\setting.json
[Z1 child] [2026-09-28 11:37:00.424] [pid:37660] [settingService] read result: {"recentProjects":[],"locale":"zh-CN","localePreference":"en-US","terminalInheritSystemProfile":true,"embeddedBrowserAllowInsecureCertificates":false,"embeddedBrowserViewportPreference":{"mode":"normal","viewport":{"width":393,"height":852},"zoom":"fit"},"computerUseComposerEntryHidden":true,"taskAutoArchiveEnabled":false,"taskAutoArchiveOlderThanDays":7,"closeToTrayOnWindows":false,"closeToTrayOnWindowsMigrationInitialized":true,"keepAwakeWhileRunning":false,"desktopChromiumHardwareAccelerationEnabled":true,"messageStreamShowReasoning":true,"messageStreamShowReasoningMigrationInitialized":true,"messageStreamShowTodos":false,"toolGroupingExploreEnabled":true,"toolGroupingTerminalEnabled":true,"toolGroupingChangesEnabled":false,"zcodeInteractionBehavior":"queue","askUserQuestionAutoResolutionEnabled":false,"modelIoFullRetentionEnabled":false,"startPlanRecommendationDismissed":false,"providerFamilyConnectionSelections":{},"providerFamilyDomain":"zai","providerFamilyDomainMigrated":true,"nativeSearchEnhancementsEnabled":true,"memoryEnabled":false,"lastWorkspaceSession":[],"lastActiveTabIndex":0,"receivePreviewUpdates":false,"autoDownloadAndInstallUpdates":false,"skippedElectronUpdateVersions":{}}
[Z1 child] [2026-09-28 11:37:00.424] [pid:37660] [zcode-agent] ZCode agent spawn preflight {
  workspaceKey: 'C:\\Users\\USER\\Desktop\\Personal\\ZCode\\.tmp\\z1-native-1790566616075-78b2c5\\workspace',
  spawnPreflight: {
    command: 'C:\\Users\\USER\\Desktop\\Personal\\ZCode\\node_modules\\electron\\dist\\electron.exe',
    args: [
      'C:\\Users\\USER\\Desktop\\Personal\\ZCode\\apps\\zcode-cli\\packages\\cli\\dist\\zcode.cjs',
      'app-server',
      '--stdio'
    ],
    requestedCwd: 'C:\\Users\\USER\\Desktop\\Personal\\ZCode\\.tmp\\z1-native-1790566616075-78b2c5\\workspace',
    cwd: 'C:\\Users\\USER\\Desktop\\Personal\\ZCode\\.tmp\\z1-native-1790566616075-78b2c5\\workspace',
    cwdSource: 'command',
    commandPathKind: 'absolute',
    commandExists: true,
    cwdExists: true
  }
}
[2026-09-28 11:37:00.424] [pid:21380] [main] [host-log] (local-1) [host] [2026-09-28 11:37:00.424] [pid:37660] [zcode-agent] ZCode agent spawn preflight {"workspaceKey":"C:\\Users\\USER\\Desktop\\Personal\\ZCode\\.tmp\\z1-native-1790566616075-78b2c5\\workspace","spawnPreflight":{"command":"C:\\Users\\USER\\Desktop\\Personal\\ZCode\\node_modules\\electron\\dist\\electron.exe","args":["C:\\Users\\USER\\Desktop\\Personal\\ZCode\\apps\\zcode-cli\\packages\\cli\\dist\\zcode.cjs","app-server","--stdio"],"requestedCwd":"C:\\Users\\USER\\Desktop\\Personal\\ZCode\\.tmp\\z1-native-1790566616075-78b2c5\\workspace","cwd":"C:\\Users\\USER\\Desktop\\Personal\\ZCode\\.tmp\\z1-native-1790566616075-78b2c5\\workspace","cwdSource":"command","commandPathKind":"absolute","commandExists":true,"cwdExists":true}}
[Z1 child] [2026-09-28 11:37:00.435] [pid:37660] [zcode-agent] ZCode agent process start wait completed {
  workspaceKey: 'C:\\Users\\USER\\Desktop\\Personal\\ZCode\\.tmp\\z1-native-1790566616075-78b2c5\\workspace',
  durationMs: 18
}
[2026-09-28 11:37:00.435] [pid:21380] [main] [host-log] (local-1) [host] [2026-09-28 11:37:00.435] [pid:37660] [zcode-agent] ZCode agent process start wait completed {"workspaceKey":"C:\\Users\\USER\\Desktop\\Personal\\ZCode\\.tmp\\z1-native-1790566616075-78b2c5\\workspace","durationMs":18}
[2026-09-28 11:37:00.436] [pid:21380] [main] [stability] perf_agent_start reported {
  pid: 28700,
  runtimeGeneration: 1,
  runtimeInstanceId: 'agent-6a32ae98-0767-484b-9a3a-0cabdce270b4'
}
[Z1 child] [2026-09-28 11:37:00.436] [pid:37660] [zcode-agent] ZCode agent process started {
  workspaceKey: 'C:\\Users\\USER\\Desktop\\Personal\\ZCode\\.tmp\\z1-native-1790566616075-78b2c5\\workspace',
  command: 'C:\\Users\\USER\\Desktop\\Personal\\ZCode\\node_modules\\electron\\dist\\electron.exe',
  cwd: 'C:\\Users\\USER\\Desktop\\Personal\\ZCode\\.tmp\\z1-native-1790566616075-78b2c5\\workspace',
  pid: 28700,
  durationMs: 23
}
[2026-09-28 11:37:00.436] [pid:37660] [zcode-host] [rpc:call] file.ensureConversationWorkspace OK (13.9ms)
[2026-09-28 11:37:00.437] [pid:21380] [main] [host-log] (local-1) [host] [2026-09-28 11:37:00.436] [pid:37660] [zcode-agent] ZCode agent process started {"workspaceKey":"C:\\Users\\USER\\Desktop\\Personal\\ZCode\\.tmp\\z1-native-1790566616075-78b2c5\\workspace","command":"C:\\Users\\USER\\Desktop\\Personal\\ZCode\\node_modules\\electron\\dist\\electron.exe","cwd":"C:\\Users\\USER\\Desktop\\Personal\\ZCode\\.tmp\\z1-native-1790566616075-78b2c5\\workspace","pid":28700,"durationMs":23}
[2026-09-28 11:37:00.438] [pid:21380] [main] [host-log] (local-1) [host] [2026-09-28 11:37:00.436] [pid:37660] [zcode-host] [rpc:call] file.ensureConversationWorkspace OK (13.9ms)
[2026-09-28 11:37:00.439] [pid:21380] [main] [task-realtime] updated host workspace scopes {
  hostId: '124ddeeb-86ec-438d-8285-3150859f980a',
  workspaceKeyCount: 1
}
[2026-09-28 11:37:00.442] [pid:21380] [main] [task-realtime] updated host workspace scopes {
  hostId: '124ddeeb-86ec-438d-8285-3150859f980a',
  workspaceKeyCount: 2
}
[Z1 child] [2026-09-28 11:37:00.443] [pid:37660] [settingService] reading settings from: C:\Users\USER\Desktop\Personal\ZCode\.tmp\z1-native-1790566616075-78b2c5\home\.zcode\v2\setting.json
[Z1 child] [2026-09-28 11:37:00.444] [pid:37660] [zcode-host] [rpc:call] onboarding-record.claimAnonymousRecord OK (0.2ms)
[2026-09-28 11:37:00.443] [pid:21380] [main] [host-log] (local-1) [host] [2026-09-28 11:37:00.444] [pid:37660] [zcode-host] [rpc:call] onboarding-record.claimAnonymousRecord OK (0.2ms)
[Z1 child] [2026-09-28 11:37:00.444] [pid:37660] [zcode-host] [rpc:call] onboarding-record.getLatestEntry OK (0.6ms)
[2026-09-28 11:37:00.444] [pid:37660] [settingService] read result: {"recentProjects":[],"locale":"zh-CN","localePreference":"en-US","terminalInheritSystemProfile":true,"embeddedBrowserAllowInsecureCertificates":false,"embeddedBrowserViewportPreference":{"mode":"normal","viewport":{"width":393,"height":852},"zoom":"fit"},"computerUseComposerEntryHidden":true,"taskAutoArchiveEnabled":false,"taskAutoArchiveOlderThanDays":7,"closeToTrayOnWindows":false,"closeToTrayOnWindowsMigrationInitialized":true,"keepAwakeWhileRunning":false,"desktopChromiumHardwareAccelerationEnabled":true,"messageStreamShowReasoning":true,"messageStreamShowReasoningMigrationInitialized":true,"messageStreamShowTodos":false,"toolGroupingExploreEnabled":true,"toolGroupingTerminalEnabled":true,"toolGroupingChangesEnabled":false,"zcodeInteractionBehavior":"queue","askUserQuestionAutoResolutionEnabled":false,"modelIoFullRetentionEnabled":false,"startPlanRecommendationDismissed":false,"providerFamilyConnectionSelections":{},"providerFamilyDomain":"zai","providerFamilyDomainMigrated":true,"nativeSearchEnhancementsEnabled":true,"memoryEnabled":false,"lastWorkspaceSession":[],"lastActiveTabIndex":0,"receivePreviewUpdates":false,"autoDownloadAndInstallUpdates":false,"skippedElectronUpdateVersions":{}}
[2026-09-28 11:37:00.444] [pid:37660] [zcode-host] [rpc:call] setting.get OK (1.2ms)
[2026-09-28 11:37:00.444] [pid:21380] [main] [host-log] (local-1) [host] [2026-09-28 11:37:00.444] [pid:37660] [zcode-host] [rpc:call] onboarding-record.getLatestEntry OK (0.6ms)
[2026-09-28 11:37:00.445] [pid:21380] [main] [host-log] (local-1) [host] [2026-09-28 11:37:00.444] [pid:37660] [zcode-host] [rpc:call] setting.get OK (1.2ms)
[Z1 child] [2026-09-28 11:37:00.445] [pid:37660] [settingService] reading settings from: C:\Users\USER\Desktop\Personal\ZCode\.tmp\z1-native-1790566616075-78b2c5\home\.zcode\v2\setting.json
[2026-09-28 11:37:00.445] [pid:37660] [settingService] read result: {"recentProjects":[],"locale":"zh-CN","localePreference":"en-US","terminalInheritSystemProfile":true,"embeddedBrowserAllowInsecureCertificates":false,"embeddedBrowserViewportPreference":{"mode":"normal","viewport":{"width":393,"height":852},"zoom":"fit"},"computerUseComposerEntryHidden":true,"taskAutoArchiveEnabled":false,"taskAutoArchiveOlderThanDays":7,"closeToTrayOnWindows":false,"closeToTrayOnWindowsMigrationInitialized":true,"keepAwakeWhileRunning":false,"desktopChromiumHardwareAccelerationEnabled":true,"messageStreamShowReasoning":true,"messageStreamShowReasoningMigrationInitialized":true,"messageStreamShowTodos":false,"toolGroupingExploreEnabled":true,"toolGroupingTerminalEnabled":true,"toolGroupingChangesEnabled":false,"zcodeInteractionBehavior":"queue","askUserQuestionAutoResolutionEnabled":false,"modelIoFullRetentionEnabled":false,"startPlanRecommendationDismissed":false,"providerFamilyConnectionSelections":{},"providerFamilyDomain":"zai","providerFamilyDomainMigrated":true,"nativeSearchEnhancementsEnabled":true,"memoryEnabled":false,"lastWorkspaceSession":[],"lastActiveTabIndex":0,"receivePreviewUpdates":false,"autoDownloadAndInstallUpdates":false,"skippedElectronUpdateVersions":{}}
[Z1 child] [2026-09-28 11:37:00.451] [pid:37660] [zcode-host] [rpc:call] onboarding-record.shouldOnboard OK (6.7ms)
[2026-09-28 11:37:00.450] [pid:21380] [main] [host-log] (local-1) [host] [2026-09-28 11:37:00.451] [pid:37660] [zcode-host] [rpc:call] onboarding-record.shouldOnboard OK (6.7ms)
[Z1 child] [2026-09-28 11:37:00.453] [pid:37660] [settingService] reading settings from: C:\Users\USER\Desktop\Personal\ZCode\.tmp\z1-native-1790566616075-78b2c5\home\.zcode\v2\setting.json
[Z1 child] [2026-09-28 11:37:00.453] [pid:37660] [settingService] read result: {"recentProjects":[],"locale":"zh-CN","localePreference":"en-US","terminalInheritSystemProfile":true,"embeddedBrowserAllowInsecureCertificates":false,"embeddedBrowserViewportPreference":{"mode":"normal","viewport":{"width":393,"height":852},"zoom":"fit"},"computerUseComposerEntryHidden":true,"taskAutoArchiveEnabled":false,"taskAutoArchiveOlderThanDays":7,"closeToTrayOnWindows":false,"closeToTrayOnWindowsMigrationInitialized":true,"keepAwakeWhileRunning":false,"desktopChromiumHardwareAccelerationEnabled":true,"messageStreamShowReasoning":true,"messageStreamShowReasoningMigrationInitialized":true,"messageStreamShowTodos":false,"toolGroupingExploreEnabled":true,"toolGroupingTerminalEnabled":true,"toolGroupingChangesEnabled":false,"zcodeInteractionBehavior":"queue","askUserQuestionAutoResolutionEnabled":false,"modelIoFullRetentionEnabled":false,"startPlanRecommendationDismissed":false,"providerFamilyConnectionSelections":{},"providerFamilyDomain":"zai","providerFamilyDomainMigrated":true,"nativeSearchEnhancementsEnabled":true,"memoryEnabled":false,"lastWorkspaceSession":[],"lastActiveTabIndex":0,"receivePreviewUpdates":false,"autoDownloadAndInstallUpdates":false,"skippedElectronUpdateVersions":{}}
[Z1 child] [2026-09-28 11:37:00.454] [pid:37660] [settingService] reading settings from: C:\Users\USER\Desktop\Personal\ZCode\.tmp\z1-native-1790566616075-78b2c5\home\.zcode\v2\setting.json
[Z1 child] [2026-09-28 11:37:00.454] [pid:37660] [settingService] read result: {"recentProjects":[],"locale":"zh-CN","localePreference":"en-US","terminalInheritSystemProfile":true,"embeddedBrowserAllowInsecureCertificates":false,"embeddedBrowserViewportPreference":{"mode":"normal","viewport":{"width":393,"height":852},"zoom":"fit"},"computerUseComposerEntryHidden":true,"taskAutoArchiveEnabled":false,"taskAutoArchiveOlderThanDays":7,"closeToTrayOnWindows":false,"closeToTrayOnWindowsMigrationInitialized":true,"keepAwakeWhileRunning":false,"desktopChromiumHardwareAccelerationEnabled":true,"messageStreamShowReasoning":true,"messageStreamShowReasoningMigrationInitialized":true,"messageStreamShowTodos":false,"toolGroupingExploreEnabled":true,"toolGroupingTerminalEnabled":true,"toolGroupingChangesEnabled":false,"zcodeInteractionBehavior":"queue","askUserQuestionAutoResolutionEnabled":false,"modelIoFullRetentionEnabled":false,"startPlanRecommendationDismissed":false,"providerFamilyConnectionSelections":{},"providerFamilyDomain":"zai","providerFamilyDomainMigrated":true,"nativeSearchEnhancementsEnabled":true,"memoryEnabled":false,"lastWorkspaceSession":[],"lastActiveTabIndex":0,"receivePreviewUpdates":false,"autoDownloadAndInstallUpdates":false,"skippedElectronUpdateVersions":{}}
[2026-09-28 11:37:00.454] [pid:37660] [settingService] reading settings from: C:\Users\USER\Desktop\Personal\ZCode\.tmp\z1-native-1790566616075-78b2c5\home\.zcode\v2\setting.json
[Z1 child] [2026-09-28 11:37:00.455] [pid:37660] [settingService] read result: {"recentProjects":[],"locale":"zh-CN","localePreference":"en-US","terminalInheritSystemProfile":true,"embeddedBrowserAllowInsecureCertificates":false,"embeddedBrowserViewportPreference":{"mode":"normal","viewport":{"width":393,"height":852},"zoom":"fit"},"computerUseComposerEntryHidden":true,"taskAutoArchiveEnabled":false,"taskAutoArchiveOlderThanDays":7,"closeToTrayOnWindows":false,"closeToTrayOnWindowsMigrationInitialized":true,"keepAwakeWhileRunning":false,"desktopChromiumHardwareAccelerationEnabled":true,"messageStreamShowReasoning":true,"messageStreamShowReasoningMigrationInitialized":true,"messageStreamShowTodos":false,"toolGroupingExploreEnabled":true,"toolGroupingTerminalEnabled":true,"toolGroupingChangesEnabled":false,"zcodeInteractionBehavior":"queue","askUserQuestionAutoResolutionEnabled":false,"modelIoFullRetentionEnabled":false,"startPlanRecommendationDismissed":false,"providerFamilyConnectionSelections":{},"providerFamilyDomain":"zai","providerFamilyDomainMigrated":true,"nativeSearchEnhancementsEnabled":true,"memoryEnabled":false,"lastWorkspaceSession":[],"lastActiveTabIndex":0,"receivePreviewUpdates":false,"autoDownloadAndInstallUpdates":false,"skippedElectronUpdateVersions":{}}
[Z1 child] [2026-09-28 11:37:00.455] [pid:37660] [node-api-client] zcode endpoint request headers prepared {
  headerKeys: [
    'http-referer',
    'user-agent',
    'x-client-language',
    'x-client-timezone',
    'x-device-mid',
    'x-os-category',
    'x-os-version',
    'x-platform',
    'x-release-channel',
    'x-request-id',
    'x-title',
    'x-zcode-app-version'
  ],
  method: 'GET',
  url: 'http://127.0.0.1:65281/api/v1/client/configs?app_version=3.14.0&platform=windows-x86_64'
}
[Z1 child] [2026-09-28 11:37:00.457] [pid:37660] [settingService] reading settings from: C:\Users\USER\Desktop\Personal\ZCode\.tmp\z1-native-1790566616075-78b2c5\home\.zcode\v2\setting.json
[Z1 child] [2026-09-28 11:37:00.458] [pid:37660] [settingService] read result: {"recentProjects":[],"locale":"zh-CN","localePreference":"en-US","terminalInheritSystemProfile":true,"embeddedBrowserAllowInsecureCertificates":false,"embeddedBrowserViewportPreference":{"mode":"normal","viewport":{"width":393,"height":852},"zoom":"fit"},"computerUseComposerEntryHidden":true,"taskAutoArchiveEnabled":false,"taskAutoArchiveOlderThanDays":7,"closeToTrayOnWindows":false,"closeToTrayOnWindowsMigrationInitialized":true,"keepAwakeWhileRunning":false,"desktopChromiumHardwareAccelerationEnabled":true,"messageStreamShowReasoning":true,"messageStreamShowReasoningMigrationInitialized":true,"messageStreamShowTodos":false,"toolGroupingExploreEnabled":true,"toolGroupingTerminalEnabled":true,"toolGroupingChangesEnabled":false,"zcodeInteractionBehavior":"queue","askUserQuestionAutoResolutionEnabled":false,"modelIoFullRetentionEnabled":false,"startPlanRecommendationDismissed":false,"providerFamilyConnectionSelections":{},"providerFamilyDomain":"zai","providerFamilyDomainMigrated":true,"nativeSearchEnhancementsEnabled":true,"memoryEnabled":false,"lastWorkspaceSession":[],"lastActiveTabIndex":0,"receivePreviewUpdates":false,"autoDownloadAndInstallUpdates":false,"skippedElectronUpdateVersions":{}}
[Z1 child] [2026-09-28 11:37:00.468] [pid:37660] [settingService] reading settings from: C:\Users\USER\Desktop\Personal\ZCode\.tmp\z1-native-1790566616075-78b2c5\home\.zcode\v2\setting.json
[Z1 child] [2026-09-28 11:37:00.469] [pid:37660] [settingService] read result: {"recentProjects":[],"locale":"zh-CN","localePreference":"en-US","terminalInheritSystemProfile":true,"embeddedBrowserAllowInsecureCertificates":false,"embeddedBrowserViewportPreference":{"mode":"normal","viewport":{"width":393,"height":852},"zoom":"fit"},"computerUseComposerEntryHidden":true,"taskAutoArchiveEnabled":false,"taskAutoArchiveOlderThanDays":7,"closeToTrayOnWindows":false,"closeToTrayOnWindowsMigrationInitialized":true,"keepAwakeWhileRunning":false,"desktopChromiumHardwareAccelerationEnabled":true,"messageStreamShowReasoning":true,"messageStreamShowReasoningMigrationInitialized":true,"messageStreamShowTodos":false,"toolGroupingExploreEnabled":true,"toolGroupingTerminalEnabled":true,"toolGroupingChangesEnabled":false,"zcodeInteractionBehavior":"queue","askUserQuestionAutoResolutionEnabled":false,"modelIoFullRetentionEnabled":false,"startPlanRecommendationDismissed":false,"providerFamilyConnectionSelections":{},"providerFamilyDomain":"zai","providerFamilyDomainMigrated":true,"nativeSearchEnhancementsEnabled":true,"memoryEnabled":false,"lastWorkspaceSession":[],"lastActiveTabIndex":0,"receivePreviewUpdates":false,"autoDownloadAndInstallUpdates":false,"skippedElectronUpdateVersions":{}}
[Z1 child] [2026-09-28 11:37:00.474] [pid:37660] [provider-config] ZCode Built-in 刷新检查 { result: 'missing' }
[Z1 child] [2026-09-28 11:37:00.482] [pid:37660] [settingService] reading settings from: C:\Users\USER\Desktop\Personal\ZCode\.tmp\z1-native-1790566616075-78b2c5\home\.zcode\v2\setting.json
[Z1 child] [2026-09-28 11:37:00.482] [pid:37660] [settingService] read result: {"recentProjects":[],"locale":"zh-CN","localePreference":"en-US","terminalInheritSystemProfile":true,"embeddedBrowserAllowInsecureCertificates":false,"embeddedBrowserViewportPreference":{"mode":"normal","viewport":{"width":393,"height":852},"zoom":"fit"},"computerUseComposerEntryHidden":true,"taskAutoArchiveEnabled":false,"taskAutoArchiveOlderThanDays":7,"closeToTrayOnWindows":false,"closeToTrayOnWindowsMigrationInitialized":true,"keepAwakeWhileRunning":false,"desktopChromiumHardwareAccelerationEnabled":true,"messageStreamShowReasoning":true,"messageStreamShowReasoningMigrationInitialized":true,"messageStreamShowTodos":false,"toolGroupingExploreEnabled":true,"toolGroupingTerminalEnabled":true,"toolGroupingChangesEnabled":false,"zcodeInteractionBehavior":"queue","askUserQuestionAutoResolutionEnabled":false,"modelIoFullRetentionEnabled":false,"startPlanRecommendationDismissed":false,"providerFamilyConnectionSelections":{},"providerFamilyDomain":"zai","providerFamilyDomainMigrated":true,"nativeSearchEnhancementsEnabled":true,"memoryEnabled":false,"lastWorkspaceSession":[],"lastActiveTabIndex":0,"receivePreviewUpdates":false,"autoDownloadAndInstallUpdates":false,"skippedElectronUpdateVersions":{}}
[Z1 child] [2026-09-28 11:37:00.483] [pid:37660] [settingService] reading settings from: C:\Users\USER\Desktop\Personal\ZCode\.tmp\z1-native-1790566616075-78b2c5\home\.zcode\v2\setting.json
[Z1 child] [2026-09-28 11:37:00.483] [pid:37660] [settingService] read result: {"recentProjects":[],"locale":"zh-CN","localePreference":"en-US","terminalInheritSystemProfile":true,"embeddedBrowserAllowInsecureCertificates":false,"embeddedBrowserViewportPreference":{"mode":"normal","viewport":{"width":393,"height":852},"zoom":"fit"},"computerUseComposerEntryHidden":true,"taskAutoArchiveEnabled":false,"taskAutoArchiveOlderThanDays":7,"closeToTrayOnWindows":false,"closeToTrayOnWindowsMigrationInitialized":true,"keepAwakeWhileRunning":false,"desktopChromiumHardwareAccelerationEnabled":true,"messageStreamShowReasoning":true,"messageStreamShowReasoningMigrationInitialized":true,"messageStreamShowTodos":false,"toolGroupingExploreEnabled":true,"toolGroupingTerminalEnabled":true,"toolGroupingChangesEnabled":false,"zcodeInteractionBehavior":"queue","askUserQuestionAutoResolutionEnabled":false,"modelIoFullRetentionEnabled":false,"startPlanRecommendationDismissed":false,"providerFamilyConnectionSelections":{},"providerFamilyDomain":"zai","providerFamilyDomainMigrated":true,"nativeSearchEnhancementsEnabled":true,"memoryEnabled":false,"lastWorkspaceSession":[],"lastActiveTabIndex":0,"receivePreviewUpdates":false,"autoDownloadAndInstallUpdates":false,"skippedElectronUpdateVersions":{}}
[Z1 child] [2026-09-28 11:37:00.483] [pid:37660] [settingService] reading settings from: C:\Users\USER\Desktop\Personal\ZCode\.tmp\z1-native-1790566616075-78b2c5\home\.zcode\v2\setting.json
[Z1 child] [2026-09-28 11:37:00.484] [pid:37660] [settingService] read result: {"recentProjects":[],"locale":"zh-CN","localePreference":"en-US","terminalInheritSystemProfile":true,"embeddedBrowserAllowInsecureCertificates":false,"embeddedBrowserViewportPreference":{"mode":"normal","viewport":{"width":393,"height":852},"zoom":"fit"},"computerUseComposerEntryHidden":true,"taskAutoArchiveEnabled":false,"taskAutoArchiveOlderThanDays":7,"closeToTrayOnWindows":false,"closeToTrayOnWindowsMigrationInitialized":true,"keepAwakeWhileRunning":false,"desktopChromiumHardwareAccelerationEnabled":true,"messageStreamShowReasoning":true,"messageStreamShowReasoningMigrationInitialized":true,"messageStreamShowTodos":false,"toolGroupingExploreEnabled":true,"toolGroupingTerminalEnabled":true,"toolGroupingChangesEnabled":false,"zcodeInteractionBehavior":"queue","askUserQuestionAutoResolutionEnabled":false,"modelIoFullRetentionEnabled":false,"startPlanRecommendationDismissed":false,"providerFamilyConnectionSelections":{},"providerFamilyDomain":"zai","providerFamilyDomainMigrated":true,"nativeSearchEnhancementsEnabled":true,"memoryEnabled":false,"lastWorkspaceSession":[],"lastActiveTabIndex":0,"receivePreviewUpdates":false,"autoDownloadAndInstallUpdates":false,"skippedElectronUpdateVersions":{}}
[Z1 child] [2026-09-28 11:37:00.495] [pid:37660] [settingService] reading settings from: C:\Users\USER\Desktop\Personal\ZCode\.tmp\z1-native-1790566616075-78b2c5\home\.zcode\v2\setting.json
[Z1 child] [2026-09-28 11:37:00.495] [pid:37660] [settingService] read result: {"recentProjects":[],"locale":"zh-CN","localePreference":"en-US","terminalInheritSystemProfile":true,"embeddedBrowserAllowInsecureCertificates":false,"embeddedBrowserViewportPreference":{"mode":"normal","viewport":{"width":393,"height":852},"zoom":"fit"},"computerUseComposerEntryHidden":true,"taskAutoArchiveEnabled":false,"taskAutoArchiveOlderThanDays":7,"closeToTrayOnWindows":false,"closeToTrayOnWindowsMigrationInitialized":true,"keepAwakeWhileRunning":false,"desktopChromiumHardwareAccelerationEnabled":true,"messageStreamShowReasoning":true,"messageStreamShowReasoningMigrationInitialized":true,"messageStreamShowTodos":false,"toolGroupingExploreEnabled":true,"toolGroupingTerminalEnabled":true,"toolGroupingChangesEnabled":false,"zcodeInteractionBehavior":"queue","askUserQuestionAutoResolutionEnabled":false,"modelIoFullRetentionEnabled":false,"startPlanRecommendationDismissed":false,"providerFamilyConnectionSelections":{},"providerFamilyDomain":"zai","providerFamilyDomainMigrated":true,"nativeSearchEnhancementsEnabled":true,"memoryEnabled":false,"lastWorkspaceSession":[],"lastActiveTabIndex":0,"receivePreviewUpdates":false,"autoDownloadAndInstallUpdates":false,"skippedElectronUpdateVersions":{}}
[Z1 child] [2026-09-28 11:37:00.506] [pid:37660] [settingService] reading settings from: C:\Users\USER\Desktop\Personal\ZCode\.tmp\z1-native-1790566616075-78b2c5\home\.zcode\v2\setting.json
[Z1 child] [2026-09-28 11:37:00.506] [pid:37660] [settingService] read result: {"recentProjects":[],"locale":"zh-CN","localePreference":"en-US","terminalInheritSystemProfile":true,"embeddedBrowserAllowInsecureCertificates":false,"embeddedBrowserViewportPreference":{"mode":"normal","viewport":{"width":393,"height":852},"zoom":"fit"},"computerUseComposerEntryHidden":true,"taskAutoArchiveEnabled":false,"taskAutoArchiveOlderThanDays":7,"closeToTrayOnWindows":false,"closeToTrayOnWindowsMigrationInitialized":true,"keepAwakeWhileRunning":false,"desktopChromiumHardwareAccelerationEnabled":true,"messageStreamShowReasoning":true,"messageStreamShowReasoningMigrationInitialized":true,"messageStreamShowTodos":false,"toolGroupingExploreEnabled":true,"toolGroupingTerminalEnabled":true,"toolGroupingChangesEnabled":false,"zcodeInteractionBehavior":"queue","askUserQuestionAutoResolutionEnabled":false,"modelIoFullRetentionEnabled":false,"startPlanRecommendationDismissed":false,"providerFamilyConnectionSelections":{},"providerFamilyDomain":"zai","providerFamilyDomainMigrated":true,"nativeSearchEnhancementsEnabled":true,"memoryEnabled":false,"lastWorkspaceSession":[],"lastActiveTabIndex":0,"receivePreviewUpdates":false,"autoDownloadAndInstallUpdates":false,"skippedElectronUpdateVersions":{}}
[Z1 child] [2026-09-28 11:37:00.518] [pid:37660] [zcode-host] [rpc:call] provider-settings.refresh OK (239.7ms)
[2026-09-28 11:37:00.518] [pid:37660] [zcode-host] [rpc:call] provider-settings.refresh OK (227.4ms)
[2026-09-28 11:37:00.517] [pid:21380] [main] [host-log] (local-1) [host] [2026-09-28 11:37:00.518] [pid:37660] [zcode-host] [rpc:call] provider-settings.refresh OK (239.7ms)
[2026-09-28 11:37:00.518] [pid:21380] [main] [host-log] (local-1) [host] [2026-09-28 11:37:00.518] [pid:37660] [zcode-host] [rpc:call] provider-settings.refresh OK (227.4ms)
[Z1 child] (node:45092) ExperimentalWarning: SQLite is an experimental feature and might change at any time
(Use `electron --trace-warnings ...` to show where the warning was created)
[2026-09-28 11:37:00.620] [pid:21380] [main] [cron-scheduler] cron scheduler started
[Z1 child] [2026-09-28 11:37:00.632] [pid:37660] [zcode-host] [rpc:call] onboarding-record.dismissOnboarding OK (5.2ms)
[2026-09-28 11:37:00.632] [pid:21380] [main] [host-log] (local-1) [host] [2026-09-28 11:37:00.632] [pid:37660] [zcode-host] [rpc:call] onboarding-record.dismissOnboarding OK (5.2ms)
[2026-09-28 11:37:00.658] [pid:21380] [renderer] v4 conversation frame upstream attached {
  workspaceKey: 'C:\\Users\\USER\\Desktop\\Personal\\ZCode\\.tmp\\z1-native-1790566616075-78b2c5\\workspace',
  workspacePath: 'C:\\Users\\USER\\Desktop\\Personal\\ZCode\\.tmp\\z1-native-1790566616075-78b2c5\\workspace',
  event: 'v4.conversation.frames.upstream_attached',
  listenerCount: 1,
  module: 'ui.v4.conversation_transport',
  runtimeGeneration: 0,
  status: 'completed'
}
[2026-09-28 11:37:00.659] [pid:21380] [renderer] v4 workspace connection created {
  event: 'v4.workspace_connection.created',
  isRemote: false,
  key: '__base__ C:\\Users\\USER\\Desktop\\Personal\\ZCode\\.tmp\\z1-native-1790566616075-78b2c5\\workspace',
  module: 'ui.v4.workspace_connection_registry',
  refCount: 1,
  serviceGeneration: 1,
  status: 'completed'
}
[Z1 child] [2026-09-28 11:37:00.658] [pid:37660] [zcode-host] [rpc:listen] zcode-agent.onDynamicLocalTtftFacts subscribed
[2026-09-28 11:37:00.658] [pid:37660] [zcode-host] [rpc:listen] zcode-agent.onDynamicConversationFrame subscribed
[2026-09-28 11:37:00.660] [pid:21380] [main] [host-log] (local-1) [host] [2026-09-28 11:37:00.658] [pid:37660] [zcode-host] [rpc:listen] zcode-agent.onDynamicLocalTtftFacts subscribed
[2026-09-28 11:37:00.660] [pid:21380] [main] [host-log] (local-1) [host] [2026-09-28 11:37:00.658] [pid:37660] [zcode-host] [rpc:listen] zcode-agent.onDynamicConversationFrame subscribed
[Z1 child] [2026-09-28 11:37:00.700] [pid:37660] [settingService] reading settings from: C:\Users\USER\Desktop\Personal\ZCode\.tmp\z1-native-1790566616075-78b2c5\home\.zcode\v2\setting.json
[Z1 child] [2026-09-28 11:37:00.700] [pid:37660] [settingService] read result: {"recentProjects":[],"locale":"zh-CN","localePreference":"en-US","terminalInheritSystemProfile":true,"embeddedBrowserAllowInsecureCertificates":false,"embeddedBrowserViewportPreference":{"mode":"normal","viewport":{"width":393,"height":852},"zoom":"fit"},"computerUseComposerEntryHidden":true,"taskAutoArchiveEnabled":false,"taskAutoArchiveOlderThanDays":7,"closeToTrayOnWindows":false,"closeToTrayOnWindowsMigrationInitialized":true,"keepAwakeWhileRunning":false,"desktopChromiumHardwareAccelerationEnabled":true,"messageStreamShowReasoning":true,"messageStreamShowReasoningMigrationInitialized":true,"messageStreamShowTodos":false,"toolGroupingExploreEnabled":true,"toolGroupingTerminalEnabled":true,"toolGroupingChangesEnabled":false,"zcodeInteractionBehavior":"queue","askUserQuestionAutoResolutionEnabled":false,"modelIoFullRetentionEnabled":false,"startPlanRecommendationDismissed":false,"providerFamilyConnectionSelections":{},"providerFamilyDomain":"zai","providerFamilyDomainMigrated":true,"nativeSearchEnhancementsEnabled":true,"memoryEnabled":false,"lastWorkspaceSession":[],"lastActiveTabIndex":0,"receivePreviewUpdates":false,"autoDownloadAndInstallUpdates":false,"skippedElectronUpdateVersions":{}}
[Z1 child] [2026-09-28 11:37:00.701] [pid:37660] [node-api-client] zcode endpoint request headers prepared {
  headerKeys: [
    'http-referer',
    'user-agent',
    'x-client-language',
    'x-client-timezone',
    'x-device-mid',
    'x-os-category',
    'x-os-version',
    'x-platform',
    'x-release-channel',
    'x-request-id',
    'x-title',
    'x-zcode-app-version'
  ],
  method: 'GET',
  url: 'http://127.0.0.1:65281/api/v1/client/scenes'
}
[Z1 child] [2026-09-28 11:37:00.702] [pid:37660] [zcode-host] [rpc:call] client-scenes.list OK (2.1ms)
[2026-09-28 11:37:00.702] [pid:21380] [main] [host-log] (local-1) [host] [2026-09-28 11:37:00.702] [pid:37660] [zcode-host] [rpc:call] client-scenes.list OK (2.1ms)
[2026-09-28 11:37:00.703] [pid:21380] [main] [host-log] (local-1) [host] [2026-09-28 11:37:00.703] [pid:37660] [zcode-host] [rpc:listen] window-controller.onDynamicControllerFrame subscribed
[2026-09-28 11:37:00.704] [pid:21380] [main] [host-log] (local-1) [host] [2026-09-28 11:37:00.703] [pid:37660] [zcode-host] [rpc:call] window-controller.subscribeControllerV4 OK (0.2ms)
[2026-09-28 11:37:00.704] [pid:21380] [main] [host-log] (local-1) [host] [2026-09-28 11:37:00.703] [pid:37660] [zcode-host] [rpc:call] window-controller.subscribeControllerV4 OK (0.1ms)
[Z1 child] [2026-09-28 11:37:00.703] [pid:37660] [zcode-host] [rpc:listen] window-controller.onDynamicControllerFrame subscribed
[2026-09-28 11:37:00.703] [pid:37660] [zcode-host] [rpc:call] window-controller.subscribeControllerV4 OK (0.2ms)
[2026-09-28 11:37:00.703] [pid:37660] [zcode-host] [rpc:call] window-controller.subscribeControllerV4 OK (0.1ms)
[2026-09-28 11:37:00.703] [pid:37660] [settingService] reading settings from: C:\Users\USER\Desktop\Personal\ZCode\.tmp\z1-native-1790566616075-78b2c5\home\.zcode\v2\setting.json
[2026-09-28 11:37:00.705] [pid:37660] [zcode-host] [rpc:call] window-controller.listTaskList OK (0.0ms)
[2026-09-28 11:37:00.705] [pid:37660] [settingService] read result: {"recentProjects":[],"locale":"zh-CN","localePreference":"en-US","terminalInheritSystemProfile":true,"embeddedBrowserAllowInsecureCertificates":false,"embeddedBrowserViewportPreference":{"mode":"normal","viewport":{"width":393,"height":852},"zoom":"fit"},"computerUseComposerEntryHidden":true,"taskAutoArchiveEnabled":false,"taskAutoArchiveOlderThanDays":7,"closeToTrayOnWindows":false,"closeToTrayOnWindowsMigrationInitialized":true,"keepAwakeWhileRunning":false,"desktopChromiumHardwareAccelerationEnabled":true,"messageStreamShowReasoning":true,"messageStreamShowReasoningMigrationInitialized":true,"messageStreamShowTodos":false,"toolGroupingExploreEnabled":true,"toolGroupingTerminalEnabled":true,"toolGroupingChangesEnabled":false,"zcodeInteractionBehavior":"queue","askUserQuestionAutoResolutionEnabled":false,"modelIoFullRetentionEnabled":false,"startPlanRecommendationDismissed":false,"providerFamilyConnectionSelections":{},"providerFamilyDomain":"zai","providerFamilyDomainMigrated":true,"nativeSearchEnhancementsEnabled":true,"memoryEnabled":false,"lastWorkspaceSession":[],"lastActiveTabIndex":0,"receivePreviewUpdates":false,"autoDownloadAndInstallUpdates":false,"skippedElectronUpdateVersions":{}}
[2026-09-28 11:37:00.705] [pid:37660] [zcode-host] [rpc:call] setting.get OK (1.8ms)
[2026-09-28 11:37:00.705] [pid:21380] [main] [host-log] (local-1) [host] [2026-09-28 11:37:00.705] [pid:37660] [zcode-host] [rpc:call] window-controller.listTaskList OK (0.0ms)
[2026-09-28 11:37:00.706] [pid:21380] [main] [host-log] (local-1) [host] [2026-09-28 11:37:00.705] [pid:37660] [zcode-host] [rpc:call] setting.get OK (1.8ms)
[Z1 child] [2026-09-28 11:37:00.705] [pid:37660] [zcode-host] [rpc:listen] zcode-agent.onDynamicSessionsIndexFrame subscribed
[2026-09-28 11:37:00.706] [pid:37660] [zcode-host] [rpc:listen] zcode-agent.onAgentRuntimeLifecycle subscribed
[2026-09-28 11:37:00.706] [pid:37660] [zcode-host] [rpc:call] zcode-agent.helloConversationV4 OK (0.1ms)
[2026-09-28 11:37:00.706] [pid:37660] [zcode-host] [rpc:call] zcode-task.listPinnedTaskIds OK (0.2ms)
[2026-09-28 11:37:00.706] [pid:37660] [zcode-host] [rpc:call] zcode-task.listArchivedTasks OK (0.1ms)
[2026-09-28 11:37:00.707] [pid:37660] [zcode-host] [rpc:call] zcode-task.listTasks OK (0.1ms)
[2026-09-28 11:37:00.707] [pid:21380] [main] [host-log] (local-1) [host] [2026-09-28 11:37:00.705] [pid:37660] [zcode-host] [rpc:listen] zcode-agent.onDynamicSessionsIndexFrame subscribed
[2026-09-28 11:37:00.707] [pid:21380] [main] [host-log] (local-1) [host] [2026-09-28 11:37:00.706] [pid:37660] [zcode-host] [rpc:listen] zcode-agent.onAgentRuntimeLifecycle subscribed
[2026-09-28 11:37:00.708] [pid:21380] [main] [host-log] (local-1) [host] [2026-09-28 11:37:00.706] [pid:37660] [zcode-host] [rpc:call] zcode-agent.helloConversationV4 OK (0.1ms)
[2026-09-28 11:37:00.709] [pid:21380] [main] [host-log] (local-1) [host] [2026-09-28 11:37:00.706] [pid:37660] [zcode-host] [rpc:call] zcode-task.listPinnedTaskIds OK (0.2ms)
[2026-09-28 11:37:00.709] [pid:21380] [main] [host-log] (local-1) [host] [2026-09-28 11:37:00.706] [pid:37660] [zcode-host] [rpc:call] zcode-task.listArchivedTasks OK (0.1ms)
[2026-09-28 11:37:00.710] [pid:21380] [main] [host-log] (local-1) [host] [2026-09-28 11:37:00.707] [pid:37660] [zcode-host] [rpc:call] zcode-task.listTasks OK (0.1ms)
[2026-09-28 11:37:00.711] [pid:21380] [main] [host-log] (local-1) [host] [2026-09-28 11:37:00.707] [pid:37660] [zcode-host] [rpc:call] zcode-task.listPinnedTasks OK (0.1ms)
[2026-09-28 11:37:00.711] [pid:21380] [main] [host-log] (local-1) [host] [2026-09-28 11:37:00.707] [pid:37660] [zcode-host] [rpc:call] zcode-task.listDeletedTaskIds OK (0.2ms)
[2026-09-28 11:37:00.712] [pid:21380] [main] [host-log] (local-1) [host] [2026-09-28 11:37:00.707] [pid:37660] [zcode-host] [rpc:listen] zcode-task.onDynamicWorkspaceEvent subscribed
[Z1 child] [2026-09-28 11:37:00.707] [pid:37660] [zcode-host] [rpc:call] zcode-task.listPinnedTasks OK (0.1ms)
[2026-09-28 11:37:00.707] [pid:37660] [zcode-host] [rpc:call] zcode-task.listDeletedTaskIds OK (0.2ms)
[2026-09-28 11:37:00.707] [pid:37660] [zcode-host] [rpc:listen] zcode-task.onDynamicWorkspaceEvent subscribed
[2026-09-28 11:37:00.709] [pid:37660] [zcode-host] [rpc:listen] zcode-agent.onAgentRuntimeLifecycle subscribed
[2026-09-28 11:37:00.710] [pid:37660] [zcode-host] [rpc:call] system.info OK (0.0ms)
[2026-09-28 11:37:00.711] [pid:37660] [zcode-host] [rpc:listen] model-selection.onDidChange subscribed
[2026-09-28 11:37:00.711] [pid:37660] [zcode-host] [rpc:listen] model-selection.onDidChange subscribed
[2026-09-28 11:37:00.711] [pid:37660] [zcode-host] [rpc:call] subagents.list OK (3.0ms)
[2026-09-28 11:37:00.711] [pid:37660] [zcode-host] [rpc:listen] zcode-agent.onDynamicConversationTelemetryFact subscribed
[2026-09-28 11:37:00.712] [pid:37660] [zcode-host] [rpc:call] model-selection.getView OK (1.0ms)
[2026-09-28 11:37:00.712] [pid:37660] [zcode-host] [rpc:call] model-selection.getView OK (1.1ms)
[2026-09-28 11:37:00.713] [pid:21380] [main] [host-log] (local-1) [host] [2026-09-28 11:37:00.709] [pid:37660] [zcode-host] [rpc:listen] zcode-agent.onAgentRuntimeLifecycle subscribed
[2026-09-28 11:37:00.713] [pid:21380] [main] [host-log] (local-1) [host] [2026-09-28 11:37:00.710] [pid:37660] [zcode-host] [rpc:call] system.info OK (0.0ms)
[2026-09-28 11:37:00.714] [pid:21380] [main] [host-log] (local-1) [host] [2026-09-28 11:37:00.711] [pid:37660] [zcode-host] [rpc:listen] model-selection.onDidChange subscribed
[2026-09-28 11:37:00.715] [pid:21380] [main] [host-log] (local-1) [host] [2026-09-28 11:37:00.711] [pid:37660] [zcode-host] [rpc:listen] model-selection.onDidChange subscribed
[2026-09-28 11:37:00.716] [pid:21380] [main] [host-log] (local-1) [host] [2026-09-28 11:37:00.711] [pid:37660] [zcode-host] [rpc:call] subagents.list OK (3.0ms)
[2026-09-28 11:37:00.716] [pid:21380] [main] [host-log] (local-1) [host] [2026-09-28 11:37:00.711] [pid:37660] [zcode-host] [rpc:listen] zcode-agent.onDynamicConversationTelemetryFact subscribed
[2026-09-28 11:37:00.717] [pid:21380] [main] [host-log] (local-1) [host] [2026-09-28 11:37:00.712] [pid:37660] [zcode-host] [rpc:call] model-selection.getView OK (1.0ms)
[2026-09-28 11:37:00.718] [pid:21380] [main] [host-log] (local-1) [host] [2026-09-28 11:37:00.712] [pid:37660] [zcode-host] [rpc:call] model-selection.getView OK (1.1ms)
[2026-09-28 11:37:00.718] [pid:21380] [main] [host-log] (local-1) [host] [2026-09-28 11:37:00.713] [pid:37660] [zcode-host] [rpc:call] off-peak-task.list OK (0.2ms)
[Z1 child] [2026-09-28 11:37:00.713] [pid:37660] [zcode-host] [rpc:call] off-peak-task.list OK (0.2ms)
[2026-09-28 11:37:00.724] [pid:21380] [main] [host-log] (local-1) [host] [2026-09-28 11:37:00.723] [pid:37660] [zcode-host] [rpc:call] settings-sync.getFirstRunPromptState OK (0.5ms)
[Z1 child] [2026-09-28 11:37:00.723] [pid:37660] [settingService] reading settings from: C:\Users\USER\Desktop\Personal\ZCode\.tmp\z1-native-1790566616075-78b2c5\home\.zcode\v2\setting.json
[2026-09-28 11:37:00.723] [pid:37660] [settingService] read result: {"recentProjects":[],"locale":"zh-CN","localePreference":"en-US","terminalInheritSystemProfile":true,"embeddedBrowserAllowInsecureCertificates":false,"embeddedBrowserViewportPreference":{"mode":"normal","viewport":{"width":393,"height":852},"zoom":"fit"},"computerUseComposerEntryHidden":true,"taskAutoArchiveEnabled":false,"taskAutoArchiveOlderThanDays":7,"closeToTrayOnWindows":false,"closeToTrayOnWindowsMigrationInitialized":true,"keepAwakeWhileRunning":false,"desktopChromiumHardwareAccelerationEnabled":true,"messageStreamShowReasoning":true,"messageStreamShowReasoningMigrationInitialized":true,"messageStreamShowTodos":false,"toolGroupingExploreEnabled":true,"toolGroupingTerminalEnabled":true,"toolGroupingChangesEnabled":false,"zcodeInteractionBehavior":"queue","askUserQuestionAutoResolutionEnabled":false,"modelIoFullRetentionEnabled":false,"startPlanRecommendationDismissed":false,"providerFamilyConnectionSelections":{},"providerFamilyDomain":"zai","providerFamilyDomainMigrated":true,"nativeSearchEnhancementsEnabled":true,"memoryEnabled":false,"lastWorkspaceSession":[],"lastActiveTabIndex":0,"receivePreviewUpdates":false,"autoDownloadAndInstallUpdates":false,"skippedElectronUpdateVersions":{}}
[2026-09-28 11:37:00.723] [pid:37660] [zcode-host] [rpc:call] settings-sync.getFirstRunPromptState OK (0.5ms)
[2026-09-28 11:37:00.729] [pid:21380] [main] [community] failed to fetch remote config: ZodError: [
  {
    "expected": "object",
    "code": "invalid_type",
    "path": [
      "data",
      "configs",
      "feedbackUrl"
    ],
    "message": "Invalid input: expected object, received undefined"
  }
]
    at file:///C:/Users/USER/Desktop/Personal/ZCode/packages/desktop/out/main/chunk-CUCX7L4D.js:64:122510
    at process.processTicksAndRejections (node:internal/process/task_queues:104:5)
    at async file:///C:/Users/USER/Desktop/Personal/ZCode/packages/desktop/out/main/chunk-CUCX7L4D.js:64:122616
    at async resolveCommunityUrl (file:///C:/Users/USER/Desktop/Personal/ZCode/packages/desktop/out/main/index.js:606:21172)
    at async file:///C:/Users/USER/Desktop/Personal/ZCode/packages/desktop/out/main/index.js:1337:10297
    at async Session.<anonymous> (node:electron/js2c/browser_init:2:116791)
[Z1 child] [2026-09-28 11:37:00.744] [pid:37660] [settingService] reading settings from: C:\Users\USER\Desktop\Personal\ZCode\.tmp\z1-native-1790566616075-78b2c5\home\.zcode\v2\setting.json
[Z1 child] [2026-09-28 11:37:00.745] [pid:37660] [settingService] read result: {"recentProjects":[],"locale":"zh-CN","localePreference":"en-US","terminalInheritSystemProfile":true,"embeddedBrowserAllowInsecureCertificates":false,"embeddedBrowserViewportPreference":{"mode":"normal","viewport":{"width":393,"height":852},"zoom":"fit"},"computerUseComposerEntryHidden":true,"taskAutoArchiveEnabled":false,"taskAutoArchiveOlderThanDays":7,"closeToTrayOnWindows":false,"closeToTrayOnWindowsMigrationInitialized":true,"keepAwakeWhileRunning":false,"desktopChromiumHardwareAccelerationEnabled":true,"messageStreamShowReasoning":true,"messageStreamShowReasoningMigrationInitialized":true,"messageStreamShowTodos":false,"toolGroupingExploreEnabled":true,"toolGroupingTerminalEnabled":true,"toolGroupingChangesEnabled":false,"zcodeInteractionBehavior":"queue","askUserQuestionAutoResolutionEnabled":false,"modelIoFullRetentionEnabled":false,"startPlanRecommendationDismissed":false,"providerFamilyConnectionSelections":{},"providerFamilyDomain":"zai","providerFamilyDomainMigrated":true,"nativeSearchEnhancementsEnabled":true,"memoryEnabled":false,"lastWorkspaceSession":[],"lastActiveTabIndex":0,"receivePreviewUpdates":false,"autoDownloadAndInstallUpdates":false,"skippedElectronUpdateVersions":{}}
[Z1 child] [2026-09-28 11:37:00.745] [pid:37660] [settingService] writing settings to: C:\Users\USER\Desktop\Personal\ZCode\.tmp\z1-native-1790566616075-78b2c5\home\.zcode\v2\setting.json {"recentProjects":[],"locale":"zh-CN","localePreference":"en-US","terminalInheritSystemProfile":true,"embeddedBrowserAllowInsecureCertificates":false,"embeddedBrowserViewportPreference":{"mode":"normal","viewport":{"width":393,"height":852},"zoom":"fit"},"computerUseComposerEntryHidden":true,"taskAutoArchiveEnabled":false,"taskAutoArchiveOlderThanDays":7,"closeToTrayOnWindows":false,"closeToTrayOnWindowsMigrationInitialized":true,"keepAwakeWhileRunning":false,"desktopChromiumHardwareAccelerationEnabled":true,"messageStreamShowReasoning":true,"messageStreamShowReasoningMigrationInitialized":true,"messageStreamShowTodos":false,"toolGroupingExploreEnabled":true,"toolGroupingTerminalEnabled":true,"toolGroupingChangesEnabled":false,"zcodeInteractionBehavior":"queue","askUserQuestionAutoResolutionEnabled":false,"modelIoFullRetentionEnabled":false,"startPlanRecommendationDismissed":false,"providerFamilyConnectionSelections":{},"providerFamilyDomain":"zai","providerFamilyDomainMigrated":true,"nativeSearchEnhancementsEnabled":true,"memoryEnabled":false,"lastWorkspaceSession":[{"kind":"local","workspacePath":"C:\\Users\\USER\\Desktop\\Personal\\ZCode\\.tmp\\z1-native-1790566616075-78b2c5\\workspace","workspacePurpose":"project"},{"kind":"local","workspacePath":"C:\\Users\\USER\\Desktop\\Personal\\ZCode\\.tmp\\z1-native-1790566616075-78b2c5\\data\\.zcode\\workspace\\default","workspacePurpose":"conversation"}],"lastActiveTabIndex":0,"receivePreviewUpdates":false,"autoDownloadAndInstallUpdates":false,"skippedElectronUpdateVersions":{}}
[2026-09-28 11:37:00.745] [pid:21380] [main] [host-log] (local-1) [host] [2026-09-28 11:37:00.745] [pid:37660] [settingService] writing settings to: C:\Users\USER\Desktop\Personal\ZCode\.tmp\z1-native-1790566616075-78b2c5\home\.zcode\v2\setting.json {"recentProjects":[],"locale":"zh-CN","localePreference":"en-US","terminalInheritSystemProfile":true,"embeddedBrowserAllowInsecureCertificates":false,"embeddedBrowserViewportPreference":{"mode":"normal","viewport":{"width":393,"height":852},"zoom":"fit"},"computerUseComposerEntryHidden":true,"taskAutoArchiveEnabled":false,"taskAutoArchiveOlderThanDays":7,"closeToTrayOnWindows":false,"closeToTrayOnWindowsMigrationInitialized":true,"keepAwakeWhileRunning":false,"desktopChromiumHardwareAccelerationEnabled":true,"messageStreamShowReasoning":true,"messageStreamShowReasoningMigrationInitialized":true,"messageStreamShowTodos":false,"toolGroupingExploreEnabled":true,"toolGroupingTerminalEnabled":true,"toolGroupingChangesEnabled":false,"zcodeInteractionBehavior":"queue","askUserQuestionAutoResolutionEnabled":false,"modelIoFullRetentionEnabled":false,"startPlanRecommendationDismissed":false,"providerFamilyConnectionSelections":{},"providerFamilyDomain":"zai","providerFamilyDomainMigrated":true,"nativeSearchEnhancementsEnabled":true,"memoryEnabled":false,"lastWorkspaceSession":[{"kind":"local","workspacePath":"C:\\Users\\USER\\Desktop\\Personal\\ZCode\\.tmp\\z1-native-1790566616075-78b2c5\\workspace","workspacePurpose":"project"},{"kind":"local","workspacePath":"C:\\Users\\USER\\Desktop\\Personal\\ZCode\\.tmp\\z1-native-1790566616075-78b2c5\\data\\.zcode\\workspace\\default","workspacePurpose":"conversation"}],"lastActiveTabIndex":0,"receivePreviewUpdates":false,"autoDownloadAndInstallUpdates":false,"skippedElectronUpdateVersions":{}}
[Z1 child] [2026-09-28 11:37:00.748] [pid:37660] [zcode-host] [rpc:call] window-controller.listTaskList OK (0.0ms)
[2026-09-28 11:37:00.748] [pid:21380] [main] [host-log] (local-1) [host] [2026-09-28 11:37:00.748] [pid:37660] [zcode-host] [rpc:call] window-controller.listTaskList OK (0.0ms)
[Z1 child] [2026-09-28 11:37:00.750] [pid:37660] [zcode-host] [rpc:call] zcode-agent.initializeConversationV4 OK (0.5ms)
[2026-09-28 11:37:00.750] [pid:21380] [main] [host-log] (local-1) [host] [2026-09-28 11:37:00.750] [pid:37660] [zcode-host] [rpc:call] zcode-agent.initializeConversationV4 OK (0.5ms)
[Z1 child] [2026-09-28 11:37:00.751] [pid:37660] [settingService] write done
[2026-09-28 11:37:00.751] [pid:21380] [main] [host-log] (local-1) [host] [2026-09-28 11:37:00.751] [pid:37660] [settingService] write done
[2026-09-28 11:37:00.752] [pid:21380] [main] [host-log] (local-1) [host] [2026-09-28 11:37:00.751] [pid:37660] [zcode-host] [rpc:call] setting.update OK (9.2ms)
[Z1 child] [2026-09-28 11:37:00.751] [pid:37660] [zcode-host] [rpc:call] setting.update OK (9.2ms)
[Z1 child] [2026-09-28 11:37:00.763] [pid:37660] [zcode-host] [rpc:call] settings-sync.detect OK (0.1ms)
[2026-09-28 11:37:00.763] [pid:21380] [main] [host-log] (local-1) [host] [2026-09-28 11:37:00.763] [pid:37660] [zcode-host] [rpc:call] settings-sync.detect OK (0.1ms)
[Z1 child] [2026-09-28 11:37:00.771] [pid:37660] [zcode-host] [rpc:listen] model-selection.onDidChange subscribed
[2026-09-28 11:37:00.771] [pid:21380] [main] [host-log] (local-1) [host] [2026-09-28 11:37:00.771] [pid:37660] [zcode-host] [rpc:listen] model-selection.onDidChange subscribed
[2026-09-28 11:37:00.772] [pid:21380] [main] [host-log] (local-1) [host] [2026-09-28 11:37:00.771] [pid:37660] [zcode-agent-service] 开始请求 ZCode Protocol workspace/readPresentation {"workspaceKey":"C:\\Users\\USER\\Desktop\\Personal\\ZCode\\.tmp\\z1-native-1790566616075-78b2c5\\workspace","workspacePath":"C:\\Users\\USER\\Desktop\\Personal\\ZCode\\.tmp\\z1-native-1790566616075-78b2c5\\workspace"}
[2026-09-28 11:37:00.773] [pid:21380] [main] [host-log] (local-1) [host] [2026-09-28 11:37:00.772] [pid:37660] [zcode-host] [rpc:call] model-selection.getView OK (0.9ms)
[Z1 child] [2026-09-28 11:37:00.771] [pid:37660] [zcode-agent-service] 开始请求 ZCode Protocol workspace/readPresentation {
  workspaceKey: 'C:\\Users\\USER\\Desktop\\Personal\\ZCode\\.tmp\\z1-native-1790566616075-78b2c5\\workspace',
  workspacePath: 'C:\\Users\\USER\\Desktop\\Personal\\ZCode\\.tmp\\z1-native-1790566616075-78b2c5\\workspace'
}
[2026-09-28 11:37:00.772] [pid:37660] [zcode-host] [rpc:call] model-selection.getView OK (0.9ms)
[Z1 child] [2026-09-28 11:37:00.778] [pid:37660] [settingService] reading settings from: C:\Users\USER\Desktop\Personal\ZCode\.tmp\z1-native-1790566616075-78b2c5\home\.zcode\v2\setting.json
[Z1 child] [2026-09-28 11:37:00.778] [pid:37660] [settingService] read result: {"recentProjects":[],"locale":"zh-CN","localePreference":"en-US","terminalInheritSystemProfile":true,"embeddedBrowserAllowInsecureCertificates":false,"embeddedBrowserViewportPreference":{"mode":"normal","viewport":{"width":393,"height":852},"zoom":"fit"},"computerUseComposerEntryHidden":true,"taskAutoArchiveEnabled":false,"taskAutoArchiveOlderThanDays":7,"closeToTrayOnWindows":false,"closeToTrayOnWindowsMigrationInitialized":true,"keepAwakeWhileRunning":false,"desktopChromiumHardwareAccelerationEnabled":true,"messageStreamShowReasoning":true,"messageStreamShowReasoningMigrationInitialized":true,"messageStreamShowTodos":false,"toolGroupingExploreEnabled":true,"toolGroupingTerminalEnabled":true,"toolGroupingChangesEnabled":false,"zcodeInteractionBehavior":"queue","askUserQuestionAutoResolutionEnabled":false,"modelIoFullRetentionEnabled":false,"startPlanRecommendationDismissed":false,"providerFamilyConnectionSelections":{},"providerFamilyDomain":"zai","providerFamilyDomainMigrated":true,"nativeSearchEnhancementsEnabled":true,"memoryEnabled":false,"lastWorkspaceSession":[{"kind":"local","workspacePath":"C:\\Users\\USER\\Desktop\\Personal\\ZCode\\.tmp\\z1-native-1790566616075-78b2c5\\workspace","workspacePurpose":"project"},{"kind":"local","workspacePath":"C:\\Users\\USER\\Desktop\\Personal\\ZCode\\.tmp\\z1-native-1790566616075-78b2c5\\data\\.zcode\\workspace\\default","workspacePurpose":"conversation"}],"lastActiveTabIndex":0,"receivePreviewUpdates":false,"autoDownloadAndInstallUpdates":false,"skippedElectronUpdateVersions":{}}
[Z1 child] [2026-09-28 11:37:00.778] [pid:37660] [settingService] writing settings to: C:\Users\USER\Desktop\Personal\ZCode\.tmp\z1-native-1790566616075-78b2c5\home\.zcode\v2\setting.json {"recentProjects":[],"locale":"zh-CN","localePreference":"en-US","terminalInheritSystemProfile":true,"embeddedBrowserAllowInsecureCertificates":false,"embeddedBrowserViewportPreference":{"mode":"normal","viewport":{"width":393,"height":852},"zoom":"fit"},"computerUseComposerEntryHidden":true,"taskAutoArchiveEnabled":false,"taskAutoArchiveOlderThanDays":7,"closeToTrayOnWindows":false,"closeToTrayOnWindowsMigrationInitialized":true,"keepAwakeWhileRunning":false,"desktopChromiumHardwareAccelerationEnabled":true,"messageStreamShowReasoning":true,"messageStreamShowReasoningMigrationInitialized":true,"messageStreamShowTodos":false,"toolGroupingExploreEnabled":true,"toolGroupingTerminalEnabled":true,"toolGroupingChangesEnabled":false,"zcodeInteractionBehavior":"queue","askUserQuestionAutoResolutionEnabled":false,"modelIoFullRetentionEnabled":false,"startPlanRecommendationDismissed":false,"providerFamilyConnectionSelections":{},"providerFamilyDomain":"zai","providerFamilyDomainMigrated":true,"nativeSearchEnhancementsEnabled":true,"memoryEnabled":false,"lastWorkspaceSession":[{"kind":"local","workspacePath":"C:\\Users\\USER\\Desktop\\Personal\\ZCode\\.tmp\\z1-native-1790566616075-78b2c5\\workspace","workspacePurpose":"project"},{"kind":"local","workspacePath":"C:\\Users\\USER\\Desktop\\Personal\\ZCode\\.tmp\\z1-native-1790566616075-78b2c5\\data\\.zcode\\workspace\\default","workspacePurpose":"conversation"}],"lastActiveTabIndex":0,"receivePreviewUpdates":false,"autoDownloadAndInstallUpdates":false,"skippedElectronUpdateVersions":{},"settingsSyncFirstRunPromptHandled":true}
[2026-09-28 11:37:00.778] [pid:21380] [main] [host-log] (local-1) [host] [2026-09-28 11:37:00.778] [pid:37660] [settingService] writing settings to: C:\Users\USER\Desktop\Personal\ZCode\.tmp\z1-native-1790566616075-78b2c5\home\.zcode\v2\setting.json {"recentProjects":[],"locale":"zh-CN","localePreference":"en-US","terminalInheritSystemProfile":true,"embeddedBrowserAllowInsecureCertificates":false,"embeddedBrowserViewportPreference":{"mode":"normal","viewport":{"width":393,"height":852},"zoom":"fit"},"computerUseComposerEntryHidden":true,"taskAutoArchiveEnabled":false,"taskAutoArchiveOlderThanDays":7,"closeToTrayOnWindows":false,"closeToTrayOnWindowsMigrationInitialized":true,"keepAwakeWhileRunning":false,"desktopChromiumHardwareAccelerationEnabled":true,"messageStreamShowReasoning":true,"messageStreamShowReasoningMigrationInitialized":true,"messageStreamShowTodos":false,"toolGroupingExploreEnabled":true,"toolGroupingTerminalEnabled":true,"toolGroupingChangesEnabled":false,"zcodeInteractionBehavior":"queue","askUserQuestionAutoResolutionEnabled":false,"modelIoFullRetentionEnabled":false,"startPlanRecommendationDismissed":false,"providerFamilyConnectionSelections":{},"providerFamilyDomain":"zai","providerFamilyDomainMigrated":true,"nativeSearchEnhancementsEnabled":true,"memoryEnabled":false,"lastWorkspaceSession":[{"kind":"local","workspacePath":"C:\\Users\\USER\\Desktop\\Personal\\ZCode\\.tmp\\z1-native-1790566616075-78b2c5\\workspace","workspacePurpose":"project"},{"kind":"local","workspacePath":"C:\\Users\\USER\\Desktop\\Personal\\ZCode\\.tmp\\z1-native-1790566616075-78b2c5\\data\\.zcode\\workspace\\default","workspacePurpose":"conversation"}],"lastActiveTabIndex":0,"receivePreviewUpdates":false,"autoDownloadAndInstallUpdates":false,"skippedElectronUpdateVersions":{},"settingsSyncFirstRunPromptHandled":true}
[Z1 child] [2026-09-28 11:37:00.782] [pid:37660] [settingService] write done
[2026-09-28 11:37:00.782] [pid:21380] [main] [host-log] (local-1) [host] [2026-09-28 11:37:00.782] [pid:37660] [settingService] write done
[Z1 child] [2026-09-28 11:37:00.783] [pid:37660] [zcode-host] [rpc:call] settings-sync.markFirstRunPromptHandled OK (5.2ms)
[2026-09-28 11:37:00.784] [pid:21380] [main] [host-log] (local-1) [host] [2026-09-28 11:37:00.783] [pid:37660] [zcode-host] [rpc:call] settings-sync.markFirstRunPromptHandled OK (5.2ms)
[2026-09-28 11:37:00.867] [pid:21380] [renderer] v4 workspace connection lease released {
  event: 'v4.workspace_connection.release',
  keepWarmMs: 30000,
  key: '__base__ C:\\Users\\USER\\Desktop\\Personal\\ZCode\\.tmp\\z1-native-1790566616075-78b2c5\\workspace',
  module: 'ui.v4.workspace_connection_registry',
  refCount: 0,
  status: 'keep_warm'
}
[2026-09-28 11:37:00.873] [pid:21380] [main] [host-log] (local-1) [host] [2026-09-28 11:37:00.873] [pid:37660] [zcode-host] [rpc:call] git.refresh OK (158.7ms)
[Z1 child] [2026-09-28 11:37:00.873] [pid:37660] [zcode-host] [rpc:call] git.refresh OK (158.7ms)
[Z1 child] [2026-09-28 11:37:00.885] [pid:37660] [zcode-host] [rpc:call] system.info OK (0.0ms)
[2026-09-28 11:37:00.886] [pid:21380] [main] [host-log] (local-1) [host] [2026-09-28 11:37:00.885] [pid:37660] [zcode-host] [rpc:call] system.info OK (0.0ms)
[2026-09-28 11:37:00.886] [pid:21380] [main] [host-log] (local-1) [host] [2026-09-28 11:37:00.886] [pid:37660] [zcode-host] [rpc:call] file-watcher.watch OK (0.8ms)
[2026-09-28 11:37:00.887] [pid:21380] [main] [host-log] (local-1) [host] [2026-09-28 11:37:00.887] [pid:37660] [zcode-host] [rpc:call] file-watcher.watch OK (0.8ms)
[Z1 child] [2026-09-28 11:37:00.886] [pid:37660] [zcode-host] [rpc:call] file-watcher.watch OK (0.8ms)
[2026-09-28 11:37:00.887] [pid:37660] [zcode-host] [rpc:call] file-watcher.watch OK (0.8ms)
[2026-09-28 11:37:00.887] [pid:37660] [zcode-host] [rpc:listen] file-watcher.onDynamicChange subscribed
[2026-09-28 11:37:00.888] [pid:37660] [zcode-host] [rpc:call] file-watcher.unwatch OK (0.1ms)
[2026-09-28 11:37:00.888] [pid:21380] [main] [host-log] (local-1) [host] [2026-09-28 11:37:00.887] [pid:37660] [zcode-host] [rpc:listen] file-watcher.onDynamicChange subscribed
[2026-09-28 11:37:00.889] [pid:21380] [main] [host-log] (local-1) [host] [2026-09-28 11:37:00.888] [pid:37660] [zcode-host] [rpc:call] file-watcher.unwatch OK (0.1ms)
[2026-09-28 11:37:00.890] [pid:21380] [main] [host-log] (local-1) [host] [2026-09-28 11:37:00.889] [pid:37660] [zcode-host] [rpc:call] file-watcher.watch OK (1.1ms)
[2026-09-28 11:37:00.890] [pid:21380] [main] [host-log] (local-1) [host] [2026-09-28 11:37:00.890] [pid:37660] [zcode-host] [rpc:call] file-watcher.watch OK (0.7ms)
[Z1 child] [2026-09-28 11:37:00.889] [pid:37660] [zcode-host] [rpc:call] file-watcher.watch OK (1.1ms)
[2026-09-28 11:37:00.890] [pid:37660] [zcode-host] [rpc:call] file-watcher.watch OK (0.7ms)
[2026-09-28 11:37:00.891] [pid:37660] [zcode-host] [rpc:call] file-watcher.watch OK (0.9ms)
[2026-09-28 11:37:00.891] [pid:37660] [zcode-host] [rpc:call] file-watcher.unwatch OK (0.0ms)
[2026-09-28 11:37:00.891] [pid:21380] [main] [host-log] (local-1) [host] [2026-09-28 11:37:00.891] [pid:37660] [zcode-host] [rpc:call] file-watcher.watch OK (0.9ms)
[2026-09-28 11:37:00.892] [pid:21380] [main] [host-log] (local-1) [host] [2026-09-28 11:37:00.891] [pid:37660] [zcode-host] [rpc:call] file-watcher.unwatch OK (0.0ms)
[2026-09-28 11:37:00.893] [pid:21380] [main] [host-log] (local-1) [host] [2026-09-28 11:37:00.892] [pid:37660] [zcode-host] [rpc:listen] file-watcher.onDynamicChange subscribed
[2026-09-28 11:37:00.894] [pid:21380] [main] [host-log] (local-1) [host] [2026-09-28 11:37:00.892] [pid:37660] [zcode-host] [rpc:listen] file-watcher.onDynamicChange subscribed
[2026-09-28 11:37:00.895] [pid:21380] [main] [host-log] (local-1) [host] [2026-09-28 11:37:00.892] [pid:37660] [zcode-host] [rpc:listen] file-watcher.onDynamicChange subscribed
[Z1 child] [2026-09-28 11:37:00.892] [pid:37660] [zcode-host] [rpc:listen] file-watcher.onDynamicChange subscribed
[2026-09-28 11:37:00.892] [pid:37660] [zcode-host] [rpc:listen] file-watcher.onDynamicChange subscribed
[2026-09-28 11:37:00.892] [pid:37660] [zcode-host] [rpc:listen] file-watcher.onDynamicChange subscribed
[Z1 child] [2026-09-28 11:37:01.108] [pid:37660] [zcode-host] [rpc:call] zcode-agent.subscribeSessionsIndexV4 OK (332.1ms)
[2026-09-28 11:37:01.108] [pid:21380] [main] [host-log] (local-1) [host] [2026-09-28 11:37:01.108] [pid:37660] [zcode-host] [rpc:call] zcode-agent.subscribeSessionsIndexV4 OK (332.1ms)
[2026-09-28 11:37:01.109] [pid:21380] [main] [host-log] (local-1) [host] [2026-09-28 11:37:01.109] [pid:37660] [zcode-host] [rpc:call] window-controller.listTaskList OK (405.4ms)
[2026-09-28 11:37:01.110] [pid:21380] [main] [host-log] (local-1) [host] [2026-09-28 11:37:01.109] [pid:37660] [zcode-host] [rpc:call] window-controller.listTaskList OK (360.7ms)
[2026-09-28 11:37:01.110] [pid:21380] [main] [host-log] (local-1) [host] [2026-09-28 11:37:01.109] [pid:37660] [zcode-agent-service] 为只读会话控制面启动 ZCode agent {"workspaceKey":"C:\\Users\\USER\\Desktop\\Personal\\ZCode\\.tmp\\z1-native-1790566616075-78b2c5\\workspace","workspacePath":"C:\\Users\\USER\\Desktop\\Personal\\ZCode\\.tmp\\z1-native-1790566616075-78b2c5\\workspace"}
[2026-09-28 11:37:01.112] [pid:21380] [main] [stability] perf_agent_ready reported {
  pid: 28700,
  runtimeGeneration: 1,
  runtimeInstanceId: 'agent-6a32ae98-0767-484b-9a3a-0cabdce270b4',
  startupDurationMs: 675
}
[2026-09-28 11:37:01.112] [pid:21380] [main] [host-log] (local-1) [host] [2026-09-28 11:37:01.109] [pid:37660] [zcode-agent-service] provider/model 就绪，允许 ZCode agent 模型执行 {"modelId":"z1-fixture","providerId":"z1-local-fixture","revision":"model-selection:1","workspaceKey":"C:\\Users\\USER\\Desktop\\Personal\\ZCode\\.tmp\\z1-native-1790566616075-78b2c5\\workspace","workspacePath":"C:\\Users\\USER\\Desktop\\Personal\\ZCode\\.tmp\\z1-native-1790566616075-78b2c5\\workspace"}
[2026-09-28 11:37:01.113] [pid:21380] [main] [host-log] (local-1) [host] [2026-09-28 11:37:01.109] [pid:37660] [zcode-agent-service] provider/model 就绪，允许 ZCode agent 模型执行 {"modelId":"z1-fixture","providerId":"z1-local-fixture","revision":"model-selection:1","workspaceKey":"C:\\Users\\USER\\Desktop\\Personal\\ZCode\\.tmp\\z1-native-1790566616075-78b2c5\\workspace","workspacePath":"C:\\Users\\USER\\Desktop\\Personal\\ZCode\\.tmp\\z1-native-1790566616075-78b2c5\\workspace"}
[Z1 child] [2026-09-28 11:37:01.109] [pid:37660] [zcode-host] [rpc:call] window-controller.listTaskList OK (405.4ms)
[2026-09-28 11:37:01.109] [pid:37660] [zcode-host] [rpc:call] window-controller.listTaskList OK (360.7ms)
[2026-09-28 11:37:01.109] [pid:37660] [zcode-agent-service] 为只读会话控制面启动 ZCode agent {
  workspaceKey: 'C:\\Users\\USER\\Desktop\\Personal\\ZCode\\.tmp\\z1-native-1790566616075-78b2c5\\workspace',
  workspacePath: 'C:\\Users\\USER\\Desktop\\Personal\\ZCode\\.tmp\\z1-native-1790566616075-78b2c5\\workspace'
}
[2026-09-28 11:37:01.109] [pid:37660] [zcode-agent-service] provider/model 就绪，允许 ZCode agent 模型执行 {
  modelId: 'z1-fixture',
  providerId: 'z1-local-fixture',
  revision: 'model-selection:1',
  workspaceKey: 'C:\\Users\\USER\\Desktop\\Personal\\ZCode\\.tmp\\z1-native-1790566616075-78b2c5\\workspace',
  workspacePath: 'C:\\Users\\USER\\Desktop\\Personal\\ZCode\\.tmp\\z1-native-1790566616075-78b2c5\\workspace'
}
[2026-09-28 11:37:01.109] [pid:37660] [zcode-agent-service] provider/model 就绪，允许 ZCode agent 模型执行 {
  modelId: 'z1-fixture',
  providerId: 'z1-local-fixture',
  revision: 'model-selection:1',
  workspaceKey: 'C:\\Users\\USER\\Desktop\\Personal\\ZCode\\.tmp\\z1-native-1790566616075-78b2c5\\workspace',
  workspacePath: 'C:\\Users\\USER\\Desktop\\Personal\\ZCode\\.tmp\\z1-native-1790566616075-78b2c5\\workspace'
}
[2026-09-28 11:37:01.109] [pid:37660] [zcode-agent-service] provider/model 就绪，允许 ZCode agent 模型执行 {
  modelId: 'z1-fixture',
  providerId: 'z1-local-fixture',
  revision: 'model-selection:1',
  workspaceKey: 'C:\\Users\\USER\\Desktop\\Personal\\ZCode\\.tmp\\z1-native-1790566616075-78b2c5\\workspace',
  workspacePath: 'C:\\Users\\USER\\Desktop\\Personal\\ZCode\\.tmp\\z1-native-1790566616075-78b2c5\\workspace'
}
[2026-09-28 11:37:01.110] [pid:37660] [zcode-agent-service] ZCode agent 初始化完成 {
  durationMs: 888,
  transportKind: 'stdio',
  workspaceKey: 'C:\\Users\\USER\\Desktop\\Personal\\ZCode\\.tmp\\z1-native-1790566616075-78b2c5\\workspace',
  workspacePath: 'C:\\Users\\USER\\Desktop\\Personal\\ZCode\\.tmp\\z1-native-1790566616075-78b2c5\\workspace'
}
[2026-09-28 11:37:01.110] [pid:37660] [zcode-host] ZCode agent warmup ready (local host init (1/1)) workspace=C:\Users\USER\Desktop\Personal\ZCode\.tmp\z1-native-1790566616075-78b2c5\workspace transport=stdio
[2026-09-28 11:37:01.114] [pid:21380] [main] [host-log] (local-1) [host] [2026-09-28 11:37:01.109] [pid:37660] [zcode-agent-service] provider/model 就绪，允许 ZCode agent 模型执行 {"modelId":"z1-fixture","providerId":"z1-local-fixture","revision":"model-selection:1","workspaceKey":"C:\\Users\\USER\\Desktop\\Personal\\ZCode\\.tmp\\z1-native-1790566616075-78b2c5\\workspace","workspacePath":"C:\\Users\\USER\\Desktop\\Personal\\ZCode\\.tmp\\z1-native-1790566616075-78b2c5\\workspace"}
[2026-09-28 11:37:01.115] [pid:21380] [main] [host-log] (local-1) [host] [2026-09-28 11:37:01.110] [pid:37660] [zcode-agent-service] ZCode agent 初始化完成 {"durationMs":888,"transportKind":"stdio","workspaceKey":"C:\\Users\\USER\\Desktop\\Personal\\ZCode\\.tmp\\z1-native-1790566616075-78b2c5\\workspace","workspacePath":"C:\\Users\\USER\\Desktop\\Personal\\ZCode\\.tmp\\z1-native-1790566616075-78b2c5\\workspace"}
[2026-09-28 11:37:01.115] [pid:21380] [main] [host-log] (local-1) [host] [2026-09-28 11:37:01.110] [pid:37660] [zcode-host] ZCode agent warmup ready (local host init (1/1)) workspace=C:\Users\USER\Desktop\Personal\ZCode\.tmp\z1-native-1790566616075-78b2c5\workspace transport=stdio
[Z1 child] [2026-09-28 11:37:01.132] [pid:37660] [zcode-agent-service] account provider config 已交付到 ZCode agent {
  providerCount: 8,
  reason: 'startup_ready:model_selection_changed',
  receivedRevision: 'account:["zcode-builtin:30:db97630a1afa354f74ab6329366de727fba1b29431af9a403d5aed609ff06f6f",[{"providerId":"account:zai-individual-coding-plan","config":{"access":{"type":"zhipu-account","entitled":false}}},{"providerId":"account:zai-team-coding-plan","config":{"access":{"type":"zhipu-account","entitled":false}}},{"providerId":"account:zai-start-plan","config":{"access":{"type":"zhipu-account","entitled":false}}},{"providerId":"account:bigmodel-individual-coding-plan","config":{"access":{"type":"zhipu-account","entitled":false}}},{"providerId":"account:bigmodel-team-coding-plan","config":{"access":{"type":"zhipu-account","entitled":false}}},{"providerId":"account:bigmodel-start-plan","config":{"access":{"type":"zhipu-account","entitled":false}}},{"providerId":"account:zai-offpeak-idle-plan","config":{"access":{"type":"zhipu-account","entitled":false}}},{"providerId":"account:bigmodel-offpeak-idle-plan","config":{"access":{"type":"zhipu-account","entitled":false}}}],{"account:zai-individual-coding-plan":{"availability":"unavailable","entitled":false,"unavailableReason":"not-connected","current":false,"connectionKey":"41717a7a173a5e88981ed3b30d6c754715277dce3b302a8e7b1386cdf57b9b4c"},"account:zai-team-coding-plan":{"availability":"unavailable","entitled":false,"unavailableReason":"not-connected","current":false,"connectionKey":"41717a7a173a5e88981ed3b30d6c754715277dce3b302a8e7b1386cdf57b9b4c"},"account:zai-start-plan":{"availability":"unavailable","entitled":false,"unavailableReason":"not-connected","current":false,"connectionKey":"b20a8f39ea1865b9bdbc4f21e0774500034895a93cdf0c737917b6532ebedcea"},"account:bigmodel-individual-coding-plan":{"availability":"unavailable","entitled":false,"unavailableReason":"not-connected","current":false,"connectionKey":"145736c8450a04bf4ba21aee47794f53d87ea79c5dc4cc5b9f27fbf5b6038d53"},"account:bigmodel-team-coding-plan":{"availability":"unavailable","entitled":false,"unavailableReason":"not-connected","current":false,"connectionKey":"145736c8450a04bf4ba21aee47794f53d87ea79c5dc4cc5b9f27fbf5b6038d53"},"account:bigmodel-start-plan":{"availability":"unavailable","entitled":false,"unavailableReason":"not-connected","current":false,"connectionKey":"116fde2fcda0bb10f88164a63caadb0a0ec8611edcf75b35a9924684f9ba84bd"},"account:zai-offpeak-idle-plan":{"availability":"unavailable","entitled":false},"account:bigmodel-offpeak-idle-plan":{"availability":"unavailable","entitled":false}}]',
  status: 'received'
}
[2026-09-28 11:37:01.132] [pid:21380] [main] [host-log] (local-1) [host] [2026-09-28 11:37:01.132] [pid:37660] [zcode-agent-service] account provider config 已交付到 ZCode agent {"providerCount":8,"reason":"startup_ready:model_selection_changed","receivedRevision":"account:[\"zcode-builtin:30:db97630a1afa354f74ab6329366de727fba1b29431af9a403d5aed609ff06f6f\",[{\"providerId\":\"account:zai-individual-coding-plan\",\"config\":{\"access\":{\"type\":\"zhipu-account\",\"entitled\":false}}},{\"providerId\":\"account:zai-team-coding-plan\",\"config\":{\"access\":{\"type\":\"zhipu-account\",\"entitled\":false}}},{\"providerId\":\"account:zai-start-plan\",\"config\":{\"access\":{\"type\":\"zhipu-account\",\"entitled\":false}}},{\"providerId\":\"account:bigmodel-individual-coding-plan\",\"config\":{\"access\":{\"type\":\"zhipu-account\",\"entitled\":false}}},{\"providerId\":\"account:bigmodel-team-coding-plan\",\"config\":{\"access\":{\"type\":\"zhipu-account\",\"entitled\":false}}},{\"providerId\":\"account:bigmodel-start-plan\",\"config\":{\"access\":{\"type\":\"zhipu-account\",\"entitled\":false}}},{\"providerId\":\"account:zai-offpeak-idle-plan\",\"config\":{\"access\":{\"type\":\"zhipu-account\",\"entitled\":false}}},{\"providerId\":\"account:bigmodel-offpeak-idle-plan\",\"config\":{\"access\":{\"type\":\"zhipu-account\",\"entitled\":false}}}],{\"account:zai-individual-coding-plan\":{\"availability\":\"unavailable\",\"entitled\":false,\"unavailableReason\":\"not-connected\",\"current\":false,\"connectionKey\":\"41717a7a173a5e88981ed3b30d6c754715277dce3b302a8e7b1386cdf57b9b4c\"},\"account:zai-team-coding-plan\":{\"availability\":\"unavailable\",\"entitled\":false,\"unavailableReason\":\"not-connected\",\"current\":false,\"connectionKey\":\"41717a7a173a5e88981ed3b30d6c754715277dce3b302a8e7b1386cdf57b9b4c\"},\"account:zai-start-plan\":{\"availability\":\"unavailable\",\"entitled\":false,\"unavailableReason\":\"not-connected\",\"current\":false,\"connectionKey\":\"b20a8f39ea1865b9bdbc4f21e0774500034895a93cdf0c737917b6532ebedcea\"},\"account:bigmodel-individual-coding-plan\":{\"availability\":\"unavailable\",\"entitled\":false,\"unavailableReason\":\"not-connected\",\"current\":false,\"connectionKey\":\"145736c8450a04bf4ba21aee47794f53d87ea79c5dc4cc5b9f27fbf5b6038d53\"},\"account:bigmodel-team-coding-plan\":{\"availability\":\"unavailable\",\"entitled\":false,\"unavailableReason\":\"not-connected\",\"current\":false,\"connectionKey\":\"145736c8450a04bf4ba21aee47794f53d87ea79c5dc4cc5b9f27fbf5b6038d53\"},\"account:bigmodel-start-plan\":{\"availability\":\"unavailable\",\"entitled\":false,\"unavailableReason\":\"not-connected\",\"current\":false,\"connectionKey\":\"116fde2fcda0bb10f88164a63caadb0a0ec8611edcf75b35a9924684f9ba84bd\"},\"account:zai-offpeak-idle-plan\":{\"availability\":\"unavailable\",\"entitled\":false},\"account:bigmodel-offpeak-idle-plan\":{\"availability\":\"unavailable\",\"entitled\":false}}]","status":"received"}
[2026-09-28 11:37:01.133] [pid:21380] [main] [host-log] (local-1) [host] [2026-09-28 11:37:01.132] [pid:37660] [zcode-agent-service] provider/model 就绪后已启动等待中的 ZCode agent {"providerCount":1,"reason":"model_selection_changed","revision":"model-selection:1","workspaceKey":"C:\\Users\\USER\\Desktop\\Personal\\ZCode\\.tmp\\z1-native-1790566616075-78b2c5\\workspace","workspacePath":"C:\\Users\\USER\\Desktop\\Personal\\ZCode\\.tmp\\z1-native-1790566616075-78b2c5\\workspace"}
[Z1 child] [2026-09-28 11:37:01.132] [pid:37660] [zcode-agent-service] provider/model 就绪后已启动等待中的 ZCode agent {
  providerCount: 1,
  reason: 'model_selection_changed',
  revision: 'model-selection:1',
  workspaceKey: 'C:\\Users\\USER\\Desktop\\Personal\\ZCode\\.tmp\\z1-native-1790566616075-78b2c5\\workspace',
  workspacePath: 'C:\\Users\\USER\\Desktop\\Personal\\ZCode\\.tmp\\z1-native-1790566616075-78b2c5\\workspace'
}
[Z1 child] [2026-09-28 11:37:01.185] [pid:37660] [zcode-host] [rpc:listen] graphEngineering.onDidChange subscribed
[2026-09-28 11:37:01.185] [pid:21380] [main] [host-log] (local-1) [host] [2026-09-28 11:37:01.185] [pid:37660] [zcode-host] [rpc:listen] graphEngineering.onDidChange subscribed
[Z1 child] [2026-09-28 11:37:01.188] [pid:37660] [settingService] reading settings from: C:\Users\USER\Desktop\Personal\ZCode\.tmp\z1-native-1790566616075-78b2c5\home\.zcode\v2\setting.json
[Z1 child] [2026-09-28 11:37:01.189] [pid:37660] [settingService] read result: {"recentProjects":[],"locale":"zh-CN","localePreference":"en-US","terminalInheritSystemProfile":true,"embeddedBrowserAllowInsecureCertificates":false,"embeddedBrowserViewportPreference":{"mode":"normal","viewport":{"width":393,"height":852},"zoom":"fit"},"computerUseComposerEntryHidden":true,"taskAutoArchiveEnabled":false,"taskAutoArchiveOlderThanDays":7,"closeToTrayOnWindows":false,"closeToTrayOnWindowsMigrationInitialized":true,"keepAwakeWhileRunning":false,"desktopChromiumHardwareAccelerationEnabled":true,"messageStreamShowReasoning":true,"messageStreamShowReasoningMigrationInitialized":true,"messageStreamShowTodos":false,"toolGroupingExploreEnabled":true,"toolGroupingTerminalEnabled":true,"toolGroupingChangesEnabled":false,"zcodeInteractionBehavior":"queue","askUserQuestionAutoResolutionEnabled":false,"modelIoFullRetentionEnabled":false,"startPlanRecommendationDismissed":false,"providerFamilyConnectionSelections":{},"providerFamilyDomain":"zai","providerFamilyDomainMigrated":true,"nativeSearchEnhancementsEnabled":true,"memoryEnabled":false,"lastWorkspaceSession":[{"kind":"local","workspacePath":"C:\\Users\\USER\\Desktop\\Personal\\ZCode\\.tmp\\z1-native-1790566616075-78b2c5\\workspace","workspacePurpose":"project"},{"kind":"local","workspacePath":"C:\\Users\\USER\\Desktop\\Personal\\ZCode\\.tmp\\z1-native-1790566616075-78b2c5\\data\\.zcode\\workspace\\default","workspacePurpose":"conversation"}],"lastActiveTabIndex":0,"receivePreviewUpdates":false,"autoDownloadAndInstallUpdates":false,"skippedElectronUpdateVersions":{},"settingsSyncFirstRunPromptHandled":true}
[Z1 child] [2026-09-28 11:37:01.189] [pid:37660] [zcode-host] [rpc:call] graphEngineering.getWorkspace OK (4.2ms)
[2026-09-28 11:37:01.190] [pid:21380] [main] [host-log] (local-1) [host] [2026-09-28 11:37:01.189] [pid:37660] [zcode-host] [rpc:call] graphEngineering.getWorkspace OK (4.2ms)
[Z1 child] [2026-09-28 11:37:01.199] [pid:37660] [zcode-agent-service] ZCode Protocol workspace/readPresentation 完成 {
  durationMs: 428,
  slashCommandCount: 4,
  workspaceKey: 'C:\\Users\\USER\\Desktop\\Personal\\ZCode\\.tmp\\z1-native-1790566616075-78b2c5\\workspace',
  workspacePath: 'C:\\Users\\USER\\Desktop\\Personal\\ZCode\\.tmp\\z1-native-1790566616075-78b2c5\\workspace'
}
[2026-09-28 11:37:01.200] [pid:37660] [zcode-host] [rpc:call] zcode-session.readWorkspacePresentation OK (428.3ms)
[2026-09-28 11:37:01.199] [pid:21380] [main] [host-log] (local-1) [host] [2026-09-28 11:37:01.199] [pid:37660] [zcode-agent-service] ZCode Protocol workspace/readPresentation 完成 {"durationMs":428,"slashCommandCount":4,"workspaceKey":"C:\\Users\\USER\\Desktop\\Personal\\ZCode\\.tmp\\z1-native-1790566616075-78b2c5\\workspace","workspacePath":"C:\\Users\\USER\\Desktop\\Personal\\ZCode\\.tmp\\z1-native-1790566616075-78b2c5\\workspace"}
[2026-09-28 11:37:01.200] [pid:21380] [main] [host-log] (local-1) [host] [2026-09-28 11:37:01.200] [pid:37660] [zcode-host] [rpc:call] zcode-session.readWorkspacePresentation OK (428.3ms)
[Z1 child] [2026-09-28 11:37:01.201] [pid:37660] [settingService] reading settings from: C:\Users\USER\Desktop\Personal\ZCode\.tmp\z1-native-1790566616075-78b2c5\home\.zcode\v2\setting.json
[Z1 child] [2026-09-28 11:37:01.202] [pid:37660] [settingService] read result: {"recentProjects":[],"locale":"zh-CN","localePreference":"en-US","terminalInheritSystemProfile":true,"embeddedBrowserAllowInsecureCertificates":false,"embeddedBrowserViewportPreference":{"mode":"normal","viewport":{"width":393,"height":852},"zoom":"fit"},"computerUseComposerEntryHidden":true,"taskAutoArchiveEnabled":false,"taskAutoArchiveOlderThanDays":7,"closeToTrayOnWindows":false,"closeToTrayOnWindowsMigrationInitialized":true,"keepAwakeWhileRunning":false,"desktopChromiumHardwareAccelerationEnabled":true,"messageStreamShowReasoning":true,"messageStreamShowReasoningMigrationInitialized":true,"messageStreamShowTodos":false,"toolGroupingExploreEnabled":true,"toolGroupingTerminalEnabled":true,"toolGroupingChangesEnabled":false,"zcodeInteractionBehavior":"queue","askUserQuestionAutoResolutionEnabled":false,"modelIoFullRetentionEnabled":false,"startPlanRecommendationDismissed":false,"providerFamilyConnectionSelections":{},"providerFamilyDomain":"zai","providerFamilyDomainMigrated":true,"nativeSearchEnhancementsEnabled":true,"memoryEnabled":false,"lastWorkspaceSession":[{"kind":"local","workspacePath":"C:\\Users\\USER\\Desktop\\Personal\\ZCode\\.tmp\\z1-native-1790566616075-78b2c5\\workspace","workspacePurpose":"project"},{"kind":"local","workspacePath":"C:\\Users\\USER\\Desktop\\Personal\\ZCode\\.tmp\\z1-native-1790566616075-78b2c5\\data\\.zcode\\workspace\\default","workspacePurpose":"conversation"}],"lastActiveTabIndex":0,"receivePreviewUpdates":false,"autoDownloadAndInstallUpdates":false,"skippedElectronUpdateVersions":{},"settingsSyncFirstRunPromptHandled":true}
[2026-09-28 11:37:01.202] [pid:37660] [zcode-host] [rpc:call] setting.get OK (0.7ms)
[2026-09-28 11:37:01.202] [pid:21380] [main] [host-log] (local-1) [host] [2026-09-28 11:37:01.202] [pid:37660] [zcode-host] [rpc:call] setting.get OK (0.7ms)
[Z1 child] [2026-09-28 11:37:01.204] [pid:37660] [settingService] reading settings from: C:\Users\USER\Desktop\Personal\ZCode\.tmp\z1-native-1790566616075-78b2c5\home\.zcode\v2\setting.json
[Z1 child] [2026-09-28 11:37:01.204] [pid:37660] [settingService] read result: {"recentProjects":[],"locale":"zh-CN","localePreference":"en-US","terminalInheritSystemProfile":true,"embeddedBrowserAllowInsecureCertificates":false,"embeddedBrowserViewportPreference":{"mode":"normal","viewport":{"width":393,"height":852},"zoom":"fit"},"computerUseComposerEntryHidden":true,"taskAutoArchiveEnabled":false,"taskAutoArchiveOlderThanDays":7,"closeToTrayOnWindows":false,"closeToTrayOnWindowsMigrationInitialized":true,"keepAwakeWhileRunning":false,"desktopChromiumHardwareAccelerationEnabled":true,"messageStreamShowReasoning":true,"messageStreamShowReasoningMigrationInitialized":true,"messageStreamShowTodos":false,"toolGroupingExploreEnabled":true,"toolGroupingTerminalEnabled":true,"toolGroupingChangesEnabled":false,"zcodeInteractionBehavior":"queue","askUserQuestionAutoResolutionEnabled":false,"modelIoFullRetentionEnabled":false,"startPlanRecommendationDismissed":false,"providerFamilyConnectionSelections":{},"providerFamilyDomain":"zai","providerFamilyDomainMigrated":true,"nativeSearchEnhancementsEnabled":true,"memoryEnabled":false,"lastWorkspaceSession":[{"kind":"local","workspacePath":"C:\\Users\\USER\\Desktop\\Personal\\ZCode\\.tmp\\z1-native-1790566616075-78b2c5\\workspace","workspacePurpose":"project"},{"kind":"local","workspacePath":"C:\\Users\\USER\\Desktop\\Personal\\ZCode\\.tmp\\z1-native-1790566616075-78b2c5\\data\\.zcode\\workspace\\default","workspacePurpose":"conversation"}],"lastActiveTabIndex":0,"receivePreviewUpdates":false,"autoDownloadAndInstallUpdates":false,"skippedElectronUpdateVersions":{},"settingsSyncFirstRunPromptHandled":true}
[Z1 child] [2026-09-28 11:37:01.209] [pid:37660] [zcode-host] [rpc:listen] model-selection.onDidChange subscribed
[2026-09-28 11:37:01.209] [pid:21380] [main] [host-log] (local-1) [host] [2026-09-28 11:37:01.209] [pid:37660] [zcode-host] [rpc:listen] model-selection.onDidChange subscribed
[Z1 child] [2026-09-28 11:37:01.210] [pid:37660] [zcode-host] [rpc:call] graphEngineering.validateDefinition OK (0.7ms)
[2026-09-28 11:37:01.210] [pid:21380] [main] [host-log] (local-1) [host] [2026-09-28 11:37:01.210] [pid:37660] [zcode-host] [rpc:call] graphEngineering.validateDefinition OK (0.7ms)
[2026-09-28 11:37:01.211] [pid:21380] [main] [host-log] (local-1) [host] [2026-09-28 11:37:01.211] [pid:37660] [zcode-host] [rpc:call] model-selection.getView OK (1.4ms)
[Z1 child] [2026-09-28 11:37:01.211] [pid:37660] [zcode-host] [rpc:call] model-selection.getView OK (1.4ms)
[Z1 child] [2026-09-28 11:37:01.264] [pid:37660] [zcode-host] [rpc:call] zcode-agent.sendConversationCommandV4 OK (487.2ms)
[2026-09-28 11:37:01.264] [pid:21380] [main] [host-log] (local-1) [host] [2026-09-28 11:37:01.264] [pid:37660] [zcode-host] [rpc:call] zcode-agent.sendConversationCommandV4 OK (487.2ms)
[Z1 child] [2026-09-28 11:37:01.276] [pid:37660] [zcode-host] [rpc:call] zcode-agent.sendConversationCommandV4 OK (11.6ms)
[2026-09-28 11:37:01.276] [pid:21380] [main] [host-log] (local-1) [host] [2026-09-28 11:37:01.276] [pid:37660] [zcode-host] [rpc:call] zcode-agent.sendConversationCommandV4 OK (11.6ms)
[Z1 child] [2026-09-28 11:37:01.328] [pid:37660] [zcode-host] [rpc:call] graphWorkflow.list OK (1.5ms)
[2026-09-28 11:37:01.328] [pid:21380] [main] [host-log] (local-1) [host] [2026-09-28 11:37:01.328] [pid:37660] [zcode-host] [rpc:call] graphWorkflow.list OK (1.5ms)
[Z1 child] [2026-09-28 11:37:01.335] [pid:37660] [zcode-host] [rpc:call] graphEngineering.recipes OK (8.0ms)
[2026-09-28 11:37:01.335] [pid:21380] [main] [host-log] (local-1) [host] [2026-09-28 11:37:01.335] [pid:37660] [zcode-host] [rpc:call] graphEngineering.recipes OK (8.0ms)
[2026-09-28 11:37:01.366] [pid:21380] [main] [stability] perf_app_start reported
[Z1 child] [2026-09-28 11:37:01.457] [pid:37660] [zcode-host] [rpc:call] graphEngineering.recipes OK (3.5ms)
[2026-09-28 11:37:01.457] [pid:21380] [main] [host-log] (local-1) [host] [2026-09-28 11:37:01.457] [pid:37660] [zcode-host] [rpc:call] graphEngineering.recipes OK (3.5ms)
[Z1 child] [2026-09-28 11:37:01.622] [pid:37660] [zcode-host] [rpc:call] graphWorkflow.instantiate OK (17.0ms)
[2026-09-28 11:37:01.622] [pid:21380] [main] [host-log] (local-1) [host] [2026-09-28 11:37:01.622] [pid:37660] [zcode-host] [rpc:call] graphWorkflow.instantiate OK (17.0ms)
[Z1 child] [2026-09-28 11:37:01.622] [pid:37660] [settingService] reading settings from: C:\Users\USER\Desktop\Personal\ZCode\.tmp\z1-native-1790566616075-78b2c5\home\.zcode\v2\setting.json
[2026-09-28 11:37:01.623] [pid:37660] [settingService] read result: {"recentProjects":[],"locale":"zh-CN","localePreference":"en-US","terminalInheritSystemProfile":true,"embeddedBrowserAllowInsecureCertificates":false,"embeddedBrowserViewportPreference":{"mode":"normal","viewport":{"width":393,"height":852},"zoom":"fit"},"computerUseComposerEntryHidden":true,"taskAutoArchiveEnabled":false,"taskAutoArchiveOlderThanDays":7,"closeToTrayOnWindows":false,"closeToTrayOnWindowsMigrationInitialized":true,"keepAwakeWhileRunning":false,"desktopChromiumHardwareAccelerationEnabled":true,"messageStreamShowReasoning":true,"messageStreamShowReasoningMigrationInitialized":true,"messageStreamShowTodos":false,"toolGroupingExploreEnabled":true,"toolGroupingTerminalEnabled":true,"toolGroupingChangesEnabled":false,"zcodeInteractionBehavior":"queue","askUserQuestionAutoResolutionEnabled":false,"modelIoFullRetentionEnabled":false,"startPlanRecommendationDismissed":false,"providerFamilyConnectionSelections":{},"providerFamilyDomain":"zai","providerFamilyDomainMigrated":true,"nativeSearchEnhancementsEnabled":true,"memoryEnabled":false,"lastWorkspaceSession":[{"kind":"local","workspacePath":"C:\\Users\\USER\\Desktop\\Personal\\ZCode\\.tmp\\z1-native-1790566616075-78b2c5\\workspace","workspacePurpose":"project"},{"kind":"local","workspacePath":"C:\\Users\\USER\\Desktop\\Personal\\ZCode\\.tmp\\z1-native-1790566616075-78b2c5\\data\\.zcode\\workspace\\default","workspacePurpose":"conversation"}],"lastActiveTabIndex":0,"receivePreviewUpdates":false,"autoDownloadAndInstallUpdates":false,"skippedElectronUpdateVersions":{},"settingsSyncFirstRunPromptHandled":true}
[Z1 child] [2026-09-28 11:37:01.623] [pid:37660] [zcode-host] [rpc:call] graphEngineering.getWorkspace OK (1.3ms)
[2026-09-28 11:37:01.623] [pid:21380] [main] [host-log] (local-1) [host] [2026-09-28 11:37:01.623] [pid:37660] [zcode-host] [rpc:call] graphEngineering.getWorkspace OK (1.3ms)
[Z1 child] [2026-09-28 11:37:01.623] [pid:37660] [settingService] reading settings from: C:\Users\USER\Desktop\Personal\ZCode\.tmp\z1-native-1790566616075-78b2c5\home\.zcode\v2\setting.json
[2026-09-28 11:37:01.624] [pid:37660] [settingService] read result: {"recentProjects":[],"locale":"zh-CN","localePreference":"en-US","terminalInheritSystemProfile":true,"embeddedBrowserAllowInsecureCertificates":false,"embeddedBrowserViewportPreference":{"mode":"normal","viewport":{"width":393,"height":852},"zoom":"fit"},"computerUseComposerEntryHidden":true,"taskAutoArchiveEnabled":false,"taskAutoArchiveOlderThanDays":7,"closeToTrayOnWindows":false,"closeToTrayOnWindowsMigrationInitialized":true,"keepAwakeWhileRunning":false,"desktopChromiumHardwareAccelerationEnabled":true,"messageStreamShowReasoning":true,"messageStreamShowReasoningMigrationInitialized":true,"messageStreamShowTodos":false,"toolGroupingExploreEnabled":true,"toolGroupingTerminalEnabled":true,"toolGroupingChangesEnabled":false,"zcodeInteractionBehavior":"queue","askUserQuestionAutoResolutionEnabled":false,"modelIoFullRetentionEnabled":false,"startPlanRecommendationDismissed":false,"providerFamilyConnectionSelections":{},"providerFamilyDomain":"zai","providerFamilyDomainMigrated":true,"nativeSearchEnhancementsEnabled":true,"memoryEnabled":false,"lastWorkspaceSession":[{"kind":"local","workspacePath":"C:\\Users\\USER\\Desktop\\Personal\\ZCode\\.tmp\\z1-native-1790566616075-78b2c5\\workspace","workspacePurpose":"project"},{"kind":"local","workspacePath":"C:\\Users\\USER\\Desktop\\Personal\\ZCode\\.tmp\\z1-native-1790566616075-78b2c5\\data\\.zcode\\workspace\\default","workspacePurpose":"conversation"}],"lastActiveTabIndex":0,"receivePreviewUpdates":false,"autoDownloadAndInstallUpdates":false,"skippedElectronUpdateVersions":{},"settingsSyncFirstRunPromptHandled":true}
[Z1 child] [2026-09-28 11:37:01.625] [pid:37660] [zcode-host] [rpc:call] graphEngineering.getWorkspace OK (2.0ms)
[2026-09-28 11:37:01.624] [pid:21380] [main] [host-log] (local-1) [host] [2026-09-28 11:37:01.625] [pid:37660] [zcode-host] [rpc:call] graphEngineering.getWorkspace OK (2.0ms)
[Z1 child] [2026-09-28 11:37:01.636] [pid:37660] [settingService] reading settings from: C:\Users\USER\Desktop\Personal\ZCode\.tmp\z1-native-1790566616075-78b2c5\home\.zcode\v2\setting.json
[Z1 child] [2026-09-28 11:37:01.636] [pid:37660] [settingService] read result: {"recentProjects":[],"locale":"zh-CN","localePreference":"en-US","terminalInheritSystemProfile":true,"embeddedBrowserAllowInsecureCertificates":false,"embeddedBrowserViewportPreference":{"mode":"normal","viewport":{"width":393,"height":852},"zoom":"fit"},"computerUseComposerEntryHidden":true,"taskAutoArchiveEnabled":false,"taskAutoArchiveOlderThanDays":7,"closeToTrayOnWindows":false,"closeToTrayOnWindowsMigrationInitialized":true,"keepAwakeWhileRunning":false,"desktopChromiumHardwareAccelerationEnabled":true,"messageStreamShowReasoning":true,"messageStreamShowReasoningMigrationInitialized":true,"messageStreamShowTodos":false,"toolGroupingExploreEnabled":true,"toolGroupingTerminalEnabled":true,"toolGroupingChangesEnabled":false,"zcodeInteractionBehavior":"queue","askUserQuestionAutoResolutionEnabled":false,"modelIoFullRetentionEnabled":false,"startPlanRecommendationDismissed":false,"providerFamilyConnectionSelections":{},"providerFamilyDomain":"zai","providerFamilyDomainMigrated":true,"nativeSearchEnhancementsEnabled":true,"memoryEnabled":false,"lastWorkspaceSession":[{"kind":"local","workspacePath":"C:\\Users\\USER\\Desktop\\Personal\\ZCode\\.tmp\\z1-native-1790566616075-78b2c5\\workspace","workspacePurpose":"project"},{"kind":"local","workspacePath":"C:\\Users\\USER\\Desktop\\Personal\\ZCode\\.tmp\\z1-native-1790566616075-78b2c5\\data\\.zcode\\workspace\\default","workspacePurpose":"conversation"}],"lastActiveTabIndex":0,"receivePreviewUpdates":false,"autoDownloadAndInstallUpdates":false,"skippedElectronUpdateVersions":{},"settingsSyncFirstRunPromptHandled":true}
[2026-09-28 11:37:01.636] [pid:37660] [zcode-host] [rpc:call] setting.get OK (0.4ms)
[2026-09-28 11:37:01.636] [pid:21380] [main] [host-log] (local-1) [host] [2026-09-28 11:37:01.636] [pid:37660] [zcode-host] [rpc:call] setting.get OK (0.4ms)
[Z1 child] [2026-09-28 11:37:01.642] [pid:37660] [zcode-host] [rpc:call] graphEngineering.validateDefinition OK (0.4ms)
[2026-09-28 11:37:01.642] [pid:21380] [main] [host-log] (local-1) [host] [2026-09-28 11:37:01.642] [pid:37660] [zcode-host] [rpc:call] graphEngineering.validateDefinition OK (0.4ms)
[Z1 child] [2026-09-28 11:37:01.690] [pid:37660] [zcode-host] [rpc:call] graphEngineering.saveDefinition OK (2.5ms)
[2026-09-28 11:37:01.690] [pid:21380] [main] [host-log] (local-1) [host] [2026-09-28 11:37:01.690] [pid:37660] [zcode-host] [rpc:call] graphEngineering.saveDefinition OK (2.5ms)
[Z1 child] [2026-09-28 11:37:01.699] [pid:37660] [settingService] reading settings from: C:\Users\USER\Desktop\Personal\ZCode\.tmp\z1-native-1790566616075-78b2c5\home\.zcode\v2\setting.json
[Z1 child] [2026-09-28 11:37:01.700] [pid:37660] [settingService] read result: {"recentProjects":[],"locale":"zh-CN","localePreference":"en-US","terminalInheritSystemProfile":true,"embeddedBrowserAllowInsecureCertificates":false,"embeddedBrowserViewportPreference":{"mode":"normal","viewport":{"width":393,"height":852},"zoom":"fit"},"computerUseComposerEntryHidden":true,"taskAutoArchiveEnabled":false,"taskAutoArchiveOlderThanDays":7,"closeToTrayOnWindows":false,"closeToTrayOnWindowsMigrationInitialized":true,"keepAwakeWhileRunning":false,"desktopChromiumHardwareAccelerationEnabled":true,"messageStreamShowReasoning":true,"messageStreamShowReasoningMigrationInitialized":true,"messageStreamShowTodos":false,"toolGroupingExploreEnabled":true,"toolGroupingTerminalEnabled":true,"toolGroupingChangesEnabled":false,"zcodeInteractionBehavior":"queue","askUserQuestionAutoResolutionEnabled":false,"modelIoFullRetentionEnabled":false,"startPlanRecommendationDismissed":false,"providerFamilyConnectionSelections":{},"providerFamilyDomain":"zai","providerFamilyDomainMigrated":true,"nativeSearchEnhancementsEnabled":true,"memoryEnabled":false,"lastWorkspaceSession":[{"kind":"local","workspacePath":"C:\\Users\\USER\\Desktop\\Personal\\ZCode\\.tmp\\z1-native-1790566616075-78b2c5\\workspace","workspacePurpose":"project"},{"kind":"local","workspacePath":"C:\\Users\\USER\\Desktop\\Personal\\ZCode\\.tmp\\z1-native-1790566616075-78b2c5\\data\\.zcode\\workspace\\default","workspacePurpose":"conversation"}],"lastActiveTabIndex":0,"receivePreviewUpdates":false,"autoDownloadAndInstallUpdates":false,"skippedElectronUpdateVersions":{},"settingsSyncFirstRunPromptHandled":true}
[Z1 child] [2026-09-28 11:37:01.700] [pid:37660] [zcode-host] [rpc:call] graphEngineering.getWorkspace OK (1.4ms)
[2026-09-28 11:37:01.700] [pid:21380] [main] [host-log] (local-1) [host] [2026-09-28 11:37:01.700] [pid:37660] [zcode-host] [rpc:call] graphEngineering.getWorkspace OK (1.4ms)
[Z1 child] [2026-09-28 11:37:01.701] [pid:37660] [settingService] reading settings from: C:\Users\USER\Desktop\Personal\ZCode\.tmp\z1-native-1790566616075-78b2c5\home\.zcode\v2\setting.json
[2026-09-28 11:37:01.701] [pid:37660] [settingService] read result: {"recentProjects":[],"locale":"zh-CN","localePreference":"en-US","terminalInheritSystemProfile":true,"embeddedBrowserAllowInsecureCertificates":false,"embeddedBrowserViewportPreference":{"mode":"normal","viewport":{"width":393,"height":852},"zoom":"fit"},"computerUseComposerEntryHidden":true,"taskAutoArchiveEnabled":false,"taskAutoArchiveOlderThanDays":7,"closeToTrayOnWindows":false,"closeToTrayOnWindowsMigrationInitialized":true,"keepAwakeWhileRunning":false,"desktopChromiumHardwareAccelerationEnabled":true,"messageStreamShowReasoning":true,"messageStreamShowReasoningMigrationInitialized":true,"messageStreamShowTodos":false,"toolGroupingExploreEnabled":true,"toolGroupingTerminalEnabled":true,"toolGroupingChangesEnabled":false,"zcodeInteractionBehavior":"queue","askUserQuestionAutoResolutionEnabled":false,"modelIoFullRetentionEnabled":false,"startPlanRecommendationDismissed":false,"providerFamilyConnectionSelections":{},"providerFamilyDomain":"zai","providerFamilyDomainMigrated":true,"nativeSearchEnhancementsEnabled":true,"memoryEnabled":false,"lastWorkspaceSession":[{"kind":"local","workspacePath":"C:\\Users\\USER\\Desktop\\Personal\\ZCode\\.tmp\\z1-native-1790566616075-78b2c5\\workspace","workspacePurpose":"project"},{"kind":"local","workspacePath":"C:\\Users\\USER\\Desktop\\Personal\\ZCode\\.tmp\\z1-native-1790566616075-78b2c5\\data\\.zcode\\workspace\\default","workspacePurpose":"conversation"}],"lastActiveTabIndex":0,"receivePreviewUpdates":false,"autoDownloadAndInstallUpdates":false,"skippedElectronUpdateVersions":{},"settingsSyncFirstRunPromptHandled":true}
[Z1 child] [2026-09-28 11:37:01.707] [pid:37660] [zcode-host] [rpc:call] graphEngineering.validateDefinition OK (0.3ms)
[2026-09-28 11:37:01.707] [pid:21380] [main] [host-log] (local-1) [host] [2026-09-28 11:37:01.707] [pid:37660] [zcode-host] [rpc:call] graphEngineering.validateDefinition OK (0.3ms)
[Z1 child] [2026-09-28 11:37:01.739] [pid:37660] [zcode-host] [rpc:call] graphWorkflow.prepare OK (39.8ms)
[2026-09-28 11:37:01.739] [pid:21380] [main] [host-log] (local-1) [host] [2026-09-28 11:37:01.739] [pid:37660] [zcode-host] [rpc:call] graphWorkflow.prepare OK (39.8ms)
[Z1 child] [2026-09-28 11:37:01.740] [pid:37660] [settingService] reading settings from: C:\Users\USER\Desktop\Personal\ZCode\.tmp\z1-native-1790566616075-78b2c5\home\.zcode\v2\setting.json
[2026-09-28 11:37:01.740] [pid:37660] [settingService] read result: {"recentProjects":[],"locale":"zh-CN","localePreference":"en-US","terminalInheritSystemProfile":true,"embeddedBrowserAllowInsecureCertificates":false,"embeddedBrowserViewportPreference":{"mode":"normal","viewport":{"width":393,"height":852},"zoom":"fit"},"computerUseComposerEntryHidden":true,"taskAutoArchiveEnabled":false,"taskAutoArchiveOlderThanDays":7,"closeToTrayOnWindows":false,"closeToTrayOnWindowsMigrationInitialized":true,"keepAwakeWhileRunning":false,"desktopChromiumHardwareAccelerationEnabled":true,"messageStreamShowReasoning":true,"messageStreamShowReasoningMigrationInitialized":true,"messageStreamShowTodos":false,"toolGroupingExploreEnabled":true,"toolGroupingTerminalEnabled":true,"toolGroupingChangesEnabled":false,"zcodeInteractionBehavior":"queue","askUserQuestionAutoResolutionEnabled":false,"modelIoFullRetentionEnabled":false,"startPlanRecommendationDismissed":false,"providerFamilyConnectionSelections":{},"providerFamilyDomain":"zai","providerFamilyDomainMigrated":true,"nativeSearchEnhancementsEnabled":true,"memoryEnabled":false,"lastWorkspaceSession":[{"kind":"local","workspacePath":"C:\\Users\\USER\\Desktop\\Personal\\ZCode\\.tmp\\z1-native-1790566616075-78b2c5\\workspace","workspacePurpose":"project"},{"kind":"local","workspacePath":"C:\\Users\\USER\\Desktop\\Personal\\ZCode\\.tmp\\z1-native-1790566616075-78b2c5\\data\\.zcode\\workspace\\default","workspacePurpose":"conversation"}],"lastActiveTabIndex":0,"receivePreviewUpdates":false,"autoDownloadAndInstallUpdates":false,"skippedElectronUpdateVersions":{},"settingsSyncFirstRunPromptHandled":true}
[Z1 child] [2026-09-28 11:37:01.741] [pid:37660] [zcode-host] [rpc:call] graphEngineering.getWorkspace OK (1.1ms)
[2026-09-28 11:37:01.741] [pid:21380] [main] [host-log] (local-1) [host] [2026-09-28 11:37:01.741] [pid:37660] [zcode-host] [rpc:call] graphEngineering.getWorkspace OK (1.1ms)
[Z1 child] [2026-09-28 11:37:02.024] [pid:37660] [settingService] reading settings from: C:\Users\USER\Desktop\Personal\ZCode\.tmp\z1-native-1790566616075-78b2c5\home\.zcode\v2\setting.json
[Z1 child] [2026-09-28 11:37:02.025] [pid:37660] [settingService] read result: {"recentProjects":[],"locale":"zh-CN","localePreference":"en-US","terminalInheritSystemProfile":true,"embeddedBrowserAllowInsecureCertificates":false,"embeddedBrowserViewportPreference":{"mode":"normal","viewport":{"width":393,"height":852},"zoom":"fit"},"computerUseComposerEntryHidden":true,"taskAutoArchiveEnabled":false,"taskAutoArchiveOlderThanDays":7,"closeToTrayOnWindows":false,"closeToTrayOnWindowsMigrationInitialized":true,"keepAwakeWhileRunning":false,"desktopChromiumHardwareAccelerationEnabled":true,"messageStreamShowReasoning":true,"messageStreamShowReasoningMigrationInitialized":true,"messageStreamShowTodos":false,"toolGroupingExploreEnabled":true,"toolGroupingTerminalEnabled":true,"toolGroupingChangesEnabled":false,"zcodeInteractionBehavior":"queue","askUserQuestionAutoResolutionEnabled":false,"modelIoFullRetentionEnabled":false,"startPlanRecommendationDismissed":false,"providerFamilyConnectionSelections":{},"providerFamilyDomain":"zai","providerFamilyDomainMigrated":true,"nativeSearchEnhancementsEnabled":true,"memoryEnabled":false,"lastWorkspaceSession":[{"kind":"local","workspacePath":"C:\\Users\\USER\\Desktop\\Personal\\ZCode\\.tmp\\z1-native-1790566616075-78b2c5\\workspace","workspacePurpose":"project"},{"kind":"local","workspacePath":"C:\\Users\\USER\\Desktop\\Personal\\ZCode\\.tmp\\z1-native-1790566616075-78b2c5\\data\\.zcode\\workspace\\default","workspacePurpose":"conversation"}],"lastActiveTabIndex":0,"receivePreviewUpdates":false,"autoDownloadAndInstallUpdates":false,"skippedElectronUpdateVersions":{},"settingsSyncFirstRunPromptHandled":true}
[Z1 child] [2026-09-28 11:37:02.179] [pid:37660] [zcode-agent-service] 开始初始化 ZCode agent {
  workspaceKey: 'C:\\Users\\USER\\Desktop\\Personal\\ZCode\\.tmp\\z1-native-1790566616075-78b2c5\\workspace',
  workspacePath: 'C:\\Users\\USER\\Desktop\\Personal\\ZCode\\.tmp\\z1-native-1790566616075-78b2c5\\workspace'
}
[2026-09-28 11:37:02.179] [pid:21380] [main] [host-log] (local-1) [host] [2026-09-28 11:37:02.179] [pid:37660] [zcode-agent-service] 开始初始化 ZCode agent {"workspaceKey":"C:\\Users\\USER\\Desktop\\Personal\\ZCode\\.tmp\\z1-native-1790566616075-78b2c5\\workspace","workspacePath":"C:\\Users\\USER\\Desktop\\Personal\\ZCode\\.tmp\\z1-native-1790566616075-78b2c5\\workspace"}
[Z1 child] [2026-09-28 11:37:02.179] [pid:37660] [zcode-agent-service] ZCode agent 初始化完成 {
  durationMs: 0,
  transportKind: 'stdio',
  workspaceKey: 'C:\\Users\\USER\\Desktop\\Personal\\ZCode\\.tmp\\z1-native-1790566616075-78b2c5\\workspace',
  workspacePath: 'C:\\Users\\USER\\Desktop\\Personal\\ZCode\\.tmp\\z1-native-1790566616075-78b2c5\\workspace'
}
[2026-09-28 11:37:02.179] [pid:37660] [zcode-session-service][trace:3d546bfc-2688-4f9f-9449-1ea5f42c8624] [zcode-session-service] createSession 分配 session trace {
  persistence: 'deferred',
  workspaceIdentity: undefined,
  workspacePath: 'C:\\Users\\USER\\Desktop\\Personal\\ZCode\\.tmp\\z1-native-1790566616075-78b2c5\\workspace'
}
[2026-09-28 11:37:02.180] [pid:37660] [zcode-agent-service][trace:3d546bfc-2688-4f9f-9449-1ea5f42c8624] 开始请求 ZCode Protocol session/create {
  hasInitialModel: true,
  hasInitialThoughtLevel: false,
  initialModel: 'z1-local-fixture/z1-fixture$enabled',
  mcpServerCount: 0,
  mcpServerNames: [],
  persistence: 'deferred',
  workspaceKey: 'C:\\Users\\USER\\Desktop\\Personal\\ZCode\\.tmp\\z1-native-1790566616075-78b2c5\\workspace',
  workspacePath: 'C:\\Users\\USER\\Desktop\\Personal\\ZCode\\.tmp\\z1-native-1790566616075-78b2c5\\workspace'
}
[2026-09-28 11:37:02.180] [pid:21380] [main] [host-log] (local-1) [host] [2026-09-28 11:37:02.179] [pid:37660] [zcode-agent-service] ZCode agent 初始化完成 {"durationMs":0,"transportKind":"stdio","workspaceKey":"C:\\Users\\USER\\Desktop\\Personal\\ZCode\\.tmp\\z1-native-1790566616075-78b2c5\\workspace","workspacePath":"C:\\Users\\USER\\Desktop\\Personal\\ZCode\\.tmp\\z1-native-1790566616075-78b2c5\\workspace"}
[2026-09-28 11:37:02.181] [pid:21380] [main] [host-log] (local-1) [host] [2026-09-28 11:37:02.179] [pid:37660] [zcode-session-service][trace:3d546bfc-2688-4f9f-9449-1ea5f42c8624] [zcode-session-service] createSession 分配 session trace {"persistence":"deferred","workspacePath":"C:\\Users\\USER\\Desktop\\Personal\\ZCode\\.tmp\\z1-native-1790566616075-78b2c5\\workspace"}
[2026-09-28 11:37:02.181] [pid:21380] [main] [host-log] (local-1) [host] [2026-09-28 11:37:02.180] [pid:37660] [zcode-agent-service][trace:3d546bfc-2688-4f9f-9449-1ea5f42c8624] 开始请求 ZCode Protocol session/create {"hasInitialModel":true,"hasInitialThoughtLevel":false,"initialModel":"z1-local-fixture/z1-fixture$enabled","mcpServerCount":0,"mcpServerNames":[],"persistence":"deferred","workspaceKey":"C:\\Users\\USER\\Desktop\\Personal\\ZCode\\.tmp\\z1-native-1790566616075-78b2c5\\workspace","workspacePath":"C:\\Users\\USER\\Desktop\\Personal\\ZCode\\.tmp\\z1-native-1790566616075-78b2c5\\workspace"}
[Z1 child] [2026-09-28 11:37:02.182] [pid:37660] [settingService] reading settings from: C:\Users\USER\Desktop\Personal\ZCode\.tmp\z1-native-1790566616075-78b2c5\home\.zcode\v2\setting.json
[2026-09-28 11:37:02.182] [pid:37660] [settingService] read result: {"recentProjects":[],"locale":"zh-CN","localePreference":"en-US","terminalInheritSystemProfile":true,"embeddedBrowserAllowInsecureCertificates":false,"embeddedBrowserViewportPreference":{"mode":"normal","viewport":{"width":393,"height":852},"zoom":"fit"},"computerUseComposerEntryHidden":true,"taskAutoArchiveEnabled":false,"taskAutoArchiveOlderThanDays":7,"closeToTrayOnWindows":false,"closeToTrayOnWindowsMigrationInitialized":true,"keepAwakeWhileRunning":false,"desktopChromiumHardwareAccelerationEnabled":true,"messageStreamShowReasoning":true,"messageStreamShowReasoningMigrationInitialized":true,"messageStreamShowTodos":false,"toolGroupingExploreEnabled":true,"toolGroupingTerminalEnabled":true,"toolGroupingChangesEnabled":false,"zcodeInteractionBehavior":"queue","askUserQuestionAutoResolutionEnabled":false,"modelIoFullRetentionEnabled":false,"startPlanRecommendationDismissed":false,"providerFamilyConnectionSelections":{},"providerFamilyDomain":"zai","providerFamilyDomainMigrated":true,"nativeSearchEnhancementsEnabled":true,"memoryEnabled":false,"lastWorkspaceSession":[{"kind":"local","workspacePath":"C:\\Users\\USER\\Desktop\\Personal\\ZCode\\.tmp\\z1-native-1790566616075-78b2c5\\workspace","workspacePurpose":"project"},{"kind":"local","workspacePath":"C:\\Users\\USER\\Desktop\\Personal\\ZCode\\.tmp\\z1-native-1790566616075-78b2c5\\data\\.zcode\\workspace\\default","workspacePurpose":"conversation"}],"lastActiveTabIndex":0,"receivePreviewUpdates":false,"autoDownloadAndInstallUpdates":false,"skippedElectronUpdateVersions":{},"settingsSyncFirstRunPromptHandled":true}
[Z1 child] [2026-09-28 11:37:02.262] [pid:37660] [zcode-agent-service][trace:3d546bfc-2688-4f9f-9449-1ea5f42c8624] ZCode Protocol session/create 完成 {
  durationMs: 82,
  messageCount: 0,
  modelCurrent: 'z1-local-fixture/z1-fixture',
  mcpServerCount: 0,
  persistence: 'deferred',
  sessionId: 'sess_a5b2b5c5-ea8d-493d-97d8-e9f635ab5213',
  snapshotTraceId: '3d546bfc-2688-4f9f-9449-1ea5f42c8624',
  workspaceKey: 'C:\\Users\\USER\\Desktop\\Personal\\ZCode\\.tmp\\z1-native-1790566616075-78b2c5\\workspace',
  workspacePath: 'C:\\Users\\USER\\Desktop\\Personal\\ZCode\\.tmp\\z1-native-1790566616075-78b2c5\\workspace'
}
[2026-09-28 11:37:02.262] [pid:21380] [main] [host-log] (local-1) [host] [2026-09-28 11:37:02.262] [pid:37660] [zcode-agent-service][trace:3d546bfc-2688-4f9f-9449-1ea5f42c8624] ZCode Protocol session/create 完成 {"durationMs":82,"messageCount":0,"modelCurrent":"z1-local-fixture/z1-fixture","mcpServerCount":0,"persistence":"deferred","sessionId":"sess_a5b2b5c5-ea8d-493d-97d8-e9f635ab5213","snapshotTraceId":"3d546bfc-2688-4f9f-9449-1ea5f42c8624","workspaceKey":"C:\\Users\\USER\\Desktop\\Personal\\ZCode\\.tmp\\z1-native-1790566616075-78b2c5\\workspace","workspacePath":"C:\\Users\\USER\\Desktop\\Personal\\ZCode\\.tmp\\z1-native-1790566616075-78b2c5\\workspace"}
[2026-09-28 11:37:02.263] [pid:21380] [main] [host-log] (local-1) [host] [2026-09-28 11:37:02.262] [pid:37660] [zcode-session-service][trace:3d546bfc-2688-4f9f-9449-1ea5f42c8624] [zcode-session-service] createSession agent 返回 {"durationMs":83,"mcpServerCount":0,"persistence":"deferred","snapshotTraceId":"3d546bfc-2688-4f9f-9449-1ea5f42c8624","sessionId":"sess_a5b2b5c5-ea8d-493d-97d8-e9f635ab5213","workspacePath":"C:\\Users\\USER\\Desktop\\Personal\\ZCode\\.tmp\\z1-native-1790566616075-78b2c5\\workspace"}
[Z1 child] [2026-09-28 11:37:02.262] [pid:37660] [zcode-session-service][trace:3d546bfc-2688-4f9f-9449-1ea5f42c8624] [zcode-session-service] createSession agent 返回 {
  durationMs: 83,
  mcpServerCount: 0,
  persistence: 'deferred',
  snapshotTraceId: '3d546bfc-2688-4f9f-9449-1ea5f42c8624',
  sessionId: 'sess_a5b2b5c5-ea8d-493d-97d8-e9f635ab5213',
  workspaceIdentity: undefined,
  workspacePath: 'C:\\Users\\USER\\Desktop\\Personal\\ZCode\\.tmp\\z1-native-1790566616075-78b2c5\\workspace'
}
[2026-09-28 11:37:02.334] [pid:21380] [main] [browser-use] execute start browserId=iab:6a82f5e8-6454-4d87-87cb-df6fb94421f4 sessionId=sess_a5b2b5c5-ea8d-493d-97d8-e9f635ab5213 method=list
[2026-09-28 11:37:02.335] [pid:21380] [main] [browser-use] execute requestId=efdb032b-150c-4899-8cbc-81dbceb8539d browserId=iab:6a82f5e8-6454-4d87-87cb-df6fb94421f4 generation=1790566618494 windowId=1 sessionId=sess_a5b2b5c5-ea8d-493d-97d8-e9f635ab5213 method=list
[2026-09-28 11:37:02.336] [pid:21380] [main] [browser-use] execute done sessionId=sess_a5b2b5c5-ea8d-493d-97d8-e9f635ab5213 method=list ok=true elapsedMs=0
[2026-09-28 11:37:02.337] [pid:21380] [main] [browser-use] execute start browserId=iab:6a82f5e8-6454-4d87-87cb-df6fb94421f4 sessionId=sess_a5b2b5c5-ea8d-493d-97d8-e9f635ab5213 method=listUserTabs
[2026-09-28 11:37:02.337] [pid:21380] [main] [browser-use] execute requestId=d07f6cec-0845-433e-aedd-c7fb65c9ad49 browserId=iab:6a82f5e8-6454-4d87-87cb-df6fb94421f4 generation=1790566618494 windowId=1 sessionId=sess_a5b2b5c5-ea8d-493d-97d8-e9f635ab5213 method=listUserTabs
[2026-09-28 11:37:02.338] [pid:21380] [main] [browser-use] execute done sessionId=sess_a5b2b5c5-ea8d-493d-97d8-e9f635ab5213 method=listUserTabs ok=true elapsedMs=0
[Z1 child] [2026-09-28 11:37:02.354] [pid:37660] [settingService] reading settings from: C:\Users\USER\Desktop\Personal\ZCode\.tmp\z1-native-1790566616075-78b2c5\home\.zcode\v2\setting.json
[Z1 child] [2026-09-28 11:37:02.354] [pid:37660] [settingService] read result: {"recentProjects":[],"locale":"zh-CN","localePreference":"en-US","terminalInheritSystemProfile":true,"embeddedBrowserAllowInsecureCertificates":false,"embeddedBrowserViewportPreference":{"mode":"normal","viewport":{"width":393,"height":852},"zoom":"fit"},"computerUseComposerEntryHidden":true,"taskAutoArchiveEnabled":false,"taskAutoArchiveOlderThanDays":7,"closeToTrayOnWindows":false,"closeToTrayOnWindowsMigrationInitialized":true,"keepAwakeWhileRunning":false,"desktopChromiumHardwareAccelerationEnabled":true,"messageStreamShowReasoning":true,"messageStreamShowReasoningMigrationInitialized":true,"messageStreamShowTodos":false,"toolGroupingExploreEnabled":true,"toolGroupingTerminalEnabled":true,"toolGroupingChangesEnabled":false,"zcodeInteractionBehavior":"queue","askUserQuestionAutoResolutionEnabled":false,"modelIoFullRetentionEnabled":false,"startPlanRecommendationDismissed":false,"providerFamilyConnectionSelections":{},"providerFamilyDomain":"zai","providerFamilyDomainMigrated":true,"nativeSearchEnhancementsEnabled":true,"memoryEnabled":false,"lastWorkspaceSession":[{"kind":"local","workspacePath":"C:\\Users\\USER\\Desktop\\Personal\\ZCode\\.tmp\\z1-native-1790566616075-78b2c5\\workspace","workspacePurpose":"project"},{"kind":"local","workspacePath":"C:\\Users\\USER\\Desktop\\Personal\\ZCode\\.tmp\\z1-native-1790566616075-78b2c5\\data\\.zcode\\workspace\\default","workspacePurpose":"conversation"}],"lastActiveTabIndex":0,"receivePreviewUpdates":false,"autoDownloadAndInstallUpdates":false,"skippedElectronUpdateVersions":{},"settingsSyncFirstRunPromptHandled":true}
[Z1 child] [2026-09-28 11:37:02.364] [pid:37660] [zcode-host] [rpc:call] graphEngineering.run OK (340.3ms)
[2026-09-28 11:37:02.364] [pid:21380] [main] [host-log] (local-1) [host] [2026-09-28 11:37:02.364] [pid:37660] [zcode-host] [rpc:call] graphEngineering.run OK (340.3ms)
[Z1 child] [2026-09-28 11:37:02.364] [pid:37660] [settingService] reading settings from: C:\Users\USER\Desktop\Personal\ZCode\.tmp\z1-native-1790566616075-78b2c5\home\.zcode\v2\setting.json
[2026-09-28 11:37:02.364] [pid:37660] [settingService] read result: {"recentProjects":[],"locale":"zh-CN","localePreference":"en-US","terminalInheritSystemProfile":true,"embeddedBrowserAllowInsecureCertificates":false,"embeddedBrowserViewportPreference":{"mode":"normal","viewport":{"width":393,"height":852},"zoom":"fit"},"computerUseComposerEntryHidden":true,"taskAutoArchiveEnabled":false,"taskAutoArchiveOlderThanDays":7,"closeToTrayOnWindows":false,"closeToTrayOnWindowsMigrationInitialized":true,"keepAwakeWhileRunning":false,"desktopChromiumHardwareAccelerationEnabled":true,"messageStreamShowReasoning":true,"messageStreamShowReasoningMigrationInitialized":true,"messageStreamShowTodos":false,"toolGroupingExploreEnabled":true,"toolGroupingTerminalEnabled":true,"toolGroupingChangesEnabled":false,"zcodeInteractionBehavior":"queue","askUserQuestionAutoResolutionEnabled":false,"modelIoFullRetentionEnabled":false,"startPlanRecommendationDismissed":false,"providerFamilyConnectionSelections":{},"providerFamilyDomain":"zai","providerFamilyDomainMigrated":true,"nativeSearchEnhancementsEnabled":true,"memoryEnabled":false,"lastWorkspaceSession":[{"kind":"local","workspacePath":"C:\\Users\\USER\\Desktop\\Personal\\ZCode\\.tmp\\z1-native-1790566616075-78b2c5\\workspace","workspacePurpose":"project"},{"kind":"local","workspacePath":"C:\\Users\\USER\\Desktop\\Personal\\ZCode\\.tmp\\z1-native-1790566616075-78b2c5\\data\\.zcode\\workspace\\default","workspacePurpose":"conversation"}],"lastActiveTabIndex":0,"receivePreviewUpdates":false,"autoDownloadAndInstallUpdates":false,"skippedElectronUpdateVersions":{},"settingsSyncFirstRunPromptHandled":true}
[Z1 child] [2026-09-28 11:37:02.365] [pid:37660] [zcode-host] [rpc:call] graphEngineering.getWorkspace OK (289.2ms)
[2026-09-28 11:37:02.365] [pid:21380] [main] [host-log] (local-1) [host] [2026-09-28 11:37:02.365] [pid:37660] [zcode-host] [rpc:call] graphEngineering.getWorkspace OK (289.2ms)
[Z1 child] [2026-09-28 11:37:02.366] [pid:37660] [settingService] reading settings from: C:\Users\USER\Desktop\Personal\ZCode\.tmp\z1-native-1790566616075-78b2c5\home\.zcode\v2\setting.json
[2026-09-28 11:37:02.366] [pid:37660] [settingService] read result: {"recentProjects":[],"locale":"zh-CN","localePreference":"en-US","terminalInheritSystemProfile":true,"embeddedBrowserAllowInsecureCertificates":false,"embeddedBrowserViewportPreference":{"mode":"normal","viewport":{"width":393,"height":852},"zoom":"fit"},"computerUseComposerEntryHidden":true,"taskAutoArchiveEnabled":false,"taskAutoArchiveOlderThanDays":7,"closeToTrayOnWindows":false,"closeToTrayOnWindowsMigrationInitialized":true,"keepAwakeWhileRunning":false,"desktopChromiumHardwareAccelerationEnabled":true,"messageStreamShowReasoning":true,"messageStreamShowReasoningMigrationInitialized":true,"messageStreamShowTodos":false,"toolGroupingExploreEnabled":true,"toolGroupingTerminalEnabled":true,"toolGroupingChangesEnabled":false,"zcodeInteractionBehavior":"queue","askUserQuestionAutoResolutionEnabled":false,"modelIoFullRetentionEnabled":false,"startPlanRecommendationDismissed":false,"providerFamilyConnectionSelections":{},"providerFamilyDomain":"zai","providerFamilyDomainMigrated":true,"nativeSearchEnhancementsEnabled":true,"memoryEnabled":false,"lastWorkspaceSession":[{"kind":"local","workspacePath":"C:\\Users\\USER\\Desktop\\Personal\\ZCode\\.tmp\\z1-native-1790566616075-78b2c5\\workspace","workspacePurpose":"project"},{"kind":"local","workspacePath":"C:\\Users\\USER\\Desktop\\Personal\\ZCode\\.tmp\\z1-native-1790566616075-78b2c5\\data\\.zcode\\workspace\\default","workspacePurpose":"conversation"}],"lastActiveTabIndex":0,"receivePreviewUpdates":false,"autoDownloadAndInstallUpdates":false,"skippedElectronUpdateVersions":{},"settingsSyncFirstRunPromptHandled":true}
[Z1 child] [2026-09-28 11:37:02.366] [pid:37660] [zcode-host] [rpc:call] graphEngineering.getWorkspace OK (187.7ms)
[2026-09-28 11:37:02.367] [pid:21380] [main] [host-log] (local-1) [host] [2026-09-28 11:37:02.366] [pid:37660] [zcode-host] [rpc:call] graphEngineering.getWorkspace OK (187.7ms)
[Z1 child] [2026-09-28 11:37:02.367] [pid:37660] [settingService] reading settings from: C:\Users\USER\Desktop\Personal\ZCode\.tmp\z1-native-1790566616075-78b2c5\home\.zcode\v2\setting.json
[2026-09-28 11:37:02.367] [pid:37660] [settingService] read result: {"recentProjects":[],"locale":"zh-CN","localePreference":"en-US","terminalInheritSystemProfile":true,"embeddedBrowserAllowInsecureCertificates":false,"embeddedBrowserViewportPreference":{"mode":"normal","viewport":{"width":393,"height":852},"zoom":"fit"},"computerUseComposerEntryHidden":true,"taskAutoArchiveEnabled":false,"taskAutoArchiveOlderThanDays":7,"closeToTrayOnWindows":false,"closeToTrayOnWindowsMigrationInitialized":true,"keepAwakeWhileRunning":false,"desktopChromiumHardwareAccelerationEnabled":true,"messageStreamShowReasoning":true,"messageStreamShowReasoningMigrationInitialized":true,"messageStreamShowTodos":false,"toolGroupingExploreEnabled":true,"toolGroupingTerminalEnabled":true,"toolGroupingChangesEnabled":false,"zcodeInteractionBehavior":"queue","askUserQuestionAutoResolutionEnabled":false,"modelIoFullRetentionEnabled":false,"startPlanRecommendationDismissed":false,"providerFamilyConnectionSelections":{},"providerFamilyDomain":"zai","providerFamilyDomainMigrated":true,"nativeSearchEnhancementsEnabled":true,"memoryEnabled":false,"lastWorkspaceSession":[{"kind":"local","workspacePath":"C:\\Users\\USER\\Desktop\\Personal\\ZCode\\.tmp\\z1-native-1790566616075-78b2c5\\workspace","workspacePurpose":"project"},{"kind":"local","workspacePath":"C:\\Users\\USER\\Desktop\\Personal\\ZCode\\.tmp\\z1-native-1790566616075-78b2c5\\data\\.zcode\\workspace\\default","workspacePurpose":"conversation"}],"lastActiveTabIndex":0,"receivePreviewUpdates":false,"autoDownloadAndInstallUpdates":false,"skippedElectronUpdateVersions":{},"settingsSyncFirstRunPromptHandled":true}
[2026-09-28 11:37:02.368] [pid:21380] [main] [host-log] (local-1) [host] [2026-09-28 11:37:02.368] [pid:37660] [zcode-host] [rpc:call] graphEngineering.getWorkspace OK (100.4ms)
[Z1 child] [2026-09-28 11:37:02.368] [pid:37660] [zcode-host] [rpc:call] graphEngineering.getWorkspace OK (100.4ms)
[2026-09-28 11:37:02.368] [pid:37660] [settingService] reading settings from: C:\Users\USER\Desktop\Personal\ZCode\.tmp\z1-native-1790566616075-78b2c5\home\.zcode\v2\setting.json
[2026-09-28 11:37:02.368] [pid:37660] [settingService] read result: {"recentProjects":[],"locale":"zh-CN","localePreference":"en-US","terminalInheritSystemProfile":true,"embeddedBrowserAllowInsecureCertificates":false,"embeddedBrowserViewportPreference":{"mode":"normal","viewport":{"width":393,"height":852},"zoom":"fit"},"computerUseComposerEntryHidden":true,"taskAutoArchiveEnabled":false,"taskAutoArchiveOlderThanDays":7,"closeToTrayOnWindows":false,"closeToTrayOnWindowsMigrationInitialized":true,"keepAwakeWhileRunning":false,"desktopChromiumHardwareAccelerationEnabled":true,"messageStreamShowReasoning":true,"messageStreamShowReasoningMigrationInitialized":true,"messageStreamShowTodos":false,"toolGroupingExploreEnabled":true,"toolGroupingTerminalEnabled":true,"toolGroupingChangesEnabled":false,"zcodeInteractionBehavior":"queue","askUserQuestionAutoResolutionEnabled":false,"modelIoFullRetentionEnabled":false,"startPlanRecommendationDismissed":false,"providerFamilyConnectionSelections":{},"providerFamilyDomain":"zai","providerFamilyDomainMigrated":true,"nativeSearchEnhancementsEnabled":true,"memoryEnabled":false,"lastWorkspaceSession":[{"kind":"local","workspacePath":"C:\\Users\\USER\\Desktop\\Personal\\ZCode\\.tmp\\z1-native-1790566616075-78b2c5\\workspace","workspacePurpose":"project"},{"kind":"local","workspacePath":"C:\\Users\\USER\\Desktop\\Personal\\ZCode\\.tmp\\z1-native-1790566616075-78b2c5\\data\\.zcode\\workspace\\default","workspacePurpose":"conversation"}],"lastActiveTabIndex":0,"receivePreviewUpdates":false,"autoDownloadAndInstallUpdates":false,"skippedElectronUpdateVersions":{},"settingsSyncFirstRunPromptHandled":true}
[Z1 child] [2026-09-28 11:37:02.369] [pid:37660] [zcode-host] [rpc:call] graphEngineering.getWorkspace OK (40.3ms)
[2026-09-28 11:37:02.369] [pid:21380] [main] [host-log] (local-1) [host] [2026-09-28 11:37:02.369] [pid:37660] [zcode-host] [rpc:call] graphEngineering.getWorkspace OK (40.3ms)
[Z1 child] [2026-09-28 11:37:02.369] [pid:37660] [settingService] reading settings from: C:\Users\USER\Desktop\Personal\ZCode\.tmp\z1-native-1790566616075-78b2c5\home\.zcode\v2\setting.json
[2026-09-28 11:37:02.370] [pid:37660] [settingService] read result: {"recentProjects":[],"locale":"zh-CN","localePreference":"en-US","terminalInheritSystemProfile":true,"embeddedBrowserAllowInsecureCertificates":false,"embeddedBrowserViewportPreference":{"mode":"normal","viewport":{"width":393,"height":852},"zoom":"fit"},"computerUseComposerEntryHidden":true,"taskAutoArchiveEnabled":false,"taskAutoArchiveOlderThanDays":7,"closeToTrayOnWindows":false,"closeToTrayOnWindowsMigrationInitialized":true,"keepAwakeWhileRunning":false,"desktopChromiumHardwareAccelerationEnabled":true,"messageStreamShowReasoning":true,"messageStreamShowReasoningMigrationInitialized":true,"messageStreamShowTodos":false,"toolGroupingExploreEnabled":true,"toolGroupingTerminalEnabled":true,"toolGroupingChangesEnabled":false,"zcodeInteractionBehavior":"queue","askUserQuestionAutoResolutionEnabled":false,"modelIoFullRetentionEnabled":false,"startPlanRecommendationDismissed":false,"providerFamilyConnectionSelections":{},"providerFamilyDomain":"zai","providerFamilyDomainMigrated":true,"nativeSearchEnhancementsEnabled":true,"memoryEnabled":false,"lastWorkspaceSession":[{"kind":"local","workspacePath":"C:\\Users\\USER\\Desktop\\Personal\\ZCode\\.tmp\\z1-native-1790566616075-78b2c5\\workspace","workspacePurpose":"project"},{"kind":"local","workspacePath":"C:\\Users\\USER\\Desktop\\Personal\\ZCode\\.tmp\\z1-native-1790566616075-78b2c5\\data\\.zcode\\workspace\\default","workspacePurpose":"conversation"}],"lastActiveTabIndex":0,"receivePreviewUpdates":false,"autoDownloadAndInstallUpdates":false,"skippedElectronUpdateVersions":{},"settingsSyncFirstRunPromptHandled":true}
[Z1 child] [2026-09-28 11:37:02.370] [pid:37660] [zcode-host] [rpc:call] graphEngineering.getWorkspace OK (6.0ms)
[2026-09-28 11:37:02.370] [pid:21380] [main] [host-log] (local-1) [host] [2026-09-28 11:37:02.370] [pid:37660] [zcode-host] [rpc:call] graphEngineering.getWorkspace OK (6.0ms)
[Z1 child] [2026-09-28 11:37:02.371] [pid:37660] [settingService] reading settings from: C:\Users\USER\Desktop\Personal\ZCode\.tmp\z1-native-1790566616075-78b2c5\home\.zcode\v2\setting.json
[2026-09-28 11:37:02.371] [pid:37660] [settingService] read result: {"recentProjects":[],"locale":"zh-CN","localePreference":"en-US","terminalInheritSystemProfile":true,"embeddedBrowserAllowInsecureCertificates":false,"embeddedBrowserViewportPreference":{"mode":"normal","viewport":{"width":393,"height":852},"zoom":"fit"},"computerUseComposerEntryHidden":true,"taskAutoArchiveEnabled":false,"taskAutoArchiveOlderThanDays":7,"closeToTrayOnWindows":false,"closeToTrayOnWindowsMigrationInitialized":true,"keepAwakeWhileRunning":false,"desktopChromiumHardwareAccelerationEnabled":true,"messageStreamShowReasoning":true,"messageStreamShowReasoningMigrationInitialized":true,"messageStreamShowTodos":false,"toolGroupingExploreEnabled":true,"toolGroupingTerminalEnabled":true,"toolGroupingChangesEnabled":false,"zcodeInteractionBehavior":"queue","askUserQuestionAutoResolutionEnabled":false,"modelIoFullRetentionEnabled":false,"startPlanRecommendationDismissed":false,"providerFamilyConnectionSelections":{},"providerFamilyDomain":"zai","providerFamilyDomainMigrated":true,"nativeSearchEnhancementsEnabled":true,"memoryEnabled":false,"lastWorkspaceSession":[{"kind":"local","workspacePath":"C:\\Users\\USER\\Desktop\\Personal\\ZCode\\.tmp\\z1-native-1790566616075-78b2c5\\workspace","workspacePurpose":"project"},{"kind":"local","workspacePath":"C:\\Users\\USER\\Desktop\\Personal\\ZCode\\.tmp\\z1-native-1790566616075-78b2c5\\data\\.zcode\\workspace\\default","workspacePurpose":"conversation"}],"lastActiveTabIndex":0,"receivePreviewUpdates":false,"autoDownloadAndInstallUpdates":false,"skippedElectronUpdateVersions":{},"settingsSyncFirstRunPromptHandled":true}
[Z1 child] [2026-09-28 11:37:02.372] [pid:37660] [zcode-host] [rpc:call] graphEngineering.getWorkspace OK (6.8ms)
[2026-09-28 11:37:02.372] [pid:21380] [main] [host-log] (local-1) [host] [2026-09-28 11:37:02.372] [pid:37660] [zcode-host] [rpc:call] graphEngineering.getWorkspace OK (6.8ms)
[Z1 child] [2026-09-28 11:37:02.757] [pid:37660] [cua-pip-session] [cua-pip-session] event delivery dropped {
  eventId: '8dfd352c-167a-4cd2-8d4d-f4128e1446c2',
  kind: 'turn-started',
  sequenceNumber: 3,
  sessionId: 'sess_a5b2b5c5-ea8d-493d-97d8-e9f635ab5213',
  turnId: 'turn_d586bb45-d1d3-4702-ad1a-9d0920796b64',
  skipReason: 'service-disabled'
}
[2026-09-28 11:37:02.758] [pid:21380] [main] [host-log] (local-1) [host] [2026-09-28 11:37:02.757] [pid:37660] [cua-pip-session] [cua-pip-session] event delivery dropped {"eventId":"8dfd352c-167a-4cd2-8d4d-f4128e1446c2","kind":"turn-started","sequenceNumber":3,"sessionId":"sess_a5b2b5c5-ea8d-493d-97d8-e9f635ab5213","turnId":"turn_d586bb45-d1d3-4702-ad1a-9d0920796b64","skipReason":"service-disabled"}
[Z1 child] [2026-09-28 11:37:02.819] [pid:37660] [settingService] reading settings from: C:\Users\USER\Desktop\Personal\ZCode\.tmp\z1-native-1790566616075-78b2c5\home\.zcode\v2\setting.json
[Z1 child] [2026-09-28 11:37:02.819] [pid:37660] [settingService] read result: {"recentProjects":[],"locale":"zh-CN","localePreference":"en-US","terminalInheritSystemProfile":true,"embeddedBrowserAllowInsecureCertificates":false,"embeddedBrowserViewportPreference":{"mode":"normal","viewport":{"width":393,"height":852},"zoom":"fit"},"computerUseComposerEntryHidden":true,"taskAutoArchiveEnabled":false,"taskAutoArchiveOlderThanDays":7,"closeToTrayOnWindows":false,"closeToTrayOnWindowsMigrationInitialized":true,"keepAwakeWhileRunning":false,"desktopChromiumHardwareAccelerationEnabled":true,"messageStreamShowReasoning":true,"messageStreamShowReasoningMigrationInitialized":true,"messageStreamShowTodos":false,"toolGroupingExploreEnabled":true,"toolGroupingTerminalEnabled":true,"toolGroupingChangesEnabled":false,"zcodeInteractionBehavior":"queue","askUserQuestionAutoResolutionEnabled":false,"modelIoFullRetentionEnabled":false,"startPlanRecommendationDismissed":false,"providerFamilyConnectionSelections":{},"providerFamilyDomain":"zai","providerFamilyDomainMigrated":true,"nativeSearchEnhancementsEnabled":true,"memoryEnabled":false,"lastWorkspaceSession":[{"kind":"local","workspacePath":"C:\\Users\\USER\\Desktop\\Personal\\ZCode\\.tmp\\z1-native-1790566616075-78b2c5\\workspace","workspacePurpose":"project"},{"kind":"local","workspacePath":"C:\\Users\\USER\\Desktop\\Personal\\ZCode\\.tmp\\z1-native-1790566616075-78b2c5\\data\\.zcode\\workspace\\default","workspacePurpose":"conversation"}],"lastActiveTabIndex":0,"receivePreviewUpdates":false,"autoDownloadAndInstallUpdates":false,"skippedElectronUpdateVersions":{},"settingsSyncFirstRunPromptHandled":true}
[Z1 child] [2026-09-28 11:37:02.820] [pid:37660] [zcode-host] [rpc:call] graphEngineering.getWorkspace OK (1.2ms)
[2026-09-28 11:37:02.820] [pid:21380] [main] [host-log] (local-1) [host] [2026-09-28 11:37:02.820] [pid:37660] [zcode-host] [rpc:call] graphEngineering.getWorkspace OK (1.2ms)
[Z1 child] [2026-09-28 11:37:02.851] [pid:37660] [zcode-task-index-syncer] [list-refresh-trace] emitWorkspaceTaskListChanged reason=task_created taskId=sess_a5b2b5c5-ea8d-493d-97d8-e9f635ab5213 workspace=C:\Users\USER\Desktop\Personal\ZCode\.tmp\z1-native-1790566616075-78b2c5\workspace hasMeta=true
[Z1 child] [2026-09-28 11:37:02.854] [pid:37660] [zcode-host] [rpc:call] zcode-task.listPinnedTaskIds OK (0.1ms)
[2026-09-28 11:37:02.854] [pid:21380] [main] [host-log] (local-1) [host] [2026-09-28 11:37:02.854] [pid:37660] [zcode-host] [rpc:call] zcode-task.listPinnedTaskIds OK (0.1ms)
[2026-09-28 11:37:02.855] [pid:21380] [main] [host-log] (local-1) [host] [2026-09-28 11:37:02.854] [pid:37660] [zcode-host] [rpc:call] zcode-task.listArchivedTasks OK (0.1ms)
[2026-09-28 11:37:02.856] [pid:21380] [main] [host-log] (local-1) [host] [2026-09-28 11:37:02.855] [pid:37660] [zcode-host] [rpc:call] zcode-task.listTasks OK (0.2ms)
[2026-09-28 11:37:02.856] [pid:21380] [main] [host-log] (local-1) [host] [2026-09-28 11:37:02.855] [pid:37660] [zcode-host] [rpc:call] zcode-task.listPinnedTasks OK (0.1ms)
[2026-09-28 11:37:02.857] [pid:21380] [main] [host-log] (local-1) [host] [2026-09-28 11:37:02.855] [pid:37660] [zcode-host] [rpc:call] zcode-task.listDeletedTaskIds OK (0.1ms)
[Z1 child] [2026-09-28 11:37:02.854] [pid:37660] [zcode-host] [rpc:call] zcode-task.listArchivedTasks OK (0.1ms)
[2026-09-28 11:37:02.855] [pid:37660] [zcode-host] [rpc:call] zcode-task.listTasks OK (0.2ms)
[2026-09-28 11:37:02.855] [pid:37660] [zcode-host] [rpc:call] zcode-task.listPinnedTasks OK (0.1ms)
[2026-09-28 11:37:02.855] [pid:37660] [zcode-host] [rpc:call] zcode-task.listDeletedTaskIds OK (0.1ms)
[2026-09-28 11:37:02.857] [pid:37660] [zcode-host] [rpc:call] window-controller.listTaskList OK (0.1ms)
[2026-09-28 11:37:02.858] [pid:21380] [main] [host-log] (local-1) [host] [2026-09-28 11:37:02.857] [pid:37660] [zcode-host] [rpc:call] window-controller.listTaskList OK (0.1ms)
[Z1 child] [2026-09-28 11:37:02.919] [pid:37660] [settingService] reading settings from: C:\Users\USER\Desktop\Personal\ZCode\.tmp\z1-native-1790566616075-78b2c5\home\.zcode\v2\setting.json
[Z1 child] [2026-09-28 11:37:02.919] [pid:37660] [settingService] read result: {"recentProjects":[],"locale":"zh-CN","localePreference":"en-US","terminalInheritSystemProfile":true,"embeddedBrowserAllowInsecureCertificates":false,"embeddedBrowserViewportPreference":{"mode":"normal","viewport":{"width":393,"height":852},"zoom":"fit"},"computerUseComposerEntryHidden":true,"taskAutoArchiveEnabled":false,"taskAutoArchiveOlderThanDays":7,"closeToTrayOnWindows":false,"closeToTrayOnWindowsMigrationInitialized":true,"keepAwakeWhileRunning":false,"desktopChromiumHardwareAccelerationEnabled":true,"messageStreamShowReasoning":true,"messageStreamShowReasoningMigrationInitialized":true,"messageStreamShowTodos":false,"toolGroupingExploreEnabled":true,"toolGroupingTerminalEnabled":true,"toolGroupingChangesEnabled":false,"zcodeInteractionBehavior":"queue","askUserQuestionAutoResolutionEnabled":false,"modelIoFullRetentionEnabled":false,"startPlanRecommendationDismissed":false,"providerFamilyConnectionSelections":{},"providerFamilyDomain":"zai","providerFamilyDomainMigrated":true,"nativeSearchEnhancementsEnabled":true,"memoryEnabled":false,"lastWorkspaceSession":[{"kind":"local","workspacePath":"C:\\Users\\USER\\Desktop\\Personal\\ZCode\\.tmp\\z1-native-1790566616075-78b2c5\\workspace","workspacePurpose":"project"},{"kind":"local","workspacePath":"C:\\Users\\USER\\Desktop\\Personal\\ZCode\\.tmp\\z1-native-1790566616075-78b2c5\\data\\.zcode\\workspace\\default","workspacePurpose":"conversation"}],"lastActiveTabIndex":0,"receivePreviewUpdates":false,"autoDownloadAndInstallUpdates":false,"skippedElectronUpdateVersions":{},"settingsSyncFirstRunPromptHandled":true}
[Z1 child] [2026-09-28 11:37:02.920] [pid:37660] [zcode-host] [rpc:call] graphEngineering.getWorkspace OK (1.4ms)
[2026-09-28 11:37:02.920] [pid:21380] [main] [host-log] (local-1) [host] [2026-09-28 11:37:02.920] [pid:37660] [zcode-host] [rpc:call] graphEngineering.getWorkspace OK (1.4ms)
[Z1 child] [2026-09-28 11:37:02.963] [pid:37660] [settingService] reading settings from: C:\Users\USER\Desktop\Personal\ZCode\.tmp\z1-native-1790566616075-78b2c5\home\.zcode\v2\setting.json
[Z1 child] [2026-09-28 11:37:02.964] [pid:37660] [settingService] read result: {"recentProjects":[],"locale":"zh-CN","localePreference":"en-US","terminalInheritSystemProfile":true,"embeddedBrowserAllowInsecureCertificates":false,"embeddedBrowserViewportPreference":{"mode":"normal","viewport":{"width":393,"height":852},"zoom":"fit"},"computerUseComposerEntryHidden":true,"taskAutoArchiveEnabled":false,"taskAutoArchiveOlderThanDays":7,"closeToTrayOnWindows":false,"closeToTrayOnWindowsMigrationInitialized":true,"keepAwakeWhileRunning":false,"desktopChromiumHardwareAccelerationEnabled":true,"messageStreamShowReasoning":true,"messageStreamShowReasoningMigrationInitialized":true,"messageStreamShowTodos":false,"toolGroupingExploreEnabled":true,"toolGroupingTerminalEnabled":true,"toolGroupingChangesEnabled":false,"zcodeInteractionBehavior":"queue","askUserQuestionAutoResolutionEnabled":false,"modelIoFullRetentionEnabled":false,"startPlanRecommendationDismissed":false,"providerFamilyConnectionSelections":{},"providerFamilyDomain":"zai","providerFamilyDomainMigrated":true,"nativeSearchEnhancementsEnabled":true,"memoryEnabled":false,"lastWorkspaceSession":[{"kind":"local","workspacePath":"C:\\Users\\USER\\Desktop\\Personal\\ZCode\\.tmp\\z1-native-1790566616075-78b2c5\\workspace","workspacePurpose":"project"},{"kind":"local","workspacePath":"C:\\Users\\USER\\Desktop\\Personal\\ZCode\\.tmp\\z1-native-1790566616075-78b2c5\\data\\.zcode\\workspace\\default","workspacePurpose":"conversation"}],"lastActiveTabIndex":0,"receivePreviewUpdates":false,"autoDownloadAndInstallUpdates":false,"skippedElectronUpdateVersions":{},"settingsSyncFirstRunPromptHandled":true}
[Z1 child] [2026-09-28 11:37:02.965] [pid:37660] [zcode-host] [rpc:call] graphEngineering.getWorkspace OK (1.8ms)
[2026-09-28 11:37:02.965] [pid:21380] [main] [host-log] (local-1) [host] [2026-09-28 11:37:02.965] [pid:37660] [zcode-host] [rpc:call] graphEngineering.getWorkspace OK (1.8ms)
[Z1 child] [2026-09-28 11:37:02.978] [pid:37660] [cua-pip-session] [cua-pip-session] event delivery dropped {
  eventId: '7acbd7aa-d8f7-43f2-890f-9de71cf82c9c',
  kind: 'turn-ended',
  sequenceNumber: 33,
  sessionId: 'sess_a5b2b5c5-ea8d-493d-97d8-e9f635ab5213',
  turnId: 'turn_d586bb45-d1d3-4702-ad1a-9d0920796b64',
  outcome: 'completed',
  skipReason: 'service-disabled'
}
[2026-09-28 11:37:02.979] [pid:21380] [main] [host-log] (local-1) [host] [2026-09-28 11:37:02.978] [pid:37660] [cua-pip-session] [cua-pip-session] event delivery dropped {"eventId":"7acbd7aa-d8f7-43f2-890f-9de71cf82c9c","kind":"turn-ended","sequenceNumber":33,"sessionId":"sess_a5b2b5c5-ea8d-493d-97d8-e9f635ab5213","turnId":"turn_d586bb45-d1d3-4702-ad1a-9d0920796b64","outcome":"completed","skipReason":"service-disabled"}
[Z1 child] [2026-09-28 11:37:02.980] [pid:37660] [zcode-task-index-syncer] task 终态未读裁决 {
  goalStatus: null,
  phase: 'completedSuccess',
  taskId: 'sess_a5b2b5c5-ea8d-493d-97d8-e9f635ab5213',
  unreadSignal: 'background_terminal'
}
[Z1 child] [2026-09-28 11:37:02.981] [pid:37660] [zcode-task-index-syncer] [list-refresh-trace] emitWorkspaceTaskListChanged reason=task_status_changed taskId=sess_a5b2b5c5-ea8d-493d-97d8-e9f635ab5213 workspace=C:\Users\USER\Desktop\Personal\ZCode\.tmp\z1-native-1790566616075-78b2c5\workspace hasMeta=true
[Z1 child] [2026-09-28 11:37:02.987] [pid:37660] [zcode-task-index-syncer] [list-refresh-trace] emitWorkspaceTaskListChanged reason=task_meta_changed taskId=sess_a5b2b5c5-ea8d-493d-97d8-e9f635ab5213 workspace=C:\Users\USER\Desktop\Personal\ZCode\.tmp\z1-native-1790566616075-78b2c5\workspace hasMeta=true
[Z1 child] [2026-09-28 11:37:02.988] [pid:37660] [zcode-host] [rpc:call] zcode-task.setTaskUnread OK (1.6ms)
[2026-09-28 11:37:02.988] [pid:21380] [main] [host-log] (local-1) [host] [2026-09-28 11:37:02.988] [pid:37660] [zcode-host] [rpc:call] zcode-task.setTaskUnread OK (1.6ms)
[Z1 child] [2026-09-28 11:37:03.002] [pid:37660] [zcode-host] [rpc:call] zcode-task.listPinnedTaskIds OK (0.2ms)
[2026-09-28 11:37:03.002] [pid:21380] [main] [host-log] (local-1) [host] [2026-09-28 11:37:03.002] [pid:37660] [zcode-host] [rpc:call] zcode-task.listPinnedTaskIds OK (0.2ms)
[2026-09-28 11:37:03.003] [pid:21380] [main] [host-log] (local-1) [host] [2026-09-28 11:37:03.003] [pid:37660] [zcode-host] [rpc:call] zcode-task.listArchivedTasks OK (0.1ms)
[2026-09-28 11:37:03.004] [pid:21380] [main] [host-log] (local-1) [host] [2026-09-28 11:37:03.003] [pid:37660] [zcode-host] [rpc:call] zcode-task.listTasks OK (0.2ms)
[2026-09-28 11:37:03.004] [pid:21380] [main] [host-log] (local-1) [host] [2026-09-28 11:37:03.003] [pid:37660] [zcode-host] [rpc:call] zcode-task.listPinnedTasks OK (0.1ms)
[2026-09-28 11:37:03.005] [pid:21380] [main] [host-log] (local-1) [host] [2026-09-28 11:37:03.003] [pid:37660] [zcode-host] [rpc:call] zcode-task.listDeletedTaskIds OK (0.1ms)
[Z1 child] [2026-09-28 11:37:03.003] [pid:37660] [zcode-host] [rpc:call] zcode-task.listArchivedTasks OK (0.1ms)
[2026-09-28 11:37:03.003] [pid:37660] [zcode-host] [rpc:call] zcode-task.listTasks OK (0.2ms)
[2026-09-28 11:37:03.003] [pid:37660] [zcode-host] [rpc:call] zcode-task.listPinnedTasks OK (0.1ms)
[2026-09-28 11:37:03.003] [pid:37660] [zcode-host] [rpc:call] zcode-task.listDeletedTaskIds OK (0.1ms)
[Z1 child] [2026-09-28 11:37:03.069] [pid:37660] [zcode-task-index-syncer] [list-refresh-trace] emitWorkspaceTaskListChanged reason=task_title_changed taskId=sess_a5b2b5c5-ea8d-493d-97d8-e9f635ab5213 workspace=C:\Users\USER\Desktop\Personal\ZCode\.tmp\z1-native-1790566616075-78b2c5\workspace hasMeta=true
[Z1 child] [2026-09-28 11:37:03.071] [pid:37660] [zcode-task-index-syncer] [list-refresh-trace] emitWorkspaceTaskListChanged reason=task_status_changed taskId=sess_a5b2b5c5-ea8d-493d-97d8-e9f635ab5213 workspace=C:\Users\USER\Desktop\Personal\ZCode\.tmp\z1-native-1790566616075-78b2c5\workspace hasMeta=true
[Z1 child] [2026-09-28 11:37:03.190] [pid:37660] [zcode-agent-service] 开始初始化 ZCode agent {
  workspaceKey: 'C:\\Users\\USER\\Desktop\\Personal\\ZCode\\.tmp\\z1-native-1790566616075-78b2c5\\workspace',
  workspacePath: 'C:\\Users\\USER\\Desktop\\Personal\\ZCode\\.tmp\\z1-native-1790566616075-78b2c5\\workspace'
}
[2026-09-28 11:37:03.190] [pid:37660] [zcode-agent-service] ZCode agent 初始化完成 {
  durationMs: 0,
  transportKind: 'stdio',
  workspaceKey: 'C:\\Users\\USER\\Desktop\\Personal\\ZCode\\.tmp\\z1-native-1790566616075-78b2c5\\workspace',
  workspacePath: 'C:\\Users\\USER\\Desktop\\Personal\\ZCode\\.tmp\\z1-native-1790566616075-78b2c5\\workspace'
}
[2026-09-28 11:37:03.190] [pid:21380] [main] [host-log] (local-1) [host] [2026-09-28 11:37:03.190] [pid:37660] [zcode-agent-service] 开始初始化 ZCode agent {"workspaceKey":"C:\\Users\\USER\\Desktop\\Personal\\ZCode\\.tmp\\z1-native-1790566616075-78b2c5\\workspace","workspacePath":"C:\\Users\\USER\\Desktop\\Personal\\ZCode\\.tmp\\z1-native-1790566616075-78b2c5\\workspace"}
[2026-09-28 11:37:03.191] [pid:21380] [main] [host-log] (local-1) [host] [2026-09-28 11:37:03.190] [pid:37660] [zcode-agent-service] ZCode agent 初始化完成 {"durationMs":0,"transportKind":"stdio","workspaceKey":"C:\\Users\\USER\\Desktop\\Personal\\ZCode\\.tmp\\z1-native-1790566616075-78b2c5\\workspace","workspacePath":"C:\\Users\\USER\\Desktop\\Personal\\ZCode\\.tmp\\z1-native-1790566616075-78b2c5\\workspace"}
[2026-09-28 11:37:03.191] [pid:21380] [main] [host-log] (local-1) [host] [2026-09-28 11:37:03.190] [pid:37660] [zcode-session-service][trace:8534b3e2-d735-4997-85dc-42ea8e8ac932] [zcode-session-service] createSession 分配 session trace {"persistence":"deferred","workspacePath":"C:\\Users\\USER\\Desktop\\Personal\\ZCode\\.tmp\\z1-native-1790566616075-78b2c5\\workspace"}
[2026-09-28 11:37:03.192] [pid:21380] [main] [host-log] (local-1) [host] [2026-09-28 11:37:03.190] [pid:37660] [zcode-agent-service][trace:8534b3e2-d735-4997-85dc-42ea8e8ac932] 开始请求 ZCode Protocol session/create {"hasInitialModel":true,"hasInitialThoughtLevel":false,"initialModel":"z1-local-fixture/z1-fixture$enabled","mcpServerCount":0,"mcpServerNames":[],"persistence":"deferred","workspaceKey":"C:\\Users\\USER\\Desktop\\Personal\\ZCode\\.tmp\\z1-native-1790566616075-78b2c5\\workspace","workspacePath":"C:\\Users\\USER\\Desktop\\Personal\\ZCode\\.tmp\\z1-native-1790566616075-78b2c5\\workspace"}
[Z1 child] [2026-09-28 11:37:03.190] [pid:37660] [zcode-session-service][trace:8534b3e2-d735-4997-85dc-42ea8e8ac932] [zcode-session-service] createSession 分配 session trace {
  persistence: 'deferred',
  workspaceIdentity: undefined,
  workspacePath: 'C:\\Users\\USER\\Desktop\\Personal\\ZCode\\.tmp\\z1-native-1790566616075-78b2c5\\workspace'
}
[2026-09-28 11:37:03.190] [pid:37660] [zcode-agent-service][trace:8534b3e2-d735-4997-85dc-42ea8e8ac932] 开始请求 ZCode Protocol session/create {
  hasInitialModel: true,
  hasInitialThoughtLevel: false,
  initialModel: 'z1-local-fixture/z1-fixture$enabled',
  mcpServerCount: 0,
  mcpServerNames: [],
  persistence: 'deferred',
  workspaceKey: 'C:\\Users\\USER\\Desktop\\Personal\\ZCode\\.tmp\\z1-native-1790566616075-78b2c5\\workspace',
  workspacePath: 'C:\\Users\\USER\\Desktop\\Personal\\ZCode\\.tmp\\z1-native-1790566616075-78b2c5\\workspace'
}
[2026-09-28 11:37:03.191] [pid:37660] [settingService] reading settings from: C:\Users\USER\Desktop\Personal\ZCode\.tmp\z1-native-1790566616075-78b2c5\home\.zcode\v2\setting.json
[2026-09-28 11:37:03.192] [pid:37660] [settingService] read result: {"recentProjects":[],"locale":"zh-CN","localePreference":"en-US","terminalInheritSystemProfile":true,"embeddedBrowserAllowInsecureCertificates":false,"embeddedBrowserViewportPreference":{"mode":"normal","viewport":{"width":393,"height":852},"zoom":"fit"},"computerUseComposerEntryHidden":true,"taskAutoArchiveEnabled":false,"taskAutoArchiveOlderThanDays":7,"closeToTrayOnWindows":false,"closeToTrayOnWindowsMigrationInitialized":true,"keepAwakeWhileRunning":false,"desktopChromiumHardwareAccelerationEnabled":true,"messageStreamShowReasoning":true,"messageStreamShowReasoningMigrationInitialized":true,"messageStreamShowTodos":false,"toolGroupingExploreEnabled":true,"toolGroupingTerminalEnabled":true,"toolGroupingChangesEnabled":false,"zcodeInteractionBehavior":"queue","askUserQuestionAutoResolutionEnabled":false,"modelIoFullRetentionEnabled":false,"startPlanRecommendationDismissed":false,"providerFamilyConnectionSelections":{},"providerFamilyDomain":"zai","providerFamilyDomainMigrated":true,"nativeSearchEnhancementsEnabled":true,"memoryEnabled":false,"lastWorkspaceSession":[{"kind":"local","workspacePath":"C:\\Users\\USER\\Desktop\\Personal\\ZCode\\.tmp\\z1-native-1790566616075-78b2c5\\workspace","workspacePurpose":"project"},{"kind":"local","workspacePath":"C:\\Users\\USER\\Desktop\\Personal\\ZCode\\.tmp\\z1-native-1790566616075-78b2c5\\data\\.zcode\\workspace\\default","workspacePurpose":"conversation"}],"lastActiveTabIndex":0,"receivePreviewUpdates":false,"autoDownloadAndInstallUpdates":false,"skippedElectronUpdateVersions":{},"settingsSyncFirstRunPromptHandled":true}
[Z1 child] [2026-09-28 11:37:03.265] [pid:37660] [zcode-agent-service][trace:8534b3e2-d735-4997-85dc-42ea8e8ac932] ZCode Protocol session/create 完成 {
  durationMs: 75,
  messageCount: 0,
  modelCurrent: 'z1-local-fixture/z1-fixture',
  mcpServerCount: 0,
  persistence: 'deferred',
  sessionId: 'sess_d14fe7c0-7e5d-416d-a89d-38df5148f7ca',
  snapshotTraceId: '8534b3e2-d735-4997-85dc-42ea8e8ac932',
  workspaceKey: 'C:\\Users\\USER\\Desktop\\Personal\\ZCode\\.tmp\\z1-native-1790566616075-78b2c5\\workspace',
  workspacePath: 'C:\\Users\\USER\\Desktop\\Personal\\ZCode\\.tmp\\z1-native-1790566616075-78b2c5\\workspace'
}
[2026-09-28 11:37:03.265] [pid:37660] [zcode-session-service][trace:8534b3e2-d735-4997-85dc-42ea8e8ac932] [zcode-session-service] createSession agent 返回 {
  durationMs: 75,
  mcpServerCount: 0,
  persistence: 'deferred',
  snapshotTraceId: '8534b3e2-d735-4997-85dc-42ea8e8ac932',
  sessionId: 'sess_d14fe7c0-7e5d-416d-a89d-38df5148f7ca',
  workspaceIdentity: undefined,
  workspacePath: 'C:\\Users\\USER\\Desktop\\Personal\\ZCode\\.tmp\\z1-native-1790566616075-78b2c5\\workspace'
}
[2026-09-28 11:37:03.265] [pid:21380] [main] [host-log] (local-1) [host] [2026-09-28 11:37:03.265] [pid:37660] [zcode-agent-service][trace:8534b3e2-d735-4997-85dc-42ea8e8ac932] ZCode Protocol session/create 完成 {"durationMs":75,"messageCount":0,"modelCurrent":"z1-local-fixture/z1-fixture","mcpServerCount":0,"persistence":"deferred","sessionId":"sess_d14fe7c0-7e5d-416d-a89d-38df5148f7ca","snapshotTraceId":"8534b3e2-d735-4997-85dc-42ea8e8ac932","workspaceKey":"C:\\Users\\USER\\Desktop\\Personal\\ZCode\\.tmp\\z1-native-1790566616075-78b2c5\\workspace","workspacePath":"C:\\Users\\USER\\Desktop\\Personal\\ZCode\\.tmp\\z1-native-1790566616075-78b2c5\\workspace"}
[2026-09-28 11:37:03.266] [pid:21380] [main] [host-log] (local-1) [host] [2026-09-28 11:37:03.265] [pid:37660] [zcode-session-service][trace:8534b3e2-d735-4997-85dc-42ea8e8ac932] [zcode-session-service] createSession agent 返回 {"durationMs":75,"mcpServerCount":0,"persistence":"deferred","snapshotTraceId":"8534b3e2-d735-4997-85dc-42ea8e8ac932","sessionId":"sess_d14fe7c0-7e5d-416d-a89d-38df5148f7ca","workspacePath":"C:\\Users\\USER\\Desktop\\Personal\\ZCode\\.tmp\\z1-native-1790566616075-78b2c5\\workspace"}
[2026-09-28 11:37:03.307] [pid:21380] [main] [browser-use] execute start browserId=iab:6a82f5e8-6454-4d87-87cb-df6fb94421f4 sessionId=sess_d14fe7c0-7e5d-416d-a89d-38df5148f7ca method=list
[2026-09-28 11:37:03.308] [pid:21380] [main] [browser-use] execute requestId=8bcf71b8-1be4-456c-ac50-5d16e9558f2e browserId=iab:6a82f5e8-6454-4d87-87cb-df6fb94421f4 generation=1790566618494 windowId=1 sessionId=sess_d14fe7c0-7e5d-416d-a89d-38df5148f7ca method=list
[2026-09-28 11:37:03.309] [pid:21380] [main] [browser-use] execute done sessionId=sess_d14fe7c0-7e5d-416d-a89d-38df5148f7ca method=list ok=true elapsedMs=0
[2026-09-28 11:37:03.309] [pid:21380] [main] [browser-use] execute start browserId=iab:6a82f5e8-6454-4d87-87cb-df6fb94421f4 sessionId=sess_d14fe7c0-7e5d-416d-a89d-38df5148f7ca method=listUserTabs
[2026-09-28 11:37:03.310] [pid:21380] [main] [browser-use] execute requestId=0e446129-d615-4eab-8a86-4c0f959ff4db browserId=iab:6a82f5e8-6454-4d87-87cb-df6fb94421f4 generation=1790566618494 windowId=1 sessionId=sess_d14fe7c0-7e5d-416d-a89d-38df5148f7ca method=listUserTabs
[2026-09-28 11:37:03.311] [pid:21380] [main] [browser-use] execute done sessionId=sess_d14fe7c0-7e5d-416d-a89d-38df5148f7ca method=listUserTabs ok=true elapsedMs=0
[Z1 child] [2026-09-28 11:37:03.321] [pid:37660] [settingService] reading settings from: C:\Users\USER\Desktop\Personal\ZCode\.tmp\z1-native-1790566616075-78b2c5\home\.zcode\v2\setting.json
[Z1 child] [2026-09-28 11:37:03.321] [pid:37660] [settingService] read result: {"recentProjects":[],"locale":"zh-CN","localePreference":"en-US","terminalInheritSystemProfile":true,"embeddedBrowserAllowInsecureCertificates":false,"embeddedBrowserViewportPreference":{"mode":"normal","viewport":{"width":393,"height":852},"zoom":"fit"},"computerUseComposerEntryHidden":true,"taskAutoArchiveEnabled":false,"taskAutoArchiveOlderThanDays":7,"closeToTrayOnWindows":false,"closeToTrayOnWindowsMigrationInitialized":true,"keepAwakeWhileRunning":false,"desktopChromiumHardwareAccelerationEnabled":true,"messageStreamShowReasoning":true,"messageStreamShowReasoningMigrationInitialized":true,"messageStreamShowTodos":false,"toolGroupingExploreEnabled":true,"toolGroupingTerminalEnabled":true,"toolGroupingChangesEnabled":false,"zcodeInteractionBehavior":"queue","askUserQuestionAutoResolutionEnabled":false,"modelIoFullRetentionEnabled":false,"startPlanRecommendationDismissed":false,"providerFamilyConnectionSelections":{},"providerFamilyDomain":"zai","providerFamilyDomainMigrated":true,"nativeSearchEnhancementsEnabled":true,"memoryEnabled":false,"lastWorkspaceSession":[{"kind":"local","workspacePath":"C:\\Users\\USER\\Desktop\\Personal\\ZCode\\.tmp\\z1-native-1790566616075-78b2c5\\workspace","workspacePurpose":"project"},{"kind":"local","workspacePath":"C:\\Users\\USER\\Desktop\\Personal\\ZCode\\.tmp\\z1-native-1790566616075-78b2c5\\data\\.zcode\\workspace\\default","workspacePurpose":"conversation"}],"lastActiveTabIndex":0,"receivePreviewUpdates":false,"autoDownloadAndInstallUpdates":false,"skippedElectronUpdateVersions":{},"settingsSyncFirstRunPromptHandled":true}
[Z1 child] [2026-09-28 11:37:03.328] [pid:37660] [settingService] reading settings from: C:\Users\USER\Desktop\Personal\ZCode\.tmp\z1-native-1790566616075-78b2c5\home\.zcode\v2\setting.json
[Z1 child] [2026-09-28 11:37:03.329] [pid:37660] [settingService] read result: {"recentProjects":[],"locale":"zh-CN","localePreference":"en-US","terminalInheritSystemProfile":true,"embeddedBrowserAllowInsecureCertificates":false,"embeddedBrowserViewportPreference":{"mode":"normal","viewport":{"width":393,"height":852},"zoom":"fit"},"computerUseComposerEntryHidden":true,"taskAutoArchiveEnabled":false,"taskAutoArchiveOlderThanDays":7,"closeToTrayOnWindows":false,"closeToTrayOnWindowsMigrationInitialized":true,"keepAwakeWhileRunning":false,"desktopChromiumHardwareAccelerationEnabled":true,"messageStreamShowReasoning":true,"messageStreamShowReasoningMigrationInitialized":true,"messageStreamShowTodos":false,"toolGroupingExploreEnabled":true,"toolGroupingTerminalEnabled":true,"toolGroupingChangesEnabled":false,"zcodeInteractionBehavior":"queue","askUserQuestionAutoResolutionEnabled":false,"modelIoFullRetentionEnabled":false,"startPlanRecommendationDismissed":false,"providerFamilyConnectionSelections":{},"providerFamilyDomain":"zai","providerFamilyDomainMigrated":true,"nativeSearchEnhancementsEnabled":true,"memoryEnabled":false,"lastWorkspaceSession":[{"kind":"local","workspacePath":"C:\\Users\\USER\\Desktop\\Personal\\ZCode\\.tmp\\z1-native-1790566616075-78b2c5\\workspace","workspacePurpose":"project"},{"kind":"local","workspacePath":"C:\\Users\\USER\\Desktop\\Personal\\ZCode\\.tmp\\z1-native-1790566616075-78b2c5\\data\\.zcode\\workspace\\default","workspacePurpose":"conversation"}],"lastActiveTabIndex":0,"receivePreviewUpdates":false,"autoDownloadAndInstallUpdates":false,"skippedElectronUpdateVersions":{},"settingsSyncFirstRunPromptHandled":true}
[Z1 child] [2026-09-28 11:37:03.329] [pid:37660] [zcode-host] [rpc:call] graphEngineering.getWorkspace OK (227.3ms)
[2026-09-28 11:37:03.329] [pid:21380] [main] [host-log] (local-1) [host] [2026-09-28 11:37:03.329] [pid:37660] [zcode-host] [rpc:call] graphEngineering.getWorkspace OK (227.3ms)
[Z1 child] [2026-09-28 11:37:03.330] [pid:37660] [settingService] reading settings from: C:\Users\USER\Desktop\Personal\ZCode\.tmp\z1-native-1790566616075-78b2c5\home\.zcode\v2\setting.json
[2026-09-28 11:37:03.330] [pid:37660] [settingService] read result: {"recentProjects":[],"locale":"zh-CN","localePreference":"en-US","terminalInheritSystemProfile":true,"embeddedBrowserAllowInsecureCertificates":false,"embeddedBrowserViewportPreference":{"mode":"normal","viewport":{"width":393,"height":852},"zoom":"fit"},"computerUseComposerEntryHidden":true,"taskAutoArchiveEnabled":false,"taskAutoArchiveOlderThanDays":7,"closeToTrayOnWindows":false,"closeToTrayOnWindowsMigrationInitialized":true,"keepAwakeWhileRunning":false,"desktopChromiumHardwareAccelerationEnabled":true,"messageStreamShowReasoning":true,"messageStreamShowReasoningMigrationInitialized":true,"messageStreamShowTodos":false,"toolGroupingExploreEnabled":true,"toolGroupingTerminalEnabled":true,"toolGroupingChangesEnabled":false,"zcodeInteractionBehavior":"queue","askUserQuestionAutoResolutionEnabled":false,"modelIoFullRetentionEnabled":false,"startPlanRecommendationDismissed":false,"providerFamilyConnectionSelections":{},"providerFamilyDomain":"zai","providerFamilyDomainMigrated":true,"nativeSearchEnhancementsEnabled":true,"memoryEnabled":false,"lastWorkspaceSession":[{"kind":"local","workspacePath":"C:\\Users\\USER\\Desktop\\Personal\\ZCode\\.tmp\\z1-native-1790566616075-78b2c5\\workspace","workspacePurpose":"project"},{"kind":"local","workspacePath":"C:\\Users\\USER\\Desktop\\Personal\\ZCode\\.tmp\\z1-native-1790566616075-78b2c5\\data\\.zcode\\workspace\\default","workspacePurpose":"conversation"}],"lastActiveTabIndex":0,"receivePreviewUpdates":false,"autoDownloadAndInstallUpdates":false,"skippedElectronUpdateVersions":{},"settingsSyncFirstRunPromptHandled":true}
[Z1 child] [2026-09-28 11:37:03.331] [pid:37660] [zcode-host] [rpc:call] graphEngineering.getWorkspace OK (141.2ms)
[2026-09-28 11:37:03.331] [pid:21380] [main] [host-log] (local-1) [host] [2026-09-28 11:37:03.331] [pid:37660] [zcode-host] [rpc:call] graphEngineering.getWorkspace OK (141.2ms)
[Z1 child] [2026-09-28 11:37:03.331] [pid:37660] [settingService] reading settings from: C:\Users\USER\Desktop\Personal\ZCode\.tmp\z1-native-1790566616075-78b2c5\home\.zcode\v2\setting.json
[2026-09-28 11:37:03.332] [pid:37660] [settingService] read result: {"recentProjects":[],"locale":"zh-CN","localePreference":"en-US","terminalInheritSystemProfile":true,"embeddedBrowserAllowInsecureCertificates":false,"embeddedBrowserViewportPreference":{"mode":"normal","viewport":{"width":393,"height":852},"zoom":"fit"},"computerUseComposerEntryHidden":true,"taskAutoArchiveEnabled":false,"taskAutoArchiveOlderThanDays":7,"closeToTrayOnWindows":false,"closeToTrayOnWindowsMigrationInitialized":true,"keepAwakeWhileRunning":false,"desktopChromiumHardwareAccelerationEnabled":true,"messageStreamShowReasoning":true,"messageStreamShowReasoningMigrationInitialized":true,"messageStreamShowTodos":false,"toolGroupingExploreEnabled":true,"toolGroupingTerminalEnabled":true,"toolGroupingChangesEnabled":false,"zcodeInteractionBehavior":"queue","askUserQuestionAutoResolutionEnabled":false,"modelIoFullRetentionEnabled":false,"startPlanRecommendationDismissed":false,"providerFamilyConnectionSelections":{},"providerFamilyDomain":"zai","providerFamilyDomainMigrated":true,"nativeSearchEnhancementsEnabled":true,"memoryEnabled":false,"lastWorkspaceSession":[{"kind":"local","workspacePath":"C:\\Users\\USER\\Desktop\\Personal\\ZCode\\.tmp\\z1-native-1790566616075-78b2c5\\workspace","workspacePurpose":"project"},{"kind":"local","workspacePath":"C:\\Users\\USER\\Desktop\\Personal\\ZCode\\.tmp\\z1-native-1790566616075-78b2c5\\data\\.zcode\\workspace\\default","workspacePurpose":"conversation"}],"lastActiveTabIndex":0,"receivePreviewUpdates":false,"autoDownloadAndInstallUpdates":false,"skippedElectronUpdateVersions":{},"settingsSyncFirstRunPromptHandled":true}
[Z1 child] [2026-09-28 11:37:03.332] [pid:37660] [zcode-host] [rpc:call] graphEngineering.getWorkspace OK (63.3ms)
[2026-09-28 11:37:03.332] [pid:21380] [main] [host-log] (local-1) [host] [2026-09-28 11:37:03.332] [pid:37660] [zcode-host] [rpc:call] graphEngineering.getWorkspace OK (63.3ms)
[Z1 child] [2026-09-28 11:37:03.333] [pid:37660] [settingService] reading settings from: C:\Users\USER\Desktop\Personal\ZCode\.tmp\z1-native-1790566616075-78b2c5\home\.zcode\v2\setting.json
[2026-09-28 11:37:03.333] [pid:37660] [settingService] read result: {"recentProjects":[],"locale":"zh-CN","localePreference":"en-US","terminalInheritSystemProfile":true,"embeddedBrowserAllowInsecureCertificates":false,"embeddedBrowserViewportPreference":{"mode":"normal","viewport":{"width":393,"height":852},"zoom":"fit"},"computerUseComposerEntryHidden":true,"taskAutoArchiveEnabled":false,"taskAutoArchiveOlderThanDays":7,"closeToTrayOnWindows":false,"closeToTrayOnWindowsMigrationInitialized":true,"keepAwakeWhileRunning":false,"desktopChromiumHardwareAccelerationEnabled":true,"messageStreamShowReasoning":true,"messageStreamShowReasoningMigrationInitialized":true,"messageStreamShowTodos":false,"toolGroupingExploreEnabled":true,"toolGroupingTerminalEnabled":true,"toolGroupingChangesEnabled":false,"zcodeInteractionBehavior":"queue","askUserQuestionAutoResolutionEnabled":false,"modelIoFullRetentionEnabled":false,"startPlanRecommendationDismissed":false,"providerFamilyConnectionSelections":{},"providerFamilyDomain":"zai","providerFamilyDomainMigrated":true,"nativeSearchEnhancementsEnabled":true,"memoryEnabled":false,"lastWorkspaceSession":[{"kind":"local","workspacePath":"C:\\Users\\USER\\Desktop\\Personal\\ZCode\\.tmp\\z1-native-1790566616075-78b2c5\\workspace","workspacePurpose":"project"},{"kind":"local","workspacePath":"C:\\Users\\USER\\Desktop\\Personal\\ZCode\\.tmp\\z1-native-1790566616075-78b2c5\\data\\.zcode\\workspace\\default","workspacePurpose":"conversation"}],"lastActiveTabIndex":0,"receivePreviewUpdates":false,"autoDownloadAndInstallUpdates":false,"skippedElectronUpdateVersions":{},"settingsSyncFirstRunPromptHandled":true}
[2026-09-28 11:37:03.333] [pid:21380] [main] [host-log] (local-1) [host] [2026-09-28 11:37:03.333] [pid:37660] [zcode-host] [rpc:call] graphEngineering.getWorkspace OK (26.8ms)
[Z1 child] [2026-09-28 11:37:03.333] [pid:37660] [zcode-host] [rpc:call] graphEngineering.getWorkspace OK (26.8ms)
[2026-09-28 11:37:03.334] [pid:37660] [settingService] reading settings from: C:\Users\USER\Desktop\Personal\ZCode\.tmp\z1-native-1790566616075-78b2c5\home\.zcode\v2\setting.json
[2026-09-28 11:37:03.334] [pid:37660] [settingService] read result: {"recentProjects":[],"locale":"zh-CN","localePreference":"en-US","terminalInheritSystemProfile":true,"embeddedBrowserAllowInsecureCertificates":false,"embeddedBrowserViewportPreference":{"mode":"normal","viewport":{"width":393,"height":852},"zoom":"fit"},"computerUseComposerEntryHidden":true,"taskAutoArchiveEnabled":false,"taskAutoArchiveOlderThanDays":7,"closeToTrayOnWindows":false,"closeToTrayOnWindowsMigrationInitialized":true,"keepAwakeWhileRunning":false,"desktopChromiumHardwareAccelerationEnabled":true,"messageStreamShowReasoning":true,"messageStreamShowReasoningMigrationInitialized":true,"messageStreamShowTodos":false,"toolGroupingExploreEnabled":true,"toolGroupingTerminalEnabled":true,"toolGroupingChangesEnabled":false,"zcodeInteractionBehavior":"queue","askUserQuestionAutoResolutionEnabled":false,"modelIoFullRetentionEnabled":false,"startPlanRecommendationDismissed":false,"providerFamilyConnectionSelections":{},"providerFamilyDomain":"zai","providerFamilyDomainMigrated":true,"nativeSearchEnhancementsEnabled":true,"memoryEnabled":false,"lastWorkspaceSession":[{"kind":"local","workspacePath":"C:\\Users\\USER\\Desktop\\Personal\\ZCode\\.tmp\\z1-native-1790566616075-78b2c5\\workspace","workspacePurpose":"project"},{"kind":"local","workspacePath":"C:\\Users\\USER\\Desktop\\Personal\\ZCode\\.tmp\\z1-native-1790566616075-78b2c5\\data\\.zcode\\workspace\\default","workspacePurpose":"conversation"}],"lastActiveTabIndex":0,"receivePreviewUpdates":false,"autoDownloadAndInstallUpdates":false,"skippedElectronUpdateVersions":{},"settingsSyncFirstRunPromptHandled":true}
[Z1 child] [2026-09-28 11:37:03.335] [pid:37660] [zcode-host] [rpc:call] graphEngineering.getWorkspace OK (6.5ms)
[2026-09-28 11:37:03.335] [pid:21380] [main] [host-log] (local-1) [host] [2026-09-28 11:37:03.335] [pid:37660] [zcode-host] [rpc:call] graphEngineering.getWorkspace OK (6.5ms)
[Z1 child] [2026-09-28 11:37:03.690] [pid:37660] [cua-pip-session] [cua-pip-session] event delivery dropped {
  eventId: '0e9784da-79d2-41e0-af02-481754d6f32f',
  kind: 'turn-started',
  sequenceNumber: 3,
  sessionId: 'sess_d14fe7c0-7e5d-416d-a89d-38df5148f7ca',
  turnId: 'turn_1f4aeea4-fc26-410e-bc62-41032735be7f',
  skipReason: 'service-disabled'
}
[2026-09-28 11:37:03.690] [pid:21380] [main] [host-log] (local-1) [host] [2026-09-28 11:37:03.690] [pid:37660] [cua-pip-session] [cua-pip-session] event delivery dropped {"eventId":"0e9784da-79d2-41e0-af02-481754d6f32f","kind":"turn-started","sequenceNumber":3,"sessionId":"sess_d14fe7c0-7e5d-416d-a89d-38df5148f7ca","turnId":"turn_1f4aeea4-fc26-410e-bc62-41032735be7f","skipReason":"service-disabled"}
[Z1 child] [2026-09-28 11:37:03.743] [pid:37660] [settingService] reading settings from: C:\Users\USER\Desktop\Personal\ZCode\.tmp\z1-native-1790566616075-78b2c5\home\.zcode\v2\setting.json
[Z1 child] [2026-09-28 11:37:03.743] [pid:37660] [settingService] read result: {"recentProjects":[],"locale":"zh-CN","localePreference":"en-US","terminalInheritSystemProfile":true,"embeddedBrowserAllowInsecureCertificates":false,"embeddedBrowserViewportPreference":{"mode":"normal","viewport":{"width":393,"height":852},"zoom":"fit"},"computerUseComposerEntryHidden":true,"taskAutoArchiveEnabled":false,"taskAutoArchiveOlderThanDays":7,"closeToTrayOnWindows":false,"closeToTrayOnWindowsMigrationInitialized":true,"keepAwakeWhileRunning":false,"desktopChromiumHardwareAccelerationEnabled":true,"messageStreamShowReasoning":true,"messageStreamShowReasoningMigrationInitialized":true,"messageStreamShowTodos":false,"toolGroupingExploreEnabled":true,"toolGroupingTerminalEnabled":true,"toolGroupingChangesEnabled":false,"zcodeInteractionBehavior":"queue","askUserQuestionAutoResolutionEnabled":false,"modelIoFullRetentionEnabled":false,"startPlanRecommendationDismissed":false,"providerFamilyConnectionSelections":{},"providerFamilyDomain":"zai","providerFamilyDomainMigrated":true,"nativeSearchEnhancementsEnabled":true,"memoryEnabled":false,"lastWorkspaceSession":[{"kind":"local","workspacePath":"C:\\Users\\USER\\Desktop\\Personal\\ZCode\\.tmp\\z1-native-1790566616075-78b2c5\\workspace","workspacePurpose":"project"},{"kind":"local","workspacePath":"C:\\Users\\USER\\Desktop\\Personal\\ZCode\\.tmp\\z1-native-1790566616075-78b2c5\\data\\.zcode\\workspace\\default","workspacePurpose":"conversation"}],"lastActiveTabIndex":0,"receivePreviewUpdates":false,"autoDownloadAndInstallUpdates":false,"skippedElectronUpdateVersions":{},"settingsSyncFirstRunPromptHandled":true}
[Z1 child] [2026-09-28 11:37:03.744] [pid:37660] [zcode-host] [rpc:call] graphEngineering.getWorkspace OK (1.2ms)
[2026-09-28 11:37:03.744] [pid:21380] [main] [host-log] (local-1) [host] [2026-09-28 11:37:03.744] [pid:37660] [zcode-host] [rpc:call] graphEngineering.getWorkspace OK (1.2ms)
[Z1 child] [2026-09-28 11:37:03.766] [pid:37660] [zcode-task-index-syncer] [list-refresh-trace] emitWorkspaceTaskListChanged reason=task_created taskId=sess_d14fe7c0-7e5d-416d-a89d-38df5148f7ca workspace=C:\Users\USER\Desktop\Personal\ZCode\.tmp\z1-native-1790566616075-78b2c5\workspace hasMeta=true
[Z1 child] [2026-09-28 11:37:03.771] [pid:37660] [zcode-host] [rpc:call] zcode-task.listPinnedTaskIds OK (0.1ms)
[2026-09-28 11:37:03.770] [pid:21380] [main] [host-log] (local-1) [host] [2026-09-28 11:37:03.771] [pid:37660] [zcode-host] [rpc:call] zcode-task.listPinnedTaskIds OK (0.1ms)
[2026-09-28 11:37:03.771] [pid:21380] [main] [host-log] (local-1) [host] [2026-09-28 11:37:03.771] [pid:37660] [zcode-host] [rpc:call] zcode-task.listArchivedTasks OK (0.1ms)
[2026-09-28 11:37:03.772] [pid:21380] [main] [host-log] (local-1) [host] [2026-09-28 11:37:03.771] [pid:37660] [zcode-host] [rpc:call] zcode-task.listTasks OK (0.1ms)
[2026-09-28 11:37:03.773] [pid:21380] [main] [host-log] (local-1) [host] [2026-09-28 11:37:03.771] [pid:37660] [zcode-host] [rpc:call] zcode-task.listPinnedTasks OK (0.1ms)
[2026-09-28 11:37:03.773] [pid:21380] [main] [host-log] (local-1) [host] [2026-09-28 11:37:03.771] [pid:37660] [zcode-host] [rpc:call] zcode-task.listDeletedTaskIds OK (0.0ms)
[Z1 child] [2026-09-28 11:37:03.771] [pid:37660] [zcode-host] [rpc:call] zcode-task.listArchivedTasks OK (0.1ms)
[2026-09-28 11:37:03.771] [pid:37660] [zcode-host] [rpc:call] zcode-task.listTasks OK (0.1ms)
[2026-09-28 11:37:03.771] [pid:37660] [zcode-host] [rpc:call] zcode-task.listPinnedTasks OK (0.1ms)
[2026-09-28 11:37:03.771] [pid:37660] [zcode-host] [rpc:call] zcode-task.listDeletedTaskIds OK (0.0ms)
[2026-09-28 11:37:03.772] [pid:37660] [zcode-host] [rpc:call] window-controller.listTaskList OK (0.1ms)
[2026-09-28 11:37:03.774] [pid:21380] [main] [host-log] (local-1) [host] [2026-09-28 11:37:03.772] [pid:37660] [zcode-host] [rpc:call] window-controller.listTaskList OK (0.1ms)
[Z1 child] [2026-09-28 11:37:03.800] [pid:37660] [settingService] reading settings from: C:\Users\USER\Desktop\Personal\ZCode\.tmp\z1-native-1790566616075-78b2c5\home\.zcode\v2\setting.json
[Z1 child] [2026-09-28 11:37:03.800] [pid:37660] [settingService] read result: {"recentProjects":[],"locale":"zh-CN","localePreference":"en-US","terminalInheritSystemProfile":true,"embeddedBrowserAllowInsecureCertificates":false,"embeddedBrowserViewportPreference":{"mode":"normal","viewport":{"width":393,"height":852},"zoom":"fit"},"computerUseComposerEntryHidden":true,"taskAutoArchiveEnabled":false,"taskAutoArchiveOlderThanDays":7,"closeToTrayOnWindows":false,"closeToTrayOnWindowsMigrationInitialized":true,"keepAwakeWhileRunning":false,"desktopChromiumHardwareAccelerationEnabled":true,"messageStreamShowReasoning":true,"messageStreamShowReasoningMigrationInitialized":true,"messageStreamShowTodos":false,"toolGroupingExploreEnabled":true,"toolGroupingTerminalEnabled":true,"toolGroupingChangesEnabled":false,"zcodeInteractionBehavior":"queue","askUserQuestionAutoResolutionEnabled":false,"modelIoFullRetentionEnabled":false,"startPlanRecommendationDismissed":false,"providerFamilyConnectionSelections":{},"providerFamilyDomain":"zai","providerFamilyDomainMigrated":true,"nativeSearchEnhancementsEnabled":true,"memoryEnabled":false,"lastWorkspaceSession":[{"kind":"local","workspacePath":"C:\\Users\\USER\\Desktop\\Personal\\ZCode\\.tmp\\z1-native-1790566616075-78b2c5\\workspace","workspacePurpose":"project"},{"kind":"local","workspacePath":"C:\\Users\\USER\\Desktop\\Personal\\ZCode\\.tmp\\z1-native-1790566616075-78b2c5\\data\\.zcode\\workspace\\default","workspacePurpose":"conversation"}],"lastActiveTabIndex":0,"receivePreviewUpdates":false,"autoDownloadAndInstallUpdates":false,"skippedElectronUpdateVersions":{},"settingsSyncFirstRunPromptHandled":true}
[Z1 child] [2026-09-28 11:37:03.801] [pid:37660] [zcode-host] [rpc:call] graphEngineering.getWorkspace OK (1.3ms)
[2026-09-28 11:37:03.801] [pid:21380] [main] [host-log] (local-1) [host] [2026-09-28 11:37:03.801] [pid:37660] [zcode-host] [rpc:call] graphEngineering.getWorkspace OK (1.3ms)
[Z1 child] [2026-09-28 11:37:03.842] [pid:37660] [settingService] reading settings from: C:\Users\USER\Desktop\Personal\ZCode\.tmp\z1-native-1790566616075-78b2c5\home\.zcode\v2\setting.json
[Z1 child] [2026-09-28 11:37:03.843] [pid:37660] [settingService] read result: {"recentProjects":[],"locale":"zh-CN","localePreference":"en-US","terminalInheritSystemProfile":true,"embeddedBrowserAllowInsecureCertificates":false,"embeddedBrowserViewportPreference":{"mode":"normal","viewport":{"width":393,"height":852},"zoom":"fit"},"computerUseComposerEntryHidden":true,"taskAutoArchiveEnabled":false,"taskAutoArchiveOlderThanDays":7,"closeToTrayOnWindows":false,"closeToTrayOnWindowsMigrationInitialized":true,"keepAwakeWhileRunning":false,"desktopChromiumHardwareAccelerationEnabled":true,"messageStreamShowReasoning":true,"messageStreamShowReasoningMigrationInitialized":true,"messageStreamShowTodos":false,"toolGroupingExploreEnabled":true,"toolGroupingTerminalEnabled":true,"toolGroupingChangesEnabled":false,"zcodeInteractionBehavior":"queue","askUserQuestionAutoResolutionEnabled":false,"modelIoFullRetentionEnabled":false,"startPlanRecommendationDismissed":false,"providerFamilyConnectionSelections":{},"providerFamilyDomain":"zai","providerFamilyDomainMigrated":true,"nativeSearchEnhancementsEnabled":true,"memoryEnabled":false,"lastWorkspaceSession":[{"kind":"local","workspacePath":"C:\\Users\\USER\\Desktop\\Personal\\ZCode\\.tmp\\z1-native-1790566616075-78b2c5\\workspace","workspacePurpose":"project"},{"kind":"local","workspacePath":"C:\\Users\\USER\\Desktop\\Personal\\ZCode\\.tmp\\z1-native-1790566616075-78b2c5\\data\\.zcode\\workspace\\default","workspacePurpose":"conversation"}],"lastActiveTabIndex":0,"receivePreviewUpdates":false,"autoDownloadAndInstallUpdates":false,"skippedElectronUpdateVersions":{},"settingsSyncFirstRunPromptHandled":true}
[Z1 child] [2026-09-28 11:37:03.843] [pid:37660] [zcode-host] [rpc:call] graphEngineering.getWorkspace OK (1.1ms)
[2026-09-28 11:37:03.843] [pid:21380] [main] [host-log] (local-1) [host] [2026-09-28 11:37:03.843] [pid:37660] [zcode-host] [rpc:call] graphEngineering.getWorkspace OK (1.1ms)
[Z1 child] [2026-09-28 11:37:04.006] [pid:37660] [cua-pip-session] [cua-pip-session] event delivery dropped {
  kind: 'focus-changed',
  revision: 4,
  sessionId: 'sess_d14fe7c0-7e5d-416d-a89d-38df5148f7ca',
  sourceWindowId: 'window-1',
  skipReason: 'service-disabled'
}
[2026-09-28 11:37:04.006] [pid:21380] [main] [host-log] (local-1) [host] [2026-09-28 11:37:04.006] [pid:37660] [cua-pip-session] [cua-pip-session] event delivery dropped {"kind":"focus-changed","revision":4,"sessionId":"sess_d14fe7c0-7e5d-416d-a89d-38df5148f7ca","sourceWindowId":"window-1","skipReason":"service-disabled"}
[2026-09-28 11:37:04.011] [pid:21380] [renderer] v4 workspace connection reused {
  event: 'v4.workspace_connection.reused',
  isRemote: false,
  key: '__base__ C:\\Users\\USER\\Desktop\\Personal\\ZCode\\.tmp\\z1-native-1790566616075-78b2c5\\workspace',
  module: 'ui.v4.workspace_connection_registry',
  refCount: 1,
  serviceGeneration: 1,
  status: 'completed'
}
INFO: Could not find files for the given pattern(s).
INFO: Could not find files for the given pattern(s).
[Z1 child] [2026-09-28 11:37:04.030] [pid:37660] [zcode-host] [rpc:call] zcode-task.getTaskSessionFilePath OK (0.0ms)
[2026-09-28 11:37:04.030] [pid:37660] [zcode-host] [rpc:call] zcode-task.getTaskNativeSessionLogFile OK (0.3ms)
[2026-09-28 11:37:04.031] [pid:37660] [settingService] reading settings from: C:\Users\USER\Desktop\Personal\ZCode\.tmp\z1-native-1790566616075-78b2c5\home\.zcode\v2\setting.json
[2026-09-28 11:37:04.031] [pid:37660] [zcode-host] [rpc:listen] zcode-agent.onAgentRuntimeLifecycle subscribed
[2026-09-28 11:37:04.031] [pid:37660] [zcode-host] [rpc:listen] graphEngineering.onDidChange subscribed
[2026-09-28 11:37:04.031] [pid:37660] [zcode-host] [rpc:call] graphEngineering.isSessionOwned OK (0.0ms)
[2026-09-28 11:37:04.031] [pid:37660] [zcode-host] [rpc:listen] model-selection.onDidChange subscribed
[2026-09-28 11:37:04.031] [pid:37660] [settingService] read result: {"recentProjects":[],"locale":"zh-CN","localePreference":"en-US","terminalInheritSystemProfile":true,"embeddedBrowserAllowInsecureCertificates":false,"embeddedBrowserViewportPreference":{"mode":"normal","viewport":{"width":393,"height":852},"zoom":"fit"},"computerUseComposerEntryHidden":true,"taskAutoArchiveEnabled":false,"taskAutoArchiveOlderThanDays":7,"closeToTrayOnWindows":false,"closeToTrayOnWindowsMigrationInitialized":true,"keepAwakeWhileRunning":false,"desktopChromiumHardwareAccelerationEnabled":true,"messageStreamShowReasoning":true,"messageStreamShowReasoningMigrationInitialized":true,"messageStreamShowTodos":false,"toolGroupingExploreEnabled":true,"toolGroupingTerminalEnabled":true,"toolGroupingChangesEnabled":false,"zcodeInteractionBehavior":"queue","askUserQuestionAutoResolutionEnabled":false,"modelIoFullRetentionEnabled":false,"startPlanRecommendationDismissed":false,"providerFamilyConnectionSelections":{},"providerFamilyDomain":"zai","providerFamilyDomainMigrated":true,"nativeSearchEnhancementsEnabled":true,"memoryEnabled":false,"lastWorkspaceSession":[{"kind":"local","workspacePath":"C:\\Users\\USER\\Desktop\\Personal\\ZCode\\.tmp\\z1-native-1790566616075-78b2c5\\workspace","workspacePurpose":"project"},{"kind":"local","workspacePath":"C:\\Users\\USER\\Desktop\\Personal\\ZCode\\.tmp\\z1-native-1790566616075-78b2c5\\data\\.zcode\\workspace\\default","workspacePurpose":"conversation"}],"lastActiveTabIndex":0,"receivePreviewUpdates":false,"autoDownloadAndInstallUpdates":false,"skippedElectronUpdateVersions":{},"settingsSyncFirstRunPromptHandled":true}
[2026-09-28 11:37:04.031] [pid:37660] [zcode-host] [rpc:call] setting.get OK (0.9ms)
[2026-09-28 11:37:04.032] [pid:37660] [zcode-host] [rpc:listen] zcode-agent.onAgentRuntimeRestarted subscribed
[2026-09-28 11:37:04.032] [pid:37660] [zcode-host] [rpc:call] model-selection.getView OK (0.9ms)
[2026-09-28 11:37:04.032] [pid:37660] [zcode-host] [rpc:call] zcode-task.getTaskNativeSessionLogFile OK (0.2ms)
[2026-09-28 11:37:04.032] [pid:37660] [zcode-host] [rpc:call] zcode-task.getTaskSessionFilePath OK (0.0ms)
[2026-09-28 11:37:04.044] [pid:37660] [zcode-host] [rpc:call] zcode-agent.conversationWorkflowRunsV4 OK (1.5ms)
[2026-09-28 11:37:04.045] [pid:37660] [zcode-host] [rpc:call] zcode-agent.subscribeConversationV4 OK (2.2ms)
[2026-09-28 11:37:04.091] [pid:37660] [zcode-host] [rpc:listen] model-selection.onDidChange subscribed
[2026-09-28 11:37:04.092] [pid:37660] [zcode-host] [rpc:call] model-selection.getView OK (0.6ms)
[2026-09-28 11:37:04.099] [pid:37660] [zcode-host] [rpc:call] zcode-agent.conversationPlansV4 OK (1.0ms)
[2026-09-28 11:37:04.329] [pid:21380] [main] [host-log] (local-1) [host] [2026-09-28 11:37:04.030] [pid:37660] [zcode-host] [rpc:call] zcode-task.getTaskSessionFilePath OK (0.0ms)
[2026-09-28 11:37:04.330] [pid:21380] [renderer] v4 conversation store connect started {
  event: 'v4.conversation.store.connect.started',
  generation: 1,
  hasBase: false,
  module: 'ui.v4.conversation_projection_store',
  status: 'started',
  topic: 'conversation/sess_d14fe7c0-7e5d-416d-a89d-38df5148f7ca'
}
[2026-09-28 11:37:04.331] [pid:21380] [renderer] v4 conversation subscription started {
  workspaceKey: 'C:\\Users\\USER\\Desktop\\Personal\\ZCode\\.tmp\\z1-native-1790566616075-78b2c5\\workspace',
  workspacePath: 'C:\\Users\\USER\\Desktop\\Personal\\ZCode\\.tmp\\z1-native-1790566616075-78b2c5\\workspace',
  event: 'v4.conversation.subscribe.started',
  module: 'ui.v4.conversation_transport',
  runtimeGeneration: 0,
  sessionId: 'sess_d14fe7c0-7e5d-416d-a89d-38df5148f7ca',
  status: 'started',
  topic: 'conversation/sess_d14fe7c0-7e5d-416d-a89d-38df5148f7ca'
}
[2026-09-28 11:37:04.332] [pid:21380] [renderer] v4 session data lease acquired {
  event: 'v4.session_data.acquire',
  keepWarm: false,
  module: 'ui.v4.session_data_layer',
  openKind: 'cold',
  refCount: 1,
  sessionId: 'sess_d14fe7c0-7e5d-416d-a89d-38df5148f7ca',
  status: 'completed',
  topic: 'conversation/sess_d14fe7c0-7e5d-416d-a89d-38df5148f7ca'
}
[2026-09-28 11:37:04.332] [pid:21380] [renderer] v4 conversation subscription acknowledged {
  workspaceKey: 'C:\\Users\\USER\\Desktop\\Personal\\ZCode\\.tmp\\z1-native-1790566616075-78b2c5\\workspace',
  workspacePath: 'C:\\Users\\USER\\Desktop\\Personal\\ZCode\\.tmp\\z1-native-1790566616075-78b2c5\\workspace',
  durationMs: 17,
  event: 'v4.conversation.subscribe.acknowledged',
  module: 'ui.v4.conversation_transport',
  runtimeGeneration: 0,
  sessionId: 'sess_d14fe7c0-7e5d-416d-a89d-38df5148f7ca',
  status: 'completed',
  subscriptionId: 'sub-mukp4wtk-72bcr245-2',
  topic: 'conversation/sess_d14fe7c0-7e5d-416d-a89d-38df5148f7ca'
}
[2026-09-28 11:37:04.333] [pid:21380] [renderer] v4 conversation subscription activated {
  workspaceKey: 'C:\\Users\\USER\\Desktop\\Personal\\ZCode\\.tmp\\z1-native-1790566616075-78b2c5\\workspace',
  workspacePath: 'C:\\Users\\USER\\Desktop\\Personal\\ZCode\\.tmp\\z1-native-1790566616075-78b2c5\\workspace',
  event: 'v4.conversation.subscribe.activated',
  module: 'ui.v4.conversation_transport',
  runtimeGeneration: 0,
  status: 'completed',
  subscriptionId: 'sub-mukp4wtk-72bcr245-2',
  topic: 'conversation/sess_d14fe7c0-7e5d-416d-a89d-38df5148f7ca'
}
[2026-09-28 11:37:04.334] [pid:21380] [renderer] v4 conversation store connect completed {
  durationMs: 17,
  event: 'v4.conversation.store.connect.completed',
  generation: 1,
  logEpoch: 'mukp4wtk-72bcr245',
  mode: 'snapshot',
  module: 'ui.v4.conversation_projection_store',
  status: 'completed',
  subscriptionId: 'sub-mukp4wtk-72bcr245-2',
  topic: 'conversation/sess_d14fe7c0-7e5d-416d-a89d-38df5148f7ca'
}
[2026-09-28 11:37:04.336] [pid:21380] [main] [host-log] (local-1) [host] [2026-09-28 11:37:04.030] [pid:37660] [zcode-host] [rpc:call] zcode-task.getTaskNativeSessionLogFile OK (0.3ms)
[2026-09-28 11:37:04.336] [pid:21380] [main] [host-log] (local-1) [host] [2026-09-28 11:37:04.031] [pid:37660] [zcode-host] [rpc:listen] zcode-agent.onAgentRuntimeLifecycle subscribed
[2026-09-28 11:37:04.337] [pid:21380] [main] [host-log] (local-1) [host] [2026-09-28 11:37:04.031] [pid:37660] [zcode-host] [rpc:listen] graphEngineering.onDidChange subscribed
[2026-09-28 11:37:04.338] [pid:21380] [main] [host-log] (local-1) [host] [2026-09-28 11:37:04.031] [pid:37660] [zcode-host] [rpc:call] graphEngineering.isSessionOwned OK (0.0ms)
[2026-09-28 11:37:04.339] [pid:21380] [main] [host-log] (local-1) [host] [2026-09-28 11:37:04.031] [pid:37660] [zcode-host] [rpc:listen] model-selection.onDidChange subscribed
[2026-09-28 11:37:04.339] [pid:21380] [main] [host-log] (local-1) [host] [2026-09-28 11:37:04.031] [pid:37660] [zcode-host] [rpc:call] setting.get OK (0.9ms)
[2026-09-28 11:37:04.340] [pid:21380] [main] [host-log] (local-1) [host] [2026-09-28 11:37:04.032] [pid:37660] [zcode-host] [rpc:listen] zcode-agent.onAgentRuntimeRestarted subscribed
[2026-09-28 11:37:04.341] [pid:21380] [main] [host-log] (local-1) [host] [2026-09-28 11:37:04.032] [pid:37660] [zcode-host] [rpc:call] model-selection.getView OK (0.9ms)
[2026-09-28 11:37:04.342] [pid:21380] [main] [host-log] (local-1) [host] [2026-09-28 11:37:04.032] [pid:37660] [zcode-host] [rpc:call] zcode-task.getTaskNativeSessionLogFile OK (0.2ms)
[2026-09-28 11:37:04.342] [pid:21380] [main] [host-log] (local-1) [host] [2026-09-28 11:37:04.032] [pid:37660] [zcode-host] [rpc:call] zcode-task.getTaskSessionFilePath OK (0.0ms)
[2026-09-28 11:37:04.343] [pid:21380] [main] [host-log] (local-1) [host] [2026-09-28 11:37:04.044] [pid:37660] [zcode-host] [rpc:call] zcode-agent.conversationWorkflowRunsV4 OK (1.5ms)
[2026-09-28 11:37:04.344] [pid:21380] [main] [host-log] (local-1) [host] [2026-09-28 11:37:04.045] [pid:37660] [zcode-host] [rpc:call] zcode-agent.subscribeConversationV4 OK (2.2ms)
[2026-09-28 11:37:04.345] [pid:21380] [main] [host-log] (local-1) [host] [2026-09-28 11:37:04.091] [pid:37660] [zcode-host] [rpc:listen] model-selection.onDidChange subscribed
[2026-09-28 11:37:04.346] [pid:21380] [main] [host-log] (local-1) [host] [2026-09-28 11:37:04.092] [pid:37660] [zcode-host] [rpc:call] model-selection.getView OK (0.6ms)
[2026-09-28 11:37:04.346] [pid:21380] [main] [host-log] (local-1) [host] [2026-09-28 11:37:04.099] [pid:37660] [zcode-host] [rpc:call] zcode-agent.conversationPlansV4 OK (1.0ms)
[Z1 child] [2026-09-28 11:37:04.401] [pid:37660] [settingService] reading settings from: C:\Users\USER\Desktop\Personal\ZCode\.tmp\z1-native-1790566616075-78b2c5\home\.zcode\v2\setting.json
[Z1 child] [2026-09-28 11:37:04.402] [pid:37660] [settingService] read result: {"recentProjects":[],"locale":"zh-CN","localePreference":"en-US","terminalInheritSystemProfile":true,"embeddedBrowserAllowInsecureCertificates":false,"embeddedBrowserViewportPreference":{"mode":"normal","viewport":{"width":393,"height":852},"zoom":"fit"},"computerUseComposerEntryHidden":true,"taskAutoArchiveEnabled":false,"taskAutoArchiveOlderThanDays":7,"closeToTrayOnWindows":false,"closeToTrayOnWindowsMigrationInitialized":true,"keepAwakeWhileRunning":false,"desktopChromiumHardwareAccelerationEnabled":true,"messageStreamShowReasoning":true,"messageStreamShowReasoningMigrationInitialized":true,"messageStreamShowTodos":false,"toolGroupingExploreEnabled":true,"toolGroupingTerminalEnabled":true,"toolGroupingChangesEnabled":false,"zcodeInteractionBehavior":"queue","askUserQuestionAutoResolutionEnabled":false,"modelIoFullRetentionEnabled":false,"startPlanRecommendationDismissed":false,"providerFamilyConnectionSelections":{},"providerFamilyDomain":"zai","providerFamilyDomainMigrated":true,"nativeSearchEnhancementsEnabled":true,"memoryEnabled":false,"lastWorkspaceSession":[{"kind":"local","workspacePath":"C:\\Users\\USER\\Desktop\\Personal\\ZCode\\.tmp\\z1-native-1790566616075-78b2c5\\workspace","workspacePurpose":"project"},{"kind":"local","workspacePath":"C:\\Users\\USER\\Desktop\\Personal\\ZCode\\.tmp\\z1-native-1790566616075-78b2c5\\data\\.zcode\\workspace\\default","workspacePurpose":"conversation"}],"lastActiveTabIndex":0,"receivePreviewUpdates":false,"autoDownloadAndInstallUpdates":false,"skippedElectronUpdateVersions":{},"settingsSyncFirstRunPromptHandled":true}
[Z1 child] [2026-09-28 11:37:04.402] [pid:37660] [settingService] writing settings to: C:\Users\USER\Desktop\Personal\ZCode\.tmp\z1-native-1790566616075-78b2c5\home\.zcode\v2\setting.json {"recentProjects":[],"locale":"zh-CN","localePreference":"en-US","terminalInheritSystemProfile":true,"embeddedBrowserAllowInsecureCertificates":false,"embeddedBrowserViewportPreference":{"mode":"normal","viewport":{"width":393,"height":852},"zoom":"fit"},"computerUseComposerEntryHidden":true,"taskAutoArchiveEnabled":false,"taskAutoArchiveOlderThanDays":7,"closeToTrayOnWindows":false,"closeToTrayOnWindowsMigrationInitialized":true,"keepAwakeWhileRunning":false,"desktopChromiumHardwareAccelerationEnabled":true,"messageStreamShowReasoning":true,"messageStreamShowReasoningMigrationInitialized":true,"messageStreamShowTodos":false,"toolGroupingExploreEnabled":true,"toolGroupingTerminalEnabled":true,"toolGroupingChangesEnabled":false,"zcodeInteractionBehavior":"queue","askUserQuestionAutoResolutionEnabled":false,"modelIoFullRetentionEnabled":false,"startPlanRecommendationDismissed":false,"providerFamilyConnectionSelections":{},"providerFamilyDomain":"zai","providerFamilyDomainMigrated":true,"nativeSearchEnhancementsEnabled":true,"memoryEnabled":false,"lastWorkspaceSession":[{"kind":"local","workspacePath":"C:\\Users\\USER\\Desktop\\Personal\\ZCode\\.tmp\\z1-native-1790566616075-78b2c5\\workspace","workspacePurpose":"project"},{"kind":"local","workspacePath":"C:\\Users\\USER\\Desktop\\Personal\\ZCode\\.tmp\\z1-native-1790566616075-78b2c5\\data\\.zcode\\workspace\\default","workspacePurpose":"conversation"}],"lastActiveTabIndex":0,"receivePreviewUpdates":false,"autoDownloadAndInstallUpdates":false,"skippedElectronUpdateVersions":{},"settingsSyncFirstRunPromptHandled":true}
[2026-09-28 11:37:04.402] [pid:21380] [main] [host-log] (local-1) [host] [2026-09-28 11:37:04.402] [pid:37660] [settingService] writing settings to: C:\Users\USER\Desktop\Personal\ZCode\.tmp\z1-native-1790566616075-78b2c5\home\.zcode\v2\setting.json {"recentProjects":[],"locale":"zh-CN","localePreference":"en-US","terminalInheritSystemProfile":true,"embeddedBrowserAllowInsecureCertificates":false,"embeddedBrowserViewportPreference":{"mode":"normal","viewport":{"width":393,"height":852},"zoom":"fit"},"computerUseComposerEntryHidden":true,"taskAutoArchiveEnabled":false,"taskAutoArchiveOlderThanDays":7,"closeToTrayOnWindows":false,"closeToTrayOnWindowsMigrationInitialized":true,"keepAwakeWhileRunning":false,"desktopChromiumHardwareAccelerationEnabled":true,"messageStreamShowReasoning":true,"messageStreamShowReasoningMigrationInitialized":true,"messageStreamShowTodos":false,"toolGroupingExploreEnabled":true,"toolGroupingTerminalEnabled":true,"toolGroupingChangesEnabled":false,"zcodeInteractionBehavior":"queue","askUserQuestionAutoResolutionEnabled":false,"modelIoFullRetentionEnabled":false,"startPlanRecommendationDismissed":false,"providerFamilyConnectionSelections":{},"providerFamilyDomain":"zai","providerFamilyDomainMigrated":true,"nativeSearchEnhancementsEnabled":true,"memoryEnabled":false,"lastWorkspaceSession":[{"kind":"local","workspacePath":"C:\\Users\\USER\\Desktop\\Personal\\ZCode\\.tmp\\z1-native-1790566616075-78b2c5\\workspace","workspacePurpose":"project"},{"kind":"local","workspacePath":"C:\\Users\\USER\\Desktop\\Personal\\ZCode\\.tmp\\z1-native-1790566616075-78b2c5\\data\\.zcode\\workspace\\default","workspacePurpose":"conversation"}],"lastActiveTabIndex":0,"receivePreviewUpdates":false,"autoDownloadAndInstallUpdates":false,"skippedElectronUpdateVersions":{},"settingsSyncFirstRunPromptHandled":true}
[Z1 child] [2026-09-28 11:37:04.407] [pid:37660] [settingService] write done
[2026-09-28 11:37:04.407] [pid:37660] [zcode-host] [rpc:call] setting.update OK (6.6ms)
[2026-09-28 11:37:04.407] [pid:21380] [main] [host-log] (local-1) [host] [2026-09-28 11:37:04.407] [pid:37660] [settingService] write done
[2026-09-28 11:37:04.408] [pid:21380] [main] [host-log] (local-1) [host] [2026-09-28 11:37:04.407] [pid:37660] [zcode-host] [rpc:call] setting.update OK (6.6ms)
[2026-09-28 11:37:04.634] [pid:21380] [settingService] writing settings to: C:\Users\USER\Desktop\Personal\ZCode\.tmp\z1-native-1790566616075-78b2c5\home\.zcode\v2\setting.json {"recentProjects":[],"locale":"zh-CN","localePreference":"en-US","terminalInheritSystemProfile":true,"embeddedBrowserAllowInsecureCertificates":false,"embeddedBrowserViewportPreference":{"mode":"normal","viewport":{"width":393,"height":852},"zoom":"fit"},"computerUseComposerEntryHidden":true,"taskAutoArchiveEnabled":false,"taskAutoArchiveOlderThanDays":7,"closeToTrayOnWindows":false,"closeToTrayOnWindowsMigrationInitialized":true,"keepAwakeWhileRunning":false,"desktopWindowSize":{"width":1600,"height":1000,"maximized":false},"desktopChromiumHardwareAccelerationEnabled":true,"messageStreamShowReasoning":true,"messageStreamShowReasoningMigrationInitialized":true,"messageStreamShowTodos":false,"toolGroupingExploreEnabled":true,"toolGroupingTerminalEnabled":true,"toolGroupingChangesEnabled":false,"zcodeInteractionBehavior":"queue","askUserQuestionAutoResolutionEnabled":false,"modelIoFullRetentionEnabled":false,"startPlanRecommendationDismissed":false,"providerFamilyConnectionSelections":{},"providerFamilyDomain":"zai","providerFamilyDomainMigrated":true,"nativeSearchEnhancementsEnabled":true,"memoryEnabled":false,"lastWorkspaceSession":[{"kind":"local","workspacePath":"C:\\Users\\USER\\Desktop\\Personal\\ZCode\\.tmp\\z1-native-1790566616075-78b2c5\\workspace","workspacePurpose":"project"},{"kind":"local","workspacePath":"C:\\Users\\USER\\Desktop\\Personal\\ZCode\\.tmp\\z1-native-1790566616075-78b2c5\\data\\.zcode\\workspace\\default","workspacePurpose":"conversation"}],"lastActiveTabIndex":0,"receivePreviewUpdates":false,"autoDownloadAndInstallUpdates":false,"skippedElectronUpdateVersions":{},"settingsSyncFirstRunPromptHandled":true}
[2026-09-28 11:37:04.640] [pid:21380] [settingService] write done
[Z1 child] [2026-09-28 11:37:04.747] [pid:37660] [zcode-host] [rpc:call] zcode-agent.sendConversationCommandV4 OK (3.7ms)
[2026-09-28 11:37:04.747] [pid:21380] [main] [host-log] (local-1) [host] [2026-09-28 11:37:04.747] [pid:37660] [zcode-host] [rpc:call] zcode-agent.sendConversationCommandV4 OK (3.7ms)
[Z1 child] [2026-09-28 11:37:04.819] [pid:37660] [cua-pip-session] [cua-pip-session] event delivery dropped {
  eventId: 'd0959b7a-9250-4618-88f1-47198bd603b7',
  kind: 'turn-ended',
  sequenceNumber: 55,
  sessionId: 'sess_d14fe7c0-7e5d-416d-a89d-38df5148f7ca',
  turnId: 'turn_1f4aeea4-fc26-410e-bc62-41032735be7f',
  outcome: 'completed',
  skipReason: 'service-disabled'
}
[2026-09-28 11:37:04.819] [pid:21380] [main] [host-log] (local-1) [host] [2026-09-28 11:37:04.819] [pid:37660] [cua-pip-session] [cua-pip-session] event delivery dropped {"eventId":"d0959b7a-9250-4618-88f1-47198bd603b7","kind":"turn-ended","sequenceNumber":55,"sessionId":"sess_d14fe7c0-7e5d-416d-a89d-38df5148f7ca","turnId":"turn_1f4aeea4-fc26-410e-bc62-41032735be7f","outcome":"completed","skipReason":"service-disabled"}
[Z1 child] [2026-09-28 11:37:04.820] [pid:37660] [zcode-task-index-syncer] task 终态未读裁决 {
  goalStatus: null,
  phase: 'completedSuccess',
  taskId: 'sess_d14fe7c0-7e5d-416d-a89d-38df5148f7ca',
  unreadSignal: 'background_terminal'
}
[Z1 child] [2026-09-28 11:37:04.821] [pid:37660] [zcode-task-index-syncer] [list-refresh-trace] emitWorkspaceTaskListChanged reason=task_status_changed taskId=sess_d14fe7c0-7e5d-416d-a89d-38df5148f7ca workspace=C:\Users\USER\Desktop\Personal\ZCode\.tmp\z1-native-1790566616075-78b2c5\workspace hasMeta=true
[Z1 child] [2026-09-28 11:37:04.856] [pid:37660] [zcode-host] [rpc:call] graphEngineering.isSessionOwned OK (0.0ms)
[2026-09-28 11:37:04.856] [pid:21380] [main] [host-log] (local-1) [host] [2026-09-28 11:37:04.856] [pid:37660] [zcode-host] [rpc:call] graphEngineering.isSessionOwned OK (0.0ms)
[Z1 child] [2026-09-28 11:37:04.903] [pid:37660] [zcode-task-index-syncer] [list-refresh-trace] emitWorkspaceTaskListChanged reason=task_title_changed taskId=sess_d14fe7c0-7e5d-416d-a89d-38df5148f7ca workspace=C:\Users\USER\Desktop\Personal\ZCode\.tmp\z1-native-1790566616075-78b2c5\workspace hasMeta=true
[Z1 child] [2026-09-28 11:37:04.906] [pid:37660] [zcode-task-index-syncer] [list-refresh-trace] emitWorkspaceTaskListChanged reason=task_status_changed taskId=sess_d14fe7c0-7e5d-416d-a89d-38df5148f7ca workspace=C:\Users\USER\Desktop\Personal\ZCode\.tmp\z1-native-1790566616075-78b2c5\workspace hasMeta=true
[Z1 child] [2026-09-28 11:37:04.984] [pid:37660] [zcode-host] [rpc:call] graphEngineering.isSessionOwned OK (0.0ms)
[2026-09-28 11:37:04.984] [pid:21380] [main] [host-log] (local-1) [host] [2026-09-28 11:37:04.984] [pid:37660] [zcode-host] [rpc:call] graphEngineering.isSessionOwned OK (0.0ms)
[2026-09-28 11:37:04.999] [pid:21380] [renderer] v4 workspace connection lease released {
  event: 'v4.workspace_connection.release',
  keepWarmMs: 30000,
  key: '__base__ C:\\Users\\USER\\Desktop\\Personal\\ZCode\\.tmp\\z1-native-1790566616075-78b2c5\\workspace',
  module: 'ui.v4.workspace_connection_registry',
  refCount: 0,
  status: 'keep_warm'
}
[2026-09-28 11:37:05.000] [pid:21380] [renderer] v4 session data lease released {
  event: 'v4.session_data.release',
  keepWarmMs: 30000,
  module: 'ui.v4.session_data_layer',
  refCount: 0,
  status: 'keep_warm',
  topic: 'conversation/sess_d14fe7c0-7e5d-416d-a89d-38df5148f7ca'
}
[Z1 child] [2026-09-28 11:37:05.002] [pid:37660] [zcode-host] [rpc:listen] graphEngineering.onDidChange subscribed
[2026-09-28 11:37:05.002] [pid:21380] [main] [host-log] (local-1) [host] [2026-09-28 11:37:05.002] [pid:37660] [zcode-host] [rpc:listen] graphEngineering.onDidChange subscribed
[Z1 child] [2026-09-28 11:37:05.090] [pid:37660] [zcode-agent-service] 开始初始化 ZCode agent {
  workspaceKey: 'C:\\Users\\USER\\Desktop\\Personal\\ZCode\\.tmp\\z1-native-1790566616075-78b2c5\\workspace',
  workspacePath: 'C:\\Users\\USER\\Desktop\\Personal\\ZCode\\.tmp\\z1-native-1790566616075-78b2c5\\workspace'
}
[2026-09-28 11:37:05.090] [pid:21380] [main] [host-log] (local-1) [host] [2026-09-28 11:37:05.090] [pid:37660] [zcode-agent-service] 开始初始化 ZCode agent {"workspaceKey":"C:\\Users\\USER\\Desktop\\Personal\\ZCode\\.tmp\\z1-native-1790566616075-78b2c5\\workspace","workspacePath":"C:\\Users\\USER\\Desktop\\Personal\\ZCode\\.tmp\\z1-native-1790566616075-78b2c5\\workspace"}
[Z1 child] [2026-09-28 11:37:05.090] [pid:37660] [zcode-agent-service] ZCode agent 初始化完成 {
  durationMs: 0,
  transportKind: 'stdio',
  workspaceKey: 'C:\\Users\\USER\\Desktop\\Personal\\ZCode\\.tmp\\z1-native-1790566616075-78b2c5\\workspace',
  workspacePath: 'C:\\Users\\USER\\Desktop\\Personal\\ZCode\\.tmp\\z1-native-1790566616075-78b2c5\\workspace'
}
[2026-09-28 11:37:05.090] [pid:37660] [zcode-session-service][trace:23db72bd-51ad-4fbd-adb1-4c801a8a2af5] [zcode-session-service] createSession 分配 session trace {
  persistence: 'deferred',
  workspaceIdentity: undefined,
  workspacePath: 'C:\\Users\\USER\\Desktop\\Personal\\ZCode\\.tmp\\z1-native-1790566616075-78b2c5\\workspace'
}
[2026-09-28 11:37:05.090] [pid:37660] [zcode-agent-service][trace:23db72bd-51ad-4fbd-adb1-4c801a8a2af5] 开始请求 ZCode Protocol session/create {
  hasInitialModel: false,
  hasInitialThoughtLevel: false,
  initialModel: null,
  mcpServerCount: 0,
  mcpServerNames: [],
  persistence: 'deferred',
  workspaceKey: 'C:\\Users\\USER\\Desktop\\Personal\\ZCode\\.tmp\\z1-native-1790566616075-78b2c5\\workspace',
  workspacePath: 'C:\\Users\\USER\\Desktop\\Personal\\ZCode\\.tmp\\z1-native-1790566616075-78b2c5\\workspace'
}
[2026-09-28 11:37:05.091] [pid:21380] [main] [host-log] (local-1) [host] [2026-09-28 11:37:05.090] [pid:37660] [zcode-agent-service] ZCode agent 初始化完成 {"durationMs":0,"transportKind":"stdio","workspaceKey":"C:\\Users\\USER\\Desktop\\Personal\\ZCode\\.tmp\\z1-native-1790566616075-78b2c5\\workspace","workspacePath":"C:\\Users\\USER\\Desktop\\Personal\\ZCode\\.tmp\\z1-native-1790566616075-78b2c5\\workspace"}
[2026-09-28 11:37:05.091] [pid:21380] [main] [host-log] (local-1) [host] [2026-09-28 11:37:05.090] [pid:37660] [zcode-session-service][trace:23db72bd-51ad-4fbd-adb1-4c801a8a2af5] [zcode-session-service] createSession 分配 session trace {"persistence":"deferred","workspacePath":"C:\\Users\\USER\\Desktop\\Personal\\ZCode\\.tmp\\z1-native-1790566616075-78b2c5\\workspace"}
[2026-09-28 11:37:05.092] [pid:21380] [main] [host-log] (local-1) [host] [2026-09-28 11:37:05.090] [pid:37660] [zcode-agent-service][trace:23db72bd-51ad-4fbd-adb1-4c801a8a2af5] 开始请求 ZCode Protocol session/create {"hasInitialModel":false,"hasInitialThoughtLevel":false,"initialModel":null,"mcpServerCount":0,"mcpServerNames":[],"persistence":"deferred","workspaceKey":"C:\\Users\\USER\\Desktop\\Personal\\ZCode\\.tmp\\z1-native-1790566616075-78b2c5\\workspace","workspacePath":"C:\\Users\\USER\\Desktop\\Personal\\ZCode\\.tmp\\z1-native-1790566616075-78b2c5\\workspace"}
[Z1 child] [2026-09-28 11:37:05.092] [pid:37660] [settingService] reading settings from: C:\Users\USER\Desktop\Personal\ZCode\.tmp\z1-native-1790566616075-78b2c5\home\.zcode\v2\setting.json
[2026-09-28 11:37:05.093] [pid:37660] [settingService] read result: {"recentProjects":[],"locale":"zh-CN","localePreference":"en-US","terminalInheritSystemProfile":true,"embeddedBrowserAllowInsecureCertificates":false,"embeddedBrowserViewportPreference":{"mode":"normal","viewport":{"width":393,"height":852},"zoom":"fit"},"computerUseComposerEntryHidden":true,"taskAutoArchiveEnabled":false,"taskAutoArchiveOlderThanDays":7,"closeToTrayOnWindows":false,"closeToTrayOnWindowsMigrationInitialized":true,"keepAwakeWhileRunning":false,"desktopWindowSize":{"width":1600,"height":1000,"maximized":false},"desktopChromiumHardwareAccelerationEnabled":true,"messageStreamShowReasoning":true,"messageStreamShowReasoningMigrationInitialized":true,"messageStreamShowTodos":false,"toolGroupingExploreEnabled":true,"toolGroupingTerminalEnabled":true,"toolGroupingChangesEnabled":false,"zcodeInteractionBehavior":"queue","askUserQuestionAutoResolutionEnabled":false,"modelIoFullRetentionEnabled":false,"startPlanRecommendationDismissed":false,"providerFamilyConnectionSelections":{},"providerFamilyDomain":"zai","providerFamilyDomainMigrated":true,"nativeSearchEnhancementsEnabled":true,"memoryEnabled":false,"lastWorkspaceSession":[{"kind":"local","workspacePath":"C:\\Users\\USER\\Desktop\\Personal\\ZCode\\.tmp\\z1-native-1790566616075-78b2c5\\workspace","workspacePurpose":"project"},{"kind":"local","workspacePath":"C:\\Users\\USER\\Desktop\\Personal\\ZCode\\.tmp\\z1-native-1790566616075-78b2c5\\data\\.zcode\\workspace\\default","workspacePurpose":"conversation"}],"lastActiveTabIndex":0,"receivePreviewUpdates":false,"autoDownloadAndInstallUpdates":false,"skippedElectronUpdateVersions":{},"settingsSyncFirstRunPromptHandled":true}
[Z1 child] [2026-09-28 11:37:05.161] [pid:37660] [zcode-agent-service][trace:23db72bd-51ad-4fbd-adb1-4c801a8a2af5] ZCode Protocol session/create 完成 {
  durationMs: 71,
  messageCount: 0,
  modelCurrent: 'z1-local-fixture/z1-fixture$enabled',
  mcpServerCount: 0,
  persistence: 'deferred',
  sessionId: 'sess_5fd87c39-de6a-45f3-907e-5599ac43f3ed',
  snapshotTraceId: '23db72bd-51ad-4fbd-adb1-4c801a8a2af5',
  workspaceKey: 'C:\\Users\\USER\\Desktop\\Personal\\ZCode\\.tmp\\z1-native-1790566616075-78b2c5\\workspace',
  workspacePath: 'C:\\Users\\USER\\Desktop\\Personal\\ZCode\\.tmp\\z1-native-1790566616075-78b2c5\\workspace'
}
[2026-09-28 11:37:05.161] [pid:21380] [main] [host-log] (local-1) [host] [2026-09-28 11:37:05.161] [pid:37660] [zcode-agent-service][trace:23db72bd-51ad-4fbd-adb1-4c801a8a2af5] ZCode Protocol session/create 完成 {"durationMs":71,"messageCount":0,"modelCurrent":"z1-local-fixture/z1-fixture$enabled","mcpServerCount":0,"persistence":"deferred","sessionId":"sess_5fd87c39-de6a-45f3-907e-5599ac43f3ed","snapshotTraceId":"23db72bd-51ad-4fbd-adb1-4c801a8a2af5","workspaceKey":"C:\\Users\\USER\\Desktop\\Personal\\ZCode\\.tmp\\z1-native-1790566616075-78b2c5\\workspace","workspacePath":"C:\\Users\\USER\\Desktop\\Personal\\ZCode\\.tmp\\z1-native-1790566616075-78b2c5\\workspace"}
[2026-09-28 11:37:05.162] [pid:21380] [main] [host-log] (local-1) [host] [2026-09-28 11:37:05.161] [pid:37660] [zcode-session-service][trace:23db72bd-51ad-4fbd-adb1-4c801a8a2af5] [zcode-session-service] createSession agent 返回 {"durationMs":71,"mcpServerCount":0,"persistence":"deferred","snapshotTraceId":"23db72bd-51ad-4fbd-adb1-4c801a8a2af5","sessionId":"sess_5fd87c39-de6a-45f3-907e-5599ac43f3ed","workspacePath":"C:\\Users\\USER\\Desktop\\Personal\\ZCode\\.tmp\\z1-native-1790566616075-78b2c5\\workspace"}
[Z1 child] [2026-09-28 11:37:05.161] [pid:37660] [zcode-session-service][trace:23db72bd-51ad-4fbd-adb1-4c801a8a2af5] [zcode-session-service] createSession agent 返回 {
  durationMs: 71,
  mcpServerCount: 0,
  persistence: 'deferred',
  snapshotTraceId: '23db72bd-51ad-4fbd-adb1-4c801a8a2af5',
  sessionId: 'sess_5fd87c39-de6a-45f3-907e-5599ac43f3ed',
  workspaceIdentity: undefined,
  workspacePath: 'C:\\Users\\USER\\Desktop\\Personal\\ZCode\\.tmp\\z1-native-1790566616075-78b2c5\\workspace'
}
[Z1 child] [2026-09-28 11:37:05.209] [pid:37660] [settingService] reading settings from: C:\Users\USER\Desktop\Personal\ZCode\.tmp\z1-native-1790566616075-78b2c5\home\.zcode\v2\setting.json
[Z1 child] [2026-09-28 11:37:05.209] [pid:37660] [settingService] read result: {"recentProjects":[],"locale":"zh-CN","localePreference":"en-US","terminalInheritSystemProfile":true,"embeddedBrowserAllowInsecureCertificates":false,"embeddedBrowserViewportPreference":{"mode":"normal","viewport":{"width":393,"height":852},"zoom":"fit"},"computerUseComposerEntryHidden":true,"taskAutoArchiveEnabled":false,"taskAutoArchiveOlderThanDays":7,"closeToTrayOnWindows":false,"closeToTrayOnWindowsMigrationInitialized":true,"keepAwakeWhileRunning":false,"desktopWindowSize":{"width":1600,"height":1000,"maximized":false},"desktopChromiumHardwareAccelerationEnabled":true,"messageStreamShowReasoning":true,"messageStreamShowReasoningMigrationInitialized":true,"messageStreamShowTodos":false,"toolGroupingExploreEnabled":true,"toolGroupingTerminalEnabled":true,"toolGroupingChangesEnabled":false,"zcodeInteractionBehavior":"queue","askUserQuestionAutoResolutionEnabled":false,"modelIoFullRetentionEnabled":false,"startPlanRecommendationDismissed":false,"providerFamilyConnectionSelections":{},"providerFamilyDomain":"zai","providerFamilyDomainMigrated":true,"nativeSearchEnhancementsEnabled":true,"memoryEnabled":false,"lastWorkspaceSession":[{"kind":"local","workspacePath":"C:\\Users\\USER\\Desktop\\Personal\\ZCode\\.tmp\\z1-native-1790566616075-78b2c5\\workspace","workspacePurpose":"project"},{"kind":"local","workspacePath":"C:\\Users\\USER\\Desktop\\Personal\\ZCode\\.tmp\\z1-native-1790566616075-78b2c5\\data\\.zcode\\workspace\\default","workspacePurpose":"conversation"}],"lastActiveTabIndex":0,"receivePreviewUpdates":false,"autoDownloadAndInstallUpdates":false,"skippedElectronUpdateVersions":{},"settingsSyncFirstRunPromptHandled":true}
[Z1 child] [2026-09-28 11:37:05.210] [pid:37660] [zcode-host] [rpc:call] graphEngineering.getWorkspace OK (208.5ms)
[2026-09-28 11:37:05.210] [pid:21380] [main] [host-log] (local-1) [host] [2026-09-28 11:37:05.210] [pid:37660] [zcode-host] [rpc:call] graphEngineering.getWorkspace OK (208.5ms)
[Z1 child] [2026-09-28 11:37:05.211] [pid:37660] [settingService] reading settings from: C:\Users\USER\Desktop\Personal\ZCode\.tmp\z1-native-1790566616075-78b2c5\home\.zcode\v2\setting.json
[2026-09-28 11:37:05.211] [pid:37660] [settingService] read result: {"recentProjects":[],"locale":"zh-CN","localePreference":"en-US","terminalInheritSystemProfile":true,"embeddedBrowserAllowInsecureCertificates":false,"embeddedBrowserViewportPreference":{"mode":"normal","viewport":{"width":393,"height":852},"zoom":"fit"},"computerUseComposerEntryHidden":true,"taskAutoArchiveEnabled":false,"taskAutoArchiveOlderThanDays":7,"closeToTrayOnWindows":false,"closeToTrayOnWindowsMigrationInitialized":true,"keepAwakeWhileRunning":false,"desktopWindowSize":{"width":1600,"height":1000,"maximized":false},"desktopChromiumHardwareAccelerationEnabled":true,"messageStreamShowReasoning":true,"messageStreamShowReasoningMigrationInitialized":true,"messageStreamShowTodos":false,"toolGroupingExploreEnabled":true,"toolGroupingTerminalEnabled":true,"toolGroupingChangesEnabled":false,"zcodeInteractionBehavior":"queue","askUserQuestionAutoResolutionEnabled":false,"modelIoFullRetentionEnabled":false,"startPlanRecommendationDismissed":false,"providerFamilyConnectionSelections":{},"providerFamilyDomain":"zai","providerFamilyDomainMigrated":true,"nativeSearchEnhancementsEnabled":true,"memoryEnabled":false,"lastWorkspaceSession":[{"kind":"local","workspacePath":"C:\\Users\\USER\\Desktop\\Personal\\ZCode\\.tmp\\z1-native-1790566616075-78b2c5\\workspace","workspacePurpose":"project"},{"kind":"local","workspacePath":"C:\\Users\\USER\\Desktop\\Personal\\ZCode\\.tmp\\z1-native-1790566616075-78b2c5\\data\\.zcode\\workspace\\default","workspacePurpose":"conversation"}],"lastActiveTabIndex":0,"receivePreviewUpdates":false,"autoDownloadAndInstallUpdates":false,"skippedElectronUpdateVersions":{},"settingsSyncFirstRunPromptHandled":true}
[Z1 child] [2026-09-28 11:37:05.212] [pid:37660] [zcode-host] [rpc:call] graphEngineering.getWorkspace OK (121.5ms)
[2026-09-28 11:37:05.211] [pid:21380] [main] [host-log] (local-1) [host] [2026-09-28 11:37:05.212] [pid:37660] [zcode-host] [rpc:call] graphEngineering.getWorkspace OK (121.5ms)
[Z1 child] [2026-09-28 11:37:05.212] [pid:37660] [settingService] reading settings from: C:\Users\USER\Desktop\Personal\ZCode\.tmp\z1-native-1790566616075-78b2c5\home\.zcode\v2\setting.json
[2026-09-28 11:37:05.212] [pid:37660] [settingService] read result: {"recentProjects":[],"locale":"zh-CN","localePreference":"en-US","terminalInheritSystemProfile":true,"embeddedBrowserAllowInsecureCertificates":false,"embeddedBrowserViewportPreference":{"mode":"normal","viewport":{"width":393,"height":852},"zoom":"fit"},"computerUseComposerEntryHidden":true,"taskAutoArchiveEnabled":false,"taskAutoArchiveOlderThanDays":7,"closeToTrayOnWindows":false,"closeToTrayOnWindowsMigrationInitialized":true,"keepAwakeWhileRunning":false,"desktopWindowSize":{"width":1600,"height":1000,"maximized":false},"desktopChromiumHardwareAccelerationEnabled":true,"messageStreamShowReasoning":true,"messageStreamShowReasoningMigrationInitialized":true,"messageStreamShowTodos":false,"toolGroupingExploreEnabled":true,"toolGroupingTerminalEnabled":true,"toolGroupingChangesEnabled":false,"zcodeInteractionBehavior":"queue","askUserQuestionAutoResolutionEnabled":false,"modelIoFullRetentionEnabled":false,"startPlanRecommendationDismissed":false,"providerFamilyConnectionSelections":{},"providerFamilyDomain":"zai","providerFamilyDomainMigrated":true,"nativeSearchEnhancementsEnabled":true,"memoryEnabled":false,"lastWorkspaceSession":[{"kind":"local","workspacePath":"C:\\Users\\USER\\Desktop\\Personal\\ZCode\\.tmp\\z1-native-1790566616075-78b2c5\\workspace","workspacePurpose":"project"},{"kind":"local","workspacePath":"C:\\Users\\USER\\Desktop\\Personal\\ZCode\\.tmp\\z1-native-1790566616075-78b2c5\\data\\.zcode\\workspace\\default","workspacePurpose":"conversation"}],"lastActiveTabIndex":0,"receivePreviewUpdates":false,"autoDownloadAndInstallUpdates":false,"skippedElectronUpdateVersions":{},"settingsSyncFirstRunPromptHandled":true}
[Z1 child] [2026-09-28 11:37:05.213] [pid:37660] [zcode-host] [rpc:call] graphEngineering.getWorkspace OK (47.9ms)
[2026-09-28 11:37:05.213] [pid:21380] [main] [host-log] (local-1) [host] [2026-09-28 11:37:05.213] [pid:37660] [zcode-host] [rpc:call] graphEngineering.getWorkspace OK (47.9ms)
[Z1 child] [2026-09-28 11:37:05.213] [pid:37660] [settingService] reading settings from: C:\Users\USER\Desktop\Personal\ZCode\.tmp\z1-native-1790566616075-78b2c5\home\.zcode\v2\setting.json
[2026-09-28 11:37:05.214] [pid:37660] [settingService] read result: {"recentProjects":[],"locale":"zh-CN","localePreference":"en-US","terminalInheritSystemProfile":true,"embeddedBrowserAllowInsecureCertificates":false,"embeddedBrowserViewportPreference":{"mode":"normal","viewport":{"width":393,"height":852},"zoom":"fit"},"computerUseComposerEntryHidden":true,"taskAutoArchiveEnabled":false,"taskAutoArchiveOlderThanDays":7,"closeToTrayOnWindows":false,"closeToTrayOnWindowsMigrationInitialized":true,"keepAwakeWhileRunning":false,"desktopWindowSize":{"width":1600,"height":1000,"maximized":false},"desktopChromiumHardwareAccelerationEnabled":true,"messageStreamShowReasoning":true,"messageStreamShowReasoningMigrationInitialized":true,"messageStreamShowTodos":false,"toolGroupingExploreEnabled":true,"toolGroupingTerminalEnabled":true,"toolGroupingChangesEnabled":false,"zcodeInteractionBehavior":"queue","askUserQuestionAutoResolutionEnabled":false,"modelIoFullRetentionEnabled":false,"startPlanRecommendationDismissed":false,"providerFamilyConnectionSelections":{},"providerFamilyDomain":"zai","providerFamilyDomainMigrated":true,"nativeSearchEnhancementsEnabled":true,"memoryEnabled":false,"lastWorkspaceSession":[{"kind":"local","workspacePath":"C:\\Users\\USER\\Desktop\\Personal\\ZCode\\.tmp\\z1-native-1790566616075-78b2c5\\workspace","workspacePurpose":"project"},{"kind":"local","workspacePath":"C:\\Users\\USER\\Desktop\\Personal\\ZCode\\.tmp\\z1-native-1790566616075-78b2c5\\data\\.zcode\\workspace\\default","workspacePurpose":"conversation"}],"lastActiveTabIndex":0,"receivePreviewUpdates":false,"autoDownloadAndInstallUpdates":false,"skippedElectronUpdateVersions":{},"settingsSyncFirstRunPromptHandled":true}
[Z1 child] [2026-09-28 11:37:05.214] [pid:37660] [zcode-host] [rpc:call] graphEngineering.getWorkspace OK (15.9ms)
[2026-09-28 11:37:05.214] [pid:21380] [main] [host-log] (local-1) [host] [2026-09-28 11:37:05.214] [pid:37660] [zcode-host] [rpc:call] graphEngineering.getWorkspace OK (15.9ms)
[Z1 child] [2026-09-28 11:37:05.215] [pid:37660] [settingService] reading settings from: C:\Users\USER\Desktop\Personal\ZCode\.tmp\z1-native-1790566616075-78b2c5\home\.zcode\v2\setting.json
[2026-09-28 11:37:05.215] [pid:37660] [settingService] read result: {"recentProjects":[],"locale":"zh-CN","localePreference":"en-US","terminalInheritSystemProfile":true,"embeddedBrowserAllowInsecureCertificates":false,"embeddedBrowserViewportPreference":{"mode":"normal","viewport":{"width":393,"height":852},"zoom":"fit"},"computerUseComposerEntryHidden":true,"taskAutoArchiveEnabled":false,"taskAutoArchiveOlderThanDays":7,"closeToTrayOnWindows":false,"closeToTrayOnWindowsMigrationInitialized":true,"keepAwakeWhileRunning":false,"desktopWindowSize":{"width":1600,"height":1000,"maximized":false},"desktopChromiumHardwareAccelerationEnabled":true,"messageStreamShowReasoning":true,"messageStreamShowReasoningMigrationInitialized":true,"messageStreamShowTodos":false,"toolGroupingExploreEnabled":true,"toolGroupingTerminalEnabled":true,"toolGroupingChangesEnabled":false,"zcodeInteractionBehavior":"queue","askUserQuestionAutoResolutionEnabled":false,"modelIoFullRetentionEnabled":false,"startPlanRecommendationDismissed":false,"providerFamilyConnectionSelections":{},"providerFamilyDomain":"zai","providerFamilyDomainMigrated":true,"nativeSearchEnhancementsEnabled":true,"memoryEnabled":false,"lastWorkspaceSession":[{"kind":"local","workspacePath":"C:\\Users\\USER\\Desktop\\Personal\\ZCode\\.tmp\\z1-native-1790566616075-78b2c5\\workspace","workspacePurpose":"project"},{"kind":"local","workspacePath":"C:\\Users\\USER\\Desktop\\Personal\\ZCode\\.tmp\\z1-native-1790566616075-78b2c5\\data\\.zcode\\workspace\\default","workspacePurpose":"conversation"}],"lastActiveTabIndex":0,"receivePreviewUpdates":false,"autoDownloadAndInstallUpdates":false,"skippedElectronUpdateVersions":{},"settingsSyncFirstRunPromptHandled":true}
[Z1 child] [2026-09-28 11:37:05.216] [pid:37660] [zcode-host] [rpc:call] graphEngineering.getWorkspace OK (3.3ms)
[2026-09-28 11:37:05.216] [pid:21380] [main] [host-log] (local-1) [host] [2026-09-28 11:37:05.216] [pid:37660] [zcode-host] [rpc:call] graphEngineering.getWorkspace OK (3.3ms)
[Z1 child] [2026-09-28 11:37:05.230] [pid:37660] [settingService] reading settings from: C:\Users\USER\Desktop\Personal\ZCode\.tmp\z1-native-1790566616075-78b2c5\home\.zcode\v2\setting.json
[2026-09-28 11:37:05.230] [pid:21380] [main] [host-log] (local-1) [host] [2026-09-28 11:37:05.230] [pid:37660] [zcode-host] [rpc:listen] model-selection.onDidChange subscribed
[Z1 child] [2026-09-28 11:37:05.230] [pid:37660] [zcode-host] [rpc:listen] model-selection.onDidChange subscribed
[2026-09-28 11:37:05.231] [pid:37660] [zcode-host] [rpc:call] graphEngineering.validateDefinition OK (0.3ms)
[2026-09-28 11:37:05.231] [pid:21380] [main] [host-log] (local-1) [host] [2026-09-28 11:37:05.231] [pid:37660] [zcode-host] [rpc:call] graphEngineering.validateDefinition OK (0.3ms)
[2026-09-28 11:37:05.231] [pid:21380] [main] [host-log] (local-1) [host] [2026-09-28 11:37:05.231] [pid:37660] [zcode-host] [rpc:call] setting.get OK (1.2ms)
[2026-09-28 11:37:05.232] [pid:21380] [main] [host-log] (local-1) [host] [2026-09-28 11:37:05.231] [pid:37660] [zcode-host] [rpc:call] model-selection.getView OK (1.3ms)
[Z1 child] [2026-09-28 11:37:05.231] [pid:37660] [settingService] read result: {"recentProjects":[],"locale":"zh-CN","localePreference":"en-US","terminalInheritSystemProfile":true,"embeddedBrowserAllowInsecureCertificates":false,"embeddedBrowserViewportPreference":{"mode":"normal","viewport":{"width":393,"height":852},"zoom":"fit"},"computerUseComposerEntryHidden":true,"taskAutoArchiveEnabled":false,"taskAutoArchiveOlderThanDays":7,"closeToTrayOnWindows":false,"closeToTrayOnWindowsMigrationInitialized":true,"keepAwakeWhileRunning":false,"desktopWindowSize":{"width":1600,"height":1000,"maximized":false},"desktopChromiumHardwareAccelerationEnabled":true,"messageStreamShowReasoning":true,"messageStreamShowReasoningMigrationInitialized":true,"messageStreamShowTodos":false,"toolGroupingExploreEnabled":true,"toolGroupingTerminalEnabled":true,"toolGroupingChangesEnabled":false,"zcodeInteractionBehavior":"queue","askUserQuestionAutoResolutionEnabled":false,"modelIoFullRetentionEnabled":false,"startPlanRecommendationDismissed":false,"providerFamilyConnectionSelections":{},"providerFamilyDomain":"zai","providerFamilyDomainMigrated":true,"nativeSearchEnhancementsEnabled":true,"memoryEnabled":false,"lastWorkspaceSession":[{"kind":"local","workspacePath":"C:\\Users\\USER\\Desktop\\Personal\\ZCode\\.tmp\\z1-native-1790566616075-78b2c5\\workspace","workspacePurpose":"project"},{"kind":"local","workspacePath":"C:\\Users\\USER\\Desktop\\Personal\\ZCode\\.tmp\\z1-native-1790566616075-78b2c5\\data\\.zcode\\workspace\\default","workspacePurpose":"conversation"}],"lastActiveTabIndex":0,"receivePreviewUpdates":false,"autoDownloadAndInstallUpdates":false,"skippedElectronUpdateVersions":{},"settingsSyncFirstRunPromptHandled":true}
[2026-09-28 11:37:05.231] [pid:37660] [zcode-host] [rpc:call] setting.get OK (1.2ms)
[2026-09-28 11:37:05.231] [pid:37660] [zcode-host] [rpc:call] model-selection.getView OK (1.3ms)
[Z1 child] [2026-09-28 11:37:05.524] [pid:37660] [cua-pip-session] [cua-pip-session] event delivery dropped {
  kind: 'focus-changed',
  revision: 5,
  sessionId: 'sess_5fd87c39-de6a-45f3-907e-5599ac43f3ed',
  sourceWindowId: 'window-1',
  skipReason: 'service-disabled'
}
[2026-09-28 11:37:05.524] [pid:21380] [main] [host-log] (local-1) [host] [2026-09-28 11:37:05.524] [pid:37660] [cua-pip-session] [cua-pip-session] event delivery dropped {"kind":"focus-changed","revision":5,"sessionId":"sess_5fd87c39-de6a-45f3-907e-5599ac43f3ed","sourceWindowId":"window-1","skipReason":"service-disabled"}
[2026-09-28 11:37:05.527] [pid:21380] [renderer] v4 workspace connection reused {
  event: 'v4.workspace_connection.reused',
  isRemote: false,
  key: '__base__ C:\\Users\\USER\\Desktop\\Personal\\ZCode\\.tmp\\z1-native-1790566616075-78b2c5\\workspace',
  module: 'ui.v4.workspace_connection_registry',
  refCount: 1,
  serviceGeneration: 1,
  status: 'completed'
}
[Z1 child] [2026-09-28 11:37:05.539] [pid:37660] [zcode-host] [rpc:call] zcode-task.getTaskSessionFilePath OK (0.0ms)
[2026-09-28 11:37:05.539] [pid:21380] [main] [host-log] (local-1) [host] [2026-09-28 11:37:05.539] [pid:37660] [zcode-host] [rpc:call] zcode-task.getTaskSessionFilePath OK (0.0ms)
[2026-09-28 11:37:05.540] [pid:21380] [renderer] v4 conversation store connect started {
  event: 'v4.conversation.store.connect.started',
  generation: 1,
  hasBase: false,
  module: 'ui.v4.conversation_projection_store',
  status: 'started',
  topic: 'conversation/sess_5fd87c39-de6a-45f3-907e-5599ac43f3ed'
}
[2026-09-28 11:37:05.540] [pid:21380] [renderer] v4 conversation subscription started {
  workspaceKey: 'C:\\Users\\USER\\Desktop\\Personal\\ZCode\\.tmp\\z1-native-1790566616075-78b2c5\\workspace',
  workspacePath: 'C:\\Users\\USER\\Desktop\\Personal\\ZCode\\.tmp\\z1-native-1790566616075-78b2c5\\workspace',
  event: 'v4.conversation.subscribe.started',
  module: 'ui.v4.conversation_transport',
  runtimeGeneration: 0,
  sessionId: 'sess_5fd87c39-de6a-45f3-907e-5599ac43f3ed',
  status: 'started',
  topic: 'conversation/sess_5fd87c39-de6a-45f3-907e-5599ac43f3ed'
}
[2026-09-28 11:37:05.541] [pid:21380] [renderer] v4 session data lease acquired {
  event: 'v4.session_data.acquire',
  keepWarm: false,
  module: 'ui.v4.session_data_layer',
  openKind: 'cold',
  refCount: 1,
  sessionId: 'sess_5fd87c39-de6a-45f3-907e-5599ac43f3ed',
  status: 'completed',
  topic: 'conversation/sess_5fd87c39-de6a-45f3-907e-5599ac43f3ed'
}
[2026-09-28 11:37:05.542] [pid:21380] [main] [host-log] (local-1) [host] [2026-09-28 11:37:05.539] [pid:37660] [zcode-host] [rpc:call] zcode-task.getTaskNativeSessionLogFile OK (0.2ms)
[2026-09-28 11:37:05.542] [pid:21380] [main] [host-log] (local-1) [host] [2026-09-28 11:37:05.540] [pid:37660] [zcode-host] [rpc:listen] graphEngineering.onDidChange subscribed
[2026-09-28 11:37:05.543] [pid:21380] [main] [host-log] (local-1) [host] [2026-09-28 11:37:05.540] [pid:37660] [zcode-host] [rpc:call] graphEngineering.isSessionOwned OK (0.0ms)
[2026-09-28 11:37:05.544] [pid:21380] [main] [host-log] (local-1) [host] [2026-09-28 11:37:05.540] [pid:37660] [zcode-host] [rpc:listen] model-selection.onDidChange subscribed
[Z1 child] [2026-09-28 11:37:05.539] [pid:37660] [zcode-host] [rpc:call] zcode-task.getTaskNativeSessionLogFile OK (0.2ms)
[2026-09-28 11:37:05.539] [pid:37660] [settingService] reading settings from: C:\Users\USER\Desktop\Personal\ZCode\.tmp\z1-native-1790566616075-78b2c5\home\.zcode\v2\setting.json
[2026-09-28 11:37:05.540] [pid:37660] [zcode-host] [rpc:listen] graphEngineering.onDidChange subscribed
[2026-09-28 11:37:05.540] [pid:37660] [zcode-host] [rpc:call] graphEngineering.isSessionOwned OK (0.0ms)
[2026-09-28 11:37:05.540] [pid:37660] [zcode-host] [rpc:listen] model-selection.onDidChange subscribed
[2026-09-28 11:37:05.540] [pid:37660] [settingService] read result: {"recentProjects":[],"locale":"zh-CN","localePreference":"en-US","terminalInheritSystemProfile":true,"embeddedBrowserAllowInsecureCertificates":false,"embeddedBrowserViewportPreference":{"mode":"normal","viewport":{"width":393,"height":852},"zoom":"fit"},"computerUseComposerEntryHidden":true,"taskAutoArchiveEnabled":false,"taskAutoArchiveOlderThanDays":7,"closeToTrayOnWindows":false,"closeToTrayOnWindowsMigrationInitialized":true,"keepAwakeWhileRunning":false,"desktopWindowSize":{"width":1600,"height":1000,"maximized":false},"desktopChromiumHardwareAccelerationEnabled":true,"messageStreamShowReasoning":true,"messageStreamShowReasoningMigrationInitialized":true,"messageStreamShowTodos":false,"toolGroupingExploreEnabled":true,"toolGroupingTerminalEnabled":true,"toolGroupingChangesEnabled":false,"zcodeInteractionBehavior":"queue","askUserQuestionAutoResolutionEnabled":false,"modelIoFullRetentionEnabled":false,"startPlanRecommendationDismissed":false,"providerFamilyConnectionSelections":{},"providerFamilyDomain":"zai","providerFamilyDomainMigrated":true,"nativeSearchEnhancementsEnabled":true,"memoryEnabled":false,"lastWorkspaceSession":[{"kind":"local","workspacePath":"C:\\Users\\USER\\Desktop\\Personal\\ZCode\\.tmp\\z1-native-1790566616075-78b2c5\\workspace","workspacePurpose":"project"},{"kind":"local","workspacePath":"C:\\Users\\USER\\Desktop\\Personal\\ZCode\\.tmp\\z1-native-1790566616075-78b2c5\\data\\.zcode\\workspace\\default","workspacePurpose":"conversation"}],"lastActiveTabIndex":0,"receivePreviewUpdates":false,"autoDownloadAndInstallUpdates":false,"skippedElectronUpdateVersions":{},"settingsSyncFirstRunPromptHandled":true}
[2026-09-28 11:37:05.540] [pid:37660] [zcode-host] [rpc:call] setting.get OK (0.9ms)
[2026-09-28 11:37:05.541] [pid:37660] [zcode-host] [rpc:call] zcode-task.getTaskNativeSessionLogFile OK (0.2ms)
[2026-09-28 11:37:05.541] [pid:37660] [zcode-host] [rpc:call] zcode-task.getTaskSessionFilePath OK (0.0ms)
[2026-09-28 11:37:05.541] [pid:37660] [zcode-host] [rpc:call] model-selection.getView OK (1.4ms)
[2026-09-28 11:37:05.545] [pid:21380] [main] [host-log] (local-1) [host] [2026-09-28 11:37:05.540] [pid:37660] [zcode-host] [rpc:call] setting.get OK (0.9ms)
[2026-09-28 11:37:05.545] [pid:21380] [main] [host-log] (local-1) [host] [2026-09-28 11:37:05.541] [pid:37660] [zcode-host] [rpc:call] zcode-task.getTaskNativeSessionLogFile OK (0.2ms)
[2026-09-28 11:37:05.546] [pid:21380] [main] [host-log] (local-1) [host] [2026-09-28 11:37:05.541] [pid:37660] [zcode-host] [rpc:call] zcode-task.getTaskSessionFilePath OK (0.0ms)
[2026-09-28 11:37:05.546] [pid:21380] [main] [host-log] (local-1) [host] [2026-09-28 11:37:05.541] [pid:37660] [zcode-host] [rpc:call] model-selection.getView OK (1.4ms)
[Z1 child] [2026-09-28 11:37:05.571] [pid:37660] [zcode-session-service] [zcode-session-service] readSession 历史快照读取完成 {
  deliveryKind: undefined,
  durationMs: 30,
  messageLimit: 1,
  sessionId: 'sess_5fd87c39-de6a-45f3-907e-5599ac43f3ed',
  snapshot: {
    activeTurnId: null,
    eventSeq: 2,
    messageCount: 0,
    pendingRequestCount: 1,
    sessionStatus: 'idle',
    stateRevision: 0
  },
  workspaceIdentity: null,
  workspacePath: 'C:\\Users\\USER\\Desktop\\Personal\\ZCode\\.tmp\\z1-native-1790566616075-78b2c5\\workspace'
}
[2026-09-28 11:37:05.571] [pid:21380] [main] [host-log] (local-1) [host] [2026-09-28 11:37:05.571] [pid:37660] [zcode-session-service] [zcode-session-service] readSession 历史快照读取完成 {"durationMs":30,"messageLimit":1,"sessionId":"sess_5fd87c39-de6a-45f3-907e-5599ac43f3ed","snapshot":{"activeTurnId":null,"eventSeq":2,"messageCount":0,"pendingRequestCount":1,"sessionStatus":"idle","stateRevision":0},"workspaceIdentity":null,"workspacePath":"C:\\Users\\USER\\Desktop\\Personal\\ZCode\\.tmp\\z1-native-1790566616075-78b2c5\\workspace"}
[Z1 child] [2026-09-28 11:37:05.571] [pid:37660] [zcode-host] [rpc:call] zcode-session.readSession OK (31.0ms)
[2026-09-28 11:37:05.572] [pid:37660] [zcode-host] [rpc:call] zcode-agent.conversationWorkflowRunsV4 OK (21.5ms)
[2026-09-28 11:37:05.572] [pid:21380] [main] [host-log] (local-1) [host] [2026-09-28 11:37:05.571] [pid:37660] [zcode-host] [rpc:call] zcode-session.readSession OK (31.0ms)
[2026-09-28 11:37:05.573] [pid:21380] [main] [host-log] (local-1) [host] [2026-09-28 11:37:05.572] [pid:37660] [zcode-host] [rpc:call] zcode-agent.conversationWorkflowRunsV4 OK (21.5ms)
[Z1 child] [2026-09-28 11:37:05.574] [pid:37660] [zcode-host] [rpc:call] zcode-agent.subscribeConversationV4 OK (24.0ms)
[2026-09-28 11:37:05.574] [pid:21380] [main] [host-log] (local-1) [host] [2026-09-28 11:37:05.574] [pid:37660] [zcode-host] [rpc:call] zcode-agent.subscribeConversationV4 OK (24.0ms)
[Z1 child] [2026-09-28 11:37:05.578] [pid:37660] [zcode-host] [rpc:call] zcode-task.getTaskNativeSessionLogFile OK (0.2ms)
[2026-09-28 11:37:05.577] [pid:21380] [main] [host-log] (local-1) [host] [2026-09-28 11:37:05.578] [pid:37660] [zcode-host] [rpc:call] zcode-task.getTaskNativeSessionLogFile OK (0.2ms)
[2026-09-28 11:37:05.586] [pid:21380] [renderer] v4 conversation subscription acknowledged {
  workspaceKey: 'C:\\Users\\USER\\Desktop\\Personal\\ZCode\\.tmp\\z1-native-1790566616075-78b2c5\\workspace',
  workspacePath: 'C:\\Users\\USER\\Desktop\\Personal\\ZCode\\.tmp\\z1-native-1790566616075-78b2c5\\workspace',
  durationMs: 47,
  event: 'v4.conversation.subscribe.acknowledged',
  module: 'ui.v4.conversation_transport',
  runtimeGeneration: 0,
  sessionId: 'sess_5fd87c39-de6a-45f3-907e-5599ac43f3ed',
  status: 'completed',
  subscriptionId: 'sub-mukp4yb9-xmfvrgsz-1',
  topic: 'conversation/sess_5fd87c39-de6a-45f3-907e-5599ac43f3ed'
}
[2026-09-28 11:37:05.587] [pid:21380] [renderer] v4 conversation subscription activated {
  workspaceKey: 'C:\\Users\\USER\\Desktop\\Personal\\ZCode\\.tmp\\z1-native-1790566616075-78b2c5\\workspace',
  workspacePath: 'C:\\Users\\USER\\Desktop\\Personal\\ZCode\\.tmp\\z1-native-1790566616075-78b2c5\\workspace',
  event: 'v4.conversation.subscribe.activated',
  module: 'ui.v4.conversation_transport',
  runtimeGeneration: 0,
  status: 'completed',
  subscriptionId: 'sub-mukp4yb9-xmfvrgsz-1',
  topic: 'conversation/sess_5fd87c39-de6a-45f3-907e-5599ac43f3ed'
}
[2026-09-28 11:37:05.588] [pid:21380] [renderer] v4 conversation store connect completed {
  durationMs: 47,
  event: 'v4.conversation.store.connect.completed',
  generation: 1,
  logEpoch: 'mukp4yb9-xmfvrgsz',
  mode: 'snapshot',
  module: 'ui.v4.conversation_projection_store',
  status: 'completed',
  subscriptionId: 'sub-mukp4yb9-xmfvrgsz-1',
  topic: 'conversation/sess_5fd87c39-de6a-45f3-907e-5599ac43f3ed'
}
[Z1 child] [2026-09-28 11:37:05.594] [pid:37660] [zcode-host] [rpc:listen] model-selection.onDidChange subscribed
[2026-09-28 11:37:05.594] [pid:21380] [main] [host-log] (local-1) [host] [2026-09-28 11:37:05.594] [pid:37660] [zcode-host] [rpc:listen] model-selection.onDidChange subscribed
[2026-09-28 11:37:05.594] [pid:21380] [main] [host-log] (local-1) [host] [2026-09-28 11:37:05.594] [pid:37660] [zcode-host] [rpc:call] model-selection.getView OK (0.5ms)
[Z1 child] [2026-09-28 11:37:05.594] [pid:37660] [zcode-host] [rpc:call] model-selection.getView OK (0.5ms)
[Z1 child] [2026-09-28 11:37:05.597] [pid:37660] [zcode-host] [rpc:call] zcode-agent.conversationPlansV4 OK (0.4ms)
[2026-09-28 11:37:05.597] [pid:21380] [main] [host-log] (local-1) [host] [2026-09-28 11:37:05.597] [pid:37660] [zcode-host] [rpc:call] zcode-agent.conversationPlansV4 OK (0.4ms)
[Z1 child] [2026-09-28 11:37:05.898] [pid:37660] [zcode-host] [rpc:call] zcode-agent.sendConversationCommandV4 OK (2.4ms)
[2026-09-28 11:37:05.898] [pid:21380] [main] [host-log] (local-1) [host] [2026-09-28 11:37:05.898] [pid:37660] [zcode-host] [rpc:call] zcode-agent.sendConversationCommandV4 OK (2.4ms)
[Z1 child] [2026-09-28 11:37:05.898] [pid:37660] [settingService] reading settings from: C:\Users\USER\Desktop\Personal\ZCode\.tmp\z1-native-1790566616075-78b2c5\home\.zcode\v2\setting.json
[Z1 child] [2026-09-28 11:37:05.899] [pid:37660] [settingService] read result: {"recentProjects":[],"locale":"zh-CN","localePreference":"en-US","terminalInheritSystemProfile":true,"embeddedBrowserAllowInsecureCertificates":false,"embeddedBrowserViewportPreference":{"mode":"normal","viewport":{"width":393,"height":852},"zoom":"fit"},"computerUseComposerEntryHidden":true,"taskAutoArchiveEnabled":false,"taskAutoArchiveOlderThanDays":7,"closeToTrayOnWindows":false,"closeToTrayOnWindowsMigrationInitialized":true,"keepAwakeWhileRunning":false,"desktopWindowSize":{"width":1600,"height":1000,"maximized":false},"desktopChromiumHardwareAccelerationEnabled":true,"messageStreamShowReasoning":true,"messageStreamShowReasoningMigrationInitialized":true,"messageStreamShowTodos":false,"toolGroupingExploreEnabled":true,"toolGroupingTerminalEnabled":true,"toolGroupingChangesEnabled":false,"zcodeInteractionBehavior":"queue","askUserQuestionAutoResolutionEnabled":false,"modelIoFullRetentionEnabled":false,"startPlanRecommendationDismissed":false,"providerFamilyConnectionSelections":{},"providerFamilyDomain":"zai","providerFamilyDomainMigrated":true,"nativeSearchEnhancementsEnabled":true,"memoryEnabled":false,"lastWorkspaceSession":[{"kind":"local","workspacePath":"C:\\Users\\USER\\Desktop\\Personal\\ZCode\\.tmp\\z1-native-1790566616075-78b2c5\\workspace","workspacePurpose":"project"},{"kind":"local","workspacePath":"C:\\Users\\USER\\Desktop\\Personal\\ZCode\\.tmp\\z1-native-1790566616075-78b2c5\\data\\.zcode\\workspace\\default","workspacePurpose":"conversation"}],"lastActiveTabIndex":0,"receivePreviewUpdates":false,"autoDownloadAndInstallUpdates":false,"skippedElectronUpdateVersions":{},"settingsSyncFirstRunPromptHandled":true}
[Z1 child] [2026-09-28 11:37:05.899] [pid:37660] [settingService] writing settings to: C:\Users\USER\Desktop\Personal\ZCode\.tmp\z1-native-1790566616075-78b2c5\home\.zcode\v2\setting.json {"recentProjects":[],"locale":"zh-CN","localePreference":"en-US","terminalInheritSystemProfile":true,"embeddedBrowserAllowInsecureCertificates":false,"embeddedBrowserViewportPreference":{"mode":"normal","viewport":{"width":393,"height":852},"zoom":"fit"},"computerUseComposerEntryHidden":true,"taskAutoArchiveEnabled":false,"taskAutoArchiveOlderThanDays":7,"closeToTrayOnWindows":false,"closeToTrayOnWindowsMigrationInitialized":true,"keepAwakeWhileRunning":false,"desktopWindowSize":{"width":1600,"height":1000,"maximized":false},"desktopChromiumHardwareAccelerationEnabled":true,"messageStreamShowReasoning":true,"messageStreamShowReasoningMigrationInitialized":true,"messageStreamShowTodos":false,"toolGroupingExploreEnabled":true,"toolGroupingTerminalEnabled":true,"toolGroupingChangesEnabled":false,"zcodeInteractionBehavior":"queue","askUserQuestionAutoResolutionEnabled":false,"modelIoFullRetentionEnabled":false,"startPlanRecommendationDismissed":false,"providerFamilyConnectionSelections":{},"providerFamilyDomain":"zai","providerFamilyDomainMigrated":true,"nativeSearchEnhancementsEnabled":true,"memoryEnabled":false,"lastWorkspaceSession":[{"kind":"local","workspacePath":"C:\\Users\\USER\\Desktop\\Personal\\ZCode\\.tmp\\z1-native-1790566616075-78b2c5\\workspace","workspacePurpose":"project"},{"kind":"local","workspacePath":"C:\\Users\\USER\\Desktop\\Personal\\ZCode\\.tmp\\z1-native-1790566616075-78b2c5\\data\\.zcode\\workspace\\default","workspacePurpose":"conversation"}],"lastActiveTabIndex":0,"receivePreviewUpdates":false,"autoDownloadAndInstallUpdates":false,"skippedElectronUpdateVersions":{},"settingsSyncFirstRunPromptHandled":true}
[2026-09-28 11:37:05.899] [pid:21380] [main] [host-log] (local-1) [host] [2026-09-28 11:37:05.899] [pid:37660] [settingService] writing settings to: C:\Users\USER\Desktop\Personal\ZCode\.tmp\z1-native-1790566616075-78b2c5\home\.zcode\v2\setting.json {"recentProjects":[],"locale":"zh-CN","localePreference":"en-US","terminalInheritSystemProfile":true,"embeddedBrowserAllowInsecureCertificates":false,"embeddedBrowserViewportPreference":{"mode":"normal","viewport":{"width":393,"height":852},"zoom":"fit"},"computerUseComposerEntryHidden":true,"taskAutoArchiveEnabled":false,"taskAutoArchiveOlderThanDays":7,"closeToTrayOnWindows":false,"closeToTrayOnWindowsMigrationInitialized":true,"keepAwakeWhileRunning":false,"desktopWindowSize":{"width":1600,"height":1000,"maximized":false},"desktopChromiumHardwareAccelerationEnabled":true,"messageStreamShowReasoning":true,"messageStreamShowReasoningMigrationInitialized":true,"messageStreamShowTodos":false,"toolGroupingExploreEnabled":true,"toolGroupingTerminalEnabled":true,"toolGroupingChangesEnabled":false,"zcodeInteractionBehavior":"queue","askUserQuestionAutoResolutionEnabled":false,"modelIoFullRetentionEnabled":false,"startPlanRecommendationDismissed":false,"providerFamilyConnectionSelections":{},"providerFamilyDomain":"zai","providerFamilyDomainMigrated":true,"nativeSearchEnhancementsEnabled":true,"memoryEnabled":false,"lastWorkspaceSession":[{"kind":"local","workspacePath":"C:\\Users\\USER\\Desktop\\Personal\\ZCode\\.tmp\\z1-native-1790566616075-78b2c5\\workspace","workspacePurpose":"project"},{"kind":"local","workspacePath":"C:\\Users\\USER\\Desktop\\Personal\\ZCode\\.tmp\\z1-native-1790566616075-78b2c5\\data\\.zcode\\workspace\\default","workspacePurpose":"conversation"}],"lastActiveTabIndex":0,"receivePreviewUpdates":false,"autoDownloadAndInstallUpdates":false,"skippedElectronUpdateVersions":{},"settingsSyncFirstRunPromptHandled":true}
[Z1 child] [2026-09-28 11:37:05.904] [pid:37660] [settingService] write done
[2026-09-28 11:37:05.905] [pid:37660] [zcode-host] [rpc:call] setting.update OK (6.2ms)
[2026-09-28 11:37:05.904] [pid:21380] [main] [host-log] (local-1) [host] [2026-09-28 11:37:05.904] [pid:37660] [settingService] write done
[2026-09-28 11:37:05.905] [pid:21380] [main] [host-log] (local-1) [host] [2026-09-28 11:37:05.905] [pid:37660] [zcode-host] [rpc:call] setting.update OK (6.2ms)
[2026-09-28 11:37:05.969] [pid:21380] [renderer] v4 workspace connection lease released {
  event: 'v4.workspace_connection.release',
  keepWarmMs: 30000,
  key: '__base__ C:\\Users\\USER\\Desktop\\Personal\\ZCode\\.tmp\\z1-native-1790566616075-78b2c5\\workspace',
  module: 'ui.v4.workspace_connection_registry',
  refCount: 0,
  status: 'keep_warm'
}
[2026-09-28 11:37:05.970] [pid:21380] [renderer] v4 session data lease released {
  event: 'v4.session_data.release',
  keepWarmMs: 30000,
  module: 'ui.v4.session_data_layer',
  refCount: 0,
  status: 'keep_warm',
  topic: 'conversation/sess_5fd87c39-de6a-45f3-907e-5599ac43f3ed'
}
[Z1 child] [2026-09-28 11:37:05.971] [pid:37660] [zcode-host] [rpc:listen] graphEngineering.onDidChange subscribed
[2026-09-28 11:37:05.971] [pid:21380] [main] [host-log] (local-1) [host] [2026-09-28 11:37:05.971] [pid:37660] [zcode-host] [rpc:listen] graphEngineering.onDidChange subscribed
[Z1 child] [2026-09-28 11:37:05.971] [pid:37660] [settingService] reading settings from: C:\Users\USER\Desktop\Personal\ZCode\.tmp\z1-native-1790566616075-78b2c5\home\.zcode\v2\setting.json
[Z1 child] [2026-09-28 11:37:05.972] [pid:37660] [settingService] read result: {"recentProjects":[],"locale":"zh-CN","localePreference":"en-US","terminalInheritSystemProfile":true,"embeddedBrowserAllowInsecureCertificates":false,"embeddedBrowserViewportPreference":{"mode":"normal","viewport":{"width":393,"height":852},"zoom":"fit"},"computerUseComposerEntryHidden":true,"taskAutoArchiveEnabled":false,"taskAutoArchiveOlderThanDays":7,"closeToTrayOnWindows":false,"closeToTrayOnWindowsMigrationInitialized":true,"keepAwakeWhileRunning":false,"desktopWindowSize":{"width":1600,"height":1000,"maximized":false},"desktopChromiumHardwareAccelerationEnabled":true,"messageStreamShowReasoning":true,"messageStreamShowReasoningMigrationInitialized":true,"messageStreamShowTodos":false,"toolGroupingExploreEnabled":true,"toolGroupingTerminalEnabled":true,"toolGroupingChangesEnabled":false,"zcodeInteractionBehavior":"queue","askUserQuestionAutoResolutionEnabled":false,"modelIoFullRetentionEnabled":false,"startPlanRecommendationDismissed":false,"providerFamilyConnectionSelections":{},"providerFamilyDomain":"zai","providerFamilyDomainMigrated":true,"nativeSearchEnhancementsEnabled":true,"memoryEnabled":false,"lastWorkspaceSession":[{"kind":"local","workspacePath":"C:\\Users\\USER\\Desktop\\Personal\\ZCode\\.tmp\\z1-native-1790566616075-78b2c5\\workspace","workspacePurpose":"project"},{"kind":"local","workspacePath":"C:\\Users\\USER\\Desktop\\Personal\\ZCode\\.tmp\\z1-native-1790566616075-78b2c5\\data\\.zcode\\workspace\\default","workspacePurpose":"conversation"}],"lastActiveTabIndex":0,"receivePreviewUpdates":false,"autoDownloadAndInstallUpdates":false,"skippedElectronUpdateVersions":{},"settingsSyncFirstRunPromptHandled":true}
[Z1 child] [2026-09-28 11:37:05.972] [pid:37660] [zcode-host] [rpc:call] graphEngineering.getWorkspace OK (1.5ms)
[2026-09-28 11:37:05.972] [pid:21380] [main] [host-log] (local-1) [host] [2026-09-28 11:37:05.972] [pid:37660] [zcode-host] [rpc:call] graphEngineering.getWorkspace OK (1.5ms)
[Z1 child] [2026-09-28 11:37:05.985] [pid:37660] [settingService] reading settings from: C:\Users\USER\Desktop\Personal\ZCode\.tmp\z1-native-1790566616075-78b2c5\home\.zcode\v2\setting.json
[2026-09-28 11:37:05.984] [pid:21380] [main] [host-log] (local-1) [host] [2026-09-28 11:37:05.985] [pid:37660] [zcode-host] [rpc:listen] model-selection.onDidChange subscribed
[2026-09-28 11:37:05.985] [pid:21380] [main] [host-log] (local-1) [host] [2026-09-28 11:37:05.985] [pid:37660] [zcode-host] [rpc:call] graphEngineering.validateDefinition OK (0.2ms)
[2026-09-28 11:37:05.986] [pid:21380] [main] [host-log] (local-1) [host] [2026-09-28 11:37:05.986] [pid:37660] [zcode-host] [rpc:call] setting.get OK (1.2ms)
[2026-09-28 11:37:05.987] [pid:21380] [main] [host-log] (local-1) [host] [2026-09-28 11:37:05.986] [pid:37660] [zcode-host] [rpc:call] model-selection.getView OK (1.3ms)
[Z1 child] [2026-09-28 11:37:05.985] [pid:37660] [zcode-host] [rpc:listen] model-selection.onDidChange subscribed
[2026-09-28 11:37:05.985] [pid:37660] [zcode-host] [rpc:call] graphEngineering.validateDefinition OK (0.2ms)
[2026-09-28 11:37:05.986] [pid:37660] [settingService] read result: {"recentProjects":[],"locale":"zh-CN","localePreference":"en-US","terminalInheritSystemProfile":true,"embeddedBrowserAllowInsecureCertificates":false,"embeddedBrowserViewportPreference":{"mode":"normal","viewport":{"width":393,"height":852},"zoom":"fit"},"computerUseComposerEntryHidden":true,"taskAutoArchiveEnabled":false,"taskAutoArchiveOlderThanDays":7,"closeToTrayOnWindows":false,"closeToTrayOnWindowsMigrationInitialized":true,"keepAwakeWhileRunning":false,"desktopWindowSize":{"width":1600,"height":1000,"maximized":false},"desktopChromiumHardwareAccelerationEnabled":true,"messageStreamShowReasoning":true,"messageStreamShowReasoningMigrationInitialized":true,"messageStreamShowTodos":false,"toolGroupingExploreEnabled":true,"toolGroupingTerminalEnabled":true,"toolGroupingChangesEnabled":false,"zcodeInteractionBehavior":"queue","askUserQuestionAutoResolutionEnabled":false,"modelIoFullRetentionEnabled":false,"startPlanRecommendationDismissed":false,"providerFamilyConnectionSelections":{},"providerFamilyDomain":"zai","providerFamilyDomainMigrated":true,"nativeSearchEnhancementsEnabled":true,"memoryEnabled":false,"lastWorkspaceSession":[{"kind":"local","workspacePath":"C:\\Users\\USER\\Desktop\\Personal\\ZCode\\.tmp\\z1-native-1790566616075-78b2c5\\workspace","workspacePurpose":"project"},{"kind":"local","workspacePath":"C:\\Users\\USER\\Desktop\\Personal\\ZCode\\.tmp\\z1-native-1790566616075-78b2c5\\data\\.zcode\\workspace\\default","workspacePurpose":"conversation"}],"lastActiveTabIndex":0,"receivePreviewUpdates":false,"autoDownloadAndInstallUpdates":false,"skippedElectronUpdateVersions":{},"settingsSyncFirstRunPromptHandled":true}
[2026-09-28 11:37:05.986] [pid:37660] [zcode-host] [rpc:call] setting.get OK (1.2ms)
[2026-09-28 11:37:05.986] [pid:37660] [zcode-host] [rpc:call] model-selection.getView OK (1.3ms)
[Z1 child] [2026-09-28 11:37:06.202] [pid:37660] [zcode-agent-service] 开始初始化 ZCode agent {
  workspaceKey: 'C:\\Users\\USER\\Desktop\\Personal\\ZCode\\.tmp\\z1-native-1790566616075-78b2c5\\workspace',
  workspacePath: 'C:\\Users\\USER\\Desktop\\Personal\\ZCode\\.tmp\\z1-native-1790566616075-78b2c5\\workspace'
}
[2026-09-28 11:37:06.202] [pid:37660] [zcode-agent-service] ZCode agent 初始化完成 {
  durationMs: 0,
  transportKind: 'stdio',
  workspaceKey: 'C:\\Users\\USER\\Desktop\\Personal\\ZCode\\.tmp\\z1-native-1790566616075-78b2c5\\workspace',
  workspacePath: 'C:\\Users\\USER\\Desktop\\Personal\\ZCode\\.tmp\\z1-native-1790566616075-78b2c5\\workspace'
}
[2026-09-28 11:37:06.202] [pid:21380] [main] [host-log] (local-1) [host] [2026-09-28 11:37:06.202] [pid:37660] [zcode-agent-service] 开始初始化 ZCode agent {"workspaceKey":"C:\\Users\\USER\\Desktop\\Personal\\ZCode\\.tmp\\z1-native-1790566616075-78b2c5\\workspace","workspacePath":"C:\\Users\\USER\\Desktop\\Personal\\ZCode\\.tmp\\z1-native-1790566616075-78b2c5\\workspace"}
[2026-09-28 11:37:06.203] [pid:21380] [main] [host-log] (local-1) [host] [2026-09-28 11:37:06.202] [pid:37660] [zcode-agent-service] ZCode agent 初始化完成 {"durationMs":0,"transportKind":"stdio","workspaceKey":"C:\\Users\\USER\\Desktop\\Personal\\ZCode\\.tmp\\z1-native-1790566616075-78b2c5\\workspace","workspacePath":"C:\\Users\\USER\\Desktop\\Personal\\ZCode\\.tmp\\z1-native-1790566616075-78b2c5\\workspace"}
[2026-09-28 11:37:06.204] [pid:21380] [main] [host-log] (local-1) [host] [2026-09-28 11:37:06.202] [pid:37660] [zcode-session-service][trace:1b757d33-ed5d-40b1-b2be-7e6dfc680b81] [zcode-session-service] createSession 分配 session trace {"persistence":"deferred","workspacePath":"C:\\Users\\USER\\Desktop\\Personal\\ZCode\\.tmp\\z1-native-1790566616075-78b2c5\\workspace"}
[2026-09-28 11:37:06.204] [pid:21380] [main] [host-log] (local-1) [host] [2026-09-28 11:37:06.202] [pid:37660] [zcode-agent-service][trace:1b757d33-ed5d-40b1-b2be-7e6dfc680b81] 开始请求 ZCode Protocol session/create {"hasInitialModel":false,"hasInitialThoughtLevel":false,"initialModel":null,"mcpServerCount":0,"mcpServerNames":[],"persistence":"deferred","workspaceKey":"C:\\Users\\USER\\Desktop\\Personal\\ZCode\\.tmp\\z1-native-1790566616075-78b2c5\\workspace","workspacePath":"C:\\Users\\USER\\Desktop\\Personal\\ZCode\\.tmp\\z1-native-1790566616075-78b2c5\\workspace"}
[Z1 child] [2026-09-28 11:37:06.202] [pid:37660] [zcode-session-service][trace:1b757d33-ed5d-40b1-b2be-7e6dfc680b81] [zcode-session-service] createSession 分配 session trace {
  persistence: 'deferred',
  workspaceIdentity: undefined,
  workspacePath: 'C:\\Users\\USER\\Desktop\\Personal\\ZCode\\.tmp\\z1-native-1790566616075-78b2c5\\workspace'
}
[2026-09-28 11:37:06.202] [pid:37660] [zcode-agent-service][trace:1b757d33-ed5d-40b1-b2be-7e6dfc680b81] 开始请求 ZCode Protocol session/create {
  hasInitialModel: false,
  hasInitialThoughtLevel: false,
  initialModel: null,
  mcpServerCount: 0,
  mcpServerNames: [],
  persistence: 'deferred',
  workspaceKey: 'C:\\Users\\USER\\Desktop\\Personal\\ZCode\\.tmp\\z1-native-1790566616075-78b2c5\\workspace',
  workspacePath: 'C:\\Users\\USER\\Desktop\\Personal\\ZCode\\.tmp\\z1-native-1790566616075-78b2c5\\workspace'
}
[2026-09-28 11:37:06.203] [pid:37660] [settingService] reading settings from: C:\Users\USER\Desktop\Personal\ZCode\.tmp\z1-native-1790566616075-78b2c5\home\.zcode\v2\setting.json
[2026-09-28 11:37:06.204] [pid:37660] [settingService] read result: {"recentProjects":[],"locale":"zh-CN","localePreference":"en-US","terminalInheritSystemProfile":true,"embeddedBrowserAllowInsecureCertificates":false,"embeddedBrowserViewportPreference":{"mode":"normal","viewport":{"width":393,"height":852},"zoom":"fit"},"computerUseComposerEntryHidden":true,"taskAutoArchiveEnabled":false,"taskAutoArchiveOlderThanDays":7,"closeToTrayOnWindows":false,"closeToTrayOnWindowsMigrationInitialized":true,"keepAwakeWhileRunning":false,"desktopWindowSize":{"width":1600,"height":1000,"maximized":false},"desktopChromiumHardwareAccelerationEnabled":true,"messageStreamShowReasoning":true,"messageStreamShowReasoningMigrationInitialized":true,"messageStreamShowTodos":false,"toolGroupingExploreEnabled":true,"toolGroupingTerminalEnabled":true,"toolGroupingChangesEnabled":false,"zcodeInteractionBehavior":"queue","askUserQuestionAutoResolutionEnabled":false,"modelIoFullRetentionEnabled":false,"startPlanRecommendationDismissed":false,"providerFamilyConnectionSelections":{},"providerFamilyDomain":"zai","providerFamilyDomainMigrated":true,"nativeSearchEnhancementsEnabled":true,"memoryEnabled":false,"lastWorkspaceSession":[{"kind":"local","workspacePath":"C:\\Users\\USER\\Desktop\\Personal\\ZCode\\.tmp\\z1-native-1790566616075-78b2c5\\workspace","workspacePurpose":"project"},{"kind":"local","workspacePath":"C:\\Users\\USER\\Desktop\\Personal\\ZCode\\.tmp\\z1-native-1790566616075-78b2c5\\data\\.zcode\\workspace\\default","workspacePurpose":"conversation"}],"lastActiveTabIndex":0,"receivePreviewUpdates":false,"autoDownloadAndInstallUpdates":false,"skippedElectronUpdateVersions":{},"settingsSyncFirstRunPromptHandled":true}
[2026-09-28 11:37:06.264] [pid:21380] [main] [host-log] (local-1) [host] [2026-09-28 11:37:06.264] [pid:37660] [zcode-agent-service][trace:1b757d33-ed5d-40b1-b2be-7e6dfc680b81] ZCode Protocol session/create 完成 {"durationMs":62,"messageCount":0,"modelCurrent":"z1-local-fixture/z1-fixture$enabled","mcpServerCount":0,"persistence":"deferred","sessionId":"sess_873438d3-239f-42c0-af79-9048a250dbea","snapshotTraceId":"1b757d33-ed5d-40b1-b2be-7e6dfc680b81","workspaceKey":"C:\\Users\\USER\\Desktop\\Personal\\ZCode\\.tmp\\z1-native-1790566616075-78b2c5\\workspace","workspacePath":"C:\\Users\\USER\\Desktop\\Personal\\ZCode\\.tmp\\z1-native-1790566616075-78b2c5\\workspace"}
[Z1 child] [2026-09-28 11:37:06.264] [pid:37660] [zcode-agent-service][trace:1b757d33-ed5d-40b1-b2be-7e6dfc680b81] ZCode Protocol session/create 完成 {
  durationMs: 62,
  messageCount: 0,
  modelCurrent: 'z1-local-fixture/z1-fixture$enabled',
  mcpServerCount: 0,
  persistence: 'deferred',
  sessionId: 'sess_873438d3-239f-42c0-af79-9048a250dbea',
  snapshotTraceId: '1b757d33-ed5d-40b1-b2be-7e6dfc680b81',
  workspaceKey: 'C:\\Users\\USER\\Desktop\\Personal\\ZCode\\.tmp\\z1-native-1790566616075-78b2c5\\workspace',
  workspacePath: 'C:\\Users\\USER\\Desktop\\Personal\\ZCode\\.tmp\\z1-native-1790566616075-78b2c5\\workspace'
}
[2026-09-28 11:37:06.264] [pid:37660] [zcode-session-service][trace:1b757d33-ed5d-40b1-b2be-7e6dfc680b81] [zcode-session-service] createSession agent 返回 {
  durationMs: 62,
  mcpServerCount: 0,
  persistence: 'deferred',
  snapshotTraceId: '1b757d33-ed5d-40b1-b2be-7e6dfc680b81',
  sessionId: 'sess_873438d3-239f-42c0-af79-9048a250dbea',
  workspaceIdentity: undefined,
  workspacePath: 'C:\\Users\\USER\\Desktop\\Personal\\ZCode\\.tmp\\z1-native-1790566616075-78b2c5\\workspace'
}
[2026-09-28 11:37:06.264] [pid:21380] [main] [host-log] (local-1) [host] [2026-09-28 11:37:06.264] [pid:37660] [zcode-session-service][trace:1b757d33-ed5d-40b1-b2be-7e6dfc680b81] [zcode-session-service] createSession agent 返回 {"durationMs":62,"mcpServerCount":0,"persistence":"deferred","snapshotTraceId":"1b757d33-ed5d-40b1-b2be-7e6dfc680b81","sessionId":"sess_873438d3-239f-42c0-af79-9048a250dbea","workspacePath":"C:\\Users\\USER\\Desktop\\Personal\\ZCode\\.tmp\\z1-native-1790566616075-78b2c5\\workspace"}
[Z1 child] [2026-09-28 11:37:06.306] [pid:37660] [settingService] reading settings from: C:\Users\USER\Desktop\Personal\ZCode\.tmp\z1-native-1790566616075-78b2c5\home\.zcode\v2\setting.json
[Z1 child] [2026-09-28 11:37:06.307] [pid:37660] [settingService] read result: {"recentProjects":[],"locale":"zh-CN","localePreference":"en-US","terminalInheritSystemProfile":true,"embeddedBrowserAllowInsecureCertificates":false,"embeddedBrowserViewportPreference":{"mode":"normal","viewport":{"width":393,"height":852},"zoom":"fit"},"computerUseComposerEntryHidden":true,"taskAutoArchiveEnabled":false,"taskAutoArchiveOlderThanDays":7,"closeToTrayOnWindows":false,"closeToTrayOnWindowsMigrationInitialized":true,"keepAwakeWhileRunning":false,"desktopWindowSize":{"width":1600,"height":1000,"maximized":false},"desktopChromiumHardwareAccelerationEnabled":true,"messageStreamShowReasoning":true,"messageStreamShowReasoningMigrationInitialized":true,"messageStreamShowTodos":false,"toolGroupingExploreEnabled":true,"toolGroupingTerminalEnabled":true,"toolGroupingChangesEnabled":false,"zcodeInteractionBehavior":"queue","askUserQuestionAutoResolutionEnabled":false,"modelIoFullRetentionEnabled":false,"startPlanRecommendationDismissed":false,"providerFamilyConnectionSelections":{},"providerFamilyDomain":"zai","providerFamilyDomainMigrated":true,"nativeSearchEnhancementsEnabled":true,"memoryEnabled":false,"lastWorkspaceSession":[{"kind":"local","workspacePath":"C:\\Users\\USER\\Desktop\\Personal\\ZCode\\.tmp\\z1-native-1790566616075-78b2c5\\workspace","workspacePurpose":"project"},{"kind":"local","workspacePath":"C:\\Users\\USER\\Desktop\\Personal\\ZCode\\.tmp\\z1-native-1790566616075-78b2c5\\data\\.zcode\\workspace\\default","workspacePurpose":"conversation"}],"lastActiveTabIndex":0,"receivePreviewUpdates":false,"autoDownloadAndInstallUpdates":false,"skippedElectronUpdateVersions":{},"settingsSyncFirstRunPromptHandled":true}
[Z1 child] [2026-09-28 11:37:06.307] [pid:37660] [zcode-host] [rpc:call] graphEngineering.getWorkspace OK (209.4ms)
[2026-09-28 11:37:06.307] [pid:21380] [main] [host-log] (local-1) [host] [2026-09-28 11:37:06.307] [pid:37660] [zcode-host] [rpc:call] graphEngineering.getWorkspace OK (209.4ms)
[Z1 child] [2026-09-28 11:37:06.308] [pid:37660] [settingService] reading settings from: C:\Users\USER\Desktop\Personal\ZCode\.tmp\z1-native-1790566616075-78b2c5\home\.zcode\v2\setting.json
[2026-09-28 11:37:06.308] [pid:37660] [settingService] read result: {"recentProjects":[],"locale":"zh-CN","localePreference":"en-US","terminalInheritSystemProfile":true,"embeddedBrowserAllowInsecureCertificates":false,"embeddedBrowserViewportPreference":{"mode":"normal","viewport":{"width":393,"height":852},"zoom":"fit"},"computerUseComposerEntryHidden":true,"taskAutoArchiveEnabled":false,"taskAutoArchiveOlderThanDays":7,"closeToTrayOnWindows":false,"closeToTrayOnWindowsMigrationInitialized":true,"keepAwakeWhileRunning":false,"desktopWindowSize":{"width":1600,"height":1000,"maximized":false},"desktopChromiumHardwareAccelerationEnabled":true,"messageStreamShowReasoning":true,"messageStreamShowReasoningMigrationInitialized":true,"messageStreamShowTodos":false,"toolGroupingExploreEnabled":true,"toolGroupingTerminalEnabled":true,"toolGroupingChangesEnabled":false,"zcodeInteractionBehavior":"queue","askUserQuestionAutoResolutionEnabled":false,"modelIoFullRetentionEnabled":false,"startPlanRecommendationDismissed":false,"providerFamilyConnectionSelections":{},"providerFamilyDomain":"zai","providerFamilyDomainMigrated":true,"nativeSearchEnhancementsEnabled":true,"memoryEnabled":false,"lastWorkspaceSession":[{"kind":"local","workspacePath":"C:\\Users\\USER\\Desktop\\Personal\\ZCode\\.tmp\\z1-native-1790566616075-78b2c5\\workspace","workspacePurpose":"project"},{"kind":"local","workspacePath":"C:\\Users\\USER\\Desktop\\Personal\\ZCode\\.tmp\\z1-native-1790566616075-78b2c5\\data\\.zcode\\workspace\\default","workspacePurpose":"conversation"}],"lastActiveTabIndex":0,"receivePreviewUpdates":false,"autoDownloadAndInstallUpdates":false,"skippedElectronUpdateVersions":{},"settingsSyncFirstRunPromptHandled":true}
[2026-09-28 11:37:06.309] [pid:21380] [main] [host-log] (local-1) [host] [2026-09-28 11:37:06.309] [pid:37660] [zcode-host] [rpc:call] graphEngineering.getWorkspace OK (106.9ms)
[Z1 child] [2026-09-28 11:37:06.309] [pid:37660] [zcode-host] [rpc:call] graphEngineering.getWorkspace OK (106.9ms)
[2026-09-28 11:37:06.310] [pid:37660] [settingService] reading settings from: C:\Users\USER\Desktop\Personal\ZCode\.tmp\z1-native-1790566616075-78b2c5\home\.zcode\v2\setting.json
[Z1 child] [2026-09-28 11:37:06.310] [pid:37660] [settingService] read result: {"recentProjects":[],"locale":"zh-CN","localePreference":"en-US","terminalInheritSystemProfile":true,"embeddedBrowserAllowInsecureCertificates":false,"embeddedBrowserViewportPreference":{"mode":"normal","viewport":{"width":393,"height":852},"zoom":"fit"},"computerUseComposerEntryHidden":true,"taskAutoArchiveEnabled":false,"taskAutoArchiveOlderThanDays":7,"closeToTrayOnWindows":false,"closeToTrayOnWindowsMigrationInitialized":true,"keepAwakeWhileRunning":false,"desktopWindowSize":{"width":1600,"height":1000,"maximized":false},"desktopChromiumHardwareAccelerationEnabled":true,"messageStreamShowReasoning":true,"messageStreamShowReasoningMigrationInitialized":true,"messageStreamShowTodos":false,"toolGroupingExploreEnabled":true,"toolGroupingTerminalEnabled":true,"toolGroupingChangesEnabled":false,"zcodeInteractionBehavior":"queue","askUserQuestionAutoResolutionEnabled":false,"modelIoFullRetentionEnabled":false,"startPlanRecommendationDismissed":false,"providerFamilyConnectionSelections":{},"providerFamilyDomain":"zai","providerFamilyDomainMigrated":true,"nativeSearchEnhancementsEnabled":true,"memoryEnabled":false,"lastWorkspaceSession":[{"kind":"local","workspacePath":"C:\\Users\\USER\\Desktop\\Personal\\ZCode\\.tmp\\z1-native-1790566616075-78b2c5\\workspace","workspacePurpose":"project"},{"kind":"local","workspacePath":"C:\\Users\\USER\\Desktop\\Personal\\ZCode\\.tmp\\z1-native-1790566616075-78b2c5\\data\\.zcode\\workspace\\default","workspacePurpose":"conversation"}],"lastActiveTabIndex":0,"receivePreviewUpdates":false,"autoDownloadAndInstallUpdates":false,"skippedElectronUpdateVersions":{},"settingsSyncFirstRunPromptHandled":true}
[Z1 child] [2026-09-28 11:37:06.311] [pid:37660] [zcode-host] [rpc:call] graphEngineering.getWorkspace OK (43.5ms)
[2026-09-28 11:37:06.311] [pid:21380] [main] [host-log] (local-1) [host] [2026-09-28 11:37:06.311] [pid:37660] [zcode-host] [rpc:call] graphEngineering.getWorkspace OK (43.5ms)
[Z1 child] [2026-09-28 11:37:06.311] [pid:37660] [settingService] reading settings from: C:\Users\USER\Desktop\Personal\ZCode\.tmp\z1-native-1790566616075-78b2c5\home\.zcode\v2\setting.json
[2026-09-28 11:37:06.311] [pid:37660] [settingService] read result: {"recentProjects":[],"locale":"zh-CN","localePreference":"en-US","terminalInheritSystemProfile":true,"embeddedBrowserAllowInsecureCertificates":false,"embeddedBrowserViewportPreference":{"mode":"normal","viewport":{"width":393,"height":852},"zoom":"fit"},"computerUseComposerEntryHidden":true,"taskAutoArchiveEnabled":false,"taskAutoArchiveOlderThanDays":7,"closeToTrayOnWindows":false,"closeToTrayOnWindowsMigrationInitialized":true,"keepAwakeWhileRunning":false,"desktopWindowSize":{"width":1600,"height":1000,"maximized":false},"desktopChromiumHardwareAccelerationEnabled":true,"messageStreamShowReasoning":true,"messageStreamShowReasoningMigrationInitialized":true,"messageStreamShowTodos":false,"toolGroupingExploreEnabled":true,"toolGroupingTerminalEnabled":true,"toolGroupingChangesEnabled":false,"zcodeInteractionBehavior":"queue","askUserQuestionAutoResolutionEnabled":false,"modelIoFullRetentionEnabled":false,"startPlanRecommendationDismissed":false,"providerFamilyConnectionSelections":{},"providerFamilyDomain":"zai","providerFamilyDomainMigrated":true,"nativeSearchEnhancementsEnabled":true,"memoryEnabled":false,"lastWorkspaceSession":[{"kind":"local","workspacePath":"C:\\Users\\USER\\Desktop\\Personal\\ZCode\\.tmp\\z1-native-1790566616075-78b2c5\\workspace","workspacePurpose":"project"},{"kind":"local","workspacePath":"C:\\Users\\USER\\Desktop\\Personal\\ZCode\\.tmp\\z1-native-1790566616075-78b2c5\\data\\.zcode\\workspace\\default","workspacePurpose":"conversation"}],"lastActiveTabIndex":0,"receivePreviewUpdates":false,"autoDownloadAndInstallUpdates":false,"skippedElectronUpdateVersions":{},"settingsSyncFirstRunPromptHandled":true}
[Z1 child] [2026-09-28 11:37:06.312] [pid:37660] [zcode-host] [rpc:call] graphEngineering.getWorkspace OK (12.8ms)
[2026-09-28 11:37:06.312] [pid:21380] [main] [host-log] (local-1) [host] [2026-09-28 11:37:06.312] [pid:37660] [zcode-host] [rpc:call] graphEngineering.getWorkspace OK (12.8ms)
[Z1 child] [2026-09-28 11:37:06.313] [pid:37660] [settingService] reading settings from: C:\Users\USER\Desktop\Personal\ZCode\.tmp\z1-native-1790566616075-78b2c5\home\.zcode\v2\setting.json
[Z1 child] [2026-09-28 11:37:06.313] [pid:37660] [settingService] read result: {"recentProjects":[],"locale":"zh-CN","localePreference":"en-US","terminalInheritSystemProfile":true,"embeddedBrowserAllowInsecureCertificates":false,"embeddedBrowserViewportPreference":{"mode":"normal","viewport":{"width":393,"height":852},"zoom":"fit"},"computerUseComposerEntryHidden":true,"taskAutoArchiveEnabled":false,"taskAutoArchiveOlderThanDays":7,"closeToTrayOnWindows":false,"closeToTrayOnWindowsMigrationInitialized":true,"keepAwakeWhileRunning":false,"desktopWindowSize":{"width":1600,"height":1000,"maximized":false},"desktopChromiumHardwareAccelerationEnabled":true,"messageStreamShowReasoning":true,"messageStreamShowReasoningMigrationInitialized":true,"messageStreamShowTodos":false,"toolGroupingExploreEnabled":true,"toolGroupingTerminalEnabled":true,"toolGroupingChangesEnabled":false,"zcodeInteractionBehavior":"queue","askUserQuestionAutoResolutionEnabled":false,"modelIoFullRetentionEnabled":false,"startPlanRecommendationDismissed":false,"providerFamilyConnectionSelections":{},"providerFamilyDomain":"zai","providerFamilyDomainMigrated":true,"nativeSearchEnhancementsEnabled":true,"memoryEnabled":false,"lastWorkspaceSession":[{"kind":"local","workspacePath":"C:\\Users\\USER\\Desktop\\Personal\\ZCode\\.tmp\\z1-native-1790566616075-78b2c5\\workspace","workspacePurpose":"project"},{"kind":"local","workspacePath":"C:\\Users\\USER\\Desktop\\Personal\\ZCode\\.tmp\\z1-native-1790566616075-78b2c5\\data\\.zcode\\workspace\\default","workspacePurpose":"conversation"}],"lastActiveTabIndex":0,"receivePreviewUpdates":false,"autoDownloadAndInstallUpdates":false,"skippedElectronUpdateVersions":{},"settingsSyncFirstRunPromptHandled":true}
[Z1 child] [2026-09-28 11:37:06.313] [pid:37660] [zcode-host] [rpc:call] graphEngineering.getWorkspace OK (2.3ms)
[2026-09-28 11:37:06.313] [pid:21380] [main] [host-log] (local-1) [host] [2026-09-28 11:37:06.313] [pid:37660] [zcode-host] [rpc:call] graphEngineering.getWorkspace OK (2.3ms)
[Z1 child] [2026-09-28 11:37:06.438] [pid:37660] [cua-pip-session] [cua-pip-session] event delivery dropped {
  kind: 'focus-changed',
  revision: 6,
  sessionId: 'sess_873438d3-239f-42c0-af79-9048a250dbea',
  sourceWindowId: 'window-1',
  skipReason: 'service-disabled'
}
[2026-09-28 11:37:06.438] [pid:21380] [main] [host-log] (local-1) [host] [2026-09-28 11:37:06.438] [pid:37660] [cua-pip-session] [cua-pip-session] event delivery dropped {"kind":"focus-changed","revision":6,"sessionId":"sess_873438d3-239f-42c0-af79-9048a250dbea","sourceWindowId":"window-1","skipReason":"service-disabled"}
[2026-09-28 11:37:06.440] [pid:21380] [renderer] v4 workspace connection reused {
  event: 'v4.workspace_connection.reused',
  isRemote: false,
  key: '__base__ C:\\Users\\USER\\Desktop\\Personal\\ZCode\\.tmp\\z1-native-1790566616075-78b2c5\\workspace',
  module: 'ui.v4.workspace_connection_registry',
  refCount: 1,
  serviceGeneration: 1,
  status: 'completed'
}
[Z1 child] [2026-09-28 11:37:06.451] [pid:37660] [zcode-host] [rpc:call] zcode-task.getTaskSessionFilePath OK (0.0ms)
[2026-09-28 11:37:06.451] [pid:21380] [main] [host-log] (local-1) [host] [2026-09-28 11:37:06.451] [pid:37660] [zcode-host] [rpc:call] zcode-task.getTaskSessionFilePath OK (0.0ms)
[2026-09-28 11:37:06.451] [pid:21380] [renderer] v4 conversation store connect started {
  event: 'v4.conversation.store.connect.started',
  generation: 1,
  hasBase: false,
  module: 'ui.v4.conversation_projection_store',
  status: 'started',
  topic: 'conversation/sess_873438d3-239f-42c0-af79-9048a250dbea'
}
[2026-09-28 11:37:06.452] [pid:21380] [renderer] v4 conversation subscription started {
  workspaceKey: 'C:\\Users\\USER\\Desktop\\Personal\\ZCode\\.tmp\\z1-native-1790566616075-78b2c5\\workspace',
  workspacePath: 'C:\\Users\\USER\\Desktop\\Personal\\ZCode\\.tmp\\z1-native-1790566616075-78b2c5\\workspace',
  event: 'v4.conversation.subscribe.started',
  module: 'ui.v4.conversation_transport',
  runtimeGeneration: 0,
  sessionId: 'sess_873438d3-239f-42c0-af79-9048a250dbea',
  status: 'started',
  topic: 'conversation/sess_873438d3-239f-42c0-af79-9048a250dbea'
}
[2026-09-28 11:37:06.453] [pid:21380] [renderer] v4 session data lease acquired {
  event: 'v4.session_data.acquire',
  keepWarm: false,
  module: 'ui.v4.session_data_layer',
  openKind: 'cold',
  refCount: 1,
  sessionId: 'sess_873438d3-239f-42c0-af79-9048a250dbea',
  status: 'completed',
  topic: 'conversation/sess_873438d3-239f-42c0-af79-9048a250dbea'
}
[Z1 child] [2026-09-28 11:37:06.451] [pid:37660] [zcode-host] [rpc:call] zcode-task.getTaskNativeSessionLogFile OK (0.2ms)
[2026-09-28 11:37:06.451] [pid:37660] [settingService] reading settings from: C:\Users\USER\Desktop\Personal\ZCode\.tmp\z1-native-1790566616075-78b2c5\home\.zcode\v2\setting.json
[2026-09-28 11:37:06.451] [pid:37660] [zcode-host] [rpc:listen] graphEngineering.onDidChange subscribed
[2026-09-28 11:37:06.452] [pid:37660] [zcode-host] [rpc:call] graphEngineering.isSessionOwned OK (0.0ms)
[2026-09-28 11:37:06.452] [pid:37660] [zcode-host] [rpc:listen] model-selection.onDidChange subscribed
[2026-09-28 11:37:06.452] [pid:37660] [settingService] read result: {"recentProjects":[],"locale":"zh-CN","localePreference":"en-US","terminalInheritSystemProfile":true,"embeddedBrowserAllowInsecureCertificates":false,"embeddedBrowserViewportPreference":{"mode":"normal","viewport":{"width":393,"height":852},"zoom":"fit"},"computerUseComposerEntryHidden":true,"taskAutoArchiveEnabled":false,"taskAutoArchiveOlderThanDays":7,"closeToTrayOnWindows":false,"closeToTrayOnWindowsMigrationInitialized":true,"keepAwakeWhileRunning":false,"desktopWindowSize":{"width":1600,"height":1000,"maximized":false},"desktopChromiumHardwareAccelerationEnabled":true,"messageStreamShowReasoning":true,"messageStreamShowReasoningMigrationInitialized":true,"messageStreamShowTodos":false,"toolGroupingExploreEnabled":true,"toolGroupingTerminalEnabled":true,"toolGroupingChangesEnabled":false,"zcodeInteractionBehavior":"queue","askUserQuestionAutoResolutionEnabled":false,"modelIoFullRetentionEnabled":false,"startPlanRecommendationDismissed":false,"providerFamilyConnectionSelections":{},"providerFamilyDomain":"zai","providerFamilyDomainMigrated":true,"nativeSearchEnhancementsEnabled":true,"memoryEnabled":false,"lastWorkspaceSession":[{"kind":"local","workspacePath":"C:\\Users\\USER\\Desktop\\Personal\\ZCode\\.tmp\\z1-native-1790566616075-78b2c5\\workspace","workspacePurpose":"project"},{"kind":"local","workspacePath":"C:\\Users\\USER\\Desktop\\Personal\\ZCode\\.tmp\\z1-native-1790566616075-78b2c5\\data\\.zcode\\workspace\\default","workspacePurpose":"conversation"}],"lastActiveTabIndex":0,"receivePreviewUpdates":false,"autoDownloadAndInstallUpdates":false,"skippedElectronUpdateVersions":{},"settingsSyncFirstRunPromptHandled":true}
[2026-09-28 11:37:06.452] [pid:37660] [zcode-host] [rpc:call] setting.get OK (0.7ms)
[2026-09-28 11:37:06.453] [pid:37660] [zcode-host] [rpc:call] zcode-task.getTaskNativeSessionLogFile OK (0.2ms)
[2026-09-28 11:37:06.453] [pid:37660] [zcode-host] [rpc:call] zcode-task.getTaskSessionFilePath OK (0.0ms)
[2026-09-28 11:37:06.453] [pid:37660] [zcode-host] [rpc:call] model-selection.getView OK (1.4ms)
[2026-09-28 11:37:06.454] [pid:21380] [main] [host-log] (local-1) [host] [2026-09-28 11:37:06.451] [pid:37660] [zcode-host] [rpc:call] zcode-task.getTaskNativeSessionLogFile OK (0.2ms)
[2026-09-28 11:37:06.455] [pid:21380] [main] [host-log] (local-1) [host] [2026-09-28 11:37:06.451] [pid:37660] [zcode-host] [rpc:listen] graphEngineering.onDidChange subscribed
[2026-09-28 11:37:06.456] [pid:21380] [main] [host-log] (local-1) [host] [2026-09-28 11:37:06.452] [pid:37660] [zcode-host] [rpc:call] graphEngineering.isSessionOwned OK (0.0ms)
[2026-09-28 11:37:06.457] [pid:21380] [main] [host-log] (local-1) [host] [2026-09-28 11:37:06.452] [pid:37660] [zcode-host] [rpc:listen] model-selection.onDidChange subscribed
[2026-09-28 11:37:06.457] [pid:21380] [main] [host-log] (local-1) [host] [2026-09-28 11:37:06.452] [pid:37660] [zcode-host] [rpc:call] setting.get OK (0.7ms)
[2026-09-28 11:37:06.458] [pid:21380] [main] [host-log] (local-1) [host] [2026-09-28 11:37:06.453] [pid:37660] [zcode-host] [rpc:call] zcode-task.getTaskNativeSessionLogFile OK (0.2ms)
[2026-09-28 11:37:06.459] [pid:21380] [main] [host-log] (local-1) [host] [2026-09-28 11:37:06.453] [pid:37660] [zcode-host] [rpc:call] zcode-task.getTaskSessionFilePath OK (0.0ms)
[2026-09-28 11:37:06.459] [pid:21380] [main] [host-log] (local-1) [host] [2026-09-28 11:37:06.453] [pid:37660] [zcode-host] [rpc:call] model-selection.getView OK (1.4ms)
[Z1 child] [2026-09-28 11:37:06.459] [pid:37660] [zcode-host] [rpc:call] zcode-task.getTaskNativeSessionLogFile OK (0.2ms)
[2026-09-28 11:37:06.460] [pid:21380] [main] [host-log] (local-1) [host] [2026-09-28 11:37:06.459] [pid:37660] [zcode-host] [rpc:call] zcode-task.getTaskNativeSessionLogFile OK (0.2ms)
[Z1 child] [2026-09-28 11:37:06.481] [pid:37660] [zcode-session-service] [zcode-session-service] readSession 历史快照读取完成 {
  deliveryKind: undefined,
  durationMs: 29,
  messageLimit: 1,
  sessionId: 'sess_873438d3-239f-42c0-af79-9048a250dbea',
  snapshot: {
    activeTurnId: null,
    eventSeq: 2,
    messageCount: 0,
    pendingRequestCount: 1,
    sessionStatus: 'idle',
    stateRevision: 0
  },
  workspaceIdentity: null,
  workspacePath: 'C:\\Users\\USER\\Desktop\\Personal\\ZCode\\.tmp\\z1-native-1790566616075-78b2c5\\workspace'
}
[2026-09-28 11:37:06.482] [pid:37660] [zcode-host] [rpc:call] zcode-session.readSession OK (29.5ms)
[2026-09-28 11:37:06.482] [pid:21380] [main] [host-log] (local-1) [host] [2026-09-28 11:37:06.481] [pid:37660] [zcode-session-service] [zcode-session-service] readSession 历史快照读取完成 {"durationMs":29,"messageLimit":1,"sessionId":"sess_873438d3-239f-42c0-af79-9048a250dbea","snapshot":{"activeTurnId":null,"eventSeq":2,"messageCount":0,"pendingRequestCount":1,"sessionStatus":"idle","stateRevision":0},"workspaceIdentity":null,"workspacePath":"C:\\Users\\USER\\Desktop\\Personal\\ZCode\\.tmp\\z1-native-1790566616075-78b2c5\\workspace"}
[2026-09-28 11:37:06.482] [pid:21380] [main] [host-log] (local-1) [host] [2026-09-28 11:37:06.482] [pid:37660] [zcode-host] [rpc:call] zcode-session.readSession OK (29.5ms)
[2026-09-28 11:37:06.483] [pid:21380] [main] [host-log] (local-1) [host] [2026-09-28 11:37:06.482] [pid:37660] [zcode-host] [rpc:call] zcode-agent.conversationWorkflowRunsV4 OK (17.3ms)
[Z1 child] [2026-09-28 11:37:06.482] [pid:37660] [zcode-host] [rpc:call] zcode-agent.conversationWorkflowRunsV4 OK (17.3ms)
[2026-09-28 11:37:06.483] [pid:37660] [zcode-host] [rpc:call] zcode-agent.subscribeConversationV4 OK (18.7ms)
[2026-09-28 11:37:06.484] [pid:21380] [main] [host-log] (local-1) [host] [2026-09-28 11:37:06.483] [pid:37660] [zcode-host] [rpc:call] zcode-agent.subscribeConversationV4 OK (18.7ms)
[Z1 child] [2026-09-28 11:37:06.492] [pid:37660] [zcode-host] [rpc:call] zcode-task.getTaskNativeSessionLogFile OK (0.2ms)
[2026-09-28 11:37:06.491] [pid:21380] [main] [host-log] (local-1) [host] [2026-09-28 11:37:06.492] [pid:37660] [zcode-host] [rpc:call] zcode-task.getTaskNativeSessionLogFile OK (0.2ms)
[2026-09-28 11:37:06.497] [pid:21380] [renderer] v4 conversation subscription acknowledged {
  workspaceKey: 'C:\\Users\\USER\\Desktop\\Personal\\ZCode\\.tmp\\z1-native-1790566616075-78b2c5\\workspace',
  workspacePath: 'C:\\Users\\USER\\Desktop\\Personal\\ZCode\\.tmp\\z1-native-1790566616075-78b2c5\\workspace',
  durationMs: 45,
  event: 'v4.conversation.subscribe.acknowledged',
  module: 'ui.v4.conversation_transport',
  runtimeGeneration: 0,
  sessionId: 'sess_873438d3-239f-42c0-af79-9048a250dbea',
  status: 'completed',
  subscriptionId: 'sub-mukp4z5s-7qf3b2oy-1',
  topic: 'conversation/sess_873438d3-239f-42c0-af79-9048a250dbea'
}
[2026-09-28 11:37:06.497] [pid:21380] [renderer] v4 conversation subscription activated {
  workspaceKey: 'C:\\Users\\USER\\Desktop\\Personal\\ZCode\\.tmp\\z1-native-1790566616075-78b2c5\\workspace',
  workspacePath: 'C:\\Users\\USER\\Desktop\\Personal\\ZCode\\.tmp\\z1-native-1790566616075-78b2c5\\workspace',
  event: 'v4.conversation.subscribe.activated',
  module: 'ui.v4.conversation_transport',
  runtimeGeneration: 0,
  status: 'completed',
  subscriptionId: 'sub-mukp4z5s-7qf3b2oy-1',
  topic: 'conversation/sess_873438d3-239f-42c0-af79-9048a250dbea'
}
[2026-09-28 11:37:06.498] [pid:21380] [renderer] v4 conversation store connect completed {
  durationMs: 46,
  event: 'v4.conversation.store.connect.completed',
  generation: 1,
  logEpoch: 'mukp4z5s-7qf3b2oy',
  mode: 'snapshot',
  module: 'ui.v4.conversation_projection_store',
  status: 'completed',
  subscriptionId: 'sub-mukp4z5s-7qf3b2oy-1',
  topic: 'conversation/sess_873438d3-239f-42c0-af79-9048a250dbea'
}
[Z1 child] [2026-09-28 11:37:06.503] [pid:37660] [zcode-host] [rpc:listen] model-selection.onDidChange subscribed
[2026-09-28 11:37:06.503] [pid:21380] [main] [host-log] (local-1) [host] [2026-09-28 11:37:06.503] [pid:37660] [zcode-host] [rpc:listen] model-selection.onDidChange subscribed
[Z1 child] [2026-09-28 11:37:06.504] [pid:37660] [zcode-host] [rpc:call] model-selection.getView OK (0.5ms)
[2026-09-28 11:37:06.504] [pid:21380] [main] [host-log] (local-1) [host] [2026-09-28 11:37:06.504] [pid:37660] [zcode-host] [rpc:call] model-selection.getView OK (0.5ms)
[Z1 child] [2026-09-28 11:37:06.507] [pid:37660] [zcode-host] [rpc:call] zcode-agent.conversationPlansV4 OK (0.4ms)
[2026-09-28 11:37:06.507] [pid:21380] [main] [host-log] (local-1) [host] [2026-09-28 11:37:06.507] [pid:37660] [zcode-host] [rpc:call] zcode-agent.conversationPlansV4 OK (0.4ms)
[Z1 child] [2026-09-28 11:37:06.809] [pid:37660] [settingService] reading settings from: C:\Users\USER\Desktop\Personal\ZCode\.tmp\z1-native-1790566616075-78b2c5\home\.zcode\v2\setting.json
[Z1 child] [2026-09-28 11:37:06.809] [pid:37660] [settingService] read result: {"recentProjects":[],"locale":"zh-CN","localePreference":"en-US","terminalInheritSystemProfile":true,"embeddedBrowserAllowInsecureCertificates":false,"embeddedBrowserViewportPreference":{"mode":"normal","viewport":{"width":393,"height":852},"zoom":"fit"},"computerUseComposerEntryHidden":true,"taskAutoArchiveEnabled":false,"taskAutoArchiveOlderThanDays":7,"closeToTrayOnWindows":false,"closeToTrayOnWindowsMigrationInitialized":true,"keepAwakeWhileRunning":false,"desktopWindowSize":{"width":1600,"height":1000,"maximized":false},"desktopChromiumHardwareAccelerationEnabled":true,"messageStreamShowReasoning":true,"messageStreamShowReasoningMigrationInitialized":true,"messageStreamShowTodos":false,"toolGroupingExploreEnabled":true,"toolGroupingTerminalEnabled":true,"toolGroupingChangesEnabled":false,"zcodeInteractionBehavior":"queue","askUserQuestionAutoResolutionEnabled":false,"modelIoFullRetentionEnabled":false,"startPlanRecommendationDismissed":false,"providerFamilyConnectionSelections":{},"providerFamilyDomain":"zai","providerFamilyDomainMigrated":true,"nativeSearchEnhancementsEnabled":true,"memoryEnabled":false,"lastWorkspaceSession":[{"kind":"local","workspacePath":"C:\\Users\\USER\\Desktop\\Personal\\ZCode\\.tmp\\z1-native-1790566616075-78b2c5\\workspace","workspacePurpose":"project"},{"kind":"local","workspacePath":"C:\\Users\\USER\\Desktop\\Personal\\ZCode\\.tmp\\z1-native-1790566616075-78b2c5\\data\\.zcode\\workspace\\default","workspacePurpose":"conversation"}],"lastActiveTabIndex":0,"receivePreviewUpdates":false,"autoDownloadAndInstallUpdates":false,"skippedElectronUpdateVersions":{},"settingsSyncFirstRunPromptHandled":true}
[2026-09-28 11:37:06.809] [pid:21380] [main] [host-log] (local-1) [host] [2026-09-28 11:37:06.809] [pid:37660] [settingService] writing settings to: C:\Users\USER\Desktop\Personal\ZCode\.tmp\z1-native-1790566616075-78b2c5\home\.zcode\v2\setting.json {"recentProjects":[],"locale":"zh-CN","localePreference":"en-US","terminalInheritSystemProfile":true,"embeddedBrowserAllowInsecureCertificates":false,"embeddedBrowserViewportPreference":{"mode":"normal","viewport":{"width":393,"height":852},"zoom":"fit"},"computerUseComposerEntryHidden":true,"taskAutoArchiveEnabled":false,"taskAutoArchiveOlderThanDays":7,"closeToTrayOnWindows":false,"closeToTrayOnWindowsMigrationInitialized":true,"keepAwakeWhileRunning":false,"desktopWindowSize":{"width":1600,"height":1000,"maximized":false},"desktopChromiumHardwareAccelerationEnabled":true,"messageStreamShowReasoning":true,"messageStreamShowReasoningMigrationInitialized":true,"messageStreamShowTodos":false,"toolGroupingExploreEnabled":true,"toolGroupingTerminalEnabled":true,"toolGroupingChangesEnabled":false,"zcodeInteractionBehavior":"queue","askUserQuestionAutoResolutionEnabled":false,"modelIoFullRetentionEnabled":false,"startPlanRecommendationDismissed":false,"providerFamilyConnectionSelections":{},"providerFamilyDomain":"zai","providerFamilyDomainMigrated":true,"nativeSearchEnhancementsEnabled":true,"memoryEnabled":false,"lastWorkspaceSession":[{"kind":"local","workspacePath":"C:\\Users\\USER\\Desktop\\Personal\\ZCode\\.tmp\\z1-native-1790566616075-78b2c5\\workspace","workspacePurpose":"project"},{"kind":"local","workspacePath":"C:\\Users\\USER\\Desktop\\Personal\\ZCode\\.tmp\\z1-native-1790566616075-78b2c5\\data\\.zcode\\workspace\\default","workspacePurpose":"conversation"}],"lastActiveTabIndex":0,"receivePreviewUpdates":false,"autoDownloadAndInstallUpdates":false,"skippedElectronUpdateVersions":{},"settingsSyncFirstRunPromptHandled":true}
[Z1 child] [2026-09-28 11:37:06.809] [pid:37660] [settingService] writing settings to: C:\Users\USER\Desktop\Personal\ZCode\.tmp\z1-native-1790566616075-78b2c5\home\.zcode\v2\setting.json {"recentProjects":[],"locale":"zh-CN","localePreference":"en-US","terminalInheritSystemProfile":true,"embeddedBrowserAllowInsecureCertificates":false,"embeddedBrowserViewportPreference":{"mode":"normal","viewport":{"width":393,"height":852},"zoom":"fit"},"computerUseComposerEntryHidden":true,"taskAutoArchiveEnabled":false,"taskAutoArchiveOlderThanDays":7,"closeToTrayOnWindows":false,"closeToTrayOnWindowsMigrationInitialized":true,"keepAwakeWhileRunning":false,"desktopWindowSize":{"width":1600,"height":1000,"maximized":false},"desktopChromiumHardwareAccelerationEnabled":true,"messageStreamShowReasoning":true,"messageStreamShowReasoningMigrationInitialized":true,"messageStreamShowTodos":false,"toolGroupingExploreEnabled":true,"toolGroupingTerminalEnabled":true,"toolGroupingChangesEnabled":false,"zcodeInteractionBehavior":"queue","askUserQuestionAutoResolutionEnabled":false,"modelIoFullRetentionEnabled":false,"startPlanRecommendationDismissed":false,"providerFamilyConnectionSelections":{},"providerFamilyDomain":"zai","providerFamilyDomainMigrated":true,"nativeSearchEnhancementsEnabled":true,"memoryEnabled":false,"lastWorkspaceSession":[{"kind":"local","workspacePath":"C:\\Users\\USER\\Desktop\\Personal\\ZCode\\.tmp\\z1-native-1790566616075-78b2c5\\workspace","workspacePurpose":"project"},{"kind":"local","workspacePath":"C:\\Users\\USER\\Desktop\\Personal\\ZCode\\.tmp\\z1-native-1790566616075-78b2c5\\data\\.zcode\\workspace\\default","workspacePurpose":"conversation"}],"lastActiveTabIndex":0,"receivePreviewUpdates":false,"autoDownloadAndInstallUpdates":false,"skippedElectronUpdateVersions":{},"settingsSyncFirstRunPromptHandled":true}
[Z1 child] [2026-09-28 11:37:06.813] [pid:37660] [settingService] write done
[2026-09-28 11:37:06.814] [pid:37660] [zcode-host] [rpc:call] setting.update OK (5.0ms)
[2026-09-28 11:37:06.813] [pid:21380] [main] [host-log] (local-1) [host] [2026-09-28 11:37:06.813] [pid:37660] [settingService] write done
[2026-09-28 11:37:06.814] [pid:21380] [main] [host-log] (local-1) [host] [2026-09-28 11:37:06.814] [pid:37660] [zcode-host] [rpc:call] setting.update OK (5.0ms)
[Z1 child] [2026-09-28 11:37:06.824] [pid:37660] [zcode-host] [rpc:call] zcode-agent.sendConversationCommandV4 OK (2.4ms)
[2026-09-28 11:37:06.824] [pid:21380] [main] [host-log] (local-1) [host] [2026-09-28 11:37:06.824] [pid:37660] [zcode-host] [rpc:call] zcode-agent.sendConversationCommandV4 OK (2.4ms)
[2026-09-28 11:37:06.889] [pid:21380] [renderer] v4 workspace connection lease released {
  event: 'v4.workspace_connection.release',
  keepWarmMs: 30000,
  key: '__base__ C:\\Users\\USER\\Desktop\\Personal\\ZCode\\.tmp\\z1-native-1790566616075-78b2c5\\workspace',
  module: 'ui.v4.workspace_connection_registry',
  refCount: 0,
  status: 'keep_warm'
}
[2026-09-28 11:37:06.889] [pid:21380] [renderer] v4 session data lease released {
  event: 'v4.session_data.release',
  keepWarmMs: 30000,
  module: 'ui.v4.session_data_layer',
  refCount: 0,
  status: 'keep_warm',
  topic: 'conversation/sess_873438d3-239f-42c0-af79-9048a250dbea'
}
[2026-09-28 11:37:06.891] [pid:21380] [main] [host-log] (local-1) [host] [2026-09-28 11:37:06.891] [pid:37660] [zcode-host] [rpc:listen] graphEngineering.onDidChange subscribed
[Z1 child] [2026-09-28 11:37:06.891] [pid:37660] [zcode-host] [rpc:listen] graphEngineering.onDidChange subscribed
[2026-09-28 11:37:06.891] [pid:37660] [settingService] reading settings from: C:\Users\USER\Desktop\Personal\ZCode\.tmp\z1-native-1790566616075-78b2c5\home\.zcode\v2\setting.json
[2026-09-28 11:37:06.891] [pid:37660] [settingService] read result: {"recentProjects":[],"locale":"zh-CN","localePreference":"en-US","terminalInheritSystemProfile":true,"embeddedBrowserAllowInsecureCertificates":false,"embeddedBrowserViewportPreference":{"mode":"normal","viewport":{"width":393,"height":852},"zoom":"fit"},"computerUseComposerEntryHidden":true,"taskAutoArchiveEnabled":false,"taskAutoArchiveOlderThanDays":7,"closeToTrayOnWindows":false,"closeToTrayOnWindowsMigrationInitialized":true,"keepAwakeWhileRunning":false,"desktopWindowSize":{"width":1600,"height":1000,"maximized":false},"desktopChromiumHardwareAccelerationEnabled":true,"messageStreamShowReasoning":true,"messageStreamShowReasoningMigrationInitialized":true,"messageStreamShowTodos":false,"toolGroupingExploreEnabled":true,"toolGroupingTerminalEnabled":true,"toolGroupingChangesEnabled":false,"zcodeInteractionBehavior":"queue","askUserQuestionAutoResolutionEnabled":false,"modelIoFullRetentionEnabled":false,"startPlanRecommendationDismissed":false,"providerFamilyConnectionSelections":{},"providerFamilyDomain":"zai","providerFamilyDomainMigrated":true,"nativeSearchEnhancementsEnabled":true,"memoryEnabled":false,"lastWorkspaceSession":[{"kind":"local","workspacePath":"C:\\Users\\USER\\Desktop\\Personal\\ZCode\\.tmp\\z1-native-1790566616075-78b2c5\\workspace","workspacePurpose":"project"},{"kind":"local","workspacePath":"C:\\Users\\USER\\Desktop\\Personal\\ZCode\\.tmp\\z1-native-1790566616075-78b2c5\\data\\.zcode\\workspace\\default","workspacePurpose":"conversation"}],"lastActiveTabIndex":0,"receivePreviewUpdates":false,"autoDownloadAndInstallUpdates":false,"skippedElectronUpdateVersions":{},"settingsSyncFirstRunPromptHandled":true}
[Z1 child] [2026-09-28 11:37:06.892] [pid:37660] [zcode-host] [rpc:call] graphEngineering.getWorkspace OK (1.2ms)
[2026-09-28 11:37:06.892] [pid:21380] [main] [host-log] (local-1) [host] [2026-09-28 11:37:06.892] [pid:37660] [zcode-host] [rpc:call] graphEngineering.getWorkspace OK (1.2ms)
[2026-09-28 11:37:06.909] [pid:21380] [main] [host-log] (local-1) [host] [2026-09-28 11:37:06.904] [pid:37660] [zcode-host] [rpc:listen] model-selection.onDidChange subscribed
[Z1 child] [2026-09-28 11:37:06.904] [pid:37660] [settingService] reading settings from: C:\Users\USER\Desktop\Personal\ZCode\.tmp\z1-native-1790566616075-78b2c5\home\.zcode\v2\setting.json
[2026-09-28 11:37:06.904] [pid:37660] [zcode-host] [rpc:listen] model-selection.onDidChange subscribed
[2026-09-28 11:37:06.904] [pid:37660] [zcode-host] [rpc:call] graphEngineering.validateDefinition OK (0.3ms)
[2026-09-28 11:37:06.905] [pid:37660] [settingService] read result: {"recentProjects":[],"locale":"zh-CN","localePreference":"en-US","terminalInheritSystemProfile":true,"embeddedBrowserAllowInsecureCertificates":false,"embeddedBrowserViewportPreference":{"mode":"normal","viewport":{"width":393,"height":852},"zoom":"fit"},"computerUseComposerEntryHidden":true,"taskAutoArchiveEnabled":false,"taskAutoArchiveOlderThanDays":7,"closeToTrayOnWindows":false,"closeToTrayOnWindowsMigrationInitialized":true,"keepAwakeWhileRunning":false,"desktopWindowSize":{"width":1600,"height":1000,"maximized":false},"desktopChromiumHardwareAccelerationEnabled":true,"messageStreamShowReasoning":true,"messageStreamShowReasoningMigrationInitialized":true,"messageStreamShowTodos":false,"toolGroupingExploreEnabled":true,"toolGroupingTerminalEnabled":true,"toolGroupingChangesEnabled":false,"zcodeInteractionBehavior":"queue","askUserQuestionAutoResolutionEnabled":false,"modelIoFullRetentionEnabled":false,"startPlanRecommendationDismissed":false,"providerFamilyConnectionSelections":{},"providerFamilyDomain":"zai","providerFamilyDomainMigrated":true,"nativeSearchEnhancementsEnabled":true,"memoryEnabled":false,"lastWorkspaceSession":[{"kind":"local","workspacePath":"C:\\Users\\USER\\Desktop\\Personal\\ZCode\\.tmp\\z1-native-1790566616075-78b2c5\\workspace","workspacePurpose":"project"},{"kind":"local","workspacePath":"C:\\Users\\USER\\Desktop\\Personal\\ZCode\\.tmp\\z1-native-1790566616075-78b2c5\\data\\.zcode\\workspace\\default","workspacePurpose":"conversation"}],"lastActiveTabIndex":0,"receivePreviewUpdates":false,"autoDownloadAndInstallUpdates":false,"skippedElectronUpdateVersions":{},"settingsSyncFirstRunPromptHandled":true}
[2026-09-28 11:37:06.905] [pid:37660] [zcode-host] [rpc:call] setting.get OK (1.2ms)
[2026-09-28 11:37:06.905] [pid:37660] [zcode-host] [rpc:call] model-selection.getView OK (1.3ms)
[2026-09-28 11:37:06.910] [pid:21380] [main] [host-log] (local-1) [host] [2026-09-28 11:37:06.904] [pid:37660] [zcode-host] [rpc:call] graphEngineering.validateDefinition OK (0.3ms)
[2026-09-28 11:37:06.911] [pid:21380] [main] [host-log] (local-1) [host] [2026-09-28 11:37:06.905] [pid:37660] [zcode-host] [rpc:call] setting.get OK (1.2ms)
[2026-09-28 11:37:06.911] [pid:21380] [main] [host-log] (local-1) [host] [2026-09-28 11:37:06.905] [pid:37660] [zcode-host] [rpc:call] model-selection.getView OK (1.3ms)
[Z1 child] [2026-09-28 11:37:07.099] [pid:37660] [zcode-agent-service] 开始初始化 ZCode agent {
  workspaceKey: 'C:\\Users\\USER\\Desktop\\Personal\\ZCode\\.tmp\\z1-native-1790566616075-78b2c5\\workspace',
  workspacePath: 'C:\\Users\\USER\\Desktop\\Personal\\ZCode\\.tmp\\z1-native-1790566616075-78b2c5\\workspace'
}
[2026-09-28 11:37:07.099] [pid:37660] [zcode-agent-service] ZCode agent 初始化完成 {
  durationMs: 0,
  transportKind: 'stdio',
  workspaceKey: 'C:\\Users\\USER\\Desktop\\Personal\\ZCode\\.tmp\\z1-native-1790566616075-78b2c5\\workspace',
  workspacePath: 'C:\\Users\\USER\\Desktop\\Personal\\ZCode\\.tmp\\z1-native-1790566616075-78b2c5\\workspace'
}
[2026-09-28 11:37:07.099] [pid:21380] [main] [host-log] (local-1) [host] [2026-09-28 11:37:07.099] [pid:37660] [zcode-agent-service] 开始初始化 ZCode agent {"workspaceKey":"C:\\Users\\USER\\Desktop\\Personal\\ZCode\\.tmp\\z1-native-1790566616075-78b2c5\\workspace","workspacePath":"C:\\Users\\USER\\Desktop\\Personal\\ZCode\\.tmp\\z1-native-1790566616075-78b2c5\\workspace"}
[Z1 child] [2026-09-28 11:37:07.100] [pid:37660] [zcode-session-service][trace:975df370-e98a-4e7b-a01a-3d0dbbfb0098] [zcode-session-service] createSession 分配 session trace {
  persistence: 'deferred',
  workspaceIdentity: undefined,
  workspacePath: 'C:\\Users\\USER\\Desktop\\Personal\\ZCode\\.tmp\\z1-native-1790566616075-78b2c5\\workspace'
}
[2026-09-28 11:37:07.100] [pid:37660] [zcode-agent-service][trace:975df370-e98a-4e7b-a01a-3d0dbbfb0098] 开始请求 ZCode Protocol session/create {
  hasInitialModel: true,
  hasInitialThoughtLevel: false,
  initialModel: 'z1-local-fixture/z1-fixture$enabled',
  mcpServerCount: 0,
  mcpServerNames: [],
  persistence: 'deferred',
  workspaceKey: 'C:\\Users\\USER\\Desktop\\Personal\\ZCode\\.tmp\\z1-native-1790566616075-78b2c5\\workspace',
  workspacePath: 'C:\\Users\\USER\\Desktop\\Personal\\ZCode\\.tmp\\z1-native-1790566616075-78b2c5\\workspace'
}
[2026-09-28 11:37:07.100] [pid:21380] [main] [host-log] (local-1) [host] [2026-09-28 11:37:07.099] [pid:37660] [zcode-agent-service] ZCode agent 初始化完成 {"durationMs":0,"transportKind":"stdio","workspaceKey":"C:\\Users\\USER\\Desktop\\Personal\\ZCode\\.tmp\\z1-native-1790566616075-78b2c5\\workspace","workspacePath":"C:\\Users\\USER\\Desktop\\Personal\\ZCode\\.tmp\\z1-native-1790566616075-78b2c5\\workspace"}
[2026-09-28 11:37:07.101] [pid:21380] [main] [host-log] (local-1) [host] [2026-09-28 11:37:07.100] [pid:37660] [zcode-session-service][trace:975df370-e98a-4e7b-a01a-3d0dbbfb0098] [zcode-session-service] createSession 分配 session trace {"persistence":"deferred","workspacePath":"C:\\Users\\USER\\Desktop\\Personal\\ZCode\\.tmp\\z1-native-1790566616075-78b2c5\\workspace"}
[2026-09-28 11:37:07.102] [pid:21380] [main] [host-log] (local-1) [host] [2026-09-28 11:37:07.100] [pid:37660] [zcode-agent-service][trace:975df370-e98a-4e7b-a01a-3d0dbbfb0098] 开始请求 ZCode Protocol session/create {"hasInitialModel":true,"hasInitialThoughtLevel":false,"initialModel":"z1-local-fixture/z1-fixture$enabled","mcpServerCount":0,"mcpServerNames":[],"persistence":"deferred","workspaceKey":"C:\\Users\\USER\\Desktop\\Personal\\ZCode\\.tmp\\z1-native-1790566616075-78b2c5\\workspace","workspacePath":"C:\\Users\\USER\\Desktop\\Personal\\ZCode\\.tmp\\z1-native-1790566616075-78b2c5\\workspace"}
[Z1 child] [2026-09-28 11:37:07.101] [pid:37660] [settingService] reading settings from: C:\Users\USER\Desktop\Personal\ZCode\.tmp\z1-native-1790566616075-78b2c5\home\.zcode\v2\setting.json
[2026-09-28 11:37:07.101] [pid:37660] [settingService] read result: {"recentProjects":[],"locale":"zh-CN","localePreference":"en-US","terminalInheritSystemProfile":true,"embeddedBrowserAllowInsecureCertificates":false,"embeddedBrowserViewportPreference":{"mode":"normal","viewport":{"width":393,"height":852},"zoom":"fit"},"computerUseComposerEntryHidden":true,"taskAutoArchiveEnabled":false,"taskAutoArchiveOlderThanDays":7,"closeToTrayOnWindows":false,"closeToTrayOnWindowsMigrationInitialized":true,"keepAwakeWhileRunning":false,"desktopWindowSize":{"width":1600,"height":1000,"maximized":false},"desktopChromiumHardwareAccelerationEnabled":true,"messageStreamShowReasoning":true,"messageStreamShowReasoningMigrationInitialized":true,"messageStreamShowTodos":false,"toolGroupingExploreEnabled":true,"toolGroupingTerminalEnabled":true,"toolGroupingChangesEnabled":false,"zcodeInteractionBehavior":"queue","askUserQuestionAutoResolutionEnabled":false,"modelIoFullRetentionEnabled":false,"startPlanRecommendationDismissed":false,"providerFamilyConnectionSelections":{},"providerFamilyDomain":"zai","providerFamilyDomainMigrated":true,"nativeSearchEnhancementsEnabled":true,"memoryEnabled":false,"lastWorkspaceSession":[{"kind":"local","workspacePath":"C:\\Users\\USER\\Desktop\\Personal\\ZCode\\.tmp\\z1-native-1790566616075-78b2c5\\workspace","workspacePurpose":"project"},{"kind":"local","workspacePath":"C:\\Users\\USER\\Desktop\\Personal\\ZCode\\.tmp\\z1-native-1790566616075-78b2c5\\data\\.zcode\\workspace\\default","workspacePurpose":"conversation"}],"lastActiveTabIndex":0,"receivePreviewUpdates":false,"autoDownloadAndInstallUpdates":false,"skippedElectronUpdateVersions":{},"settingsSyncFirstRunPromptHandled":true}
[Z1 child] [2026-09-28 11:37:07.154] [pid:37660] [zcode-agent-service][trace:975df370-e98a-4e7b-a01a-3d0dbbfb0098] ZCode Protocol session/create 完成 {
  durationMs: 54,
  messageCount: 0,
  modelCurrent: 'z1-local-fixture/z1-fixture',
  mcpServerCount: 0,
  persistence: 'deferred',
  sessionId: 'sess_7a0033d8-f01e-4cc6-b45f-4f5d51e683a9',
  snapshotTraceId: '975df370-e98a-4e7b-a01a-3d0dbbfb0098',
  workspaceKey: 'C:\\Users\\USER\\Desktop\\Personal\\ZCode\\.tmp\\z1-native-1790566616075-78b2c5\\workspace',
  workspacePath: 'C:\\Users\\USER\\Desktop\\Personal\\ZCode\\.tmp\\z1-native-1790566616075-78b2c5\\workspace'
}
[2026-09-28 11:37:07.154] [pid:21380] [main] [host-log] (local-1) [host] [2026-09-28 11:37:07.154] [pid:37660] [zcode-agent-service][trace:975df370-e98a-4e7b-a01a-3d0dbbfb0098] ZCode Protocol session/create 完成 {"durationMs":54,"messageCount":0,"modelCurrent":"z1-local-fixture/z1-fixture","mcpServerCount":0,"persistence":"deferred","sessionId":"sess_7a0033d8-f01e-4cc6-b45f-4f5d51e683a9","snapshotTraceId":"975df370-e98a-4e7b-a01a-3d0dbbfb0098","workspaceKey":"C:\\Users\\USER\\Desktop\\Personal\\ZCode\\.tmp\\z1-native-1790566616075-78b2c5\\workspace","workspacePath":"C:\\Users\\USER\\Desktop\\Personal\\ZCode\\.tmp\\z1-native-1790566616075-78b2c5\\workspace"}
[2026-09-28 11:37:07.155] [pid:21380] [main] [host-log] (local-1) [host] [2026-09-28 11:37:07.155] [pid:37660] [zcode-session-service][trace:975df370-e98a-4e7b-a01a-3d0dbbfb0098] [zcode-session-service] createSession agent 返回 {"durationMs":56,"mcpServerCount":0,"persistence":"deferred","snapshotTraceId":"975df370-e98a-4e7b-a01a-3d0dbbfb0098","sessionId":"sess_7a0033d8-f01e-4cc6-b45f-4f5d51e683a9","workspacePath":"C:\\Users\\USER\\Desktop\\Personal\\ZCode\\.tmp\\z1-native-1790566616075-78b2c5\\workspace"}
[Z1 child] [2026-09-28 11:37:07.155] [pid:37660] [zcode-session-service][trace:975df370-e98a-4e7b-a01a-3d0dbbfb0098] [zcode-session-service] createSession agent 返回 {
  durationMs: 56,
  mcpServerCount: 0,
  persistence: 'deferred',
  snapshotTraceId: '975df370-e98a-4e7b-a01a-3d0dbbfb0098',
  sessionId: 'sess_7a0033d8-f01e-4cc6-b45f-4f5d51e683a9',
  workspaceIdentity: undefined,
  workspacePath: 'C:\\Users\\USER\\Desktop\\Personal\\ZCode\\.tmp\\z1-native-1790566616075-78b2c5\\workspace'
}
[2026-09-28 11:37:07.192] [pid:21380] [main] [browser-use] execute start browserId=iab:6a82f5e8-6454-4d87-87cb-df6fb94421f4 sessionId=sess_7a0033d8-f01e-4cc6-b45f-4f5d51e683a9 method=list
[2026-09-28 11:37:07.193] [pid:21380] [main] [browser-use] execute requestId=7cc9c0ba-529a-4970-bb57-4b07816392d9 browserId=iab:6a82f5e8-6454-4d87-87cb-df6fb94421f4 generation=1790566618494 windowId=1 sessionId=sess_7a0033d8-f01e-4cc6-b45f-4f5d51e683a9 method=list
[2026-09-28 11:37:07.193] [pid:21380] [main] [browser-use] execute done sessionId=sess_7a0033d8-f01e-4cc6-b45f-4f5d51e683a9 method=list ok=true elapsedMs=0
[2026-09-28 11:37:07.194] [pid:21380] [main] [browser-use] execute start browserId=iab:6a82f5e8-6454-4d87-87cb-df6fb94421f4 sessionId=sess_7a0033d8-f01e-4cc6-b45f-4f5d51e683a9 method=listUserTabs
[2026-09-28 11:37:07.195] [pid:21380] [main] [browser-use] execute requestId=fb94f4a0-9f2b-4d99-b28a-b315d3cae0a1 browserId=iab:6a82f5e8-6454-4d87-87cb-df6fb94421f4 generation=1790566618494 windowId=1 sessionId=sess_7a0033d8-f01e-4cc6-b45f-4f5d51e683a9 method=listUserTabs
[2026-09-28 11:37:07.196] [pid:21380] [main] [browser-use] execute done sessionId=sess_7a0033d8-f01e-4cc6-b45f-4f5d51e683a9 method=listUserTabs ok=true elapsedMs=1
[Z1 child] [2026-09-28 11:37:07.204] [pid:37660] [settingService] reading settings from: C:\Users\USER\Desktop\Personal\ZCode\.tmp\z1-native-1790566616075-78b2c5\home\.zcode\v2\setting.json
[Z1 child] [2026-09-28 11:37:07.205] [pid:37660] [settingService] read result: {"recentProjects":[],"locale":"zh-CN","localePreference":"en-US","terminalInheritSystemProfile":true,"embeddedBrowserAllowInsecureCertificates":false,"embeddedBrowserViewportPreference":{"mode":"normal","viewport":{"width":393,"height":852},"zoom":"fit"},"computerUseComposerEntryHidden":true,"taskAutoArchiveEnabled":false,"taskAutoArchiveOlderThanDays":7,"closeToTrayOnWindows":false,"closeToTrayOnWindowsMigrationInitialized":true,"keepAwakeWhileRunning":false,"desktopWindowSize":{"width":1600,"height":1000,"maximized":false},"desktopChromiumHardwareAccelerationEnabled":true,"messageStreamShowReasoning":true,"messageStreamShowReasoningMigrationInitialized":true,"messageStreamShowTodos":false,"toolGroupingExploreEnabled":true,"toolGroupingTerminalEnabled":true,"toolGroupingChangesEnabled":false,"zcodeInteractionBehavior":"queue","askUserQuestionAutoResolutionEnabled":false,"modelIoFullRetentionEnabled":false,"startPlanRecommendationDismissed":false,"providerFamilyConnectionSelections":{},"providerFamilyDomain":"zai","providerFamilyDomainMigrated":true,"nativeSearchEnhancementsEnabled":true,"memoryEnabled":false,"lastWorkspaceSession":[{"kind":"local","workspacePath":"C:\\Users\\USER\\Desktop\\Personal\\ZCode\\.tmp\\z1-native-1790566616075-78b2c5\\workspace","workspacePurpose":"project"},{"kind":"local","workspacePath":"C:\\Users\\USER\\Desktop\\Personal\\ZCode\\.tmp\\z1-native-1790566616075-78b2c5\\data\\.zcode\\workspace\\default","workspacePurpose":"conversation"}],"lastActiveTabIndex":0,"receivePreviewUpdates":false,"autoDownloadAndInstallUpdates":false,"skippedElectronUpdateVersions":{},"settingsSyncFirstRunPromptHandled":true}
[Z1 child] [2026-09-28 11:37:07.211] [pid:37660] [settingService] reading settings from: C:\Users\USER\Desktop\Personal\ZCode\.tmp\z1-native-1790566616075-78b2c5\home\.zcode\v2\setting.json
[Z1 child] [2026-09-28 11:37:07.211] [pid:37660] [settingService] read result: {"recentProjects":[],"locale":"zh-CN","localePreference":"en-US","terminalInheritSystemProfile":true,"embeddedBrowserAllowInsecureCertificates":false,"embeddedBrowserViewportPreference":{"mode":"normal","viewport":{"width":393,"height":852},"zoom":"fit"},"computerUseComposerEntryHidden":true,"taskAutoArchiveEnabled":false,"taskAutoArchiveOlderThanDays":7,"closeToTrayOnWindows":false,"closeToTrayOnWindowsMigrationInitialized":true,"keepAwakeWhileRunning":false,"desktopWindowSize":{"width":1600,"height":1000,"maximized":false},"desktopChromiumHardwareAccelerationEnabled":true,"messageStreamShowReasoning":true,"messageStreamShowReasoningMigrationInitialized":true,"messageStreamShowTodos":false,"toolGroupingExploreEnabled":true,"toolGroupingTerminalEnabled":true,"toolGroupingChangesEnabled":false,"zcodeInteractionBehavior":"queue","askUserQuestionAutoResolutionEnabled":false,"modelIoFullRetentionEnabled":false,"startPlanRecommendationDismissed":false,"providerFamilyConnectionSelections":{},"providerFamilyDomain":"zai","providerFamilyDomainMigrated":true,"nativeSearchEnhancementsEnabled":true,"memoryEnabled":false,"lastWorkspaceSession":[{"kind":"local","workspacePath":"C:\\Users\\USER\\Desktop\\Personal\\ZCode\\.tmp\\z1-native-1790566616075-78b2c5\\workspace","workspacePurpose":"project"},{"kind":"local","workspacePath":"C:\\Users\\USER\\Desktop\\Personal\\ZCode\\.tmp\\z1-native-1790566616075-78b2c5\\data\\.zcode\\workspace\\default","workspacePurpose":"conversation"}],"lastActiveTabIndex":0,"receivePreviewUpdates":false,"autoDownloadAndInstallUpdates":false,"skippedElectronUpdateVersions":{},"settingsSyncFirstRunPromptHandled":true}
[Z1 child] [2026-09-28 11:37:07.211] [pid:37660] [zcode-host] [rpc:call] graphEngineering.getWorkspace OK (212.6ms)
[2026-09-28 11:37:07.212] [pid:21380] [main] [host-log] (local-1) [host] [2026-09-28 11:37:07.211] [pid:37660] [zcode-host] [rpc:call] graphEngineering.getWorkspace OK (212.6ms)
[Z1 child] [2026-09-28 11:37:07.212] [pid:37660] [settingService] reading settings from: C:\Users\USER\Desktop\Personal\ZCode\.tmp\z1-native-1790566616075-78b2c5\home\.zcode\v2\setting.json
[2026-09-28 11:37:07.212] [pid:37660] [settingService] read result: {"recentProjects":[],"locale":"zh-CN","localePreference":"en-US","terminalInheritSystemProfile":true,"embeddedBrowserAllowInsecureCertificates":false,"embeddedBrowserViewportPreference":{"mode":"normal","viewport":{"width":393,"height":852},"zoom":"fit"},"computerUseComposerEntryHidden":true,"taskAutoArchiveEnabled":false,"taskAutoArchiveOlderThanDays":7,"closeToTrayOnWindows":false,"closeToTrayOnWindowsMigrationInitialized":true,"keepAwakeWhileRunning":false,"desktopWindowSize":{"width":1600,"height":1000,"maximized":false},"desktopChromiumHardwareAccelerationEnabled":true,"messageStreamShowReasoning":true,"messageStreamShowReasoningMigrationInitialized":true,"messageStreamShowTodos":false,"toolGroupingExploreEnabled":true,"toolGroupingTerminalEnabled":true,"toolGroupingChangesEnabled":false,"zcodeInteractionBehavior":"queue","askUserQuestionAutoResolutionEnabled":false,"modelIoFullRetentionEnabled":false,"startPlanRecommendationDismissed":false,"providerFamilyConnectionSelections":{},"providerFamilyDomain":"zai","providerFamilyDomainMigrated":true,"nativeSearchEnhancementsEnabled":true,"memoryEnabled":false,"lastWorkspaceSession":[{"kind":"local","workspacePath":"C:\\Users\\USER\\Desktop\\Personal\\ZCode\\.tmp\\z1-native-1790566616075-78b2c5\\workspace","workspacePurpose":"project"},{"kind":"local","workspacePath":"C:\\Users\\USER\\Desktop\\Personal\\ZCode\\.tmp\\z1-native-1790566616075-78b2c5\\data\\.zcode\\workspace\\default","workspacePurpose":"conversation"}],"lastActiveTabIndex":0,"receivePreviewUpdates":false,"autoDownloadAndInstallUpdates":false,"skippedElectronUpdateVersions":{},"settingsSyncFirstRunPromptHandled":true}
[Z1 child] [2026-09-28 11:37:07.213] [pid:37660] [zcode-host] [rpc:call] graphEngineering.getWorkspace OK (113.6ms)
[2026-09-28 11:37:07.213] [pid:21380] [main] [host-log] (local-1) [host] [2026-09-28 11:37:07.213] [pid:37660] [zcode-host] [rpc:call] graphEngineering.getWorkspace OK (113.6ms)
[Z1 child] [2026-09-28 11:37:07.213] [pid:37660] [settingService] reading settings from: C:\Users\USER\Desktop\Personal\ZCode\.tmp\z1-native-1790566616075-78b2c5\home\.zcode\v2\setting.json
[2026-09-28 11:37:07.213] [pid:37660] [settingService] read result: {"recentProjects":[],"locale":"zh-CN","localePreference":"en-US","terminalInheritSystemProfile":true,"embeddedBrowserAllowInsecureCertificates":false,"embeddedBrowserViewportPreference":{"mode":"normal","viewport":{"width":393,"height":852},"zoom":"fit"},"computerUseComposerEntryHidden":true,"taskAutoArchiveEnabled":false,"taskAutoArchiveOlderThanDays":7,"closeToTrayOnWindows":false,"closeToTrayOnWindowsMigrationInitialized":true,"keepAwakeWhileRunning":false,"desktopWindowSize":{"width":1600,"height":1000,"maximized":false},"desktopChromiumHardwareAccelerationEnabled":true,"messageStreamShowReasoning":true,"messageStreamShowReasoningMigrationInitialized":true,"messageStreamShowTodos":false,"toolGroupingExploreEnabled":true,"toolGroupingTerminalEnabled":true,"toolGroupingChangesEnabled":false,"zcodeInteractionBehavior":"queue","askUserQuestionAutoResolutionEnabled":false,"modelIoFullRetentionEnabled":false,"startPlanRecommendationDismissed":false,"providerFamilyConnectionSelections":{},"providerFamilyDomain":"zai","providerFamilyDomainMigrated":true,"nativeSearchEnhancementsEnabled":true,"memoryEnabled":false,"lastWorkspaceSession":[{"kind":"local","workspacePath":"C:\\Users\\USER\\Desktop\\Personal\\ZCode\\.tmp\\z1-native-1790566616075-78b2c5\\workspace","workspacePurpose":"project"},{"kind":"local","workspacePath":"C:\\Users\\USER\\Desktop\\Personal\\ZCode\\.tmp\\z1-native-1790566616075-78b2c5\\data\\.zcode\\workspace\\default","workspacePurpose":"conversation"}],"lastActiveTabIndex":0,"receivePreviewUpdates":false,"autoDownloadAndInstallUpdates":false,"skippedElectronUpdateVersions":{},"settingsSyncFirstRunPromptHandled":true}
[Z1 child] [2026-09-28 11:37:07.214] [pid:37660] [zcode-host] [rpc:call] graphEngineering.getWorkspace OK (55.9ms)
[2026-09-28 11:37:07.214] [pid:21380] [main] [host-log] (local-1) [host] [2026-09-28 11:37:07.214] [pid:37660] [zcode-host] [rpc:call] graphEngineering.getWorkspace OK (55.9ms)
[Z1 child] [2026-09-28 11:37:07.214] [pid:37660] [settingService] reading settings from: C:\Users\USER\Desktop\Personal\ZCode\.tmp\z1-native-1790566616075-78b2c5\home\.zcode\v2\setting.json
[2026-09-28 11:37:07.215] [pid:37660] [settingService] read result: {"recentProjects":[],"locale":"zh-CN","localePreference":"en-US","terminalInheritSystemProfile":true,"embeddedBrowserAllowInsecureCertificates":false,"embeddedBrowserViewportPreference":{"mode":"normal","viewport":{"width":393,"height":852},"zoom":"fit"},"computerUseComposerEntryHidden":true,"taskAutoArchiveEnabled":false,"taskAutoArchiveOlderThanDays":7,"closeToTrayOnWindows":false,"closeToTrayOnWindowsMigrationInitialized":true,"keepAwakeWhileRunning":false,"desktopWindowSize":{"width":1600,"height":1000,"maximized":false},"desktopChromiumHardwareAccelerationEnabled":true,"messageStreamShowReasoning":true,"messageStreamShowReasoningMigrationInitialized":true,"messageStreamShowTodos":false,"toolGroupingExploreEnabled":true,"toolGroupingTerminalEnabled":true,"toolGroupingChangesEnabled":false,"zcodeInteractionBehavior":"queue","askUserQuestionAutoResolutionEnabled":false,"modelIoFullRetentionEnabled":false,"startPlanRecommendationDismissed":false,"providerFamilyConnectionSelections":{},"providerFamilyDomain":"zai","providerFamilyDomainMigrated":true,"nativeSearchEnhancementsEnabled":true,"memoryEnabled":false,"lastWorkspaceSession":[{"kind":"local","workspacePath":"C:\\Users\\USER\\Desktop\\Personal\\ZCode\\.tmp\\z1-native-1790566616075-78b2c5\\workspace","workspacePurpose":"project"},{"kind":"local","workspacePath":"C:\\Users\\USER\\Desktop\\Personal\\ZCode\\.tmp\\z1-native-1790566616075-78b2c5\\data\\.zcode\\workspace\\default","workspacePurpose":"conversation"}],"lastActiveTabIndex":0,"receivePreviewUpdates":false,"autoDownloadAndInstallUpdates":false,"skippedElectronUpdateVersions":{},"settingsSyncFirstRunPromptHandled":true}
[Z1 child] [2026-09-28 11:37:07.215] [pid:37660] [zcode-host] [rpc:call] graphEngineering.getWorkspace OK (23.2ms)
[2026-09-28 11:37:07.215] [pid:21380] [main] [host-log] (local-1) [host] [2026-09-28 11:37:07.215] [pid:37660] [zcode-host] [rpc:call] graphEngineering.getWorkspace OK (23.2ms)
[Z1 child] [2026-09-28 11:37:07.216] [pid:37660] [settingService] reading settings from: C:\Users\USER\Desktop\Personal\ZCode\.tmp\z1-native-1790566616075-78b2c5\home\.zcode\v2\setting.json
[2026-09-28 11:37:07.216] [pid:37660] [settingService] read result: {"recentProjects":[],"locale":"zh-CN","localePreference":"en-US","terminalInheritSystemProfile":true,"embeddedBrowserAllowInsecureCertificates":false,"embeddedBrowserViewportPreference":{"mode":"normal","viewport":{"width":393,"height":852},"zoom":"fit"},"computerUseComposerEntryHidden":true,"taskAutoArchiveEnabled":false,"taskAutoArchiveOlderThanDays":7,"closeToTrayOnWindows":false,"closeToTrayOnWindowsMigrationInitialized":true,"keepAwakeWhileRunning":false,"desktopWindowSize":{"width":1600,"height":1000,"maximized":false},"desktopChromiumHardwareAccelerationEnabled":true,"messageStreamShowReasoning":true,"messageStreamShowReasoningMigrationInitialized":true,"messageStreamShowTodos":false,"toolGroupingExploreEnabled":true,"toolGroupingTerminalEnabled":true,"toolGroupingChangesEnabled":false,"zcodeInteractionBehavior":"queue","askUserQuestionAutoResolutionEnabled":false,"modelIoFullRetentionEnabled":false,"startPlanRecommendationDismissed":false,"providerFamilyConnectionSelections":{},"providerFamilyDomain":"zai","providerFamilyDomainMigrated":true,"nativeSearchEnhancementsEnabled":true,"memoryEnabled":false,"lastWorkspaceSession":[{"kind":"local","workspacePath":"C:\\Users\\USER\\Desktop\\Personal\\ZCode\\.tmp\\z1-native-1790566616075-78b2c5\\workspace","workspacePurpose":"project"},{"kind":"local","workspacePath":"C:\\Users\\USER\\Desktop\\Personal\\ZCode\\.tmp\\z1-native-1790566616075-78b2c5\\data\\.zcode\\workspace\\default","workspacePurpose":"conversation"}],"lastActiveTabIndex":0,"receivePreviewUpdates":false,"autoDownloadAndInstallUpdates":false,"skippedElectronUpdateVersions":{},"settingsSyncFirstRunPromptHandled":true}
[Z1 child] [2026-09-28 11:37:07.216] [pid:37660] [zcode-host] [rpc:call] graphEngineering.getWorkspace OK (5.5ms)
[2026-09-28 11:37:07.216] [pid:21380] [main] [host-log] (local-1) [host] [2026-09-28 11:37:07.216] [pid:37660] [zcode-host] [rpc:call] graphEngineering.getWorkspace OK (5.5ms)
[Z1 child] [2026-09-28 11:37:07.591] [pid:37660] [cua-pip-session] [cua-pip-session] event delivery dropped {
  eventId: '90eb5d3b-cfce-4119-bc7d-9214dad344cd',
  kind: 'turn-started',
  sequenceNumber: 3,
  sessionId: 'sess_7a0033d8-f01e-4cc6-b45f-4f5d51e683a9',
  turnId: 'turn_a91303ce-7947-4229-bee9-bc54bca4b82c',
  skipReason: 'service-disabled'
}
[2026-09-28 11:37:07.591] [pid:21380] [main] [host-log] (local-1) [host] [2026-09-28 11:37:07.591] [pid:37660] [cua-pip-session] [cua-pip-session] event delivery dropped {"eventId":"90eb5d3b-cfce-4119-bc7d-9214dad344cd","kind":"turn-started","sequenceNumber":3,"sessionId":"sess_7a0033d8-f01e-4cc6-b45f-4f5d51e683a9","turnId":"turn_a91303ce-7947-4229-bee9-bc54bca4b82c","skipReason":"service-disabled"}
[Z1 child] [2026-09-28 11:37:07.642] [pid:37660] [settingService] reading settings from: C:\Users\USER\Desktop\Personal\ZCode\.tmp\z1-native-1790566616075-78b2c5\home\.zcode\v2\setting.json
[Z1 child] [2026-09-28 11:37:07.643] [pid:37660] [settingService] read result: {"recentProjects":[],"locale":"zh-CN","localePreference":"en-US","terminalInheritSystemProfile":true,"embeddedBrowserAllowInsecureCertificates":false,"embeddedBrowserViewportPreference":{"mode":"normal","viewport":{"width":393,"height":852},"zoom":"fit"},"computerUseComposerEntryHidden":true,"taskAutoArchiveEnabled":false,"taskAutoArchiveOlderThanDays":7,"closeToTrayOnWindows":false,"closeToTrayOnWindowsMigrationInitialized":true,"keepAwakeWhileRunning":false,"desktopWindowSize":{"width":1600,"height":1000,"maximized":false},"desktopChromiumHardwareAccelerationEnabled":true,"messageStreamShowReasoning":true,"messageStreamShowReasoningMigrationInitialized":true,"messageStreamShowTodos":false,"toolGroupingExploreEnabled":true,"toolGroupingTerminalEnabled":true,"toolGroupingChangesEnabled":false,"zcodeInteractionBehavior":"queue","askUserQuestionAutoResolutionEnabled":false,"modelIoFullRetentionEnabled":false,"startPlanRecommendationDismissed":false,"providerFamilyConnectionSelections":{},"providerFamilyDomain":"zai","providerFamilyDomainMigrated":true,"nativeSearchEnhancementsEnabled":true,"memoryEnabled":false,"lastWorkspaceSession":[{"kind":"local","workspacePath":"C:\\Users\\USER\\Desktop\\Personal\\ZCode\\.tmp\\z1-native-1790566616075-78b2c5\\workspace","workspacePurpose":"project"},{"kind":"local","workspacePath":"C:\\Users\\USER\\Desktop\\Personal\\ZCode\\.tmp\\z1-native-1790566616075-78b2c5\\data\\.zcode\\workspace\\default","workspacePurpose":"conversation"}],"lastActiveTabIndex":0,"receivePreviewUpdates":false,"autoDownloadAndInstallUpdates":false,"skippedElectronUpdateVersions":{},"settingsSyncFirstRunPromptHandled":true}
[Z1 child] [2026-09-28 11:37:07.643] [pid:37660] [zcode-host] [rpc:call] graphEngineering.getWorkspace OK (1.1ms)
[2026-09-28 11:37:07.643] [pid:21380] [main] [host-log] (local-1) [host] [2026-09-28 11:37:07.643] [pid:37660] [zcode-host] [rpc:call] graphEngineering.getWorkspace OK (1.1ms)
[Z1 child] [2026-09-28 11:37:07.663] [pid:37660] [cua-pip-session] [cua-pip-session] event delivery dropped {
  eventId: '3eff5668-aa4a-4ad6-8dfa-206e64bf1118',
  kind: 'turn-ended',
  sequenceNumber: 14,
  sessionId: 'sess_7a0033d8-f01e-4cc6-b45f-4f5d51e683a9',
  turnId: 'turn_a91303ce-7947-4229-bee9-bc54bca4b82c',
  outcome: 'completed',
  skipReason: 'service-disabled'
}
[2026-09-28 11:37:07.663] [pid:21380] [main] [host-log] (local-1) [host] [2026-09-28 11:37:07.663] [pid:37660] [cua-pip-session] [cua-pip-session] event delivery dropped {"eventId":"3eff5668-aa4a-4ad6-8dfa-206e64bf1118","kind":"turn-ended","sequenceNumber":14,"sessionId":"sess_7a0033d8-f01e-4cc6-b45f-4f5d51e683a9","turnId":"turn_a91303ce-7947-4229-bee9-bc54bca4b82c","outcome":"completed","skipReason":"service-disabled"}
[Z1 child] [2026-09-28 11:37:07.664] [pid:37660] [zcode-task-index-syncer] task 终态未读裁决 {
  goalStatus: null,
  phase: 'completedSuccess',
  taskId: 'sess_7a0033d8-f01e-4cc6-b45f-4f5d51e683a9',
  unreadSignal: 'background_terminal'
}
[Z1 child] [2026-09-28 11:37:07.704] [pid:37660] [zcode-task-index-syncer] [list-refresh-trace] emitWorkspaceTaskListChanged reason=task_created taskId=sess_7a0033d8-f01e-4cc6-b45f-4f5d51e683a9 workspace=C:\Users\USER\Desktop\Personal\ZCode\.tmp\z1-native-1790566616075-78b2c5\workspace hasMeta=true
[Z1 child] [2026-09-28 11:37:07.711] [pid:37660] [zcode-host] [rpc:call] zcode-task.listPinnedTaskIds OK (0.1ms)
[2026-09-28 11:37:07.711] [pid:21380] [main] [host-log] (local-1) [host] [2026-09-28 11:37:07.711] [pid:37660] [zcode-host] [rpc:call] zcode-task.listPinnedTaskIds OK (0.1ms)
[2026-09-28 11:37:07.712] [pid:21380] [main] [host-log] (local-1) [host] [2026-09-28 11:37:07.711] [pid:37660] [zcode-host] [rpc:call] zcode-task.listArchivedTasks OK (0.1ms)
[2026-09-28 11:37:07.712] [pid:21380] [main] [host-log] (local-1) [host] [2026-09-28 11:37:07.711] [pid:37660] [zcode-host] [rpc:call] zcode-task.listTasks OK (0.2ms)
[2026-09-28 11:37:07.713] [pid:21380] [main] [host-log] (local-1) [host] [2026-09-28 11:37:07.712] [pid:37660] [zcode-host] [rpc:call] zcode-task.listPinnedTasks OK (0.1ms)
[2026-09-28 11:37:07.714] [pid:21380] [main] [host-log] (local-1) [host] [2026-09-28 11:37:07.712] [pid:37660] [zcode-host] [rpc:call] zcode-task.listDeletedTaskIds OK (0.1ms)
[2026-09-28 11:37:07.715] [pid:21380] [main] [host-log] (local-1) [host] [2026-09-28 11:37:07.712] [pid:37660] [zcode-host] [rpc:call] window-controller.listTaskList OK (0.1ms)
[Z1 child] [2026-09-28 11:37:07.711] [pid:37660] [zcode-host] [rpc:call] zcode-task.listArchivedTasks OK (0.1ms)
[2026-09-28 11:37:07.711] [pid:37660] [zcode-host] [rpc:call] zcode-task.listTasks OK (0.2ms)
[2026-09-28 11:37:07.712] [pid:37660] [zcode-host] [rpc:call] zcode-task.listPinnedTasks OK (0.1ms)
[2026-09-28 11:37:07.712] [pid:37660] [zcode-host] [rpc:call] zcode-task.listDeletedTaskIds OK (0.1ms)
[2026-09-28 11:37:07.712] [pid:37660] [zcode-host] [rpc:call] window-controller.listTaskList OK (0.1ms)
[2026-09-28 11:37:07.714] [pid:37660] [settingService] reading settings from: C:\Users\USER\Desktop\Personal\ZCode\.tmp\z1-native-1790566616075-78b2c5\home\.zcode\v2\setting.json
[2026-09-28 11:37:07.714] [pid:37660] [settingService] read result: {"recentProjects":[],"locale":"zh-CN","localePreference":"en-US","terminalInheritSystemProfile":true,"embeddedBrowserAllowInsecureCertificates":false,"embeddedBrowserViewportPreference":{"mode":"normal","viewport":{"width":393,"height":852},"zoom":"fit"},"computerUseComposerEntryHidden":true,"taskAutoArchiveEnabled":false,"taskAutoArchiveOlderThanDays":7,"closeToTrayOnWindows":false,"closeToTrayOnWindowsMigrationInitialized":true,"keepAwakeWhileRunning":false,"desktopWindowSize":{"width":1600,"height":1000,"maximized":false},"desktopChromiumHardwareAccelerationEnabled":true,"messageStreamShowReasoning":true,"messageStreamShowReasoningMigrationInitialized":true,"messageStreamShowTodos":false,"toolGroupingExploreEnabled":true,"toolGroupingTerminalEnabled":true,"toolGroupingChangesEnabled":false,"zcodeInteractionBehavior":"queue","askUserQuestionAutoResolutionEnabled":false,"modelIoFullRetentionEnabled":false,"startPlanRecommendationDismissed":false,"providerFamilyConnectionSelections":{},"providerFamilyDomain":"zai","providerFamilyDomainMigrated":true,"nativeSearchEnhancementsEnabled":true,"memoryEnabled":false,"lastWorkspaceSession":[{"kind":"local","workspacePath":"C:\\Users\\USER\\Desktop\\Personal\\ZCode\\.tmp\\z1-native-1790566616075-78b2c5\\workspace","workspacePurpose":"project"},{"kind":"local","workspacePath":"C:\\Users\\USER\\Desktop\\Personal\\ZCode\\.tmp\\z1-native-1790566616075-78b2c5\\data\\.zcode\\workspace\\default","workspacePurpose":"conversation"}],"lastActiveTabIndex":0,"receivePreviewUpdates":false,"autoDownloadAndInstallUpdates":false,"skippedElectronUpdateVersions":{},"settingsSyncFirstRunPromptHandled":true}
[2026-09-28 11:37:07.715] [pid:37660] [zcode-host] [rpc:call] graphEngineering.getWorkspace OK (2.9ms)
[2026-09-28 11:37:07.715] [pid:21380] [main] [host-log] (local-1) [host] [2026-09-28 11:37:07.715] [pid:37660] [zcode-host] [rpc:call] graphEngineering.getWorkspace OK (2.9ms)
[Z1 child] [2026-09-28 11:37:07.716] [pid:37660] [settingService] reading settings from: C:\Users\USER\Desktop\Personal\ZCode\.tmp\z1-native-1790566616075-78b2c5\home\.zcode\v2\setting.json
[Z1 child] [2026-09-28 11:37:07.717] [pid:37660] [settingService] read result: {"recentProjects":[],"locale":"zh-CN","localePreference":"en-US","terminalInheritSystemProfile":true,"embeddedBrowserAllowInsecureCertificates":false,"embeddedBrowserViewportPreference":{"mode":"normal","viewport":{"width":393,"height":852},"zoom":"fit"},"computerUseComposerEntryHidden":true,"taskAutoArchiveEnabled":false,"taskAutoArchiveOlderThanDays":7,"closeToTrayOnWindows":false,"closeToTrayOnWindowsMigrationInitialized":true,"keepAwakeWhileRunning":false,"desktopWindowSize":{"width":1600,"height":1000,"maximized":false},"desktopChromiumHardwareAccelerationEnabled":true,"messageStreamShowReasoning":true,"messageStreamShowReasoningMigrationInitialized":true,"messageStreamShowTodos":false,"toolGroupingExploreEnabled":true,"toolGroupingTerminalEnabled":true,"toolGroupingChangesEnabled":false,"zcodeInteractionBehavior":"queue","askUserQuestionAutoResolutionEnabled":false,"modelIoFullRetentionEnabled":false,"startPlanRecommendationDismissed":false,"providerFamilyConnectionSelections":{},"providerFamilyDomain":"zai","providerFamilyDomainMigrated":true,"nativeSearchEnhancementsEnabled":true,"memoryEnabled":false,"lastWorkspaceSession":[{"kind":"local","workspacePath":"C:\\Users\\USER\\Desktop\\Personal\\ZCode\\.tmp\\z1-native-1790566616075-78b2c5\\workspace","workspacePurpose":"project"},{"kind":"local","workspacePath":"C:\\Users\\USER\\Desktop\\Personal\\ZCode\\.tmp\\z1-native-1790566616075-78b2c5\\data\\.zcode\\workspace\\default","workspacePurpose":"conversation"}],"lastActiveTabIndex":0,"receivePreviewUpdates":false,"autoDownloadAndInstallUpdates":false,"skippedElectronUpdateVersions":{},"settingsSyncFirstRunPromptHandled":true}
[Z1 child] [2026-09-28 11:37:07.717] [pid:37660] [zcode-host] [rpc:call] graphEngineering.getWorkspace OK (1.2ms)
[2026-09-28 11:37:07.717] [pid:21380] [main] [host-log] (local-1) [host] [2026-09-28 11:37:07.717] [pid:37660] [zcode-host] [rpc:call] graphEngineering.getWorkspace OK (1.2ms)
[Z1 child] [2026-09-28 11:37:07.731] [pid:37660] [zcode-task-index-syncer] [list-refresh-trace] emitWorkspaceTaskListChanged reason=task_status_changed taskId=sess_7a0033d8-f01e-4cc6-b45f-4f5d51e683a9 workspace=C:\Users\USER\Desktop\Personal\ZCode\.tmp\z1-native-1790566616075-78b2c5\workspace hasMeta=true
[Z1 child] [2026-09-28 11:37:07.732] [pid:37660] [zcode-task-index-syncer] [list-refresh-trace] emitWorkspaceTaskListChanged reason=task_meta_changed taskId=sess_7a0033d8-f01e-4cc6-b45f-4f5d51e683a9 workspace=C:\Users\USER\Desktop\Personal\ZCode\.tmp\z1-native-1790566616075-78b2c5\workspace hasMeta=true
[Z1 child] [2026-09-28 11:37:07.733] [pid:37660] [zcode-host] [rpc:call] zcode-task.setTaskUnread OK (0.9ms)
[2026-09-28 11:37:07.732] [pid:21380] [main] [host-log] (local-1) [host] [2026-09-28 11:37:07.733] [pid:37660] [zcode-host] [rpc:call] zcode-task.setTaskUnread OK (0.9ms)
[Z1 child] [2026-09-28 11:37:07.739] [pid:37660] [zcode-host] [rpc:call] zcode-task.listPinnedTaskIds OK (0.1ms)
[2026-09-28 11:37:07.739] [pid:21380] [main] [host-log] (local-1) [host] [2026-09-28 11:37:07.739] [pid:37660] [zcode-host] [rpc:call] zcode-task.listPinnedTaskIds OK (0.1ms)
[2026-09-28 11:37:07.739] [pid:21380] [main] [host-log] (local-1) [host] [2026-09-28 11:37:07.739] [pid:37660] [zcode-host] [rpc:call] zcode-task.listArchivedTasks OK (0.1ms)
[2026-09-28 11:37:07.740] [pid:21380] [main] [host-log] (local-1) [host] [2026-09-28 11:37:07.739] [pid:37660] [zcode-host] [rpc:call] zcode-task.listTasks OK (0.1ms)
[2026-09-28 11:37:07.741] [pid:21380] [main] [host-log] (local-1) [host] [2026-09-28 11:37:07.739] [pid:37660] [zcode-host] [rpc:call] zcode-task.listPinnedTasks OK (0.1ms)
[2026-09-28 11:37:07.744] [pid:21380] [main] [host-log] (local-1) [host] [2026-09-28 11:37:07.740] [pid:37660] [zcode-host] [rpc:call] zcode-task.listDeletedTaskIds OK (0.2ms)
[Z1 child] [2026-09-28 11:37:07.739] [pid:37660] [zcode-host] [rpc:call] zcode-task.listArchivedTasks OK (0.1ms)
[2026-09-28 11:37:07.739] [pid:37660] [zcode-host] [rpc:call] zcode-task.listTasks OK (0.1ms)
[2026-09-28 11:37:07.739] [pid:37660] [zcode-host] [rpc:call] zcode-task.listPinnedTasks OK (0.1ms)
[2026-09-28 11:37:07.740] [pid:37660] [zcode-host] [rpc:call] zcode-task.listDeletedTaskIds OK (0.2ms)
[Z1 child] [2026-09-28 11:37:07.758] [pid:37660] [zcode-task-index-syncer] [list-refresh-trace] emitWorkspaceTaskListChanged reason=task_status_changed taskId=sess_7a0033d8-f01e-4cc6-b45f-4f5d51e683a9 workspace=C:\Users\USER\Desktop\Personal\ZCode\.tmp\z1-native-1790566616075-78b2c5\workspace hasMeta=true
[Z1 child] [2026-09-28 11:37:07.958] [pid:37660] [zcode-host] [rpc:call] graphEngineering.artifact OK (4.6ms)
[2026-09-28 11:37:07.958] [pid:21380] [main] [host-log] (local-1) [host] [2026-09-28 11:37:07.958] [pid:37660] [zcode-host] [rpc:call] graphEngineering.artifact OK (4.6ms)
[Z1 child] [2026-09-28 11:37:08.079] [pid:37660] [zcode-host] [rpc:call] graphEngineering.artifact OK (4.6ms)
[2026-09-28 11:37:08.079] [pid:21380] [main] [host-log] (local-1) [host] [2026-09-28 11:37:08.079] [pid:37660] [zcode-host] [rpc:call] graphEngineering.artifact OK (4.6ms)
