[2026-09-28 11:41:30.743] [pid:32100] [settingService] write done
[2026-09-28 11:41:30.745] [pid:32100] [main] [open-folder] Windows Explorer 右键菜单安装失败 { error: '[Z1 isolation] registry access blocked' }
[2026-09-28 11:41:30.769] [pid:32100] [main] [desktop-network] renderer proxy mode=direct bypass=disabled customCa=disabled insecureCerts=rejected
[2026-09-28 11:41:30.770] [pid:32100] [main] [desktop-network] renderer proxy mode=system bypass=disabled customCa=disabled insecureCerts=rejected
[2026-09-28 11:41:30.773] [pid:32100] [main] [auto-update] disabled for this desktop product flavor
[Z1 isolation] blocked recent-document mutation
[2026-09-28 11:41:30.786] [pid:32100] [main] [resource] sampling started interval=10000ms report=60000ms
[2026-09-28 11:41:30.787] [pid:32100] [main] [network] reporting started interval=60000ms
[2026-09-28 11:41:30.788] [pid:32100] [main] [force-update] Preview 跳过远端强制升级检查
[2026-09-28 11:41:30.788] [pid:32100] [main] [startup] 创建主窗口
[2026-09-28 11:41:30.789] [pid:32100] [main] [primary-window] creating main window (app-ready)
[2026-09-28 11:41:30.790] [pid:32100] [main] [startup-workspace] using explicit open workspace: C:\Users\USER\Desktop\Personal\ZCode\.tmp\z1-native-1790566888278-3b5c94\workspace
[2026-09-28 11:41:30.876] [pid:32100] [main] [desktop-context-prompt] config refreshed { enabled: false, configVersion: undefined }
[2026-09-28 11:41:31.228] [pid:32100] [main] [createWindow] dom-ready fired (local-1)
[2026-09-28 11:41:31.230] [pid:32100] [main] [desktop-context-prompt] first host spawn decision resolved { enabled: false, configVersion: undefined }
[2026-09-28 11:41:31.233] [pid:32100] [main] [spawnHostProcess] forked host process for (local-1), pid=undefined
[2026-09-28 11:41:31.233] [pid:32100] [main] [spawnHostProcess] host module path: C:\Users\USER\Desktop\Personal\ZCode\packages\desktop\out\host\index.js
[2026-09-28 11:41:31.234] [pid:32100] [main] [spawnHostProcess] glm binary path: <not found>
[2026-09-28 11:41:31.234] [pid:32100] [main] [spawnHostProcess] BIGMODEL_OAUTH_APP_SECRET source: fallback
[2026-09-28 11:41:31.236] [pid:32100] [main] [task-realtime] registered host {
  hostId: '5413c835-f6f6-4230-84b0-952a5650758c',
  windowId: 1,
  workspaceKeyCount: 0,
  deliveryKind: 'desktop_window'
}
[2026-09-28 11:41:31.243] [pid:32100] [main] [renderer-action-trace] config refreshed { enabled: false, configVersion: 'disabled' }
[Z1 child] (node:39944) ExperimentalWarning: SQLite is an experimental feature and might change at any time
(Use `electron --trace-warnings ...` to show where the warning was created)
[Z1 child] [2026-09-28 11:41:31.563] [pid:39944] [zcode-host] ExperimentalWarning: SQLite is an experimental feature and might change at any time
[2026-09-28 11:41:31.566] [pid:32100] [main] [host-log] (local-1) [host] [2026-09-28 11:41:31.563] [pid:39944] [zcode-host] ExperimentalWarning: SQLite is an experimental feature and might change at any time
[2026-09-28 11:41:31.569] [pid:32100] [main] [host-log] (local-1) [host] [2026-09-28 11:41:31.568] [pid:39944] [zcode-host] [cua-pip-session] focus event dropped: service unavailable
[Z1 child] [2026-09-28 11:41:31.568] [pid:39944] [zcode-host] [cua-pip-session] focus event dropped: service unavailable
[Z1 child] (node:39944) ExperimentalWarning: SQLite is an experimental feature and might change at any time
(Use `electron --trace-warnings ...` to show where the warning was created)
[Z1 child] [2026-09-28 11:41:33.202] [pid:39944] [zcode-host] initializing local services
[2026-09-28 11:41:33.203] [pid:32100] [main] [host-log] (local-1) [host] [2026-09-28 11:41:33.202] [pid:39944] [zcode-host] initializing local services
[Z1 child] [2026-09-28 11:41:33.256] [pid:39944] [cua-pip-session] [cua-pip-session] wiring resolved {
  enabled: false,
  platform: 'win32',
  serviceAuthorityMode: 'desktop-local',
  lifecycleWired: true
}
[2026-09-28 11:41:33.257] [pid:32100] [main] [host-log] (local-1) [host] [2026-09-28 11:41:33.256] [pid:39944] [cua-pip-session] [cua-pip-session] wiring resolved {"enabled":false,"platform":"win32","serviceAuthorityMode":"desktop-local","lifecycleWired":true}
[Z1 child] [2026-09-28 11:41:33.260] [pid:39944] [settingService] reading settings from: C:\Users\USER\Desktop\Personal\ZCode\.tmp\z1-native-1790566888278-3b5c94\home\.zcode\v2\setting.json
[Z1 child] [2026-09-28 11:41:33.261] [pid:39944] [zcode-agent-service] 开始初始化 ZCode agent {
  workspaceKey: 'C:\\Users\\USER\\Desktop\\Personal\\ZCode\\.tmp\\z1-native-1790566888278-3b5c94\\workspace',
  workspacePath: 'C:\\Users\\USER\\Desktop\\Personal\\ZCode\\.tmp\\z1-native-1790566888278-3b5c94\\workspace'
}
[2026-09-28 11:41:33.261] [pid:32100] [main] [host-log] (local-1) [host] [2026-09-28 11:41:33.261] [pid:39944] [zcode-agent-service] 开始初始化 ZCode agent {"workspaceKey":"C:\\Users\\USER\\Desktop\\Personal\\ZCode\\.tmp\\z1-native-1790566888278-3b5c94\\workspace","workspacePath":"C:\\Users\\USER\\Desktop\\Personal\\ZCode\\.tmp\\z1-native-1790566888278-3b5c94\\workspace"}
[2026-09-28 11:41:33.262] [pid:32100] [main] [host-log] (local-1) [host] [2026-09-28 11:41:33.261] [pid:39944] [zcode-host] exposing services on ChannelServer...
[2026-09-28 11:41:33.263] [pid:32100] [main] [host-log] (local-1) [host] [2026-09-28 11:41:33.261] [pid:39944] [zcode-host] creating ChannelServer (deferInit=false)
[2026-09-28 11:41:33.264] [pid:32100] [main] [host-log] (local-1) [host] [2026-09-28 11:41:33.262] [pid:39944] [zcode-host] [rpc:register] channel "graphEngineering"
[2026-09-28 11:41:33.264] [pid:32100] [main] [host-log] (local-1) [host] [2026-09-28 11:41:33.262] [pid:39944] [zcode-host] [rpc:register] channel "graphWorkflow"
[2026-09-28 11:41:33.265] [pid:32100] [main] [host-log] (local-1) [host] [2026-09-28 11:41:33.262] [pid:39944] [zcode-host] [rpc:register] channel "graphParallel"
[2026-09-28 11:41:33.266] [pid:32100] [main] [host-log] (local-1) [host] [2026-09-28 11:41:33.262] [pid:39944] [zcode-host] [rpc:register] channel "file"
[2026-09-28 11:41:33.266] [pid:32100] [main] [host-log] (local-1) [host] [2026-09-28 11:41:33.262] [pid:39944] [zcode-host] [rpc:register] channel "media-preview"
[2026-09-28 11:41:33.267] [pid:32100] [main] [host-log] (local-1) [host] [2026-09-28 11:41:33.262] [pid:39944] [zcode-host] [rpc:register] channel "git"
[2026-09-28 11:41:33.268] [pid:32100] [main] [host-log] (local-1) [host] [2026-09-28 11:41:33.262] [pid:39944] [zcode-host] [rpc:register] channel "git-checkpoint"
[2026-09-28 11:41:33.268] [pid:32100] [main] [host-log] (local-1) [host] [2026-09-28 11:41:33.262] [pid:39944] [zcode-host] [rpc:register] channel "system"
[2026-09-28 11:41:33.269] [pid:32100] [main] [host-log] (local-1) [host] [2026-09-28 11:41:33.262] [pid:39944] [zcode-host] [rpc:register] channel "terminal"
[2026-09-28 11:41:33.269] [pid:32100] [main] [host-log] (local-1) [host] [2026-09-28 11:41:33.262] [pid:39944] [zcode-host] [rpc:register] channel "setting"
[2026-09-28 11:41:33.270] [pid:32100] [main] [host-log] (local-1) [host] [2026-09-28 11:41:33.262] [pid:39944] [zcode-host] [rpc:register] channel "onboarding-record"
[2026-09-28 11:41:33.271] [pid:32100] [main] [host-log] (local-1) [host] [2026-09-28 11:41:33.262] [pid:39944] [zcode-host] [rpc:register] channel "credential"
[2026-09-28 11:41:33.271] [pid:32100] [main] [host-log] (local-1) [host] [2026-09-28 11:41:33.262] [pid:39944] [zcode-host] [rpc:register] channel "broadcast"
[2026-09-28 11:41:33.272] [pid:32100] [main] [host-log] (local-1) [host] [2026-09-28 11:41:33.262] [pid:39944] [zcode-host] [rpc:register] channel "zcode-task"
[2026-09-28 11:41:33.273] [pid:32100] [main] [host-log] (local-1) [host] [2026-09-28 11:41:33.262] [pid:39944] [zcode-host] [rpc:register] channel "zcode-agent"
[2026-09-28 11:41:33.274] [pid:32100] [main] [host-log] (local-1) [host] [2026-09-28 11:41:33.262] [pid:39944] [zcode-host] [rpc:register] channel "zcode-session"
[2026-09-28 11:41:33.274] [pid:32100] [main] [host-log] (local-1) [host] [2026-09-28 11:41:33.262] [pid:39944] [zcode-host] [rpc:register] channel "cua-permission"
[2026-09-28 11:41:33.275] [pid:32100] [main] [host-log] (local-1) [host] [2026-09-28 11:41:33.263] [pid:39944] [zcode-host] [rpc:register] channel "cua-pip-session"
[2026-09-28 11:41:33.276] [pid:32100] [main] [host-log] (local-1) [host] [2026-09-28 11:41:33.263] [pid:39944] [zcode-host] [rpc:register] channel "conversation-share"
[2026-09-28 11:41:33.276] [pid:32100] [main] [host-log] (local-1) [host] [2026-09-28 11:41:33.263] [pid:39944] [zcode-host] [rpc:register] channel "bots"
[2026-09-28 11:41:33.277] [pid:32100] [main] [host-log] (local-1) [host] [2026-09-28 11:41:33.263] [pid:39944] [zcode-host] [rpc:register] channel "file-watcher"
[2026-09-28 11:41:33.277] [pid:32100] [main] [host-log] (local-1) [host] [2026-09-28 11:41:33.263] [pid:39944] [zcode-host] [rpc:register] channel "oauth"
[2026-09-28 11:41:33.278] [pid:32100] [main] [host-log] (local-1) [host] [2026-09-28 11:41:33.263] [pid:39944] [zcode-host] [rpc:register] channel "usage-stats"
[2026-09-28 11:41:33.279] [pid:32100] [main] [host-log] (local-1) [host] [2026-09-28 11:41:33.263] [pid:39944] [zcode-host] [rpc:register] channel "coding-plan-subscription"
[2026-09-28 11:41:33.279] [pid:32100] [main] [host-log] (local-1) [host] [2026-09-28 11:41:33.263] [pid:39944] [zcode-host] [rpc:register] channel "client-config"
[2026-09-28 11:41:33.280] [pid:32100] [main] [host-log] (local-1) [host] [2026-09-28 11:41:33.263] [pid:39944] [zcode-host] [rpc:register] channel "client-scenes"
[2026-09-28 11:41:33.281] [pid:32100] [main] [host-log] (local-1) [host] [2026-09-28 11:41:33.263] [pid:39944] [zcode-host] [rpc:register] channel "off-peak-task"
[2026-09-28 11:41:33.281] [pid:32100] [main] [host-log] (local-1) [host] [2026-09-28 11:41:33.263] [pid:39944] [zcode-host] [rpc:register] channel "skills"
[2026-09-28 11:41:33.282] [pid:32100] [main] [host-log] (local-1) [host] [2026-09-28 11:41:33.263] [pid:39944] [zcode-host] [rpc:register] channel "skill-sync"
[2026-09-28 11:41:33.283] [pid:32100] [main] [host-log] (local-1) [host] [2026-09-28 11:41:33.263] [pid:39944] [zcode-host] [rpc:register] channel "mcp-sync"
[2026-09-28 11:41:33.283] [pid:32100] [main] [host-log] (local-1) [host] [2026-09-28 11:41:33.263] [pid:39944] [zcode-host] [rpc:register] channel "plugin-sync"
[2026-09-28 11:41:33.284] [pid:32100] [main] [host-log] (local-1) [host] [2026-09-28 11:41:33.263] [pid:39944] [zcode-host] [rpc:register] channel "plugins"
[2026-09-28 11:41:33.284] [pid:32100] [main] [host-log] (local-1) [host] [2026-09-28 11:41:33.263] [pid:39944] [zcode-host] [rpc:register] channel "plugin-management"
[2026-09-28 11:41:33.285] [pid:32100] [main] [host-log] (local-1) [host] [2026-09-28 11:41:33.263] [pid:39944] [zcode-host] [rpc:register] channel "subagents"
[2026-09-28 11:41:33.286] [pid:32100] [main] [host-log] (local-1) [host] [2026-09-28 11:41:33.263] [pid:39944] [zcode-host] [rpc:register] channel "commands"
[2026-09-28 11:41:33.286] [pid:32100] [main] [host-log] (local-1) [host] [2026-09-28 11:41:33.263] [pid:39944] [zcode-host] [rpc:register] channel "hooks"
[2026-09-28 11:41:33.287] [pid:32100] [main] [host-log] (local-1) [host] [2026-09-28 11:41:33.263] [pid:39944] [zcode-host] [rpc:register] channel "memory"
[2026-09-28 11:41:33.288] [pid:32100] [main] [host-log] (local-1) [host] [2026-09-28 11:41:33.263] [pid:39944] [zcode-host] [rpc:register] channel "settings-sync"
[2026-09-28 11:41:33.288] [pid:32100] [main] [host-log] (local-1) [host] [2026-09-28 11:41:33.263] [pid:39944] [zcode-host] [rpc:register] channel "feedback"
[2026-09-28 11:41:33.289] [pid:32100] [main] [host-log] (local-1) [host] [2026-09-28 11:41:33.263] [pid:39944] [zcode-host] [rpc:register] channel "prompt-attachment-transfer"
[2026-09-28 11:41:33.289] [pid:32100] [main] [host-log] (local-1) [host] [2026-09-28 11:41:33.263] [pid:39944] [zcode-host] [rpc:register] channel "provider-settings"
[2026-09-28 11:41:33.290] [pid:32100] [main] [host-log] (local-1) [host] [2026-09-28 11:41:33.263] [pid:39944] [zcode-host] [rpc:register] channel "model-selection"
[2026-09-28 11:41:33.291] [pid:32100] [main] [host-log] (local-1) [host] [2026-09-28 11:41:33.263] [pid:39944] [zcode-host] [rpc:register] channel "window-controller"
[2026-09-28 11:41:33.291] [pid:32100] [main] [host-log] (local-1) [host] [2026-09-28 11:41:33.263] [pid:39944] [zcode-host] service connection ready mode=desktop-continuous
[Z1 child] [2026-09-28 11:41:33.261] [pid:39944] [zcode-host] exposing services on ChannelServer...
[2026-09-28 11:41:33.261] [pid:39944] [zcode-host] creating ChannelServer (deferInit=false)
[2026-09-28 11:41:33.262] [pid:39944] [zcode-host] [rpc:register] channel "graphEngineering"
[2026-09-28 11:41:33.262] [pid:39944] [zcode-host] [rpc:register] channel "graphWorkflow"
[2026-09-28 11:41:33.262] [pid:39944] [zcode-host] [rpc:register] channel "graphParallel"
[2026-09-28 11:41:33.262] [pid:39944] [zcode-host] [rpc:register] channel "file"
[2026-09-28 11:41:33.262] [pid:39944] [zcode-host] [rpc:register] channel "media-preview"
[2026-09-28 11:41:33.262] [pid:39944] [zcode-host] [rpc:register] channel "git"
[2026-09-28 11:41:33.262] [pid:39944] [zcode-host] [rpc:register] channel "git-checkpoint"
[2026-09-28 11:41:33.262] [pid:39944] [zcode-host] [rpc:register] channel "system"
[2026-09-28 11:41:33.262] [pid:39944] [zcode-host] [rpc:register] channel "terminal"
[2026-09-28 11:41:33.262] [pid:39944] [zcode-host] [rpc:register] channel "setting"
[2026-09-28 11:41:33.262] [pid:39944] [zcode-host] [rpc:register] channel "onboarding-record"
[2026-09-28 11:41:33.262] [pid:39944] [zcode-host] [rpc:register] channel "credential"
[2026-09-28 11:41:33.262] [pid:39944] [zcode-host] [rpc:register] channel "broadcast"
[2026-09-28 11:41:33.262] [pid:39944] [zcode-host] [rpc:register] channel "zcode-task"
[2026-09-28 11:41:33.262] [pid:39944] [zcode-host] [rpc:register] channel "zcode-agent"
[2026-09-28 11:41:33.262] [pid:39944] [zcode-host] [rpc:register] channel "zcode-session"
[2026-09-28 11:41:33.262] [pid:39944] [zcode-host] [rpc:register] channel "cua-permission"
[2026-09-28 11:41:33.263] [pid:39944] [zcode-host] [rpc:register] channel "cua-pip-session"
[2026-09-28 11:41:33.263] [pid:39944] [zcode-host] [rpc:register] channel "conversation-share"
[2026-09-28 11:41:33.263] [pid:39944] [zcode-host] [rpc:register] channel "bots"
[2026-09-28 11:41:33.263] [pid:39944] [zcode-host] [rpc:register] channel "file-watcher"
[2026-09-28 11:41:33.263] [pid:39944] [zcode-host] [rpc:register] channel "oauth"
[2026-09-28 11:41:33.263] [pid:39944] [zcode-host] [rpc:register] channel "usage-stats"
[2026-09-28 11:41:33.263] [pid:39944] [zcode-host] [rpc:register] channel "coding-plan-subscription"
[2026-09-28 11:41:33.263] [pid:39944] [zcode-host] [rpc:register] channel "client-config"
[2026-09-28 11:41:33.263] [pid:39944] [zcode-host] [rpc:register] channel "client-scenes"
[2026-09-28 11:41:33.263] [pid:39944] [zcode-host] [rpc:register] channel "off-peak-task"
[2026-09-28 11:41:33.263] [pid:39944] [zcode-host] [rpc:register] channel "skills"
[2026-09-28 11:41:33.263] [pid:39944] [zcode-host] [rpc:register] channel "skill-sync"
[2026-09-28 11:41:33.263] [pid:39944] [zcode-host] [rpc:register] channel "mcp-sync"
[2026-09-28 11:41:33.263] [pid:39944] [zcode-host] [rpc:register] channel "plugin-sync"
[2026-09-28 11:41:33.263] [pid:39944] [zcode-host] [rpc:register] channel "plugins"
[2026-09-28 11:41:33.263] [pid:39944] [zcode-host] [rpc:register] channel "plugin-management"
[2026-09-28 11:41:33.263] [pid:39944] [zcode-host] [rpc:register] channel "subagents"
[2026-09-28 11:41:33.263] [pid:39944] [zcode-host] [rpc:register] channel "commands"
[2026-09-28 11:41:33.263] [pid:39944] [zcode-host] [rpc:register] channel "hooks"
[2026-09-28 11:41:33.263] [pid:39944] [zcode-host] [rpc:register] channel "memory"
[2026-09-28 11:41:33.263] [pid:39944] [zcode-host] [rpc:register] channel "settings-sync"
[2026-09-28 11:41:33.263] [pid:39944] [zcode-host] [rpc:register] channel "feedback"
[2026-09-28 11:41:33.263] [pid:39944] [zcode-host] [rpc:register] channel "prompt-attachment-transfer"
[2026-09-28 11:41:33.263] [pid:39944] [zcode-host] [rpc:register] channel "provider-settings"
[2026-09-28 11:41:33.263] [pid:39944] [zcode-host] [rpc:register] channel "model-selection"
[2026-09-28 11:41:33.263] [pid:39944] [zcode-host] [rpc:register] channel "window-controller"
[2026-09-28 11:41:33.263] [pid:39944] [zcode-host] service connection ready mode=desktop-continuous
[2026-09-28 11:41:33.263] [pid:39944] [zcode-host] window Host topology, reason=base-attachment-ready, pid=39944, connections=0, logicalSessions=0, attachments=1
[2026-09-28 11:41:33.292] [pid:32100] [main] [host-log] (local-1) [host] [2026-09-28 11:41:33.263] [pid:39944] [zcode-host] window Host topology, reason=base-attachment-ready, pid=39944, connections=0, logicalSessions=0, attachments=1
[2026-09-28 11:41:33.293] [pid:32100] [main] [host-log] (local-1) [host] [2026-09-28 11:41:33.292] [pid:39944] [zcode-host] local services ready, all channels registered
[2026-09-28 11:41:33.293] [pid:32100] [main] [database-startup] terminal {
  attemptId: '866632e2-981e-4ce2-bf99-9e6c6f2dbbe4',
  status: 'ready',
  durationMs: 1726,
  errorCode: undefined,
  disk: [
    {
      scopeId: '9319b000c8e74f2867e1e7bd121ddaf54b120dc84ca6297ecd939a191d9c2c40',
      observedAvailableDropPeakBytes: 217088,
      minAvailableBytes: 267279216640,
      quality: 'complete',
      sampledAt: 1790566892155
    }
  ]
}
[2026-09-28 11:41:33.295] [pid:32100] [main] [cron-scheduler] forked scheduler process pid=undefined
[Z1 child] [2026-09-28 11:41:33.292] [pid:39944] [zcode-host] local services ready, all channels registered
[Z1 child] [2026-09-28 11:41:33.299] [pid:39944] [settingService] read result: {"recentProjects":[],"locale":"zh-CN","localePreference":"en-US","terminalInheritSystemProfile":true,"embeddedBrowserAllowInsecureCertificates":false,"embeddedBrowserViewportPreference":{"mode":"normal","viewport":{"width":393,"height":852},"zoom":"fit"},"computerUseComposerEntryHidden":true,"taskAutoArchiveEnabled":false,"taskAutoArchiveOlderThanDays":7,"closeToTrayOnWindows":false,"closeToTrayOnWindowsMigrationInitialized":true,"keepAwakeWhileRunning":false,"desktopChromiumHardwareAccelerationEnabled":true,"messageStreamShowReasoning":true,"messageStreamShowReasoningMigrationInitialized":true,"messageStreamShowTodos":false,"toolGroupingExploreEnabled":true,"toolGroupingTerminalEnabled":true,"toolGroupingChangesEnabled":false,"zcodeInteractionBehavior":"queue","askUserQuestionAutoResolutionEnabled":false,"modelIoFullRetentionEnabled":false,"startPlanRecommendationDismissed":false,"providerFamilyConnectionSelections":{},"providerFamilyDomain":"zai","providerFamilyDomainMigrated":true,"nativeSearchEnhancementsEnabled":true,"memoryEnabled":false,"lastWorkspaceSession":[],"lastActiveTabIndex":0,"receivePreviewUpdates":false,"autoDownloadAndInstallUpdates":false,"skippedElectronUpdateVersions":{}}
[Z1 child] [2026-09-28 11:41:33.300] [pid:39944] [zcode-host] [rpc:listen] broadcast.onMessage subscribed
[2026-09-28 11:41:33.300] [pid:32100] [main] [host-log] (local-1) [host] [2026-09-28 11:41:33.300] [pid:39944] [zcode-host] [rpc:listen] broadcast.onMessage subscribed
[Z1 child] [2026-09-28 11:41:33.305] [pid:39944] [zcode-host] [rpc:listen] zcode-agent.onDynamicCuaPermissionObservation subscribed
[2026-09-28 11:41:33.306] [pid:32100] [main] [host-log] (local-1) [host] [2026-09-28 11:41:33.305] [pid:39944] [zcode-host] [rpc:listen] zcode-agent.onDynamicCuaPermissionObservation subscribed
[2026-09-28 11:41:33.307] [pid:32100] [main] [task-realtime] updated host workspace scopes {
  hostId: '5413c835-f6f6-4230-84b0-952a5650758c',
  workspaceKeyCount: 0
}
[2026-09-28 11:41:33.308] [pid:32100] [main] [open-folder] Windows Explorer 右键菜单安装失败 { error: '[Z1 isolation] registry access blocked' }
[Z1 child] [2026-09-28 11:41:33.306] [pid:39944] [settingService] reading settings from: C:\Users\USER\Desktop\Personal\ZCode\.tmp\z1-native-1790566888278-3b5c94\home\.zcode\v2\setting.json
[2026-09-28 11:41:33.306] [pid:39944] [settingService] reading settings from: C:\Users\USER\Desktop\Personal\ZCode\.tmp\z1-native-1790566888278-3b5c94\home\.zcode\v2\setting.json
[2026-09-28 11:41:33.306] [pid:39944] [zcode-host] [rpc:listen] model-selection.onDidChange subscribed
[2026-09-28 11:41:33.306] [pid:39944] [zcode-host] [rpc:listen] broadcast.onMessage subscribed
[2026-09-28 11:41:33.306] [pid:39944] [zcode-host] [rpc:listen] provider-settings.onDidChange subscribed
[2026-09-28 11:41:33.307] [pid:39944] [settingService] reading settings from: C:\Users\USER\Desktop\Personal\ZCode\.tmp\z1-native-1790566888278-3b5c94\home\.zcode\v2\setting.json
[2026-09-28 11:41:33.307] [pid:39944] [zcode-host] [rpc:listen] broadcast.onMessage subscribed
[2026-09-28 11:41:33.307] [pid:39944] [zcode-host] [rpc:listen] provider-settings.onDidChange subscribed
[2026-09-28 11:41:33.308] [pid:39944] [zcode-host] [rpc:listen] broadcast.onMessage subscribed
[2026-09-28 11:41:33.308] [pid:39944] [settingService] reading settings from: C:\Users\USER\Desktop\Personal\ZCode\.tmp\z1-native-1790566888278-3b5c94\home\.zcode\v2\setting.json
[2026-09-28 11:41:33.308] [pid:39944] [zcode-host] [rpc:listen] broadcast.onMessage subscribed
[2026-09-28 11:41:33.308] [pid:39944] [oauthService] restoreCachedSession skipped: no active provider
[2026-09-28 11:41:33.308] [pid:39944] [zcode-host] [rpc:call] oauth.restoreCachedSessionState OK (0.9ms)
[2026-09-28 11:41:33.311] [pid:32100] [main] [host-log] (local-1) [host] [2026-09-28 11:41:33.306] [pid:39944] [zcode-host] [rpc:listen] model-selection.onDidChange subscribed
[2026-09-28 11:41:33.312] [pid:32100] [main] [host-log] (local-1) [host] [2026-09-28 11:41:33.306] [pid:39944] [zcode-host] [rpc:listen] broadcast.onMessage subscribed
[2026-09-28 11:41:33.313] [pid:32100] [main] [host-log] (local-1) [host] [2026-09-28 11:41:33.306] [pid:39944] [zcode-host] [rpc:listen] provider-settings.onDidChange subscribed
[2026-09-28 11:41:33.314] [pid:32100] [main] [host-log] (local-1) [host] [2026-09-28 11:41:33.307] [pid:39944] [zcode-host] [rpc:listen] broadcast.onMessage subscribed
[2026-09-28 11:41:33.314] [pid:32100] [main] [host-log] (local-1) [host] [2026-09-28 11:41:33.307] [pid:39944] [zcode-host] [rpc:listen] provider-settings.onDidChange subscribed
[2026-09-28 11:41:33.315] [pid:32100] [main] [host-log] (local-1) [host] [2026-09-28 11:41:33.308] [pid:39944] [zcode-host] [rpc:listen] broadcast.onMessage subscribed
[2026-09-28 11:41:33.316] [pid:32100] [main] [host-log] (local-1) [host] [2026-09-28 11:41:33.308] [pid:39944] [zcode-host] [rpc:listen] broadcast.onMessage subscribed
[2026-09-28 11:41:33.316] [pid:32100] [main] [host-log] (local-1) [host] [2026-09-28 11:41:33.308] [pid:39944] [oauthService] restoreCachedSession skipped: no active provider
[2026-09-28 11:41:33.317] [pid:32100] [main] [host-log] (local-1) [host] [2026-09-28 11:41:33.308] [pid:39944] [zcode-host] [rpc:call] oauth.restoreCachedSessionState OK (0.9ms)
[Z1 child] [2026-09-28 11:41:33.312] [pid:39944] [cua-pip-session] [cua-pip-session] event delivery dropped {
  kind: 'focus-changed',
  revision: 3,
  sessionId: null,
  sourceWindowId: 'window-1',
  skipReason: 'service-disabled'
}
[Z1 child] [2026-09-28 11:41:33.313] [pid:39944] [settingService] read result: {"recentProjects":[],"locale":"zh-CN","localePreference":"en-US","terminalInheritSystemProfile":true,"embeddedBrowserAllowInsecureCertificates":false,"embeddedBrowserViewportPreference":{"mode":"normal","viewport":{"width":393,"height":852},"zoom":"fit"},"computerUseComposerEntryHidden":true,"taskAutoArchiveEnabled":false,"taskAutoArchiveOlderThanDays":7,"closeToTrayOnWindows":false,"closeToTrayOnWindowsMigrationInitialized":true,"keepAwakeWhileRunning":false,"desktopChromiumHardwareAccelerationEnabled":true,"messageStreamShowReasoning":true,"messageStreamShowReasoningMigrationInitialized":true,"messageStreamShowTodos":false,"toolGroupingExploreEnabled":true,"toolGroupingTerminalEnabled":true,"toolGroupingChangesEnabled":false,"zcodeInteractionBehavior":"queue","askUserQuestionAutoResolutionEnabled":false,"modelIoFullRetentionEnabled":false,"startPlanRecommendationDismissed":false,"providerFamilyConnectionSelections":{},"providerFamilyDomain":"zai","providerFamilyDomainMigrated":true,"nativeSearchEnhancementsEnabled":true,"memoryEnabled":false,"lastWorkspaceSession":[],"lastActiveTabIndex":0,"receivePreviewUpdates":false,"autoDownloadAndInstallUpdates":false,"skippedElectronUpdateVersions":{}}
[2026-09-28 11:41:33.314] [pid:39944] [node-api-client] zcode endpoint request headers prepared {
  headerKeys: [
    'http-referer',
    'user-agent',
    'x-client-language',
    'x-client-timezone',
    'x-device-mid',
    'x-os-category',
    'x-os-version',
    'x-platform',
    'x-release-channel',
    'x-request-id',
    'x-title',
    'x-zcode-app-version'
  ],
  method: 'GET',
  url: 'http://127.0.0.1:50479/api/v1/client/configs?app_version=3.14.0&platform=win32-x64'
}
[2026-09-28 11:41:33.314] [pid:39944] [settingService] reading settings from: C:\Users\USER\Desktop\Personal\ZCode\.tmp\z1-native-1790566888278-3b5c94\home\.zcode\v2\setting.json
[2026-09-28 11:41:33.314] [pid:39944] [settingService] read result: {"recentProjects":[],"locale":"zh-CN","localePreference":"en-US","terminalInheritSystemProfile":true,"embeddedBrowserAllowInsecureCertificates":false,"embeddedBrowserViewportPreference":{"mode":"normal","viewport":{"width":393,"height":852},"zoom":"fit"},"computerUseComposerEntryHidden":true,"taskAutoArchiveEnabled":false,"taskAutoArchiveOlderThanDays":7,"closeToTrayOnWindows":false,"closeToTrayOnWindowsMigrationInitialized":true,"keepAwakeWhileRunning":false,"desktopChromiumHardwareAccelerationEnabled":true,"messageStreamShowReasoning":true,"messageStreamShowReasoningMigrationInitialized":true,"messageStreamShowTodos":false,"toolGroupingExploreEnabled":true,"toolGroupingTerminalEnabled":true,"toolGroupingChangesEnabled":false,"zcodeInteractionBehavior":"queue","askUserQuestionAutoResolutionEnabled":false,"modelIoFullRetentionEnabled":false,"startPlanRecommendationDismissed":false,"providerFamilyConnectionSelections":{},"providerFamilyDomain":"zai","providerFamilyDomainMigrated":true,"nativeSearchEnhancementsEnabled":true,"memoryEnabled":false,"lastWorkspaceSession":[],"lastActiveTabIndex":0,"receivePreviewUpdates":false,"autoDownloadAndInstallUpdates":false,"skippedElectronUpdateVersions":{}}
[2026-09-28 11:41:33.314] [pid:39944] [zcode-host] [rpc:call] setting.get OK (8.5ms)
[2026-09-28 11:41:33.315] [pid:39944] [settingService] read result: {"recentProjects":[],"locale":"zh-CN","localePreference":"en-US","terminalInheritSystemProfile":true,"embeddedBrowserAllowInsecureCertificates":false,"embeddedBrowserViewportPreference":{"mode":"normal","viewport":{"width":393,"height":852},"zoom":"fit"},"computerUseComposerEntryHidden":true,"taskAutoArchiveEnabled":false,"taskAutoArchiveOlderThanDays":7,"closeToTrayOnWindows":false,"closeToTrayOnWindowsMigrationInitialized":true,"keepAwakeWhileRunning":false,"desktopChromiumHardwareAccelerationEnabled":true,"messageStreamShowReasoning":true,"messageStreamShowReasoningMigrationInitialized":true,"messageStreamShowTodos":false,"toolGroupingExploreEnabled":true,"toolGroupingTerminalEnabled":true,"toolGroupingChangesEnabled":false,"zcodeInteractionBehavior":"queue","askUserQuestionAutoResolutionEnabled":false,"modelIoFullRetentionEnabled":false,"startPlanRecommendationDismissed":false,"providerFamilyConnectionSelections":{},"providerFamilyDomain":"zai","providerFamilyDomainMigrated":true,"nativeSearchEnhancementsEnabled":true,"memoryEnabled":false,"lastWorkspaceSession":[],"lastActiveTabIndex":0,"receivePreviewUpdates":false,"autoDownloadAndInstallUpdates":false,"skippedElectronUpdateVersions":{}}
[2026-09-28 11:41:33.318] [pid:32100] [main] [host-log] (local-1) [host] [2026-09-28 11:41:33.312] [pid:39944] [cua-pip-session] [cua-pip-session] event delivery dropped {"kind":"focus-changed","revision":3,"sessionId":null,"sourceWindowId":"window-1","skipReason":"service-disabled"}
[2026-09-28 11:41:33.319] [pid:32100] [main] [host-log] (local-1) [host] [2026-09-28 11:41:33.314] [pid:39944] [zcode-host] [rpc:call] setting.get OK (8.5ms)
[Z1 child] [2026-09-28 11:41:33.318] [pid:39944] [zcode-host] [rpc:call] setting.get OK (10.8ms)
[2026-09-28 11:41:33.318] [pid:39944] [zcode-host] [rpc:call] zcode-agent.syncAppRuntimePreferences OK (0.0ms)
[2026-09-28 11:41:33.318] [pid:39944] [zcode-host] [rpc:call] bots.syncAppRuntimePreferences OK (0.0ms)
[2026-09-28 11:41:33.318] [pid:39944] [settingService] reading settings from: C:\Users\USER\Desktop\Personal\ZCode\.tmp\z1-native-1790566888278-3b5c94\home\.zcode\v2\setting.json
[2026-09-28 11:41:33.318] [pid:39944] [settingService] read result: {"recentProjects":[],"locale":"zh-CN","localePreference":"en-US","terminalInheritSystemProfile":true,"embeddedBrowserAllowInsecureCertificates":false,"embeddedBrowserViewportPreference":{"mode":"normal","viewport":{"width":393,"height":852},"zoom":"fit"},"computerUseComposerEntryHidden":true,"taskAutoArchiveEnabled":false,"taskAutoArchiveOlderThanDays":7,"closeToTrayOnWindows":false,"closeToTrayOnWindowsMigrationInitialized":true,"keepAwakeWhileRunning":false,"desktopChromiumHardwareAccelerationEnabled":true,"messageStreamShowReasoning":true,"messageStreamShowReasoningMigrationInitialized":true,"messageStreamShowTodos":false,"toolGroupingExploreEnabled":true,"toolGroupingTerminalEnabled":true,"toolGroupingChangesEnabled":false,"zcodeInteractionBehavior":"queue","askUserQuestionAutoResolutionEnabled":false,"modelIoFullRetentionEnabled":false,"startPlanRecommendationDismissed":false,"providerFamilyConnectionSelections":{},"providerFamilyDomain":"zai","providerFamilyDomainMigrated":true,"nativeSearchEnhancementsEnabled":true,"memoryEnabled":false,"lastWorkspaceSession":[],"lastActiveTabIndex":0,"receivePreviewUpdates":false,"autoDownloadAndInstallUpdates":false,"skippedElectronUpdateVersions":{}}
[2026-09-28 11:41:33.318] [pid:39944] [zcode-host] [rpc:call] setting.get OK (10.7ms)
[2026-09-28 11:41:33.319] [pid:39944] [settingService] read result: {"recentProjects":[],"locale":"zh-CN","localePreference":"en-US","terminalInheritSystemProfile":true,"embeddedBrowserAllowInsecureCertificates":false,"embeddedBrowserViewportPreference":{"mode":"normal","viewport":{"width":393,"height":852},"zoom":"fit"},"computerUseComposerEntryHidden":true,"taskAutoArchiveEnabled":false,"taskAutoArchiveOlderThanDays":7,"closeToTrayOnWindows":false,"closeToTrayOnWindowsMigrationInitialized":true,"keepAwakeWhileRunning":false,"desktopChromiumHardwareAccelerationEnabled":true,"messageStreamShowReasoning":true,"messageStreamShowReasoningMigrationInitialized":true,"messageStreamShowTodos":false,"toolGroupingExploreEnabled":true,"toolGroupingTerminalEnabled":true,"toolGroupingChangesEnabled":false,"zcodeInteractionBehavior":"queue","askUserQuestionAutoResolutionEnabled":false,"modelIoFullRetentionEnabled":false,"startPlanRecommendationDismissed":false,"providerFamilyConnectionSelections":{},"providerFamilyDomain":"zai","providerFamilyDomainMigrated":true,"nativeSearchEnhancementsEnabled":true,"memoryEnabled":false,"lastWorkspaceSession":[],"lastActiveTabIndex":0,"receivePreviewUpdates":false,"autoDownloadAndInstallUpdates":false,"skippedElectronUpdateVersions":{}}
[2026-09-28 11:41:33.320] [pid:32100] [main] [host-log] (local-1) [host] [2026-09-28 11:41:33.318] [pid:39944] [zcode-host] [rpc:call] setting.get OK (10.8ms)
[2026-09-28 11:41:33.321] [pid:32100] [main] [host-log] (local-1) [host] [2026-09-28 11:41:33.318] [pid:39944] [zcode-host] [rpc:call] zcode-agent.syncAppRuntimePreferences OK (0.0ms)
[2026-09-28 11:41:33.322] [pid:32100] [main] [host-log] (local-1) [host] [2026-09-28 11:41:33.318] [pid:39944] [zcode-host] [rpc:call] bots.syncAppRuntimePreferences OK (0.0ms)
[2026-09-28 11:41:33.322] [pid:32100] [main] [host-log] (local-1) [host] [2026-09-28 11:41:33.318] [pid:39944] [zcode-host] [rpc:call] setting.get OK (10.7ms)
[2026-09-28 11:41:33.326] [pid:32100] [main] [host-log] (local-1) [host] [2026-09-28 11:41:33.325] [pid:39944] [zcode-host] [rpc:call] setting.get OK (7.1ms)
[Z1 child] [2026-09-28 11:41:33.325] [pid:39944] [settingService] read result: {"recentProjects":[],"locale":"zh-CN","localePreference":"en-US","terminalInheritSystemProfile":true,"embeddedBrowserAllowInsecureCertificates":false,"embeddedBrowserViewportPreference":{"mode":"normal","viewport":{"width":393,"height":852},"zoom":"fit"},"computerUseComposerEntryHidden":true,"taskAutoArchiveEnabled":false,"taskAutoArchiveOlderThanDays":7,"closeToTrayOnWindows":false,"closeToTrayOnWindowsMigrationInitialized":true,"keepAwakeWhileRunning":false,"desktopChromiumHardwareAccelerationEnabled":true,"messageStreamShowReasoning":true,"messageStreamShowReasoningMigrationInitialized":true,"messageStreamShowTodos":false,"toolGroupingExploreEnabled":true,"toolGroupingTerminalEnabled":true,"toolGroupingChangesEnabled":false,"zcodeInteractionBehavior":"queue","askUserQuestionAutoResolutionEnabled":false,"modelIoFullRetentionEnabled":false,"startPlanRecommendationDismissed":false,"providerFamilyConnectionSelections":{},"providerFamilyDomain":"zai","providerFamilyDomainMigrated":true,"nativeSearchEnhancementsEnabled":true,"memoryEnabled":false,"lastWorkspaceSession":[],"lastActiveTabIndex":0,"receivePreviewUpdates":false,"autoDownloadAndInstallUpdates":false,"skippedElectronUpdateVersions":{}}
[2026-09-28 11:41:33.325] [pid:39944] [zcode-host] [rpc:call] setting.get OK (7.1ms)
[2026-09-28 11:41:33.331] [pid:32100] [main] [host-log] (local-1) [host] [2026-09-28 11:41:33.330] [pid:39944] [zcode-host] [rpc:call] coding-plan-subscription.getDynamicWorkflowClientConfig OK (24.2ms)
[Z1 child] [2026-09-28 11:41:33.330] [pid:39944] [zcode-host] [rpc:call] coding-plan-subscription.getDynamicWorkflowClientConfig OK (24.2ms)
[Z1 child] [2026-09-28 11:41:33.398] [pid:39944] [settingService] reading settings from: C:\Users\USER\Desktop\Personal\ZCode\.tmp\z1-native-1790566888278-3b5c94\home\.zcode\v2\setting.json
[Z1 child] [2026-09-28 11:41:33.398] [pid:39944] [settingService] read result: {"recentProjects":[],"locale":"zh-CN","localePreference":"en-US","terminalInheritSystemProfile":true,"embeddedBrowserAllowInsecureCertificates":false,"embeddedBrowserViewportPreference":{"mode":"normal","viewport":{"width":393,"height":852},"zoom":"fit"},"computerUseComposerEntryHidden":true,"taskAutoArchiveEnabled":false,"taskAutoArchiveOlderThanDays":7,"closeToTrayOnWindows":false,"closeToTrayOnWindowsMigrationInitialized":true,"keepAwakeWhileRunning":false,"desktopChromiumHardwareAccelerationEnabled":true,"messageStreamShowReasoning":true,"messageStreamShowReasoningMigrationInitialized":true,"messageStreamShowTodos":false,"toolGroupingExploreEnabled":true,"toolGroupingTerminalEnabled":true,"toolGroupingChangesEnabled":false,"zcodeInteractionBehavior":"queue","askUserQuestionAutoResolutionEnabled":false,"modelIoFullRetentionEnabled":false,"startPlanRecommendationDismissed":false,"providerFamilyConnectionSelections":{},"providerFamilyDomain":"zai","providerFamilyDomainMigrated":true,"nativeSearchEnhancementsEnabled":true,"memoryEnabled":false,"lastWorkspaceSession":[],"lastActiveTabIndex":0,"receivePreviewUpdates":false,"autoDownloadAndInstallUpdates":false,"skippedElectronUpdateVersions":{}}
[Z1 child] [2026-09-28 11:41:33.399] [pid:39944] [settingService] reading settings from: C:\Users\USER\Desktop\Personal\ZCode\.tmp\z1-native-1790566888278-3b5c94\home\.zcode\v2\setting.json
[Z1 child] [2026-09-28 11:41:33.399] [pid:39944] [settingService] read result: {"recentProjects":[],"locale":"zh-CN","localePreference":"en-US","terminalInheritSystemProfile":true,"embeddedBrowserAllowInsecureCertificates":false,"embeddedBrowserViewportPreference":{"mode":"normal","viewport":{"width":393,"height":852},"zoom":"fit"},"computerUseComposerEntryHidden":true,"taskAutoArchiveEnabled":false,"taskAutoArchiveOlderThanDays":7,"closeToTrayOnWindows":false,"closeToTrayOnWindowsMigrationInitialized":true,"keepAwakeWhileRunning":false,"desktopChromiumHardwareAccelerationEnabled":true,"messageStreamShowReasoning":true,"messageStreamShowReasoningMigrationInitialized":true,"messageStreamShowTodos":false,"toolGroupingExploreEnabled":true,"toolGroupingTerminalEnabled":true,"toolGroupingChangesEnabled":false,"zcodeInteractionBehavior":"queue","askUserQuestionAutoResolutionEnabled":false,"modelIoFullRetentionEnabled":false,"startPlanRecommendationDismissed":false,"providerFamilyConnectionSelections":{},"providerFamilyDomain":"zai","providerFamilyDomainMigrated":true,"nativeSearchEnhancementsEnabled":true,"memoryEnabled":false,"lastWorkspaceSession":[],"lastActiveTabIndex":0,"receivePreviewUpdates":false,"autoDownloadAndInstallUpdates":false,"skippedElectronUpdateVersions":{}}
[Z1 child] [2026-09-28 11:41:33.414] [pid:39944] [settingService] reading settings from: C:\Users\USER\Desktop\Personal\ZCode\.tmp\z1-native-1790566888278-3b5c94\home\.zcode\v2\setting.json
[Z1 child] [2026-09-28 11:41:33.415] [pid:39944] [settingService] read result: {"recentProjects":[],"locale":"zh-CN","localePreference":"en-US","terminalInheritSystemProfile":true,"embeddedBrowserAllowInsecureCertificates":false,"embeddedBrowserViewportPreference":{"mode":"normal","viewport":{"width":393,"height":852},"zoom":"fit"},"computerUseComposerEntryHidden":true,"taskAutoArchiveEnabled":false,"taskAutoArchiveOlderThanDays":7,"closeToTrayOnWindows":false,"closeToTrayOnWindowsMigrationInitialized":true,"keepAwakeWhileRunning":false,"desktopChromiumHardwareAccelerationEnabled":true,"messageStreamShowReasoning":true,"messageStreamShowReasoningMigrationInitialized":true,"messageStreamShowTodos":false,"toolGroupingExploreEnabled":true,"toolGroupingTerminalEnabled":true,"toolGroupingChangesEnabled":false,"zcodeInteractionBehavior":"queue","askUserQuestionAutoResolutionEnabled":false,"modelIoFullRetentionEnabled":false,"startPlanRecommendationDismissed":false,"providerFamilyConnectionSelections":{},"providerFamilyDomain":"zai","providerFamilyDomainMigrated":true,"nativeSearchEnhancementsEnabled":true,"memoryEnabled":false,"lastWorkspaceSession":[],"lastActiveTabIndex":0,"receivePreviewUpdates":false,"autoDownloadAndInstallUpdates":false,"skippedElectronUpdateVersions":{}}
[Z1 child] [2026-09-28 11:41:33.416] [pid:39944] [settingService] reading settings from: C:\Users\USER\Desktop\Personal\ZCode\.tmp\z1-native-1790566888278-3b5c94\home\.zcode\v2\setting.json
[Z1 child] [2026-09-28 11:41:33.417] [pid:39944] [settingService] read result: {"recentProjects":[],"locale":"zh-CN","localePreference":"en-US","terminalInheritSystemProfile":true,"embeddedBrowserAllowInsecureCertificates":false,"embeddedBrowserViewportPreference":{"mode":"normal","viewport":{"width":393,"height":852},"zoom":"fit"},"computerUseComposerEntryHidden":true,"taskAutoArchiveEnabled":false,"taskAutoArchiveOlderThanDays":7,"closeToTrayOnWindows":false,"closeToTrayOnWindowsMigrationInitialized":true,"keepAwakeWhileRunning":false,"desktopChromiumHardwareAccelerationEnabled":true,"messageStreamShowReasoning":true,"messageStreamShowReasoningMigrationInitialized":true,"messageStreamShowTodos":false,"toolGroupingExploreEnabled":true,"toolGroupingTerminalEnabled":true,"toolGroupingChangesEnabled":false,"zcodeInteractionBehavior":"queue","askUserQuestionAutoResolutionEnabled":false,"modelIoFullRetentionEnabled":false,"startPlanRecommendationDismissed":false,"providerFamilyConnectionSelections":{},"providerFamilyDomain":"zai","providerFamilyDomainMigrated":true,"nativeSearchEnhancementsEnabled":true,"memoryEnabled":false,"lastWorkspaceSession":[],"lastActiveTabIndex":0,"receivePreviewUpdates":false,"autoDownloadAndInstallUpdates":false,"skippedElectronUpdateVersions":{}}
[Z1 child] [2026-09-28 11:41:33.417] [pid:39944] [settingService] reading settings from: C:\Users\USER\Desktop\Personal\ZCode\.tmp\z1-native-1790566888278-3b5c94\home\.zcode\v2\setting.json
[Z1 child] [2026-09-28 11:41:33.420] [pid:39944] [settingService] read result: {"recentProjects":[],"locale":"zh-CN","localePreference":"en-US","terminalInheritSystemProfile":true,"embeddedBrowserAllowInsecureCertificates":false,"embeddedBrowserViewportPreference":{"mode":"normal","viewport":{"width":393,"height":852},"zoom":"fit"},"computerUseComposerEntryHidden":true,"taskAutoArchiveEnabled":false,"taskAutoArchiveOlderThanDays":7,"closeToTrayOnWindows":false,"closeToTrayOnWindowsMigrationInitialized":true,"keepAwakeWhileRunning":false,"desktopChromiumHardwareAccelerationEnabled":true,"messageStreamShowReasoning":true,"messageStreamShowReasoningMigrationInitialized":true,"messageStreamShowTodos":false,"toolGroupingExploreEnabled":true,"toolGroupingTerminalEnabled":true,"toolGroupingChangesEnabled":false,"zcodeInteractionBehavior":"queue","askUserQuestionAutoResolutionEnabled":false,"modelIoFullRetentionEnabled":false,"startPlanRecommendationDismissed":false,"providerFamilyConnectionSelections":{},"providerFamilyDomain":"zai","providerFamilyDomainMigrated":true,"nativeSearchEnhancementsEnabled":true,"memoryEnabled":false,"lastWorkspaceSession":[],"lastActiveTabIndex":0,"receivePreviewUpdates":false,"autoDownloadAndInstallUpdates":false,"skippedElectronUpdateVersions":{}}
[Z1 child] [2026-09-28 11:41:33.420] [pid:39944] [node-api-client] zcode endpoint request headers prepared {
  headerKeys: [
    'http-referer',
    'user-agent',
    'x-client-language',
    'x-client-timezone',
    'x-device-mid',
    'x-os-category',
    'x-os-version',
    'x-platform',
    'x-release-channel',
    'x-request-id',
    'x-title',
    'x-zcode-app-version'
  ],
  method: 'GET',
  url: 'http://127.0.0.1:50479/api/v1/client/configs?app_version=3.14.0&platform=windows-x86_64'
}
[Z1 child] [2026-09-28 11:41:33.420] [pid:39944] [settingService] reading settings from: C:\Users\USER\Desktop\Personal\ZCode\.tmp\z1-native-1790566888278-3b5c94\home\.zcode\v2\setting.json
[Z1 child] [2026-09-28 11:41:33.423] [pid:39944] [settingService] reading settings from: C:\Users\USER\Desktop\Personal\ZCode\.tmp\z1-native-1790566888278-3b5c94\home\.zcode\v2\setting.json
[Z1 child] [2026-09-28 11:41:33.430] [pid:39944] [settingService] read result: {"recentProjects":[],"locale":"zh-CN","localePreference":"en-US","terminalInheritSystemProfile":true,"embeddedBrowserAllowInsecureCertificates":false,"embeddedBrowserViewportPreference":{"mode":"normal","viewport":{"width":393,"height":852},"zoom":"fit"},"computerUseComposerEntryHidden":true,"taskAutoArchiveEnabled":false,"taskAutoArchiveOlderThanDays":7,"closeToTrayOnWindows":false,"closeToTrayOnWindowsMigrationInitialized":true,"keepAwakeWhileRunning":false,"desktopChromiumHardwareAccelerationEnabled":true,"messageStreamShowReasoning":true,"messageStreamShowReasoningMigrationInitialized":true,"messageStreamShowTodos":false,"toolGroupingExploreEnabled":true,"toolGroupingTerminalEnabled":true,"toolGroupingChangesEnabled":false,"zcodeInteractionBehavior":"queue","askUserQuestionAutoResolutionEnabled":false,"modelIoFullRetentionEnabled":false,"startPlanRecommendationDismissed":false,"providerFamilyConnectionSelections":{},"providerFamilyDomain":"zai","providerFamilyDomainMigrated":true,"nativeSearchEnhancementsEnabled":true,"memoryEnabled":false,"lastWorkspaceSession":[],"lastActiveTabIndex":0,"receivePreviewUpdates":false,"autoDownloadAndInstallUpdates":false,"skippedElectronUpdateVersions":{}}
[Z1 child] [2026-09-28 11:41:33.431] [pid:39944] [settingService] reading settings from: C:\Users\USER\Desktop\Personal\ZCode\.tmp\z1-native-1790566888278-3b5c94\home\.zcode\v2\setting.json
[Z1 child] [2026-09-28 11:41:33.431] [pid:39944] [settingService] read result: {"recentProjects":[],"locale":"zh-CN","localePreference":"en-US","terminalInheritSystemProfile":true,"embeddedBrowserAllowInsecureCertificates":false,"embeddedBrowserViewportPreference":{"mode":"normal","viewport":{"width":393,"height":852},"zoom":"fit"},"computerUseComposerEntryHidden":true,"taskAutoArchiveEnabled":false,"taskAutoArchiveOlderThanDays":7,"closeToTrayOnWindows":false,"closeToTrayOnWindowsMigrationInitialized":true,"keepAwakeWhileRunning":false,"desktopChromiumHardwareAccelerationEnabled":true,"messageStreamShowReasoning":true,"messageStreamShowReasoningMigrationInitialized":true,"messageStreamShowTodos":false,"toolGroupingExploreEnabled":true,"toolGroupingTerminalEnabled":true,"toolGroupingChangesEnabled":false,"zcodeInteractionBehavior":"queue","askUserQuestionAutoResolutionEnabled":false,"modelIoFullRetentionEnabled":false,"startPlanRecommendationDismissed":false,"providerFamilyConnectionSelections":{},"providerFamilyDomain":"zai","providerFamilyDomainMigrated":true,"nativeSearchEnhancementsEnabled":true,"memoryEnabled":false,"lastWorkspaceSession":[],"lastActiveTabIndex":0,"receivePreviewUpdates":false,"autoDownloadAndInstallUpdates":false,"skippedElectronUpdateVersions":{}}
[Z1 child] [2026-09-28 11:41:33.432] [pid:39944] [settingService] read result: {"recentProjects":[],"locale":"zh-CN","localePreference":"en-US","terminalInheritSystemProfile":true,"embeddedBrowserAllowInsecureCertificates":false,"embeddedBrowserViewportPreference":{"mode":"normal","viewport":{"width":393,"height":852},"zoom":"fit"},"computerUseComposerEntryHidden":true,"taskAutoArchiveEnabled":false,"taskAutoArchiveOlderThanDays":7,"closeToTrayOnWindows":false,"closeToTrayOnWindowsMigrationInitialized":true,"keepAwakeWhileRunning":false,"desktopChromiumHardwareAccelerationEnabled":true,"messageStreamShowReasoning":true,"messageStreamShowReasoningMigrationInitialized":true,"messageStreamShowTodos":false,"toolGroupingExploreEnabled":true,"toolGroupingTerminalEnabled":true,"toolGroupingChangesEnabled":false,"zcodeInteractionBehavior":"queue","askUserQuestionAutoResolutionEnabled":false,"modelIoFullRetentionEnabled":false,"startPlanRecommendationDismissed":false,"providerFamilyConnectionSelections":{},"providerFamilyDomain":"zai","providerFamilyDomainMigrated":true,"nativeSearchEnhancementsEnabled":true,"memoryEnabled":false,"lastWorkspaceSession":[],"lastActiveTabIndex":0,"receivePreviewUpdates":false,"autoDownloadAndInstallUpdates":false,"skippedElectronUpdateVersions":{}}
[Z1 child] [2026-09-28 11:41:33.450] [pid:39944] [provider-config] ZCode Built-in 刷新检查 { result: 'missing' }
[Z1 child] [2026-09-28 11:41:33.467] [pid:39944] [provider-runtime][trace:Provider Registry 已就绪] {
  configRevision: '["zcode-builtin:30:4af9bc559b3046d0b4c537487d4185bb8eeac745d31d92de7f62c55fed99aca4","b0339b85b399b8f51bfd275e3c4ec9b289d34dd9552090cd07998f480c84469e"]',
  providerCount: 1
}
[2026-09-28 11:41:33.468] [pid:32100] [main] [host-log] (local-1) [host] [2026-09-28 11:41:33.467] [pid:39944] [provider-runtime][trace:Provider Registry 已就绪] {"configRevision":"[\"zcode-builtin:30:4af9bc559b3046d0b4c537487d4185bb8eeac745d31d92de7f62c55fed99aca4\",\"b0339b85b399b8f51bfd275e3c4ec9b289d34dd9552090cd07998f480c84469e\"]","providerCount":1}
[Z1 child] [2026-09-28 11:41:33.468] [pid:39944] [settingService] reading settings from: C:\Users\USER\Desktop\Personal\ZCode\.tmp\z1-native-1790566888278-3b5c94\home\.zcode\v2\setting.json
[2026-09-28 11:41:33.468] [pid:39944] [zcode-host] [rpc:call] provider-settings.getView OK (161.2ms)
[2026-09-28 11:41:33.468] [pid:39944] [zcode-host] [rpc:call] provider-settings.getView OK (160.7ms)
[2026-09-28 11:41:33.469] [pid:32100] [main] [host-log] (local-1) [host] [2026-09-28 11:41:33.468] [pid:39944] [zcode-host] [rpc:call] provider-settings.getView OK (161.2ms)
[2026-09-28 11:41:33.470] [pid:32100] [main] [host-log] (local-1) [host] [2026-09-28 11:41:33.468] [pid:39944] [zcode-host] [rpc:call] provider-settings.getView OK (160.7ms)
[Z1 child] [2026-09-28 11:41:33.470] [pid:39944] [zcode-agent] ZCode agent command resolved {
  workspaceKey: 'C:\\Users\\USER\\Desktop\\Personal\\ZCode\\.tmp\\z1-native-1790566888278-3b5c94\\workspace',
  command: 'C:\\Users\\USER\\Desktop\\Personal\\ZCode\\node_modules\\electron\\dist\\electron.exe',
  effectiveCommand: 'C:\\Users\\USER\\Desktop\\Personal\\ZCode\\node_modules\\electron\\dist\\electron.exe',
  resolveCommandDurationMs: 0
}
[2026-09-28 11:41:33.471] [pid:32100] [main] [host-log] (local-1) [host] [2026-09-28 11:41:33.470] [pid:39944] [zcode-agent] ZCode agent command resolved {"workspaceKey":"C:\\Users\\USER\\Desktop\\Personal\\ZCode\\.tmp\\z1-native-1790566888278-3b5c94\\workspace","command":"C:\\Users\\USER\\Desktop\\Personal\\ZCode\\node_modules\\electron\\dist\\electron.exe","effectiveCommand":"C:\\Users\\USER\\Desktop\\Personal\\ZCode\\node_modules\\electron\\dist\\electron.exe","resolveCommandDurationMs":0}
[Z1 child] [2026-09-28 11:41:33.471] [pid:39944] [settingService] reading settings from: C:\Users\USER\Desktop\Personal\ZCode\.tmp\z1-native-1790566888278-3b5c94\home\.zcode\v2\setting.json
[2026-09-28 11:41:33.471] [pid:39944] [zcode-host] [rpc:call] model-selection.getView OK (164.8ms)
[2026-09-28 11:41:33.472] [pid:32100] [main] [host-log] (local-1) [host] [2026-09-28 11:41:33.471] [pid:39944] [zcode-host] [rpc:call] model-selection.getView OK (164.8ms)
[2026-09-28 11:41:33.472] [pid:32100] [main] [host-log] (local-1) [host] [2026-09-28 11:41:33.472] [pid:39944] [zcode-host] [rpc:call] credential.load OK (0.5ms)
[2026-09-28 11:41:33.473] [pid:32100] [main] [host-log] (local-1) [host] [2026-09-28 11:41:33.472] [pid:39944] [zcode-host] [rpc:call] credential.load OK (0.5ms)
[Z1 child] [2026-09-28 11:41:33.472] [pid:39944] [settingService] read result: {"recentProjects":[],"locale":"zh-CN","localePreference":"en-US","terminalInheritSystemProfile":true,"embeddedBrowserAllowInsecureCertificates":false,"embeddedBrowserViewportPreference":{"mode":"normal","viewport":{"width":393,"height":852},"zoom":"fit"},"computerUseComposerEntryHidden":true,"taskAutoArchiveEnabled":false,"taskAutoArchiveOlderThanDays":7,"closeToTrayOnWindows":false,"closeToTrayOnWindowsMigrationInitialized":true,"keepAwakeWhileRunning":false,"desktopChromiumHardwareAccelerationEnabled":true,"messageStreamShowReasoning":true,"messageStreamShowReasoningMigrationInitialized":true,"messageStreamShowTodos":false,"toolGroupingExploreEnabled":true,"toolGroupingTerminalEnabled":true,"toolGroupingChangesEnabled":false,"zcodeInteractionBehavior":"queue","askUserQuestionAutoResolutionEnabled":false,"modelIoFullRetentionEnabled":false,"startPlanRecommendationDismissed":false,"providerFamilyConnectionSelections":{},"providerFamilyDomain":"zai","providerFamilyDomainMigrated":true,"nativeSearchEnhancementsEnabled":true,"memoryEnabled":false,"lastWorkspaceSession":[],"lastActiveTabIndex":0,"receivePreviewUpdates":false,"autoDownloadAndInstallUpdates":false,"skippedElectronUpdateVersions":{}}
[2026-09-28 11:41:33.472] [pid:39944] [settingService] reading settings from: C:\Users\USER\Desktop\Personal\ZCode\.tmp\z1-native-1790566888278-3b5c94\home\.zcode\v2\setting.json
[2026-09-28 11:41:33.472] [pid:39944] [zcode-host] [rpc:call] credential.load OK (0.5ms)
[2026-09-28 11:41:33.472] [pid:39944] [zcode-host] [rpc:call] credential.load OK (0.5ms)
[2026-09-28 11:41:33.472] [pid:39944] [settingService] read result: {"recentProjects":[],"locale":"zh-CN","localePreference":"en-US","terminalInheritSystemProfile":true,"embeddedBrowserAllowInsecureCertificates":false,"embeddedBrowserViewportPreference":{"mode":"normal","viewport":{"width":393,"height":852},"zoom":"fit"},"computerUseComposerEntryHidden":true,"taskAutoArchiveEnabled":false,"taskAutoArchiveOlderThanDays":7,"closeToTrayOnWindows":false,"closeToTrayOnWindowsMigrationInitialized":true,"keepAwakeWhileRunning":false,"desktopChromiumHardwareAccelerationEnabled":true,"messageStreamShowReasoning":true,"messageStreamShowReasoningMigrationInitialized":true,"messageStreamShowTodos":false,"toolGroupingExploreEnabled":true,"toolGroupingTerminalEnabled":true,"toolGroupingChangesEnabled":false,"zcodeInteractionBehavior":"queue","askUserQuestionAutoResolutionEnabled":false,"modelIoFullRetentionEnabled":false,"startPlanRecommendationDismissed":false,"providerFamilyConnectionSelections":{},"providerFamilyDomain":"zai","providerFamilyDomainMigrated":true,"nativeSearchEnhancementsEnabled":true,"memoryEnabled":false,"lastWorkspaceSession":[],"lastActiveTabIndex":0,"receivePreviewUpdates":false,"autoDownloadAndInstallUpdates":false,"skippedElectronUpdateVersions":{}}
[2026-09-28 11:41:33.473] [pid:39944] [zcode-agent] ZCode agent process start already in progress {
  workspaceKey: 'C:\\Users\\USER\\Desktop\\Personal\\ZCode\\.tmp\\z1-native-1790566888278-3b5c94\\workspace'
}
[2026-09-28 11:41:33.473] [pid:39944] [settingService] read result: {"recentProjects":[],"locale":"zh-CN","localePreference":"en-US","terminalInheritSystemProfile":true,"embeddedBrowserAllowInsecureCertificates":false,"embeddedBrowserViewportPreference":{"mode":"normal","viewport":{"width":393,"height":852},"zoom":"fit"},"computerUseComposerEntryHidden":true,"taskAutoArchiveEnabled":false,"taskAutoArchiveOlderThanDays":7,"closeToTrayOnWindows":false,"closeToTrayOnWindowsMigrationInitialized":true,"keepAwakeWhileRunning":false,"desktopChromiumHardwareAccelerationEnabled":true,"messageStreamShowReasoning":true,"messageStreamShowReasoningMigrationInitialized":true,"messageStreamShowTodos":false,"toolGroupingExploreEnabled":true,"toolGroupingTerminalEnabled":true,"toolGroupingChangesEnabled":false,"zcodeInteractionBehavior":"queue","askUserQuestionAutoResolutionEnabled":false,"modelIoFullRetentionEnabled":false,"startPlanRecommendationDismissed":false,"providerFamilyConnectionSelections":{},"providerFamilyDomain":"zai","providerFamilyDomainMigrated":true,"nativeSearchEnhancementsEnabled":true,"memoryEnabled":false,"lastWorkspaceSession":[],"lastActiveTabIndex":0,"receivePreviewUpdates":false,"autoDownloadAndInstallUpdates":false,"skippedElectronUpdateVersions":{}}
[2026-09-28 11:41:33.474] [pid:32100] [main] [host-log] (local-1) [host] [2026-09-28 11:41:33.473] [pid:39944] [zcode-agent] ZCode agent process start already in progress {"workspaceKey":"C:\\Users\\USER\\Desktop\\Personal\\ZCode\\.tmp\\z1-native-1790566888278-3b5c94\\workspace"}
[Z1 child] [2026-09-28 11:41:33.476] [pid:39944] [settingService] reading settings from: C:\Users\USER\Desktop\Personal\ZCode\.tmp\z1-native-1790566888278-3b5c94\home\.zcode\v2\setting.json
[Z1 child] [2026-09-28 11:41:33.477] [pid:39944] [cua-product-helper] Windows CUA Helper runtime resolution failed {
  reason: 'invalid-runtime-manifest',
  artifact: 'runtime-manifest.json',
  errorName: 'WindowsCuaDevRuntimeResolutionError',
  message: 'Windows CUA packaged runtime has an invalid runtime-manifest.json.'
}
[2026-09-28 11:41:33.478] [pid:32100] [main] [host-log] (local-1) [host] [2026-09-28 11:41:33.477] [pid:39944] [cua-product-helper] Windows CUA Helper runtime resolution failed {"reason":"invalid-runtime-manifest","artifact":"runtime-manifest.json","errorName":"WindowsCuaDevRuntimeResolutionError","message":"Windows CUA packaged runtime has an invalid runtime-manifest.json."}
[Z1 child] [2026-09-28 11:41:33.477] [pid:39944] [cua-product-helper] Computer Use Helper broker_unavailable; disabling workspace zcode-cua MCP server for this agent spawn (Windows CUA packaged runtime has an invalid runtime-manifest.json.)
[Z1 child] [2026-09-28 11:41:33.477] [pid:39944] [settingService] reading settings from: C:\Users\USER\Desktop\Personal\ZCode\.tmp\z1-native-1790566888278-3b5c94\home\.zcode\v2\setting.json
[2026-09-28 11:41:33.478] [pid:39944] [settingService] read result: {"recentProjects":[],"locale":"zh-CN","localePreference":"en-US","terminalInheritSystemProfile":true,"embeddedBrowserAllowInsecureCertificates":false,"embeddedBrowserViewportPreference":{"mode":"normal","viewport":{"width":393,"height":852},"zoom":"fit"},"computerUseComposerEntryHidden":true,"taskAutoArchiveEnabled":false,"taskAutoArchiveOlderThanDays":7,"closeToTrayOnWindows":false,"closeToTrayOnWindowsMigrationInitialized":true,"keepAwakeWhileRunning":false,"desktopChromiumHardwareAccelerationEnabled":true,"messageStreamShowReasoning":true,"messageStreamShowReasoningMigrationInitialized":true,"messageStreamShowTodos":false,"toolGroupingExploreEnabled":true,"toolGroupingTerminalEnabled":true,"toolGroupingChangesEnabled":false,"zcodeInteractionBehavior":"queue","askUserQuestionAutoResolutionEnabled":false,"modelIoFullRetentionEnabled":false,"startPlanRecommendationDismissed":false,"providerFamilyConnectionSelections":{},"providerFamilyDomain":"zai","providerFamilyDomainMigrated":true,"nativeSearchEnhancementsEnabled":true,"memoryEnabled":false,"lastWorkspaceSession":[],"lastActiveTabIndex":0,"receivePreviewUpdates":false,"autoDownloadAndInstallUpdates":false,"skippedElectronUpdateVersions":{}}
[2026-09-28 11:41:33.478] [pid:39944] [zcode-host] [rpc:call] setting.get OK (2.1ms)
[2026-09-28 11:41:33.478] [pid:39944] [settingService] read result: {"recentProjects":[],"locale":"zh-CN","localePreference":"en-US","terminalInheritSystemProfile":true,"embeddedBrowserAllowInsecureCertificates":false,"embeddedBrowserViewportPreference":{"mode":"normal","viewport":{"width":393,"height":852},"zoom":"fit"},"computerUseComposerEntryHidden":true,"taskAutoArchiveEnabled":false,"taskAutoArchiveOlderThanDays":7,"closeToTrayOnWindows":false,"closeToTrayOnWindowsMigrationInitialized":true,"keepAwakeWhileRunning":false,"desktopChromiumHardwareAccelerationEnabled":true,"messageStreamShowReasoning":true,"messageStreamShowReasoningMigrationInitialized":true,"messageStreamShowTodos":false,"toolGroupingExploreEnabled":true,"toolGroupingTerminalEnabled":true,"toolGroupingChangesEnabled":false,"zcodeInteractionBehavior":"queue","askUserQuestionAutoResolutionEnabled":false,"modelIoFullRetentionEnabled":false,"startPlanRecommendationDismissed":false,"providerFamilyConnectionSelections":{},"providerFamilyDomain":"zai","providerFamilyDomainMigrated":true,"nativeSearchEnhancementsEnabled":true,"memoryEnabled":false,"lastWorkspaceSession":[],"lastActiveTabIndex":0,"receivePreviewUpdates":false,"autoDownloadAndInstallUpdates":false,"skippedElectronUpdateVersions":{}}
[2026-09-28 11:41:33.479] [pid:32100] [main] [host-log] (local-1) [host] [2026-09-28 11:41:33.477] [pid:39944] [cua-product-helper] Computer Use Helper broker_unavailable; disabling workspace zcode-cua MCP server for this agent spawn (Windows CUA packaged runtime has an invalid runtime-manifest.json.)
[2026-09-28 11:41:33.479] [pid:32100] [main] [host-log] (local-1) [host] [2026-09-28 11:41:33.478] [pid:39944] [zcode-host] [rpc:call] setting.get OK (2.1ms)
[Z1 child] [2026-09-28 11:41:33.478] [pid:39944] [settingService] reading settings from: C:\Users\USER\Desktop\Personal\ZCode\.tmp\z1-native-1790566888278-3b5c94\home\.zcode\v2\setting.json
[Z1 child] [2026-09-28 11:41:33.480] [pid:39944] [settingService] read result: {"recentProjects":[],"locale":"zh-CN","localePreference":"en-US","terminalInheritSystemProfile":true,"embeddedBrowserAllowInsecureCertificates":false,"embeddedBrowserViewportPreference":{"mode":"normal","viewport":{"width":393,"height":852},"zoom":"fit"},"computerUseComposerEntryHidden":true,"taskAutoArchiveEnabled":false,"taskAutoArchiveOlderThanDays":7,"closeToTrayOnWindows":false,"closeToTrayOnWindowsMigrationInitialized":true,"keepAwakeWhileRunning":false,"desktopChromiumHardwareAccelerationEnabled":true,"messageStreamShowReasoning":true,"messageStreamShowReasoningMigrationInitialized":true,"messageStreamShowTodos":false,"toolGroupingExploreEnabled":true,"toolGroupingTerminalEnabled":true,"toolGroupingChangesEnabled":false,"zcodeInteractionBehavior":"queue","askUserQuestionAutoResolutionEnabled":false,"modelIoFullRetentionEnabled":false,"startPlanRecommendationDismissed":false,"providerFamilyConnectionSelections":{},"providerFamilyDomain":"zai","providerFamilyDomainMigrated":true,"nativeSearchEnhancementsEnabled":true,"memoryEnabled":false,"lastWorkspaceSession":[],"lastActiveTabIndex":0,"receivePreviewUpdates":false,"autoDownloadAndInstallUpdates":false,"skippedElectronUpdateVersions":{}}
[Z1 child] [2026-09-28 11:41:33.480] [pid:39944] [zcode-agent] ZCode agent spawn preflight {
  workspaceKey: 'C:\\Users\\USER\\Desktop\\Personal\\ZCode\\.tmp\\z1-native-1790566888278-3b5c94\\workspace',
  spawnPreflight: {
    command: 'C:\\Users\\USER\\Desktop\\Personal\\ZCode\\node_modules\\electron\\dist\\electron.exe',
    args: [
      'C:\\Users\\USER\\Desktop\\Personal\\ZCode\\apps\\zcode-cli\\packages\\cli\\dist\\zcode.cjs',
      'app-server',
      '--stdio'
    ],
    requestedCwd: 'C:\\Users\\USER\\Desktop\\Personal\\ZCode\\.tmp\\z1-native-1790566888278-3b5c94\\workspace',
    cwd: 'C:\\Users\\USER\\Desktop\\Personal\\ZCode\\.tmp\\z1-native-1790566888278-3b5c94\\workspace',
    cwdSource: 'command',
    commandPathKind: 'absolute',
    commandExists: true,
    cwdExists: true
  }
}
[2026-09-28 11:41:33.481] [pid:32100] [main] [host-log] (local-1) [host] [2026-09-28 11:41:33.480] [pid:39944] [zcode-agent] ZCode agent spawn preflight {"workspaceKey":"C:\\Users\\USER\\Desktop\\Personal\\ZCode\\.tmp\\z1-native-1790566888278-3b5c94\\workspace","spawnPreflight":{"command":"C:\\Users\\USER\\Desktop\\Personal\\ZCode\\node_modules\\electron\\dist\\electron.exe","args":["C:\\Users\\USER\\Desktop\\Personal\\ZCode\\apps\\zcode-cli\\packages\\cli\\dist\\zcode.cjs","app-server","--stdio"],"requestedCwd":"C:\\Users\\USER\\Desktop\\Personal\\ZCode\\.tmp\\z1-native-1790566888278-3b5c94\\workspace","cwd":"C:\\Users\\USER\\Desktop\\Personal\\ZCode\\.tmp\\z1-native-1790566888278-3b5c94\\workspace","cwdSource":"command","commandPathKind":"absolute","commandExists":true,"cwdExists":true}}
[Z1 child] [2026-09-28 11:41:33.491] [pid:39944] [zcode-agent] ZCode agent process start wait completed {
  workspaceKey: 'C:\\Users\\USER\\Desktop\\Personal\\ZCode\\.tmp\\z1-native-1790566888278-3b5c94\\workspace',
  durationMs: 18
}
[2026-09-28 11:41:33.491] [pid:32100] [main] [host-log] (local-1) [host] [2026-09-28 11:41:33.491] [pid:39944] [zcode-agent] ZCode agent process start wait completed {"workspaceKey":"C:\\Users\\USER\\Desktop\\Personal\\ZCode\\.tmp\\z1-native-1790566888278-3b5c94\\workspace","durationMs":18}
[2026-09-28 11:41:33.493] [pid:32100] [main] [stability] perf_agent_start reported {
  pid: 39472,
  runtimeGeneration: 1,
  runtimeInstanceId: 'agent-fb0633b5-df5e-45ff-860c-a2ae07868462'
}
[Z1 child] [2026-09-28 11:41:33.492] [pid:39944] [zcode-agent] ZCode agent process started {
  workspaceKey: 'C:\\Users\\USER\\Desktop\\Personal\\ZCode\\.tmp\\z1-native-1790566888278-3b5c94\\workspace',
  command: 'C:\\Users\\USER\\Desktop\\Personal\\ZCode\\node_modules\\electron\\dist\\electron.exe',
  cwd: 'C:\\Users\\USER\\Desktop\\Personal\\ZCode\\.tmp\\z1-native-1790566888278-3b5c94\\workspace',
  pid: 39472,
  durationMs: 22
}
[2026-09-28 11:41:33.494] [pid:32100] [main] [host-log] (local-1) [host] [2026-09-28 11:41:33.492] [pid:39944] [zcode-agent] ZCode agent process started {"workspaceKey":"C:\\Users\\USER\\Desktop\\Personal\\ZCode\\.tmp\\z1-native-1790566888278-3b5c94\\workspace","command":"C:\\Users\\USER\\Desktop\\Personal\\ZCode\\node_modules\\electron\\dist\\electron.exe","cwd":"C:\\Users\\USER\\Desktop\\Personal\\ZCode\\.tmp\\z1-native-1790566888278-3b5c94\\workspace","pid":39472,"durationMs":22}
[2026-09-28 11:41:33.494] [pid:32100] [main] [host-log] (local-1) [host] [2026-09-28 11:41:33.493] [pid:39944] [zcode-host] [rpc:call] file.ensureConversationWorkspace OK (13.8ms)
[Z1 child] [2026-09-28 11:41:33.493] [pid:39944] [zcode-host] [rpc:call] file.ensureConversationWorkspace OK (13.8ms)
[2026-09-28 11:41:33.496] [pid:32100] [main] [task-realtime] updated host workspace scopes {
  hostId: '5413c835-f6f6-4230-84b0-952a5650758c',
  workspaceKeyCount: 1
}
[2026-09-28 11:41:33.499] [pid:32100] [main] [task-realtime] updated host workspace scopes {
  hostId: '5413c835-f6f6-4230-84b0-952a5650758c',
  workspaceKeyCount: 2
}
[Z1 child] [2026-09-28 11:41:33.501] [pid:39944] [settingService] reading settings from: C:\Users\USER\Desktop\Personal\ZCode\.tmp\z1-native-1790566888278-3b5c94\home\.zcode\v2\setting.json
[Z1 child] [2026-09-28 11:41:33.501] [pid:39944] [zcode-host] [rpc:call] onboarding-record.claimAnonymousRecord OK (0.2ms)
[2026-09-28 11:41:33.502] [pid:32100] [main] [host-log] (local-1) [host] [2026-09-28 11:41:33.501] [pid:39944] [zcode-host] [rpc:call] onboarding-record.claimAnonymousRecord OK (0.2ms)
[Z1 child] [2026-09-28 11:41:33.502] [pid:39944] [zcode-host] [rpc:call] onboarding-record.getLatestEntry OK (0.8ms)
[2026-09-28 11:41:33.502] [pid:39944] [settingService] reading settings from: C:\Users\USER\Desktop\Personal\ZCode\.tmp\z1-native-1790566888278-3b5c94\home\.zcode\v2\setting.json
[2026-09-28 11:41:33.502] [pid:32100] [main] [host-log] (local-1) [host] [2026-09-28 11:41:33.502] [pid:39944] [zcode-host] [rpc:call] onboarding-record.getLatestEntry OK (0.8ms)
[Z1 child] [2026-09-28 11:41:33.503] [pid:39944] [settingService] read result: {"recentProjects":[],"locale":"zh-CN","localePreference":"en-US","terminalInheritSystemProfile":true,"embeddedBrowserAllowInsecureCertificates":false,"embeddedBrowserViewportPreference":{"mode":"normal","viewport":{"width":393,"height":852},"zoom":"fit"},"computerUseComposerEntryHidden":true,"taskAutoArchiveEnabled":false,"taskAutoArchiveOlderThanDays":7,"closeToTrayOnWindows":false,"closeToTrayOnWindowsMigrationInitialized":true,"keepAwakeWhileRunning":false,"desktopChromiumHardwareAccelerationEnabled":true,"messageStreamShowReasoning":true,"messageStreamShowReasoningMigrationInitialized":true,"messageStreamShowTodos":false,"toolGroupingExploreEnabled":true,"toolGroupingTerminalEnabled":true,"toolGroupingChangesEnabled":false,"zcodeInteractionBehavior":"queue","askUserQuestionAutoResolutionEnabled":false,"modelIoFullRetentionEnabled":false,"startPlanRecommendationDismissed":false,"providerFamilyConnectionSelections":{},"providerFamilyDomain":"zai","providerFamilyDomainMigrated":true,"nativeSearchEnhancementsEnabled":true,"memoryEnabled":false,"lastWorkspaceSession":[],"lastActiveTabIndex":0,"receivePreviewUpdates":false,"autoDownloadAndInstallUpdates":false,"skippedElectronUpdateVersions":{}}
[2026-09-28 11:41:33.503] [pid:39944] [zcode-host] [rpc:call] setting.get OK (2.6ms)
[2026-09-28 11:41:33.504] [pid:32100] [main] [host-log] (local-1) [host] [2026-09-28 11:41:33.503] [pid:39944] [zcode-host] [rpc:call] setting.get OK (2.6ms)
[Z1 child] [2026-09-28 11:41:33.504] [pid:39944] [settingService] read result: {"recentProjects":[],"locale":"zh-CN","localePreference":"en-US","terminalInheritSystemProfile":true,"embeddedBrowserAllowInsecureCertificates":false,"embeddedBrowserViewportPreference":{"mode":"normal","viewport":{"width":393,"height":852},"zoom":"fit"},"computerUseComposerEntryHidden":true,"taskAutoArchiveEnabled":false,"taskAutoArchiveOlderThanDays":7,"closeToTrayOnWindows":false,"closeToTrayOnWindowsMigrationInitialized":true,"keepAwakeWhileRunning":false,"desktopChromiumHardwareAccelerationEnabled":true,"messageStreamShowReasoning":true,"messageStreamShowReasoningMigrationInitialized":true,"messageStreamShowTodos":false,"toolGroupingExploreEnabled":true,"toolGroupingTerminalEnabled":true,"toolGroupingChangesEnabled":false,"zcodeInteractionBehavior":"queue","askUserQuestionAutoResolutionEnabled":false,"modelIoFullRetentionEnabled":false,"startPlanRecommendationDismissed":false,"providerFamilyConnectionSelections":{},"providerFamilyDomain":"zai","providerFamilyDomainMigrated":true,"nativeSearchEnhancementsEnabled":true,"memoryEnabled":false,"lastWorkspaceSession":[],"lastActiveTabIndex":0,"receivePreviewUpdates":false,"autoDownloadAndInstallUpdates":false,"skippedElectronUpdateVersions":{}}
[Z1 child] [2026-09-28 11:41:33.511] [pid:39944] [zcode-host] [rpc:call] onboarding-record.shouldOnboard OK (10.0ms)
[2026-09-28 11:41:33.512] [pid:32100] [main] [host-log] (local-1) [host] [2026-09-28 11:41:33.511] [pid:39944] [zcode-host] [rpc:call] onboarding-record.shouldOnboard OK (10.0ms)
[Z1 child] [2026-09-28 11:41:33.512] [pid:39944] [settingService] reading settings from: C:\Users\USER\Desktop\Personal\ZCode\.tmp\z1-native-1790566888278-3b5c94\home\.zcode\v2\setting.json
[Z1 child] [2026-09-28 11:41:33.512] [pid:39944] [settingService] read result: {"recentProjects":[],"locale":"zh-CN","localePreference":"en-US","terminalInheritSystemProfile":true,"embeddedBrowserAllowInsecureCertificates":false,"embeddedBrowserViewportPreference":{"mode":"normal","viewport":{"width":393,"height":852},"zoom":"fit"},"computerUseComposerEntryHidden":true,"taskAutoArchiveEnabled":false,"taskAutoArchiveOlderThanDays":7,"closeToTrayOnWindows":false,"closeToTrayOnWindowsMigrationInitialized":true,"keepAwakeWhileRunning":false,"desktopChromiumHardwareAccelerationEnabled":true,"messageStreamShowReasoning":true,"messageStreamShowReasoningMigrationInitialized":true,"messageStreamShowTodos":false,"toolGroupingExploreEnabled":true,"toolGroupingTerminalEnabled":true,"toolGroupingChangesEnabled":false,"zcodeInteractionBehavior":"queue","askUserQuestionAutoResolutionEnabled":false,"modelIoFullRetentionEnabled":false,"startPlanRecommendationDismissed":false,"providerFamilyConnectionSelections":{},"providerFamilyDomain":"zai","providerFamilyDomainMigrated":true,"nativeSearchEnhancementsEnabled":true,"memoryEnabled":false,"lastWorkspaceSession":[],"lastActiveTabIndex":0,"receivePreviewUpdates":false,"autoDownloadAndInstallUpdates":false,"skippedElectronUpdateVersions":{}}
[Z1 child] [2026-09-28 11:41:33.513] [pid:39944] [settingService] reading settings from: C:\Users\USER\Desktop\Personal\ZCode\.tmp\z1-native-1790566888278-3b5c94\home\.zcode\v2\setting.json
[Z1 child] [2026-09-28 11:41:33.513] [pid:39944] [settingService] reading settings from: C:\Users\USER\Desktop\Personal\ZCode\.tmp\z1-native-1790566888278-3b5c94\home\.zcode\v2\setting.json
[Z1 child] [2026-09-28 11:41:33.513] [pid:39944] [settingService] read result: {"recentProjects":[],"locale":"zh-CN","localePreference":"en-US","terminalInheritSystemProfile":true,"embeddedBrowserAllowInsecureCertificates":false,"embeddedBrowserViewportPreference":{"mode":"normal","viewport":{"width":393,"height":852},"zoom":"fit"},"computerUseComposerEntryHidden":true,"taskAutoArchiveEnabled":false,"taskAutoArchiveOlderThanDays":7,"closeToTrayOnWindows":false,"closeToTrayOnWindowsMigrationInitialized":true,"keepAwakeWhileRunning":false,"desktopChromiumHardwareAccelerationEnabled":true,"messageStreamShowReasoning":true,"messageStreamShowReasoningMigrationInitialized":true,"messageStreamShowTodos":false,"toolGroupingExploreEnabled":true,"toolGroupingTerminalEnabled":true,"toolGroupingChangesEnabled":false,"zcodeInteractionBehavior":"queue","askUserQuestionAutoResolutionEnabled":false,"modelIoFullRetentionEnabled":false,"startPlanRecommendationDismissed":false,"providerFamilyConnectionSelections":{},"providerFamilyDomain":"zai","providerFamilyDomainMigrated":true,"nativeSearchEnhancementsEnabled":true,"memoryEnabled":false,"lastWorkspaceSession":[],"lastActiveTabIndex":0,"receivePreviewUpdates":false,"autoDownloadAndInstallUpdates":false,"skippedElectronUpdateVersions":{}}
[Z1 child] [2026-09-28 11:41:33.513] [pid:39944] [settingService] read result: {"recentProjects":[],"locale":"zh-CN","localePreference":"en-US","terminalInheritSystemProfile":true,"embeddedBrowserAllowInsecureCertificates":false,"embeddedBrowserViewportPreference":{"mode":"normal","viewport":{"width":393,"height":852},"zoom":"fit"},"computerUseComposerEntryHidden":true,"taskAutoArchiveEnabled":false,"taskAutoArchiveOlderThanDays":7,"closeToTrayOnWindows":false,"closeToTrayOnWindowsMigrationInitialized":true,"keepAwakeWhileRunning":false,"desktopChromiumHardwareAccelerationEnabled":true,"messageStreamShowReasoning":true,"messageStreamShowReasoningMigrationInitialized":true,"messageStreamShowTodos":false,"toolGroupingExploreEnabled":true,"toolGroupingTerminalEnabled":true,"toolGroupingChangesEnabled":false,"zcodeInteractionBehavior":"queue","askUserQuestionAutoResolutionEnabled":false,"modelIoFullRetentionEnabled":false,"startPlanRecommendationDismissed":false,"providerFamilyConnectionSelections":{},"providerFamilyDomain":"zai","providerFamilyDomainMigrated":true,"nativeSearchEnhancementsEnabled":true,"memoryEnabled":false,"lastWorkspaceSession":[],"lastActiveTabIndex":0,"receivePreviewUpdates":false,"autoDownloadAndInstallUpdates":false,"skippedElectronUpdateVersions":{}}
[Z1 child] [2026-09-28 11:41:33.514] [pid:39944] [node-api-client] zcode endpoint request headers prepared {
  headerKeys: [
    'http-referer',
    'user-agent',
    'x-client-language',
    'x-client-timezone',
    'x-device-mid',
    'x-os-category',
    'x-os-version',
    'x-platform',
    'x-release-channel',
    'x-request-id',
    'x-title',
    'x-zcode-app-version'
  ],
  method: 'GET',
  url: 'http://127.0.0.1:50479/api/v1/client/configs?app_version=3.14.0&platform=windows-x86_64'
}
[Z1 child] [2026-09-28 11:41:33.515] [pid:39944] [settingService] reading settings from: C:\Users\USER\Desktop\Personal\ZCode\.tmp\z1-native-1790566888278-3b5c94\home\.zcode\v2\setting.json
[Z1 child] [2026-09-28 11:41:33.515] [pid:39944] [settingService] read result: {"recentProjects":[],"locale":"zh-CN","localePreference":"en-US","terminalInheritSystemProfile":true,"embeddedBrowserAllowInsecureCertificates":false,"embeddedBrowserViewportPreference":{"mode":"normal","viewport":{"width":393,"height":852},"zoom":"fit"},"computerUseComposerEntryHidden":true,"taskAutoArchiveEnabled":false,"taskAutoArchiveOlderThanDays":7,"closeToTrayOnWindows":false,"closeToTrayOnWindowsMigrationInitialized":true,"keepAwakeWhileRunning":false,"desktopChromiumHardwareAccelerationEnabled":true,"messageStreamShowReasoning":true,"messageStreamShowReasoningMigrationInitialized":true,"messageStreamShowTodos":false,"toolGroupingExploreEnabled":true,"toolGroupingTerminalEnabled":true,"toolGroupingChangesEnabled":false,"zcodeInteractionBehavior":"queue","askUserQuestionAutoResolutionEnabled":false,"modelIoFullRetentionEnabled":false,"startPlanRecommendationDismissed":false,"providerFamilyConnectionSelections":{},"providerFamilyDomain":"zai","providerFamilyDomainMigrated":true,"nativeSearchEnhancementsEnabled":true,"memoryEnabled":false,"lastWorkspaceSession":[],"lastActiveTabIndex":0,"receivePreviewUpdates":false,"autoDownloadAndInstallUpdates":false,"skippedElectronUpdateVersions":{}}
[Z1 child] [2026-09-28 11:41:33.528] [pid:39944] [settingService] reading settings from: C:\Users\USER\Desktop\Personal\ZCode\.tmp\z1-native-1790566888278-3b5c94\home\.zcode\v2\setting.json
[Z1 child] [2026-09-28 11:41:33.529] [pid:39944] [settingService] read result: {"recentProjects":[],"locale":"zh-CN","localePreference":"en-US","terminalInheritSystemProfile":true,"embeddedBrowserAllowInsecureCertificates":false,"embeddedBrowserViewportPreference":{"mode":"normal","viewport":{"width":393,"height":852},"zoom":"fit"},"computerUseComposerEntryHidden":true,"taskAutoArchiveEnabled":false,"taskAutoArchiveOlderThanDays":7,"closeToTrayOnWindows":false,"closeToTrayOnWindowsMigrationInitialized":true,"keepAwakeWhileRunning":false,"desktopChromiumHardwareAccelerationEnabled":true,"messageStreamShowReasoning":true,"messageStreamShowReasoningMigrationInitialized":true,"messageStreamShowTodos":false,"toolGroupingExploreEnabled":true,"toolGroupingTerminalEnabled":true,"toolGroupingChangesEnabled":false,"zcodeInteractionBehavior":"queue","askUserQuestionAutoResolutionEnabled":false,"modelIoFullRetentionEnabled":false,"startPlanRecommendationDismissed":false,"providerFamilyConnectionSelections":{},"providerFamilyDomain":"zai","providerFamilyDomainMigrated":true,"nativeSearchEnhancementsEnabled":true,"memoryEnabled":false,"lastWorkspaceSession":[],"lastActiveTabIndex":0,"receivePreviewUpdates":false,"autoDownloadAndInstallUpdates":false,"skippedElectronUpdateVersions":{}}
[Z1 child] [2026-09-28 11:41:33.537] [pid:39944] [provider-config] ZCode Built-in 刷新检查 { result: 'missing' }
[Z1 child] [2026-09-28 11:41:33.546] [pid:39944] [settingService] reading settings from: C:\Users\USER\Desktop\Personal\ZCode\.tmp\z1-native-1790566888278-3b5c94\home\.zcode\v2\setting.json
[Z1 child] [2026-09-28 11:41:33.547] [pid:39944] [settingService] read result: {"recentProjects":[],"locale":"zh-CN","localePreference":"en-US","terminalInheritSystemProfile":true,"embeddedBrowserAllowInsecureCertificates":false,"embeddedBrowserViewportPreference":{"mode":"normal","viewport":{"width":393,"height":852},"zoom":"fit"},"computerUseComposerEntryHidden":true,"taskAutoArchiveEnabled":false,"taskAutoArchiveOlderThanDays":7,"closeToTrayOnWindows":false,"closeToTrayOnWindowsMigrationInitialized":true,"keepAwakeWhileRunning":false,"desktopChromiumHardwareAccelerationEnabled":true,"messageStreamShowReasoning":true,"messageStreamShowReasoningMigrationInitialized":true,"messageStreamShowTodos":false,"toolGroupingExploreEnabled":true,"toolGroupingTerminalEnabled":true,"toolGroupingChangesEnabled":false,"zcodeInteractionBehavior":"queue","askUserQuestionAutoResolutionEnabled":false,"modelIoFullRetentionEnabled":false,"startPlanRecommendationDismissed":false,"providerFamilyConnectionSelections":{},"providerFamilyDomain":"zai","providerFamilyDomainMigrated":true,"nativeSearchEnhancementsEnabled":true,"memoryEnabled":false,"lastWorkspaceSession":[],"lastActiveTabIndex":0,"receivePreviewUpdates":false,"autoDownloadAndInstallUpdates":false,"skippedElectronUpdateVersions":{}}
[Z1 child] [2026-09-28 11:41:33.548] [pid:39944] [settingService] reading settings from: C:\Users\USER\Desktop\Personal\ZCode\.tmp\z1-native-1790566888278-3b5c94\home\.zcode\v2\setting.json
[Z1 child] [2026-09-28 11:41:33.548] [pid:39944] [settingService] read result: {"recentProjects":[],"locale":"zh-CN","localePreference":"en-US","terminalInheritSystemProfile":true,"embeddedBrowserAllowInsecureCertificates":false,"embeddedBrowserViewportPreference":{"mode":"normal","viewport":{"width":393,"height":852},"zoom":"fit"},"computerUseComposerEntryHidden":true,"taskAutoArchiveEnabled":false,"taskAutoArchiveOlderThanDays":7,"closeToTrayOnWindows":false,"closeToTrayOnWindowsMigrationInitialized":true,"keepAwakeWhileRunning":false,"desktopChromiumHardwareAccelerationEnabled":true,"messageStreamShowReasoning":true,"messageStreamShowReasoningMigrationInitialized":true,"messageStreamShowTodos":false,"toolGroupingExploreEnabled":true,"toolGroupingTerminalEnabled":true,"toolGroupingChangesEnabled":false,"zcodeInteractionBehavior":"queue","askUserQuestionAutoResolutionEnabled":false,"modelIoFullRetentionEnabled":false,"startPlanRecommendationDismissed":false,"providerFamilyConnectionSelections":{},"providerFamilyDomain":"zai","providerFamilyDomainMigrated":true,"nativeSearchEnhancementsEnabled":true,"memoryEnabled":false,"lastWorkspaceSession":[],"lastActiveTabIndex":0,"receivePreviewUpdates":false,"autoDownloadAndInstallUpdates":false,"skippedElectronUpdateVersions":{}}
[Z1 child] [2026-09-28 11:41:33.548] [pid:39944] [settingService] reading settings from: C:\Users\USER\Desktop\Personal\ZCode\.tmp\z1-native-1790566888278-3b5c94\home\.zcode\v2\setting.json
[Z1 child] [2026-09-28 11:41:33.549] [pid:39944] [settingService] read result: {"recentProjects":[],"locale":"zh-CN","localePreference":"en-US","terminalInheritSystemProfile":true,"embeddedBrowserAllowInsecureCertificates":false,"embeddedBrowserViewportPreference":{"mode":"normal","viewport":{"width":393,"height":852},"zoom":"fit"},"computerUseComposerEntryHidden":true,"taskAutoArchiveEnabled":false,"taskAutoArchiveOlderThanDays":7,"closeToTrayOnWindows":false,"closeToTrayOnWindowsMigrationInitialized":true,"keepAwakeWhileRunning":false,"desktopChromiumHardwareAccelerationEnabled":true,"messageStreamShowReasoning":true,"messageStreamShowReasoningMigrationInitialized":true,"messageStreamShowTodos":false,"toolGroupingExploreEnabled":true,"toolGroupingTerminalEnabled":true,"toolGroupingChangesEnabled":false,"zcodeInteractionBehavior":"queue","askUserQuestionAutoResolutionEnabled":false,"modelIoFullRetentionEnabled":false,"startPlanRecommendationDismissed":false,"providerFamilyConnectionSelections":{},"providerFamilyDomain":"zai","providerFamilyDomainMigrated":true,"nativeSearchEnhancementsEnabled":true,"memoryEnabled":false,"lastWorkspaceSession":[],"lastActiveTabIndex":0,"receivePreviewUpdates":false,"autoDownloadAndInstallUpdates":false,"skippedElectronUpdateVersions":{}}
[Z1 child] [2026-09-28 11:41:33.560] [pid:39944] [settingService] reading settings from: C:\Users\USER\Desktop\Personal\ZCode\.tmp\z1-native-1790566888278-3b5c94\home\.zcode\v2\setting.json
[Z1 child] [2026-09-28 11:41:33.560] [pid:39944] [settingService] read result: {"recentProjects":[],"locale":"zh-CN","localePreference":"en-US","terminalInheritSystemProfile":true,"embeddedBrowserAllowInsecureCertificates":false,"embeddedBrowserViewportPreference":{"mode":"normal","viewport":{"width":393,"height":852},"zoom":"fit"},"computerUseComposerEntryHidden":true,"taskAutoArchiveEnabled":false,"taskAutoArchiveOlderThanDays":7,"closeToTrayOnWindows":false,"closeToTrayOnWindowsMigrationInitialized":true,"keepAwakeWhileRunning":false,"desktopChromiumHardwareAccelerationEnabled":true,"messageStreamShowReasoning":true,"messageStreamShowReasoningMigrationInitialized":true,"messageStreamShowTodos":false,"toolGroupingExploreEnabled":true,"toolGroupingTerminalEnabled":true,"toolGroupingChangesEnabled":false,"zcodeInteractionBehavior":"queue","askUserQuestionAutoResolutionEnabled":false,"modelIoFullRetentionEnabled":false,"startPlanRecommendationDismissed":false,"providerFamilyConnectionSelections":{},"providerFamilyDomain":"zai","providerFamilyDomainMigrated":true,"nativeSearchEnhancementsEnabled":true,"memoryEnabled":false,"lastWorkspaceSession":[],"lastActiveTabIndex":0,"receivePreviewUpdates":false,"autoDownloadAndInstallUpdates":false,"skippedElectronUpdateVersions":{}}
[Z1 child] [2026-09-28 11:41:33.571] [pid:39944] [settingService] reading settings from: C:\Users\USER\Desktop\Personal\ZCode\.tmp\z1-native-1790566888278-3b5c94\home\.zcode\v2\setting.json
[Z1 child] [2026-09-28 11:41:33.571] [pid:39944] [settingService] read result: {"recentProjects":[],"locale":"zh-CN","localePreference":"en-US","terminalInheritSystemProfile":true,"embeddedBrowserAllowInsecureCertificates":false,"embeddedBrowserViewportPreference":{"mode":"normal","viewport":{"width":393,"height":852},"zoom":"fit"},"computerUseComposerEntryHidden":true,"taskAutoArchiveEnabled":false,"taskAutoArchiveOlderThanDays":7,"closeToTrayOnWindows":false,"closeToTrayOnWindowsMigrationInitialized":true,"keepAwakeWhileRunning":false,"desktopChromiumHardwareAccelerationEnabled":true,"messageStreamShowReasoning":true,"messageStreamShowReasoningMigrationInitialized":true,"messageStreamShowTodos":false,"toolGroupingExploreEnabled":true,"toolGroupingTerminalEnabled":true,"toolGroupingChangesEnabled":false,"zcodeInteractionBehavior":"queue","askUserQuestionAutoResolutionEnabled":false,"modelIoFullRetentionEnabled":false,"startPlanRecommendationDismissed":false,"providerFamilyConnectionSelections":{},"providerFamilyDomain":"zai","providerFamilyDomainMigrated":true,"nativeSearchEnhancementsEnabled":true,"memoryEnabled":false,"lastWorkspaceSession":[],"lastActiveTabIndex":0,"receivePreviewUpdates":false,"autoDownloadAndInstallUpdates":false,"skippedElectronUpdateVersions":{}}
[Z1 child] [2026-09-28 11:41:33.582] [pid:39944] [zcode-host] [rpc:call] provider-settings.refresh OK (270.0ms)
[2026-09-28 11:41:33.582] [pid:39944] [zcode-host] [rpc:call] provider-settings.refresh OK (251.9ms)
[2026-09-28 11:41:33.583] [pid:32100] [main] [host-log] (local-1) [host] [2026-09-28 11:41:33.582] [pid:39944] [zcode-host] [rpc:call] provider-settings.refresh OK (270.0ms)
[2026-09-28 11:41:33.584] [pid:32100] [main] [host-log] (local-1) [host] [2026-09-28 11:41:33.582] [pid:39944] [zcode-host] [rpc:call] provider-settings.refresh OK (251.9ms)
[Z1 child] (node:13776) ExperimentalWarning: SQLite is an experimental feature and might change at any time
(Use `electron --trace-warnings ...` to show where the warning was created)
[2026-09-28 11:41:33.662] [pid:32100] [main] [cron-scheduler] cron scheduler started
[Z1 child] [2026-09-28 11:41:33.693] [pid:39944] [zcode-host] [rpc:call] onboarding-record.dismissOnboarding OK (5.1ms)
[2026-09-28 11:41:33.694] [pid:32100] [main] [host-log] (local-1) [host] [2026-09-28 11:41:33.693] [pid:39944] [zcode-host] [rpc:call] onboarding-record.dismissOnboarding OK (5.1ms)
[2026-09-28 11:41:33.717] [pid:32100] [renderer] v4 conversation frame upstream attached {
  workspaceKey: 'C:\\Users\\USER\\Desktop\\Personal\\ZCode\\.tmp\\z1-native-1790566888278-3b5c94\\workspace',
  workspacePath: 'C:\\Users\\USER\\Desktop\\Personal\\ZCode\\.tmp\\z1-native-1790566888278-3b5c94\\workspace',
  event: 'v4.conversation.frames.upstream_attached',
  listenerCount: 1,
  module: 'ui.v4.conversation_transport',
  runtimeGeneration: 0,
  status: 'completed'
}
[2026-09-28 11:41:33.718] [pid:32100] [renderer] v4 workspace connection created {
  event: 'v4.workspace_connection.created',
  isRemote: false,
  key: '__base__ C:\\Users\\USER\\Desktop\\Personal\\ZCode\\.tmp\\z1-native-1790566888278-3b5c94\\workspace',
  module: 'ui.v4.workspace_connection_registry',
  refCount: 1,
  serviceGeneration: 1,
  status: 'completed'
}
[Z1 child] [2026-09-28 11:41:33.717] [pid:39944] [zcode-host] [rpc:listen] zcode-agent.onDynamicLocalTtftFacts subscribed
[2026-09-28 11:41:33.717] [pid:39944] [zcode-host] [rpc:listen] zcode-agent.onDynamicConversationFrame subscribed
[2026-09-28 11:41:33.719] [pid:32100] [main] [host-log] (local-1) [host] [2026-09-28 11:41:33.717] [pid:39944] [zcode-host] [rpc:listen] zcode-agent.onDynamicLocalTtftFacts subscribed
[2026-09-28 11:41:33.720] [pid:32100] [main] [host-log] (local-1) [host] [2026-09-28 11:41:33.717] [pid:39944] [zcode-host] [rpc:listen] zcode-agent.onDynamicConversationFrame subscribed
[Z1 child] [2026-09-28 11:41:33.758] [pid:39944] [settingService] reading settings from: C:\Users\USER\Desktop\Personal\ZCode\.tmp\z1-native-1790566888278-3b5c94\home\.zcode\v2\setting.json
[Z1 child] [2026-09-28 11:41:33.759] [pid:39944] [settingService] read result: {"recentProjects":[],"locale":"zh-CN","localePreference":"en-US","terminalInheritSystemProfile":true,"embeddedBrowserAllowInsecureCertificates":false,"embeddedBrowserViewportPreference":{"mode":"normal","viewport":{"width":393,"height":852},"zoom":"fit"},"computerUseComposerEntryHidden":true,"taskAutoArchiveEnabled":false,"taskAutoArchiveOlderThanDays":7,"closeToTrayOnWindows":false,"closeToTrayOnWindowsMigrationInitialized":true,"keepAwakeWhileRunning":false,"desktopChromiumHardwareAccelerationEnabled":true,"messageStreamShowReasoning":true,"messageStreamShowReasoningMigrationInitialized":true,"messageStreamShowTodos":false,"toolGroupingExploreEnabled":true,"toolGroupingTerminalEnabled":true,"toolGroupingChangesEnabled":false,"zcodeInteractionBehavior":"queue","askUserQuestionAutoResolutionEnabled":false,"modelIoFullRetentionEnabled":false,"startPlanRecommendationDismissed":false,"providerFamilyConnectionSelections":{},"providerFamilyDomain":"zai","providerFamilyDomainMigrated":true,"nativeSearchEnhancementsEnabled":true,"memoryEnabled":false,"lastWorkspaceSession":[],"lastActiveTabIndex":0,"receivePreviewUpdates":false,"autoDownloadAndInstallUpdates":false,"skippedElectronUpdateVersions":{}}
[Z1 child] [2026-09-28 11:41:33.759] [pid:39944] [node-api-client] zcode endpoint request headers prepared {
  headerKeys: [
    'http-referer',
    'user-agent',
    'x-client-language',
    'x-client-timezone',
    'x-device-mid',
    'x-os-category',
    'x-os-version',
    'x-platform',
    'x-release-channel',
    'x-request-id',
    'x-title',
    'x-zcode-app-version'
  ],
  method: 'GET',
  url: 'http://127.0.0.1:50479/api/v1/client/scenes'
}
[2026-09-28 11:41:33.761] [pid:32100] [main] [host-log] (local-1) [host] [2026-09-28 11:41:33.760] [pid:39944] [zcode-host] [rpc:call] client-scenes.list OK (2.0ms)
[Z1 child] [2026-09-28 11:41:33.760] [pid:39944] [zcode-host] [rpc:call] client-scenes.list OK (2.0ms)
[2026-09-28 11:41:33.761] [pid:39944] [zcode-host] [rpc:listen] window-controller.onDynamicControllerFrame subscribed
[2026-09-28 11:41:33.761] [pid:39944] [zcode-host] [rpc:call] window-controller.subscribeControllerV4 OK (0.2ms)
[2026-09-28 11:41:33.762] [pid:32100] [main] [host-log] (local-1) [host] [2026-09-28 11:41:33.761] [pid:39944] [zcode-host] [rpc:listen] window-controller.onDynamicControllerFrame subscribed
[2026-09-28 11:41:33.763] [pid:32100] [main] [host-log] (local-1) [host] [2026-09-28 11:41:33.761] [pid:39944] [zcode-host] [rpc:call] window-controller.subscribeControllerV4 OK (0.2ms)
[Z1 child] [2026-09-28 11:41:33.761] [pid:39944] [zcode-host] [rpc:call] window-controller.subscribeControllerV4 OK (0.1ms)
[2026-09-28 11:41:33.762] [pid:39944] [settingService] reading settings from: C:\Users\USER\Desktop\Personal\ZCode\.tmp\z1-native-1790566888278-3b5c94\home\.zcode\v2\setting.json
[2026-09-28 11:41:33.763] [pid:39944] [zcode-host] [rpc:call] window-controller.listTaskList OK (0.0ms)
[2026-09-28 11:41:33.764] [pid:32100] [main] [host-log] (local-1) [host] [2026-09-28 11:41:33.761] [pid:39944] [zcode-host] [rpc:call] window-controller.subscribeControllerV4 OK (0.1ms)
[2026-09-28 11:41:33.764] [pid:32100] [main] [host-log] (local-1) [host] [2026-09-28 11:41:33.763] [pid:39944] [zcode-host] [rpc:call] window-controller.listTaskList OK (0.0ms)
[2026-09-28 11:41:33.765] [pid:32100] [main] [host-log] (local-1) [host] [2026-09-28 11:41:33.764] [pid:39944] [zcode-host] [rpc:call] setting.get OK (2.0ms)
[2026-09-28 11:41:33.766] [pid:32100] [main] [host-log] (local-1) [host] [2026-09-28 11:41:33.764] [pid:39944] [zcode-host] [rpc:listen] zcode-agent.onDynamicSessionsIndexFrame subscribed
[2026-09-28 11:41:33.766] [pid:32100] [main] [host-log] (local-1) [host] [2026-09-28 11:41:33.764] [pid:39944] [zcode-host] [rpc:listen] zcode-agent.onAgentRuntimeLifecycle subscribed
[2026-09-28 11:41:33.767] [pid:32100] [main] [host-log] (local-1) [host] [2026-09-28 11:41:33.764] [pid:39944] [zcode-host] [rpc:call] zcode-agent.helloConversationV4 OK (0.1ms)
[2026-09-28 11:41:33.768] [pid:32100] [main] [host-log] (local-1) [host] [2026-09-28 11:41:33.764] [pid:39944] [zcode-host] [rpc:call] zcode-task.listPinnedTaskIds OK (0.1ms)
[2026-09-28 11:41:33.768] [pid:32100] [main] [host-log] (local-1) [host] [2026-09-28 11:41:33.764] [pid:39944] [zcode-host] [rpc:call] zcode-task.listArchivedTasks OK (0.1ms)
[2026-09-28 11:41:33.769] [pid:32100] [main] [host-log] (local-1) [host] [2026-09-28 11:41:33.765] [pid:39944] [zcode-host] [rpc:call] zcode-task.listTasks OK (0.1ms)
[Z1 child] [2026-09-28 11:41:33.763] [pid:39944] [settingService] read result: {"recentProjects":[],"locale":"zh-CN","localePreference":"en-US","terminalInheritSystemProfile":true,"embeddedBrowserAllowInsecureCertificates":false,"embeddedBrowserViewportPreference":{"mode":"normal","viewport":{"width":393,"height":852},"zoom":"fit"},"computerUseComposerEntryHidden":true,"taskAutoArchiveEnabled":false,"taskAutoArchiveOlderThanDays":7,"closeToTrayOnWindows":false,"closeToTrayOnWindowsMigrationInitialized":true,"keepAwakeWhileRunning":false,"desktopChromiumHardwareAccelerationEnabled":true,"messageStreamShowReasoning":true,"messageStreamShowReasoningMigrationInitialized":true,"messageStreamShowTodos":false,"toolGroupingExploreEnabled":true,"toolGroupingTerminalEnabled":true,"toolGroupingChangesEnabled":false,"zcodeInteractionBehavior":"queue","askUserQuestionAutoResolutionEnabled":false,"modelIoFullRetentionEnabled":false,"startPlanRecommendationDismissed":false,"providerFamilyConnectionSelections":{},"providerFamilyDomain":"zai","providerFamilyDomainMigrated":true,"nativeSearchEnhancementsEnabled":true,"memoryEnabled":false,"lastWorkspaceSession":[],"lastActiveTabIndex":0,"receivePreviewUpdates":false,"autoDownloadAndInstallUpdates":false,"skippedElectronUpdateVersions":{}}
[2026-09-28 11:41:33.764] [pid:39944] [zcode-host] [rpc:call] setting.get OK (2.0ms)
[2026-09-28 11:41:33.764] [pid:39944] [zcode-host] [rpc:listen] zcode-agent.onDynamicSessionsIndexFrame subscribed
[2026-09-28 11:41:33.764] [pid:39944] [zcode-host] [rpc:listen] zcode-agent.onAgentRuntimeLifecycle subscribed
[2026-09-28 11:41:33.764] [pid:39944] [zcode-host] [rpc:call] zcode-agent.helloConversationV4 OK (0.1ms)
[2026-09-28 11:41:33.764] [pid:39944] [zcode-host] [rpc:call] zcode-task.listPinnedTaskIds OK (0.1ms)
[2026-09-28 11:41:33.764] [pid:39944] [zcode-host] [rpc:call] zcode-task.listArchivedTasks OK (0.1ms)
[2026-09-28 11:41:33.765] [pid:39944] [zcode-host] [rpc:call] zcode-task.listTasks OK (0.1ms)
[2026-09-28 11:41:33.765] [pid:39944] [zcode-host] [rpc:call] zcode-task.listPinnedTasks OK (0.1ms)
[2026-09-28 11:41:33.765] [pid:39944] [zcode-host] [rpc:call] zcode-task.listDeletedTaskIds OK (0.1ms)
[2026-09-28 11:41:33.765] [pid:39944] [zcode-host] [rpc:listen] zcode-task.onDynamicWorkspaceEvent subscribed
[2026-09-28 11:41:33.768] [pid:39944] [zcode-host] [rpc:listen] zcode-agent.onAgentRuntimeLifecycle subscribed
[2026-09-28 11:41:33.769] [pid:39944] [zcode-host] [rpc:call] subagents.list OK (2.7ms)
[2026-09-28 11:41:33.769] [pid:39944] [zcode-host] [rpc:call] system.info OK (0.0ms)
[2026-09-28 11:41:33.770] [pid:32100] [main] [host-log] (local-1) [host] [2026-09-28 11:41:33.765] [pid:39944] [zcode-host] [rpc:call] zcode-task.listPinnedTasks OK (0.1ms)
[2026-09-28 11:41:33.771] [pid:32100] [main] [host-log] (local-1) [host] [2026-09-28 11:41:33.765] [pid:39944] [zcode-host] [rpc:call] zcode-task.listDeletedTaskIds OK (0.1ms)
[2026-09-28 11:41:33.771] [pid:32100] [main] [host-log] (local-1) [host] [2026-09-28 11:41:33.765] [pid:39944] [zcode-host] [rpc:listen] zcode-task.onDynamicWorkspaceEvent subscribed
[2026-09-28 11:41:33.772] [pid:32100] [main] [host-log] (local-1) [host] [2026-09-28 11:41:33.768] [pid:39944] [zcode-host] [rpc:listen] zcode-agent.onAgentRuntimeLifecycle subscribed
[2026-09-28 11:41:33.773] [pid:32100] [main] [host-log] (local-1) [host] [2026-09-28 11:41:33.769] [pid:39944] [zcode-host] [rpc:call] subagents.list OK (2.7ms)
[2026-09-28 11:41:33.773] [pid:32100] [main] [host-log] (local-1) [host] [2026-09-28 11:41:33.769] [pid:39944] [zcode-host] [rpc:call] system.info OK (0.0ms)
[2026-09-28 11:41:33.774] [pid:32100] [main] [host-log] (local-1) [host] [2026-09-28 11:41:33.769] [pid:39944] [zcode-host] [rpc:listen] model-selection.onDidChange subscribed
[2026-09-28 11:41:33.775] [pid:32100] [main] [host-log] (local-1) [host] [2026-09-28 11:41:33.770] [pid:39944] [zcode-host] [rpc:listen] model-selection.onDidChange subscribed
[2026-09-28 11:41:33.775] [pid:32100] [main] [host-log] (local-1) [host] [2026-09-28 11:41:33.770] [pid:39944] [zcode-host] [rpc:call] model-selection.getView OK (0.7ms)
[Z1 child] [2026-09-28 11:41:33.769] [pid:39944] [zcode-host] [rpc:listen] model-selection.onDidChange subscribed
[2026-09-28 11:41:33.770] [pid:39944] [zcode-host] [rpc:listen] model-selection.onDidChange subscribed
[2026-09-28 11:41:33.770] [pid:39944] [zcode-host] [rpc:call] model-selection.getView OK (0.7ms)
[2026-09-28 11:41:33.771] [pid:39944] [zcode-host] [rpc:call] model-selection.getView OK (0.9ms)
[2026-09-28 11:41:33.771] [pid:39944] [zcode-host] [rpc:listen] zcode-agent.onDynamicConversationTelemetryFact subscribed
[2026-09-28 11:41:33.772] [pid:39944] [zcode-host] [rpc:call] off-peak-task.list OK (0.2ms)
[2026-09-28 11:41:33.776] [pid:32100] [main] [host-log] (local-1) [host] [2026-09-28 11:41:33.771] [pid:39944] [zcode-host] [rpc:call] model-selection.getView OK (0.9ms)
[2026-09-28 11:41:33.777] [pid:32100] [main] [host-log] (local-1) [host] [2026-09-28 11:41:33.771] [pid:39944] [zcode-host] [rpc:listen] zcode-agent.onDynamicConversationTelemetryFact subscribed
[2026-09-28 11:41:33.778] [pid:32100] [main] [host-log] (local-1) [host] [2026-09-28 11:41:33.772] [pid:39944] [zcode-host] [rpc:call] off-peak-task.list OK (0.2ms)
[2026-09-28 11:41:33.783] [pid:32100] [main] [host-log] (local-1) [host] [2026-09-28 11:41:33.781] [pid:39944] [zcode-host] [rpc:call] settings-sync.getFirstRunPromptState OK (0.6ms)
[Z1 child] [2026-09-28 11:41:33.781] [pid:39944] [settingService] reading settings from: C:\Users\USER\Desktop\Personal\ZCode\.tmp\z1-native-1790566888278-3b5c94\home\.zcode\v2\setting.json
[2026-09-28 11:41:33.781] [pid:39944] [settingService] read result: {"recentProjects":[],"locale":"zh-CN","localePreference":"en-US","terminalInheritSystemProfile":true,"embeddedBrowserAllowInsecureCertificates":false,"embeddedBrowserViewportPreference":{"mode":"normal","viewport":{"width":393,"height":852},"zoom":"fit"},"computerUseComposerEntryHidden":true,"taskAutoArchiveEnabled":false,"taskAutoArchiveOlderThanDays":7,"closeToTrayOnWindows":false,"closeToTrayOnWindowsMigrationInitialized":true,"keepAwakeWhileRunning":false,"desktopChromiumHardwareAccelerationEnabled":true,"messageStreamShowReasoning":true,"messageStreamShowReasoningMigrationInitialized":true,"messageStreamShowTodos":false,"toolGroupingExploreEnabled":true,"toolGroupingTerminalEnabled":true,"toolGroupingChangesEnabled":false,"zcodeInteractionBehavior":"queue","askUserQuestionAutoResolutionEnabled":false,"modelIoFullRetentionEnabled":false,"startPlanRecommendationDismissed":false,"providerFamilyConnectionSelections":{},"providerFamilyDomain":"zai","providerFamilyDomainMigrated":true,"nativeSearchEnhancementsEnabled":true,"memoryEnabled":false,"lastWorkspaceSession":[],"lastActiveTabIndex":0,"receivePreviewUpdates":false,"autoDownloadAndInstallUpdates":false,"skippedElectronUpdateVersions":{}}
[2026-09-28 11:41:33.781] [pid:39944] [zcode-host] [rpc:call] settings-sync.getFirstRunPromptState OK (0.6ms)
[2026-09-28 11:41:33.789] [pid:32100] [main] [community] failed to fetch remote config: ZodError: [
  {
    "expected": "object",
    "code": "invalid_type",
    "path": [
      "data",
      "configs",
      "feedbackUrl"
    ],
    "message": "Invalid input: expected object, received undefined"
  }
]
    at file:///C:/Users/USER/Desktop/Personal/ZCode/packages/desktop/out/main/chunk-CUCX7L4D.js:64:122510
    at process.processTicksAndRejections (node:internal/process/task_queues:104:5)
    at async file:///C:/Users/USER/Desktop/Personal/ZCode/packages/desktop/out/main/chunk-CUCX7L4D.js:64:122616
    at async resolveCommunityUrl (file:///C:/Users/USER/Desktop/Personal/ZCode/packages/desktop/out/main/index.js:606:21172)
    at async file:///C:/Users/USER/Desktop/Personal/ZCode/packages/desktop/out/main/index.js:1337:10297
    at async Session.<anonymous> (node:electron/js2c/browser_init:2:116791)
[Z1 child] [2026-09-28 11:41:33.804] [pid:39944] [settingService] reading settings from: C:\Users\USER\Desktop\Personal\ZCode\.tmp\z1-native-1790566888278-3b5c94\home\.zcode\v2\setting.json
[Z1 child] [2026-09-28 11:41:33.805] [pid:39944] [settingService] read result: {"recentProjects":[],"locale":"zh-CN","localePreference":"en-US","terminalInheritSystemProfile":true,"embeddedBrowserAllowInsecureCertificates":false,"embeddedBrowserViewportPreference":{"mode":"normal","viewport":{"width":393,"height":852},"zoom":"fit"},"computerUseComposerEntryHidden":true,"taskAutoArchiveEnabled":false,"taskAutoArchiveOlderThanDays":7,"closeToTrayOnWindows":false,"closeToTrayOnWindowsMigrationInitialized":true,"keepAwakeWhileRunning":false,"desktopChromiumHardwareAccelerationEnabled":true,"messageStreamShowReasoning":true,"messageStreamShowReasoningMigrationInitialized":true,"messageStreamShowTodos":false,"toolGroupingExploreEnabled":true,"toolGroupingTerminalEnabled":true,"toolGroupingChangesEnabled":false,"zcodeInteractionBehavior":"queue","askUserQuestionAutoResolutionEnabled":false,"modelIoFullRetentionEnabled":false,"startPlanRecommendationDismissed":false,"providerFamilyConnectionSelections":{},"providerFamilyDomain":"zai","providerFamilyDomainMigrated":true,"nativeSearchEnhancementsEnabled":true,"memoryEnabled":false,"lastWorkspaceSession":[],"lastActiveTabIndex":0,"receivePreviewUpdates":false,"autoDownloadAndInstallUpdates":false,"skippedElectronUpdateVersions":{}}
[Z1 child] [2026-09-28 11:41:33.805] [pid:39944] [settingService] writing settings to: C:\Users\USER\Desktop\Personal\ZCode\.tmp\z1-native-1790566888278-3b5c94\home\.zcode\v2\setting.json {"recentProjects":[],"locale":"zh-CN","localePreference":"en-US","terminalInheritSystemProfile":true,"embeddedBrowserAllowInsecureCertificates":false,"embeddedBrowserViewportPreference":{"mode":"normal","viewport":{"width":393,"height":852},"zoom":"fit"},"computerUseComposerEntryHidden":true,"taskAutoArchiveEnabled":false,"taskAutoArchiveOlderThanDays":7,"closeToTrayOnWindows":false,"closeToTrayOnWindowsMigrationInitialized":true,"keepAwakeWhileRunning":false,"desktopChromiumHardwareAccelerationEnabled":true,"messageStreamShowReasoning":true,"messageStreamShowReasoningMigrationInitialized":true,"messageStreamShowTodos":false,"toolGroupingExploreEnabled":true,"toolGroupingTerminalEnabled":true,"toolGroupingChangesEnabled":false,"zcodeInteractionBehavior":"queue","askUserQuestionAutoResolutionEnabled":false,"modelIoFullRetentionEnabled":false,"startPlanRecommendationDismissed":false,"providerFamilyConnectionSelections":{},"providerFamilyDomain":"zai","providerFamilyDomainMigrated":true,"nativeSearchEnhancementsEnabled":true,"memoryEnabled":false,"lastWorkspaceSession":[{"kind":"local","workspacePath":"C:\\Users\\USER\\Desktop\\Personal\\ZCode\\.tmp\\z1-native-1790566888278-3b5c94\\workspace","workspacePurpose":"project"},{"kind":"local","workspacePath":"C:\\Users\\USER\\Desktop\\Personal\\ZCode\\.tmp\\z1-native-1790566888278-3b5c94\\data\\.zcode\\workspace\\default","workspacePurpose":"conversation"}],"lastActiveTabIndex":0,"receivePreviewUpdates":false,"autoDownloadAndInstallUpdates":false,"skippedElectronUpdateVersions":{}}
[2026-09-28 11:41:33.806] [pid:32100] [main] [host-log] (local-1) [host] [2026-09-28 11:41:33.805] [pid:39944] [settingService] writing settings to: C:\Users\USER\Desktop\Personal\ZCode\.tmp\z1-native-1790566888278-3b5c94\home\.zcode\v2\setting.json {"recentProjects":[],"locale":"zh-CN","localePreference":"en-US","terminalInheritSystemProfile":true,"embeddedBrowserAllowInsecureCertificates":false,"embeddedBrowserViewportPreference":{"mode":"normal","viewport":{"width":393,"height":852},"zoom":"fit"},"computerUseComposerEntryHidden":true,"taskAutoArchiveEnabled":false,"taskAutoArchiveOlderThanDays":7,"closeToTrayOnWindows":false,"closeToTrayOnWindowsMigrationInitialized":true,"keepAwakeWhileRunning":false,"desktopChromiumHardwareAccelerationEnabled":true,"messageStreamShowReasoning":true,"messageStreamShowReasoningMigrationInitialized":true,"messageStreamShowTodos":false,"toolGroupingExploreEnabled":true,"toolGroupingTerminalEnabled":true,"toolGroupingChangesEnabled":false,"zcodeInteractionBehavior":"queue","askUserQuestionAutoResolutionEnabled":false,"modelIoFullRetentionEnabled":false,"startPlanRecommendationDismissed":false,"providerFamilyConnectionSelections":{},"providerFamilyDomain":"zai","providerFamilyDomainMigrated":true,"nativeSearchEnhancementsEnabled":true,"memoryEnabled":false,"lastWorkspaceSession":[{"kind":"local","workspacePath":"C:\\Users\\USER\\Desktop\\Personal\\ZCode\\.tmp\\z1-native-1790566888278-3b5c94\\workspace","workspacePurpose":"project"},{"kind":"local","workspacePath":"C:\\Users\\USER\\Desktop\\Personal\\ZCode\\.tmp\\z1-native-1790566888278-3b5c94\\data\\.zcode\\workspace\\default","workspacePurpose":"conversation"}],"lastActiveTabIndex":0,"receivePreviewUpdates":false,"autoDownloadAndInstallUpdates":false,"skippedElectronUpdateVersions":{}}
[Z1 child] [2026-09-28 11:41:33.809] [pid:39944] [zcode-host] [rpc:call] window-controller.listTaskList OK (0.0ms)
[2026-09-28 11:41:33.810] [pid:32100] [main] [host-log] (local-1) [host] [2026-09-28 11:41:33.809] [pid:39944] [zcode-host] [rpc:call] window-controller.listTaskList OK (0.0ms)
[Z1 child] [2026-09-28 11:41:33.810] [pid:39944] [settingService] write done
[2026-09-28 11:41:33.811] [pid:32100] [main] [host-log] (local-1) [host] [2026-09-28 11:41:33.810] [pid:39944] [settingService] write done
[2026-09-28 11:41:33.812] [pid:32100] [main] [host-log] (local-1) [host] [2026-09-28 11:41:33.811] [pid:39944] [zcode-host] [rpc:call] setting.update OK (8.3ms)
[Z1 child] [2026-09-28 11:41:33.811] [pid:39944] [zcode-host] [rpc:call] setting.update OK (8.3ms)
[2026-09-28 11:41:33.811] [pid:39944] [zcode-host] [rpc:call] zcode-agent.initializeConversationV4 OK (0.5ms)
[2026-09-28 11:41:33.813] [pid:32100] [main] [host-log] (local-1) [host] [2026-09-28 11:41:33.811] [pid:39944] [zcode-host] [rpc:call] zcode-agent.initializeConversationV4 OK (0.5ms)
[Z1 child] [2026-09-28 11:41:33.832] [pid:39944] [zcode-host] [rpc:call] settings-sync.detect OK (0.2ms)
[2026-09-28 11:41:33.832] [pid:32100] [main] [host-log] (local-1) [host] [2026-09-28 11:41:33.832] [pid:39944] [zcode-host] [rpc:call] settings-sync.detect OK (0.2ms)
[Z1 child] [2026-09-28 11:41:33.832] [pid:39944] [zcode-host] [rpc:listen] model-selection.onDidChange subscribed
[2026-09-28 11:41:33.832] [pid:39944] [zcode-agent-service] 开始请求 ZCode Protocol workspace/readPresentation {
  workspaceKey: 'C:\\Users\\USER\\Desktop\\Personal\\ZCode\\.tmp\\z1-native-1790566888278-3b5c94\\workspace',
  workspacePath: 'C:\\Users\\USER\\Desktop\\Personal\\ZCode\\.tmp\\z1-native-1790566888278-3b5c94\\workspace'
}
[2026-09-28 11:41:33.833] [pid:32100] [main] [host-log] (local-1) [host] [2026-09-28 11:41:33.832] [pid:39944] [zcode-host] [rpc:listen] model-selection.onDidChange subscribed
[2026-09-28 11:41:33.834] [pid:32100] [main] [host-log] (local-1) [host] [2026-09-28 11:41:33.832] [pid:39944] [zcode-agent-service] 开始请求 ZCode Protocol workspace/readPresentation {"workspaceKey":"C:\\Users\\USER\\Desktop\\Personal\\ZCode\\.tmp\\z1-native-1790566888278-3b5c94\\workspace","workspacePath":"C:\\Users\\USER\\Desktop\\Personal\\ZCode\\.tmp\\z1-native-1790566888278-3b5c94\\workspace"}
[2026-09-28 11:41:33.835] [pid:32100] [main] [host-log] (local-1) [host] [2026-09-28 11:41:33.833] [pid:39944] [zcode-host] [rpc:call] model-selection.getView OK (1.1ms)
[Z1 child] [2026-09-28 11:41:33.833] [pid:39944] [zcode-host] [rpc:call] model-selection.getView OK (1.1ms)
[Z1 child] [2026-09-28 11:41:33.838] [pid:39944] [settingService] reading settings from: C:\Users\USER\Desktop\Personal\ZCode\.tmp\z1-native-1790566888278-3b5c94\home\.zcode\v2\setting.json
[Z1 child] [2026-09-28 11:41:33.838] [pid:39944] [settingService] read result: {"recentProjects":[],"locale":"zh-CN","localePreference":"en-US","terminalInheritSystemProfile":true,"embeddedBrowserAllowInsecureCertificates":false,"embeddedBrowserViewportPreference":{"mode":"normal","viewport":{"width":393,"height":852},"zoom":"fit"},"computerUseComposerEntryHidden":true,"taskAutoArchiveEnabled":false,"taskAutoArchiveOlderThanDays":7,"closeToTrayOnWindows":false,"closeToTrayOnWindowsMigrationInitialized":true,"keepAwakeWhileRunning":false,"desktopChromiumHardwareAccelerationEnabled":true,"messageStreamShowReasoning":true,"messageStreamShowReasoningMigrationInitialized":true,"messageStreamShowTodos":false,"toolGroupingExploreEnabled":true,"toolGroupingTerminalEnabled":true,"toolGroupingChangesEnabled":false,"zcodeInteractionBehavior":"queue","askUserQuestionAutoResolutionEnabled":false,"modelIoFullRetentionEnabled":false,"startPlanRecommendationDismissed":false,"providerFamilyConnectionSelections":{},"providerFamilyDomain":"zai","providerFamilyDomainMigrated":true,"nativeSearchEnhancementsEnabled":true,"memoryEnabled":false,"lastWorkspaceSession":[{"kind":"local","workspacePath":"C:\\Users\\USER\\Desktop\\Personal\\ZCode\\.tmp\\z1-native-1790566888278-3b5c94\\workspace","workspacePurpose":"project"},{"kind":"local","workspacePath":"C:\\Users\\USER\\Desktop\\Personal\\ZCode\\.tmp\\z1-native-1790566888278-3b5c94\\data\\.zcode\\workspace\\default","workspacePurpose":"conversation"}],"lastActiveTabIndex":0,"receivePreviewUpdates":false,"autoDownloadAndInstallUpdates":false,"skippedElectronUpdateVersions":{}}
[Z1 child] [2026-09-28 11:41:33.838] [pid:39944] [settingService] writing settings to: C:\Users\USER\Desktop\Personal\ZCode\.tmp\z1-native-1790566888278-3b5c94\home\.zcode\v2\setting.json {"recentProjects":[],"locale":"zh-CN","localePreference":"en-US","terminalInheritSystemProfile":true,"embeddedBrowserAllowInsecureCertificates":false,"embeddedBrowserViewportPreference":{"mode":"normal","viewport":{"width":393,"height":852},"zoom":"fit"},"computerUseComposerEntryHidden":true,"taskAutoArchiveEnabled":false,"taskAutoArchiveOlderThanDays":7,"closeToTrayOnWindows":false,"closeToTrayOnWindowsMigrationInitialized":true,"keepAwakeWhileRunning":false,"desktopChromiumHardwareAccelerationEnabled":true,"messageStreamShowReasoning":true,"messageStreamShowReasoningMigrationInitialized":true,"messageStreamShowTodos":false,"toolGroupingExploreEnabled":true,"toolGroupingTerminalEnabled":true,"toolGroupingChangesEnabled":false,"zcodeInteractionBehavior":"queue","askUserQuestionAutoResolutionEnabled":false,"modelIoFullRetentionEnabled":false,"startPlanRecommendationDismissed":false,"providerFamilyConnectionSelections":{},"providerFamilyDomain":"zai","providerFamilyDomainMigrated":true,"nativeSearchEnhancementsEnabled":true,"memoryEnabled":false,"lastWorkspaceSession":[{"kind":"local","workspacePath":"C:\\Users\\USER\\Desktop\\Personal\\ZCode\\.tmp\\z1-native-1790566888278-3b5c94\\workspace","workspacePurpose":"project"},{"kind":"local","workspacePath":"C:\\Users\\USER\\Desktop\\Personal\\ZCode\\.tmp\\z1-native-1790566888278-3b5c94\\data\\.zcode\\workspace\\default","workspacePurpose":"conversation"}],"lastActiveTabIndex":0,"receivePreviewUpdates":false,"autoDownloadAndInstallUpdates":false,"skippedElectronUpdateVersions":{},"settingsSyncFirstRunPromptHandled":true}
[2026-09-28 11:41:33.839] [pid:32100] [main] [host-log] (local-1) [host] [2026-09-28 11:41:33.838] [pid:39944] [settingService] writing settings to: C:\Users\USER\Desktop\Personal\ZCode\.tmp\z1-native-1790566888278-3b5c94\home\.zcode\v2\setting.json {"recentProjects":[],"locale":"zh-CN","localePreference":"en-US","terminalInheritSystemProfile":true,"embeddedBrowserAllowInsecureCertificates":false,"embeddedBrowserViewportPreference":{"mode":"normal","viewport":{"width":393,"height":852},"zoom":"fit"},"computerUseComposerEntryHidden":true,"taskAutoArchiveEnabled":false,"taskAutoArchiveOlderThanDays":7,"closeToTrayOnWindows":false,"closeToTrayOnWindowsMigrationInitialized":true,"keepAwakeWhileRunning":false,"desktopChromiumHardwareAccelerationEnabled":true,"messageStreamShowReasoning":true,"messageStreamShowReasoningMigrationInitialized":true,"messageStreamShowTodos":false,"toolGroupingExploreEnabled":true,"toolGroupingTerminalEnabled":true,"toolGroupingChangesEnabled":false,"zcodeInteractionBehavior":"queue","askUserQuestionAutoResolutionEnabled":false,"modelIoFullRetentionEnabled":false,"startPlanRecommendationDismissed":false,"providerFamilyConnectionSelections":{},"providerFamilyDomain":"zai","providerFamilyDomainMigrated":true,"nativeSearchEnhancementsEnabled":true,"memoryEnabled":false,"lastWorkspaceSession":[{"kind":"local","workspacePath":"C:\\Users\\USER\\Desktop\\Personal\\ZCode\\.tmp\\z1-native-1790566888278-3b5c94\\workspace","workspacePurpose":"project"},{"kind":"local","workspacePath":"C:\\Users\\USER\\Desktop\\Personal\\ZCode\\.tmp\\z1-native-1790566888278-3b5c94\\data\\.zcode\\workspace\\default","workspacePurpose":"conversation"}],"lastActiveTabIndex":0,"receivePreviewUpdates":false,"autoDownloadAndInstallUpdates":false,"skippedElectronUpdateVersions":{},"settingsSyncFirstRunPromptHandled":true}
[Z1 child] [2026-09-28 11:41:33.843] [pid:39944] [settingService] write done
[2026-09-28 11:41:33.843] [pid:39944] [zcode-host] [rpc:call] settings-sync.markFirstRunPromptHandled OK (5.4ms)
[2026-09-28 11:41:33.843] [pid:32100] [main] [host-log] (local-1) [host] [2026-09-28 11:41:33.843] [pid:39944] [settingService] write done
[2026-09-28 11:41:33.844] [pid:32100] [main] [host-log] (local-1) [host] [2026-09-28 11:41:33.843] [pid:39944] [zcode-host] [rpc:call] settings-sync.markFirstRunPromptHandled OK (5.4ms)
[Z1 child] [2026-09-28 11:41:33.940] [pid:39944] [zcode-host] [rpc:call] git.refresh OK (167.7ms)
[2026-09-28 11:41:33.941] [pid:32100] [main] [host-log] (local-1) [host] [2026-09-28 11:41:33.940] [pid:39944] [zcode-host] [rpc:call] git.refresh OK (167.7ms)
[Z1 child] [2026-09-28 11:41:33.949] [pid:39944] [zcode-host] [rpc:call] system.info OK (0.0ms)
[2026-09-28 11:41:33.950] [pid:32100] [main] [host-log] (local-1) [host] [2026-09-28 11:41:33.949] [pid:39944] [zcode-host] [rpc:call] system.info OK (0.0ms)
[2026-09-28 11:41:33.951] [pid:32100] [main] [host-log] (local-1) [host] [2026-09-28 11:41:33.950] [pid:39944] [zcode-host] [rpc:call] file-watcher.watch OK (0.8ms)
[Z1 child] [2026-09-28 11:41:33.950] [pid:39944] [zcode-host] [rpc:call] file-watcher.watch OK (0.8ms)
[Z1 child] [2026-09-28 11:41:33.952] [pid:39944] [zcode-host] [rpc:call] file-watcher.watch OK (1.0ms)
[2026-09-28 11:41:33.952] [pid:32100] [main] [host-log] (local-1) [host] [2026-09-28 11:41:33.952] [pid:39944] [zcode-host] [rpc:call] file-watcher.watch OK (1.0ms)
[Z1 child] [2026-09-28 11:41:33.953] [pid:39944] [zcode-host] [rpc:listen] file-watcher.onDynamicChange subscribed
[2026-09-28 11:41:33.953] [pid:39944] [zcode-host] [rpc:listen] file-watcher.onDynamicChange subscribed
[2026-09-28 11:41:33.954] [pid:32100] [main] [host-log] (local-1) [host] [2026-09-28 11:41:33.953] [pid:39944] [zcode-host] [rpc:listen] file-watcher.onDynamicChange subscribed
[Z1 child] [2026-09-28 11:41:33.954] [pid:39944] [zcode-host] [rpc:call] file-watcher.unwatch OK (0.1ms)
[2026-09-28 11:41:33.954] [pid:39944] [zcode-host] [rpc:call] file-watcher.unwatch OK (0.0ms)
[2026-09-28 11:41:33.955] [pid:32100] [main] [host-log] (local-1) [host] [2026-09-28 11:41:33.953] [pid:39944] [zcode-host] [rpc:listen] file-watcher.onDynamicChange subscribed
[2026-09-28 11:41:33.956] [pid:32100] [main] [host-log] (local-1) [host] [2026-09-28 11:41:33.954] [pid:39944] [zcode-host] [rpc:call] file-watcher.unwatch OK (0.1ms)
[2026-09-28 11:41:33.956] [pid:32100] [main] [host-log] (local-1) [host] [2026-09-28 11:41:33.954] [pid:39944] [zcode-host] [rpc:call] file-watcher.unwatch OK (0.0ms)
[2026-09-28 11:41:33.957] [pid:32100] [main] [host-log] (local-1) [host] [2026-09-28 11:41:33.955] [pid:39944] [zcode-host] [rpc:call] file-watcher.watch OK (0.7ms)
[2026-09-28 11:41:33.958] [pid:32100] [main] [host-log] (local-1) [host] [2026-09-28 11:41:33.956] [pid:39944] [zcode-host] [rpc:call] file-watcher.watch OK (1.4ms)
[2026-09-28 11:41:33.959] [pid:32100] [main] [host-log] (local-1) [host] [2026-09-28 11:41:33.957] [pid:39944] [zcode-host] [rpc:call] file-watcher.watch OK (1.1ms)
[Z1 child] [2026-09-28 11:41:33.955] [pid:39944] [zcode-host] [rpc:call] file-watcher.watch OK (0.7ms)
[2026-09-28 11:41:33.956] [pid:39944] [zcode-host] [rpc:call] file-watcher.watch OK (1.4ms)
[2026-09-28 11:41:33.957] [pid:39944] [zcode-host] [rpc:call] file-watcher.watch OK (1.1ms)
[2026-09-28 11:41:33.958] [pid:39944] [zcode-host] [rpc:listen] file-watcher.onDynamicChange subscribed
[2026-09-28 11:41:33.958] [pid:39944] [zcode-host] [rpc:listen] file-watcher.onDynamicChange subscribed
[2026-09-28 11:41:33.958] [pid:39944] [zcode-host] [rpc:listen] file-watcher.onDynamicChange subscribed
[2026-09-28 11:41:33.960] [pid:32100] [main] [host-log] (local-1) [host] [2026-09-28 11:41:33.958] [pid:39944] [zcode-host] [rpc:listen] file-watcher.onDynamicChange subscribed
[2026-09-28 11:41:33.961] [pid:32100] [main] [host-log] (local-1) [host] [2026-09-28 11:41:33.958] [pid:39944] [zcode-host] [rpc:listen] file-watcher.onDynamicChange subscribed
[2026-09-28 11:41:33.962] [pid:32100] [main] [host-log] (local-1) [host] [2026-09-28 11:41:33.958] [pid:39944] [zcode-host] [rpc:listen] file-watcher.onDynamicChange subscribed
[Z1 child] [2026-09-28 11:41:34.160] [pid:39944] [zcode-host] [rpc:call] zcode-agent.subscribeSessionsIndexV4 OK (322.8ms)
[2026-09-28 11:41:34.160] [pid:32100] [main] [host-log] (local-1) [host] [2026-09-28 11:41:34.160] [pid:39944] [zcode-host] [rpc:call] zcode-agent.subscribeSessionsIndexV4 OK (322.8ms)
[2026-09-28 11:41:34.161] [pid:32100] [main] [host-log] (local-1) [host] [2026-09-28 11:41:34.160] [pid:39944] [zcode-host] [rpc:call] window-controller.listTaskList OK (398.3ms)
[2026-09-28 11:41:34.162] [pid:32100] [main] [host-log] (local-1) [host] [2026-09-28 11:41:34.160] [pid:39944] [zcode-host] [rpc:call] window-controller.listTaskList OK (350.6ms)
[2026-09-28 11:41:34.162] [pid:32100] [main] [host-log] (local-1) [host] [2026-09-28 11:41:34.160] [pid:39944] [zcode-agent-service] 为只读会话控制面启动 ZCode agent {"workspaceKey":"C:\\Users\\USER\\Desktop\\Personal\\ZCode\\.tmp\\z1-native-1790566888278-3b5c94\\workspace","workspacePath":"C:\\Users\\USER\\Desktop\\Personal\\ZCode\\.tmp\\z1-native-1790566888278-3b5c94\\workspace"}
[2026-09-28 11:41:34.164] [pid:32100] [main] [stability] perf_agent_ready reported {
  pid: 39472,
  runtimeGeneration: 1,
  runtimeInstanceId: 'agent-fb0633b5-df5e-45ff-860c-a2ae07868462',
  startupDurationMs: 670
}
[2026-09-28 11:41:34.164] [pid:32100] [main] [host-log] (local-1) [host] [2026-09-28 11:41:34.161] [pid:39944] [zcode-agent-service] provider/model 就绪，允许 ZCode agent 模型执行 {"modelId":"z1-fixture","providerId":"z1-local-fixture","revision":"model-selection:1","workspaceKey":"C:\\Users\\USER\\Desktop\\Personal\\ZCode\\.tmp\\z1-native-1790566888278-3b5c94\\workspace","workspacePath":"C:\\Users\\USER\\Desktop\\Personal\\ZCode\\.tmp\\z1-native-1790566888278-3b5c94\\workspace"}
[2026-09-28 11:41:34.165] [pid:32100] [main] [host-log] (local-1) [host] [2026-09-28 11:41:34.161] [pid:39944] [zcode-agent-service] provider/model 就绪，允许 ZCode agent 模型执行 {"modelId":"z1-fixture","providerId":"z1-local-fixture","revision":"model-selection:1","workspaceKey":"C:\\Users\\USER\\Desktop\\Personal\\ZCode\\.tmp\\z1-native-1790566888278-3b5c94\\workspace","workspacePath":"C:\\Users\\USER\\Desktop\\Personal\\ZCode\\.tmp\\z1-native-1790566888278-3b5c94\\workspace"}
[2026-09-28 11:41:34.166] [pid:32100] [main] [host-log] (local-1) [host] [2026-09-28 11:41:34.161] [pid:39944] [zcode-agent-service] provider/model 就绪，允许 ZCode agent 模型执行 {"modelId":"z1-fixture","providerId":"z1-local-fixture","revision":"model-selection:1","workspaceKey":"C:\\Users\\USER\\Desktop\\Personal\\ZCode\\.tmp\\z1-native-1790566888278-3b5c94\\workspace","workspacePath":"C:\\Users\\USER\\Desktop\\Personal\\ZCode\\.tmp\\z1-native-1790566888278-3b5c94\\workspace"}
[2026-09-28 11:41:34.167] [pid:32100] [main] [host-log] (local-1) [host] [2026-09-28 11:41:34.161] [pid:39944] [zcode-agent-service] ZCode agent 初始化完成 {"durationMs":900,"transportKind":"stdio","workspaceKey":"C:\\Users\\USER\\Desktop\\Personal\\ZCode\\.tmp\\z1-native-1790566888278-3b5c94\\workspace","workspacePath":"C:\\Users\\USER\\Desktop\\Personal\\ZCode\\.tmp\\z1-native-1790566888278-3b5c94\\workspace"}
[2026-09-28 11:41:34.167] [pid:32100] [main] [host-log] (local-1) [host] [2026-09-28 11:41:34.161] [pid:39944] [zcode-host] ZCode agent warmup ready (local host init (1/1)) workspace=C:\Users\USER\Desktop\Personal\ZCode\.tmp\z1-native-1790566888278-3b5c94\workspace transport=stdio
[Z1 child] [2026-09-28 11:41:34.160] [pid:39944] [zcode-host] [rpc:call] window-controller.listTaskList OK (398.3ms)
[2026-09-28 11:41:34.160] [pid:39944] [zcode-host] [rpc:call] window-controller.listTaskList OK (350.6ms)
[2026-09-28 11:41:34.160] [pid:39944] [zcode-agent-service] 为只读会话控制面启动 ZCode agent {
  workspaceKey: 'C:\\Users\\USER\\Desktop\\Personal\\ZCode\\.tmp\\z1-native-1790566888278-3b5c94\\workspace',
  workspacePath: 'C:\\Users\\USER\\Desktop\\Personal\\ZCode\\.tmp\\z1-native-1790566888278-3b5c94\\workspace'
}
[2026-09-28 11:41:34.161] [pid:39944] [zcode-agent-service] provider/model 就绪，允许 ZCode agent 模型执行 {
  modelId: 'z1-fixture',
  providerId: 'z1-local-fixture',
  revision: 'model-selection:1',
  workspaceKey: 'C:\\Users\\USER\\Desktop\\Personal\\ZCode\\.tmp\\z1-native-1790566888278-3b5c94\\workspace',
  workspacePath: 'C:\\Users\\USER\\Desktop\\Personal\\ZCode\\.tmp\\z1-native-1790566888278-3b5c94\\workspace'
}
[2026-09-28 11:41:34.161] [pid:39944] [zcode-agent-service] provider/model 就绪，允许 ZCode agent 模型执行 {
  modelId: 'z1-fixture',
  providerId: 'z1-local-fixture',
  revision: 'model-selection:1',
  workspaceKey: 'C:\\Users\\USER\\Desktop\\Personal\\ZCode\\.tmp\\z1-native-1790566888278-3b5c94\\workspace',
  workspacePath: 'C:\\Users\\USER\\Desktop\\Personal\\ZCode\\.tmp\\z1-native-1790566888278-3b5c94\\workspace'
}
[2026-09-28 11:41:34.161] [pid:39944] [zcode-agent-service] provider/model 就绪，允许 ZCode agent 模型执行 {
  modelId: 'z1-fixture',
  providerId: 'z1-local-fixture',
  revision: 'model-selection:1',
  workspaceKey: 'C:\\Users\\USER\\Desktop\\Personal\\ZCode\\.tmp\\z1-native-1790566888278-3b5c94\\workspace',
  workspacePath: 'C:\\Users\\USER\\Desktop\\Personal\\ZCode\\.tmp\\z1-native-1790566888278-3b5c94\\workspace'
}
[2026-09-28 11:41:34.161] [pid:39944] [zcode-agent-service] ZCode agent 初始化完成 {
  durationMs: 900,
  transportKind: 'stdio',
  workspaceKey: 'C:\\Users\\USER\\Desktop\\Personal\\ZCode\\.tmp\\z1-native-1790566888278-3b5c94\\workspace',
  workspacePath: 'C:\\Users\\USER\\Desktop\\Personal\\ZCode\\.tmp\\z1-native-1790566888278-3b5c94\\workspace'
}
[2026-09-28 11:41:34.161] [pid:39944] [zcode-host] ZCode agent warmup ready (local host init (1/1)) workspace=C:\Users\USER\Desktop\Personal\ZCode\.tmp\z1-native-1790566888278-3b5c94\workspace transport=stdio
[Z1 child] [2026-09-28 11:41:34.184] [pid:39944] [zcode-agent-service] account provider config 已交付到 ZCode agent {
  providerCount: 8,
  reason: 'startup_ready:model_selection_changed',
  receivedRevision: 'account:["zcode-builtin:30:4af9bc559b3046d0b4c537487d4185bb8eeac745d31d92de7f62c55fed99aca4",[{"providerId":"account:zai-individual-coding-plan","config":{"access":{"type":"zhipu-account","entitled":false}}},{"providerId":"account:zai-team-coding-plan","config":{"access":{"type":"zhipu-account","entitled":false}}},{"providerId":"account:zai-start-plan","config":{"access":{"type":"zhipu-account","entitled":false}}},{"providerId":"account:bigmodel-individual-coding-plan","config":{"access":{"type":"zhipu-account","entitled":false}}},{"providerId":"account:bigmodel-team-coding-plan","config":{"access":{"type":"zhipu-account","entitled":false}}},{"providerId":"account:bigmodel-start-plan","config":{"access":{"type":"zhipu-account","entitled":false}}},{"providerId":"account:zai-offpeak-idle-plan","config":{"access":{"type":"zhipu-account","entitled":false}}},{"providerId":"account:bigmodel-offpeak-idle-plan","config":{"access":{"type":"zhipu-account","entitled":false}}}],{"account:zai-individual-coding-plan":{"availability":"unavailable","entitled":false,"unavailableReason":"not-connected","current":false,"connectionKey":"41717a7a173a5e88981ed3b30d6c754715277dce3b302a8e7b1386cdf57b9b4c"},"account:zai-team-coding-plan":{"availability":"unavailable","entitled":false,"unavailableReason":"not-connected","current":false,"connectionKey":"41717a7a173a5e88981ed3b30d6c754715277dce3b302a8e7b1386cdf57b9b4c"},"account:zai-start-plan":{"availability":"unavailable","entitled":false,"unavailableReason":"not-connected","current":false,"connectionKey":"b20a8f39ea1865b9bdbc4f21e0774500034895a93cdf0c737917b6532ebedcea"},"account:bigmodel-individual-coding-plan":{"availability":"unavailable","entitled":false,"unavailableReason":"not-connected","current":false,"connectionKey":"145736c8450a04bf4ba21aee47794f53d87ea79c5dc4cc5b9f27fbf5b6038d53"},"account:bigmodel-team-coding-plan":{"availability":"unavailable","entitled":false,"unavailableReason":"not-connected","current":false,"connectionKey":"145736c8450a04bf4ba21aee47794f53d87ea79c5dc4cc5b9f27fbf5b6038d53"},"account:bigmodel-start-plan":{"availability":"unavailable","entitled":false,"unavailableReason":"not-connected","current":false,"connectionKey":"116fde2fcda0bb10f88164a63caadb0a0ec8611edcf75b35a9924684f9ba84bd"},"account:zai-offpeak-idle-plan":{"availability":"unavailable","entitled":false},"account:bigmodel-offpeak-idle-plan":{"availability":"unavailable","entitled":false}}]',
  status: 'received'
}
[2026-09-28 11:41:34.184] [pid:32100] [main] [host-log] (local-1) [host] [2026-09-28 11:41:34.184] [pid:39944] [zcode-agent-service] account provider config 已交付到 ZCode agent {"providerCount":8,"reason":"startup_ready:model_selection_changed","receivedRevision":"account:[\"zcode-builtin:30:4af9bc559b3046d0b4c537487d4185bb8eeac745d31d92de7f62c55fed99aca4\",[{\"providerId\":\"account:zai-individual-coding-plan\",\"config\":{\"access\":{\"type\":\"zhipu-account\",\"entitled\":false}}},{\"providerId\":\"account:zai-team-coding-plan\",\"config\":{\"access\":{\"type\":\"zhipu-account\",\"entitled\":false}}},{\"providerId\":\"account:zai-start-plan\",\"config\":{\"access\":{\"type\":\"zhipu-account\",\"entitled\":false}}},{\"providerId\":\"account:bigmodel-individual-coding-plan\",\"config\":{\"access\":{\"type\":\"zhipu-account\",\"entitled\":false}}},{\"providerId\":\"account:bigmodel-team-coding-plan\",\"config\":{\"access\":{\"type\":\"zhipu-account\",\"entitled\":false}}},{\"providerId\":\"account:bigmodel-start-plan\",\"config\":{\"access\":{\"type\":\"zhipu-account\",\"entitled\":false}}},{\"providerId\":\"account:zai-offpeak-idle-plan\",\"config\":{\"access\":{\"type\":\"zhipu-account\",\"entitled\":false}}},{\"providerId\":\"account:bigmodel-offpeak-idle-plan\",\"config\":{\"access\":{\"type\":\"zhipu-account\",\"entitled\":false}}}],{\"account:zai-individual-coding-plan\":{\"availability\":\"unavailable\",\"entitled\":false,\"unavailableReason\":\"not-connected\",\"current\":false,\"connectionKey\":\"41717a7a173a5e88981ed3b30d6c754715277dce3b302a8e7b1386cdf57b9b4c\"},\"account:zai-team-coding-plan\":{\"availability\":\"unavailable\",\"entitled\":false,\"unavailableReason\":\"not-connected\",\"current\":false,\"connectionKey\":\"41717a7a173a5e88981ed3b30d6c754715277dce3b302a8e7b1386cdf57b9b4c\"},\"account:zai-start-plan\":{\"availability\":\"unavailable\",\"entitled\":false,\"unavailableReason\":\"not-connected\",\"current\":false,\"connectionKey\":\"b20a8f39ea1865b9bdbc4f21e0774500034895a93cdf0c737917b6532ebedcea\"},\"account:bigmodel-individual-coding-plan\":{\"availability\":\"unavailable\",\"entitled\":false,\"unavailableReason\":\"not-connected\",\"current\":false,\"connectionKey\":\"145736c8450a04bf4ba21aee47794f53d87ea79c5dc4cc5b9f27fbf5b6038d53\"},\"account:bigmodel-team-coding-plan\":{\"availability\":\"unavailable\",\"entitled\":false,\"unavailableReason\":\"not-connected\",\"current\":false,\"connectionKey\":\"145736c8450a04bf4ba21aee47794f53d87ea79c5dc4cc5b9f27fbf5b6038d53\"},\"account:bigmodel-start-plan\":{\"availability\":\"unavailable\",\"entitled\":false,\"unavailableReason\":\"not-connected\",\"current\":false,\"connectionKey\":\"116fde2fcda0bb10f88164a63caadb0a0ec8611edcf75b35a9924684f9ba84bd\"},\"account:zai-offpeak-idle-plan\":{\"availability\":\"unavailable\",\"entitled\":false},\"account:bigmodel-offpeak-idle-plan\":{\"availability\":\"unavailable\",\"entitled\":false}}]","status":"received"}
[2026-09-28 11:41:34.185] [pid:32100] [main] [host-log] (local-1) [host] [2026-09-28 11:41:34.184] [pid:39944] [zcode-agent-service] provider/model 就绪后已启动等待中的 ZCode agent {"providerCount":1,"reason":"model_selection_changed","revision":"model-selection:1","workspaceKey":"C:\\Users\\USER\\Desktop\\Personal\\ZCode\\.tmp\\z1-native-1790566888278-3b5c94\\workspace","workspacePath":"C:\\Users\\USER\\Desktop\\Personal\\ZCode\\.tmp\\z1-native-1790566888278-3b5c94\\workspace"}
[Z1 child] [2026-09-28 11:41:34.184] [pid:39944] [zcode-agent-service] provider/model 就绪后已启动等待中的 ZCode agent {
  providerCount: 1,
  reason: 'model_selection_changed',
  revision: 'model-selection:1',
  workspaceKey: 'C:\\Users\\USER\\Desktop\\Personal\\ZCode\\.tmp\\z1-native-1790566888278-3b5c94\\workspace',
  workspacePath: 'C:\\Users\\USER\\Desktop\\Personal\\ZCode\\.tmp\\z1-native-1790566888278-3b5c94\\workspace'
}
[Z1 child] [2026-09-28 11:41:34.219] [pid:39944] [settingService] reading settings from: C:\Users\USER\Desktop\Personal\ZCode\.tmp\z1-native-1790566888278-3b5c94\home\.zcode\v2\setting.json
[Z1 child] [2026-09-28 11:41:34.219] [pid:39944] [settingService] read result: {"recentProjects":[],"locale":"zh-CN","localePreference":"en-US","terminalInheritSystemProfile":true,"embeddedBrowserAllowInsecureCertificates":false,"embeddedBrowserViewportPreference":{"mode":"normal","viewport":{"width":393,"height":852},"zoom":"fit"},"computerUseComposerEntryHidden":true,"taskAutoArchiveEnabled":false,"taskAutoArchiveOlderThanDays":7,"closeToTrayOnWindows":false,"closeToTrayOnWindowsMigrationInitialized":true,"keepAwakeWhileRunning":false,"desktopChromiumHardwareAccelerationEnabled":true,"messageStreamShowReasoning":true,"messageStreamShowReasoningMigrationInitialized":true,"messageStreamShowTodos":false,"toolGroupingExploreEnabled":true,"toolGroupingTerminalEnabled":true,"toolGroupingChangesEnabled":false,"zcodeInteractionBehavior":"queue","askUserQuestionAutoResolutionEnabled":false,"modelIoFullRetentionEnabled":false,"startPlanRecommendationDismissed":false,"providerFamilyConnectionSelections":{},"providerFamilyDomain":"zai","providerFamilyDomainMigrated":true,"nativeSearchEnhancementsEnabled":true,"memoryEnabled":false,"lastWorkspaceSession":[{"kind":"local","workspacePath":"C:\\Users\\USER\\Desktop\\Personal\\ZCode\\.tmp\\z1-native-1790566888278-3b5c94\\workspace","workspacePurpose":"project"},{"kind":"local","workspacePath":"C:\\Users\\USER\\Desktop\\Personal\\ZCode\\.tmp\\z1-native-1790566888278-3b5c94\\data\\.zcode\\workspace\\default","workspacePurpose":"conversation"}],"lastActiveTabIndex":0,"receivePreviewUpdates":false,"autoDownloadAndInstallUpdates":false,"skippedElectronUpdateVersions":{},"settingsSyncFirstRunPromptHandled":true}
[2026-09-28 11:41:34.220] [pid:32100] [main] [host-log] (local-1) [host] [2026-09-28 11:41:34.219] [pid:39944] [settingService] writing settings to: C:\Users\USER\Desktop\Personal\ZCode\.tmp\z1-native-1790566888278-3b5c94\home\.zcode\v2\setting.json {"recentProjects":[],"locale":"zh-CN","localePreference":"en-US","terminalInheritSystemProfile":true,"embeddedBrowserAllowInsecureCertificates":false,"embeddedBrowserViewportPreference":{"mode":"normal","viewport":{"width":393,"height":852},"zoom":"fit"},"computerUseComposerEntryHidden":true,"taskAutoArchiveEnabled":false,"taskAutoArchiveOlderThanDays":7,"closeToTrayOnWindows":false,"closeToTrayOnWindowsMigrationInitialized":true,"keepAwakeWhileRunning":false,"desktopChromiumHardwareAccelerationEnabled":true,"messageStreamShowReasoning":true,"messageStreamShowReasoningMigrationInitialized":true,"messageStreamShowTodos":false,"toolGroupingExploreEnabled":true,"toolGroupingTerminalEnabled":true,"toolGroupingChangesEnabled":false,"zcodeInteractionBehavior":"queue","askUserQuestionAutoResolutionEnabled":false,"modelIoFullRetentionEnabled":false,"startPlanRecommendationDismissed":false,"providerFamilyConnectionSelections":{},"providerFamilyDomain":"zai","providerFamilyDomainMigrated":true,"nativeSearchEnhancementsEnabled":true,"memoryEnabled":false,"lastWorkspaceSession":[{"kind":"local","workspacePath":"C:\\Users\\USER\\Desktop\\Personal\\ZCode\\.tmp\\z1-native-1790566888278-3b5c94\\workspace","workspacePurpose":"project"},{"kind":"local","workspacePath":"C:\\Users\\USER\\Desktop\\Personal\\ZCode\\.tmp\\z1-native-1790566888278-3b5c94\\data\\.zcode\\workspace\\default","workspacePurpose":"conversation"}],"lastActiveTabIndex":0,"receivePreviewUpdates":false,"autoDownloadAndInstallUpdates":false,"skippedElectronUpdateVersions":{},"settingsSyncFirstRunPromptHandled":true}
[Z1 child] [2026-09-28 11:41:34.219] [pid:39944] [settingService] writing settings to: C:\Users\USER\Desktop\Personal\ZCode\.tmp\z1-native-1790566888278-3b5c94\home\.zcode\v2\setting.json {"recentProjects":[],"locale":"zh-CN","localePreference":"en-US","terminalInheritSystemProfile":true,"embeddedBrowserAllowInsecureCertificates":false,"embeddedBrowserViewportPreference":{"mode":"normal","viewport":{"width":393,"height":852},"zoom":"fit"},"computerUseComposerEntryHidden":true,"taskAutoArchiveEnabled":false,"taskAutoArchiveOlderThanDays":7,"closeToTrayOnWindows":false,"closeToTrayOnWindowsMigrationInitialized":true,"keepAwakeWhileRunning":false,"desktopChromiumHardwareAccelerationEnabled":true,"messageStreamShowReasoning":true,"messageStreamShowReasoningMigrationInitialized":true,"messageStreamShowTodos":false,"toolGroupingExploreEnabled":true,"toolGroupingTerminalEnabled":true,"toolGroupingChangesEnabled":false,"zcodeInteractionBehavior":"queue","askUserQuestionAutoResolutionEnabled":false,"modelIoFullRetentionEnabled":false,"startPlanRecommendationDismissed":false,"providerFamilyConnectionSelections":{},"providerFamilyDomain":"zai","providerFamilyDomainMigrated":true,"nativeSearchEnhancementsEnabled":true,"memoryEnabled":false,"lastWorkspaceSession":[{"kind":"local","workspacePath":"C:\\Users\\USER\\Desktop\\Personal\\ZCode\\.tmp\\z1-native-1790566888278-3b5c94\\workspace","workspacePurpose":"project"},{"kind":"local","workspacePath":"C:\\Users\\USER\\Desktop\\Personal\\ZCode\\.tmp\\z1-native-1790566888278-3b5c94\\data\\.zcode\\workspace\\default","workspacePurpose":"conversation"}],"lastActiveTabIndex":0,"receivePreviewUpdates":false,"autoDownloadAndInstallUpdates":false,"skippedElectronUpdateVersions":{},"settingsSyncFirstRunPromptHandled":true}
[Z1 child] [2026-09-28 11:41:34.224] [pid:39944] [settingService] write done
[2026-09-28 11:41:34.225] [pid:32100] [main] [host-log] (local-1) [host] [2026-09-28 11:41:34.224] [pid:39944] [settingService] write done
[2026-09-28 11:41:34.225] [pid:32100] [main] [host-log] (local-1) [host] [2026-09-28 11:41:34.224] [pid:39944] [zcode-host] [rpc:call] setting.update OK (5.5ms)
[Z1 child] [2026-09-28 11:41:34.224] [pid:39944] [zcode-host] [rpc:call] setting.update OK (5.5ms)
[Z1 child] [2026-09-28 11:41:34.247] [pid:39944] [zcode-agent-service] ZCode Protocol workspace/readPresentation 完成 {
  durationMs: 415,
  slashCommandCount: 4,
  workspaceKey: 'C:\\Users\\USER\\Desktop\\Personal\\ZCode\\.tmp\\z1-native-1790566888278-3b5c94\\workspace',
  workspacePath: 'C:\\Users\\USER\\Desktop\\Personal\\ZCode\\.tmp\\z1-native-1790566888278-3b5c94\\workspace'
}
[2026-09-28 11:41:34.247] [pid:39944] [zcode-host] [rpc:call] zcode-session.readWorkspacePresentation OK (415.3ms)
[2026-09-28 11:41:34.248] [pid:32100] [main] [host-log] (local-1) [host] [2026-09-28 11:41:34.247] [pid:39944] [zcode-agent-service] ZCode Protocol workspace/readPresentation 完成 {"durationMs":415,"slashCommandCount":4,"workspaceKey":"C:\\Users\\USER\\Desktop\\Personal\\ZCode\\.tmp\\z1-native-1790566888278-3b5c94\\workspace","workspacePath":"C:\\Users\\USER\\Desktop\\Personal\\ZCode\\.tmp\\z1-native-1790566888278-3b5c94\\workspace"}
[2026-09-28 11:41:34.249] [pid:32100] [main] [host-log] (local-1) [host] [2026-09-28 11:41:34.247] [pid:39944] [zcode-host] [rpc:call] zcode-session.readWorkspacePresentation OK (415.3ms)
[Z1 child] [2026-09-28 11:41:34.252] [pid:39944] [settingService] reading settings from: C:\Users\USER\Desktop\Personal\ZCode\.tmp\z1-native-1790566888278-3b5c94\home\.zcode\v2\setting.json
[Z1 child] [2026-09-28 11:41:34.252] [pid:39944] [settingService] read result: {"recentProjects":[],"locale":"zh-CN","localePreference":"en-US","terminalInheritSystemProfile":true,"embeddedBrowserAllowInsecureCertificates":false,"embeddedBrowserViewportPreference":{"mode":"normal","viewport":{"width":393,"height":852},"zoom":"fit"},"computerUseComposerEntryHidden":true,"taskAutoArchiveEnabled":false,"taskAutoArchiveOlderThanDays":7,"closeToTrayOnWindows":false,"closeToTrayOnWindowsMigrationInitialized":true,"keepAwakeWhileRunning":false,"desktopChromiumHardwareAccelerationEnabled":true,"messageStreamShowReasoning":true,"messageStreamShowReasoningMigrationInitialized":true,"messageStreamShowTodos":false,"toolGroupingExploreEnabled":true,"toolGroupingTerminalEnabled":true,"toolGroupingChangesEnabled":false,"zcodeInteractionBehavior":"queue","askUserQuestionAutoResolutionEnabled":false,"modelIoFullRetentionEnabled":false,"startPlanRecommendationDismissed":false,"providerFamilyConnectionSelections":{},"providerFamilyDomain":"zai","providerFamilyDomainMigrated":true,"nativeSearchEnhancementsEnabled":true,"memoryEnabled":false,"lastWorkspaceSession":[{"kind":"local","workspacePath":"C:\\Users\\USER\\Desktop\\Personal\\ZCode\\.tmp\\z1-native-1790566888278-3b5c94\\workspace","workspacePurpose":"project"},{"kind":"local","workspacePath":"C:\\Users\\USER\\Desktop\\Personal\\ZCode\\.tmp\\z1-native-1790566888278-3b5c94\\data\\.zcode\\workspace\\default","workspacePurpose":"conversation"}],"lastActiveTabIndex":0,"receivePreviewUpdates":false,"autoDownloadAndInstallUpdates":false,"skippedElectronUpdateVersions":{},"settingsSyncFirstRunPromptHandled":true}
[Z1 child] [2026-09-28 11:41:34.308] [pid:39944] [zcode-host] [rpc:call] zcode-agent.sendConversationCommandV4 OK (470.6ms)
[2026-09-28 11:41:34.308] [pid:32100] [main] [host-log] (local-1) [host] [2026-09-28 11:41:34.308] [pid:39944] [zcode-host] [rpc:call] zcode-agent.sendConversationCommandV4 OK (470.6ms)
[Z1 child] [2026-09-28 11:41:34.311] [pid:39944] [zcode-host] [rpc:listen] zcode-agent.onAgentRuntimeRestarted subscribed
[2026-09-28 11:41:34.311] [pid:32100] [main] [host-log] (local-1) [host] [2026-09-28 11:41:34.311] [pid:39944] [zcode-host] [rpc:listen] zcode-agent.onAgentRuntimeRestarted subscribed
[2026-09-28 11:41:34.312] [pid:32100] [renderer] v4 conversation store connect started {
  event: 'v4.conversation.store.connect.started',
  generation: 1,
  hasBase: false,
  module: 'ui.v4.conversation_projection_store',
  status: 'started',
  topic: 'conversation/sess_61901764-93ff-48c8-856e-50eeabfe2201'
}
[2026-09-28 11:41:34.313] [pid:32100] [renderer] v4 conversation subscription started {
  workspaceKey: 'C:\\Users\\USER\\Desktop\\Personal\\ZCode\\.tmp\\z1-native-1790566888278-3b5c94\\workspace',
  workspacePath: 'C:\\Users\\USER\\Desktop\\Personal\\ZCode\\.tmp\\z1-native-1790566888278-3b5c94\\workspace',
  event: 'v4.conversation.subscribe.started',
  module: 'ui.v4.conversation_transport',
  runtimeGeneration: 0,
  sessionId: 'sess_61901764-93ff-48c8-856e-50eeabfe2201',
  status: 'started',
  topic: 'conversation/sess_61901764-93ff-48c8-856e-50eeabfe2201'
}
[2026-09-28 11:41:34.313] [pid:32100] [renderer] v4 session data lease acquired {
  event: 'v4.session_data.acquire',
  keepWarm: false,
  module: 'ui.v4.session_data_layer',
  openKind: 'cold',
  refCount: 1,
  sessionId: 'sess_61901764-93ff-48c8-856e-50eeabfe2201',
  status: 'completed',
  topic: 'conversation/sess_61901764-93ff-48c8-856e-50eeabfe2201'
}
[Z1 child] [2026-09-28 11:41:34.325] [pid:39944] [zcode-host] [rpc:call] zcode-agent.subscribeConversationV4 OK (10.5ms)
[2026-09-28 11:41:34.325] [pid:32100] [main] [host-log] (local-1) [host] [2026-09-28 11:41:34.325] [pid:39944] [zcode-host] [rpc:call] zcode-agent.subscribeConversationV4 OK (10.5ms)
[2026-09-28 11:41:34.326] [pid:32100] [renderer] v4 conversation subscription acknowledged {
  workspaceKey: 'C:\\Users\\USER\\Desktop\\Personal\\ZCode\\.tmp\\z1-native-1790566888278-3b5c94\\workspace',
  workspacePath: 'C:\\Users\\USER\\Desktop\\Personal\\ZCode\\.tmp\\z1-native-1790566888278-3b5c94\\workspace',
  durationMs: 15,
  event: 'v4.conversation.subscribe.acknowledged',
  module: 'ui.v4.conversation_transport',
  runtimeGeneration: 0,
  sessionId: 'sess_61901764-93ff-48c8-856e-50eeabfe2201',
  status: 'completed',
  subscriptionId: 'sub-mukpapyr-hwtu0ahs-1',
  topic: 'conversation/sess_61901764-93ff-48c8-856e-50eeabfe2201'
}
[2026-09-28 11:41:34.330] [pid:32100] [renderer] v4 conversation subscription activated {
  workspaceKey: 'C:\\Users\\USER\\Desktop\\Personal\\ZCode\\.tmp\\z1-native-1790566888278-3b5c94\\workspace',
  workspacePath: 'C:\\Users\\USER\\Desktop\\Personal\\ZCode\\.tmp\\z1-native-1790566888278-3b5c94\\workspace',
  event: 'v4.conversation.subscribe.activated',
  module: 'ui.v4.conversation_transport',
  runtimeGeneration: 0,
  status: 'completed',
  subscriptionId: 'sub-mukpapyr-hwtu0ahs-1',
  topic: 'conversation/sess_61901764-93ff-48c8-856e-50eeabfe2201'
}
[2026-09-28 11:41:34.331] [pid:32100] [renderer] v4 conversation store connect completed {
  durationMs: 19,
  event: 'v4.conversation.store.connect.completed',
  generation: 1,
  logEpoch: 'mukpapyr-hwtu0ahs',
  mode: 'snapshot',
  module: 'ui.v4.conversation_projection_store',
  status: 'completed',
  subscriptionId: 'sub-mukpapyr-hwtu0ahs-1',
  topic: 'conversation/sess_61901764-93ff-48c8-856e-50eeabfe2201'
}
[2026-09-28 11:41:34.432] [pid:32100] [renderer] v4 workspace connection lease released {
  event: 'v4.workspace_connection.release',
  keepWarmMs: 30000,
  key: '__base__ C:\\Users\\USER\\Desktop\\Personal\\ZCode\\.tmp\\z1-native-1790566888278-3b5c94\\workspace',
  module: 'ui.v4.workspace_connection_registry',
  refCount: 0,
  status: 'keep_warm'
}
[2026-09-28 11:41:34.433] [pid:32100] [renderer] v4 session data lease released {
  event: 'v4.session_data.release',
  keepWarmMs: 30000,
  module: 'ui.v4.session_data_layer',
  refCount: 0,
  status: 'keep_warm',
  topic: 'conversation/sess_61901764-93ff-48c8-856e-50eeabfe2201'
}
[2026-09-28 11:41:34.438] [pid:32100] [main] [stability] perf_app_start reported
[Z1 child] [2026-09-28 11:41:34.451] [pid:39944] [zcode-host] [rpc:call] zcode-agent.sendConversationCommandV4 OK (8.4ms)
[2026-09-28 11:41:34.452] [pid:32100] [main] [host-log] (local-1) [host] [2026-09-28 11:41:34.451] [pid:39944] [zcode-host] [rpc:call] zcode-agent.sendConversationCommandV4 OK (8.4ms)
[2026-09-28 11:41:34.599] [pid:32100] [settingService] writing settings to: C:\Users\USER\Desktop\Personal\ZCode\.tmp\z1-native-1790566888278-3b5c94\home\.zcode\v2\setting.json {"recentProjects":[],"locale":"zh-CN","localePreference":"en-US","terminalInheritSystemProfile":true,"embeddedBrowserAllowInsecureCertificates":false,"embeddedBrowserViewportPreference":{"mode":"normal","viewport":{"width":393,"height":852},"zoom":"fit"},"computerUseComposerEntryHidden":true,"taskAutoArchiveEnabled":false,"taskAutoArchiveOlderThanDays":7,"closeToTrayOnWindows":false,"closeToTrayOnWindowsMigrationInitialized":true,"keepAwakeWhileRunning":false,"desktopWindowSize":{"width":1280,"height":720,"maximized":false},"desktopChromiumHardwareAccelerationEnabled":true,"messageStreamShowReasoning":true,"messageStreamShowReasoningMigrationInitialized":true,"messageStreamShowTodos":false,"toolGroupingExploreEnabled":true,"toolGroupingTerminalEnabled":true,"toolGroupingChangesEnabled":false,"zcodeInteractionBehavior":"queue","askUserQuestionAutoResolutionEnabled":false,"modelIoFullRetentionEnabled":false,"startPlanRecommendationDismissed":false,"providerFamilyConnectionSelections":{},"providerFamilyDomain":"zai","providerFamilyDomainMigrated":true,"nativeSearchEnhancementsEnabled":true,"memoryEnabled":false,"lastWorkspaceSession":[{"kind":"local","workspacePath":"C:\\Users\\USER\\Desktop\\Personal\\ZCode\\.tmp\\z1-native-1790566888278-3b5c94\\workspace","workspacePurpose":"project"},{"kind":"local","workspacePath":"C:\\Users\\USER\\Desktop\\Personal\\ZCode\\.tmp\\z1-native-1790566888278-3b5c94\\data\\.zcode\\workspace\\default","workspacePurpose":"conversation"}],"lastActiveTabIndex":0,"receivePreviewUpdates":false,"autoDownloadAndInstallUpdates":false,"skippedElectronUpdateVersions":{},"settingsSyncFirstRunPromptHandled":true}
[2026-09-28 11:41:34.606] [pid:32100] [settingService] write done
[Z1 child] [2026-09-28 11:41:34.738] [pid:39944] [zcode-host] [rpc:listen] graphEngineering.onDidChange subscribed
[2026-09-28 11:41:34.739] [pid:32100] [main] [host-log] (local-1) [host] [2026-09-28 11:41:34.738] [pid:39944] [zcode-host] [rpc:listen] graphEngineering.onDidChange subscribed
[Z1 child] [2026-09-28 11:41:34.778] [pid:39944] [settingService] reading settings from: C:\Users\USER\Desktop\Personal\ZCode\.tmp\z1-native-1790566888278-3b5c94\home\.zcode\v2\setting.json
[Z1 child] [2026-09-28 11:41:34.778] [pid:39944] [settingService] read result: {"recentProjects":[],"locale":"zh-CN","localePreference":"en-US","terminalInheritSystemProfile":true,"embeddedBrowserAllowInsecureCertificates":false,"embeddedBrowserViewportPreference":{"mode":"normal","viewport":{"width":393,"height":852},"zoom":"fit"},"computerUseComposerEntryHidden":true,"taskAutoArchiveEnabled":false,"taskAutoArchiveOlderThanDays":7,"closeToTrayOnWindows":false,"closeToTrayOnWindowsMigrationInitialized":true,"keepAwakeWhileRunning":false,"desktopWindowSize":{"width":1280,"height":720,"maximized":false},"desktopChromiumHardwareAccelerationEnabled":true,"messageStreamShowReasoning":true,"messageStreamShowReasoningMigrationInitialized":true,"messageStreamShowTodos":false,"toolGroupingExploreEnabled":true,"toolGroupingTerminalEnabled":true,"toolGroupingChangesEnabled":false,"zcodeInteractionBehavior":"queue","askUserQuestionAutoResolutionEnabled":false,"modelIoFullRetentionEnabled":false,"startPlanRecommendationDismissed":false,"providerFamilyConnectionSelections":{},"providerFamilyDomain":"zai","providerFamilyDomainMigrated":true,"nativeSearchEnhancementsEnabled":true,"memoryEnabled":false,"lastWorkspaceSession":[{"kind":"local","workspacePath":"C:\\Users\\USER\\Desktop\\Personal\\ZCode\\.tmp\\z1-native-1790566888278-3b5c94\\workspace","workspacePurpose":"project"},{"kind":"local","workspacePath":"C:\\Users\\USER\\Desktop\\Personal\\ZCode\\.tmp\\z1-native-1790566888278-3b5c94\\data\\.zcode\\workspace\\default","workspacePurpose":"conversation"}],"lastActiveTabIndex":0,"receivePreviewUpdates":false,"autoDownloadAndInstallUpdates":false,"skippedElectronUpdateVersions":{},"settingsSyncFirstRunPromptHandled":true}
[Z1 child] [2026-09-28 11:41:34.779] [pid:39944] [zcode-host] [rpc:call] graphEngineering.getWorkspace OK (40.9ms)
[2026-09-28 11:41:34.779] [pid:32100] [main] [host-log] (local-1) [host] [2026-09-28 11:41:34.779] [pid:39944] [zcode-host] [rpc:call] graphEngineering.getWorkspace OK (40.9ms)
[Z1 child] [2026-09-28 11:41:34.791] [pid:39944] [settingService] reading settings from: C:\Users\USER\Desktop\Personal\ZCode\.tmp\z1-native-1790566888278-3b5c94\home\.zcode\v2\setting.json
[Z1 child] [2026-09-28 11:41:34.791] [pid:39944] [settingService] read result: {"recentProjects":[],"locale":"zh-CN","localePreference":"en-US","terminalInheritSystemProfile":true,"embeddedBrowserAllowInsecureCertificates":false,"embeddedBrowserViewportPreference":{"mode":"normal","viewport":{"width":393,"height":852},"zoom":"fit"},"computerUseComposerEntryHidden":true,"taskAutoArchiveEnabled":false,"taskAutoArchiveOlderThanDays":7,"closeToTrayOnWindows":false,"closeToTrayOnWindowsMigrationInitialized":true,"keepAwakeWhileRunning":false,"desktopWindowSize":{"width":1280,"height":720,"maximized":false},"desktopChromiumHardwareAccelerationEnabled":true,"messageStreamShowReasoning":true,"messageStreamShowReasoningMigrationInitialized":true,"messageStreamShowTodos":false,"toolGroupingExploreEnabled":true,"toolGroupingTerminalEnabled":true,"toolGroupingChangesEnabled":false,"zcodeInteractionBehavior":"queue","askUserQuestionAutoResolutionEnabled":false,"modelIoFullRetentionEnabled":false,"startPlanRecommendationDismissed":false,"providerFamilyConnectionSelections":{},"providerFamilyDomain":"zai","providerFamilyDomainMigrated":true,"nativeSearchEnhancementsEnabled":true,"memoryEnabled":false,"lastWorkspaceSession":[{"kind":"local","workspacePath":"C:\\Users\\USER\\Desktop\\Personal\\ZCode\\.tmp\\z1-native-1790566888278-3b5c94\\workspace","workspacePurpose":"project"},{"kind":"local","workspacePath":"C:\\Users\\USER\\Desktop\\Personal\\ZCode\\.tmp\\z1-native-1790566888278-3b5c94\\data\\.zcode\\workspace\\default","workspacePurpose":"conversation"}],"lastActiveTabIndex":0,"receivePreviewUpdates":false,"autoDownloadAndInstallUpdates":false,"skippedElectronUpdateVersions":{},"settingsSyncFirstRunPromptHandled":true}
[2026-09-28 11:41:34.791] [pid:39944] [zcode-host] [rpc:call] setting.get OK (0.6ms)
[2026-09-28 11:41:34.792] [pid:32100] [main] [host-log] (local-1) [host] [2026-09-28 11:41:34.791] [pid:39944] [zcode-host] [rpc:call] setting.get OK (0.6ms)
[Z1 child] [2026-09-28 11:41:34.800] [pid:39944] [zcode-host] [rpc:listen] model-selection.onDidChange subscribed
[2026-09-28 11:41:34.800] [pid:32100] [main] [host-log] (local-1) [host] [2026-09-28 11:41:34.800] [pid:39944] [zcode-host] [rpc:listen] model-selection.onDidChange subscribed
[Z1 child] [2026-09-28 11:41:34.801] [pid:39944] [zcode-host] [rpc:call] graphEngineering.validateDefinition OK (1.1ms)
[2026-09-28 11:41:34.802] [pid:32100] [main] [host-log] (local-1) [host] [2026-09-28 11:41:34.801] [pid:39944] [zcode-host] [rpc:call] graphEngineering.validateDefinition OK (1.1ms)
[2026-09-28 11:41:34.803] [pid:32100] [main] [host-log] (local-1) [host] [2026-09-28 11:41:34.802] [pid:39944] [zcode-host] [rpc:call] model-selection.getView OK (1.8ms)
[Z1 child] [2026-09-28 11:41:34.802] [pid:39944] [zcode-host] [rpc:call] model-selection.getView OK (1.8ms)
[Z1 child] [2026-09-28 11:41:35.252] [pid:39944] [zcode-host] [rpc:call] graphEngineering.validateDefinition OK (0.1ms)
[2026-09-28 11:41:35.253] [pid:32100] [main] [host-log] (local-1) [host] [2026-09-28 11:41:35.252] [pid:39944] [zcode-host] [rpc:call] graphEngineering.validateDefinition OK (0.1ms)
[Z1 child] [2026-09-28 11:41:35.282] [pid:39944] [zcode-host] [rpc:call] graphEngineering.saveDefinition OK (3.7ms)
[2026-09-28 11:41:35.283] [pid:32100] [main] [host-log] (local-1) [host] [2026-09-28 11:41:35.282] [pid:39944] [zcode-host] [rpc:call] graphEngineering.saveDefinition OK (3.7ms)
[Z1 child] [2026-09-28 11:41:35.283] [pid:39944] [settingService] reading settings from: C:\Users\USER\Desktop\Personal\ZCode\.tmp\z1-native-1790566888278-3b5c94\home\.zcode\v2\setting.json
[Z1 child] [2026-09-28 11:41:35.284] [pid:39944] [settingService] read result: {"recentProjects":[],"locale":"zh-CN","localePreference":"en-US","terminalInheritSystemProfile":true,"embeddedBrowserAllowInsecureCertificates":false,"embeddedBrowserViewportPreference":{"mode":"normal","viewport":{"width":393,"height":852},"zoom":"fit"},"computerUseComposerEntryHidden":true,"taskAutoArchiveEnabled":false,"taskAutoArchiveOlderThanDays":7,"closeToTrayOnWindows":false,"closeToTrayOnWindowsMigrationInitialized":true,"keepAwakeWhileRunning":false,"desktopWindowSize":{"width":1280,"height":720,"maximized":false},"desktopChromiumHardwareAccelerationEnabled":true,"messageStreamShowReasoning":true,"messageStreamShowReasoningMigrationInitialized":true,"messageStreamShowTodos":false,"toolGroupingExploreEnabled":true,"toolGroupingTerminalEnabled":true,"toolGroupingChangesEnabled":false,"zcodeInteractionBehavior":"queue","askUserQuestionAutoResolutionEnabled":false,"modelIoFullRetentionEnabled":false,"startPlanRecommendationDismissed":false,"providerFamilyConnectionSelections":{},"providerFamilyDomain":"zai","providerFamilyDomainMigrated":true,"nativeSearchEnhancementsEnabled":true,"memoryEnabled":false,"lastWorkspaceSession":[{"kind":"local","workspacePath":"C:\\Users\\USER\\Desktop\\Personal\\ZCode\\.tmp\\z1-native-1790566888278-3b5c94\\workspace","workspacePurpose":"project"},{"kind":"local","workspacePath":"C:\\Users\\USER\\Desktop\\Personal\\ZCode\\.tmp\\z1-native-1790566888278-3b5c94\\data\\.zcode\\workspace\\default","workspacePurpose":"conversation"}],"lastActiveTabIndex":0,"receivePreviewUpdates":false,"autoDownloadAndInstallUpdates":false,"skippedElectronUpdateVersions":{},"settingsSyncFirstRunPromptHandled":true}
[Z1 child] [2026-09-28 11:41:35.285] [pid:39944] [zcode-host] [rpc:call] graphEngineering.getWorkspace OK (1.4ms)
[2026-09-28 11:41:35.285] [pid:32100] [main] [host-log] (local-1) [host] [2026-09-28 11:41:35.285] [pid:39944] [zcode-host] [rpc:call] graphEngineering.getWorkspace OK (1.4ms)
[Z1 child] [2026-09-28 11:41:35.285] [pid:39944] [settingService] reading settings from: C:\Users\USER\Desktop\Personal\ZCode\.tmp\z1-native-1790566888278-3b5c94\home\.zcode\v2\setting.json
[2026-09-28 11:41:35.285] [pid:39944] [settingService] read result: {"recentProjects":[],"locale":"zh-CN","localePreference":"en-US","terminalInheritSystemProfile":true,"embeddedBrowserAllowInsecureCertificates":false,"embeddedBrowserViewportPreference":{"mode":"normal","viewport":{"width":393,"height":852},"zoom":"fit"},"computerUseComposerEntryHidden":true,"taskAutoArchiveEnabled":false,"taskAutoArchiveOlderThanDays":7,"closeToTrayOnWindows":false,"closeToTrayOnWindowsMigrationInitialized":true,"keepAwakeWhileRunning":false,"desktopWindowSize":{"width":1280,"height":720,"maximized":false},"desktopChromiumHardwareAccelerationEnabled":true,"messageStreamShowReasoning":true,"messageStreamShowReasoningMigrationInitialized":true,"messageStreamShowTodos":false,"toolGroupingExploreEnabled":true,"toolGroupingTerminalEnabled":true,"toolGroupingChangesEnabled":false,"zcodeInteractionBehavior":"queue","askUserQuestionAutoResolutionEnabled":false,"modelIoFullRetentionEnabled":false,"startPlanRecommendationDismissed":false,"providerFamilyConnectionSelections":{},"providerFamilyDomain":"zai","providerFamilyDomainMigrated":true,"nativeSearchEnhancementsEnabled":true,"memoryEnabled":false,"lastWorkspaceSession":[{"kind":"local","workspacePath":"C:\\Users\\USER\\Desktop\\Personal\\ZCode\\.tmp\\z1-native-1790566888278-3b5c94\\workspace","workspacePurpose":"project"},{"kind":"local","workspacePath":"C:\\Users\\USER\\Desktop\\Personal\\ZCode\\.tmp\\z1-native-1790566888278-3b5c94\\data\\.zcode\\workspace\\default","workspacePurpose":"conversation"}],"lastActiveTabIndex":0,"receivePreviewUpdates":false,"autoDownloadAndInstallUpdates":false,"skippedElectronUpdateVersions":{},"settingsSyncFirstRunPromptHandled":true}
[Z1 child] [2026-09-28 11:41:35.286] [pid:39944] [zcode-host] [rpc:call] graphEngineering.getWorkspace OK (2.4ms)
[2026-09-28 11:41:35.286] [pid:32100] [main] [host-log] (local-1) [host] [2026-09-28 11:41:35.286] [pid:39944] [zcode-host] [rpc:call] graphEngineering.getWorkspace OK (2.4ms)
[Z1 child] [2026-09-28 11:41:35.289] [pid:39944] [zcode-host] [rpc:call] graphEngineering.validateDefinition OK (0.1ms)
[2026-09-28 11:41:35.289] [pid:32100] [main] [host-log] (local-1) [host] [2026-09-28 11:41:35.289] [pid:39944] [zcode-host] [rpc:call] graphEngineering.validateDefinition OK (0.1ms)
[Z1 child] [2026-09-28 11:41:35.304] [pid:39944] [zcode-host] [rpc:call] graphEngineering.validateDefinition OK (0.1ms)
[2026-09-28 11:41:35.305] [pid:32100] [main] [host-log] (local-1) [host] [2026-09-28 11:41:35.304] [pid:39944] [zcode-host] [rpc:call] graphEngineering.validateDefinition OK (0.1ms)
[2026-09-28 11:41:35.991] [pid:32100] [main] [deep-link] 工作区打开请求路由成功 {
  windowId: 1,
  path: 'C:\\Users\\USER\\Desktop\\Personal\\ZCode\\.tmp\\z1-native-1790566888278-3b5c94\\workspace-u2-scan'
}
[2026-09-28 11:41:35.992] [pid:32100] [main] [task-realtime] updated host workspace scopes {
  hostId: '5413c835-f6f6-4230-84b0-952a5650758c',
  workspaceKeyCount: 3
}
[Z1 child] [2026-09-28 11:41:35.993] [pid:39944] [settingService] reading settings from: C:\Users\USER\Desktop\Personal\ZCode\.tmp\z1-native-1790566888278-3b5c94\home\.zcode\v2\setting.json
[Z1 child] [2026-09-28 11:41:35.993] [pid:39944] [settingService] read result: {"recentProjects":[],"locale":"zh-CN","localePreference":"en-US","terminalInheritSystemProfile":true,"embeddedBrowserAllowInsecureCertificates":false,"embeddedBrowserViewportPreference":{"mode":"normal","viewport":{"width":393,"height":852},"zoom":"fit"},"computerUseComposerEntryHidden":true,"taskAutoArchiveEnabled":false,"taskAutoArchiveOlderThanDays":7,"closeToTrayOnWindows":false,"closeToTrayOnWindowsMigrationInitialized":true,"keepAwakeWhileRunning":false,"desktopWindowSize":{"width":1280,"height":720,"maximized":false},"desktopChromiumHardwareAccelerationEnabled":true,"messageStreamShowReasoning":true,"messageStreamShowReasoningMigrationInitialized":true,"messageStreamShowTodos":false,"toolGroupingExploreEnabled":true,"toolGroupingTerminalEnabled":true,"toolGroupingChangesEnabled":false,"zcodeInteractionBehavior":"queue","askUserQuestionAutoResolutionEnabled":false,"modelIoFullRetentionEnabled":false,"startPlanRecommendationDismissed":false,"providerFamilyConnectionSelections":{},"providerFamilyDomain":"zai","providerFamilyDomainMigrated":true,"nativeSearchEnhancementsEnabled":true,"memoryEnabled":false,"lastWorkspaceSession":[{"kind":"local","workspacePath":"C:\\Users\\USER\\Desktop\\Personal\\ZCode\\.tmp\\z1-native-1790566888278-3b5c94\\workspace","workspacePurpose":"project"},{"kind":"local","workspacePath":"C:\\Users\\USER\\Desktop\\Personal\\ZCode\\.tmp\\z1-native-1790566888278-3b5c94\\data\\.zcode\\workspace\\default","workspacePurpose":"conversation"}],"lastActiveTabIndex":0,"receivePreviewUpdates":false,"autoDownloadAndInstallUpdates":false,"skippedElectronUpdateVersions":{},"settingsSyncFirstRunPromptHandled":true}
[2026-09-28 11:41:35.993] [pid:39944] [zcode-host] [rpc:call] setting.get OK (0.6ms)
[2026-09-28 11:41:35.994] [pid:32100] [main] [host-log] (local-1) [host] [2026-09-28 11:41:35.993] [pid:39944] [zcode-host] [rpc:call] setting.get OK (0.6ms)
[Z1 child] [2026-09-28 11:41:36.006] [pid:39944] [zcode-host] [rpc:call] file-watcher.unwatch OK (0.0ms)
[2026-09-28 11:41:36.007] [pid:32100] [main] [host-log] (local-1) [host] [2026-09-28 11:41:36.006] [pid:39944] [zcode-host] [rpc:call] file-watcher.unwatch OK (0.0ms)
[2026-09-28 11:41:36.008] [pid:32100] [main] [host-log] (local-1) [host] [2026-09-28 11:41:36.006] [pid:39944] [zcode-host] [rpc:call] file-watcher.unwatch OK (0.0ms)
[2026-09-28 11:41:36.009] [pid:32100] [main] [host-log] (local-1) [host] [2026-09-28 11:41:36.007] [pid:39944] [zcode-host] [rpc:call] file-watcher.unwatch OK (0.0ms)
[Z1 child] [2026-09-28 11:41:36.006] [pid:39944] [zcode-host] [rpc:call] file-watcher.unwatch OK (0.0ms)
[2026-09-28 11:41:36.007] [pid:39944] [zcode-host] [rpc:call] file-watcher.unwatch OK (0.0ms)
[2026-09-28 11:41:36.008] [pid:39944] [zcode-host] [rpc:call] window-controller.listTaskList OK (0.4ms)
[2026-09-28 11:41:36.008] [pid:39944] [zcode-host] [rpc:listen] zcode-agent.onDynamicSessionsIndexFrame subscribed
[2026-09-28 11:41:36.008] [pid:39944] [zcode-host] [rpc:listen] zcode-agent.onAgentRuntimeLifecycle subscribed
[2026-09-28 11:41:36.008] [pid:39944] [zcode-host] [rpc:call] zcode-task.listPinnedTaskIds OK (0.1ms)
[2026-09-28 11:41:36.008] [pid:39944] [zcode-host] [rpc:call] zcode-task.listArchivedTasks OK (0.1ms)
[2026-09-28 11:41:36.008] [pid:39944] [zcode-host] [rpc:call] zcode-task.listTasks OK (0.1ms)
[2026-09-28 11:41:36.008] [pid:39944] [zcode-host] [rpc:call] zcode-task.listPinnedTasks OK (0.1ms)
[2026-09-28 11:41:36.009] [pid:39944] [zcode-host] [rpc:call] zcode-task.listDeletedTaskIds OK (0.1ms)
[2026-09-28 11:41:36.009] [pid:39944] [zcode-host] [rpc:listen] zcode-task.onDynamicWorkspaceEvent subscribed
[2026-09-28 11:41:36.009] [pid:39944] [zcode-host] [rpc:listen] zcode-task.onDynamicWorkspaceEvent subscribed
[2026-09-28 11:41:36.009] [pid:39944] [zcode-host] [rpc:listen] graphEngineering.onDidChange subscribed
[2026-09-28 11:41:36.009] [pid:32100] [main] [task-realtime] updated host workspace scopes {
  hostId: '5413c835-f6f6-4230-84b0-952a5650758c',
  workspaceKeyCount: 3
}
[2026-09-28 11:41:36.010] [pid:32100] [main] [host-log] (local-1) [host] [2026-09-28 11:41:36.008] [pid:39944] [zcode-host] [rpc:call] window-controller.listTaskList OK (0.4ms)
[2026-09-28 11:41:36.011] [pid:32100] [main] [host-log] (local-1) [host] [2026-09-28 11:41:36.008] [pid:39944] [zcode-host] [rpc:listen] zcode-agent.onDynamicSessionsIndexFrame subscribed
[2026-09-28 11:41:36.012] [pid:32100] [main] [host-log] (local-1) [host] [2026-09-28 11:41:36.008] [pid:39944] [zcode-host] [rpc:listen] zcode-agent.onAgentRuntimeLifecycle subscribed
[2026-09-28 11:41:36.012] [pid:32100] [main] [host-log] (local-1) [host] [2026-09-28 11:41:36.008] [pid:39944] [zcode-host] [rpc:call] zcode-task.listPinnedTaskIds OK (0.1ms)
[2026-09-28 11:41:36.013] [pid:32100] [main] [host-log] (local-1) [host] [2026-09-28 11:41:36.008] [pid:39944] [zcode-host] [rpc:call] zcode-task.listArchivedTasks OK (0.1ms)
[2026-09-28 11:41:36.014] [pid:32100] [main] [host-log] (local-1) [host] [2026-09-28 11:41:36.008] [pid:39944] [zcode-host] [rpc:call] zcode-task.listTasks OK (0.1ms)
[2026-09-28 11:41:36.014] [pid:32100] [main] [host-log] (local-1) [host] [2026-09-28 11:41:36.008] [pid:39944] [zcode-host] [rpc:call] zcode-task.listPinnedTasks OK (0.1ms)
[2026-09-28 11:41:36.015] [pid:32100] [main] [host-log] (local-1) [host] [2026-09-28 11:41:36.009] [pid:39944] [zcode-host] [rpc:call] zcode-task.listDeletedTaskIds OK (0.1ms)
[2026-09-28 11:41:36.016] [pid:32100] [main] [host-log] (local-1) [host] [2026-09-28 11:41:36.009] [pid:39944] [zcode-host] [rpc:listen] zcode-task.onDynamicWorkspaceEvent subscribed
[2026-09-28 11:41:36.016] [pid:32100] [main] [host-log] (local-1) [host] [2026-09-28 11:41:36.009] [pid:39944] [zcode-host] [rpc:listen] zcode-task.onDynamicWorkspaceEvent subscribed
[2026-09-28 11:41:36.017] [pid:32100] [main] [host-log] (local-1) [host] [2026-09-28 11:41:36.009] [pid:39944] [zcode-host] [rpc:listen] graphEngineering.onDidChange subscribed
[Z1 child] [2026-09-28 11:41:36.016] [pid:39944] [zcode-host] [rpc:listen] zcode-agent.onDynamicConversationTelemetryFact subscribed
[2026-09-28 11:41:36.016] [pid:39944] [settingService] reading settings from: C:\Users\USER\Desktop\Personal\ZCode\.tmp\z1-native-1790566888278-3b5c94\home\.zcode\v2\setting.json
[2026-09-28 11:41:36.018] [pid:39944] [settingService] reading settings from: C:\Users\USER\Desktop\Personal\ZCode\.tmp\z1-native-1790566888278-3b5c94\home\.zcode\v2\setting.json
[Z1 child] [2026-09-28 11:41:36.016] [pid:39944] [zcode-host] [rpc:call] zcode-agent.subscribeSessionsIndexV4 FAIL (0.1ms) Error: ZCode Agent runtime is not running.
    at createRuntimeUnavailableError (file:///C:/Users/USER/Desktop/Personal/ZCode/packages/desktop/out/host/index.js:117:32591)
    at getReadOnlyClient (file:///C:/Users/USER/Desktop/Personal/ZCode/packages/desktop/out/host/index.js:117:65956)
    at Object.subscribeSessionsIndexV4 (file:///C:/Users/USER/Desktop/Personal/ZCode/packages/desktop/out/host/index.js:117:105809)
    at Proxy.subscribeSessionsIndexV4 (file:///C:/Users/USER/Desktop/Personal/ZCode/packages/desktop/out/host/chunk-SRBX7ACP.js:1:81274)
    at Object.call (file:///C:/Users/USER/Desktop/Personal/ZCode/packages/desktop/out/host/chunk-XPU7OCSY.js:3:4653)
    at NetworkTelemetryServerChannel.call (file:///C:/Users/USER/Desktop/Personal/ZCode/packages/desktop/out/host/chunk-XPU7OCSY.js:3:3900)
    at LoggingServerChannel.call (file:///C:/Users/USER/Desktop/Personal/ZCode/packages/desktop/out/host/chunk-XPU7OCSY.js:3:2335)
    at ChannelServer.onPromise (file:///C:/Users/USER/Desktop/Personal/ZCode/packages/desktop/out/host/chunk-XPU7OCSY.js:1:9500)
    at ChannelServer.onRawMessage (file:///C:/Users/USER/Desktop/Personal/ZCode/packages/desktop/out/host/chunk-XPU7OCSY.js:1:9170)
    at file:///C:/Users/USER/Desktop/Personal/ZCode/packages/desktop/out/host/chunk-XPU7OCSY.js:1:8527 {
  code: 'ZCODE_AGENT_RUNTIME_UNAVAILABLE',
  workspaceKey: 'C:\\Users\\USER\\Desktop\\Personal\\ZCode\\.tmp\\z1-native-1790566888278-3b5c94\\workspace-u2-scan'
}
[2026-09-28 11:41:36.019] [pid:32100] [main] [host-log] (local-1) [host] [2026-09-28 11:41:36.016] [pid:39944] [zcode-host] [rpc:listen] zcode-agent.onDynamicConversationTelemetryFact subscribed
[2026-09-28 11:41:36.020] [pid:32100] [main] [host-log] (local-1) [host] [2026-09-28 11:41:36.016] [pid:39944] [zcode-host] [rpc:call] zcode-agent.subscribeSessionsIndexV4 FAIL (0.1ms) {"name":"Error","message":"ZCode Agent runtime is not running.","stack":"Error: ZCode Agent runtime is not running.\n    at createRuntimeUnavailableError (file:///C:/Users/USER/Desktop/Personal/ZCode/packages/desktop/out/host/index.js:117:32591)\n    at getReadOnlyClient (file:///C:/Users/USER/Desktop/Personal/ZCode/packages/desktop/out/host/index.js:117:65956)\n    at Object.subscribeSessionsIndexV4 (file:///C:/Users/USER/Desktop/Personal/ZCode/packages/desktop/out/host/index.js:117:105809)\n    at Proxy.subscribeSessionsIndexV4 (file:///C:/Users/USER/Desktop/Personal/ZCode/packages/desktop/out/host/chunk-SRBX7ACP.js:1:81274)\n    at Object.call (file:///C:/Users/USER/Desktop/Personal/ZCode/packages/desktop/out/host/chunk-XPU7OCSY.js:3:4653)\n    at NetworkTelemetryServerChannel.call (file:///C:/Users/USER/Desktop/Personal/ZCode/packages/desktop/out/host/chunk-XPU7OCSY.js:3:3900)\n    at LoggingServerChannel.call (file:///C:/Users/USER/Desktop/Personal/ZCode/packages/desktop/out/host/chunk-XPU7OCSY.js:3:2335)\n    at ChannelServer.onPromise (file:///C:/Users/USER/Desktop/Personal/ZCode/packages/desktop/out/host/chunk-XPU7OCSY.js:1:9500)\n    at ChannelServer.onRawMessage (file:///C:/Users/USER/Desktop/Personal/ZCode/packages/desktop/out/host/chunk-XPU7OCSY.js:1:9170)\n    at file:///C:/Users/USER/Desktop/Personal/ZCode/packages/desktop/out/host/chunk-XPU7OCSY.js:1:8527"}
[Z1 child] [2026-09-28 11:41:36.018] [pid:39944] [settingService] read result: {"recentProjects":[],"locale":"zh-CN","localePreference":"en-US","terminalInheritSystemProfile":true,"embeddedBrowserAllowInsecureCertificates":false,"embeddedBrowserViewportPreference":{"mode":"normal","viewport":{"width":393,"height":852},"zoom":"fit"},"computerUseComposerEntryHidden":true,"taskAutoArchiveEnabled":false,"taskAutoArchiveOlderThanDays":7,"closeToTrayOnWindows":false,"closeToTrayOnWindowsMigrationInitialized":true,"keepAwakeWhileRunning":false,"desktopWindowSize":{"width":1280,"height":720,"maximized":false},"desktopChromiumHardwareAccelerationEnabled":true,"messageStreamShowReasoning":true,"messageStreamShowReasoningMigrationInitialized":true,"messageStreamShowTodos":false,"toolGroupingExploreEnabled":true,"toolGroupingTerminalEnabled":true,"toolGroupingChangesEnabled":false,"zcodeInteractionBehavior":"queue","askUserQuestionAutoResolutionEnabled":false,"modelIoFullRetentionEnabled":false,"startPlanRecommendationDismissed":false,"providerFamilyConnectionSelections":{},"providerFamilyDomain":"zai","providerFamilyDomainMigrated":true,"nativeSearchEnhancementsEnabled":true,"memoryEnabled":false,"lastWorkspaceSession":[{"kind":"local","workspacePath":"C:\\Users\\USER\\Desktop\\Personal\\ZCode\\.tmp\\z1-native-1790566888278-3b5c94\\workspace","workspacePurpose":"project"},{"kind":"local","workspacePath":"C:\\Users\\USER\\Desktop\\Personal\\ZCode\\.tmp\\z1-native-1790566888278-3b5c94\\data\\.zcode\\workspace\\default","workspacePurpose":"conversation"}],"lastActiveTabIndex":0,"receivePreviewUpdates":false,"autoDownloadAndInstallUpdates":false,"skippedElectronUpdateVersions":{},"settingsSyncFirstRunPromptHandled":true}
[2026-09-28 11:41:36.018] [pid:39944] [zcode-host] [rpc:call] settings-sync.getFirstRunPromptState OK (2.1ms)
[2026-09-28 11:41:36.018] [pid:39944] [settingService] read result: {"recentProjects":[],"locale":"zh-CN","localePreference":"en-US","terminalInheritSystemProfile":true,"embeddedBrowserAllowInsecureCertificates":false,"embeddedBrowserViewportPreference":{"mode":"normal","viewport":{"width":393,"height":852},"zoom":"fit"},"computerUseComposerEntryHidden":true,"taskAutoArchiveEnabled":false,"taskAutoArchiveOlderThanDays":7,"closeToTrayOnWindows":false,"closeToTrayOnWindowsMigrationInitialized":true,"keepAwakeWhileRunning":false,"desktopWindowSize":{"width":1280,"height":720,"maximized":false},"desktopChromiumHardwareAccelerationEnabled":true,"messageStreamShowReasoning":true,"messageStreamShowReasoningMigrationInitialized":true,"messageStreamShowTodos":false,"toolGroupingExploreEnabled":true,"toolGroupingTerminalEnabled":true,"toolGroupingChangesEnabled":false,"zcodeInteractionBehavior":"queue","askUserQuestionAutoResolutionEnabled":false,"modelIoFullRetentionEnabled":false,"startPlanRecommendationDismissed":false,"providerFamilyConnectionSelections":{},"providerFamilyDomain":"zai","providerFamilyDomainMigrated":true,"nativeSearchEnhancementsEnabled":true,"memoryEnabled":false,"lastWorkspaceSession":[{"kind":"local","workspacePath":"C:\\Users\\USER\\Desktop\\Personal\\ZCode\\.tmp\\z1-native-1790566888278-3b5c94\\workspace","workspacePurpose":"project"},{"kind":"local","workspacePath":"C:\\Users\\USER\\Desktop\\Personal\\ZCode\\.tmp\\z1-native-1790566888278-3b5c94\\data\\.zcode\\workspace\\default","workspacePurpose":"conversation"}],"lastActiveTabIndex":0,"receivePreviewUpdates":false,"autoDownloadAndInstallUpdates":false,"skippedElectronUpdateVersions":{},"settingsSyncFirstRunPromptHandled":true}
[2026-09-28 11:41:36.019] [pid:39944] [settingService] writing settings to: C:\Users\USER\Desktop\Personal\ZCode\.tmp\z1-native-1790566888278-3b5c94\home\.zcode\v2\setting.json {"recentProjects":["C:\\Users\\USER\\Desktop\\Personal\\ZCode\\.tmp\\z1-native-1790566888278-3b5c94\\workspace-u2-scan"],"locale":"zh-CN","localePreference":"en-US","terminalInheritSystemProfile":true,"embeddedBrowserAllowInsecureCertificates":false,"embeddedBrowserViewportPreference":{"mode":"normal","viewport":{"width":393,"height":852},"zoom":"fit"},"computerUseComposerEntryHidden":true,"taskAutoArchiveEnabled":false,"taskAutoArchiveOlderThanDays":7,"closeToTrayOnWindows":false,"closeToTrayOnWindowsMigrationInitialized":true,"keepAwakeWhileRunning":false,"desktopWindowSize":{"width":1280,"height":720,"maximized":false},"desktopChromiumHardwareAccelerationEnabled":true,"messageStreamShowReasoning":true,"messageStreamShowReasoningMigrationInitialized":true,"messageStreamShowTodos":false,"toolGroupingExploreEnabled":true,"toolGroupingTerminalEnabled":true,"toolGroupingChangesEnabled":false,"zcodeInteractionBehavior":"queue","askUserQuestionAutoResolutionEnabled":false,"modelIoFullRetentionEnabled":false,"startPlanRecommendationDismissed":false,"providerFamilyConnectionSelections":{},"providerFamilyDomain":"zai","providerFamilyDomainMigrated":true,"nativeSearchEnhancementsEnabled":true,"memoryEnabled":false,"lastWorkspaceSession":[{"kind":"local","workspacePath":"C:\\Users\\USER\\Desktop\\Personal\\ZCode\\.tmp\\z1-native-1790566888278-3b5c94\\workspace","workspacePurpose":"project"},{"kind":"local","workspacePath":"C:\\Users\\USER\\Desktop\\Personal\\ZCode\\.tmp\\z1-native-1790566888278-3b5c94\\data\\.zcode\\workspace\\default","workspacePurpose":"conversation"}],"lastActiveTabIndex":0,"receivePreviewUpdates":false,"autoDownloadAndInstallUpdates":false,"skippedElectronUpdateVersions":{},"settingsSyncFirstRunPromptHandled":true}
[2026-09-28 11:41:36.020] [pid:32100] [main] [host-log] (local-1) [host] [2026-09-28 11:41:36.018] [pid:39944] [zcode-host] [rpc:call] settings-sync.getFirstRunPromptState OK (2.1ms)
[2026-09-28 11:41:36.021] [pid:32100] [main] [host-log] (local-1) [host] [2026-09-28 11:41:36.019] [pid:39944] [settingService] writing settings to: C:\Users\USER\Desktop\Personal\ZCode\.tmp\z1-native-1790566888278-3b5c94\home\.zcode\v2\setting.json {"recentProjects":["C:\\Users\\USER\\Desktop\\Personal\\ZCode\\.tmp\\z1-native-1790566888278-3b5c94\\workspace-u2-scan"],"locale":"zh-CN","localePreference":"en-US","terminalInheritSystemProfile":true,"embeddedBrowserAllowInsecureCertificates":false,"embeddedBrowserViewportPreference":{"mode":"normal","viewport":{"width":393,"height":852},"zoom":"fit"},"computerUseComposerEntryHidden":true,"taskAutoArchiveEnabled":false,"taskAutoArchiveOlderThanDays":7,"closeToTrayOnWindows":false,"closeToTrayOnWindowsMigrationInitialized":true,"keepAwakeWhileRunning":false,"desktopWindowSize":{"width":1280,"height":720,"maximized":false},"desktopChromiumHardwareAccelerationEnabled":true,"messageStreamShowReasoning":true,"messageStreamShowReasoningMigrationInitialized":true,"messageStreamShowTodos":false,"toolGroupingExploreEnabled":true,"toolGroupingTerminalEnabled":true,"toolGroupingChangesEnabled":false,"zcodeInteractionBehavior":"queue","askUserQuestionAutoResolutionEnabled":false,"modelIoFullRetentionEnabled":false,"startPlanRecommendationDismissed":false,"providerFamilyConnectionSelections":{},"providerFamilyDomain":"zai","providerFamilyDomainMigrated":true,"nativeSearchEnhancementsEnabled":true,"memoryEnabled":false,"lastWorkspaceSession":[{"kind":"local","workspacePath":"C:\\Users\\USER\\Desktop\\Personal\\ZCode\\.tmp\\z1-native-1790566888278-3b5c94\\workspace","workspacePurpose":"project"},{"kind":"local","workspacePath":"C:\\Users\\USER\\Desktop\\Personal\\ZCode\\.tmp\\z1-native-1790566888278-3b5c94\\data\\.zcode\\workspace\\default","workspacePurpose":"conversation"}],"lastActiveTabIndex":0,"receivePreviewUpdates":false,"autoDownloadAndInstallUpdates":false,"skippedElectronUpdateVersions":{},"settingsSyncFirstRunPromptHandled":true}
[Z1 child] [2026-09-28 11:41:36.026] [pid:39944] [settingService] write done
[2026-09-28 11:41:36.026] [pid:32100] [main] [host-log] (local-1) [host] [2026-09-28 11:41:36.026] [pid:39944] [settingService] write done
[2026-09-28 11:41:36.027] [pid:32100] [main] [host-log] (local-1) [host] [2026-09-28 11:41:36.026] [pid:39944] [zcode-host] [rpc:call] setting.update OK (8.6ms)
[Z1 child] [2026-09-28 11:41:36.026] [pid:39944] [settingService] reading settings from: C:\Users\USER\Desktop\Personal\ZCode\.tmp\z1-native-1790566888278-3b5c94\home\.zcode\v2\setting.json
[2026-09-28 11:41:36.026] [pid:39944] [zcode-host] [rpc:call] setting.update OK (8.6ms)
[Z1 child] [2026-09-28 11:41:36.030] [pid:39944] [settingService] read result: {"recentProjects":["C:\\Users\\USER\\Desktop\\Personal\\ZCode\\.tmp\\z1-native-1790566888278-3b5c94\\workspace-u2-scan"],"locale":"zh-CN","localePreference":"en-US","terminalInheritSystemProfile":true,"embeddedBrowserAllowInsecureCertificates":false,"embeddedBrowserViewportPreference":{"mode":"normal","viewport":{"width":393,"height":852},"zoom":"fit"},"computerUseComposerEntryHidden":true,"taskAutoArchiveEnabled":false,"taskAutoArchiveOlderThanDays":7,"closeToTrayOnWindows":false,"closeToTrayOnWindowsMigrationInitialized":true,"keepAwakeWhileRunning":false,"desktopWindowSize":{"width":1280,"height":720,"maximized":false},"desktopChromiumHardwareAccelerationEnabled":true,"messageStreamShowReasoning":true,"messageStreamShowReasoningMigrationInitialized":true,"messageStreamShowTodos":false,"toolGroupingExploreEnabled":true,"toolGroupingTerminalEnabled":true,"toolGroupingChangesEnabled":false,"zcodeInteractionBehavior":"queue","askUserQuestionAutoResolutionEnabled":false,"modelIoFullRetentionEnabled":false,"startPlanRecommendationDismissed":false,"providerFamilyConnectionSelections":{},"providerFamilyDomain":"zai","providerFamilyDomainMigrated":true,"nativeSearchEnhancementsEnabled":true,"memoryEnabled":false,"lastWorkspaceSession":[{"kind":"local","workspacePath":"C:\\Users\\USER\\Desktop\\Personal\\ZCode\\.tmp\\z1-native-1790566888278-3b5c94\\workspace","workspacePurpose":"project"},{"kind":"local","workspacePath":"C:\\Users\\USER\\Desktop\\Personal\\ZCode\\.tmp\\z1-native-1790566888278-3b5c94\\data\\.zcode\\workspace\\default","workspacePurpose":"conversation"}],"lastActiveTabIndex":0,"receivePreviewUpdates":false,"autoDownloadAndInstallUpdates":false,"skippedElectronUpdateVersions":{},"settingsSyncFirstRunPromptHandled":true}
[Z1 child] [2026-09-28 11:41:36.030] [pid:39944] [zcode-host] [rpc:call] graphEngineering.getWorkspace OK (21.6ms)
[2026-09-28 11:41:36.031] [pid:32100] [main] [host-log] (local-1) [host] [2026-09-28 11:41:36.030] [pid:39944] [zcode-host] [rpc:call] graphEngineering.getWorkspace OK (21.6ms)
[Z1 child] [2026-09-28 11:41:36.034] [pid:39944] [settingService] reading settings from: C:\Users\USER\Desktop\Personal\ZCode\.tmp\z1-native-1790566888278-3b5c94\home\.zcode\v2\setting.json
[2026-09-28 11:41:36.035] [pid:32100] [main] [host-log] (local-1) [host] [2026-09-28 11:41:36.035] [pid:39944] [zcode-host] [rpc:call] setting.get OK (0.5ms)
[Z1 child] [2026-09-28 11:41:36.035] [pid:39944] [settingService] read result: {"recentProjects":["C:\\Users\\USER\\Desktop\\Personal\\ZCode\\.tmp\\z1-native-1790566888278-3b5c94\\workspace-u2-scan"],"locale":"zh-CN","localePreference":"en-US","terminalInheritSystemProfile":true,"embeddedBrowserAllowInsecureCertificates":false,"embeddedBrowserViewportPreference":{"mode":"normal","viewport":{"width":393,"height":852},"zoom":"fit"},"computerUseComposerEntryHidden":true,"taskAutoArchiveEnabled":false,"taskAutoArchiveOlderThanDays":7,"closeToTrayOnWindows":false,"closeToTrayOnWindowsMigrationInitialized":true,"keepAwakeWhileRunning":false,"desktopWindowSize":{"width":1280,"height":720,"maximized":false},"desktopChromiumHardwareAccelerationEnabled":true,"messageStreamShowReasoning":true,"messageStreamShowReasoningMigrationInitialized":true,"messageStreamShowTodos":false,"toolGroupingExploreEnabled":true,"toolGroupingTerminalEnabled":true,"toolGroupingChangesEnabled":false,"zcodeInteractionBehavior":"queue","askUserQuestionAutoResolutionEnabled":false,"modelIoFullRetentionEnabled":false,"startPlanRecommendationDismissed":false,"providerFamilyConnectionSelections":{},"providerFamilyDomain":"zai","providerFamilyDomainMigrated":true,"nativeSearchEnhancementsEnabled":true,"memoryEnabled":false,"lastWorkspaceSession":[{"kind":"local","workspacePath":"C:\\Users\\USER\\Desktop\\Personal\\ZCode\\.tmp\\z1-native-1790566888278-3b5c94\\workspace","workspacePurpose":"project"},{"kind":"local","workspacePath":"C:\\Users\\USER\\Desktop\\Personal\\ZCode\\.tmp\\z1-native-1790566888278-3b5c94\\data\\.zcode\\workspace\\default","workspacePurpose":"conversation"}],"lastActiveTabIndex":0,"receivePreviewUpdates":false,"autoDownloadAndInstallUpdates":false,"skippedElectronUpdateVersions":{},"settingsSyncFirstRunPromptHandled":true}
[2026-09-28 11:41:36.035] [pid:39944] [zcode-host] [rpc:call] setting.get OK (0.5ms)
[Z1 child] [2026-09-28 11:41:36.038] [pid:39944] [zcode-host] [rpc:listen] model-selection.onDidChange subscribed
[2026-09-28 11:41:36.038] [pid:32100] [main] [host-log] (local-1) [host] [2026-09-28 11:41:36.038] [pid:39944] [zcode-host] [rpc:listen] model-selection.onDidChange subscribed
[2026-09-28 11:41:36.039] [pid:32100] [main] [host-log] (local-1) [host] [2026-09-28 11:41:36.038] [pid:39944] [zcode-host] [rpc:call] graphEngineering.validateDefinition OK (0.1ms)
[2026-09-28 11:41:36.040] [pid:32100] [main] [host-log] (local-1) [host] [2026-09-28 11:41:36.038] [pid:39944] [zcode-host] [rpc:call] model-selection.getView OK (0.7ms)
[Z1 child] [2026-09-28 11:41:36.038] [pid:39944] [zcode-host] [rpc:call] graphEngineering.validateDefinition OK (0.1ms)
[2026-09-28 11:41:36.038] [pid:39944] [zcode-host] [rpc:call] model-selection.getView OK (0.7ms)
[Z1 child] [2026-09-28 11:41:36.057] [pid:39944] [zcode-host] [rpc:listen] model-selection.onDidChange subscribed
[2026-09-28 11:41:36.058] [pid:32100] [main] [host-log] (local-1) [host] [2026-09-28 11:41:36.057] [pid:39944] [zcode-host] [rpc:listen] model-selection.onDidChange subscribed
[2026-09-28 11:41:36.059] [pid:32100] [main] [host-log] (local-1) [host] [2026-09-28 11:41:36.058] [pid:39944] [zcode-host] [rpc:call] model-selection.getView OK (0.6ms)
[Z1 child] [2026-09-28 11:41:36.058] [pid:39944] [zcode-host] [rpc:call] model-selection.getView OK (0.6ms)
[Z1 child] [2026-09-28 11:41:36.115] [pid:39944] [zcode-host] [rpc:call] git.refresh OK (105.7ms)
[2026-09-28 11:41:36.115] [pid:32100] [main] [host-log] (local-1) [host] [2026-09-28 11:41:36.115] [pid:39944] [zcode-host] [rpc:call] git.refresh OK (105.7ms)
[Z1 child] [2026-09-28 11:41:36.120] [pid:39944] [zcode-host] [rpc:call] system.info OK (0.0ms)
[2026-09-28 11:41:36.120] [pid:32100] [main] [host-log] (local-1) [host] [2026-09-28 11:41:36.120] [pid:39944] [zcode-host] [rpc:call] system.info OK (0.0ms)
[Z1 child] [2026-09-28 11:41:36.121] [pid:39944] [zcode-host] [rpc:call] file-watcher.watch OK (1.0ms)
[2026-09-28 11:41:36.121] [pid:32100] [main] [host-log] (local-1) [host] [2026-09-28 11:41:36.121] [pid:39944] [zcode-host] [rpc:call] file-watcher.watch OK (1.0ms)
[Z1 child] [2026-09-28 11:41:36.122] [pid:39944] [zcode-host] [rpc:call] file-watcher.watch OK (1.3ms)
[2026-09-28 11:41:36.123] [pid:32100] [main] [host-log] (local-1) [host] [2026-09-28 11:41:36.122] [pid:39944] [zcode-host] [rpc:call] file-watcher.watch OK (1.3ms)
[Z1 child] [2026-09-28 11:41:36.123] [pid:39944] [zcode-host] [rpc:call] file-watcher.watch OK (0.9ms)
[2026-09-28 11:41:36.124] [pid:32100] [main] [host-log] (local-1) [host] [2026-09-28 11:41:36.123] [pid:39944] [zcode-host] [rpc:call] file-watcher.watch OK (0.9ms)
[Z1 child] [2026-09-28 11:41:36.124] [pid:39944] [zcode-host] [rpc:listen] file-watcher.onDynamicChange subscribed
[2026-09-28 11:41:36.124] [pid:39944] [zcode-host] [rpc:listen] file-watcher.onDynamicChange subscribed
[2026-09-28 11:41:36.124] [pid:39944] [zcode-host] [rpc:listen] file-watcher.onDynamicChange subscribed
[2026-09-28 11:41:36.126] [pid:32100] [main] [host-log] (local-1) [host] [2026-09-28 11:41:36.124] [pid:39944] [zcode-host] [rpc:listen] file-watcher.onDynamicChange subscribed
[2026-09-28 11:41:36.126] [pid:32100] [main] [host-log] (local-1) [host] [2026-09-28 11:41:36.124] [pid:39944] [zcode-host] [rpc:listen] file-watcher.onDynamicChange subscribed
[2026-09-28 11:41:36.127] [pid:32100] [main] [host-log] (local-1) [host] [2026-09-28 11:41:36.124] [pid:39944] [zcode-host] [rpc:listen] file-watcher.onDynamicChange subscribed
[Z1 child] [2026-09-28 11:41:36.293] [pid:39944] [settingService] reading settings from: C:\Users\USER\Desktop\Personal\ZCode\.tmp\z1-native-1790566888278-3b5c94\home\.zcode\v2\setting.json
[Z1 child] [2026-09-28 11:41:36.294] [pid:39944] [settingService] read result: {"recentProjects":["C:\\Users\\USER\\Desktop\\Personal\\ZCode\\.tmp\\z1-native-1790566888278-3b5c94\\workspace-u2-scan"],"locale":"zh-CN","localePreference":"en-US","terminalInheritSystemProfile":true,"embeddedBrowserAllowInsecureCertificates":false,"embeddedBrowserViewportPreference":{"mode":"normal","viewport":{"width":393,"height":852},"zoom":"fit"},"computerUseComposerEntryHidden":true,"taskAutoArchiveEnabled":false,"taskAutoArchiveOlderThanDays":7,"closeToTrayOnWindows":false,"closeToTrayOnWindowsMigrationInitialized":true,"keepAwakeWhileRunning":false,"desktopWindowSize":{"width":1280,"height":720,"maximized":false},"desktopChromiumHardwareAccelerationEnabled":true,"messageStreamShowReasoning":true,"messageStreamShowReasoningMigrationInitialized":true,"messageStreamShowTodos":false,"toolGroupingExploreEnabled":true,"toolGroupingTerminalEnabled":true,"toolGroupingChangesEnabled":false,"zcodeInteractionBehavior":"queue","askUserQuestionAutoResolutionEnabled":false,"modelIoFullRetentionEnabled":false,"startPlanRecommendationDismissed":false,"providerFamilyConnectionSelections":{},"providerFamilyDomain":"zai","providerFamilyDomainMigrated":true,"nativeSearchEnhancementsEnabled":true,"memoryEnabled":false,"lastWorkspaceSession":[{"kind":"local","workspacePath":"C:\\Users\\USER\\Desktop\\Personal\\ZCode\\.tmp\\z1-native-1790566888278-3b5c94\\workspace","workspacePurpose":"project"},{"kind":"local","workspacePath":"C:\\Users\\USER\\Desktop\\Personal\\ZCode\\.tmp\\z1-native-1790566888278-3b5c94\\data\\.zcode\\workspace\\default","workspacePurpose":"conversation"}],"lastActiveTabIndex":0,"receivePreviewUpdates":false,"autoDownloadAndInstallUpdates":false,"skippedElectronUpdateVersions":{},"settingsSyncFirstRunPromptHandled":true}
[2026-09-28 11:41:36.294] [pid:32100] [main] [host-log] (local-1) [host] [2026-09-28 11:41:36.294] [pid:39944] [settingService] writing settings to: C:\Users\USER\Desktop\Personal\ZCode\.tmp\z1-native-1790566888278-3b5c94\home\.zcode\v2\setting.json {"recentProjects":["C:\\Users\\USER\\Desktop\\Personal\\ZCode\\.tmp\\z1-native-1790566888278-3b5c94\\workspace-u2-scan"],"locale":"zh-CN","localePreference":"en-US","terminalInheritSystemProfile":true,"embeddedBrowserAllowInsecureCertificates":false,"embeddedBrowserViewportPreference":{"mode":"normal","viewport":{"width":393,"height":852},"zoom":"fit"},"computerUseComposerEntryHidden":true,"taskAutoArchiveEnabled":false,"taskAutoArchiveOlderThanDays":7,"closeToTrayOnWindows":false,"closeToTrayOnWindowsMigrationInitialized":true,"keepAwakeWhileRunning":false,"desktopWindowSize":{"width":1280,"height":720,"maximized":false},"desktopChromiumHardwareAccelerationEnabled":true,"messageStreamShowReasoning":true,"messageStreamShowReasoningMigrationInitialized":true,"messageStreamShowTodos":false,"toolGroupingExploreEnabled":true,"toolGroupingTerminalEnabled":true,"toolGroupingChangesEnabled":false,"zcodeInteractionBehavior":"queue","askUserQuestionAutoResolutionEnabled":false,"modelIoFullRetentionEnabled":false,"startPlanRecommendationDismissed":false,"providerFamilyConnectionSelections":{},"providerFamilyDomain":"zai","providerFamilyDomainMigrated":true,"nativeSearchEnhancementsEnabled":true,"memoryEnabled":false,"lastWorkspaceSession":[{"kind":"local","workspacePath":"C:\\Users\\USER\\Desktop\\Personal\\ZCode\\.tmp\\z1-native-1790566888278-3b5c94\\workspace-u2-scan","workspacePurpose":"project"},{"kind":"local","workspacePath":"C:\\Users\\USER\\Desktop\\Personal\\ZCode\\.tmp\\z1-native-1790566888278-3b5c94\\workspace","workspacePurpose":"project"},{"kind":"local","workspacePath":"C:\\Users\\USER\\Desktop\\Personal\\ZCode\\.tmp\\z1-native-1790566888278-3b5c94\\data\\.zcode\\workspace\\default","workspacePurpose":"conversation"}],"lastActiveTabIndex":0,"receivePreviewUpdates":false,"autoDownloadAndInstallUpdates":false,"skippedElectronUpdateVersions":{},"settingsSyncFirstRunPromptHandled":true}
[Z1 child] [2026-09-28 11:41:36.294] [pid:39944] [settingService] writing settings to: C:\Users\USER\Desktop\Personal\ZCode\.tmp\z1-native-1790566888278-3b5c94\home\.zcode\v2\setting.json {"recentProjects":["C:\\Users\\USER\\Desktop\\Personal\\ZCode\\.tmp\\z1-native-1790566888278-3b5c94\\workspace-u2-scan"],"locale":"zh-CN","localePreference":"en-US","terminalInheritSystemProfile":true,"embeddedBrowserAllowInsecureCertificates":false,"embeddedBrowserViewportPreference":{"mode":"normal","viewport":{"width":393,"height":852},"zoom":"fit"},"computerUseComposerEntryHidden":true,"taskAutoArchiveEnabled":false,"taskAutoArchiveOlderThanDays":7,"closeToTrayOnWindows":false,"closeToTrayOnWindowsMigrationInitialized":true,"keepAwakeWhileRunning":false,"desktopWindowSize":{"width":1280,"height":720,"maximized":false},"desktopChromiumHardwareAccelerationEnabled":true,"messageStreamShowReasoning":true,"messageStreamShowReasoningMigrationInitialized":true,"messageStreamShowTodos":false,"toolGroupingExploreEnabled":true,"toolGroupingTerminalEnabled":true,"toolGroupingChangesEnabled":false,"zcodeInteractionBehavior":"queue","askUserQuestionAutoResolutionEnabled":false,"modelIoFullRetentionEnabled":false,"startPlanRecommendationDismissed":false,"providerFamilyConnectionSelections":{},"providerFamilyDomain":"zai","providerFamilyDomainMigrated":true,"nativeSearchEnhancementsEnabled":true,"memoryEnabled":false,"lastWorkspaceSession":[{"kind":"local","workspacePath":"C:\\Users\\USER\\Desktop\\Personal\\ZCode\\.tmp\\z1-native-1790566888278-3b5c94\\workspace-u2-scan","workspacePurpose":"project"},{"kind":"local","workspacePath":"C:\\Users\\USER\\Desktop\\Personal\\ZCode\\.tmp\\z1-native-1790566888278-3b5c94\\workspace","workspacePurpose":"project"},{"kind":"local","workspacePath":"C:\\Users\\USER\\Desktop\\Personal\\ZCode\\.tmp\\z1-native-1790566888278-3b5c94\\data\\.zcode\\workspace\\default","workspacePurpose":"conversation"}],"lastActiveTabIndex":0,"receivePreviewUpdates":false,"autoDownloadAndInstallUpdates":false,"skippedElectronUpdateVersions":{},"settingsSyncFirstRunPromptHandled":true}
[Z1 child] [2026-09-28 11:41:36.298] [pid:39944] [settingService] write done
[2026-09-28 11:41:36.298] [pid:32100] [main] [host-log] (local-1) [host] [2026-09-28 11:41:36.298] [pid:39944] [settingService] write done
[2026-09-28 11:41:36.299] [pid:32100] [main] [host-log] (local-1) [host] [2026-09-28 11:41:36.298] [pid:39944] [zcode-host] [rpc:call] setting.update OK (5.1ms)
[Z1 child] [2026-09-28 11:41:36.298] [pid:39944] [zcode-host] [rpc:call] setting.update OK (5.1ms)
[2026-09-28 11:41:38.111] [pid:32100] [renderer] v4 conversation frame upstream attached {
  workspaceKey: 'C:\\Users\\USER\\Desktop\\Personal\\ZCode\\.tmp\\z1-native-1790566888278-3b5c94\\workspace-u2-scan',
  workspacePath: 'C:\\Users\\USER\\Desktop\\Personal\\ZCode\\.tmp\\z1-native-1790566888278-3b5c94\\workspace-u2-scan',
  event: 'v4.conversation.frames.upstream_attached',
  listenerCount: 1,
  module: 'ui.v4.conversation_transport',
  runtimeGeneration: 0,
  status: 'completed'
}
[2026-09-28 11:41:38.111] [pid:32100] [renderer] v4 workspace connection created {
  event: 'v4.workspace_connection.created',
  isRemote: false,
  key: '__base__ C:\\Users\\USER\\Desktop\\Personal\\ZCode\\.tmp\\z1-native-1790566888278-3b5c94\\workspace-u2-scan',
  module: 'ui.v4.workspace_connection_registry',
  refCount: 1,
  serviceGeneration: 1,
  status: 'completed'
}
[Z1 child] [2026-09-28 11:41:38.110] [pid:39944] [zcode-host] [rpc:listen] zcode-agent.onDynamicLocalTtftFacts subscribed
[2026-09-28 11:41:38.110] [pid:39944] [zcode-host] [rpc:listen] zcode-agent.onDynamicConversationFrame subscribed
[2026-09-28 11:41:38.112] [pid:32100] [main] [host-log] (local-1) [host] [2026-09-28 11:41:38.110] [pid:39944] [zcode-host] [rpc:listen] zcode-agent.onDynamicLocalTtftFacts subscribed
[2026-09-28 11:41:38.113] [pid:32100] [main] [host-log] (local-1) [host] [2026-09-28 11:41:38.110] [pid:39944] [zcode-host] [rpc:listen] zcode-agent.onDynamicConversationFrame subscribed
[Z1 child] [2026-09-28 11:41:38.122] [pid:39944] [settingService] reading settings from: C:\Users\USER\Desktop\Personal\ZCode\.tmp\z1-native-1790566888278-3b5c94\home\.zcode\v2\setting.json
[Z1 child] [2026-09-28 11:41:38.122] [pid:39944] [zcode-host] [rpc:listen] zcode-agent.onAgentRuntimeLifecycle subscribed
[2026-09-28 11:41:38.123] [pid:32100] [main] [host-log] (local-1) [host] [2026-09-28 11:41:38.122] [pid:39944] [zcode-host] [rpc:listen] zcode-agent.onAgentRuntimeLifecycle subscribed
[2026-09-28 11:41:38.123] [pid:32100] [main] [host-log] (local-1) [host] [2026-09-28 11:41:38.122] [pid:39944] [zcode-host] [rpc:call] setting.get OK (0.8ms)
[2026-09-28 11:41:38.124] [pid:32100] [main] [host-log] (local-1) [host] [2026-09-28 11:41:38.123] [pid:39944] [zcode-host] [rpc:call] system.info OK (0.0ms)
[2026-09-28 11:41:38.125] [pid:32100] [main] [host-log] (local-1) [host] [2026-09-28 11:41:38.123] [pid:39944] [zcode-host] [rpc:listen] model-selection.onDidChange subscribed
[2026-09-28 11:41:38.125] [pid:32100] [main] [host-log] (local-1) [host] [2026-09-28 11:41:38.123] [pid:39944] [zcode-host] [rpc:listen] model-selection.onDidChange subscribed
[2026-09-28 11:41:38.126] [pid:32100] [main] [host-log] (local-1) [host] [2026-09-28 11:41:38.123] [pid:39944] [zcode-host] [rpc:call] model-selection.getView OK (0.6ms)
[2026-09-28 11:41:38.127] [pid:32100] [main] [host-log] (local-1) [host] [2026-09-28 11:41:38.124] [pid:39944] [zcode-host] [rpc:call] model-selection.getView OK (0.9ms)
[Z1 child] [2026-09-28 11:41:38.122] [pid:39944] [settingService] read result: {"recentProjects":["C:\\Users\\USER\\Desktop\\Personal\\ZCode\\.tmp\\z1-native-1790566888278-3b5c94\\workspace-u2-scan"],"locale":"zh-CN","localePreference":"en-US","terminalInheritSystemProfile":true,"embeddedBrowserAllowInsecureCertificates":false,"embeddedBrowserViewportPreference":{"mode":"normal","viewport":{"width":393,"height":852},"zoom":"fit"},"computerUseComposerEntryHidden":true,"taskAutoArchiveEnabled":false,"taskAutoArchiveOlderThanDays":7,"closeToTrayOnWindows":false,"closeToTrayOnWindowsMigrationInitialized":true,"keepAwakeWhileRunning":false,"desktopWindowSize":{"width":1280,"height":720,"maximized":false},"desktopChromiumHardwareAccelerationEnabled":true,"messageStreamShowReasoning":true,"messageStreamShowReasoningMigrationInitialized":true,"messageStreamShowTodos":false,"toolGroupingExploreEnabled":true,"toolGroupingTerminalEnabled":true,"toolGroupingChangesEnabled":false,"zcodeInteractionBehavior":"queue","askUserQuestionAutoResolutionEnabled":false,"modelIoFullRetentionEnabled":false,"startPlanRecommendationDismissed":false,"providerFamilyConnectionSelections":{},"providerFamilyDomain":"zai","providerFamilyDomainMigrated":true,"nativeSearchEnhancementsEnabled":true,"memoryEnabled":false,"lastWorkspaceSession":[{"kind":"local","workspacePath":"C:\\Users\\USER\\Desktop\\Personal\\ZCode\\.tmp\\z1-native-1790566888278-3b5c94\\workspace-u2-scan","workspacePurpose":"project"},{"kind":"local","workspacePath":"C:\\Users\\USER\\Desktop\\Personal\\ZCode\\.tmp\\z1-native-1790566888278-3b5c94\\workspace","workspacePurpose":"project"},{"kind":"local","workspacePath":"C:\\Users\\USER\\Desktop\\Personal\\ZCode\\.tmp\\z1-native-1790566888278-3b5c94\\data\\.zcode\\workspace\\default","workspacePurpose":"conversation"}],"lastActiveTabIndex":0,"receivePreviewUpdates":false,"autoDownloadAndInstallUpdates":false,"skippedElectronUpdateVersions":{},"settingsSyncFirstRunPromptHandled":true}
[2026-09-28 11:41:38.122] [pid:39944] [zcode-host] [rpc:call] setting.get OK (0.8ms)
[2026-09-28 11:41:38.123] [pid:39944] [zcode-host] [rpc:call] system.info OK (0.0ms)
[2026-09-28 11:41:38.123] [pid:39944] [zcode-host] [rpc:listen] model-selection.onDidChange subscribed
[2026-09-28 11:41:38.123] [pid:39944] [zcode-host] [rpc:listen] model-selection.onDidChange subscribed
[2026-09-28 11:41:38.123] [pid:39944] [zcode-host] [rpc:call] model-selection.getView OK (0.6ms)
[2026-09-28 11:41:38.124] [pid:39944] [zcode-host] [rpc:call] model-selection.getView OK (0.9ms)
[Z1 child] [2026-09-28 11:41:38.127] [pid:39944] [zcode-host] [rpc:call] subagents.list OK (5.4ms)
[2026-09-28 11:41:38.128] [pid:32100] [main] [host-log] (local-1) [host] [2026-09-28 11:41:38.127] [pid:39944] [zcode-host] [rpc:call] subagents.list OK (5.4ms)
[Z1 child] [2026-09-28 11:41:38.147] [pid:39944] [zcode-agent-service] 开始请求 ZCode Protocol workspace/readPresentation {
  workspaceKey: 'C:\\Users\\USER\\Desktop\\Personal\\ZCode\\.tmp\\z1-native-1790566888278-3b5c94\\workspace-u2-scan',
  workspacePath: 'C:\\Users\\USER\\Desktop\\Personal\\ZCode\\.tmp\\z1-native-1790566888278-3b5c94\\workspace-u2-scan'
}
[2026-09-28 11:41:38.147] [pid:32100] [main] [host-log] (local-1) [host] [2026-09-28 11:41:38.147] [pid:39944] [zcode-agent-service] 开始请求 ZCode Protocol workspace/readPresentation {"workspaceKey":"C:\\Users\\USER\\Desktop\\Personal\\ZCode\\.tmp\\z1-native-1790566888278-3b5c94\\workspace-u2-scan","workspacePath":"C:\\Users\\USER\\Desktop\\Personal\\ZCode\\.tmp\\z1-native-1790566888278-3b5c94\\workspace-u2-scan"}
[2026-09-28 11:41:38.148] [pid:32100] [main] [host-log] (local-1) [host] [2026-09-28 11:41:38.147] [pid:39944] [zcode-agent] ZCode agent command resolved {"workspaceKey":"C:\\Users\\USER\\Desktop\\Personal\\ZCode\\.tmp\\z1-native-1790566888278-3b5c94\\workspace-u2-scan","command":"C:\\Users\\USER\\Desktop\\Personal\\ZCode\\node_modules\\electron\\dist\\electron.exe","effectiveCommand":"C:\\Users\\USER\\Desktop\\Personal\\ZCode\\node_modules\\electron\\dist\\electron.exe","resolveCommandDurationMs":0}
[Z1 child] [2026-09-28 11:41:38.147] [pid:39944] [zcode-agent] ZCode agent command resolved {
  workspaceKey: 'C:\\Users\\USER\\Desktop\\Personal\\ZCode\\.tmp\\z1-native-1790566888278-3b5c94\\workspace-u2-scan',
  command: 'C:\\Users\\USER\\Desktop\\Personal\\ZCode\\node_modules\\electron\\dist\\electron.exe',
  effectiveCommand: 'C:\\Users\\USER\\Desktop\\Personal\\ZCode\\node_modules\\electron\\dist\\electron.exe',
  resolveCommandDurationMs: 0
}
[2026-09-28 11:41:38.147] [pid:39944] [settingService] reading settings from: C:\Users\USER\Desktop\Personal\ZCode\.tmp\z1-native-1790566888278-3b5c94\home\.zcode\v2\setting.json
[2026-09-28 11:41:38.148] [pid:39944] [settingService] read result: {"recentProjects":["C:\\Users\\USER\\Desktop\\Personal\\ZCode\\.tmp\\z1-native-1790566888278-3b5c94\\workspace-u2-scan"],"locale":"zh-CN","localePreference":"en-US","terminalInheritSystemProfile":true,"embeddedBrowserAllowInsecureCertificates":false,"embeddedBrowserViewportPreference":{"mode":"normal","viewport":{"width":393,"height":852},"zoom":"fit"},"computerUseComposerEntryHidden":true,"taskAutoArchiveEnabled":false,"taskAutoArchiveOlderThanDays":7,"closeToTrayOnWindows":false,"closeToTrayOnWindowsMigrationInitialized":true,"keepAwakeWhileRunning":false,"desktopWindowSize":{"width":1280,"height":720,"maximized":false},"desktopChromiumHardwareAccelerationEnabled":true,"messageStreamShowReasoning":true,"messageStreamShowReasoningMigrationInitialized":true,"messageStreamShowTodos":false,"toolGroupingExploreEnabled":true,"toolGroupingTerminalEnabled":true,"toolGroupingChangesEnabled":false,"zcodeInteractionBehavior":"queue","askUserQuestionAutoResolutionEnabled":false,"modelIoFullRetentionEnabled":false,"startPlanRecommendationDismissed":false,"providerFamilyConnectionSelections":{},"providerFamilyDomain":"zai","providerFamilyDomainMigrated":true,"nativeSearchEnhancementsEnabled":true,"memoryEnabled":false,"lastWorkspaceSession":[{"kind":"local","workspacePath":"C:\\Users\\USER\\Desktop\\Personal\\ZCode\\.tmp\\z1-native-1790566888278-3b5c94\\workspace-u2-scan","workspacePurpose":"project"},{"kind":"local","workspacePath":"C:\\Users\\USER\\Desktop\\Personal\\ZCode\\.tmp\\z1-native-1790566888278-3b5c94\\workspace","workspacePurpose":"project"},{"kind":"local","workspacePath":"C:\\Users\\USER\\Desktop\\Personal\\ZCode\\.tmp\\z1-native-1790566888278-3b5c94\\data\\.zcode\\workspace\\default","workspacePurpose":"conversation"}],"lastActiveTabIndex":0,"receivePreviewUpdates":false,"autoDownloadAndInstallUpdates":false,"skippedElectronUpdateVersions":{},"settingsSyncFirstRunPromptHandled":true}
[2026-09-28 11:41:38.148] [pid:39944] [settingService] reading settings from: C:\Users\USER\Desktop\Personal\ZCode\.tmp\z1-native-1790566888278-3b5c94\home\.zcode\v2\setting.json
[Z1 child] [2026-09-28 11:41:38.149] [pid:39944] [settingService] read result: {"recentProjects":["C:\\Users\\USER\\Desktop\\Personal\\ZCode\\.tmp\\z1-native-1790566888278-3b5c94\\workspace-u2-scan"],"locale":"zh-CN","localePreference":"en-US","terminalInheritSystemProfile":true,"embeddedBrowserAllowInsecureCertificates":false,"embeddedBrowserViewportPreference":{"mode":"normal","viewport":{"width":393,"height":852},"zoom":"fit"},"computerUseComposerEntryHidden":true,"taskAutoArchiveEnabled":false,"taskAutoArchiveOlderThanDays":7,"closeToTrayOnWindows":false,"closeToTrayOnWindowsMigrationInitialized":true,"keepAwakeWhileRunning":false,"desktopWindowSize":{"width":1280,"height":720,"maximized":false},"desktopChromiumHardwareAccelerationEnabled":true,"messageStreamShowReasoning":true,"messageStreamShowReasoningMigrationInitialized":true,"messageStreamShowTodos":false,"toolGroupingExploreEnabled":true,"toolGroupingTerminalEnabled":true,"toolGroupingChangesEnabled":false,"zcodeInteractionBehavior":"queue","askUserQuestionAutoResolutionEnabled":false,"modelIoFullRetentionEnabled":false,"startPlanRecommendationDismissed":false,"providerFamilyConnectionSelections":{},"providerFamilyDomain":"zai","providerFamilyDomainMigrated":true,"nativeSearchEnhancementsEnabled":true,"memoryEnabled":false,"lastWorkspaceSession":[{"kind":"local","workspacePath":"C:\\Users\\USER\\Desktop\\Personal\\ZCode\\.tmp\\z1-native-1790566888278-3b5c94\\workspace-u2-scan","workspacePurpose":"project"},{"kind":"local","workspacePath":"C:\\Users\\USER\\Desktop\\Personal\\ZCode\\.tmp\\z1-native-1790566888278-3b5c94\\workspace","workspacePurpose":"project"},{"kind":"local","workspacePath":"C:\\Users\\USER\\Desktop\\Personal\\ZCode\\.tmp\\z1-native-1790566888278-3b5c94\\data\\.zcode\\workspace\\default","workspacePurpose":"conversation"}],"lastActiveTabIndex":0,"receivePreviewUpdates":false,"autoDownloadAndInstallUpdates":false,"skippedElectronUpdateVersions":{},"settingsSyncFirstRunPromptHandled":true}
[2026-09-28 11:41:38.149] [pid:39944] [settingService] reading settings from: C:\Users\USER\Desktop\Personal\ZCode\.tmp\z1-native-1790566888278-3b5c94\home\.zcode\v2\setting.json
[Z1 child] [2026-09-28 11:41:38.149] [pid:39944] [settingService] read result: {"recentProjects":["C:\\Users\\USER\\Desktop\\Personal\\ZCode\\.tmp\\z1-native-1790566888278-3b5c94\\workspace-u2-scan"],"locale":"zh-CN","localePreference":"en-US","terminalInheritSystemProfile":true,"embeddedBrowserAllowInsecureCertificates":false,"embeddedBrowserViewportPreference":{"mode":"normal","viewport":{"width":393,"height":852},"zoom":"fit"},"computerUseComposerEntryHidden":true,"taskAutoArchiveEnabled":false,"taskAutoArchiveOlderThanDays":7,"closeToTrayOnWindows":false,"closeToTrayOnWindowsMigrationInitialized":true,"keepAwakeWhileRunning":false,"desktopWindowSize":{"width":1280,"height":720,"maximized":false},"desktopChromiumHardwareAccelerationEnabled":true,"messageStreamShowReasoning":true,"messageStreamShowReasoningMigrationInitialized":true,"messageStreamShowTodos":false,"toolGroupingExploreEnabled":true,"toolGroupingTerminalEnabled":true,"toolGroupingChangesEnabled":false,"zcodeInteractionBehavior":"queue","askUserQuestionAutoResolutionEnabled":false,"modelIoFullRetentionEnabled":false,"startPlanRecommendationDismissed":false,"providerFamilyConnectionSelections":{},"providerFamilyDomain":"zai","providerFamilyDomainMigrated":true,"nativeSearchEnhancementsEnabled":true,"memoryEnabled":false,"lastWorkspaceSession":[{"kind":"local","workspacePath":"C:\\Users\\USER\\Desktop\\Personal\\ZCode\\.tmp\\z1-native-1790566888278-3b5c94\\workspace-u2-scan","workspacePurpose":"project"},{"kind":"local","workspacePath":"C:\\Users\\USER\\Desktop\\Personal\\ZCode\\.tmp\\z1-native-1790566888278-3b5c94\\workspace","workspacePurpose":"project"},{"kind":"local","workspacePath":"C:\\Users\\USER\\Desktop\\Personal\\ZCode\\.tmp\\z1-native-1790566888278-3b5c94\\data\\.zcode\\workspace\\default","workspacePurpose":"conversation"}],"lastActiveTabIndex":0,"receivePreviewUpdates":false,"autoDownloadAndInstallUpdates":false,"skippedElectronUpdateVersions":{},"settingsSyncFirstRunPromptHandled":true}
[Z1 child] [2026-09-28 11:41:38.149] [pid:39944] [zcode-agent] ZCode agent spawn preflight {
  workspaceKey: 'C:\\Users\\USER\\Desktop\\Personal\\ZCode\\.tmp\\z1-native-1790566888278-3b5c94\\workspace-u2-scan',
  spawnPreflight: {
    command: 'C:\\Users\\USER\\Desktop\\Personal\\ZCode\\node_modules\\electron\\dist\\electron.exe',
    args: [
      'C:\\Users\\USER\\Desktop\\Personal\\ZCode\\apps\\zcode-cli\\packages\\cli\\dist\\zcode.cjs',
      'app-server',
      '--stdio'
    ],
    requestedCwd: 'C:\\Users\\USER\\Desktop\\Personal\\ZCode\\.tmp\\z1-native-1790566888278-3b5c94\\workspace-u2-scan',
    cwd: 'C:\\Users\\USER\\Desktop\\Personal\\ZCode\\.tmp\\z1-native-1790566888278-3b5c94\\workspace-u2-scan',
    cwdSource: 'command',
    commandPathKind: 'absolute',
    commandExists: true,
    cwdExists: true
  }
}
[2026-09-28 11:41:38.150] [pid:32100] [main] [host-log] (local-1) [host] [2026-09-28 11:41:38.149] [pid:39944] [zcode-agent] ZCode agent spawn preflight {"workspaceKey":"C:\\Users\\USER\\Desktop\\Personal\\ZCode\\.tmp\\z1-native-1790566888278-3b5c94\\workspace-u2-scan","spawnPreflight":{"command":"C:\\Users\\USER\\Desktop\\Personal\\ZCode\\node_modules\\electron\\dist\\electron.exe","args":["C:\\Users\\USER\\Desktop\\Personal\\ZCode\\apps\\zcode-cli\\packages\\cli\\dist\\zcode.cjs","app-server","--stdio"],"requestedCwd":"C:\\Users\\USER\\Desktop\\Personal\\ZCode\\.tmp\\z1-native-1790566888278-3b5c94\\workspace-u2-scan","cwd":"C:\\Users\\USER\\Desktop\\Personal\\ZCode\\.tmp\\z1-native-1790566888278-3b5c94\\workspace-u2-scan","cwdSource":"command","commandPathKind":"absolute","commandExists":true,"cwdExists":true}}
[2026-09-28 11:41:38.159] [pid:32100] [main] [stability] perf_agent_start reported {
  pid: 17792,
  runtimeGeneration: 1,
  runtimeInstanceId: 'agent-0c06b8d2-49f9-42ac-8688-9c45408b8d0e'
}
[Z1 child] [2026-09-28 11:41:38.159] [pid:39944] [zcode-agent] ZCode agent process started {
  workspaceKey: 'C:\\Users\\USER\\Desktop\\Personal\\ZCode\\.tmp\\z1-native-1790566888278-3b5c94\\workspace-u2-scan',
  command: 'C:\\Users\\USER\\Desktop\\Personal\\ZCode\\node_modules\\electron\\dist\\electron.exe',
  cwd: 'C:\\Users\\USER\\Desktop\\Personal\\ZCode\\.tmp\\z1-native-1790566888278-3b5c94\\workspace-u2-scan',
  pid: 17792,
  durationMs: 12
}
[2026-09-28 11:41:38.160] [pid:32100] [main] [host-log] (local-1) [host] [2026-09-28 11:41:38.159] [pid:39944] [zcode-agent] ZCode agent process started {"workspaceKey":"C:\\Users\\USER\\Desktop\\Personal\\ZCode\\.tmp\\z1-native-1790566888278-3b5c94\\workspace-u2-scan","command":"C:\\Users\\USER\\Desktop\\Personal\\ZCode\\node_modules\\electron\\dist\\electron.exe","cwd":"C:\\Users\\USER\\Desktop\\Personal\\ZCode\\.tmp\\z1-native-1790566888278-3b5c94\\workspace-u2-scan","pid":17792,"durationMs":12}
[2026-09-28 11:41:38.180] [pid:32100] [renderer] v4 workspace connection lease released {
  event: 'v4.workspace_connection.release',
  keepWarmMs: 30000,
  key: '__base__ C:\\Users\\USER\\Desktop\\Personal\\ZCode\\.tmp\\z1-native-1790566888278-3b5c94\\workspace-u2-scan',
  module: 'ui.v4.workspace_connection_registry',
  refCount: 0,
  status: 'keep_warm'
}
[Z1 child] [2026-09-28 11:41:38.181] [pid:39944] [zcode-host] [rpc:listen] graphEngineering.onDidChange subscribed
[2026-09-28 11:41:38.181] [pid:32100] [main] [host-log] (local-1) [host] [2026-09-28 11:41:38.181] [pid:39944] [zcode-host] [rpc:listen] graphEngineering.onDidChange subscribed
[Z1 child] [2026-09-28 11:41:38.181] [pid:39944] [settingService] reading settings from: C:\Users\USER\Desktop\Personal\ZCode\.tmp\z1-native-1790566888278-3b5c94\home\.zcode\v2\setting.json
[2026-09-28 11:41:38.182] [pid:39944] [settingService] read result: {"recentProjects":["C:\\Users\\USER\\Desktop\\Personal\\ZCode\\.tmp\\z1-native-1790566888278-3b5c94\\workspace-u2-scan"],"locale":"zh-CN","localePreference":"en-US","terminalInheritSystemProfile":true,"embeddedBrowserAllowInsecureCertificates":false,"embeddedBrowserViewportPreference":{"mode":"normal","viewport":{"width":393,"height":852},"zoom":"fit"},"computerUseComposerEntryHidden":true,"taskAutoArchiveEnabled":false,"taskAutoArchiveOlderThanDays":7,"closeToTrayOnWindows":false,"closeToTrayOnWindowsMigrationInitialized":true,"keepAwakeWhileRunning":false,"desktopWindowSize":{"width":1280,"height":720,"maximized":false},"desktopChromiumHardwareAccelerationEnabled":true,"messageStreamShowReasoning":true,"messageStreamShowReasoningMigrationInitialized":true,"messageStreamShowTodos":false,"toolGroupingExploreEnabled":true,"toolGroupingTerminalEnabled":true,"toolGroupingChangesEnabled":false,"zcodeInteractionBehavior":"queue","askUserQuestionAutoResolutionEnabled":false,"modelIoFullRetentionEnabled":false,"startPlanRecommendationDismissed":false,"providerFamilyConnectionSelections":{},"providerFamilyDomain":"zai","providerFamilyDomainMigrated":true,"nativeSearchEnhancementsEnabled":true,"memoryEnabled":false,"lastWorkspaceSession":[{"kind":"local","workspacePath":"C:\\Users\\USER\\Desktop\\Personal\\ZCode\\.tmp\\z1-native-1790566888278-3b5c94\\workspace-u2-scan","workspacePurpose":"project"},{"kind":"local","workspacePath":"C:\\Users\\USER\\Desktop\\Personal\\ZCode\\.tmp\\z1-native-1790566888278-3b5c94\\workspace","workspacePurpose":"project"},{"kind":"local","workspacePath":"C:\\Users\\USER\\Desktop\\Personal\\ZCode\\.tmp\\z1-native-1790566888278-3b5c94\\data\\.zcode\\workspace\\default","workspacePurpose":"conversation"}],"lastActiveTabIndex":0,"receivePreviewUpdates":false,"autoDownloadAndInstallUpdates":false,"skippedElectronUpdateVersions":{},"settingsSyncFirstRunPromptHandled":true}
[Z1 child] [2026-09-28 11:41:38.182] [pid:39944] [zcode-host] [rpc:call] graphEngineering.getWorkspace OK (1.0ms)
[2026-09-28 11:41:38.183] [pid:32100] [main] [host-log] (local-1) [host] [2026-09-28 11:41:38.182] [pid:39944] [zcode-host] [rpc:call] graphEngineering.getWorkspace OK (1.0ms)
[Z1 child] [2026-09-28 11:41:38.188] [pid:39944] [settingService] reading settings from: C:\Users\USER\Desktop\Personal\ZCode\.tmp\z1-native-1790566888278-3b5c94\home\.zcode\v2\setting.json
[Z1 child] [2026-09-28 11:41:38.189] [pid:39944] [settingService] read result: {"recentProjects":["C:\\Users\\USER\\Desktop\\Personal\\ZCode\\.tmp\\z1-native-1790566888278-3b5c94\\workspace-u2-scan"],"locale":"zh-CN","localePreference":"en-US","terminalInheritSystemProfile":true,"embeddedBrowserAllowInsecureCertificates":false,"embeddedBrowserViewportPreference":{"mode":"normal","viewport":{"width":393,"height":852},"zoom":"fit"},"computerUseComposerEntryHidden":true,"taskAutoArchiveEnabled":false,"taskAutoArchiveOlderThanDays":7,"closeToTrayOnWindows":false,"closeToTrayOnWindowsMigrationInitialized":true,"keepAwakeWhileRunning":false,"desktopWindowSize":{"width":1280,"height":720,"maximized":false},"desktopChromiumHardwareAccelerationEnabled":true,"messageStreamShowReasoning":true,"messageStreamShowReasoningMigrationInitialized":true,"messageStreamShowTodos":false,"toolGroupingExploreEnabled":true,"toolGroupingTerminalEnabled":true,"toolGroupingChangesEnabled":false,"zcodeInteractionBehavior":"queue","askUserQuestionAutoResolutionEnabled":false,"modelIoFullRetentionEnabled":false,"startPlanRecommendationDismissed":false,"providerFamilyConnectionSelections":{},"providerFamilyDomain":"zai","providerFamilyDomainMigrated":true,"nativeSearchEnhancementsEnabled":true,"memoryEnabled":false,"lastWorkspaceSession":[{"kind":"local","workspacePath":"C:\\Users\\USER\\Desktop\\Personal\\ZCode\\.tmp\\z1-native-1790566888278-3b5c94\\workspace-u2-scan","workspacePurpose":"project"},{"kind":"local","workspacePath":"C:\\Users\\USER\\Desktop\\Personal\\ZCode\\.tmp\\z1-native-1790566888278-3b5c94\\workspace","workspacePurpose":"project"},{"kind":"local","workspacePath":"C:\\Users\\USER\\Desktop\\Personal\\ZCode\\.tmp\\z1-native-1790566888278-3b5c94\\data\\.zcode\\workspace\\default","workspacePurpose":"conversation"}],"lastActiveTabIndex":0,"receivePreviewUpdates":false,"autoDownloadAndInstallUpdates":false,"skippedElectronUpdateVersions":{},"settingsSyncFirstRunPromptHandled":true}
[2026-09-28 11:41:38.189] [pid:39944] [zcode-host] [rpc:call] setting.get OK (0.6ms)
[2026-09-28 11:41:38.189] [pid:32100] [main] [host-log] (local-1) [host] [2026-09-28 11:41:38.189] [pid:39944] [zcode-host] [rpc:call] setting.get OK (0.6ms)
[Z1 child] [2026-09-28 11:41:38.191] [pid:39944] [zcode-host] [rpc:listen] model-selection.onDidChange subscribed
[2026-09-28 11:41:38.191] [pid:32100] [main] [host-log] (local-1) [host] [2026-09-28 11:41:38.191] [pid:39944] [zcode-host] [rpc:listen] model-selection.onDidChange subscribed
[2026-09-28 11:41:38.192] [pid:32100] [main] [host-log] (local-1) [host] [2026-09-28 11:41:38.191] [pid:39944] [zcode-host] [rpc:call] graphEngineering.validateDefinition OK (0.1ms)
[2026-09-28 11:41:38.192] [pid:32100] [main] [host-log] (local-1) [host] [2026-09-28 11:41:38.191] [pid:39944] [zcode-host] [rpc:call] model-selection.getView OK (0.5ms)
[Z1 child] [2026-09-28 11:41:38.191] [pid:39944] [zcode-host] [rpc:call] graphEngineering.validateDefinition OK (0.1ms)
[2026-09-28 11:41:38.191] [pid:39944] [zcode-host] [rpc:call] model-selection.getView OK (0.5ms)
[Z1 child] [2026-09-28 11:41:38.227] [pid:39944] [zcode-host] [rpc:call] graphEngineering.recipes OK (0.9ms)
[2026-09-28 11:41:38.228] [pid:32100] [main] [host-log] (local-1) [host] [2026-09-28 11:41:38.227] [pid:39944] [zcode-host] [rpc:call] graphEngineering.recipes OK (0.9ms)
[Z1 child] [2026-09-28 11:41:38.254] [pid:39944] [zcode-host] [rpc:call] graphWorkflow.projectSetup OK (7.5ms)
[2026-09-28 11:41:38.254] [pid:32100] [main] [host-log] (local-1) [host] [2026-09-28 11:41:38.254] [pid:39944] [zcode-host] [rpc:call] graphWorkflow.projectSetup OK (7.5ms)
[Z1 child] [2026-09-28 11:41:38.418] [pid:39944] [settingService] reading settings from: C:\Users\USER\Desktop\Personal\ZCode\.tmp\z1-native-1790566888278-3b5c94\home\.zcode\v2\setting.json
[Z1 child] [2026-09-28 11:41:38.418] [pid:39944] [settingService] read result: {"recentProjects":["C:\\Users\\USER\\Desktop\\Personal\\ZCode\\.tmp\\z1-native-1790566888278-3b5c94\\workspace-u2-scan"],"locale":"zh-CN","localePreference":"en-US","terminalInheritSystemProfile":true,"embeddedBrowserAllowInsecureCertificates":false,"embeddedBrowserViewportPreference":{"mode":"normal","viewport":{"width":393,"height":852},"zoom":"fit"},"computerUseComposerEntryHidden":true,"taskAutoArchiveEnabled":false,"taskAutoArchiveOlderThanDays":7,"closeToTrayOnWindows":false,"closeToTrayOnWindowsMigrationInitialized":true,"keepAwakeWhileRunning":false,"desktopWindowSize":{"width":1280,"height":720,"maximized":false},"desktopChromiumHardwareAccelerationEnabled":true,"messageStreamShowReasoning":true,"messageStreamShowReasoningMigrationInitialized":true,"messageStreamShowTodos":false,"toolGroupingExploreEnabled":true,"toolGroupingTerminalEnabled":true,"toolGroupingChangesEnabled":false,"zcodeInteractionBehavior":"queue","askUserQuestionAutoResolutionEnabled":false,"modelIoFullRetentionEnabled":false,"startPlanRecommendationDismissed":false,"providerFamilyConnectionSelections":{},"providerFamilyDomain":"zai","providerFamilyDomainMigrated":true,"nativeSearchEnhancementsEnabled":true,"memoryEnabled":false,"lastWorkspaceSession":[{"kind":"local","workspacePath":"C:\\Users\\USER\\Desktop\\Personal\\ZCode\\.tmp\\z1-native-1790566888278-3b5c94\\workspace-u2-scan","workspacePurpose":"project"},{"kind":"local","workspacePath":"C:\\Users\\USER\\Desktop\\Personal\\ZCode\\.tmp\\z1-native-1790566888278-3b5c94\\workspace","workspacePurpose":"project"},{"kind":"local","workspacePath":"C:\\Users\\USER\\Desktop\\Personal\\ZCode\\.tmp\\z1-native-1790566888278-3b5c94\\data\\.zcode\\workspace\\default","workspacePurpose":"conversation"}],"lastActiveTabIndex":0,"receivePreviewUpdates":false,"autoDownloadAndInstallUpdates":false,"skippedElectronUpdateVersions":{},"settingsSyncFirstRunPromptHandled":true}
[Z1 child] [2026-09-28 11:41:38.418] [pid:39944] [settingService] writing settings to: C:\Users\USER\Desktop\Personal\ZCode\.tmp\z1-native-1790566888278-3b5c94\home\.zcode\v2\setting.json {"recentProjects":["C:\\Users\\USER\\Desktop\\Personal\\ZCode\\.tmp\\z1-native-1790566888278-3b5c94\\workspace-u2-scan"],"locale":"zh-CN","localePreference":"en-US","terminalInheritSystemProfile":true,"embeddedBrowserAllowInsecureCertificates":false,"embeddedBrowserViewportPreference":{"mode":"normal","viewport":{"width":393,"height":852},"zoom":"fit"},"computerUseComposerEntryHidden":true,"taskAutoArchiveEnabled":false,"taskAutoArchiveOlderThanDays":7,"closeToTrayOnWindows":false,"closeToTrayOnWindowsMigrationInitialized":true,"keepAwakeWhileRunning":false,"desktopWindowSize":{"width":1280,"height":720,"maximized":false},"desktopChromiumHardwareAccelerationEnabled":true,"messageStreamShowReasoning":true,"messageStreamShowReasoningMigrationInitialized":true,"messageStreamShowTodos":false,"toolGroupingExploreEnabled":true,"toolGroupingTerminalEnabled":true,"toolGroupingChangesEnabled":false,"zcodeInteractionBehavior":"queue","askUserQuestionAutoResolutionEnabled":false,"modelIoFullRetentionEnabled":false,"startPlanRecommendationDismissed":false,"providerFamilyConnectionSelections":{},"providerFamilyDomain":"zai","providerFamilyDomainMigrated":true,"nativeSearchEnhancementsEnabled":true,"memoryEnabled":false,"lastWorkspaceSession":[{"kind":"local","workspacePath":"C:\\Users\\USER\\Desktop\\Personal\\ZCode\\.tmp\\z1-native-1790566888278-3b5c94\\workspace-u2-scan","workspacePurpose":"project"},{"kind":"local","workspacePath":"C:\\Users\\USER\\Desktop\\Personal\\ZCode\\.tmp\\z1-native-1790566888278-3b5c94\\workspace","workspacePurpose":"project"},{"kind":"local","workspacePath":"C:\\Users\\USER\\Desktop\\Personal\\ZCode\\.tmp\\z1-native-1790566888278-3b5c94\\data\\.zcode\\workspace\\default","workspacePurpose":"conversation"}],"lastActiveTabIndex":0,"receivePreviewUpdates":false,"autoDownloadAndInstallUpdates":false,"skippedElectronUpdateVersions":{},"settingsSyncFirstRunPromptHandled":true}
[2026-09-28 11:41:38.419] [pid:32100] [main] [host-log] (local-1) [host] [2026-09-28 11:41:38.418] [pid:39944] [settingService] writing settings to: C:\Users\USER\Desktop\Personal\ZCode\.tmp\z1-native-1790566888278-3b5c94\home\.zcode\v2\setting.json {"recentProjects":["C:\\Users\\USER\\Desktop\\Personal\\ZCode\\.tmp\\z1-native-1790566888278-3b5c94\\workspace-u2-scan"],"locale":"zh-CN","localePreference":"en-US","terminalInheritSystemProfile":true,"embeddedBrowserAllowInsecureCertificates":false,"embeddedBrowserViewportPreference":{"mode":"normal","viewport":{"width":393,"height":852},"zoom":"fit"},"computerUseComposerEntryHidden":true,"taskAutoArchiveEnabled":false,"taskAutoArchiveOlderThanDays":7,"closeToTrayOnWindows":false,"closeToTrayOnWindowsMigrationInitialized":true,"keepAwakeWhileRunning":false,"desktopWindowSize":{"width":1280,"height":720,"maximized":false},"desktopChromiumHardwareAccelerationEnabled":true,"messageStreamShowReasoning":true,"messageStreamShowReasoningMigrationInitialized":true,"messageStreamShowTodos":false,"toolGroupingExploreEnabled":true,"toolGroupingTerminalEnabled":true,"toolGroupingChangesEnabled":false,"zcodeInteractionBehavior":"queue","askUserQuestionAutoResolutionEnabled":false,"modelIoFullRetentionEnabled":false,"startPlanRecommendationDismissed":false,"providerFamilyConnectionSelections":{},"providerFamilyDomain":"zai","providerFamilyDomainMigrated":true,"nativeSearchEnhancementsEnabled":true,"memoryEnabled":false,"lastWorkspaceSession":[{"kind":"local","workspacePath":"C:\\Users\\USER\\Desktop\\Personal\\ZCode\\.tmp\\z1-native-1790566888278-3b5c94\\workspace-u2-scan","workspacePurpose":"project"},{"kind":"local","workspacePath":"C:\\Users\\USER\\Desktop\\Personal\\ZCode\\.tmp\\z1-native-1790566888278-3b5c94\\workspace","workspacePurpose":"project"},{"kind":"local","workspacePath":"C:\\Users\\USER\\Desktop\\Personal\\ZCode\\.tmp\\z1-native-1790566888278-3b5c94\\data\\.zcode\\workspace\\default","workspacePurpose":"conversation"}],"lastActiveTabIndex":0,"receivePreviewUpdates":false,"autoDownloadAndInstallUpdates":false,"skippedElectronUpdateVersions":{},"settingsSyncFirstRunPromptHandled":true}
[2026-09-28 11:41:38.424] [pid:32100] [main] [host-log] (local-1) [host] [2026-09-28 11:41:38.423] [pid:39944] [settingService] write done
[Z1 child] [2026-09-28 11:41:38.423] [pid:39944] [settingService] write done
[2026-09-28 11:41:38.423] [pid:39944] [zcode-host] [rpc:call] setting.update OK (6.0ms)
[2026-09-28 11:41:38.425] [pid:32100] [main] [host-log] (local-1) [host] [2026-09-28 11:41:38.423] [pid:39944] [zcode-host] [rpc:call] setting.update OK (6.0ms)
[2026-09-28 11:41:38.530] [pid:32100] [renderer] v4 workspace connection reused {
  event: 'v4.workspace_connection.reused',
  isRemote: false,
  key: '__base__ C:\\Users\\USER\\Desktop\\Personal\\ZCode\\.tmp\\z1-native-1790566888278-3b5c94\\workspace',
  module: 'ui.v4.workspace_connection_registry',
  refCount: 1,
  serviceGeneration: 1,
  status: 'completed'
}
[2026-09-28 11:41:38.541] [pid:32100] [main] [host-log] (local-1) [host] [2026-09-28 11:41:38.541] [pid:39944] [zcode-host] [rpc:call] file-watcher.unwatch OK (0.1ms)
[Z1 child] [2026-09-28 11:41:38.541] [pid:39944] [zcode-host] [rpc:call] file-watcher.unwatch OK (0.1ms)
[2026-09-28 11:41:38.541] [pid:39944] [zcode-host] [rpc:call] file-watcher.unwatch OK (0.0ms)
[2026-09-28 11:41:38.541] [pid:39944] [zcode-host] [rpc:call] file-watcher.unwatch OK (0.0ms)
[2026-09-28 11:41:38.541] [pid:39944] [settingService] reading settings from: C:\Users\USER\Desktop\Personal\ZCode\.tmp\z1-native-1790566888278-3b5c94\home\.zcode\v2\setting.json
[2026-09-28 11:41:38.542] [pid:32100] [main] [host-log] (local-1) [host] [2026-09-28 11:41:38.541] [pid:39944] [zcode-host] [rpc:call] file-watcher.unwatch OK (0.0ms)
[2026-09-28 11:41:38.543] [pid:32100] [main] [host-log] (local-1) [host] [2026-09-28 11:41:38.541] [pid:39944] [zcode-host] [rpc:call] file-watcher.unwatch OK (0.0ms)
[2026-09-28 11:41:38.544] [pid:32100] [main] [host-log] (local-1) [host] [2026-09-28 11:41:38.542] [pid:39944] [zcode-host] [rpc:call] setting.get OK (0.6ms)
[2026-09-28 11:41:38.544] [pid:32100] [main] [host-log] (local-1) [host] [2026-09-28 11:41:38.542] [pid:39944] [zcode-host] [rpc:listen] model-selection.onDidChange subscribed
[2026-09-28 11:41:38.545] [pid:32100] [main] [host-log] (local-1) [host] [2026-09-28 11:41:38.542] [pid:39944] [zcode-host] [rpc:listen] model-selection.onDidChange subscribed
[Z1 child] [2026-09-28 11:41:38.542] [pid:39944] [settingService] read result: {"recentProjects":["C:\\Users\\USER\\Desktop\\Personal\\ZCode\\.tmp\\z1-native-1790566888278-3b5c94\\workspace-u2-scan"],"locale":"zh-CN","localePreference":"en-US","terminalInheritSystemProfile":true,"embeddedBrowserAllowInsecureCertificates":false,"embeddedBrowserViewportPreference":{"mode":"normal","viewport":{"width":393,"height":852},"zoom":"fit"},"computerUseComposerEntryHidden":true,"taskAutoArchiveEnabled":false,"taskAutoArchiveOlderThanDays":7,"closeToTrayOnWindows":false,"closeToTrayOnWindowsMigrationInitialized":true,"keepAwakeWhileRunning":false,"desktopWindowSize":{"width":1280,"height":720,"maximized":false},"desktopChromiumHardwareAccelerationEnabled":true,"messageStreamShowReasoning":true,"messageStreamShowReasoningMigrationInitialized":true,"messageStreamShowTodos":false,"toolGroupingExploreEnabled":true,"toolGroupingTerminalEnabled":true,"toolGroupingChangesEnabled":false,"zcodeInteractionBehavior":"queue","askUserQuestionAutoResolutionEnabled":false,"modelIoFullRetentionEnabled":false,"startPlanRecommendationDismissed":false,"providerFamilyConnectionSelections":{},"providerFamilyDomain":"zai","providerFamilyDomainMigrated":true,"nativeSearchEnhancementsEnabled":true,"memoryEnabled":false,"lastWorkspaceSession":[{"kind":"local","workspacePath":"C:\\Users\\USER\\Desktop\\Personal\\ZCode\\.tmp\\z1-native-1790566888278-3b5c94\\workspace-u2-scan","workspacePurpose":"project"},{"kind":"local","workspacePath":"C:\\Users\\USER\\Desktop\\Personal\\ZCode\\.tmp\\z1-native-1790566888278-3b5c94\\workspace","workspacePurpose":"project"},{"kind":"local","workspacePath":"C:\\Users\\USER\\Desktop\\Personal\\ZCode\\.tmp\\z1-native-1790566888278-3b5c94\\data\\.zcode\\workspace\\default","workspacePurpose":"conversation"}],"lastActiveTabIndex":0,"receivePreviewUpdates":false,"autoDownloadAndInstallUpdates":false,"skippedElectronUpdateVersions":{},"settingsSyncFirstRunPromptHandled":true}
[2026-09-28 11:41:38.542] [pid:39944] [zcode-host] [rpc:call] setting.get OK (0.6ms)
[2026-09-28 11:41:38.542] [pid:39944] [zcode-host] [rpc:listen] model-selection.onDidChange subscribed
[2026-09-28 11:41:38.542] [pid:39944] [zcode-host] [rpc:listen] model-selection.onDidChange subscribed
[Z1 child] [2026-09-28 11:41:38.550] [pid:39944] [settingService] reading settings from: C:\Users\USER\Desktop\Personal\ZCode\.tmp\z1-native-1790566888278-3b5c94\home\.zcode\v2\setting.json
[Z1 child] [2026-09-28 11:41:38.550] [pid:39944] [zcode-host] [rpc:call] model-selection.getView OK (8.3ms)
[2026-09-28 11:41:38.551] [pid:32100] [main] [host-log] (local-1) [host] [2026-09-28 11:41:38.550] [pid:39944] [zcode-host] [rpc:call] model-selection.getView OK (8.3ms)
[2026-09-28 11:41:38.552] [pid:32100] [main] [host-log] (local-1) [host] [2026-09-28 11:41:38.551] [pid:39944] [zcode-host] [rpc:call] model-selection.getView OK (8.5ms)
[2026-09-28 11:41:38.553] [pid:32100] [main] [host-log] (local-1) [host] [2026-09-28 11:41:38.551] [pid:39944] [zcode-host] [rpc:call] settings-sync.getFirstRunPromptState OK (1.3ms)
[Z1 child] [2026-09-28 11:41:38.551] [pid:39944] [zcode-host] [rpc:call] model-selection.getView OK (8.5ms)
[2026-09-28 11:41:38.551] [pid:39944] [settingService] read result: {"recentProjects":["C:\\Users\\USER\\Desktop\\Personal\\ZCode\\.tmp\\z1-native-1790566888278-3b5c94\\workspace-u2-scan"],"locale":"zh-CN","localePreference":"en-US","terminalInheritSystemProfile":true,"embeddedBrowserAllowInsecureCertificates":false,"embeddedBrowserViewportPreference":{"mode":"normal","viewport":{"width":393,"height":852},"zoom":"fit"},"computerUseComposerEntryHidden":true,"taskAutoArchiveEnabled":false,"taskAutoArchiveOlderThanDays":7,"closeToTrayOnWindows":false,"closeToTrayOnWindowsMigrationInitialized":true,"keepAwakeWhileRunning":false,"desktopWindowSize":{"width":1280,"height":720,"maximized":false},"desktopChromiumHardwareAccelerationEnabled":true,"messageStreamShowReasoning":true,"messageStreamShowReasoningMigrationInitialized":true,"messageStreamShowTodos":false,"toolGroupingExploreEnabled":true,"toolGroupingTerminalEnabled":true,"toolGroupingChangesEnabled":false,"zcodeInteractionBehavior":"queue","askUserQuestionAutoResolutionEnabled":false,"modelIoFullRetentionEnabled":false,"startPlanRecommendationDismissed":false,"providerFamilyConnectionSelections":{},"providerFamilyDomain":"zai","providerFamilyDomainMigrated":true,"nativeSearchEnhancementsEnabled":true,"memoryEnabled":false,"lastWorkspaceSession":[{"kind":"local","workspacePath":"C:\\Users\\USER\\Desktop\\Personal\\ZCode\\.tmp\\z1-native-1790566888278-3b5c94\\workspace-u2-scan","workspacePurpose":"project"},{"kind":"local","workspacePath":"C:\\Users\\USER\\Desktop\\Personal\\ZCode\\.tmp\\z1-native-1790566888278-3b5c94\\workspace","workspacePurpose":"project"},{"kind":"local","workspacePath":"C:\\Users\\USER\\Desktop\\Personal\\ZCode\\.tmp\\z1-native-1790566888278-3b5c94\\data\\.zcode\\workspace\\default","workspacePurpose":"conversation"}],"lastActiveTabIndex":0,"receivePreviewUpdates":false,"autoDownloadAndInstallUpdates":false,"skippedElectronUpdateVersions":{},"settingsSyncFirstRunPromptHandled":true}
[2026-09-28 11:41:38.551] [pid:39944] [zcode-host] [rpc:call] settings-sync.getFirstRunPromptState OK (1.3ms)
[Z1 child] [2026-09-28 11:41:38.574] [pid:39944] [settingService] reading settings from: C:\Users\USER\Desktop\Personal\ZCode\.tmp\z1-native-1790566888278-3b5c94\home\.zcode\v2\setting.json
[Z1 child] [2026-09-28 11:41:38.574] [pid:39944] [settingService] read result: {"recentProjects":["C:\\Users\\USER\\Desktop\\Personal\\ZCode\\.tmp\\z1-native-1790566888278-3b5c94\\workspace-u2-scan"],"locale":"zh-CN","localePreference":"en-US","terminalInheritSystemProfile":true,"embeddedBrowserAllowInsecureCertificates":false,"embeddedBrowserViewportPreference":{"mode":"normal","viewport":{"width":393,"height":852},"zoom":"fit"},"computerUseComposerEntryHidden":true,"taskAutoArchiveEnabled":false,"taskAutoArchiveOlderThanDays":7,"closeToTrayOnWindows":false,"closeToTrayOnWindowsMigrationInitialized":true,"keepAwakeWhileRunning":false,"desktopWindowSize":{"width":1280,"height":720,"maximized":false},"desktopChromiumHardwareAccelerationEnabled":true,"messageStreamShowReasoning":true,"messageStreamShowReasoningMigrationInitialized":true,"messageStreamShowTodos":false,"toolGroupingExploreEnabled":true,"toolGroupingTerminalEnabled":true,"toolGroupingChangesEnabled":false,"zcodeInteractionBehavior":"queue","askUserQuestionAutoResolutionEnabled":false,"modelIoFullRetentionEnabled":false,"startPlanRecommendationDismissed":false,"providerFamilyConnectionSelections":{},"providerFamilyDomain":"zai","providerFamilyDomainMigrated":true,"nativeSearchEnhancementsEnabled":true,"memoryEnabled":false,"lastWorkspaceSession":[{"kind":"local","workspacePath":"C:\\Users\\USER\\Desktop\\Personal\\ZCode\\.tmp\\z1-native-1790566888278-3b5c94\\workspace-u2-scan","workspacePurpose":"project"},{"kind":"local","workspacePath":"C:\\Users\\USER\\Desktop\\Personal\\ZCode\\.tmp\\z1-native-1790566888278-3b5c94\\workspace","workspacePurpose":"project"},{"kind":"local","workspacePath":"C:\\Users\\USER\\Desktop\\Personal\\ZCode\\.tmp\\z1-native-1790566888278-3b5c94\\data\\.zcode\\workspace\\default","workspacePurpose":"conversation"}],"lastActiveTabIndex":0,"receivePreviewUpdates":false,"autoDownloadAndInstallUpdates":false,"skippedElectronUpdateVersions":{},"settingsSyncFirstRunPromptHandled":true}
[2026-09-28 11:41:38.600] [pid:32100] [renderer] v4 workspace connection lease released {
  event: 'v4.workspace_connection.release',
  keepWarmMs: 30000,
  key: '__base__ C:\\Users\\USER\\Desktop\\Personal\\ZCode\\.tmp\\z1-native-1790566888278-3b5c94\\workspace',
  module: 'ui.v4.workspace_connection_registry',
  refCount: 0,
  status: 'keep_warm'
}
[Z1 child] [2026-09-28 11:41:38.619] [pid:39944] [zcode-host] [rpc:listen] graphEngineering.onDidChange subscribed
[2026-09-28 11:41:38.620] [pid:32100] [main] [host-log] (local-1) [host] [2026-09-28 11:41:38.619] [pid:39944] [zcode-host] [rpc:listen] graphEngineering.onDidChange subscribed
[Z1 child] [2026-09-28 11:41:38.620] [pid:39944] [settingService] reading settings from: C:\Users\USER\Desktop\Personal\ZCode\.tmp\z1-native-1790566888278-3b5c94\home\.zcode\v2\setting.json
[2026-09-28 11:41:38.620] [pid:39944] [settingService] read result: {"recentProjects":["C:\\Users\\USER\\Desktop\\Personal\\ZCode\\.tmp\\z1-native-1790566888278-3b5c94\\workspace-u2-scan"],"locale":"zh-CN","localePreference":"en-US","terminalInheritSystemProfile":true,"embeddedBrowserAllowInsecureCertificates":false,"embeddedBrowserViewportPreference":{"mode":"normal","viewport":{"width":393,"height":852},"zoom":"fit"},"computerUseComposerEntryHidden":true,"taskAutoArchiveEnabled":false,"taskAutoArchiveOlderThanDays":7,"closeToTrayOnWindows":false,"closeToTrayOnWindowsMigrationInitialized":true,"keepAwakeWhileRunning":false,"desktopWindowSize":{"width":1280,"height":720,"maximized":false},"desktopChromiumHardwareAccelerationEnabled":true,"messageStreamShowReasoning":true,"messageStreamShowReasoningMigrationInitialized":true,"messageStreamShowTodos":false,"toolGroupingExploreEnabled":true,"toolGroupingTerminalEnabled":true,"toolGroupingChangesEnabled":false,"zcodeInteractionBehavior":"queue","askUserQuestionAutoResolutionEnabled":false,"modelIoFullRetentionEnabled":false,"startPlanRecommendationDismissed":false,"providerFamilyConnectionSelections":{},"providerFamilyDomain":"zai","providerFamilyDomainMigrated":true,"nativeSearchEnhancementsEnabled":true,"memoryEnabled":false,"lastWorkspaceSession":[{"kind":"local","workspacePath":"C:\\Users\\USER\\Desktop\\Personal\\ZCode\\.tmp\\z1-native-1790566888278-3b5c94\\workspace-u2-scan","workspacePurpose":"project"},{"kind":"local","workspacePath":"C:\\Users\\USER\\Desktop\\Personal\\ZCode\\.tmp\\z1-native-1790566888278-3b5c94\\workspace","workspacePurpose":"project"},{"kind":"local","workspacePath":"C:\\Users\\USER\\Desktop\\Personal\\ZCode\\.tmp\\z1-native-1790566888278-3b5c94\\data\\.zcode\\workspace\\default","workspacePurpose":"conversation"}],"lastActiveTabIndex":0,"receivePreviewUpdates":false,"autoDownloadAndInstallUpdates":false,"skippedElectronUpdateVersions":{},"settingsSyncFirstRunPromptHandled":true}
[2026-09-28 11:41:38.621] [pid:39944] [zcode-host] [rpc:call] graphEngineering.getWorkspace OK (1.7ms)
[2026-09-28 11:41:38.622] [pid:32100] [main] [host-log] (local-1) [host] [2026-09-28 11:41:38.621] [pid:39944] [zcode-host] [rpc:call] graphEngineering.getWorkspace OK (1.7ms)
[2026-09-28 11:41:38.623] [pid:32100] [main] [host-log] (local-1) [host] [2026-09-28 11:41:38.623] [pid:39944] [zcode-host] [rpc:call] zcode-agent.sendConversationCommandV4 OK (50.9ms)
[Z1 child] [2026-09-28 11:41:38.623] [pid:39944] [zcode-host] [rpc:call] zcode-agent.sendConversationCommandV4 OK (50.9ms)
[Z1 child] [2026-09-28 11:41:38.629] [pid:39944] [settingService] reading settings from: C:\Users\USER\Desktop\Personal\ZCode\.tmp\z1-native-1790566888278-3b5c94\home\.zcode\v2\setting.json
[Z1 child] [2026-09-28 11:41:38.630] [pid:39944] [settingService] read result: {"recentProjects":["C:\\Users\\USER\\Desktop\\Personal\\ZCode\\.tmp\\z1-native-1790566888278-3b5c94\\workspace-u2-scan"],"locale":"zh-CN","localePreference":"en-US","terminalInheritSystemProfile":true,"embeddedBrowserAllowInsecureCertificates":false,"embeddedBrowserViewportPreference":{"mode":"normal","viewport":{"width":393,"height":852},"zoom":"fit"},"computerUseComposerEntryHidden":true,"taskAutoArchiveEnabled":false,"taskAutoArchiveOlderThanDays":7,"closeToTrayOnWindows":false,"closeToTrayOnWindowsMigrationInitialized":true,"keepAwakeWhileRunning":false,"desktopWindowSize":{"width":1280,"height":720,"maximized":false},"desktopChromiumHardwareAccelerationEnabled":true,"messageStreamShowReasoning":true,"messageStreamShowReasoningMigrationInitialized":true,"messageStreamShowTodos":false,"toolGroupingExploreEnabled":true,"toolGroupingTerminalEnabled":true,"toolGroupingChangesEnabled":false,"zcodeInteractionBehavior":"queue","askUserQuestionAutoResolutionEnabled":false,"modelIoFullRetentionEnabled":false,"startPlanRecommendationDismissed":false,"providerFamilyConnectionSelections":{},"providerFamilyDomain":"zai","providerFamilyDomainMigrated":true,"nativeSearchEnhancementsEnabled":true,"memoryEnabled":false,"lastWorkspaceSession":[{"kind":"local","workspacePath":"C:\\Users\\USER\\Desktop\\Personal\\ZCode\\.tmp\\z1-native-1790566888278-3b5c94\\workspace-u2-scan","workspacePurpose":"project"},{"kind":"local","workspacePath":"C:\\Users\\USER\\Desktop\\Personal\\ZCode\\.tmp\\z1-native-1790566888278-3b5c94\\workspace","workspacePurpose":"project"},{"kind":"local","workspacePath":"C:\\Users\\USER\\Desktop\\Personal\\ZCode\\.tmp\\z1-native-1790566888278-3b5c94\\data\\.zcode\\workspace\\default","workspacePurpose":"conversation"}],"lastActiveTabIndex":0,"receivePreviewUpdates":false,"autoDownloadAndInstallUpdates":false,"skippedElectronUpdateVersions":{},"settingsSyncFirstRunPromptHandled":true}
[2026-09-28 11:41:38.630] [pid:39944] [zcode-host] [rpc:call] setting.get OK (0.6ms)
[2026-09-28 11:41:38.630] [pid:32100] [main] [host-log] (local-1) [host] [2026-09-28 11:41:38.630] [pid:39944] [zcode-host] [rpc:call] setting.get OK (0.6ms)
[Z1 child] [2026-09-28 11:41:38.633] [pid:39944] [zcode-host] [rpc:listen] model-selection.onDidChange subscribed
[2026-09-28 11:41:38.633] [pid:32100] [main] [host-log] (local-1) [host] [2026-09-28 11:41:38.633] [pid:39944] [zcode-host] [rpc:listen] model-selection.onDidChange subscribed
[2026-09-28 11:41:38.634] [pid:32100] [main] [host-log] (local-1) [host] [2026-09-28 11:41:38.633] [pid:39944] [zcode-host] [rpc:call] graphEngineering.validateDefinition OK (0.1ms)
[2026-09-28 11:41:38.635] [pid:32100] [main] [host-log] (local-1) [host] [2026-09-28 11:41:38.634] [pid:39944] [zcode-host] [rpc:call] model-selection.getView OK (0.9ms)
[Z1 child] [2026-09-28 11:41:38.633] [pid:39944] [zcode-host] [rpc:call] graphEngineering.validateDefinition OK (0.1ms)
[2026-09-28 11:41:38.634] [pid:39944] [zcode-host] [rpc:call] model-selection.getView OK (0.9ms)
[Z1 child] [2026-09-28 11:41:38.645] [pid:39944] [zcode-host] [rpc:call] zcode-agent.sendConversationCommandV4 OK (3.0ms)
[2026-09-28 11:41:38.646] [pid:32100] [main] [host-log] (local-1) [host] [2026-09-28 11:41:38.645] [pid:39944] [zcode-host] [rpc:call] zcode-agent.sendConversationCommandV4 OK (3.0ms)
[Z1 child] [2026-09-28 11:41:38.663] [pid:39944] [zcode-host] [rpc:call] git.refresh OK (120.7ms)
[2026-09-28 11:41:38.664] [pid:32100] [main] [host-log] (local-1) [host] [2026-09-28 11:41:38.663] [pid:39944] [zcode-host] [rpc:call] git.refresh OK (120.7ms)
[2026-09-28 11:41:38.665] [pid:32100] [settingService] writing settings to: C:\Users\USER\Desktop\Personal\ZCode\.tmp\z1-native-1790566888278-3b5c94\home\.zcode\v2\setting.json {"recentProjects":["C:\\Users\\USER\\Desktop\\Personal\\ZCode\\.tmp\\z1-native-1790566888278-3b5c94\\workspace-u2-scan"],"locale":"zh-CN","localePreference":"en-US","terminalInheritSystemProfile":true,"embeddedBrowserAllowInsecureCertificates":false,"embeddedBrowserViewportPreference":{"mode":"normal","viewport":{"width":393,"height":852},"zoom":"fit"},"computerUseComposerEntryHidden":true,"taskAutoArchiveEnabled":false,"taskAutoArchiveOlderThanDays":7,"closeToTrayOnWindows":false,"closeToTrayOnWindowsMigrationInitialized":true,"keepAwakeWhileRunning":false,"desktopWindowSize":{"width":1920,"height":1080,"maximized":false},"desktopChromiumHardwareAccelerationEnabled":true,"messageStreamShowReasoning":true,"messageStreamShowReasoningMigrationInitialized":true,"messageStreamShowTodos":false,"toolGroupingExploreEnabled":true,"toolGroupingTerminalEnabled":true,"toolGroupingChangesEnabled":false,"zcodeInteractionBehavior":"queue","askUserQuestionAutoResolutionEnabled":false,"modelIoFullRetentionEnabled":false,"startPlanRecommendationDismissed":false,"providerFamilyConnectionSelections":{},"providerFamilyDomain":"zai","providerFamilyDomainMigrated":true,"nativeSearchEnhancementsEnabled":true,"memoryEnabled":false,"lastWorkspaceSession":[{"kind":"local","workspacePath":"C:\\Users\\USER\\Desktop\\Personal\\ZCode\\.tmp\\z1-native-1790566888278-3b5c94\\workspace-u2-scan","workspacePurpose":"project"},{"kind":"local","workspacePath":"C:\\Users\\USER\\Desktop\\Personal\\ZCode\\.tmp\\z1-native-1790566888278-3b5c94\\workspace","workspacePurpose":"project"},{"kind":"local","workspacePath":"C:\\Users\\USER\\Desktop\\Personal\\ZCode\\.tmp\\z1-native-1790566888278-3b5c94\\data\\.zcode\\workspace\\default","workspacePurpose":"conversation"}],"lastActiveTabIndex":0,"receivePreviewUpdates":false,"autoDownloadAndInstallUpdates":false,"skippedElectronUpdateVersions":{},"settingsSyncFirstRunPromptHandled":true}
[Z1 child] [2026-09-28 11:41:38.669] [pid:39944] [zcode-host] [rpc:call] system.info OK (0.0ms)
[2026-09-28 11:41:38.669] [pid:32100] [main] [host-log] (local-1) [host] [2026-09-28 11:41:38.669] [pid:39944] [zcode-host] [rpc:call] system.info OK (0.0ms)
[Z1 child] [2026-09-28 11:41:38.670] [pid:39944] [zcode-host] [rpc:call] file-watcher.watch OK (1.2ms)
[2026-09-28 11:41:38.671] [pid:32100] [main] [host-log] (local-1) [host] [2026-09-28 11:41:38.670] [pid:39944] [zcode-host] [rpc:call] file-watcher.watch OK (1.2ms)
[Z1 child] [2026-09-28 11:41:38.672] [pid:39944] [zcode-host] [rpc:call] file-watcher.watch OK (1.3ms)
[2026-09-28 11:41:38.672] [pid:32100] [main] [host-log] (local-1) [host] [2026-09-28 11:41:38.672] [pid:39944] [zcode-host] [rpc:call] file-watcher.watch OK (1.3ms)
[2026-09-28 11:41:38.673] [pid:32100] [settingService] write done
[2026-09-28 11:41:38.673] [pid:32100] [main] [host-log] (local-1) [host] [2026-09-28 11:41:38.673] [pid:39944] [zcode-host] [rpc:call] file-watcher.watch OK (1.0ms)
[Z1 child] [2026-09-28 11:41:38.673] [pid:39944] [zcode-host] [rpc:call] file-watcher.watch OK (1.0ms)
[2026-09-28 11:41:38.673] [pid:39944] [zcode-host] [rpc:listen] file-watcher.onDynamicChange subscribed
[2026-09-28 11:41:38.673] [pid:39944] [zcode-host] [rpc:listen] file-watcher.onDynamicChange subscribed
[2026-09-28 11:41:38.673] [pid:39944] [zcode-host] [rpc:listen] file-watcher.onDynamicChange subscribed
[2026-09-28 11:41:38.674] [pid:32100] [main] [host-log] (local-1) [host] [2026-09-28 11:41:38.673] [pid:39944] [zcode-host] [rpc:listen] file-watcher.onDynamicChange subscribed
[2026-09-28 11:41:38.675] [pid:32100] [main] [host-log] (local-1) [host] [2026-09-28 11:41:38.673] [pid:39944] [zcode-host] [rpc:listen] file-watcher.onDynamicChange subscribed
[2026-09-28 11:41:38.676] [pid:32100] [main] [host-log] (local-1) [host] [2026-09-28 11:41:38.673] [pid:39944] [zcode-host] [rpc:listen] file-watcher.onDynamicChange subscribed
[Z1 child] [2026-09-28 11:41:38.704] [pid:39944] [zcode-host] [rpc:call] graphEngineering.recipes OK (4.8ms)
[2026-09-28 11:41:38.704] [pid:32100] [main] [host-log] (local-1) [host] [2026-09-28 11:41:38.704] [pid:39944] [zcode-host] [rpc:call] graphEngineering.recipes OK (4.8ms)
[Z1 child] [2026-09-28 11:41:38.745] [pid:39944] [zcode-host] [rpc:call] graphWorkflow.projectSetup OK (19.3ms)
[2026-09-28 11:41:38.745] [pid:32100] [main] [host-log] (local-1) [host] [2026-09-28 11:41:38.745] [pid:39944] [zcode-host] [rpc:call] graphWorkflow.projectSetup OK (19.3ms)
[Z1 child] [2026-09-28 11:41:38.828] [pid:39944] [settingService] reading settings from: C:\Users\USER\Desktop\Personal\ZCode\.tmp\z1-native-1790566888278-3b5c94\home\.zcode\v2\setting.json
[Z1 child] [2026-09-28 11:41:38.828] [pid:39944] [settingService] read result: {"recentProjects":["C:\\Users\\USER\\Desktop\\Personal\\ZCode\\.tmp\\z1-native-1790566888278-3b5c94\\workspace-u2-scan"],"locale":"zh-CN","localePreference":"en-US","terminalInheritSystemProfile":true,"embeddedBrowserAllowInsecureCertificates":false,"embeddedBrowserViewportPreference":{"mode":"normal","viewport":{"width":393,"height":852},"zoom":"fit"},"computerUseComposerEntryHidden":true,"taskAutoArchiveEnabled":false,"taskAutoArchiveOlderThanDays":7,"closeToTrayOnWindows":false,"closeToTrayOnWindowsMigrationInitialized":true,"keepAwakeWhileRunning":false,"desktopWindowSize":{"width":1920,"height":1080,"maximized":false},"desktopChromiumHardwareAccelerationEnabled":true,"messageStreamShowReasoning":true,"messageStreamShowReasoningMigrationInitialized":true,"messageStreamShowTodos":false,"toolGroupingExploreEnabled":true,"toolGroupingTerminalEnabled":true,"toolGroupingChangesEnabled":false,"zcodeInteractionBehavior":"queue","askUserQuestionAutoResolutionEnabled":false,"modelIoFullRetentionEnabled":false,"startPlanRecommendationDismissed":false,"providerFamilyConnectionSelections":{},"providerFamilyDomain":"zai","providerFamilyDomainMigrated":true,"nativeSearchEnhancementsEnabled":true,"memoryEnabled":false,"lastWorkspaceSession":[{"kind":"local","workspacePath":"C:\\Users\\USER\\Desktop\\Personal\\ZCode\\.tmp\\z1-native-1790566888278-3b5c94\\workspace-u2-scan","workspacePurpose":"project"},{"kind":"local","workspacePath":"C:\\Users\\USER\\Desktop\\Personal\\ZCode\\.tmp\\z1-native-1790566888278-3b5c94\\workspace","workspacePurpose":"project"},{"kind":"local","workspacePath":"C:\\Users\\USER\\Desktop\\Personal\\ZCode\\.tmp\\z1-native-1790566888278-3b5c94\\data\\.zcode\\workspace\\default","workspacePurpose":"conversation"}],"lastActiveTabIndex":0,"receivePreviewUpdates":false,"autoDownloadAndInstallUpdates":false,"skippedElectronUpdateVersions":{},"settingsSyncFirstRunPromptHandled":true}
[2026-09-28 11:41:38.828] [pid:39944] [settingService] writing settings to: C:\Users\USER\Desktop\Personal\ZCode\.tmp\z1-native-1790566888278-3b5c94\home\.zcode\v2\setting.json {"recentProjects":["C:\\Users\\USER\\Desktop\\Personal\\ZCode\\.tmp\\z1-native-1790566888278-3b5c94\\workspace-u2-scan"],"locale":"zh-CN","localePreference":"en-US","terminalInheritSystemProfile":true,"embeddedBrowserAllowInsecureCertificates":false,"embeddedBrowserViewportPreference":{"mode":"normal","viewport":{"width":393,"height":852},"zoom":"fit"},"computerUseComposerEntryHidden":true,"taskAutoArchiveEnabled":false,"taskAutoArchiveOlderThanDays":7,"closeToTrayOnWindows":false,"closeToTrayOnWindowsMigrationInitialized":true,"keepAwakeWhileRunning":false,"desktopWindowSize":{"width":1920,"height":1080,"maximized":false},"desktopChromiumHardwareAccelerationEnabled":true,"messageStreamShowReasoning":true,"messageStreamShowReasoningMigrationInitialized":true,"messageStreamShowTodos":false,"toolGroupingExploreEnabled":true,"toolGroupingTerminalEnabled":true,"toolGroupingChangesEnabled":false,"zcodeInteractionBehavior":"queue","askUserQuestionAutoResolutionEnabled":false,"modelIoFullRetentionEnabled":false,"startPlanRecommendationDismissed":false,"providerFamilyConnectionSelections":{},"providerFamilyDomain":"zai","providerFamilyDomainMigrated":true,"nativeSearchEnhancementsEnabled":true,"memoryEnabled":false,"lastWorkspaceSession":[{"kind":"local","workspacePath":"C:\\Users\\USER\\Desktop\\Personal\\ZCode\\.tmp\\z1-native-1790566888278-3b5c94\\workspace-u2-scan","workspacePurpose":"project"},{"kind":"local","workspacePath":"C:\\Users\\USER\\Desktop\\Personal\\ZCode\\.tmp\\z1-native-1790566888278-3b5c94\\workspace","workspacePurpose":"project"},{"kind":"local","workspacePath":"C:\\Users\\USER\\Desktop\\Personal\\ZCode\\.tmp\\z1-native-1790566888278-3b5c94\\data\\.zcode\\workspace\\default","workspacePurpose":"conversation"}],"lastActiveTabIndex":1,"receivePreviewUpdates":false,"autoDownloadAndInstallUpdates":false,"skippedElectronUpdateVersions":{},"settingsSyncFirstRunPromptHandled":true}
[2026-09-28 11:41:38.829] [pid:32100] [main] [host-log] (local-1) [host] [2026-09-28 11:41:38.828] [pid:39944] [settingService] writing settings to: C:\Users\USER\Desktop\Personal\ZCode\.tmp\z1-native-1790566888278-3b5c94\home\.zcode\v2\setting.json {"recentProjects":["C:\\Users\\USER\\Desktop\\Personal\\ZCode\\.tmp\\z1-native-1790566888278-3b5c94\\workspace-u2-scan"],"locale":"zh-CN","localePreference":"en-US","terminalInheritSystemProfile":true,"embeddedBrowserAllowInsecureCertificates":false,"embeddedBrowserViewportPreference":{"mode":"normal","viewport":{"width":393,"height":852},"zoom":"fit"},"computerUseComposerEntryHidden":true,"taskAutoArchiveEnabled":false,"taskAutoArchiveOlderThanDays":7,"closeToTrayOnWindows":false,"closeToTrayOnWindowsMigrationInitialized":true,"keepAwakeWhileRunning":false,"desktopWindowSize":{"width":1920,"height":1080,"maximized":false},"desktopChromiumHardwareAccelerationEnabled":true,"messageStreamShowReasoning":true,"messageStreamShowReasoningMigrationInitialized":true,"messageStreamShowTodos":false,"toolGroupingExploreEnabled":true,"toolGroupingTerminalEnabled":true,"toolGroupingChangesEnabled":false,"zcodeInteractionBehavior":"queue","askUserQuestionAutoResolutionEnabled":false,"modelIoFullRetentionEnabled":false,"startPlanRecommendationDismissed":false,"providerFamilyConnectionSelections":{},"providerFamilyDomain":"zai","providerFamilyDomainMigrated":true,"nativeSearchEnhancementsEnabled":true,"memoryEnabled":false,"lastWorkspaceSession":[{"kind":"local","workspacePath":"C:\\Users\\USER\\Desktop\\Personal\\ZCode\\.tmp\\z1-native-1790566888278-3b5c94\\workspace-u2-scan","workspacePurpose":"project"},{"kind":"local","workspacePath":"C:\\Users\\USER\\Desktop\\Personal\\ZCode\\.tmp\\z1-native-1790566888278-3b5c94\\workspace","workspacePurpose":"project"},{"kind":"local","workspacePath":"C:\\Users\\USER\\Desktop\\Personal\\ZCode\\.tmp\\z1-native-1790566888278-3b5c94\\data\\.zcode\\workspace\\default","workspacePurpose":"conversation"}],"lastActiveTabIndex":1,"receivePreviewUpdates":false,"autoDownloadAndInstallUpdates":false,"skippedElectronUpdateVersions":{},"settingsSyncFirstRunPromptHandled":true}
[Z1 child] [2026-09-28 11:41:38.834] [pid:39944] [settingService] write done
[2026-09-28 11:41:38.834] [pid:32100] [main] [host-log] (local-1) [host] [2026-09-28 11:41:38.834] [pid:39944] [settingService] write done
[2026-09-28 11:41:38.835] [pid:32100] [main] [host-log] (local-1) [host] [2026-09-28 11:41:38.834] [pid:39944] [zcode-host] [rpc:call] setting.update OK (6.3ms)
[Z1 child] [2026-09-28 11:41:38.834] [pid:39944] [zcode-host] [rpc:call] setting.update OK (6.3ms)
[Z1 child] [2026-09-28 11:41:38.850] [pid:39944] [zcode-host] [rpc:call] zcode-agent.subscribeSessionsIndexV4 OK (686.9ms)
[2026-09-28 11:41:38.851] [pid:32100] [main] [host-log] (local-1) [host] [2026-09-28 11:41:38.850] [pid:39944] [zcode-host] [rpc:call] zcode-agent.subscribeSessionsIndexV4 OK (686.9ms)
[2026-09-28 11:41:38.852] [pid:32100] [main] [host-log] (local-1) [host] [2026-09-28 11:41:38.850] [pid:39944] [zcode-agent-service] 为只读会话控制面启动 ZCode agent {"workspaceKey":"C:\\Users\\USER\\Desktop\\Personal\\ZCode\\.tmp\\z1-native-1790566888278-3b5c94\\workspace-u2-scan","workspacePath":"C:\\Users\\USER\\Desktop\\Personal\\ZCode\\.tmp\\z1-native-1790566888278-3b5c94\\workspace-u2-scan"}
[2026-09-28 11:41:38.853] [pid:32100] [main] [stability] perf_agent_ready reported {
  pid: 17792,
  runtimeGeneration: 1,
  runtimeInstanceId: 'agent-0c06b8d2-49f9-42ac-8688-9c45408b8d0e',
  startupDurationMs: 692
}
[2026-09-28 11:41:38.853] [pid:32100] [main] [host-log] (local-1) [host] [2026-09-28 11:41:38.850] [pid:39944] [zcode-agent-service] provider/model 就绪，允许 ZCode agent 模型执行 {"modelId":"z1-fixture","providerId":"z1-local-fixture","revision":"model-selection:1","workspaceKey":"C:\\Users\\USER\\Desktop\\Personal\\ZCode\\.tmp\\z1-native-1790566888278-3b5c94\\workspace-u2-scan","workspacePath":"C:\\Users\\USER\\Desktop\\Personal\\ZCode\\.tmp\\z1-native-1790566888278-3b5c94\\workspace-u2-scan"}
[Z1 child] [2026-09-28 11:41:38.850] [pid:39944] [zcode-agent-service] 为只读会话控制面启动 ZCode agent {
  workspaceKey: 'C:\\Users\\USER\\Desktop\\Personal\\ZCode\\.tmp\\z1-native-1790566888278-3b5c94\\workspace-u2-scan',
  workspacePath: 'C:\\Users\\USER\\Desktop\\Personal\\ZCode\\.tmp\\z1-native-1790566888278-3b5c94\\workspace-u2-scan'
}
[2026-09-28 11:41:38.850] [pid:39944] [zcode-agent-service] provider/model 就绪，允许 ZCode agent 模型执行 {
  modelId: 'z1-fixture',
  providerId: 'z1-local-fixture',
  revision: 'model-selection:1',
  workspaceKey: 'C:\\Users\\USER\\Desktop\\Personal\\ZCode\\.tmp\\z1-native-1790566888278-3b5c94\\workspace-u2-scan',
  workspacePath: 'C:\\Users\\USER\\Desktop\\Personal\\ZCode\\.tmp\\z1-native-1790566888278-3b5c94\\workspace-u2-scan'
}
[Z1 child] [2026-09-28 11:41:38.874] [pid:39944] [zcode-agent-service] account provider config 已交付到 ZCode agent {
  providerCount: 8,
  reason: 'workspace_read_presentation',
  receivedRevision: 'account:["zcode-builtin:30:4af9bc559b3046d0b4c537487d4185bb8eeac745d31d92de7f62c55fed99aca4",[{"providerId":"account:zai-individual-coding-plan","config":{"access":{"type":"zhipu-account","entitled":false}}},{"providerId":"account:zai-team-coding-plan","config":{"access":{"type":"zhipu-account","entitled":false}}},{"providerId":"account:zai-start-plan","config":{"access":{"type":"zhipu-account","entitled":false}}},{"providerId":"account:bigmodel-individual-coding-plan","config":{"access":{"type":"zhipu-account","entitled":false}}},{"providerId":"account:bigmodel-team-coding-plan","config":{"access":{"type":"zhipu-account","entitled":false}}},{"providerId":"account:bigmodel-start-plan","config":{"access":{"type":"zhipu-account","entitled":false}}},{"providerId":"account:zai-offpeak-idle-plan","config":{"access":{"type":"zhipu-account","entitled":false}}},{"providerId":"account:bigmodel-offpeak-idle-plan","config":{"access":{"type":"zhipu-account","entitled":false}}}],{"account:zai-individual-coding-plan":{"availability":"unavailable","entitled":false,"unavailableReason":"not-connected","current":false,"connectionKey":"41717a7a173a5e88981ed3b30d6c754715277dce3b302a8e7b1386cdf57b9b4c"},"account:zai-team-coding-plan":{"availability":"unavailable","entitled":false,"unavailableReason":"not-connected","current":false,"connectionKey":"41717a7a173a5e88981ed3b30d6c754715277dce3b302a8e7b1386cdf57b9b4c"},"account:zai-start-plan":{"availability":"unavailable","entitled":false,"unavailableReason":"not-connected","current":false,"connectionKey":"b20a8f39ea1865b9bdbc4f21e0774500034895a93cdf0c737917b6532ebedcea"},"account:bigmodel-individual-coding-plan":{"availability":"unavailable","entitled":false,"unavailableReason":"not-connected","current":false,"connectionKey":"145736c8450a04bf4ba21aee47794f53d87ea79c5dc4cc5b9f27fbf5b6038d53"},"account:bigmodel-team-coding-plan":{"availability":"unavailable","entitled":false,"unavailableReason":"not-connected","current":false,"connectionKey":"145736c8450a04bf4ba21aee47794f53d87ea79c5dc4cc5b9f27fbf5b6038d53"},"account:bigmodel-start-plan":{"availability":"unavailable","entitled":false,"unavailableReason":"not-connected","current":false,"connectionKey":"116fde2fcda0bb10f88164a63caadb0a0ec8611edcf75b35a9924684f9ba84bd"},"account:zai-offpeak-idle-plan":{"availability":"unavailable","entitled":false},"account:bigmodel-offpeak-idle-plan":{"availability":"unavailable","entitled":false}}]',
  status: 'received'
}
[2026-09-28 11:41:38.875] [pid:32100] [main] [host-log] (local-1) [host] [2026-09-28 11:41:38.874] [pid:39944] [zcode-agent-service] account provider config 已交付到 ZCode agent {"providerCount":8,"reason":"workspace_read_presentation","receivedRevision":"account:[\"zcode-builtin:30:4af9bc559b3046d0b4c537487d4185bb8eeac745d31d92de7f62c55fed99aca4\",[{\"providerId\":\"account:zai-individual-coding-plan\",\"config\":{\"access\":{\"type\":\"zhipu-account\",\"entitled\":false}}},{\"providerId\":\"account:zai-team-coding-plan\",\"config\":{\"access\":{\"type\":\"zhipu-account\",\"entitled\":false}}},{\"providerId\":\"account:zai-start-plan\",\"config\":{\"access\":{\"type\":\"zhipu-account\",\"entitled\":false}}},{\"providerId\":\"account:bigmodel-individual-coding-plan\",\"config\":{\"access\":{\"type\":\"zhipu-account\",\"entitled\":false}}},{\"providerId\":\"account:bigmodel-team-coding-plan\",\"config\":{\"access\":{\"type\":\"zhipu-account\",\"entitled\":false}}},{\"providerId\":\"account:bigmodel-start-plan\",\"config\":{\"access\":{\"type\":\"zhipu-account\",\"entitled\":false}}},{\"providerId\":\"account:zai-offpeak-idle-plan\",\"config\":{\"access\":{\"type\":\"zhipu-account\",\"entitled\":false}}},{\"providerId\":\"account:bigmodel-offpeak-idle-plan\",\"config\":{\"access\":{\"type\":\"zhipu-account\",\"entitled\":false}}}],{\"account:zai-individual-coding-plan\":{\"availability\":\"unavailable\",\"entitled\":false,\"unavailableReason\":\"not-connected\",\"current\":false,\"connectionKey\":\"41717a7a173a5e88981ed3b30d6c754715277dce3b302a8e7b1386cdf57b9b4c\"},\"account:zai-team-coding-plan\":{\"availability\":\"unavailable\",\"entitled\":false,\"unavailableReason\":\"not-connected\",\"current\":false,\"connectionKey\":\"41717a7a173a5e88981ed3b30d6c754715277dce3b302a8e7b1386cdf57b9b4c\"},\"account:zai-start-plan\":{\"availability\":\"unavailable\",\"entitled\":false,\"unavailableReason\":\"not-connected\",\"current\":false,\"connectionKey\":\"b20a8f39ea1865b9bdbc4f21e0774500034895a93cdf0c737917b6532ebedcea\"},\"account:bigmodel-individual-coding-plan\":{\"availability\":\"unavailable\",\"entitled\":false,\"unavailableReason\":\"not-connected\",\"current\":false,\"connectionKey\":\"145736c8450a04bf4ba21aee47794f53d87ea79c5dc4cc5b9f27fbf5b6038d53\"},\"account:bigmodel-team-coding-plan\":{\"availability\":\"unavailable\",\"entitled\":false,\"unavailableReason\":\"not-connected\",\"current\":false,\"connectionKey\":\"145736c8450a04bf4ba21aee47794f53d87ea79c5dc4cc5b9f27fbf5b6038d53\"},\"account:bigmodel-start-plan\":{\"availability\":\"unavailable\",\"entitled\":false,\"unavailableReason\":\"not-connected\",\"current\":false,\"connectionKey\":\"116fde2fcda0bb10f88164a63caadb0a0ec8611edcf75b35a9924684f9ba84bd\"},\"account:zai-offpeak-idle-plan\":{\"availability\":\"unavailable\",\"entitled\":false},\"account:bigmodel-offpeak-idle-plan\":{\"availability\":\"unavailable\",\"entitled\":false}}]","status":"received"}
[Z1 child] [2026-09-28 11:41:38.907] [pid:39944] [zcode-agent-service] ZCode Protocol workspace/readPresentation 完成 {
  durationMs: 760,
  slashCommandCount: 4,
  workspaceKey: 'C:\\Users\\USER\\Desktop\\Personal\\ZCode\\.tmp\\z1-native-1790566888278-3b5c94\\workspace-u2-scan',
  workspacePath: 'C:\\Users\\USER\\Desktop\\Personal\\ZCode\\.tmp\\z1-native-1790566888278-3b5c94\\workspace-u2-scan'
}
[2026-09-28 11:41:38.907] [pid:39944] [zcode-host] [rpc:call] zcode-session.readWorkspacePresentation OK (760.8ms)
[2026-09-28 11:41:38.911] [pid:39944] [settingService] reading settings from: C:\Users\USER\Desktop\Personal\ZCode\.tmp\z1-native-1790566888278-3b5c94\home\.zcode\v2\setting.json
[2026-09-28 11:41:38.911] [pid:39944] [settingService] read result: {"recentProjects":["C:\\Users\\USER\\Desktop\\Personal\\ZCode\\.tmp\\z1-native-1790566888278-3b5c94\\workspace-u2-scan"],"locale":"zh-CN","localePreference":"en-US","terminalInheritSystemProfile":true,"embeddedBrowserAllowInsecureCertificates":false,"embeddedBrowserViewportPreference":{"mode":"normal","viewport":{"width":393,"height":852},"zoom":"fit"},"computerUseComposerEntryHidden":true,"taskAutoArchiveEnabled":false,"taskAutoArchiveOlderThanDays":7,"closeToTrayOnWindows":false,"closeToTrayOnWindowsMigrationInitialized":true,"keepAwakeWhileRunning":false,"desktopWindowSize":{"width":1920,"height":1080,"maximized":false},"desktopChromiumHardwareAccelerationEnabled":true,"messageStreamShowReasoning":true,"messageStreamShowReasoningMigrationInitialized":true,"messageStreamShowTodos":false,"toolGroupingExploreEnabled":true,"toolGroupingTerminalEnabled":true,"toolGroupingChangesEnabled":false,"zcodeInteractionBehavior":"queue","askUserQuestionAutoResolutionEnabled":false,"modelIoFullRetentionEnabled":false,"startPlanRecommendationDismissed":false,"providerFamilyConnectionSelections":{},"providerFamilyDomain":"zai","providerFamilyDomainMigrated":true,"nativeSearchEnhancementsEnabled":true,"memoryEnabled":false,"lastWorkspaceSession":[{"kind":"local","workspacePath":"C:\\Users\\USER\\Desktop\\Personal\\ZCode\\.tmp\\z1-native-1790566888278-3b5c94\\workspace-u2-scan","workspacePurpose":"project"},{"kind":"local","workspacePath":"C:\\Users\\USER\\Desktop\\Personal\\ZCode\\.tmp\\z1-native-1790566888278-3b5c94\\workspace","workspacePurpose":"project"},{"kind":"local","workspacePath":"C:\\Users\\USER\\Desktop\\Personal\\ZCode\\.tmp\\z1-native-1790566888278-3b5c94\\data\\.zcode\\workspace\\default","workspacePurpose":"conversation"}],"lastActiveTabIndex":1,"receivePreviewUpdates":false,"autoDownloadAndInstallUpdates":false,"skippedElectronUpdateVersions":{},"settingsSyncFirstRunPromptHandled":true}
[2026-09-28 11:41:38.929] [pid:32100] [main] [host-log] (local-1) [host] [2026-09-28 11:41:38.907] [pid:39944] [zcode-agent-service] ZCode Protocol workspace/readPresentation 完成 {"durationMs":760,"slashCommandCount":4,"workspaceKey":"C:\\Users\\USER\\Desktop\\Personal\\ZCode\\.tmp\\z1-native-1790566888278-3b5c94\\workspace-u2-scan","workspacePath":"C:\\Users\\USER\\Desktop\\Personal\\ZCode\\.tmp\\z1-native-1790566888278-3b5c94\\workspace-u2-scan"}
[2026-09-28 11:41:38.930] [pid:32100] [main] [host-log] (local-1) [host] [2026-09-28 11:41:38.907] [pid:39944] [zcode-host] [rpc:call] zcode-session.readWorkspacePresentation OK (760.8ms)
[Z1 child] [2026-09-28 11:41:38.966] [pid:39944] [zcode-host] [rpc:call] zcode-agent.sendConversationCommandV4 OK (806.7ms)
[2026-09-28 11:41:38.966] [pid:32100] [main] [host-log] (local-1) [host] [2026-09-28 11:41:38.966] [pid:39944] [zcode-host] [rpc:call] zcode-agent.sendConversationCommandV4 OK (806.7ms)
[Z1 child] [2026-09-28 11:41:38.979] [pid:39944] [zcode-host] [rpc:call] zcode-agent.sendConversationCommandV4 OK (12.8ms)
[2026-09-28 11:41:38.980] [pid:32100] [main] [host-log] (local-1) [host] [2026-09-28 11:41:38.979] [pid:39944] [zcode-host] [rpc:call] zcode-agent.sendConversationCommandV4 OK (12.8ms)
[2026-09-28 11:41:39.047] [pid:32100] [settingService] writing settings to: C:\Users\USER\Desktop\Personal\ZCode\.tmp\z1-native-1790566888278-3b5c94\home\.zcode\v2\setting.json {"recentProjects":["C:\\Users\\USER\\Desktop\\Personal\\ZCode\\.tmp\\z1-native-1790566888278-3b5c94\\workspace-u2-scan"],"locale":"zh-CN","localePreference":"en-US","terminalInheritSystemProfile":true,"embeddedBrowserAllowInsecureCertificates":false,"embeddedBrowserViewportPreference":{"mode":"normal","viewport":{"width":393,"height":852},"zoom":"fit"},"computerUseComposerEntryHidden":true,"taskAutoArchiveEnabled":false,"taskAutoArchiveOlderThanDays":7,"closeToTrayOnWindows":false,"closeToTrayOnWindowsMigrationInitialized":true,"keepAwakeWhileRunning":false,"desktopWindowSize":{"width":1280,"height":720,"maximized":false},"desktopChromiumHardwareAccelerationEnabled":true,"messageStreamShowReasoning":true,"messageStreamShowReasoningMigrationInitialized":true,"messageStreamShowTodos":false,"toolGroupingExploreEnabled":true,"toolGroupingTerminalEnabled":true,"toolGroupingChangesEnabled":false,"zcodeInteractionBehavior":"queue","askUserQuestionAutoResolutionEnabled":false,"modelIoFullRetentionEnabled":false,"startPlanRecommendationDismissed":false,"providerFamilyConnectionSelections":{},"providerFamilyDomain":"zai","providerFamilyDomainMigrated":true,"nativeSearchEnhancementsEnabled":true,"memoryEnabled":false,"lastWorkspaceSession":[{"kind":"local","workspacePath":"C:\\Users\\USER\\Desktop\\Personal\\ZCode\\.tmp\\z1-native-1790566888278-3b5c94\\workspace-u2-scan","workspacePurpose":"project"},{"kind":"local","workspacePath":"C:\\Users\\USER\\Desktop\\Personal\\ZCode\\.tmp\\z1-native-1790566888278-3b5c94\\workspace","workspacePurpose":"project"},{"kind":"local","workspacePath":"C:\\Users\\USER\\Desktop\\Personal\\ZCode\\.tmp\\z1-native-1790566888278-3b5c94\\data\\.zcode\\workspace\\default","workspacePurpose":"conversation"}],"lastActiveTabIndex":1,"receivePreviewUpdates":false,"autoDownloadAndInstallUpdates":false,"skippedElectronUpdateVersions":{},"settingsSyncFirstRunPromptHandled":true}
[2026-09-28 11:41:39.056] [pid:32100] [settingService] write done
[Z1 child] [2026-09-28 11:41:39.119] [pid:39944] [zcode-host] [rpc:call] graphWorkflow.projectSetup OK (1.6ms)
[2026-09-28 11:41:39.119] [pid:32100] [main] [host-log] (local-1) [host] [2026-09-28 11:41:39.119] [pid:39944] [zcode-host] [rpc:call] graphWorkflow.projectSetup OK (1.6ms)
[Z1 child] [2026-09-28 11:41:39.349] [pid:39944] [zcode-host] [rpc:call] graphWorkflow.projectSetup OK (0.4ms)
[2026-09-28 11:41:39.350] [pid:32100] [main] [host-log] (local-1) [host] [2026-09-28 11:41:39.349] [pid:39944] [zcode-host] [rpc:call] graphWorkflow.projectSetup OK (0.4ms)
[Z1 child] [2026-09-28 11:41:39.375] [pid:39944] [zcode-host] [rpc:call] graphWorkflow.projectSetup OK (0.4ms)
[2026-09-28 11:41:39.376] [pid:32100] [main] [host-log] (local-1) [host] [2026-09-28 11:41:39.375] [pid:39944] [zcode-host] [rpc:call] graphWorkflow.projectSetup OK (0.4ms)
[Z1 child] [2026-09-28 11:41:39.402] [pid:39944] [zcode-host] [rpc:call] graphEngineering.recipes OK (20.6ms)
[2026-09-28 11:41:39.403] [pid:32100] [main] [host-log] (local-1) [host] [2026-09-28 11:41:39.402] [pid:39944] [zcode-host] [rpc:call] graphEngineering.recipes OK (20.6ms)
[Z1 child] [2026-09-28 11:41:39.403] [pid:39944] [settingService] reading settings from: C:\Users\USER\Desktop\Personal\ZCode\.tmp\z1-native-1790566888278-3b5c94\home\.zcode\v2\setting.json
[2026-09-28 11:41:39.403] [pid:39944] [settingService] read result: {"recentProjects":["C:\\Users\\USER\\Desktop\\Personal\\ZCode\\.tmp\\z1-native-1790566888278-3b5c94\\workspace-u2-scan"],"locale":"zh-CN","localePreference":"en-US","terminalInheritSystemProfile":true,"embeddedBrowserAllowInsecureCertificates":false,"embeddedBrowserViewportPreference":{"mode":"normal","viewport":{"width":393,"height":852},"zoom":"fit"},"computerUseComposerEntryHidden":true,"taskAutoArchiveEnabled":false,"taskAutoArchiveOlderThanDays":7,"closeToTrayOnWindows":false,"closeToTrayOnWindowsMigrationInitialized":true,"keepAwakeWhileRunning":false,"desktopWindowSize":{"width":1280,"height":720,"maximized":false},"desktopChromiumHardwareAccelerationEnabled":true,"messageStreamShowReasoning":true,"messageStreamShowReasoningMigrationInitialized":true,"messageStreamShowTodos":false,"toolGroupingExploreEnabled":true,"toolGroupingTerminalEnabled":true,"toolGroupingChangesEnabled":false,"zcodeInteractionBehavior":"queue","askUserQuestionAutoResolutionEnabled":false,"modelIoFullRetentionEnabled":false,"startPlanRecommendationDismissed":false,"providerFamilyConnectionSelections":{},"providerFamilyDomain":"zai","providerFamilyDomainMigrated":true,"nativeSearchEnhancementsEnabled":true,"memoryEnabled":false,"lastWorkspaceSession":[{"kind":"local","workspacePath":"C:\\Users\\USER\\Desktop\\Personal\\ZCode\\.tmp\\z1-native-1790566888278-3b5c94\\workspace-u2-scan","workspacePurpose":"project"},{"kind":"local","workspacePath":"C:\\Users\\USER\\Desktop\\Personal\\ZCode\\.tmp\\z1-native-1790566888278-3b5c94\\workspace","workspacePurpose":"project"},{"kind":"local","workspacePath":"C:\\Users\\USER\\Desktop\\Personal\\ZCode\\.tmp\\z1-native-1790566888278-3b5c94\\data\\.zcode\\workspace\\default","workspacePurpose":"conversation"}],"lastActiveTabIndex":1,"receivePreviewUpdates":false,"autoDownloadAndInstallUpdates":false,"skippedElectronUpdateVersions":{},"settingsSyncFirstRunPromptHandled":true}
[Z1 child] [2026-09-28 11:41:39.404] [pid:39944] [zcode-host] [rpc:call] graphEngineering.getWorkspace OK (0.9ms)
[2026-09-28 11:41:39.404] [pid:32100] [main] [host-log] (local-1) [host] [2026-09-28 11:41:39.404] [pid:39944] [zcode-host] [rpc:call] graphEngineering.getWorkspace OK (0.9ms)
[2026-09-28 11:41:39.405] [pid:32100] [settingService] writing settings to: C:\Users\USER\Desktop\Personal\ZCode\.tmp\z1-native-1790566888278-3b5c94\home\.zcode\v2\setting.json {"recentProjects":["C:\\Users\\USER\\Desktop\\Personal\\ZCode\\.tmp\\z1-native-1790566888278-3b5c94\\workspace-u2-scan"],"locale":"zh-CN","localePreference":"en-US","terminalInheritSystemProfile":true,"embeddedBrowserAllowInsecureCertificates":false,"embeddedBrowserViewportPreference":{"mode":"normal","viewport":{"width":393,"height":852},"zoom":"fit"},"computerUseComposerEntryHidden":true,"taskAutoArchiveEnabled":false,"taskAutoArchiveOlderThanDays":7,"closeToTrayOnWindows":false,"closeToTrayOnWindowsMigrationInitialized":true,"keepAwakeWhileRunning":false,"desktopWindowSize":{"width":1920,"height":1080,"maximized":false},"desktopChromiumHardwareAccelerationEnabled":true,"messageStreamShowReasoning":true,"messageStreamShowReasoningMigrationInitialized":true,"messageStreamShowTodos":false,"toolGroupingExploreEnabled":true,"toolGroupingTerminalEnabled":true,"toolGroupingChangesEnabled":false,"zcodeInteractionBehavior":"queue","askUserQuestionAutoResolutionEnabled":false,"modelIoFullRetentionEnabled":false,"startPlanRecommendationDismissed":false,"providerFamilyConnectionSelections":{},"providerFamilyDomain":"zai","providerFamilyDomainMigrated":true,"nativeSearchEnhancementsEnabled":true,"memoryEnabled":false,"lastWorkspaceSession":[{"kind":"local","workspacePath":"C:\\Users\\USER\\Desktop\\Personal\\ZCode\\.tmp\\z1-native-1790566888278-3b5c94\\workspace-u2-scan","workspacePurpose":"project"},{"kind":"local","workspacePath":"C:\\Users\\USER\\Desktop\\Personal\\ZCode\\.tmp\\z1-native-1790566888278-3b5c94\\workspace","workspacePurpose":"project"},{"kind":"local","workspacePath":"C:\\Users\\USER\\Desktop\\Personal\\ZCode\\.tmp\\z1-native-1790566888278-3b5c94\\data\\.zcode\\workspace\\default","workspacePurpose":"conversation"}],"lastActiveTabIndex":1,"receivePreviewUpdates":false,"autoDownloadAndInstallUpdates":false,"skippedElectronUpdateVersions":{},"settingsSyncFirstRunPromptHandled":true}
[2026-09-28 11:41:39.411] [pid:32100] [settingService] write done
[Z1 child] [2026-09-28 11:41:39.447] [pid:39944] [settingService] reading settings from: C:\Users\USER\Desktop\Personal\ZCode\.tmp\z1-native-1790566888278-3b5c94\home\.zcode\v2\setting.json
[Z1 child] [2026-09-28 11:41:39.448] [pid:39944] [settingService] read result: {"recentProjects":["C:\\Users\\USER\\Desktop\\Personal\\ZCode\\.tmp\\z1-native-1790566888278-3b5c94\\workspace-u2-scan"],"locale":"zh-CN","localePreference":"en-US","terminalInheritSystemProfile":true,"embeddedBrowserAllowInsecureCertificates":false,"embeddedBrowserViewportPreference":{"mode":"normal","viewport":{"width":393,"height":852},"zoom":"fit"},"computerUseComposerEntryHidden":true,"taskAutoArchiveEnabled":false,"taskAutoArchiveOlderThanDays":7,"closeToTrayOnWindows":false,"closeToTrayOnWindowsMigrationInitialized":true,"keepAwakeWhileRunning":false,"desktopWindowSize":{"width":1920,"height":1080,"maximized":false},"desktopChromiumHardwareAccelerationEnabled":true,"messageStreamShowReasoning":true,"messageStreamShowReasoningMigrationInitialized":true,"messageStreamShowTodos":false,"toolGroupingExploreEnabled":true,"toolGroupingTerminalEnabled":true,"toolGroupingChangesEnabled":false,"zcodeInteractionBehavior":"queue","askUserQuestionAutoResolutionEnabled":false,"modelIoFullRetentionEnabled":false,"startPlanRecommendationDismissed":false,"providerFamilyConnectionSelections":{},"providerFamilyDomain":"zai","providerFamilyDomainMigrated":true,"nativeSearchEnhancementsEnabled":true,"memoryEnabled":false,"lastWorkspaceSession":[{"kind":"local","workspacePath":"C:\\Users\\USER\\Desktop\\Personal\\ZCode\\.tmp\\z1-native-1790566888278-3b5c94\\workspace-u2-scan","workspacePurpose":"project"},{"kind":"local","workspacePath":"C:\\Users\\USER\\Desktop\\Personal\\ZCode\\.tmp\\z1-native-1790566888278-3b5c94\\workspace","workspacePurpose":"project"},{"kind":"local","workspacePath":"C:\\Users\\USER\\Desktop\\Personal\\ZCode\\.tmp\\z1-native-1790566888278-3b5c94\\data\\.zcode\\workspace\\default","workspacePurpose":"conversation"}],"lastActiveTabIndex":1,"receivePreviewUpdates":false,"autoDownloadAndInstallUpdates":false,"skippedElectronUpdateVersions":{},"settingsSyncFirstRunPromptHandled":true}
[2026-09-28 11:41:39.448] [pid:39944] [zcode-host] [rpc:call] setting.get OK (0.7ms)
[2026-09-28 11:41:39.448] [pid:32100] [main] [host-log] (local-1) [host] [2026-09-28 11:41:39.448] [pid:39944] [zcode-host] [rpc:call] setting.get OK (0.7ms)
[Z1 child] [2026-09-28 11:41:39.575] [pid:39944] [zcode-host] [rpc:call] graphWorkflow.projectSetup OK (35.6ms)
[2026-09-28 11:41:39.576] [pid:32100] [main] [host-log] (local-1) [host] [2026-09-28 11:41:39.575] [pid:39944] [zcode-host] [rpc:call] graphWorkflow.projectSetup OK (35.6ms)
[Z1 child] [2026-09-28 11:41:39.596] [pid:39944] [settingService] reading settings from: C:\Users\USER\Desktop\Personal\ZCode\.tmp\z1-native-1790566888278-3b5c94\home\.zcode\v2\setting.json
[Z1 child] [2026-09-28 11:41:39.597] [pid:39944] [settingService] read result: {"recentProjects":["C:\\Users\\USER\\Desktop\\Personal\\ZCode\\.tmp\\z1-native-1790566888278-3b5c94\\workspace-u2-scan"],"locale":"zh-CN","localePreference":"en-US","terminalInheritSystemProfile":true,"embeddedBrowserAllowInsecureCertificates":false,"embeddedBrowserViewportPreference":{"mode":"normal","viewport":{"width":393,"height":852},"zoom":"fit"},"computerUseComposerEntryHidden":true,"taskAutoArchiveEnabled":false,"taskAutoArchiveOlderThanDays":7,"closeToTrayOnWindows":false,"closeToTrayOnWindowsMigrationInitialized":true,"keepAwakeWhileRunning":false,"desktopWindowSize":{"width":1920,"height":1080,"maximized":false},"desktopChromiumHardwareAccelerationEnabled":true,"messageStreamShowReasoning":true,"messageStreamShowReasoningMigrationInitialized":true,"messageStreamShowTodos":false,"toolGroupingExploreEnabled":true,"toolGroupingTerminalEnabled":true,"toolGroupingChangesEnabled":false,"zcodeInteractionBehavior":"queue","askUserQuestionAutoResolutionEnabled":false,"modelIoFullRetentionEnabled":false,"startPlanRecommendationDismissed":false,"providerFamilyConnectionSelections":{},"providerFamilyDomain":"zai","providerFamilyDomainMigrated":true,"nativeSearchEnhancementsEnabled":true,"memoryEnabled":false,"lastWorkspaceSession":[{"kind":"local","workspacePath":"C:\\Users\\USER\\Desktop\\Personal\\ZCode\\.tmp\\z1-native-1790566888278-3b5c94\\workspace-u2-scan","workspacePurpose":"project"},{"kind":"local","workspacePath":"C:\\Users\\USER\\Desktop\\Personal\\ZCode\\.tmp\\z1-native-1790566888278-3b5c94\\workspace","workspacePurpose":"project"},{"kind":"local","workspacePath":"C:\\Users\\USER\\Desktop\\Personal\\ZCode\\.tmp\\z1-native-1790566888278-3b5c94\\data\\.zcode\\workspace\\default","workspacePurpose":"conversation"}],"lastActiveTabIndex":1,"receivePreviewUpdates":false,"autoDownloadAndInstallUpdates":false,"skippedElectronUpdateVersions":{},"settingsSyncFirstRunPromptHandled":true}
[Z1 child] [2026-09-28 11:41:39.627] [pid:39944] [zcode-host] [rpc:call] graphWorkflow.projectSetup OK (31.5ms)
[2026-09-28 11:41:39.628] [pid:32100] [main] [host-log] (local-1) [host] [2026-09-28 11:41:39.627] [pid:39944] [zcode-host] [rpc:call] graphWorkflow.projectSetup OK (31.5ms)
[Z1 child] [2026-09-28 11:41:39.856] [pid:39944] [settingService] reading settings from: C:\Users\USER\Desktop\Personal\ZCode\.tmp\z1-native-1790566888278-3b5c94\home\.zcode\v2\setting.json
[Z1 child] [2026-09-28 11:41:39.857] [pid:39944] [settingService] read result: {"recentProjects":["C:\\Users\\USER\\Desktop\\Personal\\ZCode\\.tmp\\z1-native-1790566888278-3b5c94\\workspace-u2-scan"],"locale":"zh-CN","localePreference":"en-US","terminalInheritSystemProfile":true,"embeddedBrowserAllowInsecureCertificates":false,"embeddedBrowserViewportPreference":{"mode":"normal","viewport":{"width":393,"height":852},"zoom":"fit"},"computerUseComposerEntryHidden":true,"taskAutoArchiveEnabled":false,"taskAutoArchiveOlderThanDays":7,"closeToTrayOnWindows":false,"closeToTrayOnWindowsMigrationInitialized":true,"keepAwakeWhileRunning":false,"desktopWindowSize":{"width":1920,"height":1080,"maximized":false},"desktopChromiumHardwareAccelerationEnabled":true,"messageStreamShowReasoning":true,"messageStreamShowReasoningMigrationInitialized":true,"messageStreamShowTodos":false,"toolGroupingExploreEnabled":true,"toolGroupingTerminalEnabled":true,"toolGroupingChangesEnabled":false,"zcodeInteractionBehavior":"queue","askUserQuestionAutoResolutionEnabled":false,"modelIoFullRetentionEnabled":false,"startPlanRecommendationDismissed":false,"providerFamilyConnectionSelections":{},"providerFamilyDomain":"zai","providerFamilyDomainMigrated":true,"nativeSearchEnhancementsEnabled":true,"memoryEnabled":false,"lastWorkspaceSession":[{"kind":"local","workspacePath":"C:\\Users\\USER\\Desktop\\Personal\\ZCode\\.tmp\\z1-native-1790566888278-3b5c94\\workspace-u2-scan","workspacePurpose":"project"},{"kind":"local","workspacePath":"C:\\Users\\USER\\Desktop\\Personal\\ZCode\\.tmp\\z1-native-1790566888278-3b5c94\\workspace","workspacePurpose":"project"},{"kind":"local","workspacePath":"C:\\Users\\USER\\Desktop\\Personal\\ZCode\\.tmp\\z1-native-1790566888278-3b5c94\\data\\.zcode\\workspace\\default","workspacePurpose":"conversation"}],"lastActiveTabIndex":1,"receivePreviewUpdates":false,"autoDownloadAndInstallUpdates":false,"skippedElectronUpdateVersions":{},"settingsSyncFirstRunPromptHandled":true}
[Z1 child] [2026-09-28 11:41:39.891] [pid:39944] [zcode-host] [rpc:call] graphWorkflow.projectSetup OK (34.9ms)
[2026-09-28 11:41:39.891] [pid:32100] [main] [host-log] (local-1) [host] [2026-09-28 11:41:39.891] [pid:39944] [zcode-host] [rpc:call] graphWorkflow.projectSetup OK (34.9ms)
[2026-09-28 11:41:39.917] [pid:32100] [settingService] writing settings to: C:\Users\USER\Desktop\Personal\ZCode\.tmp\z1-native-1790566888278-3b5c94\home\.zcode\v2\setting.json {"recentProjects":["C:\\Users\\USER\\Desktop\\Personal\\ZCode\\.tmp\\z1-native-1790566888278-3b5c94\\workspace-u2-scan"],"locale":"zh-CN","localePreference":"en-US","terminalInheritSystemProfile":true,"embeddedBrowserAllowInsecureCertificates":false,"embeddedBrowserViewportPreference":{"mode":"normal","viewport":{"width":393,"height":852},"zoom":"fit"},"computerUseComposerEntryHidden":true,"taskAutoArchiveEnabled":false,"taskAutoArchiveOlderThanDays":7,"closeToTrayOnWindows":false,"closeToTrayOnWindowsMigrationInitialized":true,"keepAwakeWhileRunning":false,"desktopWindowSize":{"width":1280,"height":720,"maximized":false},"desktopChromiumHardwareAccelerationEnabled":true,"messageStreamShowReasoning":true,"messageStreamShowReasoningMigrationInitialized":true,"messageStreamShowTodos":false,"toolGroupingExploreEnabled":true,"toolGroupingTerminalEnabled":true,"toolGroupingChangesEnabled":false,"zcodeInteractionBehavior":"queue","askUserQuestionAutoResolutionEnabled":false,"modelIoFullRetentionEnabled":false,"startPlanRecommendationDismissed":false,"providerFamilyConnectionSelections":{},"providerFamilyDomain":"zai","providerFamilyDomainMigrated":true,"nativeSearchEnhancementsEnabled":true,"memoryEnabled":false,"lastWorkspaceSession":[{"kind":"local","workspacePath":"C:\\Users\\USER\\Desktop\\Personal\\ZCode\\.tmp\\z1-native-1790566888278-3b5c94\\workspace-u2-scan","workspacePurpose":"project"},{"kind":"local","workspacePath":"C:\\Users\\USER\\Desktop\\Personal\\ZCode\\.tmp\\z1-native-1790566888278-3b5c94\\workspace","workspacePurpose":"project"},{"kind":"local","workspacePath":"C:\\Users\\USER\\Desktop\\Personal\\ZCode\\.tmp\\z1-native-1790566888278-3b5c94\\data\\.zcode\\workspace\\default","workspacePurpose":"conversation"}],"lastActiveTabIndex":1,"receivePreviewUpdates":false,"autoDownloadAndInstallUpdates":false,"skippedElectronUpdateVersions":{},"settingsSyncFirstRunPromptHandled":true}
[2026-09-28 11:41:39.923] [pid:32100] [settingService] write done
[Z1 child] [2026-09-28 11:41:40.050] [pid:39944] [zcode-agent-service] 开始初始化 ZCode agent {
  workspaceKey: 'C:\\Users\\USER\\Desktop\\Personal\\ZCode\\.tmp\\z1-native-1790566888278-3b5c94\\workspace',
  workspacePath: 'C:\\Users\\USER\\Desktop\\Personal\\ZCode\\.tmp\\z1-native-1790566888278-3b5c94\\workspace'
}
[2026-09-28 11:41:40.050] [pid:39944] [zcode-agent-service] ZCode agent 初始化完成 {
  durationMs: 0,
  transportKind: 'stdio',
  workspaceKey: 'C:\\Users\\USER\\Desktop\\Personal\\ZCode\\.tmp\\z1-native-1790566888278-3b5c94\\workspace',
  workspacePath: 'C:\\Users\\USER\\Desktop\\Personal\\ZCode\\.tmp\\z1-native-1790566888278-3b5c94\\workspace'
}
[2026-09-28 11:41:40.050] [pid:32100] [main] [host-log] (local-1) [host] [2026-09-28 11:41:40.050] [pid:39944] [zcode-agent-service] 开始初始化 ZCode agent {"workspaceKey":"C:\\Users\\USER\\Desktop\\Personal\\ZCode\\.tmp\\z1-native-1790566888278-3b5c94\\workspace","workspacePath":"C:\\Users\\USER\\Desktop\\Personal\\ZCode\\.tmp\\z1-native-1790566888278-3b5c94\\workspace"}
[Z1 child] [2026-09-28 11:41:40.050] [pid:39944] [zcode-session-service][trace:f9c70df0-9f85-4a0a-a307-b5d48f6b4ec1] [zcode-session-service] createSession 分配 session trace {
  persistence: 'deferred',
  workspaceIdentity: undefined,
  workspacePath: 'C:\\Users\\USER\\Desktop\\Personal\\ZCode\\.tmp\\z1-native-1790566888278-3b5c94\\workspace'
}
[2026-09-28 11:41:40.050] [pid:39944] [zcode-agent-service][trace:f9c70df0-9f85-4a0a-a307-b5d48f6b4ec1] 开始请求 ZCode Protocol session/create {
  hasInitialModel: false,
  hasInitialThoughtLevel: false,
  initialModel: null,
  mcpServerCount: 0,
  mcpServerNames: [],
  persistence: 'deferred',
  workspaceKey: 'C:\\Users\\USER\\Desktop\\Personal\\ZCode\\.tmp\\z1-native-1790566888278-3b5c94\\workspace',
  workspacePath: 'C:\\Users\\USER\\Desktop\\Personal\\ZCode\\.tmp\\z1-native-1790566888278-3b5c94\\workspace'
}
[2026-09-28 11:41:40.051] [pid:32100] [main] [host-log] (local-1) [host] [2026-09-28 11:41:40.050] [pid:39944] [zcode-agent-service] ZCode agent 初始化完成 {"durationMs":0,"transportKind":"stdio","workspaceKey":"C:\\Users\\USER\\Desktop\\Personal\\ZCode\\.tmp\\z1-native-1790566888278-3b5c94\\workspace","workspacePath":"C:\\Users\\USER\\Desktop\\Personal\\ZCode\\.tmp\\z1-native-1790566888278-3b5c94\\workspace"}
[2026-09-28 11:41:40.052] [pid:32100] [main] [host-log] (local-1) [host] [2026-09-28 11:41:40.050] [pid:39944] [zcode-session-service][trace:f9c70df0-9f85-4a0a-a307-b5d48f6b4ec1] [zcode-session-service] createSession 分配 session trace {"persistence":"deferred","workspacePath":"C:\\Users\\USER\\Desktop\\Personal\\ZCode\\.tmp\\z1-native-1790566888278-3b5c94\\workspace"}
[2026-09-28 11:41:40.053] [pid:32100] [main] [host-log] (local-1) [host] [2026-09-28 11:41:40.050] [pid:39944] [zcode-agent-service][trace:f9c70df0-9f85-4a0a-a307-b5d48f6b4ec1] 开始请求 ZCode Protocol session/create {"hasInitialModel":false,"hasInitialThoughtLevel":false,"initialModel":null,"mcpServerCount":0,"mcpServerNames":[],"persistence":"deferred","workspaceKey":"C:\\Users\\USER\\Desktop\\Personal\\ZCode\\.tmp\\z1-native-1790566888278-3b5c94\\workspace","workspacePath":"C:\\Users\\USER\\Desktop\\Personal\\ZCode\\.tmp\\z1-native-1790566888278-3b5c94\\workspace"}
[Z1 child] [2026-09-28 11:41:40.052] [pid:39944] [settingService] reading settings from: C:\Users\USER\Desktop\Personal\ZCode\.tmp\z1-native-1790566888278-3b5c94\home\.zcode\v2\setting.json
[2026-09-28 11:41:40.052] [pid:39944] [settingService] read result: {"recentProjects":["C:\\Users\\USER\\Desktop\\Personal\\ZCode\\.tmp\\z1-native-1790566888278-3b5c94\\workspace-u2-scan"],"locale":"zh-CN","localePreference":"en-US","terminalInheritSystemProfile":true,"embeddedBrowserAllowInsecureCertificates":false,"embeddedBrowserViewportPreference":{"mode":"normal","viewport":{"width":393,"height":852},"zoom":"fit"},"computerUseComposerEntryHidden":true,"taskAutoArchiveEnabled":false,"taskAutoArchiveOlderThanDays":7,"closeToTrayOnWindows":false,"closeToTrayOnWindowsMigrationInitialized":true,"keepAwakeWhileRunning":false,"desktopWindowSize":{"width":1280,"height":720,"maximized":false},"desktopChromiumHardwareAccelerationEnabled":true,"messageStreamShowReasoning":true,"messageStreamShowReasoningMigrationInitialized":true,"messageStreamShowTodos":false,"toolGroupingExploreEnabled":true,"toolGroupingTerminalEnabled":true,"toolGroupingChangesEnabled":false,"zcodeInteractionBehavior":"queue","askUserQuestionAutoResolutionEnabled":false,"modelIoFullRetentionEnabled":false,"startPlanRecommendationDismissed":false,"providerFamilyConnectionSelections":{},"providerFamilyDomain":"zai","providerFamilyDomainMigrated":true,"nativeSearchEnhancementsEnabled":true,"memoryEnabled":false,"lastWorkspaceSession":[{"kind":"local","workspacePath":"C:\\Users\\USER\\Desktop\\Personal\\ZCode\\.tmp\\z1-native-1790566888278-3b5c94\\workspace-u2-scan","workspacePurpose":"project"},{"kind":"local","workspacePath":"C:\\Users\\USER\\Desktop\\Personal\\ZCode\\.tmp\\z1-native-1790566888278-3b5c94\\workspace","workspacePurpose":"project"},{"kind":"local","workspacePath":"C:\\Users\\USER\\Desktop\\Personal\\ZCode\\.tmp\\z1-native-1790566888278-3b5c94\\data\\.zcode\\workspace\\default","workspacePurpose":"conversation"}],"lastActiveTabIndex":1,"receivePreviewUpdates":false,"autoDownloadAndInstallUpdates":false,"skippedElectronUpdateVersions":{},"settingsSyncFirstRunPromptHandled":true}
[Z1 child] [2026-09-28 11:41:40.112] [pid:39944] [zcode-agent-service][trace:f9c70df0-9f85-4a0a-a307-b5d48f6b4ec1] ZCode Protocol session/create 完成 {
  durationMs: 62,
  messageCount: 0,
  modelCurrent: 'z1-local-fixture/z1-fixture$enabled',
  mcpServerCount: 0,
  persistence: 'deferred',
  sessionId: 'sess_c0ba8006-b9a4-4cb4-a631-1394e0d14d7f',
  snapshotTraceId: 'f9c70df0-9f85-4a0a-a307-b5d48f6b4ec1',
  workspaceKey: 'C:\\Users\\USER\\Desktop\\Personal\\ZCode\\.tmp\\z1-native-1790566888278-3b5c94\\workspace',
  workspacePath: 'C:\\Users\\USER\\Desktop\\Personal\\ZCode\\.tmp\\z1-native-1790566888278-3b5c94\\workspace'
}
[2026-09-28 11:41:40.112] [pid:39944] [zcode-session-service][trace:f9c70df0-9f85-4a0a-a307-b5d48f6b4ec1] [zcode-session-service] createSession agent 返回 {
  durationMs: 62,
  mcpServerCount: 0,
  persistence: 'deferred',
  snapshotTraceId: 'f9c70df0-9f85-4a0a-a307-b5d48f6b4ec1',
  sessionId: 'sess_c0ba8006-b9a4-4cb4-a631-1394e0d14d7f',
  workspaceIdentity: undefined,
  workspacePath: 'C:\\Users\\USER\\Desktop\\Personal\\ZCode\\.tmp\\z1-native-1790566888278-3b5c94\\workspace'
}
[2026-09-28 11:41:40.113] [pid:32100] [main] [host-log] (local-1) [host] [2026-09-28 11:41:40.112] [pid:39944] [zcode-agent-service][trace:f9c70df0-9f85-4a0a-a307-b5d48f6b4ec1] ZCode Protocol session/create 完成 {"durationMs":62,"messageCount":0,"modelCurrent":"z1-local-fixture/z1-fixture$enabled","mcpServerCount":0,"persistence":"deferred","sessionId":"sess_c0ba8006-b9a4-4cb4-a631-1394e0d14d7f","snapshotTraceId":"f9c70df0-9f85-4a0a-a307-b5d48f6b4ec1","workspaceKey":"C:\\Users\\USER\\Desktop\\Personal\\ZCode\\.tmp\\z1-native-1790566888278-3b5c94\\workspace","workspacePath":"C:\\Users\\USER\\Desktop\\Personal\\ZCode\\.tmp\\z1-native-1790566888278-3b5c94\\workspace"}
[2026-09-28 11:41:40.113] [pid:32100] [main] [host-log] (local-1) [host] [2026-09-28 11:41:40.112] [pid:39944] [zcode-session-service][trace:f9c70df0-9f85-4a0a-a307-b5d48f6b4ec1] [zcode-session-service] createSession agent 返回 {"durationMs":62,"mcpServerCount":0,"persistence":"deferred","snapshotTraceId":"f9c70df0-9f85-4a0a-a307-b5d48f6b4ec1","sessionId":"sess_c0ba8006-b9a4-4cb4-a631-1394e0d14d7f","workspacePath":"C:\\Users\\USER\\Desktop\\Personal\\ZCode\\.tmp\\z1-native-1790566888278-3b5c94\\workspace"}
[Z1 child] [2026-09-28 11:41:40.173] [pid:39944] [zcode-host] [rpc:call] graphEngineering.run OK (281.6ms)
[2026-09-28 11:41:40.174] [pid:32100] [main] [host-log] (local-1) [host] [2026-09-28 11:41:40.173] [pid:39944] [zcode-host] [rpc:call] graphEngineering.run OK (281.6ms)
[Z1 child] [2026-09-28 11:41:40.173] [pid:39944] [settingService] reading settings from: C:\Users\USER\Desktop\Personal\ZCode\.tmp\z1-native-1790566888278-3b5c94\home\.zcode\v2\setting.json
[Z1 child] [2026-09-28 11:41:40.175] [pid:39944] [settingService] read result: {"recentProjects":["C:\\Users\\USER\\Desktop\\Personal\\ZCode\\.tmp\\z1-native-1790566888278-3b5c94\\workspace-u2-scan"],"locale":"zh-CN","localePreference":"en-US","terminalInheritSystemProfile":true,"embeddedBrowserAllowInsecureCertificates":false,"embeddedBrowserViewportPreference":{"mode":"normal","viewport":{"width":393,"height":852},"zoom":"fit"},"computerUseComposerEntryHidden":true,"taskAutoArchiveEnabled":false,"taskAutoArchiveOlderThanDays":7,"closeToTrayOnWindows":false,"closeToTrayOnWindowsMigrationInitialized":true,"keepAwakeWhileRunning":false,"desktopWindowSize":{"width":1280,"height":720,"maximized":false},"desktopChromiumHardwareAccelerationEnabled":true,"messageStreamShowReasoning":true,"messageStreamShowReasoningMigrationInitialized":true,"messageStreamShowTodos":false,"toolGroupingExploreEnabled":true,"toolGroupingTerminalEnabled":true,"toolGroupingChangesEnabled":false,"zcodeInteractionBehavior":"queue","askUserQuestionAutoResolutionEnabled":false,"modelIoFullRetentionEnabled":false,"startPlanRecommendationDismissed":false,"providerFamilyConnectionSelections":{},"providerFamilyDomain":"zai","providerFamilyDomainMigrated":true,"nativeSearchEnhancementsEnabled":true,"memoryEnabled":false,"lastWorkspaceSession":[{"kind":"local","workspacePath":"C:\\Users\\USER\\Desktop\\Personal\\ZCode\\.tmp\\z1-native-1790566888278-3b5c94\\workspace-u2-scan","workspacePurpose":"project"},{"kind":"local","workspacePath":"C:\\Users\\USER\\Desktop\\Personal\\ZCode\\.tmp\\z1-native-1790566888278-3b5c94\\workspace","workspacePurpose":"project"},{"kind":"local","workspacePath":"C:\\Users\\USER\\Desktop\\Personal\\ZCode\\.tmp\\z1-native-1790566888278-3b5c94\\data\\.zcode\\workspace\\default","workspacePurpose":"conversation"}],"lastActiveTabIndex":1,"receivePreviewUpdates":false,"autoDownloadAndInstallUpdates":false,"skippedElectronUpdateVersions":{},"settingsSyncFirstRunPromptHandled":true}
[Z1 child] [2026-09-28 11:41:40.176] [pid:39944] [zcode-host] [rpc:call] graphEngineering.getWorkspace OK (234.1ms)
[2026-09-28 11:41:40.177] [pid:32100] [main] [host-log] (local-1) [host] [2026-09-28 11:41:40.176] [pid:39944] [zcode-host] [rpc:call] graphEngineering.getWorkspace OK (234.1ms)
[Z1 child] [2026-09-28 11:41:40.176] [pid:39944] [settingService] reading settings from: C:\Users\USER\Desktop\Personal\ZCode\.tmp\z1-native-1790566888278-3b5c94\home\.zcode\v2\setting.json
[2026-09-28 11:41:40.177] [pid:39944] [settingService] read result: {"recentProjects":["C:\\Users\\USER\\Desktop\\Personal\\ZCode\\.tmp\\z1-native-1790566888278-3b5c94\\workspace-u2-scan"],"locale":"zh-CN","localePreference":"en-US","terminalInheritSystemProfile":true,"embeddedBrowserAllowInsecureCertificates":false,"embeddedBrowserViewportPreference":{"mode":"normal","viewport":{"width":393,"height":852},"zoom":"fit"},"computerUseComposerEntryHidden":true,"taskAutoArchiveEnabled":false,"taskAutoArchiveOlderThanDays":7,"closeToTrayOnWindows":false,"closeToTrayOnWindowsMigrationInitialized":true,"keepAwakeWhileRunning":false,"desktopWindowSize":{"width":1280,"height":720,"maximized":false},"desktopChromiumHardwareAccelerationEnabled":true,"messageStreamShowReasoning":true,"messageStreamShowReasoningMigrationInitialized":true,"messageStreamShowTodos":false,"toolGroupingExploreEnabled":true,"toolGroupingTerminalEnabled":true,"toolGroupingChangesEnabled":false,"zcodeInteractionBehavior":"queue","askUserQuestionAutoResolutionEnabled":false,"modelIoFullRetentionEnabled":false,"startPlanRecommendationDismissed":false,"providerFamilyConnectionSelections":{},"providerFamilyDomain":"zai","providerFamilyDomainMigrated":true,"nativeSearchEnhancementsEnabled":true,"memoryEnabled":false,"lastWorkspaceSession":[{"kind":"local","workspacePath":"C:\\Users\\USER\\Desktop\\Personal\\ZCode\\.tmp\\z1-native-1790566888278-3b5c94\\workspace-u2-scan","workspacePurpose":"project"},{"kind":"local","workspacePath":"C:\\Users\\USER\\Desktop\\Personal\\ZCode\\.tmp\\z1-native-1790566888278-3b5c94\\workspace","workspacePurpose":"project"},{"kind":"local","workspacePath":"C:\\Users\\USER\\Desktop\\Personal\\ZCode\\.tmp\\z1-native-1790566888278-3b5c94\\data\\.zcode\\workspace\\default","workspacePurpose":"conversation"}],"lastActiveTabIndex":1,"receivePreviewUpdates":false,"autoDownloadAndInstallUpdates":false,"skippedElectronUpdateVersions":{},"settingsSyncFirstRunPromptHandled":true}
[Z1 child] [2026-09-28 11:41:40.178] [pid:39944] [zcode-host] [rpc:call] graphEngineering.getWorkspace OK (127.1ms)
[2026-09-28 11:41:40.178] [pid:32100] [main] [host-log] (local-1) [host] [2026-09-28 11:41:40.178] [pid:39944] [zcode-host] [rpc:call] graphEngineering.getWorkspace OK (127.1ms)
[Z1 child] [2026-09-28 11:41:40.178] [pid:39944] [settingService] reading settings from: C:\Users\USER\Desktop\Personal\ZCode\.tmp\z1-native-1790566888278-3b5c94\home\.zcode\v2\setting.json
[2026-09-28 11:41:40.178] [pid:39944] [settingService] read result: {"recentProjects":["C:\\Users\\USER\\Desktop\\Personal\\ZCode\\.tmp\\z1-native-1790566888278-3b5c94\\workspace-u2-scan"],"locale":"zh-CN","localePreference":"en-US","terminalInheritSystemProfile":true,"embeddedBrowserAllowInsecureCertificates":false,"embeddedBrowserViewportPreference":{"mode":"normal","viewport":{"width":393,"height":852},"zoom":"fit"},"computerUseComposerEntryHidden":true,"taskAutoArchiveEnabled":false,"taskAutoArchiveOlderThanDays":7,"closeToTrayOnWindows":false,"closeToTrayOnWindowsMigrationInitialized":true,"keepAwakeWhileRunning":false,"desktopWindowSize":{"width":1280,"height":720,"maximized":false},"desktopChromiumHardwareAccelerationEnabled":true,"messageStreamShowReasoning":true,"messageStreamShowReasoningMigrationInitialized":true,"messageStreamShowTodos":false,"toolGroupingExploreEnabled":true,"toolGroupingTerminalEnabled":true,"toolGroupingChangesEnabled":false,"zcodeInteractionBehavior":"queue","askUserQuestionAutoResolutionEnabled":false,"modelIoFullRetentionEnabled":false,"startPlanRecommendationDismissed":false,"providerFamilyConnectionSelections":{},"providerFamilyDomain":"zai","providerFamilyDomainMigrated":true,"nativeSearchEnhancementsEnabled":true,"memoryEnabled":false,"lastWorkspaceSession":[{"kind":"local","workspacePath":"C:\\Users\\USER\\Desktop\\Personal\\ZCode\\.tmp\\z1-native-1790566888278-3b5c94\\workspace-u2-scan","workspacePurpose":"project"},{"kind":"local","workspacePath":"C:\\Users\\USER\\Desktop\\Personal\\ZCode\\.tmp\\z1-native-1790566888278-3b5c94\\workspace","workspacePurpose":"project"},{"kind":"local","workspacePath":"C:\\Users\\USER\\Desktop\\Personal\\ZCode\\.tmp\\z1-native-1790566888278-3b5c94\\data\\.zcode\\workspace\\default","workspacePurpose":"conversation"}],"lastActiveTabIndex":1,"receivePreviewUpdates":false,"autoDownloadAndInstallUpdates":false,"skippedElectronUpdateVersions":{},"settingsSyncFirstRunPromptHandled":true}
[Z1 child] [2026-09-28 11:41:40.179] [pid:39944] [zcode-host] [rpc:call] graphEngineering.getWorkspace OK (63.6ms)
[2026-09-28 11:41:40.179] [pid:32100] [main] [host-log] (local-1) [host] [2026-09-28 11:41:40.179] [pid:39944] [zcode-host] [rpc:call] graphEngineering.getWorkspace OK (63.6ms)
[Z1 child] [2026-09-28 11:41:40.179] [pid:39944] [settingService] reading settings from: C:\Users\USER\Desktop\Personal\ZCode\.tmp\z1-native-1790566888278-3b5c94\home\.zcode\v2\setting.json
[2026-09-28 11:41:40.179] [pid:39944] [settingService] read result: {"recentProjects":["C:\\Users\\USER\\Desktop\\Personal\\ZCode\\.tmp\\z1-native-1790566888278-3b5c94\\workspace-u2-scan"],"locale":"zh-CN","localePreference":"en-US","terminalInheritSystemProfile":true,"embeddedBrowserAllowInsecureCertificates":false,"embeddedBrowserViewportPreference":{"mode":"normal","viewport":{"width":393,"height":852},"zoom":"fit"},"computerUseComposerEntryHidden":true,"taskAutoArchiveEnabled":false,"taskAutoArchiveOlderThanDays":7,"closeToTrayOnWindows":false,"closeToTrayOnWindowsMigrationInitialized":true,"keepAwakeWhileRunning":false,"desktopWindowSize":{"width":1280,"height":720,"maximized":false},"desktopChromiumHardwareAccelerationEnabled":true,"messageStreamShowReasoning":true,"messageStreamShowReasoningMigrationInitialized":true,"messageStreamShowTodos":false,"toolGroupingExploreEnabled":true,"toolGroupingTerminalEnabled":true,"toolGroupingChangesEnabled":false,"zcodeInteractionBehavior":"queue","askUserQuestionAutoResolutionEnabled":false,"modelIoFullRetentionEnabled":false,"startPlanRecommendationDismissed":false,"providerFamilyConnectionSelections":{},"providerFamilyDomain":"zai","providerFamilyDomainMigrated":true,"nativeSearchEnhancementsEnabled":true,"memoryEnabled":false,"lastWorkspaceSession":[{"kind":"local","workspacePath":"C:\\Users\\USER\\Desktop\\Personal\\ZCode\\.tmp\\z1-native-1790566888278-3b5c94\\workspace-u2-scan","workspacePurpose":"project"},{"kind":"local","workspacePath":"C:\\Users\\USER\\Desktop\\Personal\\ZCode\\.tmp\\z1-native-1790566888278-3b5c94\\workspace","workspacePurpose":"project"},{"kind":"local","workspacePath":"C:\\Users\\USER\\Desktop\\Personal\\ZCode\\.tmp\\z1-native-1790566888278-3b5c94\\data\\.zcode\\workspace\\default","workspacePurpose":"conversation"}],"lastActiveTabIndex":1,"receivePreviewUpdates":false,"autoDownloadAndInstallUpdates":false,"skippedElectronUpdateVersions":{},"settingsSyncFirstRunPromptHandled":true}
[Z1 child] [2026-09-28 11:41:40.181] [pid:39944] [zcode-host] [rpc:call] zcode-task.listPinnedTaskIds OK (0.1ms)
[2026-09-28 11:41:40.181] [pid:32100] [main] [host-log] (local-1) [host] [2026-09-28 11:41:40.181] [pid:39944] [zcode-host] [rpc:call] zcode-task.listPinnedTaskIds OK (0.1ms)
[2026-09-28 11:41:40.182] [pid:32100] [main] [host-log] (local-1) [host] [2026-09-28 11:41:40.181] [pid:39944] [zcode-host] [rpc:call] zcode-task.listArchivedTasks OK (0.1ms)
[2026-09-28 11:41:40.182] [pid:32100] [main] [host-log] (local-1) [host] [2026-09-28 11:41:40.181] [pid:39944] [zcode-host] [rpc:call] zcode-task.listTasks OK (0.1ms)
[2026-09-28 11:41:40.183] [pid:32100] [main] [host-log] (local-1) [host] [2026-09-28 11:41:40.181] [pid:39944] [zcode-host] [rpc:call] zcode-task.listPinnedTasks OK (0.1ms)
[2026-09-28 11:41:40.184] [pid:32100] [main] [host-log] (local-1) [host] [2026-09-28 11:41:40.181] [pid:39944] [zcode-host] [rpc:call] zcode-task.listDeletedTaskIds OK (0.0ms)
[Z1 child] [2026-09-28 11:41:40.181] [pid:39944] [zcode-host] [rpc:call] zcode-task.listArchivedTasks OK (0.1ms)
[2026-09-28 11:41:40.181] [pid:39944] [zcode-host] [rpc:call] zcode-task.listTasks OK (0.1ms)
[2026-09-28 11:41:40.181] [pid:39944] [zcode-host] [rpc:call] zcode-task.listPinnedTasks OK (0.1ms)
[2026-09-28 11:41:40.181] [pid:39944] [zcode-host] [rpc:call] zcode-task.listDeletedTaskIds OK (0.0ms)
[2026-09-28 11:41:40.183] [pid:39944] [zcode-host] [rpc:call] graphEngineering.getWorkspace OK (43.1ms)
[2026-09-28 11:41:40.183] [pid:39944] [settingService] reading settings from: C:\Users\USER\Desktop\Personal\ZCode\.tmp\z1-native-1790566888278-3b5c94\home\.zcode\v2\setting.json
[2026-09-28 11:41:40.184] [pid:39944] [settingService] read result: {"recentProjects":["C:\\Users\\USER\\Desktop\\Personal\\ZCode\\.tmp\\z1-native-1790566888278-3b5c94\\workspace-u2-scan"],"locale":"zh-CN","localePreference":"en-US","terminalInheritSystemProfile":true,"embeddedBrowserAllowInsecureCertificates":false,"embeddedBrowserViewportPreference":{"mode":"normal","viewport":{"width":393,"height":852},"zoom":"fit"},"computerUseComposerEntryHidden":true,"taskAutoArchiveEnabled":false,"taskAutoArchiveOlderThanDays":7,"closeToTrayOnWindows":false,"closeToTrayOnWindowsMigrationInitialized":true,"keepAwakeWhileRunning":false,"desktopWindowSize":{"width":1280,"height":720,"maximized":false},"desktopChromiumHardwareAccelerationEnabled":true,"messageStreamShowReasoning":true,"messageStreamShowReasoningMigrationInitialized":true,"messageStreamShowTodos":false,"toolGroupingExploreEnabled":true,"toolGroupingTerminalEnabled":true,"toolGroupingChangesEnabled":false,"zcodeInteractionBehavior":"queue","askUserQuestionAutoResolutionEnabled":false,"modelIoFullRetentionEnabled":false,"startPlanRecommendationDismissed":false,"providerFamilyConnectionSelections":{},"providerFamilyDomain":"zai","providerFamilyDomainMigrated":true,"nativeSearchEnhancementsEnabled":true,"memoryEnabled":false,"lastWorkspaceSession":[{"kind":"local","workspacePath":"C:\\Users\\USER\\Desktop\\Personal\\ZCode\\.tmp\\z1-native-1790566888278-3b5c94\\workspace-u2-scan","workspacePurpose":"project"},{"kind":"local","workspacePath":"C:\\Users\\USER\\Desktop\\Personal\\ZCode\\.tmp\\z1-native-1790566888278-3b5c94\\workspace","workspacePurpose":"project"},{"kind":"local","workspacePath":"C:\\Users\\USER\\Desktop\\Personal\\ZCode\\.tmp\\z1-native-1790566888278-3b5c94\\data\\.zcode\\workspace\\default","workspacePurpose":"conversation"}],"lastActiveTabIndex":1,"receivePreviewUpdates":false,"autoDownloadAndInstallUpdates":false,"skippedElectronUpdateVersions":{},"settingsSyncFirstRunPromptHandled":true}
[2026-09-28 11:41:40.184] [pid:32100] [main] [host-log] (local-1) [host] [2026-09-28 11:41:40.183] [pid:39944] [zcode-host] [rpc:call] graphEngineering.getWorkspace OK (43.1ms)
[2026-09-28 11:41:40.185] [pid:32100] [main] [host-log] (local-1) [host] [2026-09-28 11:41:40.184] [pid:39944] [zcode-host] [rpc:call] graphEngineering.getWorkspace OK (10.5ms)
[2026-09-28 11:41:40.186] [pid:32100] [main] [host-log] (local-1) [host] [2026-09-28 11:41:40.185] [pid:39944] [zcode-host] [rpc:call] graphEngineering.getWorkspace OK (11.4ms)
[Z1 child] [2026-09-28 11:41:40.184] [pid:39944] [zcode-host] [rpc:call] graphEngineering.getWorkspace OK (10.5ms)
[2026-09-28 11:41:40.184] [pid:39944] [settingService] reading settings from: C:\Users\USER\Desktop\Personal\ZCode\.tmp\z1-native-1790566888278-3b5c94\home\.zcode\v2\setting.json
[2026-09-28 11:41:40.185] [pid:39944] [settingService] read result: {"recentProjects":["C:\\Users\\USER\\Desktop\\Personal\\ZCode\\.tmp\\z1-native-1790566888278-3b5c94\\workspace-u2-scan"],"locale":"zh-CN","localePreference":"en-US","terminalInheritSystemProfile":true,"embeddedBrowserAllowInsecureCertificates":false,"embeddedBrowserViewportPreference":{"mode":"normal","viewport":{"width":393,"height":852},"zoom":"fit"},"computerUseComposerEntryHidden":true,"taskAutoArchiveEnabled":false,"taskAutoArchiveOlderThanDays":7,"closeToTrayOnWindows":false,"closeToTrayOnWindowsMigrationInitialized":true,"keepAwakeWhileRunning":false,"desktopWindowSize":{"width":1280,"height":720,"maximized":false},"desktopChromiumHardwareAccelerationEnabled":true,"messageStreamShowReasoning":true,"messageStreamShowReasoningMigrationInitialized":true,"messageStreamShowTodos":false,"toolGroupingExploreEnabled":true,"toolGroupingTerminalEnabled":true,"toolGroupingChangesEnabled":false,"zcodeInteractionBehavior":"queue","askUserQuestionAutoResolutionEnabled":false,"modelIoFullRetentionEnabled":false,"startPlanRecommendationDismissed":false,"providerFamilyConnectionSelections":{},"providerFamilyDomain":"zai","providerFamilyDomainMigrated":true,"nativeSearchEnhancementsEnabled":true,"memoryEnabled":false,"lastWorkspaceSession":[{"kind":"local","workspacePath":"C:\\Users\\USER\\Desktop\\Personal\\ZCode\\.tmp\\z1-native-1790566888278-3b5c94\\workspace-u2-scan","workspacePurpose":"project"},{"kind":"local","workspacePath":"C:\\Users\\USER\\Desktop\\Personal\\ZCode\\.tmp\\z1-native-1790566888278-3b5c94\\workspace","workspacePurpose":"project"},{"kind":"local","workspacePath":"C:\\Users\\USER\\Desktop\\Personal\\ZCode\\.tmp\\z1-native-1790566888278-3b5c94\\data\\.zcode\\workspace\\default","workspacePurpose":"conversation"}],"lastActiveTabIndex":1,"receivePreviewUpdates":false,"autoDownloadAndInstallUpdates":false,"skippedElectronUpdateVersions":{},"settingsSyncFirstRunPromptHandled":true}
[2026-09-28 11:41:40.185] [pid:39944] [zcode-host] [rpc:call] graphEngineering.getWorkspace OK (11.4ms)
[Z1 child] [2026-09-28 11:41:40.765] [pid:39944] [cua-pip-session] [cua-pip-session] event delivery dropped {
  kind: 'focus-changed',
  revision: 4,
  sessionId: 'sess_c0ba8006-b9a4-4cb4-a631-1394e0d14d7f',
  sourceWindowId: 'window-1',
  skipReason: 'service-disabled'
}
[2026-09-28 11:41:40.765] [pid:32100] [main] [host-log] (local-1) [host] [2026-09-28 11:41:40.765] [pid:39944] [cua-pip-session] [cua-pip-session] event delivery dropped {"kind":"focus-changed","revision":4,"sessionId":"sess_c0ba8006-b9a4-4cb4-a631-1394e0d14d7f","sourceWindowId":"window-1","skipReason":"service-disabled"}
[2026-09-28 11:41:40.769] [pid:32100] [renderer] v4 workspace connection reused {
  event: 'v4.workspace_connection.reused',
  isRemote: false,
  key: '__base__ C:\\Users\\USER\\Desktop\\Personal\\ZCode\\.tmp\\z1-native-1790566888278-3b5c94\\workspace',
  module: 'ui.v4.workspace_connection_registry',
  refCount: 1,
  serviceGeneration: 1,
  status: 'completed'
}
INFO: Could not find files for the given pattern(s).
INFO: Could not find files for the given pattern(s).
[Z1 child] [2026-09-28 11:41:40.781] [pid:39944] [zcode-host] [rpc:call] zcode-task.getTaskSessionFilePath OK (0.0ms)
[2026-09-28 11:41:40.781] [pid:39944] [zcode-host] [rpc:call] zcode-task.getTaskNativeSessionLogFile OK (0.2ms)
[2026-09-28 11:41:40.782] [pid:39944] [settingService] reading settings from: C:\Users\USER\Desktop\Personal\ZCode\.tmp\z1-native-1790566888278-3b5c94\home\.zcode\v2\setting.json
[2026-09-28 11:41:40.782] [pid:39944] [zcode-host] [rpc:listen] graphEngineering.onDidChange subscribed
[2026-09-28 11:41:40.782] [pid:39944] [zcode-host] [rpc:call] graphEngineering.isSessionOwned OK (0.1ms)
[2026-09-28 11:41:40.782] [pid:39944] [zcode-host] [rpc:listen] model-selection.onDidChange subscribed
[2026-09-28 11:41:40.782] [pid:39944] [settingService] read result: {"recentProjects":["C:\\Users\\USER\\Desktop\\Personal\\ZCode\\.tmp\\z1-native-1790566888278-3b5c94\\workspace-u2-scan"],"locale":"zh-CN","localePreference":"en-US","terminalInheritSystemProfile":true,"embeddedBrowserAllowInsecureCertificates":false,"embeddedBrowserViewportPreference":{"mode":"normal","viewport":{"width":393,"height":852},"zoom":"fit"},"computerUseComposerEntryHidden":true,"taskAutoArchiveEnabled":false,"taskAutoArchiveOlderThanDays":7,"closeToTrayOnWindows":false,"closeToTrayOnWindowsMigrationInitialized":true,"keepAwakeWhileRunning":false,"desktopWindowSize":{"width":1280,"height":720,"maximized":false},"desktopChromiumHardwareAccelerationEnabled":true,"messageStreamShowReasoning":true,"messageStreamShowReasoningMigrationInitialized":true,"messageStreamShowTodos":false,"toolGroupingExploreEnabled":true,"toolGroupingTerminalEnabled":true,"toolGroupingChangesEnabled":false,"zcodeInteractionBehavior":"queue","askUserQuestionAutoResolutionEnabled":false,"modelIoFullRetentionEnabled":false,"startPlanRecommendationDismissed":false,"providerFamilyConnectionSelections":{},"providerFamilyDomain":"zai","providerFamilyDomainMigrated":true,"nativeSearchEnhancementsEnabled":true,"memoryEnabled":false,"lastWorkspaceSession":[{"kind":"local","workspacePath":"C:\\Users\\USER\\Desktop\\Personal\\ZCode\\.tmp\\z1-native-1790566888278-3b5c94\\workspace-u2-scan","workspacePurpose":"project"},{"kind":"local","workspacePath":"C:\\Users\\USER\\Desktop\\Personal\\ZCode\\.tmp\\z1-native-1790566888278-3b5c94\\workspace","workspacePurpose":"project"},{"kind":"local","workspacePath":"C:\\Users\\USER\\Desktop\\Personal\\ZCode\\.tmp\\z1-native-1790566888278-3b5c94\\data\\.zcode\\workspace\\default","workspacePurpose":"conversation"}],"lastActiveTabIndex":1,"receivePreviewUpdates":false,"autoDownloadAndInstallUpdates":false,"skippedElectronUpdateVersions":{},"settingsSyncFirstRunPromptHandled":true}
[2026-09-28 11:41:40.782] [pid:39944] [zcode-host] [rpc:call] setting.get OK (0.8ms)
[2026-09-28 11:41:40.783] [pid:39944] [zcode-host] [rpc:call] zcode-task.getTaskNativeSessionLogFile OK (0.2ms)
[2026-09-28 11:41:40.783] [pid:39944] [zcode-host] [rpc:call] zcode-task.getTaskSessionFilePath OK (0.0ms)
[2026-09-28 11:41:40.783] [pid:39944] [zcode-host] [rpc:call] model-selection.getView OK (1.2ms)
[2026-09-28 11:41:40.813] [pid:39944] [zcode-session-service] [zcode-session-service] readSession 历史快照读取完成 {
  deliveryKind: undefined,
  durationMs: 30,
  messageLimit: 1,
  sessionId: 'sess_c0ba8006-b9a4-4cb4-a631-1394e0d14d7f',
  snapshot: {
    activeTurnId: null,
    eventSeq: 2,
    messageCount: 0,
    pendingRequestCount: 1,
    sessionStatus: 'idle',
    stateRevision: 0
  },
  workspaceIdentity: null,
  workspacePath: 'C:\\Users\\USER\\Desktop\\Personal\\ZCode\\.tmp\\z1-native-1790566888278-3b5c94\\workspace'
}
[2026-09-28 11:41:40.813] [pid:39944] [zcode-host] [rpc:call] zcode-session.readSession OK (30.4ms)
[2026-09-28 11:41:40.813] [pid:39944] [zcode-host] [rpc:call] zcode-agent.conversationWorkflowRunsV4 OK (22.3ms)
[2026-09-28 11:41:40.816] [pid:39944] [zcode-host] [rpc:call] zcode-agent.subscribeConversationV4 OK (24.9ms)
[2026-09-28 11:41:40.820] [pid:39944] [zcode-host] [rpc:call] zcode-task.getTaskNativeSessionLogFile OK (0.2ms)
[2026-09-28 11:41:40.839] [pid:39944] [zcode-host] [rpc:listen] model-selection.onDidChange subscribed
[2026-09-28 11:41:41.033] [pid:32100] [main] [host-log] (local-1) [host] [2026-09-28 11:41:40.781] [pid:39944] [zcode-host] [rpc:call] zcode-task.getTaskSessionFilePath OK (0.0ms)
[2026-09-28 11:41:41.033] [pid:32100] [renderer] v4 conversation store connect started {
  event: 'v4.conversation.store.connect.started',
  generation: 1,
  hasBase: false,
  module: 'ui.v4.conversation_projection_store',
  status: 'started',
  topic: 'conversation/sess_c0ba8006-b9a4-4cb4-a631-1394e0d14d7f'
}
[2026-09-28 11:41:41.034] [pid:32100] [renderer] v4 conversation subscription started {
  workspaceKey: 'C:\\Users\\USER\\Desktop\\Personal\\ZCode\\.tmp\\z1-native-1790566888278-3b5c94\\workspace',
  workspacePath: 'C:\\Users\\USER\\Desktop\\Personal\\ZCode\\.tmp\\z1-native-1790566888278-3b5c94\\workspace',
  event: 'v4.conversation.subscribe.started',
  module: 'ui.v4.conversation_transport',
  runtimeGeneration: 0,
  sessionId: 'sess_c0ba8006-b9a4-4cb4-a631-1394e0d14d7f',
  status: 'started',
  topic: 'conversation/sess_c0ba8006-b9a4-4cb4-a631-1394e0d14d7f'
}
[2026-09-28 11:41:41.035] [pid:32100] [renderer] v4 session data lease acquired {
  event: 'v4.session_data.acquire',
  keepWarm: false,
  module: 'ui.v4.session_data_layer',
  openKind: 'cold',
  refCount: 1,
  sessionId: 'sess_c0ba8006-b9a4-4cb4-a631-1394e0d14d7f',
  status: 'completed',
  topic: 'conversation/sess_c0ba8006-b9a4-4cb4-a631-1394e0d14d7f'
}
[2026-09-28 11:41:41.036] [pid:32100] [renderer] v4 conversation subscription acknowledged {
  workspaceKey: 'C:\\Users\\USER\\Desktop\\Personal\\ZCode\\.tmp\\z1-native-1790566888278-3b5c94\\workspace',
  workspacePath: 'C:\\Users\\USER\\Desktop\\Personal\\ZCode\\.tmp\\z1-native-1790566888278-3b5c94\\workspace',
  durationMs: 45,
  event: 'v4.conversation.subscribe.acknowledged',
  module: 'ui.v4.conversation_transport',
  runtimeGeneration: 0,
  sessionId: 'sess_c0ba8006-b9a4-4cb4-a631-1394e0d14d7f',
  status: 'completed',
  subscriptionId: 'sub-mukpauh9-ib7tdf7e-1',
  topic: 'conversation/sess_c0ba8006-b9a4-4cb4-a631-1394e0d14d7f'
}
[2026-09-28 11:41:41.036] [pid:32100] [renderer] v4 conversation subscription activated {
  workspaceKey: 'C:\\Users\\USER\\Desktop\\Personal\\ZCode\\.tmp\\z1-native-1790566888278-3b5c94\\workspace',
  workspacePath: 'C:\\Users\\USER\\Desktop\\Personal\\ZCode\\.tmp\\z1-native-1790566888278-3b5c94\\workspace',
  event: 'v4.conversation.subscribe.activated',
  module: 'ui.v4.conversation_transport',
  runtimeGeneration: 0,
  status: 'completed',
  subscriptionId: 'sub-mukpauh9-ib7tdf7e-1',
  topic: 'conversation/sess_c0ba8006-b9a4-4cb4-a631-1394e0d14d7f'
}
[2026-09-28 11:41:41.037] [pid:32100] [renderer] v4 conversation store connect completed {
  durationMs: 47,
  event: 'v4.conversation.store.connect.completed',
  generation: 1,
  logEpoch: 'mukpauh9-ib7tdf7e',
  mode: 'snapshot',
  module: 'ui.v4.conversation_projection_store',
  status: 'completed',
  subscriptionId: 'sub-mukpauh9-ib7tdf7e-1',
  topic: 'conversation/sess_c0ba8006-b9a4-4cb4-a631-1394e0d14d7f'
}
[2026-09-28 11:41:41.038] [pid:32100] [main] [host-log] (local-1) [host] [2026-09-28 11:41:40.781] [pid:39944] [zcode-host] [rpc:call] zcode-task.getTaskNativeSessionLogFile OK (0.2ms)
[2026-09-28 11:41:41.039] [pid:32100] [main] [host-log] (local-1) [host] [2026-09-28 11:41:40.782] [pid:39944] [zcode-host] [rpc:listen] graphEngineering.onDidChange subscribed
[2026-09-28 11:41:41.039] [pid:32100] [main] [host-log] (local-1) [host] [2026-09-28 11:41:40.782] [pid:39944] [zcode-host] [rpc:call] graphEngineering.isSessionOwned OK (0.1ms)
[2026-09-28 11:41:41.041] [pid:32100] [main] [host-log] (local-1) [host] [2026-09-28 11:41:40.782] [pid:39944] [zcode-host] [rpc:listen] model-selection.onDidChange subscribed
[2026-09-28 11:41:41.041] [pid:32100] [main] [host-log] (local-1) [host] [2026-09-28 11:41:40.782] [pid:39944] [zcode-host] [rpc:call] setting.get OK (0.8ms)
[2026-09-28 11:41:41.042] [pid:32100] [main] [host-log] (local-1) [host] [2026-09-28 11:41:40.783] [pid:39944] [zcode-host] [rpc:call] zcode-task.getTaskNativeSessionLogFile OK (0.2ms)
[2026-09-28 11:41:41.043] [pid:32100] [main] [host-log] (local-1) [host] [2026-09-28 11:41:40.783] [pid:39944] [zcode-host] [rpc:call] zcode-task.getTaskSessionFilePath OK (0.0ms)
[2026-09-28 11:41:41.043] [pid:32100] [main] [host-log] (local-1) [host] [2026-09-28 11:41:40.783] [pid:39944] [zcode-host] [rpc:call] model-selection.getView OK (1.2ms)
[2026-09-28 11:41:41.044] [pid:32100] [main] [host-log] (local-1) [host] [2026-09-28 11:41:40.813] [pid:39944] [zcode-session-service] [zcode-session-service] readSession 历史快照读取完成 {"durationMs":30,"messageLimit":1,"sessionId":"sess_c0ba8006-b9a4-4cb4-a631-1394e0d14d7f","snapshot":{"activeTurnId":null,"eventSeq":2,"messageCount":0,"pendingRequestCount":1,"sessionStatus":"idle","stateRevision":0},"workspaceIdentity":null,"workspacePath":"C:\\Users\\USER\\Desktop\\Personal\\ZCode\\.tmp\\z1-native-1790566888278-3b5c94\\workspace"}
[2026-09-28 11:41:41.044] [pid:32100] [main] [host-log] (local-1) [host] [2026-09-28 11:41:40.813] [pid:39944] [zcode-host] [rpc:call] zcode-session.readSession OK (30.4ms)
[2026-09-28 11:41:41.045] [pid:32100] [main] [host-log] (local-1) [host] [2026-09-28 11:41:40.813] [pid:39944] [zcode-host] [rpc:call] zcode-agent.conversationWorkflowRunsV4 OK (22.3ms)
[2026-09-28 11:41:41.046] [pid:32100] [main] [host-log] (local-1) [host] [2026-09-28 11:41:40.816] [pid:39944] [zcode-host] [rpc:call] zcode-agent.subscribeConversationV4 OK (24.9ms)
[2026-09-28 11:41:41.046] [pid:32100] [main] [host-log] (local-1) [host] [2026-09-28 11:41:40.820] [pid:39944] [zcode-host] [rpc:call] zcode-task.getTaskNativeSessionLogFile OK (0.2ms)
[2026-09-28 11:41:41.047] [pid:32100] [main] [host-log] (local-1) [host] [2026-09-28 11:41:40.839] [pid:39944] [zcode-host] [rpc:listen] model-selection.onDidChange subscribed
[2026-09-28 11:41:41.048] [pid:32100] [main] [host-log] (local-1) [host] [2026-09-28 11:41:41.031] [pid:39944] [zcode-host] [rpc:call] model-selection.getView OK (0.8ms)
[2026-09-28 11:41:41.048] [pid:32100] [main] [host-log] (local-1) [host] [2026-09-28 11:41:41.032] [pid:39944] [zcode-host] [rpc:call] zcode-agent.conversationPlansV4 OK (1.7ms)
[Z1 child] [2026-09-28 11:41:41.031] [pid:39944] [zcode-host] [rpc:call] model-selection.getView OK (0.8ms)
[2026-09-28 11:41:41.032] [pid:39944] [zcode-host] [rpc:call] zcode-agent.conversationPlansV4 OK (1.7ms)
[Z1 child] [2026-09-28 11:41:41.144] [pid:39944] [settingService] reading settings from: C:\Users\USER\Desktop\Personal\ZCode\.tmp\z1-native-1790566888278-3b5c94\home\.zcode\v2\setting.json
[Z1 child] [2026-09-28 11:41:41.144] [pid:39944] [settingService] read result: {"recentProjects":["C:\\Users\\USER\\Desktop\\Personal\\ZCode\\.tmp\\z1-native-1790566888278-3b5c94\\workspace-u2-scan"],"locale":"zh-CN","localePreference":"en-US","terminalInheritSystemProfile":true,"embeddedBrowserAllowInsecureCertificates":false,"embeddedBrowserViewportPreference":{"mode":"normal","viewport":{"width":393,"height":852},"zoom":"fit"},"computerUseComposerEntryHidden":true,"taskAutoArchiveEnabled":false,"taskAutoArchiveOlderThanDays":7,"closeToTrayOnWindows":false,"closeToTrayOnWindowsMigrationInitialized":true,"keepAwakeWhileRunning":false,"desktopWindowSize":{"width":1280,"height":720,"maximized":false},"desktopChromiumHardwareAccelerationEnabled":true,"messageStreamShowReasoning":true,"messageStreamShowReasoningMigrationInitialized":true,"messageStreamShowTodos":false,"toolGroupingExploreEnabled":true,"toolGroupingTerminalEnabled":true,"toolGroupingChangesEnabled":false,"zcodeInteractionBehavior":"queue","askUserQuestionAutoResolutionEnabled":false,"modelIoFullRetentionEnabled":false,"startPlanRecommendationDismissed":false,"providerFamilyConnectionSelections":{},"providerFamilyDomain":"zai","providerFamilyDomainMigrated":true,"nativeSearchEnhancementsEnabled":true,"memoryEnabled":false,"lastWorkspaceSession":[{"kind":"local","workspacePath":"C:\\Users\\USER\\Desktop\\Personal\\ZCode\\.tmp\\z1-native-1790566888278-3b5c94\\workspace-u2-scan","workspacePurpose":"project"},{"kind":"local","workspacePath":"C:\\Users\\USER\\Desktop\\Personal\\ZCode\\.tmp\\z1-native-1790566888278-3b5c94\\workspace","workspacePurpose":"project"},{"kind":"local","workspacePath":"C:\\Users\\USER\\Desktop\\Personal\\ZCode\\.tmp\\z1-native-1790566888278-3b5c94\\data\\.zcode\\workspace\\default","workspacePurpose":"conversation"}],"lastActiveTabIndex":1,"receivePreviewUpdates":false,"autoDownloadAndInstallUpdates":false,"skippedElectronUpdateVersions":{},"settingsSyncFirstRunPromptHandled":true}
[2026-09-28 11:41:41.144] [pid:39944] [settingService] writing settings to: C:\Users\USER\Desktop\Personal\ZCode\.tmp\z1-native-1790566888278-3b5c94\home\.zcode\v2\setting.json {"recentProjects":["C:\\Users\\USER\\Desktop\\Personal\\ZCode\\.tmp\\z1-native-1790566888278-3b5c94\\workspace-u2-scan"],"locale":"zh-CN","localePreference":"en-US","terminalInheritSystemProfile":true,"embeddedBrowserAllowInsecureCertificates":false,"embeddedBrowserViewportPreference":{"mode":"normal","viewport":{"width":393,"height":852},"zoom":"fit"},"computerUseComposerEntryHidden":true,"taskAutoArchiveEnabled":false,"taskAutoArchiveOlderThanDays":7,"closeToTrayOnWindows":false,"closeToTrayOnWindowsMigrationInitialized":true,"keepAwakeWhileRunning":false,"desktopWindowSize":{"width":1280,"height":720,"maximized":false},"desktopChromiumHardwareAccelerationEnabled":true,"messageStreamShowReasoning":true,"messageStreamShowReasoningMigrationInitialized":true,"messageStreamShowTodos":false,"toolGroupingExploreEnabled":true,"toolGroupingTerminalEnabled":true,"toolGroupingChangesEnabled":false,"zcodeInteractionBehavior":"queue","askUserQuestionAutoResolutionEnabled":false,"modelIoFullRetentionEnabled":false,"startPlanRecommendationDismissed":false,"providerFamilyConnectionSelections":{},"providerFamilyDomain":"zai","providerFamilyDomainMigrated":true,"nativeSearchEnhancementsEnabled":true,"memoryEnabled":false,"lastWorkspaceSession":[{"kind":"local","workspacePath":"C:\\Users\\USER\\Desktop\\Personal\\ZCode\\.tmp\\z1-native-1790566888278-3b5c94\\workspace-u2-scan","workspacePurpose":"project"},{"kind":"local","workspacePath":"C:\\Users\\USER\\Desktop\\Personal\\ZCode\\.tmp\\z1-native-1790566888278-3b5c94\\workspace","workspacePurpose":"project"},{"kind":"local","workspacePath":"C:\\Users\\USER\\Desktop\\Personal\\ZCode\\.tmp\\z1-native-1790566888278-3b5c94\\data\\.zcode\\workspace\\default","workspacePurpose":"conversation"}],"lastActiveTabIndex":1,"receivePreviewUpdates":false,"autoDownloadAndInstallUpdates":false,"skippedElectronUpdateVersions":{},"settingsSyncFirstRunPromptHandled":true}
[2026-09-28 11:41:41.145] [pid:32100] [main] [host-log] (local-1) [host] [2026-09-28 11:41:41.144] [pid:39944] [settingService] writing settings to: C:\Users\USER\Desktop\Personal\ZCode\.tmp\z1-native-1790566888278-3b5c94\home\.zcode\v2\setting.json {"recentProjects":["C:\\Users\\USER\\Desktop\\Personal\\ZCode\\.tmp\\z1-native-1790566888278-3b5c94\\workspace-u2-scan"],"locale":"zh-CN","localePreference":"en-US","terminalInheritSystemProfile":true,"embeddedBrowserAllowInsecureCertificates":false,"embeddedBrowserViewportPreference":{"mode":"normal","viewport":{"width":393,"height":852},"zoom":"fit"},"computerUseComposerEntryHidden":true,"taskAutoArchiveEnabled":false,"taskAutoArchiveOlderThanDays":7,"closeToTrayOnWindows":false,"closeToTrayOnWindowsMigrationInitialized":true,"keepAwakeWhileRunning":false,"desktopWindowSize":{"width":1280,"height":720,"maximized":false},"desktopChromiumHardwareAccelerationEnabled":true,"messageStreamShowReasoning":true,"messageStreamShowReasoningMigrationInitialized":true,"messageStreamShowTodos":false,"toolGroupingExploreEnabled":true,"toolGroupingTerminalEnabled":true,"toolGroupingChangesEnabled":false,"zcodeInteractionBehavior":"queue","askUserQuestionAutoResolutionEnabled":false,"modelIoFullRetentionEnabled":false,"startPlanRecommendationDismissed":false,"providerFamilyConnectionSelections":{},"providerFamilyDomain":"zai","providerFamilyDomainMigrated":true,"nativeSearchEnhancementsEnabled":true,"memoryEnabled":false,"lastWorkspaceSession":[{"kind":"local","workspacePath":"C:\\Users\\USER\\Desktop\\Personal\\ZCode\\.tmp\\z1-native-1790566888278-3b5c94\\workspace-u2-scan","workspacePurpose":"project"},{"kind":"local","workspacePath":"C:\\Users\\USER\\Desktop\\Personal\\ZCode\\.tmp\\z1-native-1790566888278-3b5c94\\workspace","workspacePurpose":"project"},{"kind":"local","workspacePath":"C:\\Users\\USER\\Desktop\\Personal\\ZCode\\.tmp\\z1-native-1790566888278-3b5c94\\data\\.zcode\\workspace\\default","workspacePurpose":"conversation"}],"lastActiveTabIndex":1,"receivePreviewUpdates":false,"autoDownloadAndInstallUpdates":false,"skippedElectronUpdateVersions":{},"settingsSyncFirstRunPromptHandled":true}
[Z1 child] [2026-09-28 11:41:41.148] [pid:39944] [settingService] write done
[2026-09-28 11:41:41.148] [pid:39944] [zcode-host] [rpc:call] setting.update OK (4.7ms)
[2026-09-28 11:41:41.149] [pid:32100] [main] [host-log] (local-1) [host] [2026-09-28 11:41:41.148] [pid:39944] [settingService] write done
[2026-09-28 11:41:41.150] [pid:32100] [main] [host-log] (local-1) [host] [2026-09-28 11:41:41.148] [pid:39944] [zcode-host] [rpc:call] setting.update OK (4.7ms)
[Z1 child] [2026-09-28 11:41:41.283] [pid:39944] [zcode-host] [rpc:call] zcode-agent.sendConversationCommandV4 OK (2.9ms)
[2026-09-28 11:41:41.283] [pid:32100] [main] [host-log] (local-1) [host] [2026-09-28 11:41:41.283] [pid:39944] [zcode-host] [rpc:call] zcode-agent.sendConversationCommandV4 OK (2.9ms)
[2026-09-28 11:41:41.367] [pid:32100] [renderer] v4 workspace connection lease released {
  event: 'v4.workspace_connection.release',
  keepWarmMs: 30000,
  key: '__base__ C:\\Users\\USER\\Desktop\\Personal\\ZCode\\.tmp\\z1-native-1790566888278-3b5c94\\workspace',
  module: 'ui.v4.workspace_connection_registry',
  refCount: 0,
  status: 'keep_warm'
}
[2026-09-28 11:41:41.368] [pid:32100] [renderer] v4 session data lease released {
  event: 'v4.session_data.release',
  keepWarmMs: 30000,
  module: 'ui.v4.session_data_layer',
  refCount: 0,
  status: 'keep_warm',
  topic: 'conversation/sess_c0ba8006-b9a4-4cb4-a631-1394e0d14d7f'
}
[Z1 child] [2026-09-28 11:41:41.368] [pid:39944] [zcode-host] [rpc:listen] graphEngineering.onDidChange subscribed
[2026-09-28 11:41:41.369] [pid:32100] [main] [host-log] (local-1) [host] [2026-09-28 11:41:41.368] [pid:39944] [zcode-host] [rpc:listen] graphEngineering.onDidChange subscribed
[Z1 child] [2026-09-28 11:41:41.368] [pid:39944] [settingService] reading settings from: C:\Users\USER\Desktop\Personal\ZCode\.tmp\z1-native-1790566888278-3b5c94\home\.zcode\v2\setting.json
[2026-09-28 11:41:41.369] [pid:39944] [settingService] read result: {"recentProjects":["C:\\Users\\USER\\Desktop\\Personal\\ZCode\\.tmp\\z1-native-1790566888278-3b5c94\\workspace-u2-scan"],"locale":"zh-CN","localePreference":"en-US","terminalInheritSystemProfile":true,"embeddedBrowserAllowInsecureCertificates":false,"embeddedBrowserViewportPreference":{"mode":"normal","viewport":{"width":393,"height":852},"zoom":"fit"},"computerUseComposerEntryHidden":true,"taskAutoArchiveEnabled":false,"taskAutoArchiveOlderThanDays":7,"closeToTrayOnWindows":false,"closeToTrayOnWindowsMigrationInitialized":true,"keepAwakeWhileRunning":false,"desktopWindowSize":{"width":1280,"height":720,"maximized":false},"desktopChromiumHardwareAccelerationEnabled":true,"messageStreamShowReasoning":true,"messageStreamShowReasoningMigrationInitialized":true,"messageStreamShowTodos":false,"toolGroupingExploreEnabled":true,"toolGroupingTerminalEnabled":true,"toolGroupingChangesEnabled":false,"zcodeInteractionBehavior":"queue","askUserQuestionAutoResolutionEnabled":false,"modelIoFullRetentionEnabled":false,"startPlanRecommendationDismissed":false,"providerFamilyConnectionSelections":{},"providerFamilyDomain":"zai","providerFamilyDomainMigrated":true,"nativeSearchEnhancementsEnabled":true,"memoryEnabled":false,"lastWorkspaceSession":[{"kind":"local","workspacePath":"C:\\Users\\USER\\Desktop\\Personal\\ZCode\\.tmp\\z1-native-1790566888278-3b5c94\\workspace-u2-scan","workspacePurpose":"project"},{"kind":"local","workspacePath":"C:\\Users\\USER\\Desktop\\Personal\\ZCode\\.tmp\\z1-native-1790566888278-3b5c94\\workspace","workspacePurpose":"project"},{"kind":"local","workspacePath":"C:\\Users\\USER\\Desktop\\Personal\\ZCode\\.tmp\\z1-native-1790566888278-3b5c94\\data\\.zcode\\workspace\\default","workspacePurpose":"conversation"}],"lastActiveTabIndex":1,"receivePreviewUpdates":false,"autoDownloadAndInstallUpdates":false,"skippedElectronUpdateVersions":{},"settingsSyncFirstRunPromptHandled":true}
[Z1 child] [2026-09-28 11:41:41.369] [pid:39944] [zcode-host] [rpc:call] graphEngineering.getWorkspace OK (1.0ms)
[2026-09-28 11:41:41.370] [pid:32100] [main] [host-log] (local-1) [host] [2026-09-28 11:41:41.369] [pid:39944] [zcode-host] [rpc:call] graphEngineering.getWorkspace OK (1.0ms)
[Z1 child] [2026-09-28 11:41:41.380] [pid:39944] [settingService] reading settings from: C:\Users\USER\Desktop\Personal\ZCode\.tmp\z1-native-1790566888278-3b5c94\home\.zcode\v2\setting.json
[2026-09-28 11:41:41.380] [pid:39944] [zcode-host] [rpc:listen] model-selection.onDidChange subscribed
[2026-09-28 11:41:41.381] [pid:32100] [main] [host-log] (local-1) [host] [2026-09-28 11:41:41.380] [pid:39944] [zcode-host] [rpc:listen] model-selection.onDidChange subscribed
[2026-09-28 11:41:41.382] [pid:32100] [main] [host-log] (local-1) [host] [2026-09-28 11:41:41.381] [pid:39944] [zcode-host] [rpc:call] graphEngineering.validateDefinition OK (0.1ms)
[2026-09-28 11:41:41.383] [pid:32100] [main] [host-log] (local-1) [host] [2026-09-28 11:41:41.381] [pid:39944] [zcode-host] [rpc:call] setting.get OK (0.8ms)
[2026-09-28 11:41:41.383] [pid:32100] [main] [host-log] (local-1) [host] [2026-09-28 11:41:41.381] [pid:39944] [zcode-host] [rpc:call] model-selection.getView OK (0.8ms)
[Z1 child] [2026-09-28 11:41:41.381] [pid:39944] [zcode-host] [rpc:call] graphEngineering.validateDefinition OK (0.1ms)
[2026-09-28 11:41:41.381] [pid:39944] [settingService] read result: {"recentProjects":["C:\\Users\\USER\\Desktop\\Personal\\ZCode\\.tmp\\z1-native-1790566888278-3b5c94\\workspace-u2-scan"],"locale":"zh-CN","localePreference":"en-US","terminalInheritSystemProfile":true,"embeddedBrowserAllowInsecureCertificates":false,"embeddedBrowserViewportPreference":{"mode":"normal","viewport":{"width":393,"height":852},"zoom":"fit"},"computerUseComposerEntryHidden":true,"taskAutoArchiveEnabled":false,"taskAutoArchiveOlderThanDays":7,"closeToTrayOnWindows":false,"closeToTrayOnWindowsMigrationInitialized":true,"keepAwakeWhileRunning":false,"desktopWindowSize":{"width":1280,"height":720,"maximized":false},"desktopChromiumHardwareAccelerationEnabled":true,"messageStreamShowReasoning":true,"messageStreamShowReasoningMigrationInitialized":true,"messageStreamShowTodos":false,"toolGroupingExploreEnabled":true,"toolGroupingTerminalEnabled":true,"toolGroupingChangesEnabled":false,"zcodeInteractionBehavior":"queue","askUserQuestionAutoResolutionEnabled":false,"modelIoFullRetentionEnabled":false,"startPlanRecommendationDismissed":false,"providerFamilyConnectionSelections":{},"providerFamilyDomain":"zai","providerFamilyDomainMigrated":true,"nativeSearchEnhancementsEnabled":true,"memoryEnabled":false,"lastWorkspaceSession":[{"kind":"local","workspacePath":"C:\\Users\\USER\\Desktop\\Personal\\ZCode\\.tmp\\z1-native-1790566888278-3b5c94\\workspace-u2-scan","workspacePurpose":"project"},{"kind":"local","workspacePath":"C:\\Users\\USER\\Desktop\\Personal\\ZCode\\.tmp\\z1-native-1790566888278-3b5c94\\workspace","workspacePurpose":"project"},{"kind":"local","workspacePath":"C:\\Users\\USER\\Desktop\\Personal\\ZCode\\.tmp\\z1-native-1790566888278-3b5c94\\data\\.zcode\\workspace\\default","workspacePurpose":"conversation"}],"lastActiveTabIndex":1,"receivePreviewUpdates":false,"autoDownloadAndInstallUpdates":false,"skippedElectronUpdateVersions":{},"settingsSyncFirstRunPromptHandled":true}
[2026-09-28 11:41:41.381] [pid:39944] [zcode-host] [rpc:call] setting.get OK (0.8ms)
[2026-09-28 11:41:41.381] [pid:39944] [zcode-host] [rpc:call] model-selection.getView OK (0.8ms)
[Z1 child] [2026-09-28 11:41:41.461] [pid:39944] [settingService] reading settings from: C:\Users\USER\Desktop\Personal\ZCode\.tmp\z1-native-1790566888278-3b5c94\home\.zcode\v2\setting.json
[Z1 child] [2026-09-28 11:41:41.462] [pid:39944] [settingService] read result: {"recentProjects":["C:\\Users\\USER\\Desktop\\Personal\\ZCode\\.tmp\\z1-native-1790566888278-3b5c94\\workspace-u2-scan"],"locale":"zh-CN","localePreference":"en-US","terminalInheritSystemProfile":true,"embeddedBrowserAllowInsecureCertificates":false,"embeddedBrowserViewportPreference":{"mode":"normal","viewport":{"width":393,"height":852},"zoom":"fit"},"computerUseComposerEntryHidden":true,"taskAutoArchiveEnabled":false,"taskAutoArchiveOlderThanDays":7,"closeToTrayOnWindows":false,"closeToTrayOnWindowsMigrationInitialized":true,"keepAwakeWhileRunning":false,"desktopWindowSize":{"width":1280,"height":720,"maximized":false},"desktopChromiumHardwareAccelerationEnabled":true,"messageStreamShowReasoning":true,"messageStreamShowReasoningMigrationInitialized":true,"messageStreamShowTodos":false,"toolGroupingExploreEnabled":true,"toolGroupingTerminalEnabled":true,"toolGroupingChangesEnabled":false,"zcodeInteractionBehavior":"queue","askUserQuestionAutoResolutionEnabled":false,"modelIoFullRetentionEnabled":false,"startPlanRecommendationDismissed":false,"providerFamilyConnectionSelections":{},"providerFamilyDomain":"zai","providerFamilyDomainMigrated":true,"nativeSearchEnhancementsEnabled":true,"memoryEnabled":false,"lastWorkspaceSession":[{"kind":"local","workspacePath":"C:\\Users\\USER\\Desktop\\Personal\\ZCode\\.tmp\\z1-native-1790566888278-3b5c94\\workspace-u2-scan","workspacePurpose":"project"},{"kind":"local","workspacePath":"C:\\Users\\USER\\Desktop\\Personal\\ZCode\\.tmp\\z1-native-1790566888278-3b5c94\\workspace","workspacePurpose":"project"},{"kind":"local","workspacePath":"C:\\Users\\USER\\Desktop\\Personal\\ZCode\\.tmp\\z1-native-1790566888278-3b5c94\\data\\.zcode\\workspace\\default","workspacePurpose":"conversation"}],"lastActiveTabIndex":1,"receivePreviewUpdates":false,"autoDownloadAndInstallUpdates":false,"skippedElectronUpdateVersions":{},"settingsSyncFirstRunPromptHandled":true}
[Z1 child] [2026-09-28 11:41:41.462] [pid:39944] [zcode-host] [rpc:call] graphEngineering.getWorkspace OK (2.9ms)
[2026-09-28 11:41:41.463] [pid:32100] [main] [host-log] (local-1) [host] [2026-09-28 11:41:41.462] [pid:39944] [zcode-host] [rpc:call] graphEngineering.getWorkspace OK (2.9ms)
[Z1 child] [2026-09-28 11:41:41.463] [pid:39944] [settingService] reading settings from: C:\Users\USER\Desktop\Personal\ZCode\.tmp\z1-native-1790566888278-3b5c94\home\.zcode\v2\setting.json
[2026-09-28 11:41:41.463] [pid:39944] [settingService] read result: {"recentProjects":["C:\\Users\\USER\\Desktop\\Personal\\ZCode\\.tmp\\z1-native-1790566888278-3b5c94\\workspace-u2-scan"],"locale":"zh-CN","localePreference":"en-US","terminalInheritSystemProfile":true,"embeddedBrowserAllowInsecureCertificates":false,"embeddedBrowserViewportPreference":{"mode":"normal","viewport":{"width":393,"height":852},"zoom":"fit"},"computerUseComposerEntryHidden":true,"taskAutoArchiveEnabled":false,"taskAutoArchiveOlderThanDays":7,"closeToTrayOnWindows":false,"closeToTrayOnWindowsMigrationInitialized":true,"keepAwakeWhileRunning":false,"desktopWindowSize":{"width":1280,"height":720,"maximized":false},"desktopChromiumHardwareAccelerationEnabled":true,"messageStreamShowReasoning":true,"messageStreamShowReasoningMigrationInitialized":true,"messageStreamShowTodos":false,"toolGroupingExploreEnabled":true,"toolGroupingTerminalEnabled":true,"toolGroupingChangesEnabled":false,"zcodeInteractionBehavior":"queue","askUserQuestionAutoResolutionEnabled":false,"modelIoFullRetentionEnabled":false,"startPlanRecommendationDismissed":false,"providerFamilyConnectionSelections":{},"providerFamilyDomain":"zai","providerFamilyDomainMigrated":true,"nativeSearchEnhancementsEnabled":true,"memoryEnabled":false,"lastWorkspaceSession":[{"kind":"local","workspacePath":"C:\\Users\\USER\\Desktop\\Personal\\ZCode\\.tmp\\z1-native-1790566888278-3b5c94\\workspace-u2-scan","workspacePurpose":"project"},{"kind":"local","workspacePath":"C:\\Users\\USER\\Desktop\\Personal\\ZCode\\.tmp\\z1-native-1790566888278-3b5c94\\workspace","workspacePurpose":"project"},{"kind":"local","workspacePath":"C:\\Users\\USER\\Desktop\\Personal\\ZCode\\.tmp\\z1-native-1790566888278-3b5c94\\data\\.zcode\\workspace\\default","workspacePurpose":"conversation"}],"lastActiveTabIndex":1,"receivePreviewUpdates":false,"autoDownloadAndInstallUpdates":false,"skippedElectronUpdateVersions":{},"settingsSyncFirstRunPromptHandled":true}
[Z1 child] [2026-09-28 11:41:41.464] [pid:39944] [zcode-host] [rpc:call] graphEngineering.getWorkspace OK (2.3ms)
[2026-09-28 11:41:41.464] [pid:32100] [main] [host-log] (local-1) [host] [2026-09-28 11:41:41.464] [pid:39944] [zcode-host] [rpc:call] graphEngineering.getWorkspace OK (2.3ms)
[Z1 child] [2026-09-28 11:41:41.622] [pid:39944] [zcode-host] [rpc:call] graphEngineering.recipes OK (4.9ms)
[2026-09-28 11:41:41.623] [pid:32100] [main] [host-log] (local-1) [host] [2026-09-28 11:41:41.622] [pid:39944] [zcode-host] [rpc:call] graphEngineering.recipes OK (4.9ms)
[Z1 child] [2026-09-28 11:41:41.773] [pid:39944] [zcode-host] [rpc:call] graphWorkflow.projectSetup OK (32.2ms)
[2026-09-28 11:41:41.773] [pid:32100] [main] [host-log] (local-1) [host] [2026-09-28 11:41:41.773] [pid:39944] [zcode-host] [rpc:call] graphWorkflow.projectSetup OK (32.2ms)
[Z1 child] [2026-09-28 11:41:41.792] [pid:39944] [settingService] reading settings from: C:\Users\USER\Desktop\Personal\ZCode\.tmp\z1-native-1790566888278-3b5c94\home\.zcode\v2\setting.json
[Z1 child] [2026-09-28 11:41:41.792] [pid:39944] [settingService] read result: {"recentProjects":["C:\\Users\\USER\\Desktop\\Personal\\ZCode\\.tmp\\z1-native-1790566888278-3b5c94\\workspace-u2-scan"],"locale":"zh-CN","localePreference":"en-US","terminalInheritSystemProfile":true,"embeddedBrowserAllowInsecureCertificates":false,"embeddedBrowserViewportPreference":{"mode":"normal","viewport":{"width":393,"height":852},"zoom":"fit"},"computerUseComposerEntryHidden":true,"taskAutoArchiveEnabled":false,"taskAutoArchiveOlderThanDays":7,"closeToTrayOnWindows":false,"closeToTrayOnWindowsMigrationInitialized":true,"keepAwakeWhileRunning":false,"desktopWindowSize":{"width":1280,"height":720,"maximized":false},"desktopChromiumHardwareAccelerationEnabled":true,"messageStreamShowReasoning":true,"messageStreamShowReasoningMigrationInitialized":true,"messageStreamShowTodos":false,"toolGroupingExploreEnabled":true,"toolGroupingTerminalEnabled":true,"toolGroupingChangesEnabled":false,"zcodeInteractionBehavior":"queue","askUserQuestionAutoResolutionEnabled":false,"modelIoFullRetentionEnabled":false,"startPlanRecommendationDismissed":false,"providerFamilyConnectionSelections":{},"providerFamilyDomain":"zai","providerFamilyDomainMigrated":true,"nativeSearchEnhancementsEnabled":true,"memoryEnabled":false,"lastWorkspaceSession":[{"kind":"local","workspacePath":"C:\\Users\\USER\\Desktop\\Personal\\ZCode\\.tmp\\z1-native-1790566888278-3b5c94\\workspace-u2-scan","workspacePurpose":"project"},{"kind":"local","workspacePath":"C:\\Users\\USER\\Desktop\\Personal\\ZCode\\.tmp\\z1-native-1790566888278-3b5c94\\workspace","workspacePurpose":"project"},{"kind":"local","workspacePath":"C:\\Users\\USER\\Desktop\\Personal\\ZCode\\.tmp\\z1-native-1790566888278-3b5c94\\data\\.zcode\\workspace\\default","workspacePurpose":"conversation"}],"lastActiveTabIndex":1,"receivePreviewUpdates":false,"autoDownloadAndInstallUpdates":false,"skippedElectronUpdateVersions":{},"settingsSyncFirstRunPromptHandled":true}
[Z1 child] [2026-09-28 11:41:41.847] [pid:39944] [zcode-host] [rpc:call] graphWorkflow.projectSetup OK (55.6ms)
[2026-09-28 11:41:41.848] [pid:32100] [main] [host-log] (local-1) [host] [2026-09-28 11:41:41.847] [pid:39944] [zcode-host] [rpc:call] graphWorkflow.projectSetup OK (55.6ms)
[Z1 child] [2026-09-28 11:41:42.034] [pid:39944] [settingService] reading settings from: C:\Users\USER\Desktop\Personal\ZCode\.tmp\z1-native-1790566888278-3b5c94\home\.zcode\v2\setting.json
[Z1 child] [2026-09-28 11:41:42.034] [pid:39944] [settingService] read result: {"recentProjects":["C:\\Users\\USER\\Desktop\\Personal\\ZCode\\.tmp\\z1-native-1790566888278-3b5c94\\workspace-u2-scan"],"locale":"zh-CN","localePreference":"en-US","terminalInheritSystemProfile":true,"embeddedBrowserAllowInsecureCertificates":false,"embeddedBrowserViewportPreference":{"mode":"normal","viewport":{"width":393,"height":852},"zoom":"fit"},"computerUseComposerEntryHidden":true,"taskAutoArchiveEnabled":false,"taskAutoArchiveOlderThanDays":7,"closeToTrayOnWindows":false,"closeToTrayOnWindowsMigrationInitialized":true,"keepAwakeWhileRunning":false,"desktopWindowSize":{"width":1280,"height":720,"maximized":false},"desktopChromiumHardwareAccelerationEnabled":true,"messageStreamShowReasoning":true,"messageStreamShowReasoningMigrationInitialized":true,"messageStreamShowTodos":false,"toolGroupingExploreEnabled":true,"toolGroupingTerminalEnabled":true,"toolGroupingChangesEnabled":false,"zcodeInteractionBehavior":"queue","askUserQuestionAutoResolutionEnabled":false,"modelIoFullRetentionEnabled":false,"startPlanRecommendationDismissed":false,"providerFamilyConnectionSelections":{},"providerFamilyDomain":"zai","providerFamilyDomainMigrated":true,"nativeSearchEnhancementsEnabled":true,"memoryEnabled":false,"lastWorkspaceSession":[{"kind":"local","workspacePath":"C:\\Users\\USER\\Desktop\\Personal\\ZCode\\.tmp\\z1-native-1790566888278-3b5c94\\workspace-u2-scan","workspacePurpose":"project"},{"kind":"local","workspacePath":"C:\\Users\\USER\\Desktop\\Personal\\ZCode\\.tmp\\z1-native-1790566888278-3b5c94\\workspace","workspacePurpose":"project"},{"kind":"local","workspacePath":"C:\\Users\\USER\\Desktop\\Personal\\ZCode\\.tmp\\z1-native-1790566888278-3b5c94\\data\\.zcode\\workspace\\default","workspacePurpose":"conversation"}],"lastActiveTabIndex":1,"receivePreviewUpdates":false,"autoDownloadAndInstallUpdates":false,"skippedElectronUpdateVersions":{},"settingsSyncFirstRunPromptHandled":true}
[Z1 child] [2026-09-28 11:41:42.092] [pid:39944] [zcode-host] [rpc:call] graphWorkflow.projectSetup OK (58.6ms)
[2026-09-28 11:41:42.093] [pid:32100] [main] [host-log] (local-1) [host] [2026-09-28 11:41:42.092] [pid:39944] [zcode-host] [rpc:call] graphWorkflow.projectSetup OK (58.6ms)
[Z1 child] [2026-09-28 11:41:42.267] [pid:39944] [zcode-host] [rpc:call] graphWorkflow.projectSetup OK (30.8ms)
[2026-09-28 11:41:42.267] [pid:32100] [main] [host-log] (local-1) [host] [2026-09-28 11:41:42.267] [pid:39944] [zcode-host] [rpc:call] graphWorkflow.projectSetup OK (30.8ms)
[Z1 child] [2026-09-28 11:41:42.289] [pid:39944] [settingService] reading settings from: C:\Users\USER\Desktop\Personal\ZCode\.tmp\z1-native-1790566888278-3b5c94\home\.zcode\v2\setting.json
[Z1 child] [2026-09-28 11:41:42.290] [pid:39944] [settingService] read result: {"recentProjects":["C:\\Users\\USER\\Desktop\\Personal\\ZCode\\.tmp\\z1-native-1790566888278-3b5c94\\workspace-u2-scan"],"locale":"zh-CN","localePreference":"en-US","terminalInheritSystemProfile":true,"embeddedBrowserAllowInsecureCertificates":false,"embeddedBrowserViewportPreference":{"mode":"normal","viewport":{"width":393,"height":852},"zoom":"fit"},"computerUseComposerEntryHidden":true,"taskAutoArchiveEnabled":false,"taskAutoArchiveOlderThanDays":7,"closeToTrayOnWindows":false,"closeToTrayOnWindowsMigrationInitialized":true,"keepAwakeWhileRunning":false,"desktopWindowSize":{"width":1280,"height":720,"maximized":false},"desktopChromiumHardwareAccelerationEnabled":true,"messageStreamShowReasoning":true,"messageStreamShowReasoningMigrationInitialized":true,"messageStreamShowTodos":false,"toolGroupingExploreEnabled":true,"toolGroupingTerminalEnabled":true,"toolGroupingChangesEnabled":false,"zcodeInteractionBehavior":"queue","askUserQuestionAutoResolutionEnabled":false,"modelIoFullRetentionEnabled":false,"startPlanRecommendationDismissed":false,"providerFamilyConnectionSelections":{},"providerFamilyDomain":"zai","providerFamilyDomainMigrated":true,"nativeSearchEnhancementsEnabled":true,"memoryEnabled":false,"lastWorkspaceSession":[{"kind":"local","workspacePath":"C:\\Users\\USER\\Desktop\\Personal\\ZCode\\.tmp\\z1-native-1790566888278-3b5c94\\workspace-u2-scan","workspacePurpose":"project"},{"kind":"local","workspacePath":"C:\\Users\\USER\\Desktop\\Personal\\ZCode\\.tmp\\z1-native-1790566888278-3b5c94\\workspace","workspacePurpose":"project"},{"kind":"local","workspacePath":"C:\\Users\\USER\\Desktop\\Personal\\ZCode\\.tmp\\z1-native-1790566888278-3b5c94\\data\\.zcode\\workspace\\default","workspacePurpose":"conversation"}],"lastActiveTabIndex":1,"receivePreviewUpdates":false,"autoDownloadAndInstallUpdates":false,"skippedElectronUpdateVersions":{},"settingsSyncFirstRunPromptHandled":true}
[Z1 child] [2026-09-28 11:41:42.337] [pid:39944] [zcode-host] [rpc:call] graphWorkflow.projectSetup OK (47.6ms)
[2026-09-28 11:41:42.337] [pid:32100] [main] [host-log] (local-1) [host] [2026-09-28 11:41:42.337] [pid:39944] [zcode-host] [rpc:call] graphWorkflow.projectSetup OK (47.6ms)
[Z1 child] [2026-09-28 11:41:42.510] [pid:39944] [settingService] reading settings from: C:\Users\USER\Desktop\Personal\ZCode\.tmp\z1-native-1790566888278-3b5c94\home\.zcode\v2\setting.json
[Z1 child] [2026-09-28 11:41:42.511] [pid:39944] [settingService] read result: {"recentProjects":["C:\\Users\\USER\\Desktop\\Personal\\ZCode\\.tmp\\z1-native-1790566888278-3b5c94\\workspace-u2-scan"],"locale":"zh-CN","localePreference":"en-US","terminalInheritSystemProfile":true,"embeddedBrowserAllowInsecureCertificates":false,"embeddedBrowserViewportPreference":{"mode":"normal","viewport":{"width":393,"height":852},"zoom":"fit"},"computerUseComposerEntryHidden":true,"taskAutoArchiveEnabled":false,"taskAutoArchiveOlderThanDays":7,"closeToTrayOnWindows":false,"closeToTrayOnWindowsMigrationInitialized":true,"keepAwakeWhileRunning":false,"desktopWindowSize":{"width":1280,"height":720,"maximized":false},"desktopChromiumHardwareAccelerationEnabled":true,"messageStreamShowReasoning":true,"messageStreamShowReasoningMigrationInitialized":true,"messageStreamShowTodos":false,"toolGroupingExploreEnabled":true,"toolGroupingTerminalEnabled":true,"toolGroupingChangesEnabled":false,"zcodeInteractionBehavior":"queue","askUserQuestionAutoResolutionEnabled":false,"modelIoFullRetentionEnabled":false,"startPlanRecommendationDismissed":false,"providerFamilyConnectionSelections":{},"providerFamilyDomain":"zai","providerFamilyDomainMigrated":true,"nativeSearchEnhancementsEnabled":true,"memoryEnabled":false,"lastWorkspaceSession":[{"kind":"local","workspacePath":"C:\\Users\\USER\\Desktop\\Personal\\ZCode\\.tmp\\z1-native-1790566888278-3b5c94\\workspace-u2-scan","workspacePurpose":"project"},{"kind":"local","workspacePath":"C:\\Users\\USER\\Desktop\\Personal\\ZCode\\.tmp\\z1-native-1790566888278-3b5c94\\workspace","workspacePurpose":"project"},{"kind":"local","workspacePath":"C:\\Users\\USER\\Desktop\\Personal\\ZCode\\.tmp\\z1-native-1790566888278-3b5c94\\data\\.zcode\\workspace\\default","workspacePurpose":"conversation"}],"lastActiveTabIndex":1,"receivePreviewUpdates":false,"autoDownloadAndInstallUpdates":false,"skippedElectronUpdateVersions":{},"settingsSyncFirstRunPromptHandled":true}
[2026-09-28 11:41:42.573] [pid:32100] [main] [host-log] (local-1) [host] [2026-09-28 11:41:42.572] [pid:39944] [zcode-host] [rpc:call] graphWorkflow.projectSetup OK (62.3ms)
[Z1 child] [2026-09-28 11:41:42.572] [pid:39944] [zcode-host] [rpc:call] graphWorkflow.projectSetup OK (62.3ms)
[Z1 child] [2026-09-28 11:41:42.789] [pid:39944] [zcode-agent-service] 开始初始化 ZCode agent {
  workspaceKey: 'C:\\Users\\USER\\Desktop\\Personal\\ZCode\\.tmp\\z1-native-1790566888278-3b5c94\\workspace',
  workspacePath: 'C:\\Users\\USER\\Desktop\\Personal\\ZCode\\.tmp\\z1-native-1790566888278-3b5c94\\workspace'
}
[2026-09-28 11:41:42.789] [pid:32100] [main] [host-log] (local-1) [host] [2026-09-28 11:41:42.789] [pid:39944] [zcode-agent-service] 开始初始化 ZCode agent {"workspaceKey":"C:\\Users\\USER\\Desktop\\Personal\\ZCode\\.tmp\\z1-native-1790566888278-3b5c94\\workspace","workspacePath":"C:\\Users\\USER\\Desktop\\Personal\\ZCode\\.tmp\\z1-native-1790566888278-3b5c94\\workspace"}
[2026-09-28 11:41:42.790] [pid:32100] [main] [host-log] (local-1) [host] [2026-09-28 11:41:42.789] [pid:39944] [zcode-agent-service] ZCode agent 初始化完成 {"durationMs":0,"transportKind":"stdio","workspaceKey":"C:\\Users\\USER\\Desktop\\Personal\\ZCode\\.tmp\\z1-native-1790566888278-3b5c94\\workspace","workspacePath":"C:\\Users\\USER\\Desktop\\Personal\\ZCode\\.tmp\\z1-native-1790566888278-3b5c94\\workspace"}
[2026-09-28 11:41:42.791] [pid:32100] [main] [host-log] (local-1) [host] [2026-09-28 11:41:42.789] [pid:39944] [zcode-session-service][trace:81d86f5f-98ba-4e7a-8b61-3d913bfdbbb1] [zcode-session-service] createSession 分配 session trace {"persistence":"deferred","workspacePath":"C:\\Users\\USER\\Desktop\\Personal\\ZCode\\.tmp\\z1-native-1790566888278-3b5c94\\workspace"}
[2026-09-28 11:41:42.792] [pid:32100] [main] [host-log] (local-1) [host] [2026-09-28 11:41:42.789] [pid:39944] [zcode-agent-service][trace:81d86f5f-98ba-4e7a-8b61-3d913bfdbbb1] 开始请求 ZCode Protocol session/create {"hasInitialModel":false,"hasInitialThoughtLevel":false,"initialModel":null,"mcpServerCount":0,"mcpServerNames":[],"persistence":"deferred","workspaceKey":"C:\\Users\\USER\\Desktop\\Personal\\ZCode\\.tmp\\z1-native-1790566888278-3b5c94\\workspace","workspacePath":"C:\\Users\\USER\\Desktop\\Personal\\ZCode\\.tmp\\z1-native-1790566888278-3b5c94\\workspace"}
[Z1 child] [2026-09-28 11:41:42.789] [pid:39944] [zcode-agent-service] ZCode agent 初始化完成 {
  durationMs: 0,
  transportKind: 'stdio',
  workspaceKey: 'C:\\Users\\USER\\Desktop\\Personal\\ZCode\\.tmp\\z1-native-1790566888278-3b5c94\\workspace',
  workspacePath: 'C:\\Users\\USER\\Desktop\\Personal\\ZCode\\.tmp\\z1-native-1790566888278-3b5c94\\workspace'
}
[2026-09-28 11:41:42.789] [pid:39944] [zcode-session-service][trace:81d86f5f-98ba-4e7a-8b61-3d913bfdbbb1] [zcode-session-service] createSession 分配 session trace {
  persistence: 'deferred',
  workspaceIdentity: undefined,
  workspacePath: 'C:\\Users\\USER\\Desktop\\Personal\\ZCode\\.tmp\\z1-native-1790566888278-3b5c94\\workspace'
}
[2026-09-28 11:41:42.789] [pid:39944] [zcode-agent-service][trace:81d86f5f-98ba-4e7a-8b61-3d913bfdbbb1] 开始请求 ZCode Protocol session/create {
  hasInitialModel: false,
  hasInitialThoughtLevel: false,
  initialModel: null,
  mcpServerCount: 0,
  mcpServerNames: [],
  persistence: 'deferred',
  workspaceKey: 'C:\\Users\\USER\\Desktop\\Personal\\ZCode\\.tmp\\z1-native-1790566888278-3b5c94\\workspace',
  workspacePath: 'C:\\Users\\USER\\Desktop\\Personal\\ZCode\\.tmp\\z1-native-1790566888278-3b5c94\\workspace'
}
[2026-09-28 11:41:42.790] [pid:39944] [settingService] reading settings from: C:\Users\USER\Desktop\Personal\ZCode\.tmp\z1-native-1790566888278-3b5c94\home\.zcode\v2\setting.json
[2026-09-28 11:41:42.791] [pid:39944] [settingService] read result: {"recentProjects":["C:\\Users\\USER\\Desktop\\Personal\\ZCode\\.tmp\\z1-native-1790566888278-3b5c94\\workspace-u2-scan"],"locale":"zh-CN","localePreference":"en-US","terminalInheritSystemProfile":true,"embeddedBrowserAllowInsecureCertificates":false,"embeddedBrowserViewportPreference":{"mode":"normal","viewport":{"width":393,"height":852},"zoom":"fit"},"computerUseComposerEntryHidden":true,"taskAutoArchiveEnabled":false,"taskAutoArchiveOlderThanDays":7,"closeToTrayOnWindows":false,"closeToTrayOnWindowsMigrationInitialized":true,"keepAwakeWhileRunning":false,"desktopWindowSize":{"width":1280,"height":720,"maximized":false},"desktopChromiumHardwareAccelerationEnabled":true,"messageStreamShowReasoning":true,"messageStreamShowReasoningMigrationInitialized":true,"messageStreamShowTodos":false,"toolGroupingExploreEnabled":true,"toolGroupingTerminalEnabled":true,"toolGroupingChangesEnabled":false,"zcodeInteractionBehavior":"queue","askUserQuestionAutoResolutionEnabled":false,"modelIoFullRetentionEnabled":false,"startPlanRecommendationDismissed":false,"providerFamilyConnectionSelections":{},"providerFamilyDomain":"zai","providerFamilyDomainMigrated":true,"nativeSearchEnhancementsEnabled":true,"memoryEnabled":false,"lastWorkspaceSession":[{"kind":"local","workspacePath":"C:\\Users\\USER\\Desktop\\Personal\\ZCode\\.tmp\\z1-native-1790566888278-3b5c94\\workspace-u2-scan","workspacePurpose":"project"},{"kind":"local","workspacePath":"C:\\Users\\USER\\Desktop\\Personal\\ZCode\\.tmp\\z1-native-1790566888278-3b5c94\\workspace","workspacePurpose":"project"},{"kind":"local","workspacePath":"C:\\Users\\USER\\Desktop\\Personal\\ZCode\\.tmp\\z1-native-1790566888278-3b5c94\\data\\.zcode\\workspace\\default","workspacePurpose":"conversation"}],"lastActiveTabIndex":1,"receivePreviewUpdates":false,"autoDownloadAndInstallUpdates":false,"skippedElectronUpdateVersions":{},"settingsSyncFirstRunPromptHandled":true}
[Z1 child] [2026-09-28 11:41:42.851] [pid:39944] [zcode-agent-service][trace:81d86f5f-98ba-4e7a-8b61-3d913bfdbbb1] ZCode Protocol session/create 完成 {
  durationMs: 62,
  messageCount: 0,
  modelCurrent: 'z1-local-fixture/z1-fixture$enabled',
  mcpServerCount: 0,
  persistence: 'deferred',
  sessionId: 'sess_01cdcf5c-dff3-4c0b-99e4-9ebfda6f6f3e',
  snapshotTraceId: '81d86f5f-98ba-4e7a-8b61-3d913bfdbbb1',
  workspaceKey: 'C:\\Users\\USER\\Desktop\\Personal\\ZCode\\.tmp\\z1-native-1790566888278-3b5c94\\workspace',
  workspacePath: 'C:\\Users\\USER\\Desktop\\Personal\\ZCode\\.tmp\\z1-native-1790566888278-3b5c94\\workspace'
}
[2026-09-28 11:41:42.851] [pid:39944] [zcode-session-service][trace:81d86f5f-98ba-4e7a-8b61-3d913bfdbbb1] [zcode-session-service] createSession agent 返回 {
  durationMs: 62,
  mcpServerCount: 0,
  persistence: 'deferred',
  snapshotTraceId: '81d86f5f-98ba-4e7a-8b61-3d913bfdbbb1',
  sessionId: 'sess_01cdcf5c-dff3-4c0b-99e4-9ebfda6f6f3e',
  workspaceIdentity: undefined,
  workspacePath: 'C:\\Users\\USER\\Desktop\\Personal\\ZCode\\.tmp\\z1-native-1790566888278-3b5c94\\workspace'
}
[2026-09-28 11:41:42.851] [pid:32100] [main] [host-log] (local-1) [host] [2026-09-28 11:41:42.851] [pid:39944] [zcode-agent-service][trace:81d86f5f-98ba-4e7a-8b61-3d913bfdbbb1] ZCode Protocol session/create 完成 {"durationMs":62,"messageCount":0,"modelCurrent":"z1-local-fixture/z1-fixture$enabled","mcpServerCount":0,"persistence":"deferred","sessionId":"sess_01cdcf5c-dff3-4c0b-99e4-9ebfda6f6f3e","snapshotTraceId":"81d86f5f-98ba-4e7a-8b61-3d913bfdbbb1","workspaceKey":"C:\\Users\\USER\\Desktop\\Personal\\ZCode\\.tmp\\z1-native-1790566888278-3b5c94\\workspace","workspacePath":"C:\\Users\\USER\\Desktop\\Personal\\ZCode\\.tmp\\z1-native-1790566888278-3b5c94\\workspace"}
[2026-09-28 11:41:42.852] [pid:32100] [main] [host-log] (local-1) [host] [2026-09-28 11:41:42.851] [pid:39944] [zcode-session-service][trace:81d86f5f-98ba-4e7a-8b61-3d913bfdbbb1] [zcode-session-service] createSession agent 返回 {"durationMs":62,"mcpServerCount":0,"persistence":"deferred","snapshotTraceId":"81d86f5f-98ba-4e7a-8b61-3d913bfdbbb1","sessionId":"sess_01cdcf5c-dff3-4c0b-99e4-9ebfda6f6f3e","workspacePath":"C:\\Users\\USER\\Desktop\\Personal\\ZCode\\.tmp\\z1-native-1790566888278-3b5c94\\workspace"}
[Z1 child] [2026-09-28 11:41:42.957] [pid:39944] [zcode-host] [rpc:call] graphEngineering.run OK (383.7ms)
[2026-09-28 11:41:42.958] [pid:32100] [main] [host-log] (local-1) [host] [2026-09-28 11:41:42.957] [pid:39944] [zcode-host] [rpc:call] graphEngineering.run OK (383.7ms)
[Z1 child] [2026-09-28 11:41:42.957] [pid:39944] [settingService] reading settings from: C:\Users\USER\Desktop\Personal\ZCode\.tmp\z1-native-1790566888278-3b5c94\home\.zcode\v2\setting.json
[2026-09-28 11:41:42.958] [pid:39944] [settingService] read result: {"recentProjects":["C:\\Users\\USER\\Desktop\\Personal\\ZCode\\.tmp\\z1-native-1790566888278-3b5c94\\workspace-u2-scan"],"locale":"zh-CN","localePreference":"en-US","terminalInheritSystemProfile":true,"embeddedBrowserAllowInsecureCertificates":false,"embeddedBrowserViewportPreference":{"mode":"normal","viewport":{"width":393,"height":852},"zoom":"fit"},"computerUseComposerEntryHidden":true,"taskAutoArchiveEnabled":false,"taskAutoArchiveOlderThanDays":7,"closeToTrayOnWindows":false,"closeToTrayOnWindowsMigrationInitialized":true,"keepAwakeWhileRunning":false,"desktopWindowSize":{"width":1280,"height":720,"maximized":false},"desktopChromiumHardwareAccelerationEnabled":true,"messageStreamShowReasoning":true,"messageStreamShowReasoningMigrationInitialized":true,"messageStreamShowTodos":false,"toolGroupingExploreEnabled":true,"toolGroupingTerminalEnabled":true,"toolGroupingChangesEnabled":false,"zcodeInteractionBehavior":"queue","askUserQuestionAutoResolutionEnabled":false,"modelIoFullRetentionEnabled":false,"startPlanRecommendationDismissed":false,"providerFamilyConnectionSelections":{},"providerFamilyDomain":"zai","providerFamilyDomainMigrated":true,"nativeSearchEnhancementsEnabled":true,"memoryEnabled":false,"lastWorkspaceSession":[{"kind":"local","workspacePath":"C:\\Users\\USER\\Desktop\\Personal\\ZCode\\.tmp\\z1-native-1790566888278-3b5c94\\workspace-u2-scan","workspacePurpose":"project"},{"kind":"local","workspacePath":"C:\\Users\\USER\\Desktop\\Personal\\ZCode\\.tmp\\z1-native-1790566888278-3b5c94\\workspace","workspacePurpose":"project"},{"kind":"local","workspacePath":"C:\\Users\\USER\\Desktop\\Personal\\ZCode\\.tmp\\z1-native-1790566888278-3b5c94\\data\\.zcode\\workspace\\default","workspacePurpose":"conversation"}],"lastActiveTabIndex":1,"receivePreviewUpdates":false,"autoDownloadAndInstallUpdates":false,"skippedElectronUpdateVersions":{},"settingsSyncFirstRunPromptHandled":true}
[Z1 child] [2026-09-28 11:41:42.959] [pid:39944] [zcode-host] [rpc:call] graphEngineering.getWorkspace OK (325.6ms)
[2026-09-28 11:41:42.959] [pid:32100] [main] [host-log] (local-1) [host] [2026-09-28 11:41:42.959] [pid:39944] [zcode-host] [rpc:call] graphEngineering.getWorkspace OK (325.6ms)
[Z1 child] [2026-09-28 11:41:42.959] [pid:39944] [settingService] reading settings from: C:\Users\USER\Desktop\Personal\ZCode\.tmp\z1-native-1790566888278-3b5c94\home\.zcode\v2\setting.json
[2026-09-28 11:41:42.960] [pid:39944] [settingService] read result: {"recentProjects":["C:\\Users\\USER\\Desktop\\Personal\\ZCode\\.tmp\\z1-native-1790566888278-3b5c94\\workspace-u2-scan"],"locale":"zh-CN","localePreference":"en-US","terminalInheritSystemProfile":true,"embeddedBrowserAllowInsecureCertificates":false,"embeddedBrowserViewportPreference":{"mode":"normal","viewport":{"width":393,"height":852},"zoom":"fit"},"computerUseComposerEntryHidden":true,"taskAutoArchiveEnabled":false,"taskAutoArchiveOlderThanDays":7,"closeToTrayOnWindows":false,"closeToTrayOnWindowsMigrationInitialized":true,"keepAwakeWhileRunning":false,"desktopWindowSize":{"width":1280,"height":720,"maximized":false},"desktopChromiumHardwareAccelerationEnabled":true,"messageStreamShowReasoning":true,"messageStreamShowReasoningMigrationInitialized":true,"messageStreamShowTodos":false,"toolGroupingExploreEnabled":true,"toolGroupingTerminalEnabled":true,"toolGroupingChangesEnabled":false,"zcodeInteractionBehavior":"queue","askUserQuestionAutoResolutionEnabled":false,"modelIoFullRetentionEnabled":false,"startPlanRecommendationDismissed":false,"providerFamilyConnectionSelections":{},"providerFamilyDomain":"zai","providerFamilyDomainMigrated":true,"nativeSearchEnhancementsEnabled":true,"memoryEnabled":false,"lastWorkspaceSession":[{"kind":"local","workspacePath":"C:\\Users\\USER\\Desktop\\Personal\\ZCode\\.tmp\\z1-native-1790566888278-3b5c94\\workspace-u2-scan","workspacePurpose":"project"},{"kind":"local","workspacePath":"C:\\Users\\USER\\Desktop\\Personal\\ZCode\\.tmp\\z1-native-1790566888278-3b5c94\\workspace","workspacePurpose":"project"},{"kind":"local","workspacePath":"C:\\Users\\USER\\Desktop\\Personal\\ZCode\\.tmp\\z1-native-1790566888278-3b5c94\\data\\.zcode\\workspace\\default","workspacePurpose":"conversation"}],"lastActiveTabIndex":1,"receivePreviewUpdates":false,"autoDownloadAndInstallUpdates":false,"skippedElectronUpdateVersions":{},"settingsSyncFirstRunPromptHandled":true}
[Z1 child] [2026-09-28 11:41:42.960] [pid:39944] [zcode-host] [rpc:call] graphEngineering.getWorkspace OK (170.8ms)
[2026-09-28 11:41:42.961] [pid:32100] [main] [host-log] (local-1) [host] [2026-09-28 11:41:42.960] [pid:39944] [zcode-host] [rpc:call] graphEngineering.getWorkspace OK (170.8ms)
[Z1 child] [2026-09-28 11:41:42.960] [pid:39944] [settingService] reading settings from: C:\Users\USER\Desktop\Personal\ZCode\.tmp\z1-native-1790566888278-3b5c94\home\.zcode\v2\setting.json
[2026-09-28 11:41:42.961] [pid:39944] [settingService] read result: {"recentProjects":["C:\\Users\\USER\\Desktop\\Personal\\ZCode\\.tmp\\z1-native-1790566888278-3b5c94\\workspace-u2-scan"],"locale":"zh-CN","localePreference":"en-US","terminalInheritSystemProfile":true,"embeddedBrowserAllowInsecureCertificates":false,"embeddedBrowserViewportPreference":{"mode":"normal","viewport":{"width":393,"height":852},"zoom":"fit"},"computerUseComposerEntryHidden":true,"taskAutoArchiveEnabled":false,"taskAutoArchiveOlderThanDays":7,"closeToTrayOnWindows":false,"closeToTrayOnWindowsMigrationInitialized":true,"keepAwakeWhileRunning":false,"desktopWindowSize":{"width":1280,"height":720,"maximized":false},"desktopChromiumHardwareAccelerationEnabled":true,"messageStreamShowReasoning":true,"messageStreamShowReasoningMigrationInitialized":true,"messageStreamShowTodos":false,"toolGroupingExploreEnabled":true,"toolGroupingTerminalEnabled":true,"toolGroupingChangesEnabled":false,"zcodeInteractionBehavior":"queue","askUserQuestionAutoResolutionEnabled":false,"modelIoFullRetentionEnabled":false,"startPlanRecommendationDismissed":false,"providerFamilyConnectionSelections":{},"providerFamilyDomain":"zai","providerFamilyDomainMigrated":true,"nativeSearchEnhancementsEnabled":true,"memoryEnabled":false,"lastWorkspaceSession":[{"kind":"local","workspacePath":"C:\\Users\\USER\\Desktop\\Personal\\ZCode\\.tmp\\z1-native-1790566888278-3b5c94\\workspace-u2-scan","workspacePurpose":"project"},{"kind":"local","workspacePath":"C:\\Users\\USER\\Desktop\\Personal\\ZCode\\.tmp\\z1-native-1790566888278-3b5c94\\workspace","workspacePurpose":"project"},{"kind":"local","workspacePath":"C:\\Users\\USER\\Desktop\\Personal\\ZCode\\.tmp\\z1-native-1790566888278-3b5c94\\data\\.zcode\\workspace\\default","workspacePurpose":"conversation"}],"lastActiveTabIndex":1,"receivePreviewUpdates":false,"autoDownloadAndInstallUpdates":false,"skippedElectronUpdateVersions":{},"settingsSyncFirstRunPromptHandled":true}
[Z1 child] [2026-09-28 11:41:42.961] [pid:39944] [zcode-host] [rpc:call] graphEngineering.getWorkspace OK (106.5ms)
[2026-09-28 11:41:42.962] [pid:32100] [main] [host-log] (local-1) [host] [2026-09-28 11:41:42.961] [pid:39944] [zcode-host] [rpc:call] graphEngineering.getWorkspace OK (106.5ms)
[Z1 child] [2026-09-28 11:41:42.961] [pid:39944] [settingService] reading settings from: C:\Users\USER\Desktop\Personal\ZCode\.tmp\z1-native-1790566888278-3b5c94\home\.zcode\v2\setting.json
[2026-09-28 11:41:42.962] [pid:39944] [settingService] read result: {"recentProjects":["C:\\Users\\USER\\Desktop\\Personal\\ZCode\\.tmp\\z1-native-1790566888278-3b5c94\\workspace-u2-scan"],"locale":"zh-CN","localePreference":"en-US","terminalInheritSystemProfile":true,"embeddedBrowserAllowInsecureCertificates":false,"embeddedBrowserViewportPreference":{"mode":"normal","viewport":{"width":393,"height":852},"zoom":"fit"},"computerUseComposerEntryHidden":true,"taskAutoArchiveEnabled":false,"taskAutoArchiveOlderThanDays":7,"closeToTrayOnWindows":false,"closeToTrayOnWindowsMigrationInitialized":true,"keepAwakeWhileRunning":false,"desktopWindowSize":{"width":1280,"height":720,"maximized":false},"desktopChromiumHardwareAccelerationEnabled":true,"messageStreamShowReasoning":true,"messageStreamShowReasoningMigrationInitialized":true,"messageStreamShowTodos":false,"toolGroupingExploreEnabled":true,"toolGroupingTerminalEnabled":true,"toolGroupingChangesEnabled":false,"zcodeInteractionBehavior":"queue","askUserQuestionAutoResolutionEnabled":false,"modelIoFullRetentionEnabled":false,"startPlanRecommendationDismissed":false,"providerFamilyConnectionSelections":{},"providerFamilyDomain":"zai","providerFamilyDomainMigrated":true,"nativeSearchEnhancementsEnabled":true,"memoryEnabled":false,"lastWorkspaceSession":[{"kind":"local","workspacePath":"C:\\Users\\USER\\Desktop\\Personal\\ZCode\\.tmp\\z1-native-1790566888278-3b5c94\\workspace-u2-scan","workspacePurpose":"project"},{"kind":"local","workspacePath":"C:\\Users\\USER\\Desktop\\Personal\\ZCode\\.tmp\\z1-native-1790566888278-3b5c94\\workspace","workspacePurpose":"project"},{"kind":"local","workspacePath":"C:\\Users\\USER\\Desktop\\Personal\\ZCode\\.tmp\\z1-native-1790566888278-3b5c94\\data\\.zcode\\workspace\\default","workspacePurpose":"conversation"}],"lastActiveTabIndex":1,"receivePreviewUpdates":false,"autoDownloadAndInstallUpdates":false,"skippedElectronUpdateVersions":{},"settingsSyncFirstRunPromptHandled":true}
[Z1 child] [2026-09-28 11:41:42.962] [pid:39944] [zcode-host] [rpc:call] graphEngineering.getWorkspace OK (56.2ms)
[2026-09-28 11:41:42.963] [pid:32100] [main] [host-log] (local-1) [host] [2026-09-28 11:41:42.962] [pid:39944] [zcode-host] [rpc:call] graphEngineering.getWorkspace OK (56.2ms)
[Z1 child] [2026-09-28 11:41:42.963] [pid:39944] [settingService] reading settings from: C:\Users\USER\Desktop\Personal\ZCode\.tmp\z1-native-1790566888278-3b5c94\home\.zcode\v2\setting.json
[2026-09-28 11:41:42.963] [pid:39944] [settingService] read result: {"recentProjects":["C:\\Users\\USER\\Desktop\\Personal\\ZCode\\.tmp\\z1-native-1790566888278-3b5c94\\workspace-u2-scan"],"locale":"zh-CN","localePreference":"en-US","terminalInheritSystemProfile":true,"embeddedBrowserAllowInsecureCertificates":false,"embeddedBrowserViewportPreference":{"mode":"normal","viewport":{"width":393,"height":852},"zoom":"fit"},"computerUseComposerEntryHidden":true,"taskAutoArchiveEnabled":false,"taskAutoArchiveOlderThanDays":7,"closeToTrayOnWindows":false,"closeToTrayOnWindowsMigrationInitialized":true,"keepAwakeWhileRunning":false,"desktopWindowSize":{"width":1280,"height":720,"maximized":false},"desktopChromiumHardwareAccelerationEnabled":true,"messageStreamShowReasoning":true,"messageStreamShowReasoningMigrationInitialized":true,"messageStreamShowTodos":false,"toolGroupingExploreEnabled":true,"toolGroupingTerminalEnabled":true,"toolGroupingChangesEnabled":false,"zcodeInteractionBehavior":"queue","askUserQuestionAutoResolutionEnabled":false,"modelIoFullRetentionEnabled":false,"startPlanRecommendationDismissed":false,"providerFamilyConnectionSelections":{},"providerFamilyDomain":"zai","providerFamilyDomainMigrated":true,"nativeSearchEnhancementsEnabled":true,"memoryEnabled":false,"lastWorkspaceSession":[{"kind":"local","workspacePath":"C:\\Users\\USER\\Desktop\\Personal\\ZCode\\.tmp\\z1-native-1790566888278-3b5c94\\workspace-u2-scan","workspacePurpose":"project"},{"kind":"local","workspacePath":"C:\\Users\\USER\\Desktop\\Personal\\ZCode\\.tmp\\z1-native-1790566888278-3b5c94\\workspace","workspacePurpose":"project"},{"kind":"local","workspacePath":"C:\\Users\\USER\\Desktop\\Personal\\ZCode\\.tmp\\z1-native-1790566888278-3b5c94\\data\\.zcode\\workspace\\default","workspacePurpose":"conversation"}],"lastActiveTabIndex":1,"receivePreviewUpdates":false,"autoDownloadAndInstallUpdates":false,"skippedElectronUpdateVersions":{},"settingsSyncFirstRunPromptHandled":true}
[Z1 child] [2026-09-28 11:41:42.964] [pid:39944] [zcode-host] [rpc:call] graphEngineering.getWorkspace OK (1.7ms)
[2026-09-28 11:41:42.964] [pid:32100] [main] [host-log] (local-1) [host] [2026-09-28 11:41:42.964] [pid:39944] [zcode-host] [rpc:call] graphEngineering.getWorkspace OK (1.7ms)
[Z1 child] [2026-09-28 11:41:42.964] [pid:39944] [settingService] reading settings from: C:\Users\USER\Desktop\Personal\ZCode\.tmp\z1-native-1790566888278-3b5c94\home\.zcode\v2\setting.json
[2026-09-28 11:41:42.964] [pid:39944] [settingService] read result: {"recentProjects":["C:\\Users\\USER\\Desktop\\Personal\\ZCode\\.tmp\\z1-native-1790566888278-3b5c94\\workspace-u2-scan"],"locale":"zh-CN","localePreference":"en-US","terminalInheritSystemProfile":true,"embeddedBrowserAllowInsecureCertificates":false,"embeddedBrowserViewportPreference":{"mode":"normal","viewport":{"width":393,"height":852},"zoom":"fit"},"computerUseComposerEntryHidden":true,"taskAutoArchiveEnabled":false,"taskAutoArchiveOlderThanDays":7,"closeToTrayOnWindows":false,"closeToTrayOnWindowsMigrationInitialized":true,"keepAwakeWhileRunning":false,"desktopWindowSize":{"width":1280,"height":720,"maximized":false},"desktopChromiumHardwareAccelerationEnabled":true,"messageStreamShowReasoning":true,"messageStreamShowReasoningMigrationInitialized":true,"messageStreamShowTodos":false,"toolGroupingExploreEnabled":true,"toolGroupingTerminalEnabled":true,"toolGroupingChangesEnabled":false,"zcodeInteractionBehavior":"queue","askUserQuestionAutoResolutionEnabled":false,"modelIoFullRetentionEnabled":false,"startPlanRecommendationDismissed":false,"providerFamilyConnectionSelections":{},"providerFamilyDomain":"zai","providerFamilyDomainMigrated":true,"nativeSearchEnhancementsEnabled":true,"memoryEnabled":false,"lastWorkspaceSession":[{"kind":"local","workspacePath":"C:\\Users\\USER\\Desktop\\Personal\\ZCode\\.tmp\\z1-native-1790566888278-3b5c94\\workspace-u2-scan","workspacePurpose":"project"},{"kind":"local","workspacePath":"C:\\Users\\USER\\Desktop\\Personal\\ZCode\\.tmp\\z1-native-1790566888278-3b5c94\\workspace","workspacePurpose":"project"},{"kind":"local","workspacePath":"C:\\Users\\USER\\Desktop\\Personal\\ZCode\\.tmp\\z1-native-1790566888278-3b5c94\\data\\.zcode\\workspace\\default","workspacePurpose":"conversation"}],"lastActiveTabIndex":1,"receivePreviewUpdates":false,"autoDownloadAndInstallUpdates":false,"skippedElectronUpdateVersions":{},"settingsSyncFirstRunPromptHandled":true}
[Z1 child] [2026-09-28 11:41:42.964] [pid:39944] [zcode-host] [rpc:call] graphEngineering.getWorkspace OK (2.2ms)
[2026-09-28 11:41:42.965] [pid:32100] [main] [host-log] (local-1) [host] [2026-09-28 11:41:42.964] [pid:39944] [zcode-host] [rpc:call] graphEngineering.getWorkspace OK (2.2ms)
[Z1 child] [2026-09-28 11:41:43.416] [pid:39944] [cua-pip-session] [cua-pip-session] event delivery dropped {
  kind: 'focus-changed',
  revision: 5,
  sessionId: 'sess_01cdcf5c-dff3-4c0b-99e4-9ebfda6f6f3e',
  sourceWindowId: 'window-1',
  skipReason: 'service-disabled'
}
[2026-09-28 11:41:43.417] [pid:32100] [main] [host-log] (local-1) [host] [2026-09-28 11:41:43.416] [pid:39944] [cua-pip-session] [cua-pip-session] event delivery dropped {"kind":"focus-changed","revision":5,"sessionId":"sess_01cdcf5c-dff3-4c0b-99e4-9ebfda6f6f3e","sourceWindowId":"window-1","skipReason":"service-disabled"}
[2026-09-28 11:41:43.420] [pid:32100] [renderer] v4 workspace connection reused {
  event: 'v4.workspace_connection.reused',
  isRemote: false,
  key: '__base__ C:\\Users\\USER\\Desktop\\Personal\\ZCode\\.tmp\\z1-native-1790566888278-3b5c94\\workspace',
  module: 'ui.v4.workspace_connection_registry',
  refCount: 1,
  serviceGeneration: 1,
  status: 'completed'
}
[Z1 child] [2026-09-28 11:41:43.430] [pid:39944] [zcode-host] [rpc:call] zcode-task.getTaskSessionFilePath OK (0.0ms)
[2026-09-28 11:41:43.430] [pid:32100] [main] [host-log] (local-1) [host] [2026-09-28 11:41:43.430] [pid:39944] [zcode-host] [rpc:call] zcode-task.getTaskSessionFilePath OK (0.0ms)
[2026-09-28 11:41:43.431] [pid:32100] [renderer] v4 conversation store connect started {
  event: 'v4.conversation.store.connect.started',
  generation: 1,
  hasBase: false,
  module: 'ui.v4.conversation_projection_store',
  status: 'started',
  topic: 'conversation/sess_01cdcf5c-dff3-4c0b-99e4-9ebfda6f6f3e'
}
[2026-09-28 11:41:43.432] [pid:32100] [renderer] v4 conversation subscription started {
  workspaceKey: 'C:\\Users\\USER\\Desktop\\Personal\\ZCode\\.tmp\\z1-native-1790566888278-3b5c94\\workspace',
  workspacePath: 'C:\\Users\\USER\\Desktop\\Personal\\ZCode\\.tmp\\z1-native-1790566888278-3b5c94\\workspace',
  event: 'v4.conversation.subscribe.started',
  module: 'ui.v4.conversation_transport',
  runtimeGeneration: 0,
  sessionId: 'sess_01cdcf5c-dff3-4c0b-99e4-9ebfda6f6f3e',
  status: 'started',
  topic: 'conversation/sess_01cdcf5c-dff3-4c0b-99e4-9ebfda6f6f3e'
}
[2026-09-28 11:41:43.432] [pid:32100] [renderer] v4 session data lease acquired {
  event: 'v4.session_data.acquire',
  keepWarm: false,
  module: 'ui.v4.session_data_layer',
  openKind: 'cold',
  refCount: 1,
  sessionId: 'sess_01cdcf5c-dff3-4c0b-99e4-9ebfda6f6f3e',
  status: 'completed',
  topic: 'conversation/sess_01cdcf5c-dff3-4c0b-99e4-9ebfda6f6f3e'
}
[2026-09-28 11:41:43.433] [pid:32100] [main] [host-log] (local-1) [host] [2026-09-28 11:41:43.430] [pid:39944] [zcode-host] [rpc:call] zcode-task.getTaskNativeSessionLogFile OK (0.2ms)
[2026-09-28 11:41:43.433] [pid:32100] [main] [host-log] (local-1) [host] [2026-09-28 11:41:43.430] [pid:39944] [zcode-host] [rpc:listen] graphEngineering.onDidChange subscribed
[2026-09-28 11:41:43.434] [pid:32100] [main] [host-log] (local-1) [host] [2026-09-28 11:41:43.430] [pid:39944] [zcode-host] [rpc:call] graphEngineering.isSessionOwned OK (0.0ms)
[2026-09-28 11:41:43.435] [pid:32100] [main] [host-log] (local-1) [host] [2026-09-28 11:41:43.430] [pid:39944] [zcode-host] [rpc:listen] model-selection.onDidChange subscribed
[Z1 child] [2026-09-28 11:41:43.430] [pid:39944] [zcode-host] [rpc:call] zcode-task.getTaskNativeSessionLogFile OK (0.2ms)
[2026-09-28 11:41:43.430] [pid:39944] [settingService] reading settings from: C:\Users\USER\Desktop\Personal\ZCode\.tmp\z1-native-1790566888278-3b5c94\home\.zcode\v2\setting.json
[2026-09-28 11:41:43.430] [pid:39944] [zcode-host] [rpc:listen] graphEngineering.onDidChange subscribed
[2026-09-28 11:41:43.430] [pid:39944] [zcode-host] [rpc:call] graphEngineering.isSessionOwned OK (0.0ms)
[2026-09-28 11:41:43.430] [pid:39944] [zcode-host] [rpc:listen] model-selection.onDidChange subscribed
[2026-09-28 11:41:43.431] [pid:39944] [zcode-host] [rpc:call] zcode-task.getTaskNativeSessionLogFile OK (0.2ms)
[2026-09-28 11:41:43.431] [pid:39944] [zcode-host] [rpc:call] zcode-task.getTaskSessionFilePath OK (0.0ms)
[2026-09-28 11:41:43.431] [pid:39944] [settingService] read result: {"recentProjects":["C:\\Users\\USER\\Desktop\\Personal\\ZCode\\.tmp\\z1-native-1790566888278-3b5c94\\workspace-u2-scan"],"locale":"zh-CN","localePreference":"en-US","terminalInheritSystemProfile":true,"embeddedBrowserAllowInsecureCertificates":false,"embeddedBrowserViewportPreference":{"mode":"normal","viewport":{"width":393,"height":852},"zoom":"fit"},"computerUseComposerEntryHidden":true,"taskAutoArchiveEnabled":false,"taskAutoArchiveOlderThanDays":7,"closeToTrayOnWindows":false,"closeToTrayOnWindowsMigrationInitialized":true,"keepAwakeWhileRunning":false,"desktopWindowSize":{"width":1280,"height":720,"maximized":false},"desktopChromiumHardwareAccelerationEnabled":true,"messageStreamShowReasoning":true,"messageStreamShowReasoningMigrationInitialized":true,"messageStreamShowTodos":false,"toolGroupingExploreEnabled":true,"toolGroupingTerminalEnabled":true,"toolGroupingChangesEnabled":false,"zcodeInteractionBehavior":"queue","askUserQuestionAutoResolutionEnabled":false,"modelIoFullRetentionEnabled":false,"startPlanRecommendationDismissed":false,"providerFamilyConnectionSelections":{},"providerFamilyDomain":"zai","providerFamilyDomainMigrated":true,"nativeSearchEnhancementsEnabled":true,"memoryEnabled":false,"lastWorkspaceSession":[{"kind":"local","workspacePath":"C:\\Users\\USER\\Desktop\\Personal\\ZCode\\.tmp\\z1-native-1790566888278-3b5c94\\workspace-u2-scan","workspacePurpose":"project"},{"kind":"local","workspacePath":"C:\\Users\\USER\\Desktop\\Personal\\ZCode\\.tmp\\z1-native-1790566888278-3b5c94\\workspace","workspacePurpose":"project"},{"kind":"local","workspacePath":"C:\\Users\\USER\\Desktop\\Personal\\ZCode\\.tmp\\z1-native-1790566888278-3b5c94\\data\\.zcode\\workspace\\default","workspacePurpose":"conversation"}],"lastActiveTabIndex":1,"receivePreviewUpdates":false,"autoDownloadAndInstallUpdates":false,"skippedElectronUpdateVersions":{},"settingsSyncFirstRunPromptHandled":true}
[2026-09-28 11:41:43.431] [pid:39944] [zcode-host] [rpc:call] setting.get OK (1.2ms)
[2026-09-28 11:41:43.432] [pid:39944] [zcode-host] [rpc:call] model-selection.getView OK (1.1ms)
[2026-09-28 11:41:43.435] [pid:32100] [main] [host-log] (local-1) [host] [2026-09-28 11:41:43.431] [pid:39944] [zcode-host] [rpc:call] zcode-task.getTaskNativeSessionLogFile OK (0.2ms)
[2026-09-28 11:41:43.436] [pid:32100] [main] [host-log] (local-1) [host] [2026-09-28 11:41:43.431] [pid:39944] [zcode-host] [rpc:call] zcode-task.getTaskSessionFilePath OK (0.0ms)
[2026-09-28 11:41:43.437] [pid:32100] [main] [host-log] (local-1) [host] [2026-09-28 11:41:43.431] [pid:39944] [zcode-host] [rpc:call] setting.get OK (1.2ms)
[2026-09-28 11:41:43.437] [pid:32100] [main] [host-log] (local-1) [host] [2026-09-28 11:41:43.432] [pid:39944] [zcode-host] [rpc:call] model-selection.getView OK (1.1ms)
[Z1 child] [2026-09-28 11:41:43.437] [pid:39944] [zcode-host] [rpc:call] zcode-task.getTaskNativeSessionLogFile OK (0.2ms)
[2026-09-28 11:41:43.438] [pid:32100] [main] [host-log] (local-1) [host] [2026-09-28 11:41:43.437] [pid:39944] [zcode-host] [rpc:call] zcode-task.getTaskNativeSessionLogFile OK (0.2ms)
[Z1 child] [2026-09-28 11:41:43.457] [pid:39944] [zcode-session-service] [zcode-session-service] readSession 历史快照读取完成 {
  deliveryKind: undefined,
  durationMs: 26,
  messageLimit: 1,
  sessionId: 'sess_01cdcf5c-dff3-4c0b-99e4-9ebfda6f6f3e',
  snapshot: {
    activeTurnId: null,
    eventSeq: 2,
    messageCount: 0,
    pendingRequestCount: 1,
    sessionStatus: 'idle',
    stateRevision: 0
  },
  workspaceIdentity: null,
  workspacePath: 'C:\\Users\\USER\\Desktop\\Personal\\ZCode\\.tmp\\z1-native-1790566888278-3b5c94\\workspace'
}
[2026-09-28 11:41:43.457] [pid:39944] [zcode-host] [rpc:call] zcode-session.readSession OK (26.7ms)
[2026-09-28 11:41:43.458] [pid:32100] [main] [host-log] (local-1) [host] [2026-09-28 11:41:43.457] [pid:39944] [zcode-session-service] [zcode-session-service] readSession 历史快照读取完成 {"durationMs":26,"messageLimit":1,"sessionId":"sess_01cdcf5c-dff3-4c0b-99e4-9ebfda6f6f3e","snapshot":{"activeTurnId":null,"eventSeq":2,"messageCount":0,"pendingRequestCount":1,"sessionStatus":"idle","stateRevision":0},"workspaceIdentity":null,"workspacePath":"C:\\Users\\USER\\Desktop\\Personal\\ZCode\\.tmp\\z1-native-1790566888278-3b5c94\\workspace"}
[2026-09-28 11:41:43.459] [pid:32100] [main] [host-log] (local-1) [host] [2026-09-28 11:41:43.457] [pid:39944] [zcode-host] [rpc:call] zcode-session.readSession OK (26.7ms)
[2026-09-28 11:41:43.459] [pid:32100] [main] [host-log] (local-1) [host] [2026-09-28 11:41:43.458] [pid:39944] [zcode-host] [rpc:call] zcode-agent.conversationWorkflowRunsV4 OK (15.4ms)
[Z1 child] [2026-09-28 11:41:43.458] [pid:39944] [zcode-host] [rpc:call] zcode-agent.conversationWorkflowRunsV4 OK (15.4ms)
[2026-09-28 11:41:43.460] [pid:39944] [zcode-host] [rpc:call] zcode-agent.subscribeConversationV4 OK (17.3ms)
[2026-09-28 11:41:43.462] [pid:32100] [main] [host-log] (local-1) [host] [2026-09-28 11:41:43.460] [pid:39944] [zcode-host] [rpc:call] zcode-agent.subscribeConversationV4 OK (17.3ms)
[Z1 child] [2026-09-28 11:41:43.467] [pid:39944] [zcode-host] [rpc:call] zcode-task.getTaskNativeSessionLogFile OK (0.2ms)
[2026-09-28 11:41:43.468] [pid:32100] [main] [host-log] (local-1) [host] [2026-09-28 11:41:43.467] [pid:39944] [zcode-host] [rpc:call] zcode-task.getTaskNativeSessionLogFile OK (0.2ms)
[2026-09-28 11:41:43.476] [pid:32100] [renderer] v4 conversation subscription acknowledged {
  workspaceKey: 'C:\\Users\\USER\\Desktop\\Personal\\ZCode\\.tmp\\z1-native-1790566888278-3b5c94\\workspace',
  workspacePath: 'C:\\Users\\USER\\Desktop\\Personal\\ZCode\\.tmp\\z1-native-1790566888278-3b5c94\\workspace',
  durationMs: 46,
  event: 'v4.conversation.subscribe.acknowledged',
  module: 'ui.v4.conversation_transport',
  runtimeGeneration: 0,
  sessionId: 'sess_01cdcf5c-dff3-4c0b-99e4-9ebfda6f6f3e',
  status: 'completed',
  subscriptionId: 'sub-mukpawmi-sjedhlxf-1',
  topic: 'conversation/sess_01cdcf5c-dff3-4c0b-99e4-9ebfda6f6f3e'
}
[2026-09-28 11:41:43.477] [pid:32100] [renderer] v4 conversation subscription activated {
  workspaceKey: 'C:\\Users\\USER\\Desktop\\Personal\\ZCode\\.tmp\\z1-native-1790566888278-3b5c94\\workspace',
  workspacePath: 'C:\\Users\\USER\\Desktop\\Personal\\ZCode\\.tmp\\z1-native-1790566888278-3b5c94\\workspace',
  event: 'v4.conversation.subscribe.activated',
  module: 'ui.v4.conversation_transport',
  runtimeGeneration: 0,
  status: 'completed',
  subscriptionId: 'sub-mukpawmi-sjedhlxf-1',
  topic: 'conversation/sess_01cdcf5c-dff3-4c0b-99e4-9ebfda6f6f3e'
}
[2026-09-28 11:41:43.478] [pid:32100] [renderer] v4 conversation store connect completed {
  durationMs: 46,
  event: 'v4.conversation.store.connect.completed',
  generation: 1,
  logEpoch: 'mukpawmi-sjedhlxf',
  mode: 'snapshot',
  module: 'ui.v4.conversation_projection_store',
  status: 'completed',
  subscriptionId: 'sub-mukpawmi-sjedhlxf-1',
  topic: 'conversation/sess_01cdcf5c-dff3-4c0b-99e4-9ebfda6f6f3e'
}
[Z1 child] [2026-09-28 11:41:43.481] [pid:39944] [zcode-host] [rpc:listen] model-selection.onDidChange subscribed
[2026-09-28 11:41:43.482] [pid:32100] [main] [host-log] (local-1) [host] [2026-09-28 11:41:43.481] [pid:39944] [zcode-host] [rpc:listen] model-selection.onDidChange subscribed
[2026-09-28 11:41:43.483] [pid:32100] [main] [host-log] (local-1) [host] [2026-09-28 11:41:43.482] [pid:39944] [zcode-host] [rpc:call] model-selection.getView OK (0.5ms)
[Z1 child] [2026-09-28 11:41:43.482] [pid:39944] [zcode-host] [rpc:call] model-selection.getView OK (0.5ms)
[Z1 child] [2026-09-28 11:41:43.485] [pid:39944] [zcode-host] [rpc:call] zcode-agent.conversationPlansV4 OK (0.4ms)
[2026-09-28 11:41:43.485] [pid:32100] [main] [host-log] (local-1) [host] [2026-09-28 11:41:43.485] [pid:39944] [zcode-host] [rpc:call] zcode-agent.conversationPlansV4 OK (0.4ms)
[Z1 child] [2026-09-28 11:41:43.748] [pid:39944] [zcode-host] [rpc:call] zcode-agent.sendConversationCommandV4 OK (2.3ms)
[2026-09-28 11:41:43.748] [pid:32100] [main] [host-log] (local-1) [host] [2026-09-28 11:41:43.748] [pid:39944] [zcode-host] [rpc:call] zcode-agent.sendConversationCommandV4 OK (2.3ms)
[Z1 child] [2026-09-28 11:41:43.787] [pid:39944] [settingService] reading settings from: C:\Users\USER\Desktop\Personal\ZCode\.tmp\z1-native-1790566888278-3b5c94\home\.zcode\v2\setting.json
[Z1 child] [2026-09-28 11:41:43.788] [pid:39944] [settingService] read result: {"recentProjects":["C:\\Users\\USER\\Desktop\\Personal\\ZCode\\.tmp\\z1-native-1790566888278-3b5c94\\workspace-u2-scan"],"locale":"zh-CN","localePreference":"en-US","terminalInheritSystemProfile":true,"embeddedBrowserAllowInsecureCertificates":false,"embeddedBrowserViewportPreference":{"mode":"normal","viewport":{"width":393,"height":852},"zoom":"fit"},"computerUseComposerEntryHidden":true,"taskAutoArchiveEnabled":false,"taskAutoArchiveOlderThanDays":7,"closeToTrayOnWindows":false,"closeToTrayOnWindowsMigrationInitialized":true,"keepAwakeWhileRunning":false,"desktopWindowSize":{"width":1280,"height":720,"maximized":false},"desktopChromiumHardwareAccelerationEnabled":true,"messageStreamShowReasoning":true,"messageStreamShowReasoningMigrationInitialized":true,"messageStreamShowTodos":false,"toolGroupingExploreEnabled":true,"toolGroupingTerminalEnabled":true,"toolGroupingChangesEnabled":false,"zcodeInteractionBehavior":"queue","askUserQuestionAutoResolutionEnabled":false,"modelIoFullRetentionEnabled":false,"startPlanRecommendationDismissed":false,"providerFamilyConnectionSelections":{},"providerFamilyDomain":"zai","providerFamilyDomainMigrated":true,"nativeSearchEnhancementsEnabled":true,"memoryEnabled":false,"lastWorkspaceSession":[{"kind":"local","workspacePath":"C:\\Users\\USER\\Desktop\\Personal\\ZCode\\.tmp\\z1-native-1790566888278-3b5c94\\workspace-u2-scan","workspacePurpose":"project"},{"kind":"local","workspacePath":"C:\\Users\\USER\\Desktop\\Personal\\ZCode\\.tmp\\z1-native-1790566888278-3b5c94\\workspace","workspacePurpose":"project"},{"kind":"local","workspacePath":"C:\\Users\\USER\\Desktop\\Personal\\ZCode\\.tmp\\z1-native-1790566888278-3b5c94\\data\\.zcode\\workspace\\default","workspacePurpose":"conversation"}],"lastActiveTabIndex":1,"receivePreviewUpdates":false,"autoDownloadAndInstallUpdates":false,"skippedElectronUpdateVersions":{},"settingsSyncFirstRunPromptHandled":true}
[Z1 child] [2026-09-28 11:41:43.788] [pid:39944] [settingService] writing settings to: C:\Users\USER\Desktop\Personal\ZCode\.tmp\z1-native-1790566888278-3b5c94\home\.zcode\v2\setting.json {"recentProjects":["C:\\Users\\USER\\Desktop\\Personal\\ZCode\\.tmp\\z1-native-1790566888278-3b5c94\\workspace-u2-scan"],"locale":"zh-CN","localePreference":"en-US","terminalInheritSystemProfile":true,"embeddedBrowserAllowInsecureCertificates":false,"embeddedBrowserViewportPreference":{"mode":"normal","viewport":{"width":393,"height":852},"zoom":"fit"},"computerUseComposerEntryHidden":true,"taskAutoArchiveEnabled":false,"taskAutoArchiveOlderThanDays":7,"closeToTrayOnWindows":false,"closeToTrayOnWindowsMigrationInitialized":true,"keepAwakeWhileRunning":false,"desktopWindowSize":{"width":1280,"height":720,"maximized":false},"desktopChromiumHardwareAccelerationEnabled":true,"messageStreamShowReasoning":true,"messageStreamShowReasoningMigrationInitialized":true,"messageStreamShowTodos":false,"toolGroupingExploreEnabled":true,"toolGroupingTerminalEnabled":true,"toolGroupingChangesEnabled":false,"zcodeInteractionBehavior":"queue","askUserQuestionAutoResolutionEnabled":false,"modelIoFullRetentionEnabled":false,"startPlanRecommendationDismissed":false,"providerFamilyConnectionSelections":{},"providerFamilyDomain":"zai","providerFamilyDomainMigrated":true,"nativeSearchEnhancementsEnabled":true,"memoryEnabled":false,"lastWorkspaceSession":[{"kind":"local","workspacePath":"C:\\Users\\USER\\Desktop\\Personal\\ZCode\\.tmp\\z1-native-1790566888278-3b5c94\\workspace-u2-scan","workspacePurpose":"project"},{"kind":"local","workspacePath":"C:\\Users\\USER\\Desktop\\Personal\\ZCode\\.tmp\\z1-native-1790566888278-3b5c94\\workspace","workspacePurpose":"project"},{"kind":"local","workspacePath":"C:\\Users\\USER\\Desktop\\Personal\\ZCode\\.tmp\\z1-native-1790566888278-3b5c94\\data\\.zcode\\workspace\\default","workspacePurpose":"conversation"}],"lastActiveTabIndex":1,"receivePreviewUpdates":false,"autoDownloadAndInstallUpdates":false,"skippedElectronUpdateVersions":{},"settingsSyncFirstRunPromptHandled":true}
[2026-09-28 11:41:43.788] [pid:32100] [main] [host-log] (local-1) [host] [2026-09-28 11:41:43.788] [pid:39944] [settingService] writing settings to: C:\Users\USER\Desktop\Personal\ZCode\.tmp\z1-native-1790566888278-3b5c94\home\.zcode\v2\setting.json {"recentProjects":["C:\\Users\\USER\\Desktop\\Personal\\ZCode\\.tmp\\z1-native-1790566888278-3b5c94\\workspace-u2-scan"],"locale":"zh-CN","localePreference":"en-US","terminalInheritSystemProfile":true,"embeddedBrowserAllowInsecureCertificates":false,"embeddedBrowserViewportPreference":{"mode":"normal","viewport":{"width":393,"height":852},"zoom":"fit"},"computerUseComposerEntryHidden":true,"taskAutoArchiveEnabled":false,"taskAutoArchiveOlderThanDays":7,"closeToTrayOnWindows":false,"closeToTrayOnWindowsMigrationInitialized":true,"keepAwakeWhileRunning":false,"desktopWindowSize":{"width":1280,"height":720,"maximized":false},"desktopChromiumHardwareAccelerationEnabled":true,"messageStreamShowReasoning":true,"messageStreamShowReasoningMigrationInitialized":true,"messageStreamShowTodos":false,"toolGroupingExploreEnabled":true,"toolGroupingTerminalEnabled":true,"toolGroupingChangesEnabled":false,"zcodeInteractionBehavior":"queue","askUserQuestionAutoResolutionEnabled":false,"modelIoFullRetentionEnabled":false,"startPlanRecommendationDismissed":false,"providerFamilyConnectionSelections":{},"providerFamilyDomain":"zai","providerFamilyDomainMigrated":true,"nativeSearchEnhancementsEnabled":true,"memoryEnabled":false,"lastWorkspaceSession":[{"kind":"local","workspacePath":"C:\\Users\\USER\\Desktop\\Personal\\ZCode\\.tmp\\z1-native-1790566888278-3b5c94\\workspace-u2-scan","workspacePurpose":"project"},{"kind":"local","workspacePath":"C:\\Users\\USER\\Desktop\\Personal\\ZCode\\.tmp\\z1-native-1790566888278-3b5c94\\workspace","workspacePurpose":"project"},{"kind":"local","workspacePath":"C:\\Users\\USER\\Desktop\\Personal\\ZCode\\.tmp\\z1-native-1790566888278-3b5c94\\data\\.zcode\\workspace\\default","workspacePurpose":"conversation"}],"lastActiveTabIndex":1,"receivePreviewUpdates":false,"autoDownloadAndInstallUpdates":false,"skippedElectronUpdateVersions":{},"settingsSyncFirstRunPromptHandled":true}
[Z1 child] [2026-09-28 11:41:43.792] [pid:39944] [settingService] write done
[2026-09-28 11:41:43.792] [pid:32100] [main] [host-log] (local-1) [host] [2026-09-28 11:41:43.792] [pid:39944] [settingService] write done
[2026-09-28 11:41:43.793] [pid:32100] [main] [host-log] (local-1) [host] [2026-09-28 11:41:43.792] [pid:39944] [zcode-host] [rpc:call] setting.update OK (5.1ms)
[Z1 child] [2026-09-28 11:41:43.792] [pid:39944] [zcode-host] [rpc:call] setting.update OK (5.1ms)
[Z1 child] [2026-09-28 11:41:43.806] [pid:39944] [zcode-host] [rpc:call] graphEngineering.isSessionOwned OK (0.0ms)
[2026-09-28 11:41:43.807] [pid:32100] [main] [host-log] (local-1) [host] [2026-09-28 11:41:43.806] [pid:39944] [zcode-host] [rpc:call] graphEngineering.isSessionOwned OK (0.0ms)
[2026-09-28 11:41:43.821] [pid:32100] [renderer] v4 workspace connection lease released {
  event: 'v4.workspace_connection.release',
  keepWarmMs: 30000,
  key: '__base__ C:\\Users\\USER\\Desktop\\Personal\\ZCode\\.tmp\\z1-native-1790566888278-3b5c94\\workspace',
  module: 'ui.v4.workspace_connection_registry',
  refCount: 0,
  status: 'keep_warm'
}
[2026-09-28 11:41:43.822] [pid:32100] [renderer] v4 session data lease released {
  event: 'v4.session_data.release',
  keepWarmMs: 30000,
  module: 'ui.v4.session_data_layer',
  refCount: 0,
  status: 'keep_warm',
  topic: 'conversation/sess_01cdcf5c-dff3-4c0b-99e4-9ebfda6f6f3e'
}
[Z1 child] [2026-09-28 11:41:43.822] [pid:39944] [zcode-host] [rpc:listen] graphEngineering.onDidChange subscribed
[2026-09-28 11:41:43.823] [pid:39944] [settingService] reading settings from: C:\Users\USER\Desktop\Personal\ZCode\.tmp\z1-native-1790566888278-3b5c94\home\.zcode\v2\setting.json
[2026-09-28 11:41:43.823] [pid:32100] [main] [host-log] (local-1) [host] [2026-09-28 11:41:43.822] [pid:39944] [zcode-host] [rpc:listen] graphEngineering.onDidChange subscribed
[Z1 child] [2026-09-28 11:41:43.823] [pid:39944] [settingService] read result: {"recentProjects":["C:\\Users\\USER\\Desktop\\Personal\\ZCode\\.tmp\\z1-native-1790566888278-3b5c94\\workspace-u2-scan"],"locale":"zh-CN","localePreference":"en-US","terminalInheritSystemProfile":true,"embeddedBrowserAllowInsecureCertificates":false,"embeddedBrowserViewportPreference":{"mode":"normal","viewport":{"width":393,"height":852},"zoom":"fit"},"computerUseComposerEntryHidden":true,"taskAutoArchiveEnabled":false,"taskAutoArchiveOlderThanDays":7,"closeToTrayOnWindows":false,"closeToTrayOnWindowsMigrationInitialized":true,"keepAwakeWhileRunning":false,"desktopWindowSize":{"width":1280,"height":720,"maximized":false},"desktopChromiumHardwareAccelerationEnabled":true,"messageStreamShowReasoning":true,"messageStreamShowReasoningMigrationInitialized":true,"messageStreamShowTodos":false,"toolGroupingExploreEnabled":true,"toolGroupingTerminalEnabled":true,"toolGroupingChangesEnabled":false,"zcodeInteractionBehavior":"queue","askUserQuestionAutoResolutionEnabled":false,"modelIoFullRetentionEnabled":false,"startPlanRecommendationDismissed":false,"providerFamilyConnectionSelections":{},"providerFamilyDomain":"zai","providerFamilyDomainMigrated":true,"nativeSearchEnhancementsEnabled":true,"memoryEnabled":false,"lastWorkspaceSession":[{"kind":"local","workspacePath":"C:\\Users\\USER\\Desktop\\Personal\\ZCode\\.tmp\\z1-native-1790566888278-3b5c94\\workspace-u2-scan","workspacePurpose":"project"},{"kind":"local","workspacePath":"C:\\Users\\USER\\Desktop\\Personal\\ZCode\\.tmp\\z1-native-1790566888278-3b5c94\\workspace","workspacePurpose":"project"},{"kind":"local","workspacePath":"C:\\Users\\USER\\Desktop\\Personal\\ZCode\\.tmp\\z1-native-1790566888278-3b5c94\\data\\.zcode\\workspace\\default","workspacePurpose":"conversation"}],"lastActiveTabIndex":1,"receivePreviewUpdates":false,"autoDownloadAndInstallUpdates":false,"skippedElectronUpdateVersions":{},"settingsSyncFirstRunPromptHandled":true}
[Z1 child] [2026-09-28 11:41:43.824] [pid:39944] [zcode-host] [rpc:call] graphEngineering.getWorkspace OK (1.3ms)
[2026-09-28 11:41:43.824] [pid:32100] [main] [host-log] (local-1) [host] [2026-09-28 11:41:43.824] [pid:39944] [zcode-host] [rpc:call] graphEngineering.getWorkspace OK (1.3ms)
[Z1 child] [2026-09-28 11:41:43.834] [pid:39944] [settingService] reading settings from: C:\Users\USER\Desktop\Personal\ZCode\.tmp\z1-native-1790566888278-3b5c94\home\.zcode\v2\setting.json
[2026-09-28 11:41:43.834] [pid:39944] [zcode-host] [rpc:listen] model-selection.onDidChange subscribed
[2026-09-28 11:41:43.834] [pid:32100] [main] [host-log] (local-1) [host] [2026-09-28 11:41:43.834] [pid:39944] [zcode-host] [rpc:listen] model-selection.onDidChange subscribed
[2026-09-28 11:41:43.835] [pid:32100] [main] [host-log] (local-1) [host] [2026-09-28 11:41:43.834] [pid:39944] [zcode-host] [rpc:call] graphEngineering.validateDefinition OK (0.1ms)
[2026-09-28 11:41:43.836] [pid:32100] [main] [host-log] (local-1) [host] [2026-09-28 11:41:43.835] [pid:39944] [zcode-host] [rpc:call] setting.get OK (0.8ms)
[Z1 child] [2026-09-28 11:41:43.834] [pid:39944] [zcode-host] [rpc:call] graphEngineering.validateDefinition OK (0.1ms)
[2026-09-28 11:41:43.835] [pid:39944] [settingService] read result: {"recentProjects":["C:\\Users\\USER\\Desktop\\Personal\\ZCode\\.tmp\\z1-native-1790566888278-3b5c94\\workspace-u2-scan"],"locale":"zh-CN","localePreference":"en-US","terminalInheritSystemProfile":true,"embeddedBrowserAllowInsecureCertificates":false,"embeddedBrowserViewportPreference":{"mode":"normal","viewport":{"width":393,"height":852},"zoom":"fit"},"computerUseComposerEntryHidden":true,"taskAutoArchiveEnabled":false,"taskAutoArchiveOlderThanDays":7,"closeToTrayOnWindows":false,"closeToTrayOnWindowsMigrationInitialized":true,"keepAwakeWhileRunning":false,"desktopWindowSize":{"width":1280,"height":720,"maximized":false},"desktopChromiumHardwareAccelerationEnabled":true,"messageStreamShowReasoning":true,"messageStreamShowReasoningMigrationInitialized":true,"messageStreamShowTodos":false,"toolGroupingExploreEnabled":true,"toolGroupingTerminalEnabled":true,"toolGroupingChangesEnabled":false,"zcodeInteractionBehavior":"queue","askUserQuestionAutoResolutionEnabled":false,"modelIoFullRetentionEnabled":false,"startPlanRecommendationDismissed":false,"providerFamilyConnectionSelections":{},"providerFamilyDomain":"zai","providerFamilyDomainMigrated":true,"nativeSearchEnhancementsEnabled":true,"memoryEnabled":false,"lastWorkspaceSession":[{"kind":"local","workspacePath":"C:\\Users\\USER\\Desktop\\Personal\\ZCode\\.tmp\\z1-native-1790566888278-3b5c94\\workspace-u2-scan","workspacePurpose":"project"},{"kind":"local","workspacePath":"C:\\Users\\USER\\Desktop\\Personal\\ZCode\\.tmp\\z1-native-1790566888278-3b5c94\\workspace","workspacePurpose":"project"},{"kind":"local","workspacePath":"C:\\Users\\USER\\Desktop\\Personal\\ZCode\\.tmp\\z1-native-1790566888278-3b5c94\\data\\.zcode\\workspace\\default","workspacePurpose":"conversation"}],"lastActiveTabIndex":1,"receivePreviewUpdates":false,"autoDownloadAndInstallUpdates":false,"skippedElectronUpdateVersions":{},"settingsSyncFirstRunPromptHandled":true}
[2026-09-28 11:41:43.835] [pid:39944] [zcode-host] [rpc:call] setting.get OK (0.8ms)
[2026-09-28 11:41:43.835] [pid:39944] [zcode-host] [rpc:call] model-selection.getView OK (0.9ms)
[2026-09-28 11:41:43.836] [pid:32100] [main] [host-log] (local-1) [host] [2026-09-28 11:41:43.835] [pid:39944] [zcode-host] [rpc:call] model-selection.getView OK (0.9ms)
[Z1 child] [2026-09-28 11:41:46.774] [pid:39944] [zcode-agent-service] 开始初始化 ZCode agent {
  workspaceKey: 'C:\\Users\\USER\\Desktop\\Personal\\ZCode\\.tmp\\z1-native-1790566888278-3b5c94\\workspace',
  workspacePath: 'C:\\Users\\USER\\Desktop\\Personal\\ZCode\\.tmp\\z1-native-1790566888278-3b5c94\\workspace'
}
[2026-09-28 11:41:46.774] [pid:39944] [zcode-agent-service] ZCode agent 初始化完成 {
  durationMs: 0,
  transportKind: 'stdio',
  workspaceKey: 'C:\\Users\\USER\\Desktop\\Personal\\ZCode\\.tmp\\z1-native-1790566888278-3b5c94\\workspace',
  workspacePath: 'C:\\Users\\USER\\Desktop\\Personal\\ZCode\\.tmp\\z1-native-1790566888278-3b5c94\\workspace'
}
[2026-09-28 11:41:46.775] [pid:32100] [main] [host-log] (local-1) [host] [2026-09-28 11:41:46.774] [pid:39944] [zcode-agent-service] 开始初始化 ZCode agent {"workspaceKey":"C:\\Users\\USER\\Desktop\\Personal\\ZCode\\.tmp\\z1-native-1790566888278-3b5c94\\workspace","workspacePath":"C:\\Users\\USER\\Desktop\\Personal\\ZCode\\.tmp\\z1-native-1790566888278-3b5c94\\workspace"}
[2026-09-28 11:41:46.776] [pid:32100] [main] [host-log] (local-1) [host] [2026-09-28 11:41:46.774] [pid:39944] [zcode-agent-service] ZCode agent 初始化完成 {"durationMs":0,"transportKind":"stdio","workspaceKey":"C:\\Users\\USER\\Desktop\\Personal\\ZCode\\.tmp\\z1-native-1790566888278-3b5c94\\workspace","workspacePath":"C:\\Users\\USER\\Desktop\\Personal\\ZCode\\.tmp\\z1-native-1790566888278-3b5c94\\workspace"}
[2026-09-28 11:41:46.776] [pid:32100] [main] [host-log] (local-1) [host] [2026-09-28 11:41:46.774] [pid:39944] [zcode-session-service][trace:28013c77-79ab-4321-a47d-c6b74bd0422d] [zcode-session-service] createSession 分配 session trace {"persistence":"deferred","workspacePath":"C:\\Users\\USER\\Desktop\\Personal\\ZCode\\.tmp\\z1-native-1790566888278-3b5c94\\workspace"}
[2026-09-28 11:41:46.777] [pid:32100] [main] [host-log] (local-1) [host] [2026-09-28 11:41:46.774] [pid:39944] [zcode-agent-service][trace:28013c77-79ab-4321-a47d-c6b74bd0422d] 开始请求 ZCode Protocol session/create {"hasInitialModel":false,"hasInitialThoughtLevel":false,"initialModel":null,"mcpServerCount":0,"mcpServerNames":[],"persistence":"deferred","workspaceKey":"C:\\Users\\USER\\Desktop\\Personal\\ZCode\\.tmp\\z1-native-1790566888278-3b5c94\\workspace","workspacePath":"C:\\Users\\USER\\Desktop\\Personal\\ZCode\\.tmp\\z1-native-1790566888278-3b5c94\\workspace"}
[Z1 child] [2026-09-28 11:41:46.774] [pid:39944] [zcode-session-service][trace:28013c77-79ab-4321-a47d-c6b74bd0422d] [zcode-session-service] createSession 分配 session trace {
  persistence: 'deferred',
  workspaceIdentity: undefined,
  workspacePath: 'C:\\Users\\USER\\Desktop\\Personal\\ZCode\\.tmp\\z1-native-1790566888278-3b5c94\\workspace'
}
[2026-09-28 11:41:46.774] [pid:39944] [zcode-agent-service][trace:28013c77-79ab-4321-a47d-c6b74bd0422d] 开始请求 ZCode Protocol session/create {
  hasInitialModel: false,
  hasInitialThoughtLevel: false,
  initialModel: null,
  mcpServerCount: 0,
  mcpServerNames: [],
  persistence: 'deferred',
  workspaceKey: 'C:\\Users\\USER\\Desktop\\Personal\\ZCode\\.tmp\\z1-native-1790566888278-3b5c94\\workspace',
  workspacePath: 'C:\\Users\\USER\\Desktop\\Personal\\ZCode\\.tmp\\z1-native-1790566888278-3b5c94\\workspace'
}
[2026-09-28 11:41:46.776] [pid:39944] [settingService] reading settings from: C:\Users\USER\Desktop\Personal\ZCode\.tmp\z1-native-1790566888278-3b5c94\home\.zcode\v2\setting.json
[2026-09-28 11:41:46.776] [pid:39944] [settingService] read result: {"recentProjects":["C:\\Users\\USER\\Desktop\\Personal\\ZCode\\.tmp\\z1-native-1790566888278-3b5c94\\workspace-u2-scan"],"locale":"zh-CN","localePreference":"en-US","terminalInheritSystemProfile":true,"embeddedBrowserAllowInsecureCertificates":false,"embeddedBrowserViewportPreference":{"mode":"normal","viewport":{"width":393,"height":852},"zoom":"fit"},"computerUseComposerEntryHidden":true,"taskAutoArchiveEnabled":false,"taskAutoArchiveOlderThanDays":7,"closeToTrayOnWindows":false,"closeToTrayOnWindowsMigrationInitialized":true,"keepAwakeWhileRunning":false,"desktopWindowSize":{"width":1280,"height":720,"maximized":false},"desktopChromiumHardwareAccelerationEnabled":true,"messageStreamShowReasoning":true,"messageStreamShowReasoningMigrationInitialized":true,"messageStreamShowTodos":false,"toolGroupingExploreEnabled":true,"toolGroupingTerminalEnabled":true,"toolGroupingChangesEnabled":false,"zcodeInteractionBehavior":"queue","askUserQuestionAutoResolutionEnabled":false,"modelIoFullRetentionEnabled":false,"startPlanRecommendationDismissed":false,"providerFamilyConnectionSelections":{},"providerFamilyDomain":"zai","providerFamilyDomainMigrated":true,"nativeSearchEnhancementsEnabled":true,"memoryEnabled":false,"lastWorkspaceSession":[{"kind":"local","workspacePath":"C:\\Users\\USER\\Desktop\\Personal\\ZCode\\.tmp\\z1-native-1790566888278-3b5c94\\workspace-u2-scan","workspacePurpose":"project"},{"kind":"local","workspacePath":"C:\\Users\\USER\\Desktop\\Personal\\ZCode\\.tmp\\z1-native-1790566888278-3b5c94\\workspace","workspacePurpose":"project"},{"kind":"local","workspacePath":"C:\\Users\\USER\\Desktop\\Personal\\ZCode\\.tmp\\z1-native-1790566888278-3b5c94\\data\\.zcode\\workspace\\default","workspacePurpose":"conversation"}],"lastActiveTabIndex":1,"receivePreviewUpdates":false,"autoDownloadAndInstallUpdates":false,"skippedElectronUpdateVersions":{},"settingsSyncFirstRunPromptHandled":true}
[Z1 child] [2026-09-28 11:41:46.834] [pid:39944] [zcode-agent-service][trace:28013c77-79ab-4321-a47d-c6b74bd0422d] ZCode Protocol session/create 完成 {
  durationMs: 60,
  messageCount: 0,
  modelCurrent: 'z1-local-fixture/z1-fixture$enabled',
  mcpServerCount: 0,
  persistence: 'deferred',
  sessionId: 'sess_34b8b3a4-3b43-4e8f-b450-2bc28ea066aa',
  snapshotTraceId: '28013c77-79ab-4321-a47d-c6b74bd0422d',
  workspaceKey: 'C:\\Users\\USER\\Desktop\\Personal\\ZCode\\.tmp\\z1-native-1790566888278-3b5c94\\workspace',
  workspacePath: 'C:\\Users\\USER\\Desktop\\Personal\\ZCode\\.tmp\\z1-native-1790566888278-3b5c94\\workspace'
}
[2026-09-28 11:41:46.834] [pid:39944] [zcode-session-service][trace:28013c77-79ab-4321-a47d-c6b74bd0422d] [zcode-session-service] createSession agent 返回 {
  durationMs: 60,
  mcpServerCount: 0,
  persistence: 'deferred',
  snapshotTraceId: '28013c77-79ab-4321-a47d-c6b74bd0422d',
  sessionId: 'sess_34b8b3a4-3b43-4e8f-b450-2bc28ea066aa',
  workspaceIdentity: undefined,
  workspacePath: 'C:\\Users\\USER\\Desktop\\Personal\\ZCode\\.tmp\\z1-native-1790566888278-3b5c94\\workspace'
}
[2026-09-28 11:41:46.835] [pid:32100] [main] [host-log] (local-1) [host] [2026-09-28 11:41:46.834] [pid:39944] [zcode-agent-service][trace:28013c77-79ab-4321-a47d-c6b74bd0422d] ZCode Protocol session/create 完成 {"durationMs":60,"messageCount":0,"modelCurrent":"z1-local-fixture/z1-fixture$enabled","mcpServerCount":0,"persistence":"deferred","sessionId":"sess_34b8b3a4-3b43-4e8f-b450-2bc28ea066aa","snapshotTraceId":"28013c77-79ab-4321-a47d-c6b74bd0422d","workspaceKey":"C:\\Users\\USER\\Desktop\\Personal\\ZCode\\.tmp\\z1-native-1790566888278-3b5c94\\workspace","workspacePath":"C:\\Users\\USER\\Desktop\\Personal\\ZCode\\.tmp\\z1-native-1790566888278-3b5c94\\workspace"}
[2026-09-28 11:41:46.835] [pid:32100] [main] [host-log] (local-1) [host] [2026-09-28 11:41:46.834] [pid:39944] [zcode-session-service][trace:28013c77-79ab-4321-a47d-c6b74bd0422d] [zcode-session-service] createSession agent 返回 {"durationMs":60,"mcpServerCount":0,"persistence":"deferred","snapshotTraceId":"28013c77-79ab-4321-a47d-c6b74bd0422d","sessionId":"sess_34b8b3a4-3b43-4e8f-b450-2bc28ea066aa","workspacePath":"C:\\Users\\USER\\Desktop\\Personal\\ZCode\\.tmp\\z1-native-1790566888278-3b5c94\\workspace"}
[Z1 child] [2026-09-28 11:41:46.937] [pid:39944] [settingService] reading settings from: C:\Users\USER\Desktop\Personal\ZCode\.tmp\z1-native-1790566888278-3b5c94\home\.zcode\v2\setting.json
[Z1 child] [2026-09-28 11:41:46.938] [pid:39944] [settingService] read result: {"recentProjects":["C:\\Users\\USER\\Desktop\\Personal\\ZCode\\.tmp\\z1-native-1790566888278-3b5c94\\workspace-u2-scan"],"locale":"zh-CN","localePreference":"en-US","terminalInheritSystemProfile":true,"embeddedBrowserAllowInsecureCertificates":false,"embeddedBrowserViewportPreference":{"mode":"normal","viewport":{"width":393,"height":852},"zoom":"fit"},"computerUseComposerEntryHidden":true,"taskAutoArchiveEnabled":false,"taskAutoArchiveOlderThanDays":7,"closeToTrayOnWindows":false,"closeToTrayOnWindowsMigrationInitialized":true,"keepAwakeWhileRunning":false,"desktopWindowSize":{"width":1280,"height":720,"maximized":false},"desktopChromiumHardwareAccelerationEnabled":true,"messageStreamShowReasoning":true,"messageStreamShowReasoningMigrationInitialized":true,"messageStreamShowTodos":false,"toolGroupingExploreEnabled":true,"toolGroupingTerminalEnabled":true,"toolGroupingChangesEnabled":false,"zcodeInteractionBehavior":"queue","askUserQuestionAutoResolutionEnabled":false,"modelIoFullRetentionEnabled":false,"startPlanRecommendationDismissed":false,"providerFamilyConnectionSelections":{},"providerFamilyDomain":"zai","providerFamilyDomainMigrated":true,"nativeSearchEnhancementsEnabled":true,"memoryEnabled":false,"lastWorkspaceSession":[{"kind":"local","workspacePath":"C:\\Users\\USER\\Desktop\\Personal\\ZCode\\.tmp\\z1-native-1790566888278-3b5c94\\workspace-u2-scan","workspacePurpose":"project"},{"kind":"local","workspacePath":"C:\\Users\\USER\\Desktop\\Personal\\ZCode\\.tmp\\z1-native-1790566888278-3b5c94\\workspace","workspacePurpose":"project"},{"kind":"local","workspacePath":"C:\\Users\\USER\\Desktop\\Personal\\ZCode\\.tmp\\z1-native-1790566888278-3b5c94\\data\\.zcode\\workspace\\default","workspacePurpose":"conversation"}],"lastActiveTabIndex":1,"receivePreviewUpdates":false,"autoDownloadAndInstallUpdates":false,"skippedElectronUpdateVersions":{},"settingsSyncFirstRunPromptHandled":true}
[Z1 child] [2026-09-28 11:41:46.938] [pid:39944] [zcode-host] [rpc:call] graphEngineering.getWorkspace OK (311.2ms)
[2026-09-28 11:41:46.939] [pid:32100] [main] [host-log] (local-1) [host] [2026-09-28 11:41:46.938] [pid:39944] [zcode-host] [rpc:call] graphEngineering.getWorkspace OK (311.2ms)
[Z1 child] [2026-09-28 11:41:46.939] [pid:39944] [settingService] reading settings from: C:\Users\USER\Desktop\Personal\ZCode\.tmp\z1-native-1790566888278-3b5c94\home\.zcode\v2\setting.json
[Z1 child] [2026-09-28 11:41:46.940] [pid:39944] [settingService] read result: {"recentProjects":["C:\\Users\\USER\\Desktop\\Personal\\ZCode\\.tmp\\z1-native-1790566888278-3b5c94\\workspace-u2-scan"],"locale":"zh-CN","localePreference":"en-US","terminalInheritSystemProfile":true,"embeddedBrowserAllowInsecureCertificates":false,"embeddedBrowserViewportPreference":{"mode":"normal","viewport":{"width":393,"height":852},"zoom":"fit"},"computerUseComposerEntryHidden":true,"taskAutoArchiveEnabled":false,"taskAutoArchiveOlderThanDays":7,"closeToTrayOnWindows":false,"closeToTrayOnWindowsMigrationInitialized":true,"keepAwakeWhileRunning":false,"desktopWindowSize":{"width":1280,"height":720,"maximized":false},"desktopChromiumHardwareAccelerationEnabled":true,"messageStreamShowReasoning":true,"messageStreamShowReasoningMigrationInitialized":true,"messageStreamShowTodos":false,"toolGroupingExploreEnabled":true,"toolGroupingTerminalEnabled":true,"toolGroupingChangesEnabled":false,"zcodeInteractionBehavior":"queue","askUserQuestionAutoResolutionEnabled":false,"modelIoFullRetentionEnabled":false,"startPlanRecommendationDismissed":false,"providerFamilyConnectionSelections":{},"providerFamilyDomain":"zai","providerFamilyDomainMigrated":true,"nativeSearchEnhancementsEnabled":true,"memoryEnabled":false,"lastWorkspaceSession":[{"kind":"local","workspacePath":"C:\\Users\\USER\\Desktop\\Personal\\ZCode\\.tmp\\z1-native-1790566888278-3b5c94\\workspace-u2-scan","workspacePurpose":"project"},{"kind":"local","workspacePath":"C:\\Users\\USER\\Desktop\\Personal\\ZCode\\.tmp\\z1-native-1790566888278-3b5c94\\workspace","workspacePurpose":"project"},{"kind":"local","workspacePath":"C:\\Users\\USER\\Desktop\\Personal\\ZCode\\.tmp\\z1-native-1790566888278-3b5c94\\data\\.zcode\\workspace\\default","workspacePurpose":"conversation"}],"lastActiveTabIndex":1,"receivePreviewUpdates":false,"autoDownloadAndInstallUpdates":false,"skippedElectronUpdateVersions":{},"settingsSyncFirstRunPromptHandled":true}
[2026-09-28 11:41:46.941] [pid:32100] [main] [host-log] (local-1) [host] [2026-09-28 11:41:46.940] [pid:39944] [zcode-host] [rpc:call] graphEngineering.getWorkspace OK (165.8ms)
[Z1 child] [2026-09-28 11:41:46.940] [pid:39944] [zcode-host] [rpc:call] graphEngineering.getWorkspace OK (165.8ms)
[Z1 child] [2026-09-28 11:41:46.942] [pid:39944] [settingService] reading settings from: C:\Users\USER\Desktop\Personal\ZCode\.tmp\z1-native-1790566888278-3b5c94\home\.zcode\v2\setting.json
[Z1 child] [2026-09-28 11:41:46.944] [pid:39944] [settingService] read result: {"recentProjects":["C:\\Users\\USER\\Desktop\\Personal\\ZCode\\.tmp\\z1-native-1790566888278-3b5c94\\workspace-u2-scan"],"locale":"zh-CN","localePreference":"en-US","terminalInheritSystemProfile":true,"embeddedBrowserAllowInsecureCertificates":false,"embeddedBrowserViewportPreference":{"mode":"normal","viewport":{"width":393,"height":852},"zoom":"fit"},"computerUseComposerEntryHidden":true,"taskAutoArchiveEnabled":false,"taskAutoArchiveOlderThanDays":7,"closeToTrayOnWindows":false,"closeToTrayOnWindowsMigrationInitialized":true,"keepAwakeWhileRunning":false,"desktopWindowSize":{"width":1280,"height":720,"maximized":false},"desktopChromiumHardwareAccelerationEnabled":true,"messageStreamShowReasoning":true,"messageStreamShowReasoningMigrationInitialized":true,"messageStreamShowTodos":false,"toolGroupingExploreEnabled":true,"toolGroupingTerminalEnabled":true,"toolGroupingChangesEnabled":false,"zcodeInteractionBehavior":"queue","askUserQuestionAutoResolutionEnabled":false,"modelIoFullRetentionEnabled":false,"startPlanRecommendationDismissed":false,"providerFamilyConnectionSelections":{},"providerFamilyDomain":"zai","providerFamilyDomainMigrated":true,"nativeSearchEnhancementsEnabled":true,"memoryEnabled":false,"lastWorkspaceSession":[{"kind":"local","workspacePath":"C:\\Users\\USER\\Desktop\\Personal\\ZCode\\.tmp\\z1-native-1790566888278-3b5c94\\workspace-u2-scan","workspacePurpose":"project"},{"kind":"local","workspacePath":"C:\\Users\\USER\\Desktop\\Personal\\ZCode\\.tmp\\z1-native-1790566888278-3b5c94\\workspace","workspacePurpose":"project"},{"kind":"local","workspacePath":"C:\\Users\\USER\\Desktop\\Personal\\ZCode\\.tmp\\z1-native-1790566888278-3b5c94\\data\\.zcode\\workspace\\default","workspacePurpose":"conversation"}],"lastActiveTabIndex":1,"receivePreviewUpdates":false,"autoDownloadAndInstallUpdates":false,"skippedElectronUpdateVersions":{},"settingsSyncFirstRunPromptHandled":true}
[Z1 child] [2026-09-28 11:41:46.945] [pid:39944] [zcode-host] [rpc:call] graphEngineering.getWorkspace OK (106.9ms)
[2026-09-28 11:41:46.945] [pid:32100] [main] [host-log] (local-1) [host] [2026-09-28 11:41:46.945] [pid:39944] [zcode-host] [rpc:call] graphEngineering.getWorkspace OK (106.9ms)
[Z1 child] [2026-09-28 11:41:46.945] [pid:39944] [settingService] reading settings from: C:\Users\USER\Desktop\Personal\ZCode\.tmp\z1-native-1790566888278-3b5c94\home\.zcode\v2\setting.json
[2026-09-28 11:41:46.946] [pid:39944] [settingService] read result: {"recentProjects":["C:\\Users\\USER\\Desktop\\Personal\\ZCode\\.tmp\\z1-native-1790566888278-3b5c94\\workspace-u2-scan"],"locale":"zh-CN","localePreference":"en-US","terminalInheritSystemProfile":true,"embeddedBrowserAllowInsecureCertificates":false,"embeddedBrowserViewportPreference":{"mode":"normal","viewport":{"width":393,"height":852},"zoom":"fit"},"computerUseComposerEntryHidden":true,"taskAutoArchiveEnabled":false,"taskAutoArchiveOlderThanDays":7,"closeToTrayOnWindows":false,"closeToTrayOnWindowsMigrationInitialized":true,"keepAwakeWhileRunning":false,"desktopWindowSize":{"width":1280,"height":720,"maximized":false},"desktopChromiumHardwareAccelerationEnabled":true,"messageStreamShowReasoning":true,"messageStreamShowReasoningMigrationInitialized":true,"messageStreamShowTodos":false,"toolGroupingExploreEnabled":true,"toolGroupingTerminalEnabled":true,"toolGroupingChangesEnabled":false,"zcodeInteractionBehavior":"queue","askUserQuestionAutoResolutionEnabled":false,"modelIoFullRetentionEnabled":false,"startPlanRecommendationDismissed":false,"providerFamilyConnectionSelections":{},"providerFamilyDomain":"zai","providerFamilyDomainMigrated":true,"nativeSearchEnhancementsEnabled":true,"memoryEnabled":false,"lastWorkspaceSession":[{"kind":"local","workspacePath":"C:\\Users\\USER\\Desktop\\Personal\\ZCode\\.tmp\\z1-native-1790566888278-3b5c94\\workspace-u2-scan","workspacePurpose":"project"},{"kind":"local","workspacePath":"C:\\Users\\USER\\Desktop\\Personal\\ZCode\\.tmp\\z1-native-1790566888278-3b5c94\\workspace","workspacePurpose":"project"},{"kind":"local","workspacePath":"C:\\Users\\USER\\Desktop\\Personal\\ZCode\\.tmp\\z1-native-1790566888278-3b5c94\\data\\.zcode\\workspace\\default","workspacePurpose":"conversation"}],"lastActiveTabIndex":1,"receivePreviewUpdates":false,"autoDownloadAndInstallUpdates":false,"skippedElectronUpdateVersions":{},"settingsSyncFirstRunPromptHandled":true}
[Z1 child] [2026-09-28 11:41:46.946] [pid:39944] [zcode-host] [rpc:call] graphEngineering.getWorkspace OK (58.6ms)
[2026-09-28 11:41:46.947] [pid:32100] [main] [host-log] (local-1) [host] [2026-09-28 11:41:46.946] [pid:39944] [zcode-host] [rpc:call] graphEngineering.getWorkspace OK (58.6ms)
[Z1 child] [2026-09-28 11:41:46.947] [pid:39944] [settingService] reading settings from: C:\Users\USER\Desktop\Personal\ZCode\.tmp\z1-native-1790566888278-3b5c94\home\.zcode\v2\setting.json
[Z1 child] [2026-09-28 11:41:46.947] [pid:39944] [settingService] read result: {"recentProjects":["C:\\Users\\USER\\Desktop\\Personal\\ZCode\\.tmp\\z1-native-1790566888278-3b5c94\\workspace-u2-scan"],"locale":"zh-CN","localePreference":"en-US","terminalInheritSystemProfile":true,"embeddedBrowserAllowInsecureCertificates":false,"embeddedBrowserViewportPreference":{"mode":"normal","viewport":{"width":393,"height":852},"zoom":"fit"},"computerUseComposerEntryHidden":true,"taskAutoArchiveEnabled":false,"taskAutoArchiveOlderThanDays":7,"closeToTrayOnWindows":false,"closeToTrayOnWindowsMigrationInitialized":true,"keepAwakeWhileRunning":false,"desktopWindowSize":{"width":1280,"height":720,"maximized":false},"desktopChromiumHardwareAccelerationEnabled":true,"messageStreamShowReasoning":true,"messageStreamShowReasoningMigrationInitialized":true,"messageStreamShowTodos":false,"toolGroupingExploreEnabled":true,"toolGroupingTerminalEnabled":true,"toolGroupingChangesEnabled":false,"zcodeInteractionBehavior":"queue","askUserQuestionAutoResolutionEnabled":false,"modelIoFullRetentionEnabled":false,"startPlanRecommendationDismissed":false,"providerFamilyConnectionSelections":{},"providerFamilyDomain":"zai","providerFamilyDomainMigrated":true,"nativeSearchEnhancementsEnabled":true,"memoryEnabled":false,"lastWorkspaceSession":[{"kind":"local","workspacePath":"C:\\Users\\USER\\Desktop\\Personal\\ZCode\\.tmp\\z1-native-1790566888278-3b5c94\\workspace-u2-scan","workspacePurpose":"project"},{"kind":"local","workspacePath":"C:\\Users\\USER\\Desktop\\Personal\\ZCode\\.tmp\\z1-native-1790566888278-3b5c94\\workspace","workspacePurpose":"project"},{"kind":"local","workspacePath":"C:\\Users\\USER\\Desktop\\Personal\\ZCode\\.tmp\\z1-native-1790566888278-3b5c94\\data\\.zcode\\workspace\\default","workspacePurpose":"conversation"}],"lastActiveTabIndex":1,"receivePreviewUpdates":false,"autoDownloadAndInstallUpdates":false,"skippedElectronUpdateVersions":{},"settingsSyncFirstRunPromptHandled":true}
[Z1 child] [2026-09-28 11:41:46.948] [pid:39944] [zcode-host] [rpc:call] graphEngineering.getWorkspace OK (6.0ms)
[2026-09-28 11:41:46.949] [pid:32100] [main] [host-log] (local-1) [host] [2026-09-28 11:41:46.948] [pid:39944] [zcode-host] [rpc:call] graphEngineering.getWorkspace OK (6.0ms)
[Z1 child] [2026-09-28 11:41:47.067] [pid:39944] [cua-pip-session] [cua-pip-session] event delivery dropped {
  kind: 'focus-changed',
  revision: 6,
  sessionId: 'sess_34b8b3a4-3b43-4e8f-b450-2bc28ea066aa',
  sourceWindowId: 'window-1',
  skipReason: 'service-disabled'
}
[2026-09-28 11:41:47.068] [pid:32100] [main] [host-log] (local-1) [host] [2026-09-28 11:41:47.067] [pid:39944] [cua-pip-session] [cua-pip-session] event delivery dropped {"kind":"focus-changed","revision":6,"sessionId":"sess_34b8b3a4-3b43-4e8f-b450-2bc28ea066aa","sourceWindowId":"window-1","skipReason":"service-disabled"}
[2026-09-28 11:41:47.070] [pid:32100] [renderer] v4 workspace connection reused {
  event: 'v4.workspace_connection.reused',
  isRemote: false,
  key: '__base__ C:\\Users\\USER\\Desktop\\Personal\\ZCode\\.tmp\\z1-native-1790566888278-3b5c94\\workspace',
  module: 'ui.v4.workspace_connection_registry',
  refCount: 1,
  serviceGeneration: 1,
  status: 'completed'
}
[Z1 child] [2026-09-28 11:41:47.079] [pid:39944] [zcode-host] [rpc:call] zcode-task.getTaskSessionFilePath OK (0.0ms)
[2026-09-28 11:41:47.080] [pid:32100] [main] [host-log] (local-1) [host] [2026-09-28 11:41:47.079] [pid:39944] [zcode-host] [rpc:call] zcode-task.getTaskSessionFilePath OK (0.0ms)
[2026-09-28 11:41:47.081] [pid:32100] [renderer] v4 conversation store connect started {
  event: 'v4.conversation.store.connect.started',
  generation: 1,
  hasBase: false,
  module: 'ui.v4.conversation_projection_store',
  status: 'started',
  topic: 'conversation/sess_34b8b3a4-3b43-4e8f-b450-2bc28ea066aa'
}
[2026-09-28 11:41:47.082] [pid:32100] [renderer] v4 conversation subscription started {
  workspaceKey: 'C:\\Users\\USER\\Desktop\\Personal\\ZCode\\.tmp\\z1-native-1790566888278-3b5c94\\workspace',
  workspacePath: 'C:\\Users\\USER\\Desktop\\Personal\\ZCode\\.tmp\\z1-native-1790566888278-3b5c94\\workspace',
  event: 'v4.conversation.subscribe.started',
  module: 'ui.v4.conversation_transport',
  runtimeGeneration: 0,
  sessionId: 'sess_34b8b3a4-3b43-4e8f-b450-2bc28ea066aa',
  status: 'started',
  topic: 'conversation/sess_34b8b3a4-3b43-4e8f-b450-2bc28ea066aa'
}
[2026-09-28 11:41:47.082] [pid:32100] [renderer] v4 session data lease acquired {
  event: 'v4.session_data.acquire',
  keepWarm: false,
  module: 'ui.v4.session_data_layer',
  openKind: 'cold',
  refCount: 1,
  sessionId: 'sess_34b8b3a4-3b43-4e8f-b450-2bc28ea066aa',
  status: 'completed',
  topic: 'conversation/sess_34b8b3a4-3b43-4e8f-b450-2bc28ea066aa'
}
[2026-09-28 11:41:47.083] [pid:32100] [main] [host-log] (local-1) [host] [2026-09-28 11:41:47.079] [pid:39944] [zcode-host] [rpc:call] zcode-task.getTaskNativeSessionLogFile OK (0.2ms)
[2026-09-28 11:41:47.084] [pid:32100] [main] [host-log] (local-1) [host] [2026-09-28 11:41:47.080] [pid:39944] [zcode-host] [rpc:listen] graphEngineering.onDidChange subscribed
[2026-09-28 11:41:47.085] [pid:32100] [main] [host-log] (local-1) [host] [2026-09-28 11:41:47.080] [pid:39944] [zcode-host] [rpc:call] graphEngineering.isSessionOwned OK (0.0ms)
[2026-09-28 11:41:47.085] [pid:32100] [main] [host-log] (local-1) [host] [2026-09-28 11:41:47.080] [pid:39944] [zcode-host] [rpc:listen] model-selection.onDidChange subscribed
[Z1 child] [2026-09-28 11:41:47.079] [pid:39944] [zcode-host] [rpc:call] zcode-task.getTaskNativeSessionLogFile OK (0.2ms)
[2026-09-28 11:41:47.080] [pid:39944] [settingService] reading settings from: C:\Users\USER\Desktop\Personal\ZCode\.tmp\z1-native-1790566888278-3b5c94\home\.zcode\v2\setting.json
[2026-09-28 11:41:47.080] [pid:39944] [zcode-host] [rpc:listen] graphEngineering.onDidChange subscribed
[2026-09-28 11:41:47.080] [pid:39944] [zcode-host] [rpc:call] graphEngineering.isSessionOwned OK (0.0ms)
[2026-09-28 11:41:47.080] [pid:39944] [zcode-host] [rpc:listen] model-selection.onDidChange subscribed
[2026-09-28 11:41:47.080] [pid:39944] [zcode-host] [rpc:call] zcode-task.getTaskNativeSessionLogFile OK (0.2ms)
[2026-09-28 11:41:47.081] [pid:39944] [zcode-host] [rpc:call] zcode-task.getTaskSessionFilePath OK (0.0ms)
[2026-09-28 11:41:47.081] [pid:39944] [settingService] read result: {"recentProjects":["C:\\Users\\USER\\Desktop\\Personal\\ZCode\\.tmp\\z1-native-1790566888278-3b5c94\\workspace-u2-scan"],"locale":"zh-CN","localePreference":"en-US","terminalInheritSystemProfile":true,"embeddedBrowserAllowInsecureCertificates":false,"embeddedBrowserViewportPreference":{"mode":"normal","viewport":{"width":393,"height":852},"zoom":"fit"},"computerUseComposerEntryHidden":true,"taskAutoArchiveEnabled":false,"taskAutoArchiveOlderThanDays":7,"closeToTrayOnWindows":false,"closeToTrayOnWindowsMigrationInitialized":true,"keepAwakeWhileRunning":false,"desktopWindowSize":{"width":1280,"height":720,"maximized":false},"desktopChromiumHardwareAccelerationEnabled":true,"messageStreamShowReasoning":true,"messageStreamShowReasoningMigrationInitialized":true,"messageStreamShowTodos":false,"toolGroupingExploreEnabled":true,"toolGroupingTerminalEnabled":true,"toolGroupingChangesEnabled":false,"zcodeInteractionBehavior":"queue","askUserQuestionAutoResolutionEnabled":false,"modelIoFullRetentionEnabled":false,"startPlanRecommendationDismissed":false,"providerFamilyConnectionSelections":{},"providerFamilyDomain":"zai","providerFamilyDomainMigrated":true,"nativeSearchEnhancementsEnabled":true,"memoryEnabled":false,"lastWorkspaceSession":[{"kind":"local","workspacePath":"C:\\Users\\USER\\Desktop\\Personal\\ZCode\\.tmp\\z1-native-1790566888278-3b5c94\\workspace-u2-scan","workspacePurpose":"project"},{"kind":"local","workspacePath":"C:\\Users\\USER\\Desktop\\Personal\\ZCode\\.tmp\\z1-native-1790566888278-3b5c94\\workspace","workspacePurpose":"project"},{"kind":"local","workspacePath":"C:\\Users\\USER\\Desktop\\Personal\\ZCode\\.tmp\\z1-native-1790566888278-3b5c94\\data\\.zcode\\workspace\\default","workspacePurpose":"conversation"}],"lastActiveTabIndex":1,"receivePreviewUpdates":false,"autoDownloadAndInstallUpdates":false,"skippedElectronUpdateVersions":{},"settingsSyncFirstRunPromptHandled":true}
[2026-09-28 11:41:47.081] [pid:39944] [zcode-host] [rpc:call] setting.get OK (1.5ms)
[2026-09-28 11:41:47.081] [pid:39944] [zcode-host] [rpc:call] model-selection.getView OK (1.5ms)
[2026-09-28 11:41:47.086] [pid:32100] [main] [host-log] (local-1) [host] [2026-09-28 11:41:47.080] [pid:39944] [zcode-host] [rpc:call] zcode-task.getTaskNativeSessionLogFile OK (0.2ms)
[2026-09-28 11:41:47.087] [pid:32100] [main] [host-log] (local-1) [host] [2026-09-28 11:41:47.081] [pid:39944] [zcode-host] [rpc:call] zcode-task.getTaskSessionFilePath OK (0.0ms)
[2026-09-28 11:41:47.088] [pid:32100] [main] [host-log] (local-1) [host] [2026-09-28 11:41:47.081] [pid:39944] [zcode-host] [rpc:call] setting.get OK (1.5ms)
[2026-09-28 11:41:47.089] [pid:32100] [main] [host-log] (local-1) [host] [2026-09-28 11:41:47.081] [pid:39944] [zcode-host] [rpc:call] model-selection.getView OK (1.5ms)
[Z1 child] [2026-09-28 11:41:47.089] [pid:39944] [zcode-host] [rpc:call] zcode-task.getTaskNativeSessionLogFile OK (0.3ms)
[2026-09-28 11:41:47.090] [pid:32100] [main] [host-log] (local-1) [host] [2026-09-28 11:41:47.089] [pid:39944] [zcode-host] [rpc:call] zcode-task.getTaskNativeSessionLogFile OK (0.3ms)
[Z1 child] [2026-09-28 11:41:47.112] [pid:39944] [zcode-session-service] [zcode-session-service] readSession 历史快照读取完成 {
  deliveryKind: undefined,
  durationMs: 32,
  messageLimit: 1,
  sessionId: 'sess_34b8b3a4-3b43-4e8f-b450-2bc28ea066aa',
  snapshot: {
    activeTurnId: null,
    eventSeq: 2,
    messageCount: 0,
    pendingRequestCount: 1,
    sessionStatus: 'idle',
    stateRevision: 0
  },
  workspaceIdentity: null,
  workspacePath: 'C:\\Users\\USER\\Desktop\\Personal\\ZCode\\.tmp\\z1-native-1790566888278-3b5c94\\workspace'
}
[2026-09-28 11:41:47.112] [pid:39944] [zcode-host] [rpc:call] zcode-session.readSession OK (32.4ms)
[2026-09-28 11:41:47.113] [pid:32100] [main] [host-log] (local-1) [host] [2026-09-28 11:41:47.112] [pid:39944] [zcode-session-service] [zcode-session-service] readSession 历史快照读取完成 {"durationMs":32,"messageLimit":1,"sessionId":"sess_34b8b3a4-3b43-4e8f-b450-2bc28ea066aa","snapshot":{"activeTurnId":null,"eventSeq":2,"messageCount":0,"pendingRequestCount":1,"sessionStatus":"idle","stateRevision":0},"workspaceIdentity":null,"workspacePath":"C:\\Users\\USER\\Desktop\\Personal\\ZCode\\.tmp\\z1-native-1790566888278-3b5c94\\workspace"}
[2026-09-28 11:41:47.114] [pid:32100] [main] [host-log] (local-1) [host] [2026-09-28 11:41:47.112] [pid:39944] [zcode-host] [rpc:call] zcode-session.readSession OK (32.4ms)
[2026-09-28 11:41:47.115] [pid:32100] [main] [host-log] (local-1) [host] [2026-09-28 11:41:47.113] [pid:39944] [zcode-host] [rpc:call] zcode-agent.conversationWorkflowRunsV4 OK (15.7ms)
[2026-09-28 11:41:47.116] [pid:32100] [main] [host-log] (local-1) [host] [2026-09-28 11:41:47.115] [pid:39944] [zcode-host] [rpc:call] zcode-agent.subscribeConversationV4 OK (17.7ms)
[Z1 child] [2026-09-28 11:41:47.113] [pid:39944] [zcode-host] [rpc:call] zcode-agent.conversationWorkflowRunsV4 OK (15.7ms)
[2026-09-28 11:41:47.115] [pid:39944] [zcode-host] [rpc:call] zcode-agent.subscribeConversationV4 OK (17.7ms)
[Z1 child] [2026-09-28 11:41:47.123] [pid:39944] [zcode-host] [rpc:call] zcode-task.getTaskNativeSessionLogFile OK (0.2ms)
[2026-09-28 11:41:47.124] [pid:32100] [main] [host-log] (local-1) [host] [2026-09-28 11:41:47.123] [pid:39944] [zcode-host] [rpc:call] zcode-task.getTaskNativeSessionLogFile OK (0.2ms)
[2026-09-28 11:41:47.130] [pid:32100] [renderer] v4 conversation subscription acknowledged {
  workspaceKey: 'C:\\Users\\USER\\Desktop\\Personal\\ZCode\\.tmp\\z1-native-1790566888278-3b5c94\\workspace',
  workspacePath: 'C:\\Users\\USER\\Desktop\\Personal\\ZCode\\.tmp\\z1-native-1790566888278-3b5c94\\workspace',
  durationMs: 50,
  event: 'v4.conversation.subscribe.acknowledged',
  module: 'ui.v4.conversation_transport',
  runtimeGeneration: 0,
  sessionId: 'sess_34b8b3a4-3b43-4e8f-b450-2bc28ea066aa',
  status: 'completed',
  subscriptionId: 'sub-mukpazp2-ysainc3g-1',
  topic: 'conversation/sess_34b8b3a4-3b43-4e8f-b450-2bc28ea066aa'
}
[2026-09-28 11:41:47.131] [pid:32100] [renderer] v4 conversation subscription activated {
  workspaceKey: 'C:\\Users\\USER\\Desktop\\Personal\\ZCode\\.tmp\\z1-native-1790566888278-3b5c94\\workspace',
  workspacePath: 'C:\\Users\\USER\\Desktop\\Personal\\ZCode\\.tmp\\z1-native-1790566888278-3b5c94\\workspace',
  event: 'v4.conversation.subscribe.activated',
  module: 'ui.v4.conversation_transport',
  runtimeGeneration: 0,
  status: 'completed',
  subscriptionId: 'sub-mukpazp2-ysainc3g-1',
  topic: 'conversation/sess_34b8b3a4-3b43-4e8f-b450-2bc28ea066aa'
}
[2026-09-28 11:41:47.132] [pid:32100] [renderer] v4 conversation store connect completed {
  durationMs: 51,
  event: 'v4.conversation.store.connect.completed',
  generation: 1,
  logEpoch: 'mukpazp2-ysainc3g',
  mode: 'snapshot',
  module: 'ui.v4.conversation_projection_store',
  status: 'completed',
  subscriptionId: 'sub-mukpazp2-ysainc3g-1',
  topic: 'conversation/sess_34b8b3a4-3b43-4e8f-b450-2bc28ea066aa'
}
[Z1 child] [2026-09-28 11:41:47.136] [pid:39944] [zcode-host] [rpc:listen] model-selection.onDidChange subscribed
[2026-09-28 11:41:47.136] [pid:32100] [main] [host-log] (local-1) [host] [2026-09-28 11:41:47.136] [pid:39944] [zcode-host] [rpc:listen] model-selection.onDidChange subscribed
[Z1 child] [2026-09-28 11:41:47.137] [pid:39944] [zcode-host] [rpc:call] model-selection.getView OK (1.0ms)
[2026-09-28 11:41:47.137] [pid:32100] [main] [host-log] (local-1) [host] [2026-09-28 11:41:47.137] [pid:39944] [zcode-host] [rpc:call] model-selection.getView OK (1.0ms)
[Z1 child] [2026-09-28 11:41:47.139] [pid:39944] [zcode-host] [rpc:call] zcode-agent.conversationPlansV4 OK (0.5ms)
[2026-09-28 11:41:47.139] [pid:32100] [main] [host-log] (local-1) [host] [2026-09-28 11:41:47.139] [pid:39944] [zcode-host] [rpc:call] zcode-agent.conversationPlansV4 OK (0.5ms)
[Z1 child] [2026-09-28 11:41:47.424] [pid:39944] [zcode-host] [rpc:call] zcode-agent.sendConversationCommandV4 OK (2.1ms)
[2026-09-28 11:41:47.425] [pid:32100] [main] [host-log] (local-1) [host] [2026-09-28 11:41:47.424] [pid:39944] [zcode-host] [rpc:call] zcode-agent.sendConversationCommandV4 OK (2.1ms)
[Z1 child] [2026-09-28 11:41:47.440] [pid:39944] [settingService] reading settings from: C:\Users\USER\Desktop\Personal\ZCode\.tmp\z1-native-1790566888278-3b5c94\home\.zcode\v2\setting.json
[Z1 child] [2026-09-28 11:41:47.441] [pid:39944] [settingService] read result: {"recentProjects":["C:\\Users\\USER\\Desktop\\Personal\\ZCode\\.tmp\\z1-native-1790566888278-3b5c94\\workspace-u2-scan"],"locale":"zh-CN","localePreference":"en-US","terminalInheritSystemProfile":true,"embeddedBrowserAllowInsecureCertificates":false,"embeddedBrowserViewportPreference":{"mode":"normal","viewport":{"width":393,"height":852},"zoom":"fit"},"computerUseComposerEntryHidden":true,"taskAutoArchiveEnabled":false,"taskAutoArchiveOlderThanDays":7,"closeToTrayOnWindows":false,"closeToTrayOnWindowsMigrationInitialized":true,"keepAwakeWhileRunning":false,"desktopWindowSize":{"width":1280,"height":720,"maximized":false},"desktopChromiumHardwareAccelerationEnabled":true,"messageStreamShowReasoning":true,"messageStreamShowReasoningMigrationInitialized":true,"messageStreamShowTodos":false,"toolGroupingExploreEnabled":true,"toolGroupingTerminalEnabled":true,"toolGroupingChangesEnabled":false,"zcodeInteractionBehavior":"queue","askUserQuestionAutoResolutionEnabled":false,"modelIoFullRetentionEnabled":false,"startPlanRecommendationDismissed":false,"providerFamilyConnectionSelections":{},"providerFamilyDomain":"zai","providerFamilyDomainMigrated":true,"nativeSearchEnhancementsEnabled":true,"memoryEnabled":false,"lastWorkspaceSession":[{"kind":"local","workspacePath":"C:\\Users\\USER\\Desktop\\Personal\\ZCode\\.tmp\\z1-native-1790566888278-3b5c94\\workspace-u2-scan","workspacePurpose":"project"},{"kind":"local","workspacePath":"C:\\Users\\USER\\Desktop\\Personal\\ZCode\\.tmp\\z1-native-1790566888278-3b5c94\\workspace","workspacePurpose":"project"},{"kind":"local","workspacePath":"C:\\Users\\USER\\Desktop\\Personal\\ZCode\\.tmp\\z1-native-1790566888278-3b5c94\\data\\.zcode\\workspace\\default","workspacePurpose":"conversation"}],"lastActiveTabIndex":1,"receivePreviewUpdates":false,"autoDownloadAndInstallUpdates":false,"skippedElectronUpdateVersions":{},"settingsSyncFirstRunPromptHandled":true}
[2026-09-28 11:41:47.441] [pid:39944] [settingService] writing settings to: C:\Users\USER\Desktop\Personal\ZCode\.tmp\z1-native-1790566888278-3b5c94\home\.zcode\v2\setting.json {"recentProjects":["C:\\Users\\USER\\Desktop\\Personal\\ZCode\\.tmp\\z1-native-1790566888278-3b5c94\\workspace-u2-scan"],"locale":"zh-CN","localePreference":"en-US","terminalInheritSystemProfile":true,"embeddedBrowserAllowInsecureCertificates":false,"embeddedBrowserViewportPreference":{"mode":"normal","viewport":{"width":393,"height":852},"zoom":"fit"},"computerUseComposerEntryHidden":true,"taskAutoArchiveEnabled":false,"taskAutoArchiveOlderThanDays":7,"closeToTrayOnWindows":false,"closeToTrayOnWindowsMigrationInitialized":true,"keepAwakeWhileRunning":false,"desktopWindowSize":{"width":1280,"height":720,"maximized":false},"desktopChromiumHardwareAccelerationEnabled":true,"messageStreamShowReasoning":true,"messageStreamShowReasoningMigrationInitialized":true,"messageStreamShowTodos":false,"toolGroupingExploreEnabled":true,"toolGroupingTerminalEnabled":true,"toolGroupingChangesEnabled":false,"zcodeInteractionBehavior":"queue","askUserQuestionAutoResolutionEnabled":false,"modelIoFullRetentionEnabled":false,"startPlanRecommendationDismissed":false,"providerFamilyConnectionSelections":{},"providerFamilyDomain":"zai","providerFamilyDomainMigrated":true,"nativeSearchEnhancementsEnabled":true,"memoryEnabled":false,"lastWorkspaceSession":[{"kind":"local","workspacePath":"C:\\Users\\USER\\Desktop\\Personal\\ZCode\\.tmp\\z1-native-1790566888278-3b5c94\\workspace-u2-scan","workspacePurpose":"project"},{"kind":"local","workspacePath":"C:\\Users\\USER\\Desktop\\Personal\\ZCode\\.tmp\\z1-native-1790566888278-3b5c94\\workspace","workspacePurpose":"project"},{"kind":"local","workspacePath":"C:\\Users\\USER\\Desktop\\Personal\\ZCode\\.tmp\\z1-native-1790566888278-3b5c94\\data\\.zcode\\workspace\\default","workspacePurpose":"conversation"}],"lastActiveTabIndex":1,"receivePreviewUpdates":false,"autoDownloadAndInstallUpdates":false,"skippedElectronUpdateVersions":{},"settingsSyncFirstRunPromptHandled":true}
[2026-09-28 11:41:47.442] [pid:32100] [main] [host-log] (local-1) [host] [2026-09-28 11:41:47.441] [pid:39944] [settingService] writing settings to: C:\Users\USER\Desktop\Personal\ZCode\.tmp\z1-native-1790566888278-3b5c94\home\.zcode\v2\setting.json {"recentProjects":["C:\\Users\\USER\\Desktop\\Personal\\ZCode\\.tmp\\z1-native-1790566888278-3b5c94\\workspace-u2-scan"],"locale":"zh-CN","localePreference":"en-US","terminalInheritSystemProfile":true,"embeddedBrowserAllowInsecureCertificates":false,"embeddedBrowserViewportPreference":{"mode":"normal","viewport":{"width":393,"height":852},"zoom":"fit"},"computerUseComposerEntryHidden":true,"taskAutoArchiveEnabled":false,"taskAutoArchiveOlderThanDays":7,"closeToTrayOnWindows":false,"closeToTrayOnWindowsMigrationInitialized":true,"keepAwakeWhileRunning":false,"desktopWindowSize":{"width":1280,"height":720,"maximized":false},"desktopChromiumHardwareAccelerationEnabled":true,"messageStreamShowReasoning":true,"messageStreamShowReasoningMigrationInitialized":true,"messageStreamShowTodos":false,"toolGroupingExploreEnabled":true,"toolGroupingTerminalEnabled":true,"toolGroupingChangesEnabled":false,"zcodeInteractionBehavior":"queue","askUserQuestionAutoResolutionEnabled":false,"modelIoFullRetentionEnabled":false,"startPlanRecommendationDismissed":false,"providerFamilyConnectionSelections":{},"providerFamilyDomain":"zai","providerFamilyDomainMigrated":true,"nativeSearchEnhancementsEnabled":true,"memoryEnabled":false,"lastWorkspaceSession":[{"kind":"local","workspacePath":"C:\\Users\\USER\\Desktop\\Personal\\ZCode\\.tmp\\z1-native-1790566888278-3b5c94\\workspace-u2-scan","workspacePurpose":"project"},{"kind":"local","workspacePath":"C:\\Users\\USER\\Desktop\\Personal\\ZCode\\.tmp\\z1-native-1790566888278-3b5c94\\workspace","workspacePurpose":"project"},{"kind":"local","workspacePath":"C:\\Users\\USER\\Desktop\\Personal\\ZCode\\.tmp\\z1-native-1790566888278-3b5c94\\data\\.zcode\\workspace\\default","workspacePurpose":"conversation"}],"lastActiveTabIndex":1,"receivePreviewUpdates":false,"autoDownloadAndInstallUpdates":false,"skippedElectronUpdateVersions":{},"settingsSyncFirstRunPromptHandled":true}
[Z1 child] [2026-09-28 11:41:47.450] [pid:39944] [settingService] write done
[2026-09-28 11:41:47.450] [pid:39944] [zcode-host] [rpc:call] setting.update OK (9.9ms)
[2026-09-28 11:41:47.450] [pid:32100] [main] [host-log] (local-1) [host] [2026-09-28 11:41:47.450] [pid:39944] [settingService] write done
[2026-09-28 11:41:47.451] [pid:32100] [main] [host-log] (local-1) [host] [2026-09-28 11:41:47.450] [pid:39944] [zcode-host] [rpc:call] setting.update OK (9.9ms)
[2026-09-28 11:41:47.507] [pid:32100] [renderer] v4 workspace connection lease released {
  event: 'v4.workspace_connection.release',
  keepWarmMs: 30000,
  key: '__base__ C:\\Users\\USER\\Desktop\\Personal\\ZCode\\.tmp\\z1-native-1790566888278-3b5c94\\workspace',
  module: 'ui.v4.workspace_connection_registry',
  refCount: 0,
  status: 'keep_warm'
}
[2026-09-28 11:41:47.508] [pid:32100] [renderer] v4 session data lease released {
  event: 'v4.session_data.release',
  keepWarmMs: 30000,
  module: 'ui.v4.session_data_layer',
  refCount: 0,
  status: 'keep_warm',
  topic: 'conversation/sess_34b8b3a4-3b43-4e8f-b450-2bc28ea066aa'
}
[Z1 child] [2026-09-28 11:41:47.508] [pid:39944] [zcode-host] [rpc:listen] graphEngineering.onDidChange subscribed
[2026-09-28 11:41:47.509] [pid:32100] [main] [host-log] (local-1) [host] [2026-09-28 11:41:47.508] [pid:39944] [zcode-host] [rpc:listen] graphEngineering.onDidChange subscribed
[Z1 child] [2026-09-28 11:41:47.509] [pid:39944] [settingService] reading settings from: C:\Users\USER\Desktop\Personal\ZCode\.tmp\z1-native-1790566888278-3b5c94\home\.zcode\v2\setting.json
[2026-09-28 11:41:47.509] [pid:39944] [settingService] read result: {"recentProjects":["C:\\Users\\USER\\Desktop\\Personal\\ZCode\\.tmp\\z1-native-1790566888278-3b5c94\\workspace-u2-scan"],"locale":"zh-CN","localePreference":"en-US","terminalInheritSystemProfile":true,"embeddedBrowserAllowInsecureCertificates":false,"embeddedBrowserViewportPreference":{"mode":"normal","viewport":{"width":393,"height":852},"zoom":"fit"},"computerUseComposerEntryHidden":true,"taskAutoArchiveEnabled":false,"taskAutoArchiveOlderThanDays":7,"closeToTrayOnWindows":false,"closeToTrayOnWindowsMigrationInitialized":true,"keepAwakeWhileRunning":false,"desktopWindowSize":{"width":1280,"height":720,"maximized":false},"desktopChromiumHardwareAccelerationEnabled":true,"messageStreamShowReasoning":true,"messageStreamShowReasoningMigrationInitialized":true,"messageStreamShowTodos":false,"toolGroupingExploreEnabled":true,"toolGroupingTerminalEnabled":true,"toolGroupingChangesEnabled":false,"zcodeInteractionBehavior":"queue","askUserQuestionAutoResolutionEnabled":false,"modelIoFullRetentionEnabled":false,"startPlanRecommendationDismissed":false,"providerFamilyConnectionSelections":{},"providerFamilyDomain":"zai","providerFamilyDomainMigrated":true,"nativeSearchEnhancementsEnabled":true,"memoryEnabled":false,"lastWorkspaceSession":[{"kind":"local","workspacePath":"C:\\Users\\USER\\Desktop\\Personal\\ZCode\\.tmp\\z1-native-1790566888278-3b5c94\\workspace-u2-scan","workspacePurpose":"project"},{"kind":"local","workspacePath":"C:\\Users\\USER\\Desktop\\Personal\\ZCode\\.tmp\\z1-native-1790566888278-3b5c94\\workspace","workspacePurpose":"project"},{"kind":"local","workspacePath":"C:\\Users\\USER\\Desktop\\Personal\\ZCode\\.tmp\\z1-native-1790566888278-3b5c94\\data\\.zcode\\workspace\\default","workspacePurpose":"conversation"}],"lastActiveTabIndex":1,"receivePreviewUpdates":false,"autoDownloadAndInstallUpdates":false,"skippedElectronUpdateVersions":{},"settingsSyncFirstRunPromptHandled":true}
[Z1 child] [2026-09-28 11:41:47.510] [pid:39944] [zcode-host] [rpc:call] graphEngineering.getWorkspace OK (1.2ms)
[2026-09-28 11:41:47.510] [pid:32100] [main] [host-log] (local-1) [host] [2026-09-28 11:41:47.510] [pid:39944] [zcode-host] [rpc:call] graphEngineering.getWorkspace OK (1.2ms)
[Z1 child] [2026-09-28 11:41:47.520] [pid:39944] [settingService] reading settings from: C:\Users\USER\Desktop\Personal\ZCode\.tmp\z1-native-1790566888278-3b5c94\home\.zcode\v2\setting.json
[2026-09-28 11:41:47.521] [pid:32100] [main] [host-log] (local-1) [host] [2026-09-28 11:41:47.520] [pid:39944] [zcode-host] [rpc:listen] model-selection.onDidChange subscribed
[2026-09-28 11:41:47.521] [pid:32100] [main] [host-log] (local-1) [host] [2026-09-28 11:41:47.520] [pid:39944] [zcode-host] [rpc:call] graphEngineering.validateDefinition OK (0.0ms)
[2026-09-28 11:41:47.522] [pid:32100] [main] [host-log] (local-1) [host] [2026-09-28 11:41:47.521] [pid:39944] [zcode-host] [rpc:call] setting.get OK (0.7ms)
[2026-09-28 11:41:47.523] [pid:32100] [main] [host-log] (local-1) [host] [2026-09-28 11:41:47.521] [pid:39944] [zcode-host] [rpc:call] model-selection.getView OK (0.7ms)
[Z1 child] [2026-09-28 11:41:47.520] [pid:39944] [zcode-host] [rpc:listen] model-selection.onDidChange subscribed
[2026-09-28 11:41:47.520] [pid:39944] [zcode-host] [rpc:call] graphEngineering.validateDefinition OK (0.0ms)
[2026-09-28 11:41:47.521] [pid:39944] [settingService] read result: {"recentProjects":["C:\\Users\\USER\\Desktop\\Personal\\ZCode\\.tmp\\z1-native-1790566888278-3b5c94\\workspace-u2-scan"],"locale":"zh-CN","localePreference":"en-US","terminalInheritSystemProfile":true,"embeddedBrowserAllowInsecureCertificates":false,"embeddedBrowserViewportPreference":{"mode":"normal","viewport":{"width":393,"height":852},"zoom":"fit"},"computerUseComposerEntryHidden":true,"taskAutoArchiveEnabled":false,"taskAutoArchiveOlderThanDays":7,"closeToTrayOnWindows":false,"closeToTrayOnWindowsMigrationInitialized":true,"keepAwakeWhileRunning":false,"desktopWindowSize":{"width":1280,"height":720,"maximized":false},"desktopChromiumHardwareAccelerationEnabled":true,"messageStreamShowReasoning":true,"messageStreamShowReasoningMigrationInitialized":true,"messageStreamShowTodos":false,"toolGroupingExploreEnabled":true,"toolGroupingTerminalEnabled":true,"toolGroupingChangesEnabled":false,"zcodeInteractionBehavior":"queue","askUserQuestionAutoResolutionEnabled":false,"modelIoFullRetentionEnabled":false,"startPlanRecommendationDismissed":false,"providerFamilyConnectionSelections":{},"providerFamilyDomain":"zai","providerFamilyDomainMigrated":true,"nativeSearchEnhancementsEnabled":true,"memoryEnabled":false,"lastWorkspaceSession":[{"kind":"local","workspacePath":"C:\\Users\\USER\\Desktop\\Personal\\ZCode\\.tmp\\z1-native-1790566888278-3b5c94\\workspace-u2-scan","workspacePurpose":"project"},{"kind":"local","workspacePath":"C:\\Users\\USER\\Desktop\\Personal\\ZCode\\.tmp\\z1-native-1790566888278-3b5c94\\workspace","workspacePurpose":"project"},{"kind":"local","workspacePath":"C:\\Users\\USER\\Desktop\\Personal\\ZCode\\.tmp\\z1-native-1790566888278-3b5c94\\data\\.zcode\\workspace\\default","workspacePurpose":"conversation"}],"lastActiveTabIndex":1,"receivePreviewUpdates":false,"autoDownloadAndInstallUpdates":false,"skippedElectronUpdateVersions":{},"settingsSyncFirstRunPromptHandled":true}
[2026-09-28 11:41:47.521] [pid:39944] [zcode-host] [rpc:call] setting.get OK (0.7ms)
[2026-09-28 11:41:47.521] [pid:39944] [zcode-host] [rpc:call] model-selection.getView OK (0.7ms)
[Z1 child] [2026-09-28 11:41:47.569] [pid:39944] [settingService] reading settings from: C:\Users\USER\Desktop\Personal\ZCode\.tmp\z1-native-1790566888278-3b5c94\home\.zcode\v2\setting.json
[Z1 child] [2026-09-28 11:41:47.569] [pid:39944] [settingService] read result: {"recentProjects":["C:\\Users\\USER\\Desktop\\Personal\\ZCode\\.tmp\\z1-native-1790566888278-3b5c94\\workspace-u2-scan"],"locale":"zh-CN","localePreference":"en-US","terminalInheritSystemProfile":true,"embeddedBrowserAllowInsecureCertificates":false,"embeddedBrowserViewportPreference":{"mode":"normal","viewport":{"width":393,"height":852},"zoom":"fit"},"computerUseComposerEntryHidden":true,"taskAutoArchiveEnabled":false,"taskAutoArchiveOlderThanDays":7,"closeToTrayOnWindows":false,"closeToTrayOnWindowsMigrationInitialized":true,"keepAwakeWhileRunning":false,"desktopWindowSize":{"width":1280,"height":720,"maximized":false},"desktopChromiumHardwareAccelerationEnabled":true,"messageStreamShowReasoning":true,"messageStreamShowReasoningMigrationInitialized":true,"messageStreamShowTodos":false,"toolGroupingExploreEnabled":true,"toolGroupingTerminalEnabled":true,"toolGroupingChangesEnabled":false,"zcodeInteractionBehavior":"queue","askUserQuestionAutoResolutionEnabled":false,"modelIoFullRetentionEnabled":false,"startPlanRecommendationDismissed":false,"providerFamilyConnectionSelections":{},"providerFamilyDomain":"zai","providerFamilyDomainMigrated":true,"nativeSearchEnhancementsEnabled":true,"memoryEnabled":false,"lastWorkspaceSession":[{"kind":"local","workspacePath":"C:\\Users\\USER\\Desktop\\Personal\\ZCode\\.tmp\\z1-native-1790566888278-3b5c94\\workspace-u2-scan","workspacePurpose":"project"},{"kind":"local","workspacePath":"C:\\Users\\USER\\Desktop\\Personal\\ZCode\\.tmp\\z1-native-1790566888278-3b5c94\\workspace","workspacePurpose":"project"},{"kind":"local","workspacePath":"C:\\Users\\USER\\Desktop\\Personal\\ZCode\\.tmp\\z1-native-1790566888278-3b5c94\\data\\.zcode\\workspace\\default","workspacePurpose":"conversation"}],"lastActiveTabIndex":1,"receivePreviewUpdates":false,"autoDownloadAndInstallUpdates":false,"skippedElectronUpdateVersions":{},"settingsSyncFirstRunPromptHandled":true}
[Z1 child] [2026-09-28 11:41:47.570] [pid:39944] [zcode-host] [rpc:call] graphEngineering.getWorkspace OK (1.2ms)
[2026-09-28 11:41:47.570] [pid:32100] [main] [host-log] (local-1) [host] [2026-09-28 11:41:47.570] [pid:39944] [zcode-host] [rpc:call] graphEngineering.getWorkspace OK (1.2ms)
[Z1 child] [2026-09-28 11:41:48.509] [pid:39944] [settingService] reading settings from: C:\Users\USER\Desktop\Personal\ZCode\.tmp\z1-native-1790566888278-3b5c94\home\.zcode\v2\setting.json
[Z1 child] [2026-09-28 11:41:48.509] [pid:39944] [settingService] read result: {"recentProjects":["C:\\Users\\USER\\Desktop\\Personal\\ZCode\\.tmp\\z1-native-1790566888278-3b5c94\\workspace-u2-scan"],"locale":"zh-CN","localePreference":"en-US","terminalInheritSystemProfile":true,"embeddedBrowserAllowInsecureCertificates":false,"embeddedBrowserViewportPreference":{"mode":"normal","viewport":{"width":393,"height":852},"zoom":"fit"},"computerUseComposerEntryHidden":true,"taskAutoArchiveEnabled":false,"taskAutoArchiveOlderThanDays":7,"closeToTrayOnWindows":false,"closeToTrayOnWindowsMigrationInitialized":true,"keepAwakeWhileRunning":false,"desktopWindowSize":{"width":1280,"height":720,"maximized":false},"desktopChromiumHardwareAccelerationEnabled":true,"messageStreamShowReasoning":true,"messageStreamShowReasoningMigrationInitialized":true,"messageStreamShowTodos":false,"toolGroupingExploreEnabled":true,"toolGroupingTerminalEnabled":true,"toolGroupingChangesEnabled":false,"zcodeInteractionBehavior":"queue","askUserQuestionAutoResolutionEnabled":false,"modelIoFullRetentionEnabled":false,"startPlanRecommendationDismissed":false,"providerFamilyConnectionSelections":{},"providerFamilyDomain":"zai","providerFamilyDomainMigrated":true,"nativeSearchEnhancementsEnabled":true,"memoryEnabled":false,"lastWorkspaceSession":[{"kind":"local","workspacePath":"C:\\Users\\USER\\Desktop\\Personal\\ZCode\\.tmp\\z1-native-1790566888278-3b5c94\\workspace-u2-scan","workspacePurpose":"project"},{"kind":"local","workspacePath":"C:\\Users\\USER\\Desktop\\Personal\\ZCode\\.tmp\\z1-native-1790566888278-3b5c94\\workspace","workspacePurpose":"project"},{"kind":"local","workspacePath":"C:\\Users\\USER\\Desktop\\Personal\\ZCode\\.tmp\\z1-native-1790566888278-3b5c94\\data\\.zcode\\workspace\\default","workspacePurpose":"conversation"}],"lastActiveTabIndex":1,"receivePreviewUpdates":false,"autoDownloadAndInstallUpdates":false,"skippedElectronUpdateVersions":{},"settingsSyncFirstRunPromptHandled":true}
[Z1 child] [2026-09-28 11:41:48.510] [pid:39944] [zcode-host] [rpc:call] graphEngineering.getWorkspace OK (2.9ms)
[2026-09-28 11:41:48.511] [pid:32100] [main] [host-log] (local-1) [host] [2026-09-28 11:41:48.510] [pid:39944] [zcode-host] [rpc:call] graphEngineering.getWorkspace OK (2.9ms)
[Z1 child] [2026-09-28 11:41:48.510] [pid:39944] [settingService] reading settings from: C:\Users\USER\Desktop\Personal\ZCode\.tmp\z1-native-1790566888278-3b5c94\home\.zcode\v2\setting.json
[2026-09-28 11:41:48.511] [pid:39944] [settingService] read result: {"recentProjects":["C:\\Users\\USER\\Desktop\\Personal\\ZCode\\.tmp\\z1-native-1790566888278-3b5c94\\workspace-u2-scan"],"locale":"zh-CN","localePreference":"en-US","terminalInheritSystemProfile":true,"embeddedBrowserAllowInsecureCertificates":false,"embeddedBrowserViewportPreference":{"mode":"normal","viewport":{"width":393,"height":852},"zoom":"fit"},"computerUseComposerEntryHidden":true,"taskAutoArchiveEnabled":false,"taskAutoArchiveOlderThanDays":7,"closeToTrayOnWindows":false,"closeToTrayOnWindowsMigrationInitialized":true,"keepAwakeWhileRunning":false,"desktopWindowSize":{"width":1280,"height":720,"maximized":false},"desktopChromiumHardwareAccelerationEnabled":true,"messageStreamShowReasoning":true,"messageStreamShowReasoningMigrationInitialized":true,"messageStreamShowTodos":false,"toolGroupingExploreEnabled":true,"toolGroupingTerminalEnabled":true,"toolGroupingChangesEnabled":false,"zcodeInteractionBehavior":"queue","askUserQuestionAutoResolutionEnabled":false,"modelIoFullRetentionEnabled":false,"startPlanRecommendationDismissed":false,"providerFamilyConnectionSelections":{},"providerFamilyDomain":"zai","providerFamilyDomainMigrated":true,"nativeSearchEnhancementsEnabled":true,"memoryEnabled":false,"lastWorkspaceSession":[{"kind":"local","workspacePath":"C:\\Users\\USER\\Desktop\\Personal\\ZCode\\.tmp\\z1-native-1790566888278-3b5c94\\workspace-u2-scan","workspacePurpose":"project"},{"kind":"local","workspacePath":"C:\\Users\\USER\\Desktop\\Personal\\ZCode\\.tmp\\z1-native-1790566888278-3b5c94\\workspace","workspacePurpose":"project"},{"kind":"local","workspacePath":"C:\\Users\\USER\\Desktop\\Personal\\ZCode\\.tmp\\z1-native-1790566888278-3b5c94\\data\\.zcode\\workspace\\default","workspacePurpose":"conversation"}],"lastActiveTabIndex":1,"receivePreviewUpdates":false,"autoDownloadAndInstallUpdates":false,"skippedElectronUpdateVersions":{},"settingsSyncFirstRunPromptHandled":true}
[Z1 child] [2026-09-28 11:41:48.511] [pid:39944] [zcode-host] [rpc:call] graphEngineering.getWorkspace OK (2.1ms)
[2026-09-28 11:41:48.512] [pid:32100] [main] [host-log] (local-1) [host] [2026-09-28 11:41:48.511] [pid:39944] [zcode-host] [rpc:call] graphEngineering.getWorkspace OK (2.1ms)
[Z1 child] [2026-09-28 11:41:49.260] [pid:39944] [zcode-host] [rpc:call] graphEngineering.artifact OK (16.1ms)
[2026-09-28 11:41:49.261] [pid:32100] [main] [host-log] (local-1) [host] [2026-09-28 11:41:49.260] [pid:39944] [zcode-host] [rpc:call] graphEngineering.artifact OK (16.1ms)
[Z1 child] [2026-09-28 11:41:49.325] [pid:39944] [zcode-host] [rpc:call] graphEngineering.artifact OK (4.5ms)
[2026-09-28 11:41:49.325] [pid:32100] [main] [host-log] (local-1) [host] [2026-09-28 11:41:49.325] [pid:39944] [zcode-host] [rpc:call] graphEngineering.artifact OK (4.5ms)
[2026-09-28 11:41:49.370] [pid:32100] [settingService] writing settings to: C:\Users\USER\Desktop\Personal\ZCode\.tmp\z1-native-1790566888278-3b5c94\home\.zcode\v2\setting.json {"recentProjects":["C:\\Users\\USER\\Desktop\\Personal\\ZCode\\.tmp\\z1-native-1790566888278-3b5c94\\workspace-u2-scan"],"locale":"zh-CN","localePreference":"en-US","terminalInheritSystemProfile":true,"embeddedBrowserAllowInsecureCertificates":false,"embeddedBrowserViewportPreference":{"mode":"normal","viewport":{"width":393,"height":852},"zoom":"fit"},"computerUseComposerEntryHidden":true,"taskAutoArchiveEnabled":false,"taskAutoArchiveOlderThanDays":7,"closeToTrayOnWindows":false,"closeToTrayOnWindowsMigrationInitialized":true,"keepAwakeWhileRunning":false,"desktopWindowSize":{"width":1920,"height":1080,"maximized":false},"desktopChromiumHardwareAccelerationEnabled":true,"messageStreamShowReasoning":true,"messageStreamShowReasoningMigrationInitialized":true,"messageStreamShowTodos":false,"toolGroupingExploreEnabled":true,"toolGroupingTerminalEnabled":true,"toolGroupingChangesEnabled":false,"zcodeInteractionBehavior":"queue","askUserQuestionAutoResolutionEnabled":false,"modelIoFullRetentionEnabled":false,"startPlanRecommendationDismissed":false,"providerFamilyConnectionSelections":{},"providerFamilyDomain":"zai","providerFamilyDomainMigrated":true,"nativeSearchEnhancementsEnabled":true,"memoryEnabled":false,"lastWorkspaceSession":[{"kind":"local","workspacePath":"C:\\Users\\USER\\Desktop\\Personal\\ZCode\\.tmp\\z1-native-1790566888278-3b5c94\\workspace-u2-scan","workspacePurpose":"project"},{"kind":"local","workspacePath":"C:\\Users\\USER\\Desktop\\Personal\\ZCode\\.tmp\\z1-native-1790566888278-3b5c94\\workspace","workspacePurpose":"project"},{"kind":"local","workspacePath":"C:\\Users\\USER\\Desktop\\Personal\\ZCode\\.tmp\\z1-native-1790566888278-3b5c94\\data\\.zcode\\workspace\\default","workspacePurpose":"conversation"}],"lastActiveTabIndex":1,"receivePreviewUpdates":false,"autoDownloadAndInstallUpdates":false,"skippedElectronUpdateVersions":{},"settingsSyncFirstRunPromptHandled":true}
[2026-09-28 11:41:49.376] [pid:32100] [settingService] write done
[Z1 child] [2026-09-28 11:41:49.392] [pid:39944] [zcode-host] [rpc:call] graphEngineering.artifact OK (14.7ms)
[2026-09-28 11:41:49.393] [pid:32100] [main] [host-log] (local-1) [host] [2026-09-28 11:41:49.392] [pid:39944] [zcode-host] [rpc:call] graphEngineering.artifact OK (14.7ms)
[Z1 child] [2026-09-28 11:41:49.708] [pid:39944] [settingService] reading settings from: C:\Users\USER\Desktop\Personal\ZCode\.tmp\z1-native-1790566888278-3b5c94\home\.zcode\v2\setting.json
[Z1 child] [2026-09-28 11:41:49.708] [pid:39944] [settingService] read result: {"recentProjects":["C:\\Users\\USER\\Desktop\\Personal\\ZCode\\.tmp\\z1-native-1790566888278-3b5c94\\workspace-u2-scan"],"locale":"zh-CN","localePreference":"en-US","terminalInheritSystemProfile":true,"embeddedBrowserAllowInsecureCertificates":false,"embeddedBrowserViewportPreference":{"mode":"normal","viewport":{"width":393,"height":852},"zoom":"fit"},"computerUseComposerEntryHidden":true,"taskAutoArchiveEnabled":false,"taskAutoArchiveOlderThanDays":7,"closeToTrayOnWindows":false,"closeToTrayOnWindowsMigrationInitialized":true,"keepAwakeWhileRunning":false,"desktopWindowSize":{"width":1920,"height":1080,"maximized":false},"desktopChromiumHardwareAccelerationEnabled":true,"messageStreamShowReasoning":true,"messageStreamShowReasoningMigrationInitialized":true,"messageStreamShowTodos":false,"toolGroupingExploreEnabled":true,"toolGroupingTerminalEnabled":true,"toolGroupingChangesEnabled":false,"zcodeInteractionBehavior":"queue","askUserQuestionAutoResolutionEnabled":false,"modelIoFullRetentionEnabled":false,"startPlanRecommendationDismissed":false,"providerFamilyConnectionSelections":{},"providerFamilyDomain":"zai","providerFamilyDomainMigrated":true,"nativeSearchEnhancementsEnabled":true,"memoryEnabled":false,"lastWorkspaceSession":[{"kind":"local","workspacePath":"C:\\Users\\USER\\Desktop\\Personal\\ZCode\\.tmp\\z1-native-1790566888278-3b5c94\\workspace-u2-scan","workspacePurpose":"project"},{"kind":"local","workspacePath":"C:\\Users\\USER\\Desktop\\Personal\\ZCode\\.tmp\\z1-native-1790566888278-3b5c94\\workspace","workspacePurpose":"project"},{"kind":"local","workspacePath":"C:\\Users\\USER\\Desktop\\Personal\\ZCode\\.tmp\\z1-native-1790566888278-3b5c94\\data\\.zcode\\workspace\\default","workspacePurpose":"conversation"}],"lastActiveTabIndex":1,"receivePreviewUpdates":false,"autoDownloadAndInstallUpdates":false,"skippedElectronUpdateVersions":{},"settingsSyncFirstRunPromptHandled":true}
[2026-09-28 11:41:49.708] [pid:39944] [zcode-host] [rpc:call] setting.get OK (0.6ms)
[2026-09-28 11:41:49.709] [pid:32100] [main] [host-log] (local-1) [host] [2026-09-28 11:41:49.708] [pid:39944] [zcode-host] [rpc:call] setting.get OK (0.6ms)
[2026-09-28 11:41:49.734] [pid:32100] [main] [createWindow] window closed, killing host process (local-1)
[2026-09-28 11:41:49.735] [pid:32100] [main] [disposeHostProcess] disposing host process (local-1:window-closed), pid=39944
[2026-09-28 11:41:49.737] [pid:32100] [main] [host-log] (local-1) [host] [2026-09-28 11:41:49.734] [pid:39944] [cua-pip-session] [cua-pip-session] event delivery dropped {"kind":"focus-changed","revision":7,"sessionId":null,"sourceWindowId":"window-1","skipReason":"service-disabled"}
[Z1 child] [2026-09-28 11:41:49.734] [pid:39944] [cua-pip-session] [cua-pip-session] event delivery dropped {
  kind: 'focus-changed',
  revision: 7,
  sessionId: null,
  sourceWindowId: 'window-1',
  skipReason: 'service-disabled'
}
[Z1 child] [2026-09-28 11:41:49.736] [pid:39944] [zcode-host] disposing host resources, reason=parent dispose
Debugger ending on ws://127.0.0.1:50481/731b2982-4a3b-40c5-9593-4afeac86842a
For help, see: https://nodejs.org/en/docs/inspector
[2026-09-28 11:41:49.741] [pid:32100] [main] [host-log] (local-1) [host] [2026-09-28 11:41:49.736] [pid:39944] [zcode-host] disposing host resources, reason=parent dispose
[2026-09-28 11:41:49.752] [pid:32100] [main] [task-realtime] unregistered host { hostId: '5413c835-f6f6-4230-84b0-952a5650758c', windowId: 1 }
[2026-09-28 11:41:49.753] [pid:32100] [main] [spawnHostProcess] host process (local-1) exited with code 0
[2026-09-28 11:41:49.754] [pid:32100] [main] [cron-scheduler] scheduler process exited code=0
[2026-09-28 11:41:51.189] [pid:41472] [main] [desktop-network] renderer proxy mode=direct bypass=disabled customCa=disabled insecureCerts=rejected
[2026-09-28 11:41:51.190] [pid:41472] [main] [desktop-network] renderer proxy mode=system bypass=disabled customCa=disabled insecureCerts=rejected
[2026-09-28 11:41:51.192] [pid:41472] [main] [auto-update] disabled for this desktop product flavor
[Z1 isolation] blocked recent-document mutation
[2026-09-28 11:41:51.205] [pid:41472] [main] [resource] sampling started interval=10000ms report=60000ms
[2026-09-28 11:41:51.206] [pid:41472] [main] [network] reporting started interval=60000ms
[2026-09-28 11:41:51.207] [pid:41472] [main] [force-update] Preview 跳过远端强制升级检查
[2026-09-28 11:41:51.207] [pid:41472] [main] [startup] 创建主窗口
[2026-09-28 11:41:51.208] [pid:41472] [main] [primary-window] creating main window (app-ready)
[2026-09-28 11:41:51.210] [pid:41472] [main] [startup-workspace] using explicit open workspace: C:\Users\USER\Desktop\Personal\ZCode\.tmp\z1-native-1790566888278-3b5c94\workspace
[2026-09-28 11:41:51.292] [pid:41472] [main] [desktop-context-prompt] config refreshed { enabled: false, configVersion: undefined }
[2026-09-28 11:41:51.661] [pid:41472] [main] [createWindow] dom-ready fired (local-1)
[2026-09-28 11:41:51.662] [pid:41472] [main] [desktop-context-prompt] first host spawn decision resolved { enabled: false, configVersion: undefined }
[2026-09-28 11:41:51.666] [pid:41472] [main] [spawnHostProcess] forked host process for (local-1), pid=undefined
[2026-09-28 11:41:51.666] [pid:41472] [main] [spawnHostProcess] host module path: C:\Users\USER\Desktop\Personal\ZCode\packages\desktop\out\host\index.js
[2026-09-28 11:41:51.667] [pid:41472] [main] [spawnHostProcess] glm binary path: <not found>
[2026-09-28 11:41:51.668] [pid:41472] [main] [spawnHostProcess] BIGMODEL_OAUTH_APP_SECRET source: fallback
[2026-09-28 11:41:51.669] [pid:41472] [main] [task-realtime] registered host {
  hostId: '6bea092b-c1b6-4f78-8689-71ebe4769a7d',
  windowId: 1,
  workspaceKeyCount: 0,
  deliveryKind: 'desktop_window'
}
[2026-09-28 11:41:51.678] [pid:41472] [main] [renderer-action-trace] config refreshed { enabled: false, configVersion: 'disabled' }
[Z1 child] (node:16460) ExperimentalWarning: SQLite is an experimental feature and might change at any time
(Use `electron --trace-warnings ...` to show where the warning was created)
[2026-09-28 11:41:52.040] [pid:41472] [main] [host-log] (local-1) [host] [2026-09-28 11:41:52.037] [pid:16460] [zcode-host] ExperimentalWarning: SQLite is an experimental feature and might change at any time
[Z1 child] [2026-09-28 11:41:52.037] [pid:16460] [zcode-host] ExperimentalWarning: SQLite is an experimental feature and might change at any time
[2026-09-28 11:41:52.042] [pid:41472] [main] [host-log] (local-1) [host] [2026-09-28 11:41:52.041] [pid:16460] [zcode-host] [cua-pip-session] focus event dropped: service unavailable
[Z1 child] [2026-09-28 11:41:52.041] [pid:16460] [zcode-host] [cua-pip-session] focus event dropped: service unavailable
[Z1 child] (node:16460) ExperimentalWarning: SQLite is an experimental feature and might change at any time
(Use `electron --trace-warnings ...` to show where the warning was created)
[Z1 child] [2026-09-28 11:41:53.636] [pid:16460] [zcode-host] initializing local services
[2026-09-28 11:41:53.636] [pid:41472] [main] [host-log] (local-1) [host] [2026-09-28 11:41:53.636] [pid:16460] [zcode-host] initializing local services
[Z1 child] [2026-09-28 11:41:53.641] [pid:16460] [cua-pip-session] [cua-pip-session] wiring resolved {
  enabled: false,
  platform: 'win32',
  serviceAuthorityMode: 'desktop-local',
  lifecycleWired: true
}
[2026-09-28 11:41:53.642] [pid:41472] [main] [host-log] (local-1) [host] [2026-09-28 11:41:53.641] [pid:16460] [cua-pip-session] [cua-pip-session] wiring resolved {"enabled":false,"platform":"win32","serviceAuthorityMode":"desktop-local","lifecycleWired":true}
[Z1 child] [2026-09-28 11:41:53.646] [pid:16460] [settingService] reading settings from: C:\Users\USER\Desktop\Personal\ZCode\.tmp\z1-native-1790566888278-3b5c94\home\.zcode\v2\setting.json
[Z1 child] [2026-09-28 11:41:53.647] [pid:16460] [zcode-agent-service] 开始初始化 ZCode agent {
  workspaceKey: 'C:\\Users\\USER\\Desktop\\Personal\\ZCode\\.tmp\\z1-native-1790566888278-3b5c94\\workspace',
  workspacePath: 'C:\\Users\\USER\\Desktop\\Personal\\ZCode\\.tmp\\z1-native-1790566888278-3b5c94\\workspace'
}
[2026-09-28 11:41:53.646] [pid:41472] [main] [host-log] (local-1) [host] [2026-09-28 11:41:53.647] [pid:16460] [zcode-agent-service] 开始初始化 ZCode agent {"workspaceKey":"C:\\Users\\USER\\Desktop\\Personal\\ZCode\\.tmp\\z1-native-1790566888278-3b5c94\\workspace","workspacePath":"C:\\Users\\USER\\Desktop\\Personal\\ZCode\\.tmp\\z1-native-1790566888278-3b5c94\\workspace"}
[2026-09-28 11:41:53.647] [pid:41472] [main] [host-log] (local-1) [host] [2026-09-28 11:41:53.647] [pid:16460] [zcode-host] exposing services on ChannelServer...
[2026-09-28 11:41:53.648] [pid:41472] [main] [host-log] (local-1) [host] [2026-09-28 11:41:53.647] [pid:16460] [zcode-host] creating ChannelServer (deferInit=false)
[2026-09-28 11:41:53.649] [pid:41472] [main] [host-log] (local-1) [host] [2026-09-28 11:41:53.648] [pid:16460] [zcode-host] [rpc:register] channel "graphEngineering"
[2026-09-28 11:41:53.649] [pid:41472] [main] [host-log] (local-1) [host] [2026-09-28 11:41:53.648] [pid:16460] [zcode-host] [rpc:register] channel "graphWorkflow"
[2026-09-28 11:41:53.650] [pid:41472] [main] [host-log] (local-1) [host] [2026-09-28 11:41:53.648] [pid:16460] [zcode-host] [rpc:register] channel "graphParallel"
[2026-09-28 11:41:53.651] [pid:41472] [main] [host-log] (local-1) [host] [2026-09-28 11:41:53.648] [pid:16460] [zcode-host] [rpc:register] channel "file"
[2026-09-28 11:41:53.652] [pid:41472] [main] [host-log] (local-1) [host] [2026-09-28 11:41:53.648] [pid:16460] [zcode-host] [rpc:register] channel "media-preview"
[2026-09-28 11:41:53.652] [pid:41472] [main] [host-log] (local-1) [host] [2026-09-28 11:41:53.648] [pid:16460] [zcode-host] [rpc:register] channel "git"
[2026-09-28 11:41:53.653] [pid:41472] [main] [host-log] (local-1) [host] [2026-09-28 11:41:53.648] [pid:16460] [zcode-host] [rpc:register] channel "git-checkpoint"
[2026-09-28 11:41:53.654] [pid:41472] [main] [host-log] (local-1) [host] [2026-09-28 11:41:53.648] [pid:16460] [zcode-host] [rpc:register] channel "system"
[2026-09-28 11:41:53.654] [pid:41472] [main] [host-log] (local-1) [host] [2026-09-28 11:41:53.648] [pid:16460] [zcode-host] [rpc:register] channel "terminal"
[2026-09-28 11:41:53.655] [pid:41472] [main] [host-log] (local-1) [host] [2026-09-28 11:41:53.648] [pid:16460] [zcode-host] [rpc:register] channel "setting"
[2026-09-28 11:41:53.656] [pid:41472] [main] [host-log] (local-1) [host] [2026-09-28 11:41:53.648] [pid:16460] [zcode-host] [rpc:register] channel "onboarding-record"
[2026-09-28 11:41:53.656] [pid:41472] [main] [host-log] (local-1) [host] [2026-09-28 11:41:53.648] [pid:16460] [zcode-host] [rpc:register] channel "credential"
[2026-09-28 11:41:53.657] [pid:41472] [main] [host-log] (local-1) [host] [2026-09-28 11:41:53.648] [pid:16460] [zcode-host] [rpc:register] channel "broadcast"
[2026-09-28 11:41:53.657] [pid:41472] [main] [host-log] (local-1) [host] [2026-09-28 11:41:53.648] [pid:16460] [zcode-host] [rpc:register] channel "zcode-task"
[2026-09-28 11:41:53.658] [pid:41472] [main] [host-log] (local-1) [host] [2026-09-28 11:41:53.649] [pid:16460] [zcode-host] [rpc:register] channel "zcode-agent"
[2026-09-28 11:41:53.659] [pid:41472] [main] [host-log] (local-1) [host] [2026-09-28 11:41:53.649] [pid:16460] [zcode-host] [rpc:register] channel "zcode-session"
[2026-09-28 11:41:53.659] [pid:41472] [main] [host-log] (local-1) [host] [2026-09-28 11:41:53.649] [pid:16460] [zcode-host] [rpc:register] channel "cua-permission"
[2026-09-28 11:41:53.660] [pid:41472] [main] [host-log] (local-1) [host] [2026-09-28 11:41:53.649] [pid:16460] [zcode-host] [rpc:register] channel "cua-pip-session"
[2026-09-28 11:41:53.661] [pid:41472] [main] [host-log] (local-1) [host] [2026-09-28 11:41:53.649] [pid:16460] [zcode-host] [rpc:register] channel "conversation-share"
[2026-09-28 11:41:53.661] [pid:41472] [main] [host-log] (local-1) [host] [2026-09-28 11:41:53.649] [pid:16460] [zcode-host] [rpc:register] channel "bots"
[2026-09-28 11:41:53.662] [pid:41472] [main] [host-log] (local-1) [host] [2026-09-28 11:41:53.649] [pid:16460] [zcode-host] [rpc:register] channel "file-watcher"
[2026-09-28 11:41:53.663] [pid:41472] [main] [host-log] (local-1) [host] [2026-09-28 11:41:53.649] [pid:16460] [zcode-host] [rpc:register] channel "oauth"
[2026-09-28 11:41:53.663] [pid:41472] [main] [host-log] (local-1) [host] [2026-09-28 11:41:53.649] [pid:16460] [zcode-host] [rpc:register] channel "usage-stats"
[2026-09-28 11:41:53.664] [pid:41472] [main] [host-log] (local-1) [host] [2026-09-28 11:41:53.649] [pid:16460] [zcode-host] [rpc:register] channel "coding-plan-subscription"
[2026-09-28 11:41:53.665] [pid:41472] [main] [host-log] (local-1) [host] [2026-09-28 11:41:53.649] [pid:16460] [zcode-host] [rpc:register] channel "client-config"
[2026-09-28 11:41:53.665] [pid:41472] [main] [host-log] (local-1) [host] [2026-09-28 11:41:53.649] [pid:16460] [zcode-host] [rpc:register] channel "client-scenes"
[2026-09-28 11:41:53.666] [pid:41472] [main] [host-log] (local-1) [host] [2026-09-28 11:41:53.649] [pid:16460] [zcode-host] [rpc:register] channel "off-peak-task"
[2026-09-28 11:41:53.666] [pid:41472] [main] [host-log] (local-1) [host] [2026-09-28 11:41:53.649] [pid:16460] [zcode-host] [rpc:register] channel "skills"
[2026-09-28 11:41:53.667] [pid:41472] [main] [host-log] (local-1) [host] [2026-09-28 11:41:53.649] [pid:16460] [zcode-host] [rpc:register] channel "skill-sync"
[2026-09-28 11:41:53.668] [pid:41472] [main] [host-log] (local-1) [host] [2026-09-28 11:41:53.649] [pid:16460] [zcode-host] [rpc:register] channel "mcp-sync"
[2026-09-28 11:41:53.668] [pid:41472] [main] [host-log] (local-1) [host] [2026-09-28 11:41:53.649] [pid:16460] [zcode-host] [rpc:register] channel "plugin-sync"
[2026-09-28 11:41:53.669] [pid:41472] [main] [host-log] (local-1) [host] [2026-09-28 11:41:53.649] [pid:16460] [zcode-host] [rpc:register] channel "plugins"
[2026-09-28 11:41:53.669] [pid:41472] [main] [host-log] (local-1) [host] [2026-09-28 11:41:53.649] [pid:16460] [zcode-host] [rpc:register] channel "plugin-management"
[2026-09-28 11:41:53.670] [pid:41472] [main] [host-log] (local-1) [host] [2026-09-28 11:41:53.649] [pid:16460] [zcode-host] [rpc:register] channel "subagents"
[2026-09-28 11:41:53.671] [pid:41472] [main] [host-log] (local-1) [host] [2026-09-28 11:41:53.649] [pid:16460] [zcode-host] [rpc:register] channel "commands"
[2026-09-28 11:41:53.671] [pid:41472] [main] [host-log] (local-1) [host] [2026-09-28 11:41:53.649] [pid:16460] [zcode-host] [rpc:register] channel "hooks"
[2026-09-28 11:41:53.672] [pid:41472] [main] [host-log] (local-1) [host] [2026-09-28 11:41:53.649] [pid:16460] [zcode-host] [rpc:register] channel "memory"
[2026-09-28 11:41:53.673] [pid:41472] [main] [host-log] (local-1) [host] [2026-09-28 11:41:53.649] [pid:16460] [zcode-host] [rpc:register] channel "settings-sync"
[2026-09-28 11:41:53.673] [pid:41472] [main] [host-log] (local-1) [host] [2026-09-28 11:41:53.649] [pid:16460] [zcode-host] [rpc:register] channel "feedback"
[2026-09-28 11:41:53.674] [pid:41472] [main] [host-log] (local-1) [host] [2026-09-28 11:41:53.649] [pid:16460] [zcode-host] [rpc:register] channel "prompt-attachment-transfer"
[2026-09-28 11:41:53.675] [pid:41472] [main] [host-log] (local-1) [host] [2026-09-28 11:41:53.649] [pid:16460] [zcode-host] [rpc:register] channel "provider-settings"
[2026-09-28 11:41:53.675] [pid:41472] [main] [host-log] (local-1) [host] [2026-09-28 11:41:53.649] [pid:16460] [zcode-host] [rpc:register] channel "model-selection"
[2026-09-28 11:41:53.676] [pid:41472] [main] [host-log] (local-1) [host] [2026-09-28 11:41:53.649] [pid:16460] [zcode-host] [rpc:register] channel "window-controller"
[2026-09-28 11:41:53.677] [pid:41472] [main] [host-log] (local-1) [host] [2026-09-28 11:41:53.649] [pid:16460] [zcode-host] service connection ready mode=desktop-continuous
[Z1 child] [2026-09-28 11:41:53.647] [pid:16460] [zcode-host] exposing services on ChannelServer...
[2026-09-28 11:41:53.647] [pid:16460] [zcode-host] creating ChannelServer (deferInit=false)
[2026-09-28 11:41:53.648] [pid:16460] [zcode-host] [rpc:register] channel "graphEngineering"
[2026-09-28 11:41:53.648] [pid:16460] [zcode-host] [rpc:register] channel "graphWorkflow"
[2026-09-28 11:41:53.648] [pid:16460] [zcode-host] [rpc:register] channel "graphParallel"
[2026-09-28 11:41:53.648] [pid:16460] [zcode-host] [rpc:register] channel "file"
[2026-09-28 11:41:53.648] [pid:16460] [zcode-host] [rpc:register] channel "media-preview"
[2026-09-28 11:41:53.648] [pid:16460] [zcode-host] [rpc:register] channel "git"
[2026-09-28 11:41:53.648] [pid:16460] [zcode-host] [rpc:register] channel "git-checkpoint"
[2026-09-28 11:41:53.648] [pid:16460] [zcode-host] [rpc:register] channel "system"
[2026-09-28 11:41:53.648] [pid:16460] [zcode-host] [rpc:register] channel "terminal"
[2026-09-28 11:41:53.648] [pid:16460] [zcode-host] [rpc:register] channel "setting"
[2026-09-28 11:41:53.648] [pid:16460] [zcode-host] [rpc:register] channel "onboarding-record"
[2026-09-28 11:41:53.648] [pid:16460] [zcode-host] [rpc:register] channel "credential"
[2026-09-28 11:41:53.648] [pid:16460] [zcode-host] [rpc:register] channel "broadcast"
[2026-09-28 11:41:53.648] [pid:16460] [zcode-host] [rpc:register] channel "zcode-task"
[2026-09-28 11:41:53.649] [pid:16460] [zcode-host] [rpc:register] channel "zcode-agent"
[2026-09-28 11:41:53.649] [pid:16460] [zcode-host] [rpc:register] channel "zcode-session"
[2026-09-28 11:41:53.649] [pid:16460] [zcode-host] [rpc:register] channel "cua-permission"
[2026-09-28 11:41:53.649] [pid:16460] [zcode-host] [rpc:register] channel "cua-pip-session"
[2026-09-28 11:41:53.649] [pid:16460] [zcode-host] [rpc:register] channel "conversation-share"
[2026-09-28 11:41:53.649] [pid:16460] [zcode-host] [rpc:register] channel "bots"
[2026-09-28 11:41:53.649] [pid:16460] [zcode-host] [rpc:register] channel "file-watcher"
[2026-09-28 11:41:53.649] [pid:16460] [zcode-host] [rpc:register] channel "oauth"
[2026-09-28 11:41:53.649] [pid:16460] [zcode-host] [rpc:register] channel "usage-stats"
[2026-09-28 11:41:53.649] [pid:16460] [zcode-host] [rpc:register] channel "coding-plan-subscription"
[2026-09-28 11:41:53.649] [pid:16460] [zcode-host] [rpc:register] channel "client-config"
[2026-09-28 11:41:53.649] [pid:16460] [zcode-host] [rpc:register] channel "client-scenes"
[2026-09-28 11:41:53.649] [pid:16460] [zcode-host] [rpc:register] channel "off-peak-task"
[2026-09-28 11:41:53.649] [pid:16460] [zcode-host] [rpc:register] channel "skills"
[2026-09-28 11:41:53.649] [pid:16460] [zcode-host] [rpc:register] channel "skill-sync"
[2026-09-28 11:41:53.649] [pid:16460] [zcode-host] [rpc:register] channel "mcp-sync"
[2026-09-28 11:41:53.649] [pid:16460] [zcode-host] [rpc:register] channel "plugin-sync"
[2026-09-28 11:41:53.649] [pid:16460] [zcode-host] [rpc:register] channel "plugins"
[2026-09-28 11:41:53.649] [pid:16460] [zcode-host] [rpc:register] channel "plugin-management"
[2026-09-28 11:41:53.649] [pid:16460] [zcode-host] [rpc:register] channel "subagents"
[2026-09-28 11:41:53.649] [pid:16460] [zcode-host] [rpc:register] channel "commands"
[2026-09-28 11:41:53.649] [pid:16460] [zcode-host] [rpc:register] channel "hooks"
[2026-09-28 11:41:53.649] [pid:16460] [zcode-host] [rpc:register] channel "memory"
[2026-09-28 11:41:53.649] [pid:16460] [zcode-host] [rpc:register] channel "settings-sync"
[2026-09-28 11:41:53.649] [pid:16460] [zcode-host] [rpc:register] channel "feedback"
[2026-09-28 11:41:53.649] [pid:16460] [zcode-host] [rpc:register] channel "prompt-attachment-transfer"
[2026-09-28 11:41:53.649] [pid:16460] [zcode-host] [rpc:register] channel "provider-settings"
[2026-09-28 11:41:53.649] [pid:16460] [zcode-host] [rpc:register] channel "model-selection"
[2026-09-28 11:41:53.649] [pid:16460] [zcode-host] [rpc:register] channel "window-controller"
[2026-09-28 11:41:53.649] [pid:16460] [zcode-host] service connection ready mode=desktop-continuous
[2026-09-28 11:41:53.649] [pid:16460] [zcode-host] window Host topology, reason=base-attachment-ready, pid=16460, connections=0, logicalSessions=0, attachments=1
[2026-09-28 11:41:53.678] [pid:41472] [main] [host-log] (local-1) [host] [2026-09-28 11:41:53.649] [pid:16460] [zcode-host] window Host topology, reason=base-attachment-ready, pid=16460, connections=0, logicalSessions=0, attachments=1
[Z1 child] [2026-09-28 11:41:53.678] [pid:16460] [zcode-host] local services ready, all channels registered
[2026-09-28 11:41:53.679] [pid:41472] [main] [host-log] (local-1) [host] [2026-09-28 11:41:53.678] [pid:16460] [zcode-host] local services ready, all channels registered
[2026-09-28 11:41:53.680] [pid:41472] [main] [database-startup] terminal {
  attemptId: '9c58655e-72ea-4c6b-921e-dd42ee135801',
  status: 'ready',
  durationMs: 1640,
  errorCode: undefined,
  disk: [
    {
      scopeId: '9319b000c8e74f2867e1e7bd121ddaf54b120dc84ca6297ecd939a191d9c2c40',
      observedAvailableDropPeakBytes: 0,
      minAvailableBytes: 267260989440,
      quality: 'complete',
      sampledAt: 1790566912612
    }
  ]
}
[2026-09-28 11:41:53.682] [pid:41472] [main] [cron-scheduler] forked scheduler process pid=undefined
[Z1 child] [2026-09-28 11:41:53.685] [pid:16460] [zcode-host] [rpc:listen] broadcast.onMessage subscribed
[2026-09-28 11:41:53.685] [pid:41472] [main] [host-log] (local-1) [host] [2026-09-28 11:41:53.685] [pid:16460] [zcode-host] [rpc:listen] broadcast.onMessage subscribed
[Z1 child] [2026-09-28 11:41:53.687] [pid:16460] [settingService] read result: {"recentProjects":["C:\\Users\\USER\\Desktop\\Personal\\ZCode\\.tmp\\z1-native-1790566888278-3b5c94\\workspace-u2-scan"],"locale":"zh-CN","localePreference":"en-US","terminalInheritSystemProfile":true,"embeddedBrowserAllowInsecureCertificates":false,"embeddedBrowserViewportPreference":{"mode":"normal","viewport":{"width":393,"height":852},"zoom":"fit"},"computerUseComposerEntryHidden":true,"taskAutoArchiveEnabled":false,"taskAutoArchiveOlderThanDays":7,"closeToTrayOnWindows":false,"closeToTrayOnWindowsMigrationInitialized":true,"keepAwakeWhileRunning":false,"desktopWindowSize":{"width":1920,"height":1080,"maximized":false},"desktopChromiumHardwareAccelerationEnabled":true,"messageStreamShowReasoning":true,"messageStreamShowReasoningMigrationInitialized":true,"messageStreamShowTodos":false,"toolGroupingExploreEnabled":true,"toolGroupingTerminalEnabled":true,"toolGroupingChangesEnabled":false,"zcodeInteractionBehavior":"queue","askUserQuestionAutoResolutionEnabled":false,"modelIoFullRetentionEnabled":false,"startPlanRecommendationDismissed":false,"providerFamilyConnectionSelections":{},"providerFamilyDomain":"zai","providerFamilyDomainMigrated":true,"nativeSearchEnhancementsEnabled":true,"memoryEnabled":false,"lastWorkspaceSession":[{"kind":"local","workspacePath":"C:\\Users\\USER\\Desktop\\Personal\\ZCode\\.tmp\\z1-native-1790566888278-3b5c94\\workspace-u2-scan","workspacePurpose":"project"},{"kind":"local","workspacePath":"C:\\Users\\USER\\Desktop\\Personal\\ZCode\\.tmp\\z1-native-1790566888278-3b5c94\\workspace","workspacePurpose":"project"},{"kind":"local","workspacePath":"C:\\Users\\USER\\Desktop\\Personal\\ZCode\\.tmp\\z1-native-1790566888278-3b5c94\\data\\.zcode\\workspace\\default","workspacePurpose":"conversation"}],"lastActiveTabIndex":1,"receivePreviewUpdates":false,"autoDownloadAndInstallUpdates":false,"skippedElectronUpdateVersions":{},"settingsSyncFirstRunPromptHandled":true}
[Z1 child] [2026-09-28 11:41:53.689] [pid:16460] [zcode-host] [rpc:listen] zcode-agent.onDynamicCuaPermissionObservation subscribed
[2026-09-28 11:41:53.689] [pid:41472] [main] [host-log] (local-1) [host] [2026-09-28 11:41:53.689] [pid:16460] [zcode-host] [rpc:listen] zcode-agent.onDynamicCuaPermissionObservation subscribed
[Z1 child] [2026-09-28 11:41:53.690] [pid:16460] [settingService] reading settings from: C:\Users\USER\Desktop\Personal\ZCode\.tmp\z1-native-1790566888278-3b5c94\home\.zcode\v2\setting.json
[2026-09-28 11:41:53.690] [pid:16460] [settingService] reading settings from: C:\Users\USER\Desktop\Personal\ZCode\.tmp\z1-native-1790566888278-3b5c94\home\.zcode\v2\setting.json
[2026-09-28 11:41:53.690] [pid:16460] [zcode-host] [rpc:listen] model-selection.onDidChange subscribed
[2026-09-28 11:41:53.690] [pid:41472] [main] [host-log] (local-1) [host] [2026-09-28 11:41:53.690] [pid:16460] [zcode-host] [rpc:listen] model-selection.onDidChange subscribed
[2026-09-28 11:41:53.691] [pid:41472] [main] [task-realtime] updated host workspace scopes {
  hostId: '6bea092b-c1b6-4f78-8689-71ebe4769a7d',
  workspaceKeyCount: 0
}
[2026-09-28 11:41:53.692] [pid:41472] [main] [open-folder] Windows Explorer 右键菜单安装失败 { error: '[Z1 isolation] registry access blocked' }
[2026-09-28 11:41:53.694] [pid:41472] [main] [host-log] (local-1) [host] [2026-09-28 11:41:53.690] [pid:16460] [zcode-host] [rpc:listen] broadcast.onMessage subscribed
[2026-09-28 11:41:53.695] [pid:41472] [main] [host-log] (local-1) [host] [2026-09-28 11:41:53.690] [pid:16460] [zcode-host] [rpc:listen] provider-settings.onDidChange subscribed
[2026-09-28 11:41:53.696] [pid:41472] [main] [host-log] (local-1) [host] [2026-09-28 11:41:53.690] [pid:16460] [zcode-host] [rpc:listen] broadcast.onMessage subscribed
[2026-09-28 11:41:53.697] [pid:41472] [main] [host-log] (local-1) [host] [2026-09-28 11:41:53.690] [pid:16460] [zcode-host] [rpc:listen] provider-settings.onDidChange subscribed
[2026-09-28 11:41:53.697] [pid:41472] [main] [host-log] (local-1) [host] [2026-09-28 11:41:53.691] [pid:16460] [zcode-host] [rpc:listen] broadcast.onMessage subscribed
[Z1 child] [2026-09-28 11:41:53.690] [pid:16460] [zcode-host] [rpc:listen] broadcast.onMessage subscribed
[2026-09-28 11:41:53.690] [pid:16460] [zcode-host] [rpc:listen] provider-settings.onDidChange subscribed
[2026-09-28 11:41:53.690] [pid:16460] [settingService] reading settings from: C:\Users\USER\Desktop\Personal\ZCode\.tmp\z1-native-1790566888278-3b5c94\home\.zcode\v2\setting.json
[2026-09-28 11:41:53.690] [pid:16460] [zcode-host] [rpc:listen] broadcast.onMessage subscribed
[2026-09-28 11:41:53.690] [pid:16460] [zcode-host] [rpc:listen] provider-settings.onDidChange subscribed
[2026-09-28 11:41:53.691] [pid:16460] [zcode-host] [rpc:listen] broadcast.onMessage subscribed
[2026-09-28 11:41:53.691] [pid:16460] [oauthService] restoreCachedSession skipped: no active provider
[2026-09-28 11:41:53.691] [pid:16460] [zcode-host] [rpc:call] oauth.restoreCachedSessionState OK (0.6ms)
[2026-09-28 11:41:53.691] [pid:16460] [settingService] reading settings from: C:\Users\USER\Desktop\Personal\ZCode\.tmp\z1-native-1790566888278-3b5c94\home\.zcode\v2\setting.json
[2026-09-28 11:41:53.691] [pid:16460] [zcode-host] [rpc:listen] broadcast.onMessage subscribed
[2026-09-28 11:41:53.692] [pid:16460] [settingService] read result: {"recentProjects":["C:\\Users\\USER\\Desktop\\Personal\\ZCode\\.tmp\\z1-native-1790566888278-3b5c94\\workspace-u2-scan"],"locale":"zh-CN","localePreference":"en-US","terminalInheritSystemProfile":true,"embeddedBrowserAllowInsecureCertificates":false,"embeddedBrowserViewportPreference":{"mode":"normal","viewport":{"width":393,"height":852},"zoom":"fit"},"computerUseComposerEntryHidden":true,"taskAutoArchiveEnabled":false,"taskAutoArchiveOlderThanDays":7,"closeToTrayOnWindows":false,"closeToTrayOnWindowsMigrationInitialized":true,"keepAwakeWhileRunning":false,"desktopWindowSize":{"width":1920,"height":1080,"maximized":false},"desktopChromiumHardwareAccelerationEnabled":true,"messageStreamShowReasoning":true,"messageStreamShowReasoningMigrationInitialized":true,"messageStreamShowTodos":false,"toolGroupingExploreEnabled":true,"toolGroupingTerminalEnabled":true,"toolGroupingChangesEnabled":false,"zcodeInteractionBehavior":"queue","askUserQuestionAutoResolutionEnabled":false,"modelIoFullRetentionEnabled":false,"startPlanRecommendationDismissed":false,"providerFamilyConnectionSelections":{},"providerFamilyDomain":"zai","providerFamilyDomainMigrated":true,"nativeSearchEnhancementsEnabled":true,"memoryEnabled":false,"lastWorkspaceSession":[{"kind":"local","workspacePath":"C:\\Users\\USER\\Desktop\\Personal\\ZCode\\.tmp\\z1-native-1790566888278-3b5c94\\workspace-u2-scan","workspacePurpose":"project"},{"kind":"local","workspacePath":"C:\\Users\\USER\\Desktop\\Personal\\ZCode\\.tmp\\z1-native-1790566888278-3b5c94\\workspace","workspacePurpose":"project"},{"kind":"local","workspacePath":"C:\\Users\\USER\\Desktop\\Personal\\ZCode\\.tmp\\z1-native-1790566888278-3b5c94\\data\\.zcode\\workspace\\default","workspacePurpose":"conversation"}],"lastActiveTabIndex":1,"receivePreviewUpdates":false,"autoDownloadAndInstallUpdates":false,"skippedElectronUpdateVersions":{},"settingsSyncFirstRunPromptHandled":true}
[2026-09-28 11:41:53.694] [pid:16460] [node-api-client] zcode endpoint request headers prepared {
  headerKeys: [
    'http-referer',
    'user-agent',
    'x-client-language',
    'x-client-timezone',
    'x-device-mid',
    'x-os-category',
    'x-os-version',
    'x-platform',
    'x-release-channel',
    'x-request-id',
    'x-title',
    'x-zcode-app-version'
  ],
  method: 'GET',
  url: 'http://127.0.0.1:50479/api/v1/client/configs?app_version=3.14.0&platform=win32-x64'
}
[2026-09-28 11:41:53.694] [pid:16460] [settingService] reading settings from: C:\Users\USER\Desktop\Personal\ZCode\.tmp\z1-native-1790566888278-3b5c94\home\.zcode\v2\setting.json
[2026-09-28 11:41:53.694] [pid:16460] [settingService] read result: {"recentProjects":["C:\\Users\\USER\\Desktop\\Personal\\ZCode\\.tmp\\z1-native-1790566888278-3b5c94\\workspace-u2-scan"],"locale":"zh-CN","localePreference":"en-US","terminalInheritSystemProfile":true,"embeddedBrowserAllowInsecureCertificates":false,"embeddedBrowserViewportPreference":{"mode":"normal","viewport":{"width":393,"height":852},"zoom":"fit"},"computerUseComposerEntryHidden":true,"taskAutoArchiveEnabled":false,"taskAutoArchiveOlderThanDays":7,"closeToTrayOnWindows":false,"closeToTrayOnWindowsMigrationInitialized":true,"keepAwakeWhileRunning":false,"desktopWindowSize":{"width":1920,"height":1080,"maximized":false},"desktopChromiumHardwareAccelerationEnabled":true,"messageStreamShowReasoning":true,"messageStreamShowReasoningMigrationInitialized":true,"messageStreamShowTodos":false,"toolGroupingExploreEnabled":true,"toolGroupingTerminalEnabled":true,"toolGroupingChangesEnabled":false,"zcodeInteractionBehavior":"queue","askUserQuestionAutoResolutionEnabled":false,"modelIoFullRetentionEnabled":false,"startPlanRecommendationDismissed":false,"providerFamilyConnectionSelections":{},"providerFamilyDomain":"zai","providerFamilyDomainMigrated":true,"nativeSearchEnhancementsEnabled":true,"memoryEnabled":false,"lastWorkspaceSession":[{"kind":"local","workspacePath":"C:\\Users\\USER\\Desktop\\Personal\\ZCode\\.tmp\\z1-native-1790566888278-3b5c94\\workspace-u2-scan","workspacePurpose":"project"},{"kind":"local","workspacePath":"C:\\Users\\USER\\Desktop\\Personal\\ZCode\\.tmp\\z1-native-1790566888278-3b5c94\\workspace","workspacePurpose":"project"},{"kind":"local","workspacePath":"C:\\Users\\USER\\Desktop\\Personal\\ZCode\\.tmp\\z1-native-1790566888278-3b5c94\\data\\.zcode\\workspace\\default","workspacePurpose":"conversation"}],"lastActiveTabIndex":1,"receivePreviewUpdates":false,"autoDownloadAndInstallUpdates":false,"skippedElectronUpdateVersions":{},"settingsSyncFirstRunPromptHandled":true}
[2026-09-28 11:41:53.699] [pid:41472] [main] [host-log] (local-1) [host] [2026-09-28 11:41:53.691] [pid:16460] [oauthService] restoreCachedSession skipped: no active provider
[2026-09-28 11:41:53.700] [pid:41472] [main] [host-log] (local-1) [host] [2026-09-28 11:41:53.691] [pid:16460] [zcode-host] [rpc:call] oauth.restoreCachedSessionState OK (0.6ms)
[2026-09-28 11:41:53.701] [pid:41472] [main] [host-log] (local-1) [host] [2026-09-28 11:41:53.691] [pid:16460] [zcode-host] [rpc:listen] broadcast.onMessage subscribed
[Z1 child] [2026-09-28 11:41:53.698] [pid:16460] [zcode-host] [rpc:call] setting.get OK (7.8ms)
[2026-09-28 11:41:53.699] [pid:16460] [settingService] read result: {"recentProjects":["C:\\Users\\USER\\Desktop\\Personal\\ZCode\\.tmp\\z1-native-1790566888278-3b5c94\\workspace-u2-scan"],"locale":"zh-CN","localePreference":"en-US","terminalInheritSystemProfile":true,"embeddedBrowserAllowInsecureCertificates":false,"embeddedBrowserViewportPreference":{"mode":"normal","viewport":{"width":393,"height":852},"zoom":"fit"},"computerUseComposerEntryHidden":true,"taskAutoArchiveEnabled":false,"taskAutoArchiveOlderThanDays":7,"closeToTrayOnWindows":false,"closeToTrayOnWindowsMigrationInitialized":true,"keepAwakeWhileRunning":false,"desktopWindowSize":{"width":1920,"height":1080,"maximized":false},"desktopChromiumHardwareAccelerationEnabled":true,"messageStreamShowReasoning":true,"messageStreamShowReasoningMigrationInitialized":true,"messageStreamShowTodos":false,"toolGroupingExploreEnabled":true,"toolGroupingTerminalEnabled":true,"toolGroupingChangesEnabled":false,"zcodeInteractionBehavior":"queue","askUserQuestionAutoResolutionEnabled":false,"modelIoFullRetentionEnabled":false,"startPlanRecommendationDismissed":false,"providerFamilyConnectionSelections":{},"providerFamilyDomain":"zai","providerFamilyDomainMigrated":true,"nativeSearchEnhancementsEnabled":true,"memoryEnabled":false,"lastWorkspaceSession":[{"kind":"local","workspacePath":"C:\\Users\\USER\\Desktop\\Personal\\ZCode\\.tmp\\z1-native-1790566888278-3b5c94\\workspace-u2-scan","workspacePurpose":"project"},{"kind":"local","workspacePath":"C:\\Users\\USER\\Desktop\\Personal\\ZCode\\.tmp\\z1-native-1790566888278-3b5c94\\workspace","workspacePurpose":"project"},{"kind":"local","workspacePath":"C:\\Users\\USER\\Desktop\\Personal\\ZCode\\.tmp\\z1-native-1790566888278-3b5c94\\data\\.zcode\\workspace\\default","workspacePurpose":"conversation"}],"lastActiveTabIndex":1,"receivePreviewUpdates":false,"autoDownloadAndInstallUpdates":false,"skippedElectronUpdateVersions":{},"settingsSyncFirstRunPromptHandled":true}
[2026-09-28 11:41:53.699] [pid:16460] [zcode-host] [rpc:call] setting.get OK (8.8ms)
[2026-09-28 11:41:53.700] [pid:16460] [zcode-host] [rpc:call] zcode-agent.syncAppRuntimePreferences OK (0.0ms)
[2026-09-28 11:41:53.701] [pid:16460] [zcode-host] [rpc:call] bots.syncAppRuntimePreferences OK (0.1ms)
[Z1 child] [2026-09-28 11:41:53.700] [pid:16460] [cua-pip-session] [cua-pip-session] event delivery dropped {
  kind: 'focus-changed',
  revision: 3,
  sessionId: null,
  sourceWindowId: 'window-1',
  skipReason: 'service-disabled'
}
[2026-09-28 11:41:53.702] [pid:41472] [main] [host-log] (local-1) [host] [2026-09-28 11:41:53.698] [pid:16460] [zcode-host] [rpc:call] setting.get OK (7.8ms)
[2026-09-28 11:41:53.702] [pid:41472] [main] [host-log] (local-1) [host] [2026-09-28 11:41:53.699] [pid:16460] [zcode-host] [rpc:call] setting.get OK (8.8ms)
[2026-09-28 11:41:53.703] [pid:41472] [main] [host-log] (local-1) [host] [2026-09-28 11:41:53.700] [pid:16460] [cua-pip-session] [cua-pip-session] event delivery dropped {"kind":"focus-changed","revision":3,"sessionId":null,"sourceWindowId":"window-1","skipReason":"service-disabled"}
[2026-09-28 11:41:53.704] [pid:41472] [main] [host-log] (local-1) [host] [2026-09-28 11:41:53.700] [pid:16460] [zcode-host] [rpc:call] zcode-agent.syncAppRuntimePreferences OK (0.0ms)
[2026-09-28 11:41:53.704] [pid:41472] [main] [host-log] (local-1) [host] [2026-09-28 11:41:53.701] [pid:16460] [zcode-host] [rpc:call] bots.syncAppRuntimePreferences OK (0.1ms)
[2026-09-28 11:41:53.705] [pid:41472] [main] [host-log] (local-1) [host] [2026-09-28 11:41:53.702] [pid:16460] [zcode-host] [rpc:call] setting.get OK (10.8ms)
[Z1 child] [2026-09-28 11:41:53.702] [pid:16460] [settingService] read result: {"recentProjects":["C:\\Users\\USER\\Desktop\\Personal\\ZCode\\.tmp\\z1-native-1790566888278-3b5c94\\workspace-u2-scan"],"locale":"zh-CN","localePreference":"en-US","terminalInheritSystemProfile":true,"embeddedBrowserAllowInsecureCertificates":false,"embeddedBrowserViewportPreference":{"mode":"normal","viewport":{"width":393,"height":852},"zoom":"fit"},"computerUseComposerEntryHidden":true,"taskAutoArchiveEnabled":false,"taskAutoArchiveOlderThanDays":7,"closeToTrayOnWindows":false,"closeToTrayOnWindowsMigrationInitialized":true,"keepAwakeWhileRunning":false,"desktopWindowSize":{"width":1920,"height":1080,"maximized":false},"desktopChromiumHardwareAccelerationEnabled":true,"messageStreamShowReasoning":true,"messageStreamShowReasoningMigrationInitialized":true,"messageStreamShowTodos":false,"toolGroupingExploreEnabled":true,"toolGroupingTerminalEnabled":true,"toolGroupingChangesEnabled":false,"zcodeInteractionBehavior":"queue","askUserQuestionAutoResolutionEnabled":false,"modelIoFullRetentionEnabled":false,"startPlanRecommendationDismissed":false,"providerFamilyConnectionSelections":{},"providerFamilyDomain":"zai","providerFamilyDomainMigrated":true,"nativeSearchEnhancementsEnabled":true,"memoryEnabled":false,"lastWorkspaceSession":[{"kind":"local","workspacePath":"C:\\Users\\USER\\Desktop\\Personal\\ZCode\\.tmp\\z1-native-1790566888278-3b5c94\\workspace-u2-scan","workspacePurpose":"project"},{"kind":"local","workspacePath":"C:\\Users\\USER\\Desktop\\Personal\\ZCode\\.tmp\\z1-native-1790566888278-3b5c94\\workspace","workspacePurpose":"project"},{"kind":"local","workspacePath":"C:\\Users\\USER\\Desktop\\Personal\\ZCode\\.tmp\\z1-native-1790566888278-3b5c94\\data\\.zcode\\workspace\\default","workspacePurpose":"conversation"}],"lastActiveTabIndex":1,"receivePreviewUpdates":false,"autoDownloadAndInstallUpdates":false,"skippedElectronUpdateVersions":{},"settingsSyncFirstRunPromptHandled":true}
[2026-09-28 11:41:53.702] [pid:16460] [zcode-host] [rpc:call] setting.get OK (10.8ms)
[2026-09-28 11:41:53.703] [pid:16460] [settingService] read result: {"recentProjects":["C:\\Users\\USER\\Desktop\\Personal\\ZCode\\.tmp\\z1-native-1790566888278-3b5c94\\workspace-u2-scan"],"locale":"zh-CN","localePreference":"en-US","terminalInheritSystemProfile":true,"embeddedBrowserAllowInsecureCertificates":false,"embeddedBrowserViewportPreference":{"mode":"normal","viewport":{"width":393,"height":852},"zoom":"fit"},"computerUseComposerEntryHidden":true,"taskAutoArchiveEnabled":false,"taskAutoArchiveOlderThanDays":7,"closeToTrayOnWindows":false,"closeToTrayOnWindowsMigrationInitialized":true,"keepAwakeWhileRunning":false,"desktopWindowSize":{"width":1920,"height":1080,"maximized":false},"desktopChromiumHardwareAccelerationEnabled":true,"messageStreamShowReasoning":true,"messageStreamShowReasoningMigrationInitialized":true,"messageStreamShowTodos":false,"toolGroupingExploreEnabled":true,"toolGroupingTerminalEnabled":true,"toolGroupingChangesEnabled":false,"zcodeInteractionBehavior":"queue","askUserQuestionAutoResolutionEnabled":false,"modelIoFullRetentionEnabled":false,"startPlanRecommendationDismissed":false,"providerFamilyConnectionSelections":{},"providerFamilyDomain":"zai","providerFamilyDomainMigrated":true,"nativeSearchEnhancementsEnabled":true,"memoryEnabled":false,"lastWorkspaceSession":[{"kind":"local","workspacePath":"C:\\Users\\USER\\Desktop\\Personal\\ZCode\\.tmp\\z1-native-1790566888278-3b5c94\\workspace-u2-scan","workspacePurpose":"project"},{"kind":"local","workspacePath":"C:\\Users\\USER\\Desktop\\Personal\\ZCode\\.tmp\\z1-native-1790566888278-3b5c94\\workspace","workspacePurpose":"project"},{"kind":"local","workspacePath":"C:\\Users\\USER\\Desktop\\Personal\\ZCode\\.tmp\\z1-native-1790566888278-3b5c94\\data\\.zcode\\workspace\\default","workspacePurpose":"conversation"}],"lastActiveTabIndex":1,"receivePreviewUpdates":false,"autoDownloadAndInstallUpdates":false,"skippedElectronUpdateVersions":{},"settingsSyncFirstRunPromptHandled":true}
[Z1 child] [2026-09-28 11:41:53.713] [pid:16460] [zcode-host] [rpc:call] coding-plan-subscription.getDynamicWorkflowClientConfig OK (23.5ms)
[2026-09-28 11:41:53.713] [pid:41472] [main] [host-log] (local-1) [host] [2026-09-28 11:41:53.713] [pid:16460] [zcode-host] [rpc:call] coding-plan-subscription.getDynamicWorkflowClientConfig OK (23.5ms)
[Z1 child] [2026-09-28 11:41:53.755] [pid:16460] [settingService] reading settings from: C:\Users\USER\Desktop\Personal\ZCode\.tmp\z1-native-1790566888278-3b5c94\home\.zcode\v2\setting.json
[Z1 child] [2026-09-28 11:41:53.756] [pid:16460] [settingService] read result: {"recentProjects":["C:\\Users\\USER\\Desktop\\Personal\\ZCode\\.tmp\\z1-native-1790566888278-3b5c94\\workspace-u2-scan"],"locale":"zh-CN","localePreference":"en-US","terminalInheritSystemProfile":true,"embeddedBrowserAllowInsecureCertificates":false,"embeddedBrowserViewportPreference":{"mode":"normal","viewport":{"width":393,"height":852},"zoom":"fit"},"computerUseComposerEntryHidden":true,"taskAutoArchiveEnabled":false,"taskAutoArchiveOlderThanDays":7,"closeToTrayOnWindows":false,"closeToTrayOnWindowsMigrationInitialized":true,"keepAwakeWhileRunning":false,"desktopWindowSize":{"width":1920,"height":1080,"maximized":false},"desktopChromiumHardwareAccelerationEnabled":true,"messageStreamShowReasoning":true,"messageStreamShowReasoningMigrationInitialized":true,"messageStreamShowTodos":false,"toolGroupingExploreEnabled":true,"toolGroupingTerminalEnabled":true,"toolGroupingChangesEnabled":false,"zcodeInteractionBehavior":"queue","askUserQuestionAutoResolutionEnabled":false,"modelIoFullRetentionEnabled":false,"startPlanRecommendationDismissed":false,"providerFamilyConnectionSelections":{},"providerFamilyDomain":"zai","providerFamilyDomainMigrated":true,"nativeSearchEnhancementsEnabled":true,"memoryEnabled":false,"lastWorkspaceSession":[{"kind":"local","workspacePath":"C:\\Users\\USER\\Desktop\\Personal\\ZCode\\.tmp\\z1-native-1790566888278-3b5c94\\workspace-u2-scan","workspacePurpose":"project"},{"kind":"local","workspacePath":"C:\\Users\\USER\\Desktop\\Personal\\ZCode\\.tmp\\z1-native-1790566888278-3b5c94\\workspace","workspacePurpose":"project"},{"kind":"local","workspacePath":"C:\\Users\\USER\\Desktop\\Personal\\ZCode\\.tmp\\z1-native-1790566888278-3b5c94\\data\\.zcode\\workspace\\default","workspacePurpose":"conversation"}],"lastActiveTabIndex":1,"receivePreviewUpdates":false,"autoDownloadAndInstallUpdates":false,"skippedElectronUpdateVersions":{},"settingsSyncFirstRunPromptHandled":true}
[Z1 child] [2026-09-28 11:41:53.756] [pid:16460] [settingService] reading settings from: C:\Users\USER\Desktop\Personal\ZCode\.tmp\z1-native-1790566888278-3b5c94\home\.zcode\v2\setting.json
[Z1 child] [2026-09-28 11:41:53.757] [pid:16460] [settingService] read result: {"recentProjects":["C:\\Users\\USER\\Desktop\\Personal\\ZCode\\.tmp\\z1-native-1790566888278-3b5c94\\workspace-u2-scan"],"locale":"zh-CN","localePreference":"en-US","terminalInheritSystemProfile":true,"embeddedBrowserAllowInsecureCertificates":false,"embeddedBrowserViewportPreference":{"mode":"normal","viewport":{"width":393,"height":852},"zoom":"fit"},"computerUseComposerEntryHidden":true,"taskAutoArchiveEnabled":false,"taskAutoArchiveOlderThanDays":7,"closeToTrayOnWindows":false,"closeToTrayOnWindowsMigrationInitialized":true,"keepAwakeWhileRunning":false,"desktopWindowSize":{"width":1920,"height":1080,"maximized":false},"desktopChromiumHardwareAccelerationEnabled":true,"messageStreamShowReasoning":true,"messageStreamShowReasoningMigrationInitialized":true,"messageStreamShowTodos":false,"toolGroupingExploreEnabled":true,"toolGroupingTerminalEnabled":true,"toolGroupingChangesEnabled":false,"zcodeInteractionBehavior":"queue","askUserQuestionAutoResolutionEnabled":false,"modelIoFullRetentionEnabled":false,"startPlanRecommendationDismissed":false,"providerFamilyConnectionSelections":{},"providerFamilyDomain":"zai","providerFamilyDomainMigrated":true,"nativeSearchEnhancementsEnabled":true,"memoryEnabled":false,"lastWorkspaceSession":[{"kind":"local","workspacePath":"C:\\Users\\USER\\Desktop\\Personal\\ZCode\\.tmp\\z1-native-1790566888278-3b5c94\\workspace-u2-scan","workspacePurpose":"project"},{"kind":"local","workspacePath":"C:\\Users\\USER\\Desktop\\Personal\\ZCode\\.tmp\\z1-native-1790566888278-3b5c94\\workspace","workspacePurpose":"project"},{"kind":"local","workspacePath":"C:\\Users\\USER\\Desktop\\Personal\\ZCode\\.tmp\\z1-native-1790566888278-3b5c94\\data\\.zcode\\workspace\\default","workspacePurpose":"conversation"}],"lastActiveTabIndex":1,"receivePreviewUpdates":false,"autoDownloadAndInstallUpdates":false,"skippedElectronUpdateVersions":{},"settingsSyncFirstRunPromptHandled":true}
[Z1 child] [2026-09-28 11:41:53.774] [pid:16460] [provider-config] ZCode Built-in 刷新检查 { result: 'skipped', reason: 'not-due' }
[Z1 child] [2026-09-28 11:41:53.784] [pid:16460] [settingService] reading settings from: C:\Users\USER\Desktop\Personal\ZCode\.tmp\z1-native-1790566888278-3b5c94\home\.zcode\v2\setting.json
[Z1 child] [2026-09-28 11:41:53.785] [pid:16460] [settingService] read result: {"recentProjects":["C:\\Users\\USER\\Desktop\\Personal\\ZCode\\.tmp\\z1-native-1790566888278-3b5c94\\workspace-u2-scan"],"locale":"zh-CN","localePreference":"en-US","terminalInheritSystemProfile":true,"embeddedBrowserAllowInsecureCertificates":false,"embeddedBrowserViewportPreference":{"mode":"normal","viewport":{"width":393,"height":852},"zoom":"fit"},"computerUseComposerEntryHidden":true,"taskAutoArchiveEnabled":false,"taskAutoArchiveOlderThanDays":7,"closeToTrayOnWindows":false,"closeToTrayOnWindowsMigrationInitialized":true,"keepAwakeWhileRunning":false,"desktopWindowSize":{"width":1920,"height":1080,"maximized":false},"desktopChromiumHardwareAccelerationEnabled":true,"messageStreamShowReasoning":true,"messageStreamShowReasoningMigrationInitialized":true,"messageStreamShowTodos":false,"toolGroupingExploreEnabled":true,"toolGroupingTerminalEnabled":true,"toolGroupingChangesEnabled":false,"zcodeInteractionBehavior":"queue","askUserQuestionAutoResolutionEnabled":false,"modelIoFullRetentionEnabled":false,"startPlanRecommendationDismissed":false,"providerFamilyConnectionSelections":{},"providerFamilyDomain":"zai","providerFamilyDomainMigrated":true,"nativeSearchEnhancementsEnabled":true,"memoryEnabled":false,"lastWorkspaceSession":[{"kind":"local","workspacePath":"C:\\Users\\USER\\Desktop\\Personal\\ZCode\\.tmp\\z1-native-1790566888278-3b5c94\\workspace-u2-scan","workspacePurpose":"project"},{"kind":"local","workspacePath":"C:\\Users\\USER\\Desktop\\Personal\\ZCode\\.tmp\\z1-native-1790566888278-3b5c94\\workspace","workspacePurpose":"project"},{"kind":"local","workspacePath":"C:\\Users\\USER\\Desktop\\Personal\\ZCode\\.tmp\\z1-native-1790566888278-3b5c94\\data\\.zcode\\workspace\\default","workspacePurpose":"conversation"}],"lastActiveTabIndex":1,"receivePreviewUpdates":false,"autoDownloadAndInstallUpdates":false,"skippedElectronUpdateVersions":{},"settingsSyncFirstRunPromptHandled":true}
[Z1 child] [2026-09-28 11:41:53.786] [pid:16460] [settingService] reading settings from: C:\Users\USER\Desktop\Personal\ZCode\.tmp\z1-native-1790566888278-3b5c94\home\.zcode\v2\setting.json
[Z1 child] [2026-09-28 11:41:53.787] [pid:16460] [settingService] read result: {"recentProjects":["C:\\Users\\USER\\Desktop\\Personal\\ZCode\\.tmp\\z1-native-1790566888278-3b5c94\\workspace-u2-scan"],"locale":"zh-CN","localePreference":"en-US","terminalInheritSystemProfile":true,"embeddedBrowserAllowInsecureCertificates":false,"embeddedBrowserViewportPreference":{"mode":"normal","viewport":{"width":393,"height":852},"zoom":"fit"},"computerUseComposerEntryHidden":true,"taskAutoArchiveEnabled":false,"taskAutoArchiveOlderThanDays":7,"closeToTrayOnWindows":false,"closeToTrayOnWindowsMigrationInitialized":true,"keepAwakeWhileRunning":false,"desktopWindowSize":{"width":1920,"height":1080,"maximized":false},"desktopChromiumHardwareAccelerationEnabled":true,"messageStreamShowReasoning":true,"messageStreamShowReasoningMigrationInitialized":true,"messageStreamShowTodos":false,"toolGroupingExploreEnabled":true,"toolGroupingTerminalEnabled":true,"toolGroupingChangesEnabled":false,"zcodeInteractionBehavior":"queue","askUserQuestionAutoResolutionEnabled":false,"modelIoFullRetentionEnabled":false,"startPlanRecommendationDismissed":false,"providerFamilyConnectionSelections":{},"providerFamilyDomain":"zai","providerFamilyDomainMigrated":true,"nativeSearchEnhancementsEnabled":true,"memoryEnabled":false,"lastWorkspaceSession":[{"kind":"local","workspacePath":"C:\\Users\\USER\\Desktop\\Personal\\ZCode\\.tmp\\z1-native-1790566888278-3b5c94\\workspace-u2-scan","workspacePurpose":"project"},{"kind":"local","workspacePath":"C:\\Users\\USER\\Desktop\\Personal\\ZCode\\.tmp\\z1-native-1790566888278-3b5c94\\workspace","workspacePurpose":"project"},{"kind":"local","workspacePath":"C:\\Users\\USER\\Desktop\\Personal\\ZCode\\.tmp\\z1-native-1790566888278-3b5c94\\data\\.zcode\\workspace\\default","workspacePurpose":"conversation"}],"lastActiveTabIndex":1,"receivePreviewUpdates":false,"autoDownloadAndInstallUpdates":false,"skippedElectronUpdateVersions":{},"settingsSyncFirstRunPromptHandled":true}
[Z1 child] [2026-09-28 11:41:53.789] [pid:16460] [settingService] reading settings from: C:\Users\USER\Desktop\Personal\ZCode\.tmp\z1-native-1790566888278-3b5c94\home\.zcode\v2\setting.json
[Z1 child] [2026-09-28 11:41:53.795] [pid:16460] [settingService] read result: {"recentProjects":["C:\\Users\\USER\\Desktop\\Personal\\ZCode\\.tmp\\z1-native-1790566888278-3b5c94\\workspace-u2-scan"],"locale":"zh-CN","localePreference":"en-US","terminalInheritSystemProfile":true,"embeddedBrowserAllowInsecureCertificates":false,"embeddedBrowserViewportPreference":{"mode":"normal","viewport":{"width":393,"height":852},"zoom":"fit"},"computerUseComposerEntryHidden":true,"taskAutoArchiveEnabled":false,"taskAutoArchiveOlderThanDays":7,"closeToTrayOnWindows":false,"closeToTrayOnWindowsMigrationInitialized":true,"keepAwakeWhileRunning":false,"desktopWindowSize":{"width":1920,"height":1080,"maximized":false},"desktopChromiumHardwareAccelerationEnabled":true,"messageStreamShowReasoning":true,"messageStreamShowReasoningMigrationInitialized":true,"messageStreamShowTodos":false,"toolGroupingExploreEnabled":true,"toolGroupingTerminalEnabled":true,"toolGroupingChangesEnabled":false,"zcodeInteractionBehavior":"queue","askUserQuestionAutoResolutionEnabled":false,"modelIoFullRetentionEnabled":false,"startPlanRecommendationDismissed":false,"providerFamilyConnectionSelections":{},"providerFamilyDomain":"zai","providerFamilyDomainMigrated":true,"nativeSearchEnhancementsEnabled":true,"memoryEnabled":false,"lastWorkspaceSession":[{"kind":"local","workspacePath":"C:\\Users\\USER\\Desktop\\Personal\\ZCode\\.tmp\\z1-native-1790566888278-3b5c94\\workspace-u2-scan","workspacePurpose":"project"},{"kind":"local","workspacePath":"C:\\Users\\USER\\Desktop\\Personal\\ZCode\\.tmp\\z1-native-1790566888278-3b5c94\\workspace","workspacePurpose":"project"},{"kind":"local","workspacePath":"C:\\Users\\USER\\Desktop\\Personal\\ZCode\\.tmp\\z1-native-1790566888278-3b5c94\\data\\.zcode\\workspace\\default","workspacePurpose":"conversation"}],"lastActiveTabIndex":1,"receivePreviewUpdates":false,"autoDownloadAndInstallUpdates":false,"skippedElectronUpdateVersions":{},"settingsSyncFirstRunPromptHandled":true}
[Z1 child] [2026-09-28 11:41:53.796] [pid:16460] [settingService] reading settings from: C:\Users\USER\Desktop\Personal\ZCode\.tmp\z1-native-1790566888278-3b5c94\home\.zcode\v2\setting.json
[Z1 child] [2026-09-28 11:41:53.796] [pid:16460] [settingService] read result: {"recentProjects":["C:\\Users\\USER\\Desktop\\Personal\\ZCode\\.tmp\\z1-native-1790566888278-3b5c94\\workspace-u2-scan"],"locale":"zh-CN","localePreference":"en-US","terminalInheritSystemProfile":true,"embeddedBrowserAllowInsecureCertificates":false,"embeddedBrowserViewportPreference":{"mode":"normal","viewport":{"width":393,"height":852},"zoom":"fit"},"computerUseComposerEntryHidden":true,"taskAutoArchiveEnabled":false,"taskAutoArchiveOlderThanDays":7,"closeToTrayOnWindows":false,"closeToTrayOnWindowsMigrationInitialized":true,"keepAwakeWhileRunning":false,"desktopWindowSize":{"width":1920,"height":1080,"maximized":false},"desktopChromiumHardwareAccelerationEnabled":true,"messageStreamShowReasoning":true,"messageStreamShowReasoningMigrationInitialized":true,"messageStreamShowTodos":false,"toolGroupingExploreEnabled":true,"toolGroupingTerminalEnabled":true,"toolGroupingChangesEnabled":false,"zcodeInteractionBehavior":"queue","askUserQuestionAutoResolutionEnabled":false,"modelIoFullRetentionEnabled":false,"startPlanRecommendationDismissed":false,"providerFamilyConnectionSelections":{},"providerFamilyDomain":"zai","providerFamilyDomainMigrated":true,"nativeSearchEnhancementsEnabled":true,"memoryEnabled":false,"lastWorkspaceSession":[{"kind":"local","workspacePath":"C:\\Users\\USER\\Desktop\\Personal\\ZCode\\.tmp\\z1-native-1790566888278-3b5c94\\workspace-u2-scan","workspacePurpose":"project"},{"kind":"local","workspacePath":"C:\\Users\\USER\\Desktop\\Personal\\ZCode\\.tmp\\z1-native-1790566888278-3b5c94\\workspace","workspacePurpose":"project"},{"kind":"local","workspacePath":"C:\\Users\\USER\\Desktop\\Personal\\ZCode\\.tmp\\z1-native-1790566888278-3b5c94\\data\\.zcode\\workspace\\default","workspacePurpose":"conversation"}],"lastActiveTabIndex":1,"receivePreviewUpdates":false,"autoDownloadAndInstallUpdates":false,"skippedElectronUpdateVersions":{},"settingsSyncFirstRunPromptHandled":true}
[Z1 child] [2026-09-28 11:41:53.815] [pid:16460] [provider-runtime][trace:Provider Registry 已就绪] {
  configRevision: '["zcode-builtin:30:4af9bc559b3046d0b4c537487d4185bb8eeac745d31d92de7f62c55fed99aca4","b0339b85b399b8f51bfd275e3c4ec9b289d34dd9552090cd07998f480c84469e"]',
  providerCount: 1
}
[2026-09-28 11:41:53.815] [pid:41472] [main] [host-log] (local-1) [host] [2026-09-28 11:41:53.815] [pid:16460] [provider-runtime][trace:Provider Registry 已就绪] {"configRevision":"[\"zcode-builtin:30:4af9bc559b3046d0b4c537487d4185bb8eeac745d31d92de7f62c55fed99aca4\",\"b0339b85b399b8f51bfd275e3c4ec9b289d34dd9552090cd07998f480c84469e\"]","providerCount":1}
[2026-09-28 11:41:53.816] [pid:41472] [main] [host-log] (local-1) [host] [2026-09-28 11:41:53.816] [pid:16460] [zcode-host] [rpc:call] provider-settings.getView OK (125.6ms)
[2026-09-28 11:41:53.817] [pid:41472] [main] [host-log] (local-1) [host] [2026-09-28 11:41:53.816] [pid:16460] [zcode-host] [rpc:call] provider-settings.getView OK (125.4ms)
[Z1 child] [2026-09-28 11:41:53.816] [pid:16460] [settingService] reading settings from: C:\Users\USER\Desktop\Personal\ZCode\.tmp\z1-native-1790566888278-3b5c94\home\.zcode\v2\setting.json
[2026-09-28 11:41:53.816] [pid:16460] [zcode-host] [rpc:call] provider-settings.getView OK (125.6ms)
[2026-09-28 11:41:53.816] [pid:16460] [zcode-host] [rpc:call] provider-settings.getView OK (125.4ms)
[Z1 child] [2026-09-28 11:41:53.818] [pid:16460] [zcode-agent] ZCode agent command resolved {
  workspaceKey: 'C:\\Users\\USER\\Desktop\\Personal\\ZCode\\.tmp\\z1-native-1790566888278-3b5c94\\workspace',
  command: 'C:\\Users\\USER\\Desktop\\Personal\\ZCode\\node_modules\\electron\\dist\\electron.exe',
  effectiveCommand: 'C:\\Users\\USER\\Desktop\\Personal\\ZCode\\node_modules\\electron\\dist\\electron.exe',
  resolveCommandDurationMs: 0
}
[2026-09-28 11:41:53.818] [pid:41472] [main] [host-log] (local-1) [host] [2026-09-28 11:41:53.818] [pid:16460] [zcode-agent] ZCode agent command resolved {"workspaceKey":"C:\\Users\\USER\\Desktop\\Personal\\ZCode\\.tmp\\z1-native-1790566888278-3b5c94\\workspace","command":"C:\\Users\\USER\\Desktop\\Personal\\ZCode\\node_modules\\electron\\dist\\electron.exe","effectiveCommand":"C:\\Users\\USER\\Desktop\\Personal\\ZCode\\node_modules\\electron\\dist\\electron.exe","resolveCommandDurationMs":0}
[2026-09-28 11:41:53.819] [pid:41472] [main] [host-log] (local-1) [host] [2026-09-28 11:41:53.819] [pid:16460] [zcode-host] [rpc:call] model-selection.getView OK (128.7ms)
[Z1 child] [2026-09-28 11:41:53.819] [pid:16460] [settingService] reading settings from: C:\Users\USER\Desktop\Personal\ZCode\.tmp\z1-native-1790566888278-3b5c94\home\.zcode\v2\setting.json
[2026-09-28 11:41:53.819] [pid:16460] [zcode-host] [rpc:call] model-selection.getView OK (128.7ms)
[2026-09-28 11:41:53.819] [pid:16460] [settingService] read result: {"recentProjects":["C:\\Users\\USER\\Desktop\\Personal\\ZCode\\.tmp\\z1-native-1790566888278-3b5c94\\workspace-u2-scan"],"locale":"zh-CN","localePreference":"en-US","terminalInheritSystemProfile":true,"embeddedBrowserAllowInsecureCertificates":false,"embeddedBrowserViewportPreference":{"mode":"normal","viewport":{"width":393,"height":852},"zoom":"fit"},"computerUseComposerEntryHidden":true,"taskAutoArchiveEnabled":false,"taskAutoArchiveOlderThanDays":7,"closeToTrayOnWindows":false,"closeToTrayOnWindowsMigrationInitialized":true,"keepAwakeWhileRunning":false,"desktopWindowSize":{"width":1920,"height":1080,"maximized":false},"desktopChromiumHardwareAccelerationEnabled":true,"messageStreamShowReasoning":true,"messageStreamShowReasoningMigrationInitialized":true,"messageStreamShowTodos":false,"toolGroupingExploreEnabled":true,"toolGroupingTerminalEnabled":true,"toolGroupingChangesEnabled":false,"zcodeInteractionBehavior":"queue","askUserQuestionAutoResolutionEnabled":false,"modelIoFullRetentionEnabled":false,"startPlanRecommendationDismissed":false,"providerFamilyConnectionSelections":{},"providerFamilyDomain":"zai","providerFamilyDomainMigrated":true,"nativeSearchEnhancementsEnabled":true,"memoryEnabled":false,"lastWorkspaceSession":[{"kind":"local","workspacePath":"C:\\Users\\USER\\Desktop\\Personal\\ZCode\\.tmp\\z1-native-1790566888278-3b5c94\\workspace-u2-scan","workspacePurpose":"project"},{"kind":"local","workspacePath":"C:\\Users\\USER\\Desktop\\Personal\\ZCode\\.tmp\\z1-native-1790566888278-3b5c94\\workspace","workspacePurpose":"project"},{"kind":"local","workspacePath":"C:\\Users\\USER\\Desktop\\Personal\\ZCode\\.tmp\\z1-native-1790566888278-3b5c94\\data\\.zcode\\workspace\\default","workspacePurpose":"conversation"}],"lastActiveTabIndex":1,"receivePreviewUpdates":false,"autoDownloadAndInstallUpdates":false,"skippedElectronUpdateVersions":{},"settingsSyncFirstRunPromptHandled":true}
[2026-09-28 11:41:53.819] [pid:16460] [settingService] reading settings from: C:\Users\USER\Desktop\Personal\ZCode\.tmp\z1-native-1790566888278-3b5c94\home\.zcode\v2\setting.json
[2026-09-28 11:41:53.820] [pid:16460] [zcode-host] [rpc:call] credential.load OK (0.2ms)
[2026-09-28 11:41:53.820] [pid:16460] [zcode-host] [rpc:call] credential.load OK (0.2ms)
[2026-09-28 11:41:53.820] [pid:41472] [main] [host-log] (local-1) [host] [2026-09-28 11:41:53.820] [pid:16460] [zcode-host] [rpc:call] credential.load OK (0.2ms)
[2026-09-28 11:41:53.821] [pid:41472] [main] [host-log] (local-1) [host] [2026-09-28 11:41:53.820] [pid:16460] [zcode-host] [rpc:call] credential.load OK (0.2ms)
[2026-09-28 11:41:53.821] [pid:41472] [main] [host-log] (local-1) [host] [2026-09-28 11:41:53.820] [pid:16460] [zcode-agent] ZCode agent process start already in progress {"workspaceKey":"C:\\Users\\USER\\Desktop\\Personal\\ZCode\\.tmp\\z1-native-1790566888278-3b5c94\\workspace"}
[Z1 child] [2026-09-28 11:41:53.820] [pid:16460] [settingService] read result: {"recentProjects":["C:\\Users\\USER\\Desktop\\Personal\\ZCode\\.tmp\\z1-native-1790566888278-3b5c94\\workspace-u2-scan"],"locale":"zh-CN","localePreference":"en-US","terminalInheritSystemProfile":true,"embeddedBrowserAllowInsecureCertificates":false,"embeddedBrowserViewportPreference":{"mode":"normal","viewport":{"width":393,"height":852},"zoom":"fit"},"computerUseComposerEntryHidden":true,"taskAutoArchiveEnabled":false,"taskAutoArchiveOlderThanDays":7,"closeToTrayOnWindows":false,"closeToTrayOnWindowsMigrationInitialized":true,"keepAwakeWhileRunning":false,"desktopWindowSize":{"width":1920,"height":1080,"maximized":false},"desktopChromiumHardwareAccelerationEnabled":true,"messageStreamShowReasoning":true,"messageStreamShowReasoningMigrationInitialized":true,"messageStreamShowTodos":false,"toolGroupingExploreEnabled":true,"toolGroupingTerminalEnabled":true,"toolGroupingChangesEnabled":false,"zcodeInteractionBehavior":"queue","askUserQuestionAutoResolutionEnabled":false,"modelIoFullRetentionEnabled":false,"startPlanRecommendationDismissed":false,"providerFamilyConnectionSelections":{},"providerFamilyDomain":"zai","providerFamilyDomainMigrated":true,"nativeSearchEnhancementsEnabled":true,"memoryEnabled":false,"lastWorkspaceSession":[{"kind":"local","workspacePath":"C:\\Users\\USER\\Desktop\\Personal\\ZCode\\.tmp\\z1-native-1790566888278-3b5c94\\workspace-u2-scan","workspacePurpose":"project"},{"kind":"local","workspacePath":"C:\\Users\\USER\\Desktop\\Personal\\ZCode\\.tmp\\z1-native-1790566888278-3b5c94\\workspace","workspacePurpose":"project"},{"kind":"local","workspacePath":"C:\\Users\\USER\\Desktop\\Personal\\ZCode\\.tmp\\z1-native-1790566888278-3b5c94\\data\\.zcode\\workspace\\default","workspacePurpose":"conversation"}],"lastActiveTabIndex":1,"receivePreviewUpdates":false,"autoDownloadAndInstallUpdates":false,"skippedElectronUpdateVersions":{},"settingsSyncFirstRunPromptHandled":true}
[2026-09-28 11:41:53.820] [pid:16460] [zcode-agent] ZCode agent process start already in progress {
  workspaceKey: 'C:\\Users\\USER\\Desktop\\Personal\\ZCode\\.tmp\\z1-native-1790566888278-3b5c94\\workspace'
}
[2026-09-28 11:41:53.821] [pid:16460] [settingService] read result: {"recentProjects":["C:\\Users\\USER\\Desktop\\Personal\\ZCode\\.tmp\\z1-native-1790566888278-3b5c94\\workspace-u2-scan"],"locale":"zh-CN","localePreference":"en-US","terminalInheritSystemProfile":true,"embeddedBrowserAllowInsecureCertificates":false,"embeddedBrowserViewportPreference":{"mode":"normal","viewport":{"width":393,"height":852},"zoom":"fit"},"computerUseComposerEntryHidden":true,"taskAutoArchiveEnabled":false,"taskAutoArchiveOlderThanDays":7,"closeToTrayOnWindows":false,"closeToTrayOnWindowsMigrationInitialized":true,"keepAwakeWhileRunning":false,"desktopWindowSize":{"width":1920,"height":1080,"maximized":false},"desktopChromiumHardwareAccelerationEnabled":true,"messageStreamShowReasoning":true,"messageStreamShowReasoningMigrationInitialized":true,"messageStreamShowTodos":false,"toolGroupingExploreEnabled":true,"toolGroupingTerminalEnabled":true,"toolGroupingChangesEnabled":false,"zcodeInteractionBehavior":"queue","askUserQuestionAutoResolutionEnabled":false,"modelIoFullRetentionEnabled":false,"startPlanRecommendationDismissed":false,"providerFamilyConnectionSelections":{},"providerFamilyDomain":"zai","providerFamilyDomainMigrated":true,"nativeSearchEnhancementsEnabled":true,"memoryEnabled":false,"lastWorkspaceSession":[{"kind":"local","workspacePath":"C:\\Users\\USER\\Desktop\\Personal\\ZCode\\.tmp\\z1-native-1790566888278-3b5c94\\workspace-u2-scan","workspacePurpose":"project"},{"kind":"local","workspacePath":"C:\\Users\\USER\\Desktop\\Personal\\ZCode\\.tmp\\z1-native-1790566888278-3b5c94\\workspace","workspacePurpose":"project"},{"kind":"local","workspacePath":"C:\\Users\\USER\\Desktop\\Personal\\ZCode\\.tmp\\z1-native-1790566888278-3b5c94\\data\\.zcode\\workspace\\default","workspacePurpose":"conversation"}],"lastActiveTabIndex":1,"receivePreviewUpdates":false,"autoDownloadAndInstallUpdates":false,"skippedElectronUpdateVersions":{},"settingsSyncFirstRunPromptHandled":true}
[Z1 child] [2026-09-28 11:41:53.823] [pid:16460] [settingService] reading settings from: C:\Users\USER\Desktop\Personal\ZCode\.tmp\z1-native-1790566888278-3b5c94\home\.zcode\v2\setting.json
[Z1 child] [2026-09-28 11:41:53.823] [pid:16460] [settingService] read result: {"recentProjects":["C:\\Users\\USER\\Desktop\\Personal\\ZCode\\.tmp\\z1-native-1790566888278-3b5c94\\workspace-u2-scan"],"locale":"zh-CN","localePreference":"en-US","terminalInheritSystemProfile":true,"embeddedBrowserAllowInsecureCertificates":false,"embeddedBrowserViewportPreference":{"mode":"normal","viewport":{"width":393,"height":852},"zoom":"fit"},"computerUseComposerEntryHidden":true,"taskAutoArchiveEnabled":false,"taskAutoArchiveOlderThanDays":7,"closeToTrayOnWindows":false,"closeToTrayOnWindowsMigrationInitialized":true,"keepAwakeWhileRunning":false,"desktopWindowSize":{"width":1920,"height":1080,"maximized":false},"desktopChromiumHardwareAccelerationEnabled":true,"messageStreamShowReasoning":true,"messageStreamShowReasoningMigrationInitialized":true,"messageStreamShowTodos":false,"toolGroupingExploreEnabled":true,"toolGroupingTerminalEnabled":true,"toolGroupingChangesEnabled":false,"zcodeInteractionBehavior":"queue","askUserQuestionAutoResolutionEnabled":false,"modelIoFullRetentionEnabled":false,"startPlanRecommendationDismissed":false,"providerFamilyConnectionSelections":{},"providerFamilyDomain":"zai","providerFamilyDomainMigrated":true,"nativeSearchEnhancementsEnabled":true,"memoryEnabled":false,"lastWorkspaceSession":[{"kind":"local","workspacePath":"C:\\Users\\USER\\Desktop\\Personal\\ZCode\\.tmp\\z1-native-1790566888278-3b5c94\\workspace-u2-scan","workspacePurpose":"project"},{"kind":"local","workspacePath":"C:\\Users\\USER\\Desktop\\Personal\\ZCode\\.tmp\\z1-native-1790566888278-3b5c94\\workspace","workspacePurpose":"project"},{"kind":"local","workspacePath":"C:\\Users\\USER\\Desktop\\Personal\\ZCode\\.tmp\\z1-native-1790566888278-3b5c94\\data\\.zcode\\workspace\\default","workspacePurpose":"conversation"}],"lastActiveTabIndex":1,"receivePreviewUpdates":false,"autoDownloadAndInstallUpdates":false,"skippedElectronUpdateVersions":{},"settingsSyncFirstRunPromptHandled":true}
[2026-09-28 11:41:53.824] [pid:16460] [zcode-host] [rpc:call] setting.get OK (0.9ms)
[2026-09-28 11:41:53.823] [pid:41472] [main] [host-log] (local-1) [host] [2026-09-28 11:41:53.824] [pid:16460] [zcode-host] [rpc:call] setting.get OK (0.9ms)
[Z1 child] [2026-09-28 11:41:53.826] [pid:16460] [cua-product-helper] Windows CUA Helper runtime resolution failed {
  reason: 'invalid-runtime-manifest',
  artifact: 'runtime-manifest.json',
  errorName: 'WindowsCuaDevRuntimeResolutionError',
  message: 'Windows CUA packaged runtime has an invalid runtime-manifest.json.'
}
[2026-09-28 11:41:53.826] [pid:41472] [main] [host-log] (local-1) [host] [2026-09-28 11:41:53.826] [pid:16460] [cua-product-helper] Windows CUA Helper runtime resolution failed {"reason":"invalid-runtime-manifest","artifact":"runtime-manifest.json","errorName":"WindowsCuaDevRuntimeResolutionError","message":"Windows CUA packaged runtime has an invalid runtime-manifest.json."}
[2026-09-28 11:41:53.827] [pid:41472] [main] [host-log] (local-1) [host] [2026-09-28 11:41:53.827] [pid:16460] [cua-product-helper] Computer Use Helper broker_unavailable; disabling workspace zcode-cua MCP server for this agent spawn (Windows CUA packaged runtime has an invalid runtime-manifest.json.)
[2026-09-28 11:41:53.828] [pid:41472] [main] [host-log] (local-1) [host] [2026-09-28 11:41:53.827] [pid:16460] [zcode-host] [rpc:call] file.ensureConversationWorkspace OK (2.4ms)
[Z1 child] [2026-09-28 11:41:53.827] [pid:16460] [cua-product-helper] Computer Use Helper broker_unavailable; disabling workspace zcode-cua MCP server for this agent spawn (Windows CUA packaged runtime has an invalid runtime-manifest.json.)
[Z1 child] [2026-09-28 11:41:53.827] [pid:16460] [settingService] reading settings from: C:\Users\USER\Desktop\Personal\ZCode\.tmp\z1-native-1790566888278-3b5c94\home\.zcode\v2\setting.json
[2026-09-28 11:41:53.827] [pid:16460] [zcode-host] [rpc:call] file.ensureConversationWorkspace OK (2.4ms)
[2026-09-28 11:41:53.827] [pid:16460] [settingService] read result: {"recentProjects":["C:\\Users\\USER\\Desktop\\Personal\\ZCode\\.tmp\\z1-native-1790566888278-3b5c94\\workspace-u2-scan"],"locale":"zh-CN","localePreference":"en-US","terminalInheritSystemProfile":true,"embeddedBrowserAllowInsecureCertificates":false,"embeddedBrowserViewportPreference":{"mode":"normal","viewport":{"width":393,"height":852},"zoom":"fit"},"computerUseComposerEntryHidden":true,"taskAutoArchiveEnabled":false,"taskAutoArchiveOlderThanDays":7,"closeToTrayOnWindows":false,"closeToTrayOnWindowsMigrationInitialized":true,"keepAwakeWhileRunning":false,"desktopWindowSize":{"width":1920,"height":1080,"maximized":false},"desktopChromiumHardwareAccelerationEnabled":true,"messageStreamShowReasoning":true,"messageStreamShowReasoningMigrationInitialized":true,"messageStreamShowTodos":false,"toolGroupingExploreEnabled":true,"toolGroupingTerminalEnabled":true,"toolGroupingChangesEnabled":false,"zcodeInteractionBehavior":"queue","askUserQuestionAutoResolutionEnabled":false,"modelIoFullRetentionEnabled":false,"startPlanRecommendationDismissed":false,"providerFamilyConnectionSelections":{},"providerFamilyDomain":"zai","providerFamilyDomainMigrated":true,"nativeSearchEnhancementsEnabled":true,"memoryEnabled":false,"lastWorkspaceSession":[{"kind":"local","workspacePath":"C:\\Users\\USER\\Desktop\\Personal\\ZCode\\.tmp\\z1-native-1790566888278-3b5c94\\workspace-u2-scan","workspacePurpose":"project"},{"kind":"local","workspacePath":"C:\\Users\\USER\\Desktop\\Personal\\ZCode\\.tmp\\z1-native-1790566888278-3b5c94\\workspace","workspacePurpose":"project"},{"kind":"local","workspacePath":"C:\\Users\\USER\\Desktop\\Personal\\ZCode\\.tmp\\z1-native-1790566888278-3b5c94\\data\\.zcode\\workspace\\default","workspacePurpose":"conversation"}],"lastActiveTabIndex":1,"receivePreviewUpdates":false,"autoDownloadAndInstallUpdates":false,"skippedElectronUpdateVersions":{},"settingsSyncFirstRunPromptHandled":true}
[2026-09-28 11:41:53.827] [pid:16460] [settingService] reading settings from: C:\Users\USER\Desktop\Personal\ZCode\.tmp\z1-native-1790566888278-3b5c94\home\.zcode\v2\setting.json
[Z1 child] [2026-09-28 11:41:53.831] [pid:16460] [settingService] reading settings from: C:\Users\USER\Desktop\Personal\ZCode\.tmp\z1-native-1790566888278-3b5c94\home\.zcode\v2\setting.json
[Z1 child] [2026-09-28 11:41:53.833] [pid:16460] [zcode-host] [rpc:call] onboarding-record.claimAnonymousRecord OK (0.4ms)
[2026-09-28 11:41:53.833] [pid:16460] [settingService] read result: {"recentProjects":["C:\\Users\\USER\\Desktop\\Personal\\ZCode\\.tmp\\z1-native-1790566888278-3b5c94\\workspace-u2-scan"],"locale":"zh-CN","localePreference":"en-US","terminalInheritSystemProfile":true,"embeddedBrowserAllowInsecureCertificates":false,"embeddedBrowserViewportPreference":{"mode":"normal","viewport":{"width":393,"height":852},"zoom":"fit"},"computerUseComposerEntryHidden":true,"taskAutoArchiveEnabled":false,"taskAutoArchiveOlderThanDays":7,"closeToTrayOnWindows":false,"closeToTrayOnWindowsMigrationInitialized":true,"keepAwakeWhileRunning":false,"desktopWindowSize":{"width":1920,"height":1080,"maximized":false},"desktopChromiumHardwareAccelerationEnabled":true,"messageStreamShowReasoning":true,"messageStreamShowReasoningMigrationInitialized":true,"messageStreamShowTodos":false,"toolGroupingExploreEnabled":true,"toolGroupingTerminalEnabled":true,"toolGroupingChangesEnabled":false,"zcodeInteractionBehavior":"queue","askUserQuestionAutoResolutionEnabled":false,"modelIoFullRetentionEnabled":false,"startPlanRecommendationDismissed":false,"providerFamilyConnectionSelections":{},"providerFamilyDomain":"zai","providerFamilyDomainMigrated":true,"nativeSearchEnhancementsEnabled":true,"memoryEnabled":false,"lastWorkspaceSession":[{"kind":"local","workspacePath":"C:\\Users\\USER\\Desktop\\Personal\\ZCode\\.tmp\\z1-native-1790566888278-3b5c94\\workspace-u2-scan","workspacePurpose":"project"},{"kind":"local","workspacePath":"C:\\Users\\USER\\Desktop\\Personal\\ZCode\\.tmp\\z1-native-1790566888278-3b5c94\\workspace","workspacePurpose":"project"},{"kind":"local","workspacePath":"C:\\Users\\USER\\Desktop\\Personal\\ZCode\\.tmp\\z1-native-1790566888278-3b5c94\\data\\.zcode\\workspace\\default","workspacePurpose":"conversation"}],"lastActiveTabIndex":1,"receivePreviewUpdates":false,"autoDownloadAndInstallUpdates":false,"skippedElectronUpdateVersions":{},"settingsSyncFirstRunPromptHandled":true}
[2026-09-28 11:41:53.833] [pid:41472] [main] [host-log] (local-1) [host] [2026-09-28 11:41:53.833] [pid:16460] [zcode-host] [rpc:call] onboarding-record.claimAnonymousRecord OK (0.4ms)
[2026-09-28 11:41:53.834] [pid:41472] [main] [host-log] (local-1) [host] [2026-09-28 11:41:53.834] [pid:16460] [zcode-agent] ZCode agent spawn preflight {"workspaceKey":"C:\\Users\\USER\\Desktop\\Personal\\ZCode\\.tmp\\z1-native-1790566888278-3b5c94\\workspace","spawnPreflight":{"command":"C:\\Users\\USER\\Desktop\\Personal\\ZCode\\node_modules\\electron\\dist\\electron.exe","args":["C:\\Users\\USER\\Desktop\\Personal\\ZCode\\apps\\zcode-cli\\packages\\cli\\dist\\zcode.cjs","app-server","--stdio"],"requestedCwd":"C:\\Users\\USER\\Desktop\\Personal\\ZCode\\.tmp\\z1-native-1790566888278-3b5c94\\workspace","cwd":"C:\\Users\\USER\\Desktop\\Personal\\ZCode\\.tmp\\z1-native-1790566888278-3b5c94\\workspace","cwdSource":"command","commandPathKind":"absolute","commandExists":true,"cwdExists":true}}
[2026-09-28 11:41:53.835] [pid:41472] [main] [task-realtime] updated host workspace scopes {
  hostId: '6bea092b-c1b6-4f78-8689-71ebe4769a7d',
  workspaceKeyCount: 3
}
[Z1 child] [2026-09-28 11:41:53.834] [pid:16460] [zcode-agent] ZCode agent spawn preflight {
  workspaceKey: 'C:\\Users\\USER\\Desktop\\Personal\\ZCode\\.tmp\\z1-native-1790566888278-3b5c94\\workspace',
  spawnPreflight: {
    command: 'C:\\Users\\USER\\Desktop\\Personal\\ZCode\\node_modules\\electron\\dist\\electron.exe',
    args: [
      'C:\\Users\\USER\\Desktop\\Personal\\ZCode\\apps\\zcode-cli\\packages\\cli\\dist\\zcode.cjs',
      'app-server',
      '--stdio'
    ],
    requestedCwd: 'C:\\Users\\USER\\Desktop\\Personal\\ZCode\\.tmp\\z1-native-1790566888278-3b5c94\\workspace',
    cwd: 'C:\\Users\\USER\\Desktop\\Personal\\ZCode\\.tmp\\z1-native-1790566888278-3b5c94\\workspace',
    cwdSource: 'command',
    commandPathKind: 'absolute',
    commandExists: true,
    cwdExists: true
  }
}
[Z1 child] [2026-09-28 11:41:53.844] [pid:16460] [zcode-agent] ZCode agent process start wait completed {
  workspaceKey: 'C:\\Users\\USER\\Desktop\\Personal\\ZCode\\.tmp\\z1-native-1790566888278-3b5c94\\workspace',
  durationMs: 24
}
[2026-09-28 11:41:53.844] [pid:41472] [main] [host-log] (local-1) [host] [2026-09-28 11:41:53.844] [pid:16460] [zcode-agent] ZCode agent process start wait completed {"workspaceKey":"C:\\Users\\USER\\Desktop\\Personal\\ZCode\\.tmp\\z1-native-1790566888278-3b5c94\\workspace","durationMs":24}
[2026-09-28 11:41:53.846] [pid:41472] [main] [stability] perf_agent_start reported {
  pid: 37416,
  runtimeGeneration: 1,
  runtimeInstanceId: 'agent-019e6944-7a93-4842-befd-00c3c38517aa'
}
[Z1 child] [2026-09-28 11:41:53.845] [pid:16460] [zcode-agent] ZCode agent process started {
  workspaceKey: 'C:\\Users\\USER\\Desktop\\Personal\\ZCode\\.tmp\\z1-native-1790566888278-3b5c94\\workspace',
  command: 'C:\\Users\\USER\\Desktop\\Personal\\ZCode\\node_modules\\electron\\dist\\electron.exe',
  cwd: 'C:\\Users\\USER\\Desktop\\Personal\\ZCode\\.tmp\\z1-native-1790566888278-3b5c94\\workspace',
  pid: 37416,
  durationMs: 27
}
[2026-09-28 11:41:53.846] [pid:41472] [main] [host-log] (local-1) [host] [2026-09-28 11:41:53.845] [pid:16460] [zcode-agent] ZCode agent process started {"workspaceKey":"C:\\Users\\USER\\Desktop\\Personal\\ZCode\\.tmp\\z1-native-1790566888278-3b5c94\\workspace","command":"C:\\Users\\USER\\Desktop\\Personal\\ZCode\\node_modules\\electron\\dist\\electron.exe","cwd":"C:\\Users\\USER\\Desktop\\Personal\\ZCode\\.tmp\\z1-native-1790566888278-3b5c94\\workspace","pid":37416,"durationMs":27}
[Z1 child] [2026-09-28 11:41:53.847] [pid:16460] [settingService] read result: {"recentProjects":["C:\\Users\\USER\\Desktop\\Personal\\ZCode\\.tmp\\z1-native-1790566888278-3b5c94\\workspace-u2-scan"],"locale":"zh-CN","localePreference":"en-US","terminalInheritSystemProfile":true,"embeddedBrowserAllowInsecureCertificates":false,"embeddedBrowserViewportPreference":{"mode":"normal","viewport":{"width":393,"height":852},"zoom":"fit"},"computerUseComposerEntryHidden":true,"taskAutoArchiveEnabled":false,"taskAutoArchiveOlderThanDays":7,"closeToTrayOnWindows":false,"closeToTrayOnWindowsMigrationInitialized":true,"keepAwakeWhileRunning":false,"desktopWindowSize":{"width":1920,"height":1080,"maximized":false},"desktopChromiumHardwareAccelerationEnabled":true,"messageStreamShowReasoning":true,"messageStreamShowReasoningMigrationInitialized":true,"messageStreamShowTodos":false,"toolGroupingExploreEnabled":true,"toolGroupingTerminalEnabled":true,"toolGroupingChangesEnabled":false,"zcodeInteractionBehavior":"queue","askUserQuestionAutoResolutionEnabled":false,"modelIoFullRetentionEnabled":false,"startPlanRecommendationDismissed":false,"providerFamilyConnectionSelections":{},"providerFamilyDomain":"zai","providerFamilyDomainMigrated":true,"nativeSearchEnhancementsEnabled":true,"memoryEnabled":false,"lastWorkspaceSession":[{"kind":"local","workspacePath":"C:\\Users\\USER\\Desktop\\Personal\\ZCode\\.tmp\\z1-native-1790566888278-3b5c94\\workspace-u2-scan","workspacePurpose":"project"},{"kind":"local","workspacePath":"C:\\Users\\USER\\Desktop\\Personal\\ZCode\\.tmp\\z1-native-1790566888278-3b5c94\\workspace","workspacePurpose":"project"},{"kind":"local","workspacePath":"C:\\Users\\USER\\Desktop\\Personal\\ZCode\\.tmp\\z1-native-1790566888278-3b5c94\\data\\.zcode\\workspace\\default","workspacePurpose":"conversation"}],"lastActiveTabIndex":1,"receivePreviewUpdates":false,"autoDownloadAndInstallUpdates":false,"skippedElectronUpdateVersions":{},"settingsSyncFirstRunPromptHandled":true}
[2026-09-28 11:41:53.847] [pid:16460] [settingService] writing settings to: C:\Users\USER\Desktop\Personal\ZCode\.tmp\z1-native-1790566888278-3b5c94\home\.zcode\v2\setting.json {"recentProjects":["C:\\Users\\USER\\Desktop\\Personal\\ZCode\\.tmp\\z1-native-1790566888278-3b5c94\\workspace-u2-scan","C:\\Users\\USER\\Desktop\\Personal\\ZCode\\.tmp\\z1-native-1790566888278-3b5c94\\workspace"],"locale":"zh-CN","localePreference":"en-US","terminalInheritSystemProfile":true,"embeddedBrowserAllowInsecureCertificates":false,"embeddedBrowserViewportPreference":{"mode":"normal","viewport":{"width":393,"height":852},"zoom":"fit"},"computerUseComposerEntryHidden":true,"taskAutoArchiveEnabled":false,"taskAutoArchiveOlderThanDays":7,"closeToTrayOnWindows":false,"closeToTrayOnWindowsMigrationInitialized":true,"keepAwakeWhileRunning":false,"desktopWindowSize":{"width":1920,"height":1080,"maximized":false},"desktopChromiumHardwareAccelerationEnabled":true,"messageStreamShowReasoning":true,"messageStreamShowReasoningMigrationInitialized":true,"messageStreamShowTodos":false,"toolGroupingExploreEnabled":true,"toolGroupingTerminalEnabled":true,"toolGroupingChangesEnabled":false,"zcodeInteractionBehavior":"queue","askUserQuestionAutoResolutionEnabled":false,"modelIoFullRetentionEnabled":false,"startPlanRecommendationDismissed":false,"providerFamilyConnectionSelections":{},"providerFamilyDomain":"zai","providerFamilyDomainMigrated":true,"nativeSearchEnhancementsEnabled":true,"memoryEnabled":false,"lastWorkspaceSession":[{"kind":"local","workspacePath":"C:\\Users\\USER\\Desktop\\Personal\\ZCode\\.tmp\\z1-native-1790566888278-3b5c94\\workspace-u2-scan","workspacePurpose":"project"},{"kind":"local","workspacePath":"C:\\Users\\USER\\Desktop\\Personal\\ZCode\\.tmp\\z1-native-1790566888278-3b5c94\\workspace","workspacePurpose":"project"},{"kind":"local","workspacePath":"C:\\Users\\USER\\Desktop\\Personal\\ZCode\\.tmp\\z1-native-1790566888278-3b5c94\\data\\.zcode\\workspace\\default","workspacePurpose":"conversation"}],"lastActiveTabIndex":1,"receivePreviewUpdates":false,"autoDownloadAndInstallUpdates":false,"skippedElectronUpdateVersions":{},"settingsSyncFirstRunPromptHandled":true}
[2026-09-28 11:41:53.847] [pid:41472] [main] [host-log] (local-1) [host] [2026-09-28 11:41:53.847] [pid:16460] [settingService] writing settings to: C:\Users\USER\Desktop\Personal\ZCode\.tmp\z1-native-1790566888278-3b5c94\home\.zcode\v2\setting.json {"recentProjects":["C:\\Users\\USER\\Desktop\\Personal\\ZCode\\.tmp\\z1-native-1790566888278-3b5c94\\workspace-u2-scan","C:\\Users\\USER\\Desktop\\Personal\\ZCode\\.tmp\\z1-native-1790566888278-3b5c94\\workspace"],"locale":"zh-CN","localePreference":"en-US","terminalInheritSystemProfile":true,"embeddedBrowserAllowInsecureCertificates":false,"embeddedBrowserViewportPreference":{"mode":"normal","viewport":{"width":393,"height":852},"zoom":"fit"},"computerUseComposerEntryHidden":true,"taskAutoArchiveEnabled":false,"taskAutoArchiveOlderThanDays":7,"closeToTrayOnWindows":false,"closeToTrayOnWindowsMigrationInitialized":true,"keepAwakeWhileRunning":false,"desktopWindowSize":{"width":1920,"height":1080,"maximized":false},"desktopChromiumHardwareAccelerationEnabled":true,"messageStreamShowReasoning":true,"messageStreamShowReasoningMigrationInitialized":true,"messageStreamShowTodos":false,"toolGroupingExploreEnabled":true,"toolGroupingTerminalEnabled":true,"toolGroupingChangesEnabled":false,"zcodeInteractionBehavior":"queue","askUserQuestionAutoResolutionEnabled":false,"modelIoFullRetentionEnabled":false,"startPlanRecommendationDismissed":false,"providerFamilyConnectionSelections":{},"providerFamilyDomain":"zai","providerFamilyDomainMigrated":true,"nativeSearchEnhancementsEnabled":true,"memoryEnabled":false,"lastWorkspaceSession":[{"kind":"local","workspacePath":"C:\\Users\\USER\\Desktop\\Personal\\ZCode\\.tmp\\z1-native-1790566888278-3b5c94\\workspace-u2-scan","workspacePurpose":"project"},{"kind":"local","workspacePath":"C:\\Users\\USER\\Desktop\\Personal\\ZCode\\.tmp\\z1-native-1790566888278-3b5c94\\workspace","workspacePurpose":"project"},{"kind":"local","workspacePath":"C:\\Users\\USER\\Desktop\\Personal\\ZCode\\.tmp\\z1-native-1790566888278-3b5c94\\data\\.zcode\\workspace\\default","workspacePurpose":"conversation"}],"lastActiveTabIndex":1,"receivePreviewUpdates":false,"autoDownloadAndInstallUpdates":false,"skippedElectronUpdateVersions":{},"settingsSyncFirstRunPromptHandled":true}
[Z1 child] [2026-09-28 11:41:53.854] [pid:16460] [zcode-host] [rpc:call] onboarding-record.getLatestEntry OK (21.5ms)
[2026-09-28 11:41:53.854] [pid:41472] [main] [host-log] (local-1) [host] [2026-09-28 11:41:53.854] [pid:16460] [zcode-host] [rpc:call] onboarding-record.getLatestEntry OK (21.5ms)
[Z1 child] [2026-09-28 11:41:53.869] [pid:16460] [zcode-host] [rpc:call] onboarding-record.shouldOnboard OK (35.3ms)
[2026-09-28 11:41:53.869] [pid:41472] [main] [host-log] (local-1) [host] [2026-09-28 11:41:53.869] [pid:16460] [zcode-host] [rpc:call] onboarding-record.shouldOnboard OK (35.3ms)
[Z1 child] [2026-09-28 11:41:53.878] [pid:16460] [settingService] write done
[2026-09-28 11:41:53.878] [pid:41472] [main] [host-log] (local-1) [host] [2026-09-28 11:41:53.878] [pid:16460] [settingService] write done
[2026-09-28 11:41:53.879] [pid:41472] [main] [host-log] (local-1) [host] [2026-09-28 11:41:53.879] [pid:16460] [zcode-host] [rpc:call] setting.update OK (49.4ms)
[Z1 child] [2026-09-28 11:41:53.879] [pid:16460] [settingService] reading settings from: C:\Users\USER\Desktop\Personal\ZCode\.tmp\z1-native-1790566888278-3b5c94\home\.zcode\v2\setting.json
[2026-09-28 11:41:53.879] [pid:16460] [settingService] reading settings from: C:\Users\USER\Desktop\Personal\ZCode\.tmp\z1-native-1790566888278-3b5c94\home\.zcode\v2\setting.json
[2026-09-28 11:41:53.879] [pid:16460] [settingService] reading settings from: C:\Users\USER\Desktop\Personal\ZCode\.tmp\z1-native-1790566888278-3b5c94\home\.zcode\v2\setting.json
[2026-09-28 11:41:53.879] [pid:16460] [zcode-host] [rpc:call] setting.update OK (49.4ms)
[Z1 child] [2026-09-28 11:41:53.881] [pid:16460] [settingService] read result: {"recentProjects":["C:\\Users\\USER\\Desktop\\Personal\\ZCode\\.tmp\\z1-native-1790566888278-3b5c94\\workspace-u2-scan","C:\\Users\\USER\\Desktop\\Personal\\ZCode\\.tmp\\z1-native-1790566888278-3b5c94\\workspace"],"locale":"zh-CN","localePreference":"en-US","terminalInheritSystemProfile":true,"embeddedBrowserAllowInsecureCertificates":false,"embeddedBrowserViewportPreference":{"mode":"normal","viewport":{"width":393,"height":852},"zoom":"fit"},"computerUseComposerEntryHidden":true,"taskAutoArchiveEnabled":false,"taskAutoArchiveOlderThanDays":7,"closeToTrayOnWindows":false,"closeToTrayOnWindowsMigrationInitialized":true,"keepAwakeWhileRunning":false,"desktopWindowSize":{"width":1920,"height":1080,"maximized":false},"desktopChromiumHardwareAccelerationEnabled":true,"messageStreamShowReasoning":true,"messageStreamShowReasoningMigrationInitialized":true,"messageStreamShowTodos":false,"toolGroupingExploreEnabled":true,"toolGroupingTerminalEnabled":true,"toolGroupingChangesEnabled":false,"zcodeInteractionBehavior":"queue","askUserQuestionAutoResolutionEnabled":false,"modelIoFullRetentionEnabled":false,"startPlanRecommendationDismissed":false,"providerFamilyConnectionSelections":{},"providerFamilyDomain":"zai","providerFamilyDomainMigrated":true,"nativeSearchEnhancementsEnabled":true,"memoryEnabled":false,"lastWorkspaceSession":[{"kind":"local","workspacePath":"C:\\Users\\USER\\Desktop\\Personal\\ZCode\\.tmp\\z1-native-1790566888278-3b5c94\\workspace-u2-scan","workspacePurpose":"project"},{"kind":"local","workspacePath":"C:\\Users\\USER\\Desktop\\Personal\\ZCode\\.tmp\\z1-native-1790566888278-3b5c94\\workspace","workspacePurpose":"project"},{"kind":"local","workspacePath":"C:\\Users\\USER\\Desktop\\Personal\\ZCode\\.tmp\\z1-native-1790566888278-3b5c94\\data\\.zcode\\workspace\\default","workspacePurpose":"conversation"}],"lastActiveTabIndex":1,"receivePreviewUpdates":false,"autoDownloadAndInstallUpdates":false,"skippedElectronUpdateVersions":{},"settingsSyncFirstRunPromptHandled":true}
[Z1 child] [2026-09-28 11:41:53.881] [pid:16460] [node-api-client] zcode endpoint request headers prepared {
  headerKeys: [
    'http-referer',
    'user-agent',
    'x-client-language',
    'x-client-timezone',
    'x-device-mid',
    'x-os-category',
    'x-os-version',
    'x-platform',
    'x-release-channel',
    'x-request-id',
    'x-title',
    'x-zcode-app-version'
  ],
  method: 'GET',
  url: 'http://127.0.0.1:50479/api/v1/client/configs?app_version=3.14.0&platform=windows-x86_64'
}
[Z1 child] [2026-09-28 11:41:53.882] [pid:16460] [settingService] read result: {"recentProjects":["C:\\Users\\USER\\Desktop\\Personal\\ZCode\\.tmp\\z1-native-1790566888278-3b5c94\\workspace-u2-scan","C:\\Users\\USER\\Desktop\\Personal\\ZCode\\.tmp\\z1-native-1790566888278-3b5c94\\workspace"],"locale":"zh-CN","localePreference":"en-US","terminalInheritSystemProfile":true,"embeddedBrowserAllowInsecureCertificates":false,"embeddedBrowserViewportPreference":{"mode":"normal","viewport":{"width":393,"height":852},"zoom":"fit"},"computerUseComposerEntryHidden":true,"taskAutoArchiveEnabled":false,"taskAutoArchiveOlderThanDays":7,"closeToTrayOnWindows":false,"closeToTrayOnWindowsMigrationInitialized":true,"keepAwakeWhileRunning":false,"desktopWindowSize":{"width":1920,"height":1080,"maximized":false},"desktopChromiumHardwareAccelerationEnabled":true,"messageStreamShowReasoning":true,"messageStreamShowReasoningMigrationInitialized":true,"messageStreamShowTodos":false,"toolGroupingExploreEnabled":true,"toolGroupingTerminalEnabled":true,"toolGroupingChangesEnabled":false,"zcodeInteractionBehavior":"queue","askUserQuestionAutoResolutionEnabled":false,"modelIoFullRetentionEnabled":false,"startPlanRecommendationDismissed":false,"providerFamilyConnectionSelections":{},"providerFamilyDomain":"zai","providerFamilyDomainMigrated":true,"nativeSearchEnhancementsEnabled":true,"memoryEnabled":false,"lastWorkspaceSession":[{"kind":"local","workspacePath":"C:\\Users\\USER\\Desktop\\Personal\\ZCode\\.tmp\\z1-native-1790566888278-3b5c94\\workspace-u2-scan","workspacePurpose":"project"},{"kind":"local","workspacePath":"C:\\Users\\USER\\Desktop\\Personal\\ZCode\\.tmp\\z1-native-1790566888278-3b5c94\\workspace","workspacePurpose":"project"},{"kind":"local","workspacePath":"C:\\Users\\USER\\Desktop\\Personal\\ZCode\\.tmp\\z1-native-1790566888278-3b5c94\\data\\.zcode\\workspace\\default","workspacePurpose":"conversation"}],"lastActiveTabIndex":1,"receivePreviewUpdates":false,"autoDownloadAndInstallUpdates":false,"skippedElectronUpdateVersions":{},"settingsSyncFirstRunPromptHandled":true}
[2026-09-28 11:41:53.882] [pid:16460] [zcode-host] [rpc:call] setting.get OK (49.5ms)
[2026-09-28 11:41:53.882] [pid:41472] [main] [host-log] (local-1) [host] [2026-09-28 11:41:53.882] [pid:16460] [zcode-host] [rpc:call] setting.get OK (49.5ms)
[Z1 child] [2026-09-28 11:41:53.882] [pid:16460] [settingService] read result: {"recentProjects":["C:\\Users\\USER\\Desktop\\Personal\\ZCode\\.tmp\\z1-native-1790566888278-3b5c94\\workspace-u2-scan","C:\\Users\\USER\\Desktop\\Personal\\ZCode\\.tmp\\z1-native-1790566888278-3b5c94\\workspace"],"locale":"zh-CN","localePreference":"en-US","terminalInheritSystemProfile":true,"embeddedBrowserAllowInsecureCertificates":false,"embeddedBrowserViewportPreference":{"mode":"normal","viewport":{"width":393,"height":852},"zoom":"fit"},"computerUseComposerEntryHidden":true,"taskAutoArchiveEnabled":false,"taskAutoArchiveOlderThanDays":7,"closeToTrayOnWindows":false,"closeToTrayOnWindowsMigrationInitialized":true,"keepAwakeWhileRunning":false,"desktopWindowSize":{"width":1920,"height":1080,"maximized":false},"desktopChromiumHardwareAccelerationEnabled":true,"messageStreamShowReasoning":true,"messageStreamShowReasoningMigrationInitialized":true,"messageStreamShowTodos":false,"toolGroupingExploreEnabled":true,"toolGroupingTerminalEnabled":true,"toolGroupingChangesEnabled":false,"zcodeInteractionBehavior":"queue","askUserQuestionAutoResolutionEnabled":false,"modelIoFullRetentionEnabled":false,"startPlanRecommendationDismissed":false,"providerFamilyConnectionSelections":{},"providerFamilyDomain":"zai","providerFamilyDomainMigrated":true,"nativeSearchEnhancementsEnabled":true,"memoryEnabled":false,"lastWorkspaceSession":[{"kind":"local","workspacePath":"C:\\Users\\USER\\Desktop\\Personal\\ZCode\\.tmp\\z1-native-1790566888278-3b5c94\\workspace-u2-scan","workspacePurpose":"project"},{"kind":"local","workspacePath":"C:\\Users\\USER\\Desktop\\Personal\\ZCode\\.tmp\\z1-native-1790566888278-3b5c94\\workspace","workspacePurpose":"project"},{"kind":"local","workspacePath":"C:\\Users\\USER\\Desktop\\Personal\\ZCode\\.tmp\\z1-native-1790566888278-3b5c94\\data\\.zcode\\workspace\\default","workspacePurpose":"conversation"}],"lastActiveTabIndex":1,"receivePreviewUpdates":false,"autoDownloadAndInstallUpdates":false,"skippedElectronUpdateVersions":{},"settingsSyncFirstRunPromptHandled":true}
[Z1 child] [2026-09-28 11:41:53.885] [pid:16460] [settingService] reading settings from: C:\Users\USER\Desktop\Personal\ZCode\.tmp\z1-native-1790566888278-3b5c94\home\.zcode\v2\setting.json
[Z1 child] [2026-09-28 11:41:53.886] [pid:16460] [settingService] read result: {"recentProjects":["C:\\Users\\USER\\Desktop\\Personal\\ZCode\\.tmp\\z1-native-1790566888278-3b5c94\\workspace-u2-scan","C:\\Users\\USER\\Desktop\\Personal\\ZCode\\.tmp\\z1-native-1790566888278-3b5c94\\workspace"],"locale":"zh-CN","localePreference":"en-US","terminalInheritSystemProfile":true,"embeddedBrowserAllowInsecureCertificates":false,"embeddedBrowserViewportPreference":{"mode":"normal","viewport":{"width":393,"height":852},"zoom":"fit"},"computerUseComposerEntryHidden":true,"taskAutoArchiveEnabled":false,"taskAutoArchiveOlderThanDays":7,"closeToTrayOnWindows":false,"closeToTrayOnWindowsMigrationInitialized":true,"keepAwakeWhileRunning":false,"desktopWindowSize":{"width":1920,"height":1080,"maximized":false},"desktopChromiumHardwareAccelerationEnabled":true,"messageStreamShowReasoning":true,"messageStreamShowReasoningMigrationInitialized":true,"messageStreamShowTodos":false,"toolGroupingExploreEnabled":true,"toolGroupingTerminalEnabled":true,"toolGroupingChangesEnabled":false,"zcodeInteractionBehavior":"queue","askUserQuestionAutoResolutionEnabled":false,"modelIoFullRetentionEnabled":false,"startPlanRecommendationDismissed":false,"providerFamilyConnectionSelections":{},"providerFamilyDomain":"zai","providerFamilyDomainMigrated":true,"nativeSearchEnhancementsEnabled":true,"memoryEnabled":false,"lastWorkspaceSession":[{"kind":"local","workspacePath":"C:\\Users\\USER\\Desktop\\Personal\\ZCode\\.tmp\\z1-native-1790566888278-3b5c94\\workspace-u2-scan","workspacePurpose":"project"},{"kind":"local","workspacePath":"C:\\Users\\USER\\Desktop\\Personal\\ZCode\\.tmp\\z1-native-1790566888278-3b5c94\\workspace","workspacePurpose":"project"},{"kind":"local","workspacePath":"C:\\Users\\USER\\Desktop\\Personal\\ZCode\\.tmp\\z1-native-1790566888278-3b5c94\\data\\.zcode\\workspace\\default","workspacePurpose":"conversation"}],"lastActiveTabIndex":1,"receivePreviewUpdates":false,"autoDownloadAndInstallUpdates":false,"skippedElectronUpdateVersions":{},"settingsSyncFirstRunPromptHandled":true}
[Z1 child] [2026-09-28 11:41:53.886] [pid:16460] [settingService] reading settings from: C:\Users\USER\Desktop\Personal\ZCode\.tmp\z1-native-1790566888278-3b5c94\home\.zcode\v2\setting.json
[Z1 child] [2026-09-28 11:41:53.886] [pid:16460] [settingService] read result: {"recentProjects":["C:\\Users\\USER\\Desktop\\Personal\\ZCode\\.tmp\\z1-native-1790566888278-3b5c94\\workspace-u2-scan","C:\\Users\\USER\\Desktop\\Personal\\ZCode\\.tmp\\z1-native-1790566888278-3b5c94\\workspace"],"locale":"zh-CN","localePreference":"en-US","terminalInheritSystemProfile":true,"embeddedBrowserAllowInsecureCertificates":false,"embeddedBrowserViewportPreference":{"mode":"normal","viewport":{"width":393,"height":852},"zoom":"fit"},"computerUseComposerEntryHidden":true,"taskAutoArchiveEnabled":false,"taskAutoArchiveOlderThanDays":7,"closeToTrayOnWindows":false,"closeToTrayOnWindowsMigrationInitialized":true,"keepAwakeWhileRunning":false,"desktopWindowSize":{"width":1920,"height":1080,"maximized":false},"desktopChromiumHardwareAccelerationEnabled":true,"messageStreamShowReasoning":true,"messageStreamShowReasoningMigrationInitialized":true,"messageStreamShowTodos":false,"toolGroupingExploreEnabled":true,"toolGroupingTerminalEnabled":true,"toolGroupingChangesEnabled":false,"zcodeInteractionBehavior":"queue","askUserQuestionAutoResolutionEnabled":false,"modelIoFullRetentionEnabled":false,"startPlanRecommendationDismissed":false,"providerFamilyConnectionSelections":{},"providerFamilyDomain":"zai","providerFamilyDomainMigrated":true,"nativeSearchEnhancementsEnabled":true,"memoryEnabled":false,"lastWorkspaceSession":[{"kind":"local","workspacePath":"C:\\Users\\USER\\Desktop\\Personal\\ZCode\\.tmp\\z1-native-1790566888278-3b5c94\\workspace-u2-scan","workspacePurpose":"project"},{"kind":"local","workspacePath":"C:\\Users\\USER\\Desktop\\Personal\\ZCode\\.tmp\\z1-native-1790566888278-3b5c94\\workspace","workspacePurpose":"project"},{"kind":"local","workspacePath":"C:\\Users\\USER\\Desktop\\Personal\\ZCode\\.tmp\\z1-native-1790566888278-3b5c94\\data\\.zcode\\workspace\\default","workspacePurpose":"conversation"}],"lastActiveTabIndex":1,"receivePreviewUpdates":false,"autoDownloadAndInstallUpdates":false,"skippedElectronUpdateVersions":{},"settingsSyncFirstRunPromptHandled":true}
[Z1 child] [2026-09-28 11:41:53.887] [pid:16460] [settingService] reading settings from: C:\Users\USER\Desktop\Personal\ZCode\.tmp\z1-native-1790566888278-3b5c94\home\.zcode\v2\setting.json
[Z1 child] [2026-09-28 11:41:53.888] [pid:16460] [settingService] read result: {"recentProjects":["C:\\Users\\USER\\Desktop\\Personal\\ZCode\\.tmp\\z1-native-1790566888278-3b5c94\\workspace-u2-scan","C:\\Users\\USER\\Desktop\\Personal\\ZCode\\.tmp\\z1-native-1790566888278-3b5c94\\workspace"],"locale":"zh-CN","localePreference":"en-US","terminalInheritSystemProfile":true,"embeddedBrowserAllowInsecureCertificates":false,"embeddedBrowserViewportPreference":{"mode":"normal","viewport":{"width":393,"height":852},"zoom":"fit"},"computerUseComposerEntryHidden":true,"taskAutoArchiveEnabled":false,"taskAutoArchiveOlderThanDays":7,"closeToTrayOnWindows":false,"closeToTrayOnWindowsMigrationInitialized":true,"keepAwakeWhileRunning":false,"desktopWindowSize":{"width":1920,"height":1080,"maximized":false},"desktopChromiumHardwareAccelerationEnabled":true,"messageStreamShowReasoning":true,"messageStreamShowReasoningMigrationInitialized":true,"messageStreamShowTodos":false,"toolGroupingExploreEnabled":true,"toolGroupingTerminalEnabled":true,"toolGroupingChangesEnabled":false,"zcodeInteractionBehavior":"queue","askUserQuestionAutoResolutionEnabled":false,"modelIoFullRetentionEnabled":false,"startPlanRecommendationDismissed":false,"providerFamilyConnectionSelections":{},"providerFamilyDomain":"zai","providerFamilyDomainMigrated":true,"nativeSearchEnhancementsEnabled":true,"memoryEnabled":false,"lastWorkspaceSession":[{"kind":"local","workspacePath":"C:\\Users\\USER\\Desktop\\Personal\\ZCode\\.tmp\\z1-native-1790566888278-3b5c94\\workspace-u2-scan","workspacePurpose":"project"},{"kind":"local","workspacePath":"C:\\Users\\USER\\Desktop\\Personal\\ZCode\\.tmp\\z1-native-1790566888278-3b5c94\\workspace","workspacePurpose":"project"},{"kind":"local","workspacePath":"C:\\Users\\USER\\Desktop\\Personal\\ZCode\\.tmp\\z1-native-1790566888278-3b5c94\\data\\.zcode\\workspace\\default","workspacePurpose":"conversation"}],"lastActiveTabIndex":1,"receivePreviewUpdates":false,"autoDownloadAndInstallUpdates":false,"skippedElectronUpdateVersions":{},"settingsSyncFirstRunPromptHandled":true}
[2026-09-28 11:41:53.904] [pid:41472] [renderer] v4 conversation frame upstream attached {
  workspaceKey: 'C:\\Users\\USER\\Desktop\\Personal\\ZCode\\.tmp\\z1-native-1790566888278-3b5c94\\workspace',
  workspacePath: 'C:\\Users\\USER\\Desktop\\Personal\\ZCode\\.tmp\\z1-native-1790566888278-3b5c94\\workspace',
  event: 'v4.conversation.frames.upstream_attached',
  listenerCount: 1,
  module: 'ui.v4.conversation_transport',
  runtimeGeneration: 0,
  status: 'completed'
}
[2026-09-28 11:41:53.905] [pid:41472] [renderer] v4 workspace connection created {
  event: 'v4.workspace_connection.created',
  isRemote: false,
  key: '__base__ C:\\Users\\USER\\Desktop\\Personal\\ZCode\\.tmp\\z1-native-1790566888278-3b5c94\\workspace',
  module: 'ui.v4.workspace_connection_registry',
  refCount: 1,
  serviceGeneration: 1,
  status: 'completed'
}
[Z1 child] [2026-09-28 11:41:53.907] [pid:16460] [zcode-host] [rpc:listen] zcode-agent.onDynamicLocalTtftFacts subscribed
[2026-09-28 11:41:53.907] [pid:41472] [main] [host-log] (local-1) [host] [2026-09-28 11:41:53.907] [pid:16460] [zcode-host] [rpc:listen] zcode-agent.onDynamicLocalTtftFacts subscribed
[2026-09-28 11:41:53.908] [pid:41472] [main] [host-log] (local-1) [host] [2026-09-28 11:41:53.908] [pid:16460] [zcode-host] [rpc:listen] zcode-agent.onDynamicConversationFrame subscribed
[Z1 child] [2026-09-28 11:41:53.908] [pid:16460] [zcode-host] [rpc:listen] zcode-agent.onDynamicConversationFrame subscribed
[Z1 child] [2026-09-28 11:41:53.910] [pid:16460] [provider-config] ZCode Built-in 刷新检查 { result: 'missing' }
[Z1 child] [2026-09-28 11:41:53.910] [pid:16460] [settingService] reading settings from: C:\Users\USER\Desktop\Personal\ZCode\.tmp\z1-native-1790566888278-3b5c94\home\.zcode\v2\setting.json
[Z1 child] [2026-09-28 11:41:53.911] [pid:16460] [settingService] read result: {"recentProjects":["C:\\Users\\USER\\Desktop\\Personal\\ZCode\\.tmp\\z1-native-1790566888278-3b5c94\\workspace-u2-scan","C:\\Users\\USER\\Desktop\\Personal\\ZCode\\.tmp\\z1-native-1790566888278-3b5c94\\workspace"],"locale":"zh-CN","localePreference":"en-US","terminalInheritSystemProfile":true,"embeddedBrowserAllowInsecureCertificates":false,"embeddedBrowserViewportPreference":{"mode":"normal","viewport":{"width":393,"height":852},"zoom":"fit"},"computerUseComposerEntryHidden":true,"taskAutoArchiveEnabled":false,"taskAutoArchiveOlderThanDays":7,"closeToTrayOnWindows":false,"closeToTrayOnWindowsMigrationInitialized":true,"keepAwakeWhileRunning":false,"desktopWindowSize":{"width":1920,"height":1080,"maximized":false},"desktopChromiumHardwareAccelerationEnabled":true,"messageStreamShowReasoning":true,"messageStreamShowReasoningMigrationInitialized":true,"messageStreamShowTodos":false,"toolGroupingExploreEnabled":true,"toolGroupingTerminalEnabled":true,"toolGroupingChangesEnabled":false,"zcodeInteractionBehavior":"queue","askUserQuestionAutoResolutionEnabled":false,"modelIoFullRetentionEnabled":false,"startPlanRecommendationDismissed":false,"providerFamilyConnectionSelections":{},"providerFamilyDomain":"zai","providerFamilyDomainMigrated":true,"nativeSearchEnhancementsEnabled":true,"memoryEnabled":false,"lastWorkspaceSession":[{"kind":"local","workspacePath":"C:\\Users\\USER\\Desktop\\Personal\\ZCode\\.tmp\\z1-native-1790566888278-3b5c94\\workspace-u2-scan","workspacePurpose":"project"},{"kind":"local","workspacePath":"C:\\Users\\USER\\Desktop\\Personal\\ZCode\\.tmp\\z1-native-1790566888278-3b5c94\\workspace","workspacePurpose":"project"},{"kind":"local","workspacePath":"C:\\Users\\USER\\Desktop\\Personal\\ZCode\\.tmp\\z1-native-1790566888278-3b5c94\\data\\.zcode\\workspace\\default","workspacePurpose":"conversation"}],"lastActiveTabIndex":1,"receivePreviewUpdates":false,"autoDownloadAndInstallUpdates":false,"skippedElectronUpdateVersions":{},"settingsSyncFirstRunPromptHandled":true}
[Z1 child] [2026-09-28 11:41:53.925] [pid:16460] [settingService] reading settings from: C:\Users\USER\Desktop\Personal\ZCode\.tmp\z1-native-1790566888278-3b5c94\home\.zcode\v2\setting.json
[Z1 child] [2026-09-28 11:41:53.926] [pid:16460] [settingService] read result: {"recentProjects":["C:\\Users\\USER\\Desktop\\Personal\\ZCode\\.tmp\\z1-native-1790566888278-3b5c94\\workspace-u2-scan","C:\\Users\\USER\\Desktop\\Personal\\ZCode\\.tmp\\z1-native-1790566888278-3b5c94\\workspace"],"locale":"zh-CN","localePreference":"en-US","terminalInheritSystemProfile":true,"embeddedBrowserAllowInsecureCertificates":false,"embeddedBrowserViewportPreference":{"mode":"normal","viewport":{"width":393,"height":852},"zoom":"fit"},"computerUseComposerEntryHidden":true,"taskAutoArchiveEnabled":false,"taskAutoArchiveOlderThanDays":7,"closeToTrayOnWindows":false,"closeToTrayOnWindowsMigrationInitialized":true,"keepAwakeWhileRunning":false,"desktopWindowSize":{"width":1920,"height":1080,"maximized":false},"desktopChromiumHardwareAccelerationEnabled":true,"messageStreamShowReasoning":true,"messageStreamShowReasoningMigrationInitialized":true,"messageStreamShowTodos":false,"toolGroupingExploreEnabled":true,"toolGroupingTerminalEnabled":true,"toolGroupingChangesEnabled":false,"zcodeInteractionBehavior":"queue","askUserQuestionAutoResolutionEnabled":false,"modelIoFullRetentionEnabled":false,"startPlanRecommendationDismissed":false,"providerFamilyConnectionSelections":{},"providerFamilyDomain":"zai","providerFamilyDomainMigrated":true,"nativeSearchEnhancementsEnabled":true,"memoryEnabled":false,"lastWorkspaceSession":[{"kind":"local","workspacePath":"C:\\Users\\USER\\Desktop\\Personal\\ZCode\\.tmp\\z1-native-1790566888278-3b5c94\\workspace-u2-scan","workspacePurpose":"project"},{"kind":"local","workspacePath":"C:\\Users\\USER\\Desktop\\Personal\\ZCode\\.tmp\\z1-native-1790566888278-3b5c94\\workspace","workspacePurpose":"project"},{"kind":"local","workspacePath":"C:\\Users\\USER\\Desktop\\Personal\\ZCode\\.tmp\\z1-native-1790566888278-3b5c94\\data\\.zcode\\workspace\\default","workspacePurpose":"conversation"}],"lastActiveTabIndex":1,"receivePreviewUpdates":false,"autoDownloadAndInstallUpdates":false,"skippedElectronUpdateVersions":{},"settingsSyncFirstRunPromptHandled":true}
[Z1 child] [2026-09-28 11:41:53.926] [pid:16460] [settingService] reading settings from: C:\Users\USER\Desktop\Personal\ZCode\.tmp\z1-native-1790566888278-3b5c94\home\.zcode\v2\setting.json
[Z1 child] [2026-09-28 11:41:53.927] [pid:16460] [settingService] read result: {"recentProjects":["C:\\Users\\USER\\Desktop\\Personal\\ZCode\\.tmp\\z1-native-1790566888278-3b5c94\\workspace-u2-scan","C:\\Users\\USER\\Desktop\\Personal\\ZCode\\.tmp\\z1-native-1790566888278-3b5c94\\workspace"],"locale":"zh-CN","localePreference":"en-US","terminalInheritSystemProfile":true,"embeddedBrowserAllowInsecureCertificates":false,"embeddedBrowserViewportPreference":{"mode":"normal","viewport":{"width":393,"height":852},"zoom":"fit"},"computerUseComposerEntryHidden":true,"taskAutoArchiveEnabled":false,"taskAutoArchiveOlderThanDays":7,"closeToTrayOnWindows":false,"closeToTrayOnWindowsMigrationInitialized":true,"keepAwakeWhileRunning":false,"desktopWindowSize":{"width":1920,"height":1080,"maximized":false},"desktopChromiumHardwareAccelerationEnabled":true,"messageStreamShowReasoning":true,"messageStreamShowReasoningMigrationInitialized":true,"messageStreamShowTodos":false,"toolGroupingExploreEnabled":true,"toolGroupingTerminalEnabled":true,"toolGroupingChangesEnabled":false,"zcodeInteractionBehavior":"queue","askUserQuestionAutoResolutionEnabled":false,"modelIoFullRetentionEnabled":false,"startPlanRecommendationDismissed":false,"providerFamilyConnectionSelections":{},"providerFamilyDomain":"zai","providerFamilyDomainMigrated":true,"nativeSearchEnhancementsEnabled":true,"memoryEnabled":false,"lastWorkspaceSession":[{"kind":"local","workspacePath":"C:\\Users\\USER\\Desktop\\Personal\\ZCode\\.tmp\\z1-native-1790566888278-3b5c94\\workspace-u2-scan","workspacePurpose":"project"},{"kind":"local","workspacePath":"C:\\Users\\USER\\Desktop\\Personal\\ZCode\\.tmp\\z1-native-1790566888278-3b5c94\\workspace","workspacePurpose":"project"},{"kind":"local","workspacePath":"C:\\Users\\USER\\Desktop\\Personal\\ZCode\\.tmp\\z1-native-1790566888278-3b5c94\\data\\.zcode\\workspace\\default","workspacePurpose":"conversation"}],"lastActiveTabIndex":1,"receivePreviewUpdates":false,"autoDownloadAndInstallUpdates":false,"skippedElectronUpdateVersions":{},"settingsSyncFirstRunPromptHandled":true}
[2026-09-28 11:41:53.927] [pid:16460] [settingService] reading settings from: C:\Users\USER\Desktop\Personal\ZCode\.tmp\z1-native-1790566888278-3b5c94\home\.zcode\v2\setting.json
[Z1 child] [2026-09-28 11:41:53.927] [pid:16460] [settingService] read result: {"recentProjects":["C:\\Users\\USER\\Desktop\\Personal\\ZCode\\.tmp\\z1-native-1790566888278-3b5c94\\workspace-u2-scan","C:\\Users\\USER\\Desktop\\Personal\\ZCode\\.tmp\\z1-native-1790566888278-3b5c94\\workspace"],"locale":"zh-CN","localePreference":"en-US","terminalInheritSystemProfile":true,"embeddedBrowserAllowInsecureCertificates":false,"embeddedBrowserViewportPreference":{"mode":"normal","viewport":{"width":393,"height":852},"zoom":"fit"},"computerUseComposerEntryHidden":true,"taskAutoArchiveEnabled":false,"taskAutoArchiveOlderThanDays":7,"closeToTrayOnWindows":false,"closeToTrayOnWindowsMigrationInitialized":true,"keepAwakeWhileRunning":false,"desktopWindowSize":{"width":1920,"height":1080,"maximized":false},"desktopChromiumHardwareAccelerationEnabled":true,"messageStreamShowReasoning":true,"messageStreamShowReasoningMigrationInitialized":true,"messageStreamShowTodos":false,"toolGroupingExploreEnabled":true,"toolGroupingTerminalEnabled":true,"toolGroupingChangesEnabled":false,"zcodeInteractionBehavior":"queue","askUserQuestionAutoResolutionEnabled":false,"modelIoFullRetentionEnabled":false,"startPlanRecommendationDismissed":false,"providerFamilyConnectionSelections":{},"providerFamilyDomain":"zai","providerFamilyDomainMigrated":true,"nativeSearchEnhancementsEnabled":true,"memoryEnabled":false,"lastWorkspaceSession":[{"kind":"local","workspacePath":"C:\\Users\\USER\\Desktop\\Personal\\ZCode\\.tmp\\z1-native-1790566888278-3b5c94\\workspace-u2-scan","workspacePurpose":"project"},{"kind":"local","workspacePath":"C:\\Users\\USER\\Desktop\\Personal\\ZCode\\.tmp\\z1-native-1790566888278-3b5c94\\workspace","workspacePurpose":"project"},{"kind":"local","workspacePath":"C:\\Users\\USER\\Desktop\\Personal\\ZCode\\.tmp\\z1-native-1790566888278-3b5c94\\data\\.zcode\\workspace\\default","workspacePurpose":"conversation"}],"lastActiveTabIndex":1,"receivePreviewUpdates":false,"autoDownloadAndInstallUpdates":false,"skippedElectronUpdateVersions":{},"settingsSyncFirstRunPromptHandled":true}
[Z1 child] [2026-09-28 11:41:53.940] [pid:16460] [settingService] reading settings from: C:\Users\USER\Desktop\Personal\ZCode\.tmp\z1-native-1790566888278-3b5c94\home\.zcode\v2\setting.json
[Z1 child] [2026-09-28 11:41:53.941] [pid:16460] [settingService] read result: {"recentProjects":["C:\\Users\\USER\\Desktop\\Personal\\ZCode\\.tmp\\z1-native-1790566888278-3b5c94\\workspace-u2-scan","C:\\Users\\USER\\Desktop\\Personal\\ZCode\\.tmp\\z1-native-1790566888278-3b5c94\\workspace"],"locale":"zh-CN","localePreference":"en-US","terminalInheritSystemProfile":true,"embeddedBrowserAllowInsecureCertificates":false,"embeddedBrowserViewportPreference":{"mode":"normal","viewport":{"width":393,"height":852},"zoom":"fit"},"computerUseComposerEntryHidden":true,"taskAutoArchiveEnabled":false,"taskAutoArchiveOlderThanDays":7,"closeToTrayOnWindows":false,"closeToTrayOnWindowsMigrationInitialized":true,"keepAwakeWhileRunning":false,"desktopWindowSize":{"width":1920,"height":1080,"maximized":false},"desktopChromiumHardwareAccelerationEnabled":true,"messageStreamShowReasoning":true,"messageStreamShowReasoningMigrationInitialized":true,"messageStreamShowTodos":false,"toolGroupingExploreEnabled":true,"toolGroupingTerminalEnabled":true,"toolGroupingChangesEnabled":false,"zcodeInteractionBehavior":"queue","askUserQuestionAutoResolutionEnabled":false,"modelIoFullRetentionEnabled":false,"startPlanRecommendationDismissed":false,"providerFamilyConnectionSelections":{},"providerFamilyDomain":"zai","providerFamilyDomainMigrated":true,"nativeSearchEnhancementsEnabled":true,"memoryEnabled":false,"lastWorkspaceSession":[{"kind":"local","workspacePath":"C:\\Users\\USER\\Desktop\\Personal\\ZCode\\.tmp\\z1-native-1790566888278-3b5c94\\workspace-u2-scan","workspacePurpose":"project"},{"kind":"local","workspacePath":"C:\\Users\\USER\\Desktop\\Personal\\ZCode\\.tmp\\z1-native-1790566888278-3b5c94\\workspace","workspacePurpose":"project"},{"kind":"local","workspacePath":"C:\\Users\\USER\\Desktop\\Personal\\ZCode\\.tmp\\z1-native-1790566888278-3b5c94\\data\\.zcode\\workspace\\default","workspacePurpose":"conversation"}],"lastActiveTabIndex":1,"receivePreviewUpdates":false,"autoDownloadAndInstallUpdates":false,"skippedElectronUpdateVersions":{},"settingsSyncFirstRunPromptHandled":true}
[Z1 child] [2026-09-28 11:41:53.952] [pid:16460] [settingService] reading settings from: C:\Users\USER\Desktop\Personal\ZCode\.tmp\z1-native-1790566888278-3b5c94\home\.zcode\v2\setting.json
[Z1 child] [2026-09-28 11:41:53.953] [pid:16460] [settingService] read result: {"recentProjects":["C:\\Users\\USER\\Desktop\\Personal\\ZCode\\.tmp\\z1-native-1790566888278-3b5c94\\workspace-u2-scan","C:\\Users\\USER\\Desktop\\Personal\\ZCode\\.tmp\\z1-native-1790566888278-3b5c94\\workspace"],"locale":"zh-CN","localePreference":"en-US","terminalInheritSystemProfile":true,"embeddedBrowserAllowInsecureCertificates":false,"embeddedBrowserViewportPreference":{"mode":"normal","viewport":{"width":393,"height":852},"zoom":"fit"},"computerUseComposerEntryHidden":true,"taskAutoArchiveEnabled":false,"taskAutoArchiveOlderThanDays":7,"closeToTrayOnWindows":false,"closeToTrayOnWindowsMigrationInitialized":true,"keepAwakeWhileRunning":false,"desktopWindowSize":{"width":1920,"height":1080,"maximized":false},"desktopChromiumHardwareAccelerationEnabled":true,"messageStreamShowReasoning":true,"messageStreamShowReasoningMigrationInitialized":true,"messageStreamShowTodos":false,"toolGroupingExploreEnabled":true,"toolGroupingTerminalEnabled":true,"toolGroupingChangesEnabled":false,"zcodeInteractionBehavior":"queue","askUserQuestionAutoResolutionEnabled":false,"modelIoFullRetentionEnabled":false,"startPlanRecommendationDismissed":false,"providerFamilyConnectionSelections":{},"providerFamilyDomain":"zai","providerFamilyDomainMigrated":true,"nativeSearchEnhancementsEnabled":true,"memoryEnabled":false,"lastWorkspaceSession":[{"kind":"local","workspacePath":"C:\\Users\\USER\\Desktop\\Personal\\ZCode\\.tmp\\z1-native-1790566888278-3b5c94\\workspace-u2-scan","workspacePurpose":"project"},{"kind":"local","workspacePath":"C:\\Users\\USER\\Desktop\\Personal\\ZCode\\.tmp\\z1-native-1790566888278-3b5c94\\workspace","workspacePurpose":"project"},{"kind":"local","workspacePath":"C:\\Users\\USER\\Desktop\\Personal\\ZCode\\.tmp\\z1-native-1790566888278-3b5c94\\data\\.zcode\\workspace\\default","workspacePurpose":"conversation"}],"lastActiveTabIndex":1,"receivePreviewUpdates":false,"autoDownloadAndInstallUpdates":false,"skippedElectronUpdateVersions":{},"settingsSyncFirstRunPromptHandled":true}
[Z1 child] [2026-09-28 11:41:53.956] [pid:16460] [settingService] reading settings from: C:\Users\USER\Desktop\Personal\ZCode\.tmp\z1-native-1790566888278-3b5c94\home\.zcode\v2\setting.json
[Z1 child] [2026-09-28 11:41:53.957] [pid:16460] [settingService] read result: {"recentProjects":["C:\\Users\\USER\\Desktop\\Personal\\ZCode\\.tmp\\z1-native-1790566888278-3b5c94\\workspace-u2-scan","C:\\Users\\USER\\Desktop\\Personal\\ZCode\\.tmp\\z1-native-1790566888278-3b5c94\\workspace"],"locale":"zh-CN","localePreference":"en-US","terminalInheritSystemProfile":true,"embeddedBrowserAllowInsecureCertificates":false,"embeddedBrowserViewportPreference":{"mode":"normal","viewport":{"width":393,"height":852},"zoom":"fit"},"computerUseComposerEntryHidden":true,"taskAutoArchiveEnabled":false,"taskAutoArchiveOlderThanDays":7,"closeToTrayOnWindows":false,"closeToTrayOnWindowsMigrationInitialized":true,"keepAwakeWhileRunning":false,"desktopWindowSize":{"width":1920,"height":1080,"maximized":false},"desktopChromiumHardwareAccelerationEnabled":true,"messageStreamShowReasoning":true,"messageStreamShowReasoningMigrationInitialized":true,"messageStreamShowTodos":false,"toolGroupingExploreEnabled":true,"toolGroupingTerminalEnabled":true,"toolGroupingChangesEnabled":false,"zcodeInteractionBehavior":"queue","askUserQuestionAutoResolutionEnabled":false,"modelIoFullRetentionEnabled":false,"startPlanRecommendationDismissed":false,"providerFamilyConnectionSelections":{},"providerFamilyDomain":"zai","providerFamilyDomainMigrated":true,"nativeSearchEnhancementsEnabled":true,"memoryEnabled":false,"lastWorkspaceSession":[{"kind":"local","workspacePath":"C:\\Users\\USER\\Desktop\\Personal\\ZCode\\.tmp\\z1-native-1790566888278-3b5c94\\workspace-u2-scan","workspacePurpose":"project"},{"kind":"local","workspacePath":"C:\\Users\\USER\\Desktop\\Personal\\ZCode\\.tmp\\z1-native-1790566888278-3b5c94\\workspace","workspacePurpose":"project"},{"kind":"local","workspacePath":"C:\\Users\\USER\\Desktop\\Personal\\ZCode\\.tmp\\z1-native-1790566888278-3b5c94\\data\\.zcode\\workspace\\default","workspacePurpose":"conversation"}],"lastActiveTabIndex":1,"receivePreviewUpdates":false,"autoDownloadAndInstallUpdates":false,"skippedElectronUpdateVersions":{},"settingsSyncFirstRunPromptHandled":true}
[Z1 child] [2026-09-28 11:41:53.958] [pid:16460] [node-api-client] zcode endpoint request headers prepared {
  headerKeys: [
    'http-referer',
    'user-agent',
    'x-client-language',
    'x-client-timezone',
    'x-device-mid',
    'x-os-category',
    'x-os-version',
    'x-platform',
    'x-release-channel',
    'x-request-id',
    'x-title',
    'x-zcode-app-version'
  ],
  method: 'GET',
  url: 'http://127.0.0.1:50479/api/v1/client/scenes'
}
[Z1 child] [2026-09-28 11:41:53.959] [pid:16460] [zcode-host] [rpc:listen] window-controller.onDynamicControllerFrame subscribed
[2026-09-28 11:41:53.959] [pid:41472] [main] [host-log] (local-1) [host] [2026-09-28 11:41:53.959] [pid:16460] [zcode-host] [rpc:listen] window-controller.onDynamicControllerFrame subscribed
[2026-09-28 11:41:53.960] [pid:41472] [main] [host-log] (local-1) [host] [2026-09-28 11:41:53.960] [pid:16460] [zcode-host] [rpc:call] window-controller.subscribeControllerV4 OK (0.2ms)
[2026-09-28 11:41:53.961] [pid:41472] [main] [host-log] (local-1) [host] [2026-09-28 11:41:53.960] [pid:16460] [zcode-host] [rpc:call] window-controller.subscribeControllerV4 OK (0.1ms)
[Z1 child] [2026-09-28 11:41:53.960] [pid:16460] [zcode-host] [rpc:call] window-controller.subscribeControllerV4 OK (0.2ms)
[2026-09-28 11:41:53.960] [pid:16460] [zcode-host] [rpc:call] window-controller.subscribeControllerV4 OK (0.1ms)
[2026-09-28 11:41:53.962] [pid:16460] [zcode-host] [rpc:call] client-scenes.list OK (6.0ms)
[2026-09-28 11:41:53.962] [pid:16460] [zcode-host] [rpc:listen] zcode-agent.onDynamicSessionsIndexFrame subscribed
[2026-09-28 11:41:53.962] [pid:41472] [main] [host-log] (local-1) [host] [2026-09-28 11:41:53.962] [pid:16460] [zcode-host] [rpc:call] client-scenes.list OK (6.0ms)
[Z1 child] [2026-09-28 11:41:53.962] [pid:16460] [zcode-host] [rpc:listen] zcode-agent.onAgentRuntimeLifecycle subscribed
[2026-09-28 11:41:53.962] [pid:16460] [zcode-host] [rpc:call] zcode-agent.helloConversationV4 OK (0.1ms)
[2026-09-28 11:41:53.963] [pid:16460] [zcode-host] [rpc:listen] zcode-agent.onDynamicSessionsIndexFrame subscribed
[2026-09-28 11:41:53.963] [pid:16460] [zcode-host] [rpc:listen] zcode-agent.onAgentRuntimeLifecycle subscribed
[2026-09-28 11:41:53.963] [pid:41472] [main] [host-log] (local-1) [host] [2026-09-28 11:41:53.962] [pid:16460] [zcode-host] [rpc:listen] zcode-agent.onDynamicSessionsIndexFrame subscribed
[2026-09-28 11:41:53.964] [pid:41472] [main] [host-log] (local-1) [host] [2026-09-28 11:41:53.962] [pid:16460] [zcode-host] [rpc:listen] zcode-agent.onAgentRuntimeLifecycle subscribed
[2026-09-28 11:41:53.964] [pid:41472] [main] [host-log] (local-1) [host] [2026-09-28 11:41:53.962] [pid:16460] [zcode-host] [rpc:call] zcode-agent.helloConversationV4 OK (0.1ms)
[2026-09-28 11:41:53.965] [pid:41472] [main] [host-log] (local-1) [host] [2026-09-28 11:41:53.963] [pid:16460] [zcode-host] [rpc:listen] zcode-agent.onDynamicSessionsIndexFrame subscribed
[2026-09-28 11:41:53.966] [pid:41472] [main] [host-log] (local-1) [host] [2026-09-28 11:41:53.963] [pid:16460] [zcode-host] [rpc:listen] zcode-agent.onAgentRuntimeLifecycle subscribed
[2026-09-28 11:41:53.977] [pid:41472] [main] [host-log] (local-1) [host] [2026-09-28 11:41:53.976] [pid:16460] [zcode-host] [rpc:call] window-controller.listTaskList OK (14.4ms)
[2026-09-28 11:41:53.977] [pid:41472] [main] [host-log] (local-1) [host] [2026-09-28 11:41:53.976] [pid:16460] [zcode-host] [rpc:call] zcode-task.listPinnedTaskIds OK (0.2ms)
[2026-09-28 11:41:53.978] [pid:41472] [main] [host-log] (local-1) [host] [2026-09-28 11:41:53.976] [pid:16460] [zcode-host] [rpc:call] zcode-task.listArchivedTasks OK (0.1ms)
[2026-09-28 11:41:53.979] [pid:41472] [main] [host-log] (local-1) [host] [2026-09-28 11:41:53.977] [pid:16460] [zcode-host] [rpc:call] zcode-task.listTasks OK (0.1ms)
[2026-09-28 11:41:53.980] [pid:41472] [main] [host-log] (local-1) [host] [2026-09-28 11:41:53.977] [pid:16460] [zcode-host] [rpc:call] zcode-task.listPinnedTasks OK (0.1ms)
[2026-09-28 11:41:53.980] [pid:41472] [main] [host-log] (local-1) [host] [2026-09-28 11:41:53.977] [pid:16460] [zcode-host] [rpc:call] zcode-task.listDeletedTaskIds OK (0.1ms)
[2026-09-28 11:41:53.981] [pid:41472] [main] [host-log] (local-1) [host] [2026-09-28 11:41:53.977] [pid:16460] [zcode-host] [rpc:listen] zcode-task.onDynamicWorkspaceEvent subscribed
[2026-09-28 11:41:53.982] [pid:41472] [main] [host-log] (local-1) [host] [2026-09-28 11:41:53.977] [pid:16460] [zcode-host] [rpc:listen] zcode-task.onDynamicWorkspaceEvent subscribed
[Z1 child] [2026-09-28 11:41:53.976] [pid:16460] [zcode-host] [rpc:call] window-controller.listTaskList OK (14.4ms)
[2026-09-28 11:41:53.976] [pid:16460] [zcode-host] [rpc:call] zcode-task.listPinnedTaskIds OK (0.2ms)
[2026-09-28 11:41:53.976] [pid:16460] [zcode-host] [rpc:call] zcode-task.listArchivedTasks OK (0.1ms)
[2026-09-28 11:41:53.977] [pid:16460] [zcode-host] [rpc:call] zcode-task.listTasks OK (0.1ms)
[2026-09-28 11:41:53.977] [pid:16460] [zcode-host] [rpc:call] zcode-task.listPinnedTasks OK (0.1ms)
[2026-09-28 11:41:53.977] [pid:16460] [zcode-host] [rpc:call] zcode-task.listDeletedTaskIds OK (0.1ms)
[2026-09-28 11:41:53.977] [pid:16460] [zcode-host] [rpc:listen] zcode-task.onDynamicWorkspaceEvent subscribed
[2026-09-28 11:41:53.977] [pid:16460] [zcode-host] [rpc:listen] zcode-task.onDynamicWorkspaceEvent subscribed
[2026-09-28 11:41:53.978] [pid:16460] [zcode-host] [rpc:listen] zcode-agent.onAgentRuntimeLifecycle subscribed
[2026-09-28 11:41:53.978] [pid:16460] [zcode-host] [rpc:call] system.info OK (0.0ms)
[2026-09-28 11:41:53.978] [pid:16460] [zcode-host] [rpc:listen] model-selection.onDidChange subscribed
[2026-09-28 11:41:53.978] [pid:16460] [zcode-host] [rpc:listen] model-selection.onDidChange subscribed
[2026-09-28 11:41:53.978] [pid:16460] [zcode-host] [rpc:listen] zcode-agent.onDynamicConversationTelemetryFact subscribed
[2026-09-28 11:41:53.978] [pid:16460] [zcode-host] [rpc:call] off-peak-task.list OK (0.2ms)
[2026-09-28 11:41:53.983] [pid:41472] [main] [host-log] (local-1) [host] [2026-09-28 11:41:53.978] [pid:16460] [zcode-host] [rpc:listen] zcode-agent.onAgentRuntimeLifecycle subscribed
[2026-09-28 11:41:53.984] [pid:41472] [main] [host-log] (local-1) [host] [2026-09-28 11:41:53.978] [pid:16460] [zcode-host] [rpc:call] system.info OK (0.0ms)
[2026-09-28 11:41:53.984] [pid:41472] [main] [host-log] (local-1) [host] [2026-09-28 11:41:53.978] [pid:16460] [zcode-host] [rpc:listen] model-selection.onDidChange subscribed
[2026-09-28 11:41:53.985] [pid:41472] [main] [host-log] (local-1) [host] [2026-09-28 11:41:53.978] [pid:16460] [zcode-host] [rpc:listen] model-selection.onDidChange subscribed
[2026-09-28 11:41:53.986] [pid:41472] [main] [host-log] (local-1) [host] [2026-09-28 11:41:53.978] [pid:16460] [zcode-host] [rpc:listen] zcode-agent.onDynamicConversationTelemetryFact subscribed
[2026-09-28 11:41:53.986] [pid:41472] [main] [host-log] (local-1) [host] [2026-09-28 11:41:53.978] [pid:16460] [zcode-host] [rpc:call] off-peak-task.list OK (0.2ms)
[Z1 child] [2026-09-28 11:41:53.990] [pid:16460] [settingService] reading settings from: C:\Users\USER\Desktop\Personal\ZCode\.tmp\z1-native-1790566888278-3b5c94\home\.zcode\v2\setting.json
[2026-09-28 11:41:53.992] [pid:41472] [main] [community] failed to fetch remote config: ZodError: [
  {
    "expected": "object",
    "code": "invalid_type",
    "path": [
      "data",
      "configs",
      "feedbackUrl"
    ],
    "message": "Invalid input: expected object, received undefined"
  }
]
    at file:///C:/Users/USER/Desktop/Personal/ZCode/packages/desktop/out/main/chunk-CUCX7L4D.js:64:122510
    at process.processTicksAndRejections (node:internal/process/task_queues:104:5)
    at async file:///C:/Users/USER/Desktop/Personal/ZCode/packages/desktop/out/main/chunk-CUCX7L4D.js:64:122616
    at async resolveCommunityUrl (file:///C:/Users/USER/Desktop/Personal/ZCode/packages/desktop/out/main/index.js:606:21172)
    at async file:///C:/Users/USER/Desktop/Personal/ZCode/packages/desktop/out/main/index.js:1337:10297
    at async Session.<anonymous> (node:electron/js2c/browser_init:2:116791)
[2026-09-28 11:41:53.993] [pid:41472] [main] [host-log] (local-1) [host] [2026-09-28 11:41:53.991] [pid:16460] [zcode-host] [rpc:call] model-selection.getView OK (13.1ms)
[Z1 child] [2026-09-28 11:41:53.991] [pid:16460] [zcode-host] [rpc:call] model-selection.getView OK (13.1ms)
[2026-09-28 11:41:53.991] [pid:16460] [zcode-host] [rpc:call] model-selection.getView OK (13.6ms)
[2026-09-28 11:41:53.992] [pid:16460] [settingService] read result: {"recentProjects":["C:\\Users\\USER\\Desktop\\Personal\\ZCode\\.tmp\\z1-native-1790566888278-3b5c94\\workspace-u2-scan","C:\\Users\\USER\\Desktop\\Personal\\ZCode\\.tmp\\z1-native-1790566888278-3b5c94\\workspace"],"locale":"zh-CN","localePreference":"en-US","terminalInheritSystemProfile":true,"embeddedBrowserAllowInsecureCertificates":false,"embeddedBrowserViewportPreference":{"mode":"normal","viewport":{"width":393,"height":852},"zoom":"fit"},"computerUseComposerEntryHidden":true,"taskAutoArchiveEnabled":false,"taskAutoArchiveOlderThanDays":7,"closeToTrayOnWindows":false,"closeToTrayOnWindowsMigrationInitialized":true,"keepAwakeWhileRunning":false,"desktopWindowSize":{"width":1920,"height":1080,"maximized":false},"desktopChromiumHardwareAccelerationEnabled":true,"messageStreamShowReasoning":true,"messageStreamShowReasoningMigrationInitialized":true,"messageStreamShowTodos":false,"toolGroupingExploreEnabled":true,"toolGroupingTerminalEnabled":true,"toolGroupingChangesEnabled":false,"zcodeInteractionBehavior":"queue","askUserQuestionAutoResolutionEnabled":false,"modelIoFullRetentionEnabled":false,"startPlanRecommendationDismissed":false,"providerFamilyConnectionSelections":{},"providerFamilyDomain":"zai","providerFamilyDomainMigrated":true,"nativeSearchEnhancementsEnabled":true,"memoryEnabled":false,"lastWorkspaceSession":[{"kind":"local","workspacePath":"C:\\Users\\USER\\Desktop\\Personal\\ZCode\\.tmp\\z1-native-1790566888278-3b5c94\\workspace-u2-scan","workspacePurpose":"project"},{"kind":"local","workspacePath":"C:\\Users\\USER\\Desktop\\Personal\\ZCode\\.tmp\\z1-native-1790566888278-3b5c94\\workspace","workspacePurpose":"project"},{"kind":"local","workspacePath":"C:\\Users\\USER\\Desktop\\Personal\\ZCode\\.tmp\\z1-native-1790566888278-3b5c94\\data\\.zcode\\workspace\\default","workspacePurpose":"conversation"}],"lastActiveTabIndex":1,"receivePreviewUpdates":false,"autoDownloadAndInstallUpdates":false,"skippedElectronUpdateVersions":{},"settingsSyncFirstRunPromptHandled":true}
[2026-09-28 11:41:53.992] [pid:16460] [zcode-host] [rpc:call] settings-sync.getFirstRunPromptState OK (1.8ms)
[2026-09-28 11:41:53.992] [pid:16460] [zcode-host] [rpc:call] provider-settings.refresh OK (292.0ms)
[2026-09-28 11:41:53.992] [pid:16460] [zcode-host] [rpc:call] provider-settings.refresh OK (292.0ms)
[2026-09-28 11:41:53.994] [pid:41472] [main] [host-log] (local-1) [host] [2026-09-28 11:41:53.991] [pid:16460] [zcode-host] [rpc:call] model-selection.getView OK (13.6ms)
[2026-09-28 11:41:53.995] [pid:41472] [main] [host-log] (local-1) [host] [2026-09-28 11:41:53.992] [pid:16460] [zcode-host] [rpc:call] settings-sync.getFirstRunPromptState OK (1.8ms)
[2026-09-28 11:41:53.996] [pid:41472] [main] [host-log] (local-1) [host] [2026-09-28 11:41:53.992] [pid:16460] [zcode-host] [rpc:call] provider-settings.refresh OK (292.0ms)
[2026-09-28 11:41:53.997] [pid:41472] [main] [host-log] (local-1) [host] [2026-09-28 11:41:53.992] [pid:16460] [zcode-host] [rpc:call] provider-settings.refresh OK (292.0ms)
[Z1 child] [2026-09-28 11:41:53.998] [pid:16460] [zcode-host] [rpc:call] subagents.list OK (20.6ms)
[2026-09-28 11:41:53.998] [pid:41472] [main] [host-log] (local-1) [host] [2026-09-28 11:41:53.998] [pid:16460] [zcode-host] [rpc:call] subagents.list OK (20.6ms)
[2026-09-28 11:41:54.018] [pid:41472] [main] [host-log] (local-1) [host] [2026-09-28 11:41:54.018] [pid:16460] [zcode-host] [rpc:call] window-controller.listTaskList OK (0.0ms)
[Z1 child] [2026-09-28 11:41:54.018] [pid:16460] [zcode-host] [rpc:call] window-controller.listTaskList OK (0.0ms)
[Z1 child] [2026-09-28 11:41:54.020] [pid:16460] [zcode-host] [rpc:call] zcode-agent.initializeConversationV4 OK (0.4ms)
[2026-09-28 11:41:54.020] [pid:41472] [main] [host-log] (local-1) [host] [2026-09-28 11:41:54.020] [pid:16460] [zcode-host] [rpc:call] zcode-agent.initializeConversationV4 OK (0.4ms)
[Z1 child] [2026-09-28 11:41:54.041] [pid:16460] [zcode-agent-service] 开始请求 ZCode Protocol workspace/readPresentation {
  workspaceKey: 'C:\\Users\\USER\\Desktop\\Personal\\ZCode\\.tmp\\z1-native-1790566888278-3b5c94\\workspace',
  workspacePath: 'C:\\Users\\USER\\Desktop\\Personal\\ZCode\\.tmp\\z1-native-1790566888278-3b5c94\\workspace'
}
[2026-09-28 11:41:54.041] [pid:41472] [main] [host-log] (local-1) [host] [2026-09-28 11:41:54.041] [pid:16460] [zcode-agent-service] 开始请求 ZCode Protocol workspace/readPresentation {"workspaceKey":"C:\\Users\\USER\\Desktop\\Personal\\ZCode\\.tmp\\z1-native-1790566888278-3b5c94\\workspace","workspacePath":"C:\\Users\\USER\\Desktop\\Personal\\ZCode\\.tmp\\z1-native-1790566888278-3b5c94\\workspace"}
[Z1 child] [2026-09-28 11:41:54.049] [pid:16460] [zcode-host] [rpc:call] zcode-task.listPinnedTaskIds OK (0.2ms)
[2026-09-28 11:41:54.049] [pid:41472] [main] [host-log] (local-1) [host] [2026-09-28 11:41:54.049] [pid:16460] [zcode-host] [rpc:call] zcode-task.listPinnedTaskIds OK (0.2ms)
[2026-09-28 11:41:54.050] [pid:41472] [main] [host-log] (local-1) [host] [2026-09-28 11:41:54.050] [pid:16460] [zcode-host] [rpc:call] zcode-task.listArchivedTasks OK (0.1ms)
[2026-09-28 11:41:54.051] [pid:41472] [main] [host-log] (local-1) [host] [2026-09-28 11:41:54.050] [pid:16460] [zcode-host] [rpc:call] zcode-task.listTasks OK (0.1ms)
[2026-09-28 11:41:54.052] [pid:41472] [main] [host-log] (local-1) [host] [2026-09-28 11:41:54.050] [pid:16460] [zcode-host] [rpc:call] zcode-task.listPinnedTasks OK (0.1ms)
[Z1 child] [2026-09-28 11:41:54.050] [pid:16460] [zcode-host] [rpc:call] zcode-task.listArchivedTasks OK (0.1ms)
[2026-09-28 11:41:54.050] [pid:16460] [zcode-host] [rpc:call] zcode-task.listTasks OK (0.1ms)
[2026-09-28 11:41:54.050] [pid:16460] [zcode-host] [rpc:call] zcode-task.listPinnedTasks OK (0.1ms)
[2026-09-28 11:41:54.050] [pid:16460] [zcode-host] [rpc:call] zcode-task.listDeletedTaskIds OK (0.1ms)
[2026-09-28 11:41:54.053] [pid:41472] [main] [host-log] (local-1) [host] [2026-09-28 11:41:54.050] [pid:16460] [zcode-host] [rpc:call] zcode-task.listDeletedTaskIds OK (0.1ms)
[2026-09-28 11:41:54.053] [pid:41472] [main] [host-log] (local-1) [host] [2026-09-28 11:41:54.052] [pid:16460] [zcode-host] [rpc:call] zcode-agent.subscribeSessionsIndexV4 FAIL (0.2ms) {"name":"Error","message":"ZCode Agent runtime is not running.","stack":"Error: ZCode Agent runtime is not running.\n    at createRuntimeUnavailableError (file:///C:/Users/USER/Desktop/Personal/ZCode/packages/desktop/out/host/index.js:117:32591)\n    at getReadOnlyClient (file:///C:/Users/USER/Desktop/Personal/ZCode/packages/desktop/out/host/index.js:117:65956)\n    at Object.subscribeSessionsIndexV4 (file:///C:/Users/USER/Desktop/Personal/ZCode/packages/desktop/out/host/index.js:117:105809)\n    at Proxy.subscribeSessionsIndexV4 (file:///C:/Users/USER/Desktop/Personal/ZCode/packages/desktop/out/host/chunk-SRBX7ACP.js:1:81274)\n    at Object.call (file:///C:/Users/USER/Desktop/Personal/ZCode/packages/desktop/out/host/chunk-XPU7OCSY.js:3:4653)\n    at NetworkTelemetryServerChannel.call (file:///C:/Users/USER/Desktop/Personal/ZCode/packages/desktop/out/host/chunk-XPU7OCSY.js:3:3900)\n    at LoggingServerChannel.call (file:///C:/Users/USER/Desktop/Personal/ZCode/packages/desktop/out/host/chunk-XPU7OCSY.js:3:2335)\n    at ChannelServer.onPromise (file:///C:/Users/USER/Desktop/Personal/ZCode/packages/desktop/out/host/chunk-XPU7OCSY.js:1:9500)\n    at ChannelServer.onRawMessage (file:///C:/Users/USER/Desktop/Personal/ZCode/packages/desktop/out/host/chunk-XPU7OCSY.js:1:9170)\n    at file:///C:/Users/USER/Desktop/Personal/ZCode/packages/desktop/out/host/chunk-XPU7OCSY.js:1:8527"}
[Z1 child] [2026-09-28 11:41:54.052] [pid:16460] [zcode-host] [rpc:call] zcode-agent.subscribeSessionsIndexV4 FAIL (0.2ms) Error: ZCode Agent runtime is not running.
    at createRuntimeUnavailableError (file:///C:/Users/USER/Desktop/Personal/ZCode/packages/desktop/out/host/index.js:117:32591)
    at getReadOnlyClient (file:///C:/Users/USER/Desktop/Personal/ZCode/packages/desktop/out/host/index.js:117:65956)
    at Object.subscribeSessionsIndexV4 (file:///C:/Users/USER/Desktop/Personal/ZCode/packages/desktop/out/host/index.js:117:105809)
    at Proxy.subscribeSessionsIndexV4 (file:///C:/Users/USER/Desktop/Personal/ZCode/packages/desktop/out/host/chunk-SRBX7ACP.js:1:81274)
    at Object.call (file:///C:/Users/USER/Desktop/Personal/ZCode/packages/desktop/out/host/chunk-XPU7OCSY.js:3:4653)
    at NetworkTelemetryServerChannel.call (file:///C:/Users/USER/Desktop/Personal/ZCode/packages/desktop/out/host/chunk-XPU7OCSY.js:3:3900)
    at LoggingServerChannel.call (file:///C:/Users/USER/Desktop/Personal/ZCode/packages/desktop/out/host/chunk-XPU7OCSY.js:3:2335)
    at ChannelServer.onPromise (file:///C:/Users/USER/Desktop/Personal/ZCode/packages/desktop/out/host/chunk-XPU7OCSY.js:1:9500)
    at ChannelServer.onRawMessage (file:///C:/Users/USER/Desktop/Personal/ZCode/packages/desktop/out/host/chunk-XPU7OCSY.js:1:9170)
    at file:///C:/Users/USER/Desktop/Personal/ZCode/packages/desktop/out/host/chunk-XPU7OCSY.js:1:8527 {
  code: 'ZCODE_AGENT_RUNTIME_UNAVAILABLE',
  workspaceKey: 'C:\\Users\\USER\\Desktop\\Personal\\ZCode\\.tmp\\z1-native-1790566888278-3b5c94\\workspace-u2-scan'
}
[Z1 child] (node:27248) ExperimentalWarning: SQLite is an experimental feature and might change at any time
(Use `electron --trace-warnings ...` to show where the warning was created)
[2026-09-28 11:41:54.068] [pid:41472] [main] [cron-scheduler] cron scheduler started
[Z1 child] [2026-09-28 11:41:54.136] [pid:16460] [zcode-host] [rpc:call] git.refresh OK (157.8ms)
[2026-09-28 11:41:54.136] [pid:41472] [main] [host-log] (local-1) [host] [2026-09-28 11:41:54.136] [pid:16460] [zcode-host] [rpc:call] git.refresh OK (157.8ms)
[Z1 child] [2026-09-28 11:41:54.138] [pid:16460] [settingService] reading settings from: C:\Users\USER\Desktop\Personal\ZCode\.tmp\z1-native-1790566888278-3b5c94\home\.zcode\v2\setting.json
[Z1 child] [2026-09-28 11:41:54.138] [pid:16460] [settingService] read result: {"recentProjects":["C:\\Users\\USER\\Desktop\\Personal\\ZCode\\.tmp\\z1-native-1790566888278-3b5c94\\workspace-u2-scan","C:\\Users\\USER\\Desktop\\Personal\\ZCode\\.tmp\\z1-native-1790566888278-3b5c94\\workspace"],"locale":"zh-CN","localePreference":"en-US","terminalInheritSystemProfile":true,"embeddedBrowserAllowInsecureCertificates":false,"embeddedBrowserViewportPreference":{"mode":"normal","viewport":{"width":393,"height":852},"zoom":"fit"},"computerUseComposerEntryHidden":true,"taskAutoArchiveEnabled":false,"taskAutoArchiveOlderThanDays":7,"closeToTrayOnWindows":false,"closeToTrayOnWindowsMigrationInitialized":true,"keepAwakeWhileRunning":false,"desktopWindowSize":{"width":1920,"height":1080,"maximized":false},"desktopChromiumHardwareAccelerationEnabled":true,"messageStreamShowReasoning":true,"messageStreamShowReasoningMigrationInitialized":true,"messageStreamShowTodos":false,"toolGroupingExploreEnabled":true,"toolGroupingTerminalEnabled":true,"toolGroupingChangesEnabled":false,"zcodeInteractionBehavior":"queue","askUserQuestionAutoResolutionEnabled":false,"modelIoFullRetentionEnabled":false,"startPlanRecommendationDismissed":false,"providerFamilyConnectionSelections":{},"providerFamilyDomain":"zai","providerFamilyDomainMigrated":true,"nativeSearchEnhancementsEnabled":true,"memoryEnabled":false,"lastWorkspaceSession":[{"kind":"local","workspacePath":"C:\\Users\\USER\\Desktop\\Personal\\ZCode\\.tmp\\z1-native-1790566888278-3b5c94\\workspace-u2-scan","workspacePurpose":"project"},{"kind":"local","workspacePath":"C:\\Users\\USER\\Desktop\\Personal\\ZCode\\.tmp\\z1-native-1790566888278-3b5c94\\workspace","workspacePurpose":"project"},{"kind":"local","workspacePath":"C:\\Users\\USER\\Desktop\\Personal\\ZCode\\.tmp\\z1-native-1790566888278-3b5c94\\data\\.zcode\\workspace\\default","workspacePurpose":"conversation"}],"lastActiveTabIndex":1,"receivePreviewUpdates":false,"autoDownloadAndInstallUpdates":false,"skippedElectronUpdateVersions":{},"settingsSyncFirstRunPromptHandled":true}
[2026-09-28 11:41:54.138] [pid:41472] [main] [host-log] (local-1) [host] [2026-09-28 11:41:54.138] [pid:16460] [settingService] writing settings to: C:\Users\USER\Desktop\Personal\ZCode\.tmp\z1-native-1790566888278-3b5c94\home\.zcode\v2\setting.json {"recentProjects":["C:\\Users\\USER\\Desktop\\Personal\\ZCode\\.tmp\\z1-native-1790566888278-3b5c94\\workspace-u2-scan","C:\\Users\\USER\\Desktop\\Personal\\ZCode\\.tmp\\z1-native-1790566888278-3b5c94\\workspace"],"locale":"zh-CN","localePreference":"en-US","terminalInheritSystemProfile":true,"embeddedBrowserAllowInsecureCertificates":false,"embeddedBrowserViewportPreference":{"mode":"normal","viewport":{"width":393,"height":852},"zoom":"fit"},"computerUseComposerEntryHidden":true,"taskAutoArchiveEnabled":false,"taskAutoArchiveOlderThanDays":7,"closeToTrayOnWindows":false,"closeToTrayOnWindowsMigrationInitialized":true,"keepAwakeWhileRunning":false,"desktopWindowSize":{"width":1920,"height":1080,"maximized":false},"desktopChromiumHardwareAccelerationEnabled":true,"messageStreamShowReasoning":true,"messageStreamShowReasoningMigrationInitialized":true,"messageStreamShowTodos":false,"toolGroupingExploreEnabled":true,"toolGroupingTerminalEnabled":true,"toolGroupingChangesEnabled":false,"zcodeInteractionBehavior":"queue","askUserQuestionAutoResolutionEnabled":false,"modelIoFullRetentionEnabled":false,"startPlanRecommendationDismissed":false,"providerFamilyConnectionSelections":{},"providerFamilyDomain":"zai","providerFamilyDomainMigrated":true,"nativeSearchEnhancementsEnabled":true,"memoryEnabled":false,"lastWorkspaceSession":[{"kind":"local","workspacePath":"C:\\Users\\USER\\Desktop\\Personal\\ZCode\\.tmp\\z1-native-1790566888278-3b5c94\\workspace-u2-scan","workspacePurpose":"project"},{"kind":"local","workspacePath":"C:\\Users\\USER\\Desktop\\Personal\\ZCode\\.tmp\\z1-native-1790566888278-3b5c94\\workspace","workspacePurpose":"project"},{"kind":"local","workspacePath":"C:\\Users\\USER\\Desktop\\Personal\\ZCode\\.tmp\\z1-native-1790566888278-3b5c94\\data\\.zcode\\workspace\\default","workspacePurpose":"conversation"}],"lastActiveTabIndex":1,"receivePreviewUpdates":false,"autoDownloadAndInstallUpdates":false,"skippedElectronUpdateVersions":{},"settingsSyncFirstRunPromptHandled":true}
[Z1 child] [2026-09-28 11:41:54.138] [pid:16460] [settingService] writing settings to: C:\Users\USER\Desktop\Personal\ZCode\.tmp\z1-native-1790566888278-3b5c94\home\.zcode\v2\setting.json {"recentProjects":["C:\\Users\\USER\\Desktop\\Personal\\ZCode\\.tmp\\z1-native-1790566888278-3b5c94\\workspace-u2-scan","C:\\Users\\USER\\Desktop\\Personal\\ZCode\\.tmp\\z1-native-1790566888278-3b5c94\\workspace"],"locale":"zh-CN","localePreference":"en-US","terminalInheritSystemProfile":true,"embeddedBrowserAllowInsecureCertificates":false,"embeddedBrowserViewportPreference":{"mode":"normal","viewport":{"width":393,"height":852},"zoom":"fit"},"computerUseComposerEntryHidden":true,"taskAutoArchiveEnabled":false,"taskAutoArchiveOlderThanDays":7,"closeToTrayOnWindows":false,"closeToTrayOnWindowsMigrationInitialized":true,"keepAwakeWhileRunning":false,"desktopWindowSize":{"width":1920,"height":1080,"maximized":false},"desktopChromiumHardwareAccelerationEnabled":true,"messageStreamShowReasoning":true,"messageStreamShowReasoningMigrationInitialized":true,"messageStreamShowTodos":false,"toolGroupingExploreEnabled":true,"toolGroupingTerminalEnabled":true,"toolGroupingChangesEnabled":false,"zcodeInteractionBehavior":"queue","askUserQuestionAutoResolutionEnabled":false,"modelIoFullRetentionEnabled":false,"startPlanRecommendationDismissed":false,"providerFamilyConnectionSelections":{},"providerFamilyDomain":"zai","providerFamilyDomainMigrated":true,"nativeSearchEnhancementsEnabled":true,"memoryEnabled":false,"lastWorkspaceSession":[{"kind":"local","workspacePath":"C:\\Users\\USER\\Desktop\\Personal\\ZCode\\.tmp\\z1-native-1790566888278-3b5c94\\workspace-u2-scan","workspacePurpose":"project"},{"kind":"local","workspacePath":"C:\\Users\\USER\\Desktop\\Personal\\ZCode\\.tmp\\z1-native-1790566888278-3b5c94\\workspace","workspacePurpose":"project"},{"kind":"local","workspacePath":"C:\\Users\\USER\\Desktop\\Personal\\ZCode\\.tmp\\z1-native-1790566888278-3b5c94\\data\\.zcode\\workspace\\default","workspacePurpose":"conversation"}],"lastActiveTabIndex":1,"receivePreviewUpdates":false,"autoDownloadAndInstallUpdates":false,"skippedElectronUpdateVersions":{},"settingsSyncFirstRunPromptHandled":true}
[Z1 child] [2026-09-28 11:41:54.143] [pid:16460] [settingService] write done
[2026-09-28 11:41:54.143] [pid:41472] [main] [host-log] (local-1) [host] [2026-09-28 11:41:54.143] [pid:16460] [settingService] write done
[2026-09-28 11:41:54.143] [pid:41472] [main] [host-log] (local-1) [host] [2026-09-28 11:41:54.143] [pid:16460] [zcode-host] [rpc:call] setting.update OK (5.5ms)
[Z1 child] [2026-09-28 11:41:54.143] [pid:16460] [zcode-host] [rpc:call] setting.update OK (5.5ms)
[Z1 child] [2026-09-28 11:41:54.145] [pid:16460] [zcode-host] [rpc:call] system.info OK (0.0ms)
[2026-09-28 11:41:54.145] [pid:41472] [main] [host-log] (local-1) [host] [2026-09-28 11:41:54.145] [pid:16460] [zcode-host] [rpc:call] system.info OK (0.0ms)
[Z1 child] [2026-09-28 11:41:54.146] [pid:16460] [zcode-host] [rpc:call] file-watcher.watch OK (1.2ms)
[2026-09-28 11:41:54.146] [pid:41472] [main] [host-log] (local-1) [host] [2026-09-28 11:41:54.146] [pid:16460] [zcode-host] [rpc:call] file-watcher.watch OK (1.2ms)
[Z1 child] [2026-09-28 11:41:54.148] [pid:16460] [zcode-host] [rpc:call] file-watcher.watch OK (1.1ms)
[2026-09-28 11:41:54.148] [pid:41472] [main] [host-log] (local-1) [host] [2026-09-28 11:41:54.148] [pid:16460] [zcode-host] [rpc:call] file-watcher.watch OK (1.1ms)
[Z1 child] [2026-09-28 11:41:54.148] [pid:16460] [zcode-host] [rpc:listen] file-watcher.onDynamicChange subscribed
[2026-09-28 11:41:54.148] [pid:16460] [zcode-host] [rpc:call] file-watcher.unwatch OK (0.1ms)
[2026-09-28 11:41:54.149] [pid:41472] [main] [host-log] (local-1) [host] [2026-09-28 11:41:54.148] [pid:16460] [zcode-host] [rpc:listen] file-watcher.onDynamicChange subscribed
[2026-09-28 11:41:54.150] [pid:41472] [main] [host-log] (local-1) [host] [2026-09-28 11:41:54.148] [pid:16460] [zcode-host] [rpc:call] file-watcher.unwatch OK (0.1ms)
[2026-09-28 11:41:54.151] [pid:41472] [main] [host-log] (local-1) [host] [2026-09-28 11:41:54.149] [pid:16460] [zcode-host] [rpc:call] file-watcher.watch OK (1.2ms)
[Z1 child] [2026-09-28 11:41:54.149] [pid:16460] [zcode-host] [rpc:call] file-watcher.watch OK (1.2ms)
[2026-09-28 11:41:54.151] [pid:16460] [zcode-host] [rpc:call] file-watcher.watch OK (1.7ms)
[2026-09-28 11:41:54.152] [pid:41472] [main] [host-log] (local-1) [host] [2026-09-28 11:41:54.151] [pid:16460] [zcode-host] [rpc:call] file-watcher.watch OK (1.7ms)
[Z1 child] [2026-09-28 11:41:54.153] [pid:16460] [zcode-host] [rpc:call] file-watcher.watch OK (1.3ms)
[2026-09-28 11:41:54.153] [pid:16460] [zcode-host] [rpc:call] file-watcher.unwatch OK (0.0ms)
[2026-09-28 11:41:54.153] [pid:16460] [zcode-host] [rpc:listen] file-watcher.onDynamicChange subscribed
[2026-09-28 11:41:54.153] [pid:16460] [zcode-host] [rpc:listen] file-watcher.onDynamicChange subscribed
[2026-09-28 11:41:54.153] [pid:16460] [zcode-host] [rpc:listen] file-watcher.onDynamicChange subscribed
[2026-09-28 11:41:54.154] [pid:41472] [main] [host-log] (local-1) [host] [2026-09-28 11:41:54.153] [pid:16460] [zcode-host] [rpc:call] file-watcher.watch OK (1.3ms)
[2026-09-28 11:41:54.155] [pid:41472] [main] [host-log] (local-1) [host] [2026-09-28 11:41:54.153] [pid:16460] [zcode-host] [rpc:call] file-watcher.unwatch OK (0.0ms)
[2026-09-28 11:41:54.155] [pid:41472] [main] [host-log] (local-1) [host] [2026-09-28 11:41:54.153] [pid:16460] [zcode-host] [rpc:listen] file-watcher.onDynamicChange subscribed
[2026-09-28 11:41:54.156] [pid:41472] [main] [host-log] (local-1) [host] [2026-09-28 11:41:54.153] [pid:16460] [zcode-host] [rpc:listen] file-watcher.onDynamicChange subscribed
[2026-09-28 11:41:54.157] [pid:41472] [main] [host-log] (local-1) [host] [2026-09-28 11:41:54.153] [pid:16460] [zcode-host] [rpc:listen] file-watcher.onDynamicChange subscribed
[2026-09-28 11:41:54.183] [pid:41472] [renderer] v4 workspace connection lease released {
  event: 'v4.workspace_connection.release',
  keepWarmMs: 30000,
  key: '__base__ C:\\Users\\USER\\Desktop\\Personal\\ZCode\\.tmp\\z1-native-1790566888278-3b5c94\\workspace',
  module: 'ui.v4.workspace_connection_registry',
  refCount: 0,
  status: 'keep_warm'
}
[Z1 child] [2026-09-28 11:41:54.497] [pid:16460] [zcode-host] [rpc:listen] graphEngineering.onDidChange subscribed
[2026-09-28 11:41:54.497] [pid:41472] [main] [host-log] (local-1) [host] [2026-09-28 11:41:54.497] [pid:16460] [zcode-host] [rpc:listen] graphEngineering.onDidChange subscribed
[Z1 child] [2026-09-28 11:41:54.506] [pid:16460] [zcode-host] [rpc:call] zcode-agent.subscribeSessionsIndexV4 OK (452.8ms)
[2026-09-28 11:41:54.506] [pid:41472] [main] [host-log] (local-1) [host] [2026-09-28 11:41:54.506] [pid:16460] [zcode-host] [rpc:call] zcode-agent.subscribeSessionsIndexV4 OK (452.8ms)
[2026-09-28 11:41:54.507] [pid:41472] [main] [host-log] (local-1) [host] [2026-09-28 11:41:54.507] [pid:16460] [zcode-host] [rpc:call] window-controller.listTaskList OK (546.6ms)
[2026-09-28 11:41:54.508] [pid:41472] [main] [host-log] (local-1) [host] [2026-09-28 11:41:54.507] [pid:16460] [zcode-host] [rpc:call] window-controller.listTaskList OK (489.1ms)
[2026-09-28 11:41:54.509] [pid:41472] [main] [host-log] (local-1) [host] [2026-09-28 11:41:54.507] [pid:16460] [zcode-agent-service] 为只读会话控制面启动 ZCode agent {"workspaceKey":"C:\\Users\\USER\\Desktop\\Personal\\ZCode\\.tmp\\z1-native-1790566888278-3b5c94\\workspace","workspacePath":"C:\\Users\\USER\\Desktop\\Personal\\ZCode\\.tmp\\z1-native-1790566888278-3b5c94\\workspace"}
[2026-09-28 11:41:54.510] [pid:41472] [main] [stability] perf_agent_ready reported {
  pid: 37416,
  runtimeGeneration: 1,
  runtimeInstanceId: 'agent-019e6944-7a93-4842-befd-00c3c38517aa',
  startupDurationMs: 663
}
[Z1 child] [2026-09-28 11:41:54.507] [pid:16460] [zcode-host] [rpc:call] window-controller.listTaskList OK (546.6ms)
[2026-09-28 11:41:54.507] [pid:16460] [zcode-host] [rpc:call] window-controller.listTaskList OK (489.1ms)
[2026-09-28 11:41:54.507] [pid:16460] [zcode-agent-service] 为只读会话控制面启动 ZCode agent {
  workspaceKey: 'C:\\Users\\USER\\Desktop\\Personal\\ZCode\\.tmp\\z1-native-1790566888278-3b5c94\\workspace',
  workspacePath: 'C:\\Users\\USER\\Desktop\\Personal\\ZCode\\.tmp\\z1-native-1790566888278-3b5c94\\workspace'
}
[2026-09-28 11:41:54.507] [pid:16460] [zcode-agent-service] provider/model 就绪，允许 ZCode agent 模型执行 {
  modelId: 'z1-fixture',
  providerId: 'z1-local-fixture',
  revision: 'model-selection:1',
  workspaceKey: 'C:\\Users\\USER\\Desktop\\Personal\\ZCode\\.tmp\\z1-native-1790566888278-3b5c94\\workspace',
  workspacePath: 'C:\\Users\\USER\\Desktop\\Personal\\ZCode\\.tmp\\z1-native-1790566888278-3b5c94\\workspace'
}
[2026-09-28 11:41:54.507] [pid:16460] [zcode-agent-service] provider/model 就绪，允许 ZCode agent 模型执行 {
  modelId: 'z1-fixture',
  providerId: 'z1-local-fixture',
  revision: 'model-selection:1',
  workspaceKey: 'C:\\Users\\USER\\Desktop\\Personal\\ZCode\\.tmp\\z1-native-1790566888278-3b5c94\\workspace',
  workspacePath: 'C:\\Users\\USER\\Desktop\\Personal\\ZCode\\.tmp\\z1-native-1790566888278-3b5c94\\workspace'
}
[2026-09-28 11:41:54.507] [pid:16460] [zcode-agent-service] provider/model 就绪，允许 ZCode agent 模型执行 {
  modelId: 'z1-fixture',
  providerId: 'z1-local-fixture',
  revision: 'model-selection:1',
  workspaceKey: 'C:\\Users\\USER\\Desktop\\Personal\\ZCode\\.tmp\\z1-native-1790566888278-3b5c94\\workspace',
  workspacePath: 'C:\\Users\\USER\\Desktop\\Personal\\ZCode\\.tmp\\z1-native-1790566888278-3b5c94\\workspace'
}
[2026-09-28 11:41:54.508] [pid:16460] [zcode-agent-service] ZCode agent 初始化完成 {
  durationMs: 861,
  transportKind: 'stdio',
  workspaceKey: 'C:\\Users\\USER\\Desktop\\Personal\\ZCode\\.tmp\\z1-native-1790566888278-3b5c94\\workspace',
  workspacePath: 'C:\\Users\\USER\\Desktop\\Personal\\ZCode\\.tmp\\z1-native-1790566888278-3b5c94\\workspace'
}
[2026-09-28 11:41:54.508] [pid:16460] [zcode-host] ZCode agent warmup ready (local host init (1/1)) workspace=C:\Users\USER\Desktop\Personal\ZCode\.tmp\z1-native-1790566888278-3b5c94\workspace transport=stdio
[2026-09-28 11:41:54.510] [pid:41472] [main] [host-log] (local-1) [host] [2026-09-28 11:41:54.507] [pid:16460] [zcode-agent-service] provider/model 就绪，允许 ZCode agent 模型执行 {"modelId":"z1-fixture","providerId":"z1-local-fixture","revision":"model-selection:1","workspaceKey":"C:\\Users\\USER\\Desktop\\Personal\\ZCode\\.tmp\\z1-native-1790566888278-3b5c94\\workspace","workspacePath":"C:\\Users\\USER\\Desktop\\Personal\\ZCode\\.tmp\\z1-native-1790566888278-3b5c94\\workspace"}
[2026-09-28 11:41:54.511] [pid:41472] [main] [host-log] (local-1) [host] [2026-09-28 11:41:54.507] [pid:16460] [zcode-agent-service] provider/model 就绪，允许 ZCode agent 模型执行 {"modelId":"z1-fixture","providerId":"z1-local-fixture","revision":"model-selection:1","workspaceKey":"C:\\Users\\USER\\Desktop\\Personal\\ZCode\\.tmp\\z1-native-1790566888278-3b5c94\\workspace","workspacePath":"C:\\Users\\USER\\Desktop\\Personal\\ZCode\\.tmp\\z1-native-1790566888278-3b5c94\\workspace"}
[2026-09-28 11:41:54.512] [pid:41472] [main] [host-log] (local-1) [host] [2026-09-28 11:41:54.507] [pid:16460] [zcode-agent-service] provider/model 就绪，允许 ZCode agent 模型执行 {"modelId":"z1-fixture","providerId":"z1-local-fixture","revision":"model-selection:1","workspaceKey":"C:\\Users\\USER\\Desktop\\Personal\\ZCode\\.tmp\\z1-native-1790566888278-3b5c94\\workspace","workspacePath":"C:\\Users\\USER\\Desktop\\Personal\\ZCode\\.tmp\\z1-native-1790566888278-3b5c94\\workspace"}
[2026-09-28 11:41:54.513] [pid:41472] [main] [host-log] (local-1) [host] [2026-09-28 11:41:54.508] [pid:16460] [zcode-agent-service] ZCode agent 初始化完成 {"durationMs":861,"transportKind":"stdio","workspaceKey":"C:\\Users\\USER\\Desktop\\Personal\\ZCode\\.tmp\\z1-native-1790566888278-3b5c94\\workspace","workspacePath":"C:\\Users\\USER\\Desktop\\Personal\\ZCode\\.tmp\\z1-native-1790566888278-3b5c94\\workspace"}
[2026-09-28 11:41:54.513] [pid:41472] [main] [host-log] (local-1) [host] [2026-09-28 11:41:54.508] [pid:16460] [zcode-host] ZCode agent warmup ready (local host init (1/1)) workspace=C:\Users\USER\Desktop\Personal\ZCode\.tmp\z1-native-1790566888278-3b5c94\workspace transport=stdio
[Z1 child] [2026-09-28 11:41:54.513] [pid:16460] [settingService] reading settings from: C:\Users\USER\Desktop\Personal\ZCode\.tmp\z1-native-1790566888278-3b5c94\home\.zcode\v2\setting.json
[Z1 child] [2026-09-28 11:41:54.515] [pid:16460] [settingService] read result: {"recentProjects":["C:\\Users\\USER\\Desktop\\Personal\\ZCode\\.tmp\\z1-native-1790566888278-3b5c94\\workspace-u2-scan","C:\\Users\\USER\\Desktop\\Personal\\ZCode\\.tmp\\z1-native-1790566888278-3b5c94\\workspace"],"locale":"zh-CN","localePreference":"en-US","terminalInheritSystemProfile":true,"embeddedBrowserAllowInsecureCertificates":false,"embeddedBrowserViewportPreference":{"mode":"normal","viewport":{"width":393,"height":852},"zoom":"fit"},"computerUseComposerEntryHidden":true,"taskAutoArchiveEnabled":false,"taskAutoArchiveOlderThanDays":7,"closeToTrayOnWindows":false,"closeToTrayOnWindowsMigrationInitialized":true,"keepAwakeWhileRunning":false,"desktopWindowSize":{"width":1920,"height":1080,"maximized":false},"desktopChromiumHardwareAccelerationEnabled":true,"messageStreamShowReasoning":true,"messageStreamShowReasoningMigrationInitialized":true,"messageStreamShowTodos":false,"toolGroupingExploreEnabled":true,"toolGroupingTerminalEnabled":true,"toolGroupingChangesEnabled":false,"zcodeInteractionBehavior":"queue","askUserQuestionAutoResolutionEnabled":false,"modelIoFullRetentionEnabled":false,"startPlanRecommendationDismissed":false,"providerFamilyConnectionSelections":{},"providerFamilyDomain":"zai","providerFamilyDomainMigrated":true,"nativeSearchEnhancementsEnabled":true,"memoryEnabled":false,"lastWorkspaceSession":[{"kind":"local","workspacePath":"C:\\Users\\USER\\Desktop\\Personal\\ZCode\\.tmp\\z1-native-1790566888278-3b5c94\\workspace-u2-scan","workspacePurpose":"project"},{"kind":"local","workspacePath":"C:\\Users\\USER\\Desktop\\Personal\\ZCode\\.tmp\\z1-native-1790566888278-3b5c94\\workspace","workspacePurpose":"project"},{"kind":"local","workspacePath":"C:\\Users\\USER\\Desktop\\Personal\\ZCode\\.tmp\\z1-native-1790566888278-3b5c94\\data\\.zcode\\workspace\\default","workspacePurpose":"conversation"}],"lastActiveTabIndex":1,"receivePreviewUpdates":false,"autoDownloadAndInstallUpdates":false,"skippedElectronUpdateVersions":{},"settingsSyncFirstRunPromptHandled":true}
[Z1 child] [2026-09-28 11:41:54.516] [pid:16460] [zcode-host] [rpc:call] graphEngineering.getWorkspace OK (18.5ms)
[2026-09-28 11:41:54.516] [pid:41472] [main] [host-log] (local-1) [host] [2026-09-28 11:41:54.516] [pid:16460] [zcode-host] [rpc:call] graphEngineering.getWorkspace OK (18.5ms)
[2026-09-28 11:41:54.516] [pid:41472] [main] [host-log] (local-1) [host] [2026-09-28 11:41:54.516] [pid:16460] [zcode-host] [rpc:call] window-controller.listTaskList OK (0.1ms)
[Z1 child] [2026-09-28 11:41:54.516] [pid:16460] [zcode-host] [rpc:call] window-controller.listTaskList OK (0.1ms)
[Z1 child] [2026-09-28 11:41:54.527] [pid:16460] [settingService] reading settings from: C:\Users\USER\Desktop\Personal\ZCode\.tmp\z1-native-1790566888278-3b5c94\home\.zcode\v2\setting.json
[Z1 child] [2026-09-28 11:41:54.528] [pid:16460] [settingService] read result: {"recentProjects":["C:\\Users\\USER\\Desktop\\Personal\\ZCode\\.tmp\\z1-native-1790566888278-3b5c94\\workspace-u2-scan","C:\\Users\\USER\\Desktop\\Personal\\ZCode\\.tmp\\z1-native-1790566888278-3b5c94\\workspace"],"locale":"zh-CN","localePreference":"en-US","terminalInheritSystemProfile":true,"embeddedBrowserAllowInsecureCertificates":false,"embeddedBrowserViewportPreference":{"mode":"normal","viewport":{"width":393,"height":852},"zoom":"fit"},"computerUseComposerEntryHidden":true,"taskAutoArchiveEnabled":false,"taskAutoArchiveOlderThanDays":7,"closeToTrayOnWindows":false,"closeToTrayOnWindowsMigrationInitialized":true,"keepAwakeWhileRunning":false,"desktopWindowSize":{"width":1920,"height":1080,"maximized":false},"desktopChromiumHardwareAccelerationEnabled":true,"messageStreamShowReasoning":true,"messageStreamShowReasoningMigrationInitialized":true,"messageStreamShowTodos":false,"toolGroupingExploreEnabled":true,"toolGroupingTerminalEnabled":true,"toolGroupingChangesEnabled":false,"zcodeInteractionBehavior":"queue","askUserQuestionAutoResolutionEnabled":false,"modelIoFullRetentionEnabled":false,"startPlanRecommendationDismissed":false,"providerFamilyConnectionSelections":{},"providerFamilyDomain":"zai","providerFamilyDomainMigrated":true,"nativeSearchEnhancementsEnabled":true,"memoryEnabled":false,"lastWorkspaceSession":[{"kind":"local","workspacePath":"C:\\Users\\USER\\Desktop\\Personal\\ZCode\\.tmp\\z1-native-1790566888278-3b5c94\\workspace-u2-scan","workspacePurpose":"project"},{"kind":"local","workspacePath":"C:\\Users\\USER\\Desktop\\Personal\\ZCode\\.tmp\\z1-native-1790566888278-3b5c94\\workspace","workspacePurpose":"project"},{"kind":"local","workspacePath":"C:\\Users\\USER\\Desktop\\Personal\\ZCode\\.tmp\\z1-native-1790566888278-3b5c94\\data\\.zcode\\workspace\\default","workspacePurpose":"conversation"}],"lastActiveTabIndex":1,"receivePreviewUpdates":false,"autoDownloadAndInstallUpdates":false,"skippedElectronUpdateVersions":{},"settingsSyncFirstRunPromptHandled":true}
[2026-09-28 11:41:54.528] [pid:16460] [zcode-host] [rpc:call] setting.get OK (0.5ms)
[2026-09-28 11:41:54.528] [pid:41472] [main] [host-log] (local-1) [host] [2026-09-28 11:41:54.528] [pid:16460] [zcode-host] [rpc:call] setting.get OK (0.5ms)
[Z1 child] [2026-09-28 11:41:54.532] [pid:16460] [zcode-agent-service] account provider config 已交付到 ZCode agent {
  providerCount: 8,
  reason: 'startup_ready:model_selection_changed',
  receivedRevision: 'account:["zcode-builtin:30:4af9bc559b3046d0b4c537487d4185bb8eeac745d31d92de7f62c55fed99aca4",[{"providerId":"account:zai-individual-coding-plan","config":{"access":{"type":"zhipu-account","entitled":false}}},{"providerId":"account:zai-team-coding-plan","config":{"access":{"type":"zhipu-account","entitled":false}}},{"providerId":"account:zai-start-plan","config":{"access":{"type":"zhipu-account","entitled":false}}},{"providerId":"account:bigmodel-individual-coding-plan","config":{"access":{"type":"zhipu-account","entitled":false}}},{"providerId":"account:bigmodel-team-coding-plan","config":{"access":{"type":"zhipu-account","entitled":false}}},{"providerId":"account:bigmodel-start-plan","config":{"access":{"type":"zhipu-account","entitled":false}}},{"providerId":"account:zai-offpeak-idle-plan","config":{"access":{"type":"zhipu-account","entitled":false}}},{"providerId":"account:bigmodel-offpeak-idle-plan","config":{"access":{"type":"zhipu-account","entitled":false}}}],{"account:zai-individual-coding-plan":{"availability":"unavailable","entitled":false,"unavailableReason":"not-connected","current":false,"connectionKey":"41717a7a173a5e88981ed3b30d6c754715277dce3b302a8e7b1386cdf57b9b4c"},"account:zai-team-coding-plan":{"availability":"unavailable","entitled":false,"unavailableReason":"not-connected","current":false,"connectionKey":"41717a7a173a5e88981ed3b30d6c754715277dce3b302a8e7b1386cdf57b9b4c"},"account:zai-start-plan":{"availability":"unavailable","entitled":false,"unavailableReason":"not-connected","current":false,"connectionKey":"b20a8f39ea1865b9bdbc4f21e0774500034895a93cdf0c737917b6532ebedcea"},"account:bigmodel-individual-coding-plan":{"availability":"unavailable","entitled":false,"unavailableReason":"not-connected","current":false,"connectionKey":"145736c8450a04bf4ba21aee47794f53d87ea79c5dc4cc5b9f27fbf5b6038d53"},"account:bigmodel-team-coding-plan":{"availability":"unavailable","entitled":false,"unavailableReason":"not-connected","current":false,"connectionKey":"145736c8450a04bf4ba21aee47794f53d87ea79c5dc4cc5b9f27fbf5b6038d53"},"account:bigmodel-start-plan":{"availability":"unavailable","entitled":false,"unavailableReason":"not-connected","current":false,"connectionKey":"116fde2fcda0bb10f88164a63caadb0a0ec8611edcf75b35a9924684f9ba84bd"},"account:zai-offpeak-idle-plan":{"availability":"unavailable","entitled":false},"account:bigmodel-offpeak-idle-plan":{"availability":"unavailable","entitled":false}}]',
  status: 'received'
}
[2026-09-28 11:41:54.532] [pid:41472] [main] [host-log] (local-1) [host] [2026-09-28 11:41:54.532] [pid:16460] [zcode-agent-service] account provider config 已交付到 ZCode agent {"providerCount":8,"reason":"startup_ready:model_selection_changed","receivedRevision":"account:[\"zcode-builtin:30:4af9bc559b3046d0b4c537487d4185bb8eeac745d31d92de7f62c55fed99aca4\",[{\"providerId\":\"account:zai-individual-coding-plan\",\"config\":{\"access\":{\"type\":\"zhipu-account\",\"entitled\":false}}},{\"providerId\":\"account:zai-team-coding-plan\",\"config\":{\"access\":{\"type\":\"zhipu-account\",\"entitled\":false}}},{\"providerId\":\"account:zai-start-plan\",\"config\":{\"access\":{\"type\":\"zhipu-account\",\"entitled\":false}}},{\"providerId\":\"account:bigmodel-individual-coding-plan\",\"config\":{\"access\":{\"type\":\"zhipu-account\",\"entitled\":false}}},{\"providerId\":\"account:bigmodel-team-coding-plan\",\"config\":{\"access\":{\"type\":\"zhipu-account\",\"entitled\":false}}},{\"providerId\":\"account:bigmodel-start-plan\",\"config\":{\"access\":{\"type\":\"zhipu-account\",\"entitled\":false}}},{\"providerId\":\"account:zai-offpeak-idle-plan\",\"config\":{\"access\":{\"type\":\"zhipu-account\",\"entitled\":false}}},{\"providerId\":\"account:bigmodel-offpeak-idle-plan\",\"config\":{\"access\":{\"type\":\"zhipu-account\",\"entitled\":false}}}],{\"account:zai-individual-coding-plan\":{\"availability\":\"unavailable\",\"entitled\":false,\"unavailableReason\":\"not-connected\",\"current\":false,\"connectionKey\":\"41717a7a173a5e88981ed3b30d6c754715277dce3b302a8e7b1386cdf57b9b4c\"},\"account:zai-team-coding-plan\":{\"availability\":\"unavailable\",\"entitled\":false,\"unavailableReason\":\"not-connected\",\"current\":false,\"connectionKey\":\"41717a7a173a5e88981ed3b30d6c754715277dce3b302a8e7b1386cdf57b9b4c\"},\"account:zai-start-plan\":{\"availability\":\"unavailable\",\"entitled\":false,\"unavailableReason\":\"not-connected\",\"current\":false,\"connectionKey\":\"b20a8f39ea1865b9bdbc4f21e0774500034895a93cdf0c737917b6532ebedcea\"},\"account:bigmodel-individual-coding-plan\":{\"availability\":\"unavailable\",\"entitled\":false,\"unavailableReason\":\"not-connected\",\"current\":false,\"connectionKey\":\"145736c8450a04bf4ba21aee47794f53d87ea79c5dc4cc5b9f27fbf5b6038d53\"},\"account:bigmodel-team-coding-plan\":{\"availability\":\"unavailable\",\"entitled\":false,\"unavailableReason\":\"not-connected\",\"current\":false,\"connectionKey\":\"145736c8450a04bf4ba21aee47794f53d87ea79c5dc4cc5b9f27fbf5b6038d53\"},\"account:bigmodel-start-plan\":{\"availability\":\"unavailable\",\"entitled\":false,\"unavailableReason\":\"not-connected\",\"current\":false,\"connectionKey\":\"116fde2fcda0bb10f88164a63caadb0a0ec8611edcf75b35a9924684f9ba84bd\"},\"account:zai-offpeak-idle-plan\":{\"availability\":\"unavailable\",\"entitled\":false},\"account:bigmodel-offpeak-idle-plan\":{\"availability\":\"unavailable\",\"entitled\":false}}]","status":"received"}
[2026-09-28 11:41:54.533] [pid:41472] [main] [host-log] (local-1) [host] [2026-09-28 11:41:54.532] [pid:16460] [zcode-agent-service] provider/model 就绪后已启动等待中的 ZCode agent {"providerCount":1,"reason":"model_selection_changed","revision":"model-selection:1","workspaceKey":"C:\\Users\\USER\\Desktop\\Personal\\ZCode\\.tmp\\z1-native-1790566888278-3b5c94\\workspace","workspacePath":"C:\\Users\\USER\\Desktop\\Personal\\ZCode\\.tmp\\z1-native-1790566888278-3b5c94\\workspace"}
[Z1 child] [2026-09-28 11:41:54.532] [pid:16460] [zcode-agent-service] provider/model 就绪后已启动等待中的 ZCode agent {
  providerCount: 1,
  reason: 'model_selection_changed',
  revision: 'model-selection:1',
  workspaceKey: 'C:\\Users\\USER\\Desktop\\Personal\\ZCode\\.tmp\\z1-native-1790566888278-3b5c94\\workspace',
  workspacePath: 'C:\\Users\\USER\\Desktop\\Personal\\ZCode\\.tmp\\z1-native-1790566888278-3b5c94\\workspace'
}
[Z1 child] [2026-09-28 11:41:54.535] [pid:16460] [zcode-host] [rpc:listen] model-selection.onDidChange subscribed
[2026-09-28 11:41:54.535] [pid:41472] [main] [host-log] (local-1) [host] [2026-09-28 11:41:54.535] [pid:16460] [zcode-host] [rpc:listen] model-selection.onDidChange subscribed
[2026-09-28 11:41:54.535] [pid:41472] [main] [host-log] (local-1) [host] [2026-09-28 11:41:54.535] [pid:16460] [zcode-host] [rpc:call] graphEngineering.validateDefinition OK (0.1ms)
[2026-09-28 11:41:54.536] [pid:41472] [main] [host-log] (local-1) [host] [2026-09-28 11:41:54.536] [pid:16460] [zcode-host] [rpc:call] model-selection.getView OK (0.7ms)
[Z1 child] [2026-09-28 11:41:54.535] [pid:16460] [zcode-host] [rpc:call] graphEngineering.validateDefinition OK (0.1ms)
[2026-09-28 11:41:54.536] [pid:16460] [zcode-host] [rpc:call] model-selection.getView OK (0.7ms)
[Z1 child] [2026-09-28 11:41:54.565] [pid:16460] [zcode-agent-service] ZCode Protocol workspace/readPresentation 完成 {
  durationMs: 524,
  slashCommandCount: 4,
  workspaceKey: 'C:\\Users\\USER\\Desktop\\Personal\\ZCode\\.tmp\\z1-native-1790566888278-3b5c94\\workspace',
  workspacePath: 'C:\\Users\\USER\\Desktop\\Personal\\ZCode\\.tmp\\z1-native-1790566888278-3b5c94\\workspace'
}
[2026-09-28 11:41:54.565] [pid:16460] [zcode-host] [rpc:call] zcode-session.readWorkspacePresentation OK (524.1ms)
[2026-09-28 11:41:54.565] [pid:41472] [main] [host-log] (local-1) [host] [2026-09-28 11:41:54.565] [pid:16460] [zcode-agent-service] ZCode Protocol workspace/readPresentation 完成 {"durationMs":524,"slashCommandCount":4,"workspaceKey":"C:\\Users\\USER\\Desktop\\Personal\\ZCode\\.tmp\\z1-native-1790566888278-3b5c94\\workspace","workspacePath":"C:\\Users\\USER\\Desktop\\Personal\\ZCode\\.tmp\\z1-native-1790566888278-3b5c94\\workspace"}
[2026-09-28 11:41:54.566] [pid:41472] [main] [host-log] (local-1) [host] [2026-09-28 11:41:54.565] [pid:16460] [zcode-host] [rpc:call] zcode-session.readWorkspacePresentation OK (524.1ms)
[Z1 child] [2026-09-28 11:41:54.569] [pid:16460] [settingService] reading settings from: C:\Users\USER\Desktop\Personal\ZCode\.tmp\z1-native-1790566888278-3b5c94\home\.zcode\v2\setting.json
[Z1 child] [2026-09-28 11:41:54.570] [pid:16460] [settingService] read result: {"recentProjects":["C:\\Users\\USER\\Desktop\\Personal\\ZCode\\.tmp\\z1-native-1790566888278-3b5c94\\workspace-u2-scan","C:\\Users\\USER\\Desktop\\Personal\\ZCode\\.tmp\\z1-native-1790566888278-3b5c94\\workspace"],"locale":"zh-CN","localePreference":"en-US","terminalInheritSystemProfile":true,"embeddedBrowserAllowInsecureCertificates":false,"embeddedBrowserViewportPreference":{"mode":"normal","viewport":{"width":393,"height":852},"zoom":"fit"},"computerUseComposerEntryHidden":true,"taskAutoArchiveEnabled":false,"taskAutoArchiveOlderThanDays":7,"closeToTrayOnWindows":false,"closeToTrayOnWindowsMigrationInitialized":true,"keepAwakeWhileRunning":false,"desktopWindowSize":{"width":1920,"height":1080,"maximized":false},"desktopChromiumHardwareAccelerationEnabled":true,"messageStreamShowReasoning":true,"messageStreamShowReasoningMigrationInitialized":true,"messageStreamShowTodos":false,"toolGroupingExploreEnabled":true,"toolGroupingTerminalEnabled":true,"toolGroupingChangesEnabled":false,"zcodeInteractionBehavior":"queue","askUserQuestionAutoResolutionEnabled":false,"modelIoFullRetentionEnabled":false,"startPlanRecommendationDismissed":false,"providerFamilyConnectionSelections":{},"providerFamilyDomain":"zai","providerFamilyDomainMigrated":true,"nativeSearchEnhancementsEnabled":true,"memoryEnabled":false,"lastWorkspaceSession":[{"kind":"local","workspacePath":"C:\\Users\\USER\\Desktop\\Personal\\ZCode\\.tmp\\z1-native-1790566888278-3b5c94\\workspace-u2-scan","workspacePurpose":"project"},{"kind":"local","workspacePath":"C:\\Users\\USER\\Desktop\\Personal\\ZCode\\.tmp\\z1-native-1790566888278-3b5c94\\workspace","workspacePurpose":"project"},{"kind":"local","workspacePath":"C:\\Users\\USER\\Desktop\\Personal\\ZCode\\.tmp\\z1-native-1790566888278-3b5c94\\data\\.zcode\\workspace\\default","workspacePurpose":"conversation"}],"lastActiveTabIndex":1,"receivePreviewUpdates":false,"autoDownloadAndInstallUpdates":false,"skippedElectronUpdateVersions":{},"settingsSyncFirstRunPromptHandled":true}
[Z1 child] [2026-09-28 11:41:54.625] [pid:16460] [zcode-host] [rpc:call] zcode-agent.sendConversationCommandV4 OK (571.6ms)
[2026-09-28 11:41:54.625] [pid:41472] [main] [host-log] (local-1) [host] [2026-09-28 11:41:54.625] [pid:16460] [zcode-host] [rpc:call] zcode-agent.sendConversationCommandV4 OK (571.6ms)
[Z1 child] [2026-09-28 11:41:54.636] [pid:16460] [zcode-host] [rpc:call] zcode-agent.sendConversationCommandV4 OK (10.2ms)
[2026-09-28 11:41:54.636] [pid:41472] [main] [host-log] (local-1) [host] [2026-09-28 11:41:54.636] [pid:16460] [zcode-host] [rpc:call] zcode-agent.sendConversationCommandV4 OK (10.2ms)
[2026-09-28 11:41:54.883] [pid:41472] [main] [stability] perf_app_start reported
[Z1 child] [2026-09-28 11:41:55.360] [pid:16460] [zcode-host] [rpc:call] graphEngineering.artifact OK (21.2ms)
[2026-09-28 11:41:55.361] [pid:41472] [main] [host-log] (local-1) [host] [2026-09-28 11:41:55.360] [pid:16460] [zcode-host] [rpc:call] graphEngineering.artifact OK (21.2ms)
[Z1 child] [2026-09-28 11:41:55.438] [pid:16460] [zcode-host] [rpc:call] graphEngineering.artifact OK (4.8ms)
[2026-09-28 11:41:55.438] [pid:41472] [main] [host-log] (local-1) [host] [2026-09-28 11:41:55.438] [pid:16460] [zcode-host] [rpc:call] graphEngineering.artifact OK (4.8ms)
[Z1 child] [2026-09-28 11:41:55.510] [pid:16460] [zcode-host] [rpc:call] graphEngineering.artifact OK (16.3ms)
[2026-09-28 11:41:55.510] [pid:41472] [main] [host-log] (local-1) [host] [2026-09-28 11:41:55.510] [pid:16460] [zcode-host] [rpc:call] graphEngineering.artifact OK (16.3ms)
