[2026-09-28 11:12:42.292] [pid:1616] [settingService] write done
[2026-09-28 11:12:42.297] [pid:1616] [main] [open-folder] Windows Explorer 右键菜单安装失败 { error: '[Z1 isolation] registry access blocked' }
[2026-09-28 11:12:42.318] [pid:1616] [main] [desktop-network] renderer proxy mode=direct bypass=disabled customCa=disabled insecureCerts=rejected
[2026-09-28 11:12:42.319] [pid:1616] [main] [desktop-network] renderer proxy mode=system bypass=disabled customCa=disabled insecureCerts=rejected
[2026-09-28 11:12:42.321] [pid:1616] [main] [auto-update] disabled for this desktop product flavor
[Z1 isolation] blocked recent-document mutation
[2026-09-28 11:12:42.335] [pid:1616] [main] [resource] sampling started interval=10000ms report=60000ms
[2026-09-28 11:12:42.336] [pid:1616] [main] [network] reporting started interval=60000ms
[2026-09-28 11:12:42.337] [pid:1616] [main] [force-update] Preview 跳过远端强制升级检查
[2026-09-28 11:12:42.337] [pid:1616] [main] [startup] 创建主窗口
[2026-09-28 11:12:42.338] [pid:1616] [main] [primary-window] creating main window (app-ready)
[2026-09-28 11:12:42.340] [pid:1616] [main] [startup-workspace] using explicit open workspace: C:\Users\USER\Desktop\Personal\ZCode\.tmp\z1-native-1790565160835-e23cfe\workspace
[2026-09-28 11:12:42.448] [pid:1616] [main] [desktop-context-prompt] config refreshed { enabled: false, configVersion: undefined }
[2026-09-28 11:12:42.832] [pid:1616] [main] [renderer-action-trace] config refreshed { enabled: false, configVersion: 'disabled' }
[2026-09-28 11:12:42.834] [pid:1616] [main] [createWindow] dom-ready fired (local-1)
[2026-09-28 11:12:42.836] [pid:1616] [main] [desktop-context-prompt] first host spawn decision resolved { enabled: false, configVersion: undefined }
[2026-09-28 11:12:42.839] [pid:1616] [main] [spawnHostProcess] forked host process for (local-1), pid=undefined
[2026-09-28 11:12:42.840] [pid:1616] [main] [spawnHostProcess] host module path: C:\Users\USER\Desktop\Personal\ZCode\packages\desktop\out\host\index.js
[2026-09-28 11:12:42.841] [pid:1616] [main] [spawnHostProcess] glm binary path: <not found>
[2026-09-28 11:12:42.842] [pid:1616] [main] [spawnHostProcess] BIGMODEL_OAUTH_APP_SECRET source: fallback
[2026-09-28 11:12:42.843] [pid:1616] [main] [task-realtime] registered host {
  hostId: 'bd6da984-6708-4308-a25f-b0d2f7c3a6b4',
  windowId: 1,
  workspaceKeyCount: 0,
  deliveryKind: 'desktop_window'
}
[Z1 child] (node:13200) ExperimentalWarning: SQLite is an experimental feature and might change at any time
(Use `electron --trace-warnings ...` to show where the warning was created)
[Z1 child] [2026-09-28 11:12:43.210] [pid:13200] [zcode-host] ExperimentalWarning: SQLite is an experimental feature and might change at any time
[2026-09-28 11:12:43.215] [pid:1616] [main] [host-log] (local-1) [host] [2026-09-28 11:12:43.210] [pid:13200] [zcode-host] ExperimentalWarning: SQLite is an experimental feature and might change at any time
[Z1 child] [2026-09-28 11:12:43.215] [pid:13200] [zcode-host] [cua-pip-session] focus event dropped: service unavailable
[2026-09-28 11:12:43.218] [pid:1616] [main] [host-log] (local-1) [host] [2026-09-28 11:12:43.215] [pid:13200] [zcode-host] [cua-pip-session] focus event dropped: service unavailable
[Z1 child] (node:13200) ExperimentalWarning: SQLite is an experimental feature and might change at any time
(Use `electron --trace-warnings ...` to show where the warning was created)
[Z1 child] [2026-09-28 11:12:44.850] [pid:13200] [zcode-host] initializing local services
[2026-09-28 11:12:44.851] [pid:1616] [main] [host-log] (local-1) [host] [2026-09-28 11:12:44.850] [pid:13200] [zcode-host] initializing local services
[Z1 child] [2026-09-28 11:12:44.901] [pid:13200] [cua-pip-session] [cua-pip-session] wiring resolved {
  enabled: false,
  platform: 'win32',
  serviceAuthorityMode: 'desktop-local',
  lifecycleWired: true
}
[2026-09-28 11:12:44.902] [pid:1616] [main] [host-log] (local-1) [host] [2026-09-28 11:12:44.901] [pid:13200] [cua-pip-session] [cua-pip-session] wiring resolved {"enabled":false,"platform":"win32","serviceAuthorityMode":"desktop-local","lifecycleWired":true}
[Z1 child] [2026-09-28 11:12:44.906] [pid:13200] [settingService] reading settings from: C:\Users\USER\Desktop\Personal\ZCode\.tmp\z1-native-1790565160835-e23cfe\home\.zcode\v2\setting.json
[Z1 child] [2026-09-28 11:12:44.906] [pid:13200] [zcode-agent-service] 开始初始化 ZCode agent {
  workspaceKey: 'C:\\Users\\USER\\Desktop\\Personal\\ZCode\\.tmp\\z1-native-1790565160835-e23cfe\\workspace',
  workspacePath: 'C:\\Users\\USER\\Desktop\\Personal\\ZCode\\.tmp\\z1-native-1790565160835-e23cfe\\workspace'
}
[2026-09-28 11:12:44.907] [pid:1616] [main] [host-log] (local-1) [host] [2026-09-28 11:12:44.906] [pid:13200] [zcode-agent-service] 开始初始化 ZCode agent {"workspaceKey":"C:\\Users\\USER\\Desktop\\Personal\\ZCode\\.tmp\\z1-native-1790565160835-e23cfe\\workspace","workspacePath":"C:\\Users\\USER\\Desktop\\Personal\\ZCode\\.tmp\\z1-native-1790565160835-e23cfe\\workspace"}
[2026-09-28 11:12:44.907] [pid:1616] [main] [host-log] (local-1) [host] [2026-09-28 11:12:44.906] [pid:13200] [zcode-host] exposing services on ChannelServer...
[2026-09-28 11:12:44.908] [pid:1616] [main] [host-log] (local-1) [host] [2026-09-28 11:12:44.906] [pid:13200] [zcode-host] creating ChannelServer (deferInit=false)
[2026-09-28 11:12:44.909] [pid:1616] [main] [host-log] (local-1) [host] [2026-09-28 11:12:44.907] [pid:13200] [zcode-host] [rpc:register] channel "graphEngineering"
[2026-09-28 11:12:44.909] [pid:1616] [main] [host-log] (local-1) [host] [2026-09-28 11:12:44.907] [pid:13200] [zcode-host] [rpc:register] channel "graphWorkflow"
[2026-09-28 11:12:44.910] [pid:1616] [main] [host-log] (local-1) [host] [2026-09-28 11:12:44.907] [pid:13200] [zcode-host] [rpc:register] channel "graphParallel"
[2026-09-28 11:12:44.911] [pid:1616] [main] [host-log] (local-1) [host] [2026-09-28 11:12:44.907] [pid:13200] [zcode-host] [rpc:register] channel "file"
[2026-09-28 11:12:44.911] [pid:1616] [main] [host-log] (local-1) [host] [2026-09-28 11:12:44.907] [pid:13200] [zcode-host] [rpc:register] channel "media-preview"
[2026-09-28 11:12:44.912] [pid:1616] [main] [host-log] (local-1) [host] [2026-09-28 11:12:44.907] [pid:13200] [zcode-host] [rpc:register] channel "git"
[2026-09-28 11:12:44.912] [pid:1616] [main] [host-log] (local-1) [host] [2026-09-28 11:12:44.907] [pid:13200] [zcode-host] [rpc:register] channel "git-checkpoint"
[2026-09-28 11:12:44.913] [pid:1616] [main] [host-log] (local-1) [host] [2026-09-28 11:12:44.907] [pid:13200] [zcode-host] [rpc:register] channel "system"
[2026-09-28 11:12:44.913] [pid:1616] [main] [host-log] (local-1) [host] [2026-09-28 11:12:44.907] [pid:13200] [zcode-host] [rpc:register] channel "terminal"
[Z1 child] [2026-09-28 11:12:44.906] [pid:13200] [zcode-host] exposing services on ChannelServer...
[2026-09-28 11:12:44.906] [pid:13200] [zcode-host] creating ChannelServer (deferInit=false)
[2026-09-28 11:12:44.907] [pid:13200] [zcode-host] [rpc:register] channel "graphEngineering"
[2026-09-28 11:12:44.907] [pid:13200] [zcode-host] [rpc:register] channel "graphWorkflow"
[2026-09-28 11:12:44.907] [pid:13200] [zcode-host] [rpc:register] channel "graphParallel"
[2026-09-28 11:12:44.907] [pid:13200] [zcode-host] [rpc:register] channel "file"
[2026-09-28 11:12:44.907] [pid:13200] [zcode-host] [rpc:register] channel "media-preview"
[2026-09-28 11:12:44.907] [pid:13200] [zcode-host] [rpc:register] channel "git"
[2026-09-28 11:12:44.907] [pid:13200] [zcode-host] [rpc:register] channel "git-checkpoint"
[2026-09-28 11:12:44.907] [pid:13200] [zcode-host] [rpc:register] channel "system"
[2026-09-28 11:12:44.907] [pid:13200] [zcode-host] [rpc:register] channel "terminal"
[2026-09-28 11:12:44.907] [pid:13200] [zcode-host] [rpc:register] channel "setting"
[2026-09-28 11:12:44.907] [pid:13200] [zcode-host] [rpc:register] channel "onboarding-record"
[2026-09-28 11:12:44.908] [pid:13200] [zcode-host] [rpc:register] channel "credential"
[2026-09-28 11:12:44.908] [pid:13200] [zcode-host] [rpc:register] channel "broadcast"
[2026-09-28 11:12:44.908] [pid:13200] [zcode-host] [rpc:register] channel "zcode-task"
[2026-09-28 11:12:44.908] [pid:13200] [zcode-host] [rpc:register] channel "zcode-agent"
[2026-09-28 11:12:44.908] [pid:13200] [zcode-host] [rpc:register] channel "zcode-session"
[2026-09-28 11:12:44.908] [pid:13200] [zcode-host] [rpc:register] channel "cua-permission"
[2026-09-28 11:12:44.908] [pid:13200] [zcode-host] [rpc:register] channel "cua-pip-session"
[2026-09-28 11:12:44.908] [pid:13200] [zcode-host] [rpc:register] channel "conversation-share"
[2026-09-28 11:12:44.908] [pid:13200] [zcode-host] [rpc:register] channel "bots"
[2026-09-28 11:12:44.908] [pid:13200] [zcode-host] [rpc:register] channel "file-watcher"
[2026-09-28 11:12:44.908] [pid:13200] [zcode-host] [rpc:register] channel "oauth"
[2026-09-28 11:12:44.908] [pid:13200] [zcode-host] [rpc:register] channel "usage-stats"
[2026-09-28 11:12:44.908] [pid:13200] [zcode-host] [rpc:register] channel "coding-plan-subscription"
[2026-09-28 11:12:44.908] [pid:13200] [zcode-host] [rpc:register] channel "client-config"
[2026-09-28 11:12:44.908] [pid:13200] [zcode-host] [rpc:register] channel "client-scenes"
[2026-09-28 11:12:44.908] [pid:13200] [zcode-host] [rpc:register] channel "off-peak-task"
[2026-09-28 11:12:44.908] [pid:13200] [zcode-host] [rpc:register] channel "skills"
[2026-09-28 11:12:44.908] [pid:13200] [zcode-host] [rpc:register] channel "skill-sync"
[2026-09-28 11:12:44.908] [pid:13200] [zcode-host] [rpc:register] channel "mcp-sync"
[2026-09-28 11:12:44.908] [pid:13200] [zcode-host] [rpc:register] channel "plugin-sync"
[2026-09-28 11:12:44.908] [pid:13200] [zcode-host] [rpc:register] channel "plugins"
[2026-09-28 11:12:44.908] [pid:13200] [zcode-host] [rpc:register] channel "plugin-management"
[2026-09-28 11:12:44.908] [pid:13200] [zcode-host] [rpc:register] channel "subagents"
[2026-09-28 11:12:44.908] [pid:13200] [zcode-host] [rpc:register] channel "commands"
[2026-09-28 11:12:44.908] [pid:13200] [zcode-host] [rpc:register] channel "hooks"
[2026-09-28 11:12:44.908] [pid:13200] [zcode-host] [rpc:register] channel "memory"
[2026-09-28 11:12:44.908] [pid:13200] [zcode-host] [rpc:register] channel "settings-sync"
[2026-09-28 11:12:44.908] [pid:13200] [zcode-host] [rpc:register] channel "feedback"
[2026-09-28 11:12:44.908] [pid:13200] [zcode-host] [rpc:register] channel "prompt-attachment-transfer"
[2026-09-28 11:12:44.908] [pid:13200] [zcode-host] [rpc:register] channel "provider-settings"
[2026-09-28 11:12:44.908] [pid:13200] [zcode-host] [rpc:register] channel "model-selection"
[2026-09-28 11:12:44.908] [pid:13200] [zcode-host] [rpc:register] channel "window-controller"
[2026-09-28 11:12:44.908] [pid:13200] [zcode-host] service connection ready mode=desktop-continuous
[2026-09-28 11:12:44.908] [pid:13200] [zcode-host] window Host topology, reason=base-attachment-ready, pid=13200, connections=0, logicalSessions=0, attachments=1
[2026-09-28 11:12:44.914] [pid:1616] [main] [host-log] (local-1) [host] [2026-09-28 11:12:44.907] [pid:13200] [zcode-host] [rpc:register] channel "setting"
[2026-09-28 11:12:44.915] [pid:1616] [main] [host-log] (local-1) [host] [2026-09-28 11:12:44.907] [pid:13200] [zcode-host] [rpc:register] channel "onboarding-record"
[2026-09-28 11:12:44.915] [pid:1616] [main] [host-log] (local-1) [host] [2026-09-28 11:12:44.908] [pid:13200] [zcode-host] [rpc:register] channel "credential"
[2026-09-28 11:12:44.916] [pid:1616] [main] [host-log] (local-1) [host] [2026-09-28 11:12:44.908] [pid:13200] [zcode-host] [rpc:register] channel "broadcast"
[2026-09-28 11:12:44.917] [pid:1616] [main] [host-log] (local-1) [host] [2026-09-28 11:12:44.908] [pid:13200] [zcode-host] [rpc:register] channel "zcode-task"
[2026-09-28 11:12:44.918] [pid:1616] [main] [host-log] (local-1) [host] [2026-09-28 11:12:44.908] [pid:13200] [zcode-host] [rpc:register] channel "zcode-agent"
[2026-09-28 11:12:44.918] [pid:1616] [main] [host-log] (local-1) [host] [2026-09-28 11:12:44.908] [pid:13200] [zcode-host] [rpc:register] channel "zcode-session"
[2026-09-28 11:12:44.919] [pid:1616] [main] [host-log] (local-1) [host] [2026-09-28 11:12:44.908] [pid:13200] [zcode-host] [rpc:register] channel "cua-permission"
[2026-09-28 11:12:44.920] [pid:1616] [main] [host-log] (local-1) [host] [2026-09-28 11:12:44.908] [pid:13200] [zcode-host] [rpc:register] channel "cua-pip-session"
[2026-09-28 11:12:44.920] [pid:1616] [main] [host-log] (local-1) [host] [2026-09-28 11:12:44.908] [pid:13200] [zcode-host] [rpc:register] channel "conversation-share"
[2026-09-28 11:12:44.921] [pid:1616] [main] [host-log] (local-1) [host] [2026-09-28 11:12:44.908] [pid:13200] [zcode-host] [rpc:register] channel "bots"
[2026-09-28 11:12:44.921] [pid:1616] [main] [host-log] (local-1) [host] [2026-09-28 11:12:44.908] [pid:13200] [zcode-host] [rpc:register] channel "file-watcher"
[2026-09-28 11:12:44.922] [pid:1616] [main] [host-log] (local-1) [host] [2026-09-28 11:12:44.908] [pid:13200] [zcode-host] [rpc:register] channel "oauth"
[2026-09-28 11:12:44.922] [pid:1616] [main] [host-log] (local-1) [host] [2026-09-28 11:12:44.908] [pid:13200] [zcode-host] [rpc:register] channel "usage-stats"
[2026-09-28 11:12:44.924] [pid:1616] [main] [host-log] (local-1) [host] [2026-09-28 11:12:44.908] [pid:13200] [zcode-host] [rpc:register] channel "coding-plan-subscription"
[2026-09-28 11:12:44.924] [pid:1616] [main] [host-log] (local-1) [host] [2026-09-28 11:12:44.908] [pid:13200] [zcode-host] [rpc:register] channel "client-config"
[2026-09-28 11:12:44.925] [pid:1616] [main] [host-log] (local-1) [host] [2026-09-28 11:12:44.908] [pid:13200] [zcode-host] [rpc:register] channel "client-scenes"
[2026-09-28 11:12:44.926] [pid:1616] [main] [host-log] (local-1) [host] [2026-09-28 11:12:44.908] [pid:13200] [zcode-host] [rpc:register] channel "off-peak-task"
[2026-09-28 11:12:44.927] [pid:1616] [main] [host-log] (local-1) [host] [2026-09-28 11:12:44.908] [pid:13200] [zcode-host] [rpc:register] channel "skills"
[2026-09-28 11:12:44.927] [pid:1616] [main] [host-log] (local-1) [host] [2026-09-28 11:12:44.908] [pid:13200] [zcode-host] [rpc:register] channel "skill-sync"
[2026-09-28 11:12:44.928] [pid:1616] [main] [host-log] (local-1) [host] [2026-09-28 11:12:44.908] [pid:13200] [zcode-host] [rpc:register] channel "mcp-sync"
[2026-09-28 11:12:44.929] [pid:1616] [main] [host-log] (local-1) [host] [2026-09-28 11:12:44.908] [pid:13200] [zcode-host] [rpc:register] channel "plugin-sync"
[2026-09-28 11:12:44.929] [pid:1616] [main] [host-log] (local-1) [host] [2026-09-28 11:12:44.908] [pid:13200] [zcode-host] [rpc:register] channel "plugins"
[2026-09-28 11:12:44.930] [pid:1616] [main] [host-log] (local-1) [host] [2026-09-28 11:12:44.908] [pid:13200] [zcode-host] [rpc:register] channel "plugin-management"
[2026-09-28 11:12:44.931] [pid:1616] [main] [host-log] (local-1) [host] [2026-09-28 11:12:44.908] [pid:13200] [zcode-host] [rpc:register] channel "subagents"
[2026-09-28 11:12:44.932] [pid:1616] [main] [host-log] (local-1) [host] [2026-09-28 11:12:44.908] [pid:13200] [zcode-host] [rpc:register] channel "commands"
[2026-09-28 11:12:44.932] [pid:1616] [main] [host-log] (local-1) [host] [2026-09-28 11:12:44.908] [pid:13200] [zcode-host] [rpc:register] channel "hooks"
[2026-09-28 11:12:44.933] [pid:1616] [main] [host-log] (local-1) [host] [2026-09-28 11:12:44.908] [pid:13200] [zcode-host] [rpc:register] channel "memory"
[2026-09-28 11:12:44.934] [pid:1616] [main] [host-log] (local-1) [host] [2026-09-28 11:12:44.908] [pid:13200] [zcode-host] [rpc:register] channel "settings-sync"
[2026-09-28 11:12:44.935] [pid:1616] [main] [host-log] (local-1) [host] [2026-09-28 11:12:44.908] [pid:13200] [zcode-host] [rpc:register] channel "feedback"
[2026-09-28 11:12:44.935] [pid:1616] [main] [host-log] (local-1) [host] [2026-09-28 11:12:44.908] [pid:13200] [zcode-host] [rpc:register] channel "prompt-attachment-transfer"
[2026-09-28 11:12:44.936] [pid:1616] [main] [host-log] (local-1) [host] [2026-09-28 11:12:44.908] [pid:13200] [zcode-host] [rpc:register] channel "provider-settings"
[2026-09-28 11:12:44.937] [pid:1616] [main] [host-log] (local-1) [host] [2026-09-28 11:12:44.908] [pid:13200] [zcode-host] [rpc:register] channel "model-selection"
[2026-09-28 11:12:44.937] [pid:1616] [main] [host-log] (local-1) [host] [2026-09-28 11:12:44.908] [pid:13200] [zcode-host] [rpc:register] channel "window-controller"
[2026-09-28 11:12:44.938] [pid:1616] [main] [host-log] (local-1) [host] [2026-09-28 11:12:44.908] [pid:13200] [zcode-host] service connection ready mode=desktop-continuous
[2026-09-28 11:12:44.938] [pid:1616] [main] [host-log] (local-1) [host] [2026-09-28 11:12:44.908] [pid:13200] [zcode-host] window Host topology, reason=base-attachment-ready, pid=13200, connections=0, logicalSessions=0, attachments=1
[2026-09-28 11:12:44.939] [pid:1616] [main] [host-log] (local-1) [host] [2026-09-28 11:12:44.913] [pid:13200] [zcode-host] local services ready, all channels registered
[2026-09-28 11:12:44.940] [pid:1616] [main] [database-startup] terminal {
  attemptId: 'd92719e9-8afe-477c-9ec9-7e4e84b13e99',
  status: 'ready',
  durationMs: 1701,
  errorCode: undefined,
  disk: [
    {
      scopeId: '9319b000c8e74f2867e1e7bd121ddaf54b120dc84ca6297ecd939a191d9c2c40',
      observedAvailableDropPeakBytes: 221184,
      minAvailableBytes: 267676196864,
      quality: 'complete',
      sampledAt: 1790565163803
    }
  ]
}
[2026-09-28 11:12:44.941] [pid:1616] [main] [cron-scheduler] forked scheduler process pid=undefined
[Z1 child] [2026-09-28 11:12:44.913] [pid:13200] [zcode-host] local services ready, all channels registered
[2026-09-28 11:12:44.921] [pid:13200] [settingService] read result: {"recentProjects":[],"locale":"zh-CN","localePreference":"en-US","terminalInheritSystemProfile":true,"embeddedBrowserAllowInsecureCertificates":false,"embeddedBrowserViewportPreference":{"mode":"normal","viewport":{"width":393,"height":852},"zoom":"fit"},"computerUseComposerEntryHidden":true,"taskAutoArchiveEnabled":false,"taskAutoArchiveOlderThanDays":7,"closeToTrayOnWindows":false,"closeToTrayOnWindowsMigrationInitialized":true,"keepAwakeWhileRunning":false,"desktopChromiumHardwareAccelerationEnabled":true,"messageStreamShowReasoning":true,"messageStreamShowReasoningMigrationInitialized":true,"messageStreamShowTodos":false,"toolGroupingExploreEnabled":true,"toolGroupingTerminalEnabled":true,"toolGroupingChangesEnabled":false,"zcodeInteractionBehavior":"queue","askUserQuestionAutoResolutionEnabled":false,"modelIoFullRetentionEnabled":false,"startPlanRecommendationDismissed":false,"providerFamilyConnectionSelections":{},"providerFamilyDomain":"zai","providerFamilyDomainMigrated":true,"nativeSearchEnhancementsEnabled":true,"memoryEnabled":false,"lastWorkspaceSession":[],"lastActiveTabIndex":0,"receivePreviewUpdates":false,"autoDownloadAndInstallUpdates":false,"skippedElectronUpdateVersions":{}}
[Z1 child] [2026-09-28 11:12:44.946] [pid:13200] [zcode-host] [rpc:listen] broadcast.onMessage subscribed
[2026-09-28 11:12:44.947] [pid:1616] [main] [host-log] (local-1) [host] [2026-09-28 11:12:44.946] [pid:13200] [zcode-host] [rpc:listen] broadcast.onMessage subscribed
[Z1 child] [2026-09-28 11:12:44.949] [pid:13200] [zcode-host] [rpc:listen] zcode-agent.onDynamicCuaPermissionObservation subscribed
[2026-09-28 11:12:44.950] [pid:1616] [main] [host-log] (local-1) [host] [2026-09-28 11:12:44.949] [pid:13200] [zcode-host] [rpc:listen] zcode-agent.onDynamicCuaPermissionObservation subscribed
[2026-09-28 11:12:44.951] [pid:1616] [main] [host-log] (local-1) [host] [2026-09-28 11:12:44.950] [pid:13200] [zcode-host] [rpc:listen] model-selection.onDidChange subscribed
[2026-09-28 11:12:44.952] [pid:1616] [main] [host-log] (local-1) [host] [2026-09-28 11:12:44.950] [pid:13200] [zcode-host] [rpc:listen] broadcast.onMessage subscribed
[2026-09-28 11:12:44.952] [pid:1616] [main] [host-log] (local-1) [host] [2026-09-28 11:12:44.950] [pid:13200] [zcode-host] [rpc:listen] provider-settings.onDidChange subscribed
[2026-09-28 11:12:44.953] [pid:1616] [main] [task-realtime] updated host workspace scopes {
  hostId: 'bd6da984-6708-4308-a25f-b0d2f7c3a6b4',
  workspaceKeyCount: 0
}
[2026-09-28 11:12:44.955] [pid:1616] [main] [open-folder] Windows Explorer 右键菜单安装失败 { error: '[Z1 isolation] registry access blocked' }
[2026-09-28 11:12:44.957] [pid:1616] [main] [host-log] (local-1) [host] [2026-09-28 11:12:44.950] [pid:13200] [zcode-host] [rpc:listen] broadcast.onMessage subscribed
[Z1 child] [2026-09-28 11:12:44.950] [pid:13200] [settingService] reading settings from: C:\Users\USER\Desktop\Personal\ZCode\.tmp\z1-native-1790565160835-e23cfe\home\.zcode\v2\setting.json
[2026-09-28 11:12:44.950] [pid:13200] [settingService] reading settings from: C:\Users\USER\Desktop\Personal\ZCode\.tmp\z1-native-1790565160835-e23cfe\home\.zcode\v2\setting.json
[2026-09-28 11:12:44.950] [pid:13200] [zcode-host] [rpc:listen] model-selection.onDidChange subscribed
[2026-09-28 11:12:44.950] [pid:13200] [zcode-host] [rpc:listen] broadcast.onMessage subscribed
[2026-09-28 11:12:44.950] [pid:13200] [zcode-host] [rpc:listen] provider-settings.onDidChange subscribed
[2026-09-28 11:12:44.950] [pid:13200] [settingService] reading settings from: C:\Users\USER\Desktop\Personal\ZCode\.tmp\z1-native-1790565160835-e23cfe\home\.zcode\v2\setting.json
[2026-09-28 11:12:44.950] [pid:13200] [zcode-host] [rpc:listen] broadcast.onMessage subscribed
[2026-09-28 11:12:44.952] [pid:13200] [zcode-host] [rpc:listen] provider-settings.onDidChange subscribed
[2026-09-28 11:12:44.953] [pid:13200] [zcode-host] [rpc:listen] broadcast.onMessage subscribed
[2026-09-28 11:12:44.953] [pid:13200] [settingService] reading settings from: C:\Users\USER\Desktop\Personal\ZCode\.tmp\z1-native-1790565160835-e23cfe\home\.zcode\v2\setting.json
[2026-09-28 11:12:44.953] [pid:13200] [zcode-host] [rpc:listen] broadcast.onMessage subscribed
[2026-09-28 11:12:44.953] [pid:13200] [oauthService] restoreCachedSession skipped: no active provider
[2026-09-28 11:12:44.953] [pid:13200] [zcode-host] [rpc:call] oauth.restoreCachedSessionState OK (0.9ms)
[2026-09-28 11:12:44.954] [pid:13200] [settingService] read result: {"recentProjects":[],"locale":"zh-CN","localePreference":"en-US","terminalInheritSystemProfile":true,"embeddedBrowserAllowInsecureCertificates":false,"embeddedBrowserViewportPreference":{"mode":"normal","viewport":{"width":393,"height":852},"zoom":"fit"},"computerUseComposerEntryHidden":true,"taskAutoArchiveEnabled":false,"taskAutoArchiveOlderThanDays":7,"closeToTrayOnWindows":false,"closeToTrayOnWindowsMigrationInitialized":true,"keepAwakeWhileRunning":false,"desktopChromiumHardwareAccelerationEnabled":true,"messageStreamShowReasoning":true,"messageStreamShowReasoningMigrationInitialized":true,"messageStreamShowTodos":false,"toolGroupingExploreEnabled":true,"toolGroupingTerminalEnabled":true,"toolGroupingChangesEnabled":false,"zcodeInteractionBehavior":"queue","askUserQuestionAutoResolutionEnabled":false,"modelIoFullRetentionEnabled":false,"startPlanRecommendationDismissed":false,"providerFamilyConnectionSelections":{},"providerFamilyDomain":"zai","providerFamilyDomainMigrated":true,"nativeSearchEnhancementsEnabled":true,"memoryEnabled":false,"lastWorkspaceSession":[],"lastActiveTabIndex":0,"receivePreviewUpdates":false,"autoDownloadAndInstallUpdates":false,"skippedElectronUpdateVersions":{}}
[2026-09-28 11:12:44.955] [pid:13200] [node-api-client] zcode endpoint request headers prepared {
  headerKeys: [
    'http-referer',
    'user-agent',
    'x-client-language',
    'x-client-timezone',
    'x-device-mid',
    'x-os-category',
    'x-os-version',
    'x-platform',
    'x-release-channel',
    'x-request-id',
    'x-title',
    'x-zcode-app-version'
  ],
  method: 'GET',
  url: 'http://127.0.0.1:57725/api/v1/client/configs?app_version=3.14.0&platform=win32-x64'
}
[2026-09-28 11:12:44.956] [pid:13200] [settingService] reading settings from: C:\Users\USER\Desktop\Personal\ZCode\.tmp\z1-native-1790565160835-e23cfe\home\.zcode\v2\setting.json
[2026-09-28 11:12:44.956] [pid:13200] [settingService] read result: {"recentProjects":[],"locale":"zh-CN","localePreference":"en-US","terminalInheritSystemProfile":true,"embeddedBrowserAllowInsecureCertificates":false,"embeddedBrowserViewportPreference":{"mode":"normal","viewport":{"width":393,"height":852},"zoom":"fit"},"computerUseComposerEntryHidden":true,"taskAutoArchiveEnabled":false,"taskAutoArchiveOlderThanDays":7,"closeToTrayOnWindows":false,"closeToTrayOnWindowsMigrationInitialized":true,"keepAwakeWhileRunning":false,"desktopChromiumHardwareAccelerationEnabled":true,"messageStreamShowReasoning":true,"messageStreamShowReasoningMigrationInitialized":true,"messageStreamShowTodos":false,"toolGroupingExploreEnabled":true,"toolGroupingTerminalEnabled":true,"toolGroupingChangesEnabled":false,"zcodeInteractionBehavior":"queue","askUserQuestionAutoResolutionEnabled":false,"modelIoFullRetentionEnabled":false,"startPlanRecommendationDismissed":false,"providerFamilyConnectionSelections":{},"providerFamilyDomain":"zai","providerFamilyDomainMigrated":true,"nativeSearchEnhancementsEnabled":true,"memoryEnabled":false,"lastWorkspaceSession":[],"lastActiveTabIndex":0,"receivePreviewUpdates":false,"autoDownloadAndInstallUpdates":false,"skippedElectronUpdateVersions":{}}
[2026-09-28 11:12:44.960] [pid:1616] [main] [host-log] (local-1) [host] [2026-09-28 11:12:44.952] [pid:13200] [zcode-host] [rpc:listen] provider-settings.onDidChange subscribed
[2026-09-28 11:12:44.961] [pid:1616] [main] [host-log] (local-1) [host] [2026-09-28 11:12:44.953] [pid:13200] [zcode-host] [rpc:listen] broadcast.onMessage subscribed
[2026-09-28 11:12:44.961] [pid:1616] [main] [host-log] (local-1) [host] [2026-09-28 11:12:44.953] [pid:13200] [zcode-host] [rpc:listen] broadcast.onMessage subscribed
[2026-09-28 11:12:44.962] [pid:1616] [main] [host-log] (local-1) [host] [2026-09-28 11:12:44.953] [pid:13200] [oauthService] restoreCachedSession skipped: no active provider
[2026-09-28 11:12:44.963] [pid:1616] [main] [host-log] (local-1) [host] [2026-09-28 11:12:44.953] [pid:13200] [zcode-host] [rpc:call] oauth.restoreCachedSessionState OK (0.9ms)
[2026-09-28 11:12:44.964] [pid:1616] [main] [host-log] (local-1) [host] [2026-09-28 11:12:44.959] [pid:13200] [zcode-host] [rpc:call] setting.get OK (8.9ms)
[Z1 child] [2026-09-28 11:12:44.959] [pid:13200] [zcode-host] [rpc:call] setting.get OK (8.9ms)
[2026-09-28 11:12:44.960] [pid:13200] [zcode-host] [rpc:call] zcode-agent.syncAppRuntimePreferences OK (0.0ms)
[2026-09-28 11:12:44.960] [pid:13200] [zcode-host] [rpc:call] bots.syncAppRuntimePreferences OK (0.0ms)
[2026-09-28 11:12:44.961] [pid:13200] [settingService] read result: {"recentProjects":[],"locale":"zh-CN","localePreference":"en-US","terminalInheritSystemProfile":true,"embeddedBrowserAllowInsecureCertificates":false,"embeddedBrowserViewportPreference":{"mode":"normal","viewport":{"width":393,"height":852},"zoom":"fit"},"computerUseComposerEntryHidden":true,"taskAutoArchiveEnabled":false,"taskAutoArchiveOlderThanDays":7,"closeToTrayOnWindows":false,"closeToTrayOnWindowsMigrationInitialized":true,"keepAwakeWhileRunning":false,"desktopChromiumHardwareAccelerationEnabled":true,"messageStreamShowReasoning":true,"messageStreamShowReasoningMigrationInitialized":true,"messageStreamShowTodos":false,"toolGroupingExploreEnabled":true,"toolGroupingTerminalEnabled":true,"toolGroupingChangesEnabled":false,"zcodeInteractionBehavior":"queue","askUserQuestionAutoResolutionEnabled":false,"modelIoFullRetentionEnabled":false,"startPlanRecommendationDismissed":false,"providerFamilyConnectionSelections":{},"providerFamilyDomain":"zai","providerFamilyDomainMigrated":true,"nativeSearchEnhancementsEnabled":true,"memoryEnabled":false,"lastWorkspaceSession":[],"lastActiveTabIndex":0,"receivePreviewUpdates":false,"autoDownloadAndInstallUpdates":false,"skippedElectronUpdateVersions":{}}
[2026-09-28 11:12:44.961] [pid:13200] [zcode-host] [rpc:call] setting.get OK (10.6ms)
[2026-09-28 11:12:44.963] [pid:13200] [settingService] reading settings from: C:\Users\USER\Desktop\Personal\ZCode\.tmp\z1-native-1790565160835-e23cfe\home\.zcode\v2\setting.json
[2026-09-28 11:12:44.963] [pid:13200] [settingService] read result: {"recentProjects":[],"locale":"zh-CN","localePreference":"en-US","terminalInheritSystemProfile":true,"embeddedBrowserAllowInsecureCertificates":false,"embeddedBrowserViewportPreference":{"mode":"normal","viewport":{"width":393,"height":852},"zoom":"fit"},"computerUseComposerEntryHidden":true,"taskAutoArchiveEnabled":false,"taskAutoArchiveOlderThanDays":7,"closeToTrayOnWindows":false,"closeToTrayOnWindowsMigrationInitialized":true,"keepAwakeWhileRunning":false,"desktopChromiumHardwareAccelerationEnabled":true,"messageStreamShowReasoning":true,"messageStreamShowReasoningMigrationInitialized":true,"messageStreamShowTodos":false,"toolGroupingExploreEnabled":true,"toolGroupingTerminalEnabled":true,"toolGroupingChangesEnabled":false,"zcodeInteractionBehavior":"queue","askUserQuestionAutoResolutionEnabled":false,"modelIoFullRetentionEnabled":false,"startPlanRecommendationDismissed":false,"providerFamilyConnectionSelections":{},"providerFamilyDomain":"zai","providerFamilyDomainMigrated":true,"nativeSearchEnhancementsEnabled":true,"memoryEnabled":false,"lastWorkspaceSession":[],"lastActiveTabIndex":0,"receivePreviewUpdates":false,"autoDownloadAndInstallUpdates":false,"skippedElectronUpdateVersions":{}}
[2026-09-28 11:12:44.963] [pid:13200] [zcode-host] [rpc:call] setting.get OK (10.5ms)
[2026-09-28 11:12:44.963] [pid:13200] [settingService] read result: {"recentProjects":[],"locale":"zh-CN","localePreference":"en-US","terminalInheritSystemProfile":true,"embeddedBrowserAllowInsecureCertificates":false,"embeddedBrowserViewportPreference":{"mode":"normal","viewport":{"width":393,"height":852},"zoom":"fit"},"computerUseComposerEntryHidden":true,"taskAutoArchiveEnabled":false,"taskAutoArchiveOlderThanDays":7,"closeToTrayOnWindows":false,"closeToTrayOnWindowsMigrationInitialized":true,"keepAwakeWhileRunning":false,"desktopChromiumHardwareAccelerationEnabled":true,"messageStreamShowReasoning":true,"messageStreamShowReasoningMigrationInitialized":true,"messageStreamShowTodos":false,"toolGroupingExploreEnabled":true,"toolGroupingTerminalEnabled":true,"toolGroupingChangesEnabled":false,"zcodeInteractionBehavior":"queue","askUserQuestionAutoResolutionEnabled":false,"modelIoFullRetentionEnabled":false,"startPlanRecommendationDismissed":false,"providerFamilyConnectionSelections":{},"providerFamilyDomain":"zai","providerFamilyDomainMigrated":true,"nativeSearchEnhancementsEnabled":true,"memoryEnabled":false,"lastWorkspaceSession":[],"lastActiveTabIndex":0,"receivePreviewUpdates":false,"autoDownloadAndInstallUpdates":false,"skippedElectronUpdateVersions":{}}
[Z1 child] [2026-09-28 11:12:44.960] [pid:13200] [cua-pip-session] [cua-pip-session] event delivery dropped {
  kind: 'focus-changed',
  revision: 3,
  sessionId: null,
  sourceWindowId: 'window-1',
  skipReason: 'service-disabled'
}
[2026-09-28 11:12:44.964] [pid:1616] [main] [host-log] (local-1) [host] [2026-09-28 11:12:44.960] [pid:13200] [cua-pip-session] [cua-pip-session] event delivery dropped {"kind":"focus-changed","revision":3,"sessionId":null,"sourceWindowId":"window-1","skipReason":"service-disabled"}
[2026-09-28 11:12:44.965] [pid:1616] [main] [host-log] (local-1) [host] [2026-09-28 11:12:44.960] [pid:13200] [zcode-host] [rpc:call] zcode-agent.syncAppRuntimePreferences OK (0.0ms)
[2026-09-28 11:12:44.966] [pid:1616] [main] [host-log] (local-1) [host] [2026-09-28 11:12:44.960] [pid:13200] [zcode-host] [rpc:call] bots.syncAppRuntimePreferences OK (0.0ms)
[2026-09-28 11:12:44.966] [pid:1616] [main] [host-log] (local-1) [host] [2026-09-28 11:12:44.961] [pid:13200] [zcode-host] [rpc:call] setting.get OK (10.6ms)
[2026-09-28 11:12:44.967] [pid:1616] [main] [host-log] (local-1) [host] [2026-09-28 11:12:44.963] [pid:13200] [zcode-host] [rpc:call] setting.get OK (10.5ms)
[Z1 child] [2026-09-28 11:12:44.974] [pid:13200] [zcode-host] [rpc:call] coding-plan-subscription.getDynamicWorkflowClientConfig OK (24.4ms)
[2026-09-28 11:12:44.975] [pid:1616] [main] [host-log] (local-1) [host] [2026-09-28 11:12:44.974] [pid:13200] [zcode-host] [rpc:call] coding-plan-subscription.getDynamicWorkflowClientConfig OK (24.4ms)
[Z1 child] [2026-09-28 11:12:44.974] [pid:13200] [settingService] read result: {"recentProjects":[],"locale":"zh-CN","localePreference":"en-US","terminalInheritSystemProfile":true,"embeddedBrowserAllowInsecureCertificates":false,"embeddedBrowserViewportPreference":{"mode":"normal","viewport":{"width":393,"height":852},"zoom":"fit"},"computerUseComposerEntryHidden":true,"taskAutoArchiveEnabled":false,"taskAutoArchiveOlderThanDays":7,"closeToTrayOnWindows":false,"closeToTrayOnWindowsMigrationInitialized":true,"keepAwakeWhileRunning":false,"desktopChromiumHardwareAccelerationEnabled":true,"messageStreamShowReasoning":true,"messageStreamShowReasoningMigrationInitialized":true,"messageStreamShowTodos":false,"toolGroupingExploreEnabled":true,"toolGroupingTerminalEnabled":true,"toolGroupingChangesEnabled":false,"zcodeInteractionBehavior":"queue","askUserQuestionAutoResolutionEnabled":false,"modelIoFullRetentionEnabled":false,"startPlanRecommendationDismissed":false,"providerFamilyConnectionSelections":{},"providerFamilyDomain":"zai","providerFamilyDomainMigrated":true,"nativeSearchEnhancementsEnabled":true,"memoryEnabled":false,"lastWorkspaceSession":[],"lastActiveTabIndex":0,"receivePreviewUpdates":false,"autoDownloadAndInstallUpdates":false,"skippedElectronUpdateVersions":{}}
[2026-09-28 11:12:44.974] [pid:13200] [zcode-host] [rpc:call] setting.get OK (11.6ms)
[2026-09-28 11:12:44.977] [pid:1616] [main] [host-log] (local-1) [host] [2026-09-28 11:12:44.974] [pid:13200] [zcode-host] [rpc:call] setting.get OK (11.6ms)
[Z1 child] [2026-09-28 11:12:45.016] [pid:13200] [settingService] reading settings from: C:\Users\USER\Desktop\Personal\ZCode\.tmp\z1-native-1790565160835-e23cfe\home\.zcode\v2\setting.json
[Z1 child] [2026-09-28 11:12:45.017] [pid:13200] [settingService] read result: {"recentProjects":[],"locale":"zh-CN","localePreference":"en-US","terminalInheritSystemProfile":true,"embeddedBrowserAllowInsecureCertificates":false,"embeddedBrowserViewportPreference":{"mode":"normal","viewport":{"width":393,"height":852},"zoom":"fit"},"computerUseComposerEntryHidden":true,"taskAutoArchiveEnabled":false,"taskAutoArchiveOlderThanDays":7,"closeToTrayOnWindows":false,"closeToTrayOnWindowsMigrationInitialized":true,"keepAwakeWhileRunning":false,"desktopChromiumHardwareAccelerationEnabled":true,"messageStreamShowReasoning":true,"messageStreamShowReasoningMigrationInitialized":true,"messageStreamShowTodos":false,"toolGroupingExploreEnabled":true,"toolGroupingTerminalEnabled":true,"toolGroupingChangesEnabled":false,"zcodeInteractionBehavior":"queue","askUserQuestionAutoResolutionEnabled":false,"modelIoFullRetentionEnabled":false,"startPlanRecommendationDismissed":false,"providerFamilyConnectionSelections":{},"providerFamilyDomain":"zai","providerFamilyDomainMigrated":true,"nativeSearchEnhancementsEnabled":true,"memoryEnabled":false,"lastWorkspaceSession":[],"lastActiveTabIndex":0,"receivePreviewUpdates":false,"autoDownloadAndInstallUpdates":false,"skippedElectronUpdateVersions":{}}
[Z1 child] [2026-09-28 11:12:45.017] [pid:13200] [settingService] reading settings from: C:\Users\USER\Desktop\Personal\ZCode\.tmp\z1-native-1790565160835-e23cfe\home\.zcode\v2\setting.json
[Z1 child] [2026-09-28 11:12:45.018] [pid:13200] [settingService] read result: {"recentProjects":[],"locale":"zh-CN","localePreference":"en-US","terminalInheritSystemProfile":true,"embeddedBrowserAllowInsecureCertificates":false,"embeddedBrowserViewportPreference":{"mode":"normal","viewport":{"width":393,"height":852},"zoom":"fit"},"computerUseComposerEntryHidden":true,"taskAutoArchiveEnabled":false,"taskAutoArchiveOlderThanDays":7,"closeToTrayOnWindows":false,"closeToTrayOnWindowsMigrationInitialized":true,"keepAwakeWhileRunning":false,"desktopChromiumHardwareAccelerationEnabled":true,"messageStreamShowReasoning":true,"messageStreamShowReasoningMigrationInitialized":true,"messageStreamShowTodos":false,"toolGroupingExploreEnabled":true,"toolGroupingTerminalEnabled":true,"toolGroupingChangesEnabled":false,"zcodeInteractionBehavior":"queue","askUserQuestionAutoResolutionEnabled":false,"modelIoFullRetentionEnabled":false,"startPlanRecommendationDismissed":false,"providerFamilyConnectionSelections":{},"providerFamilyDomain":"zai","providerFamilyDomainMigrated":true,"nativeSearchEnhancementsEnabled":true,"memoryEnabled":false,"lastWorkspaceSession":[],"lastActiveTabIndex":0,"receivePreviewUpdates":false,"autoDownloadAndInstallUpdates":false,"skippedElectronUpdateVersions":{}}
[Z1 child] [2026-09-28 11:12:45.040] [pid:13200] [settingService] reading settings from: C:\Users\USER\Desktop\Personal\ZCode\.tmp\z1-native-1790565160835-e23cfe\home\.zcode\v2\setting.json
[Z1 child] [2026-09-28 11:12:45.047] [pid:13200] [settingService] read result: {"recentProjects":[],"locale":"zh-CN","localePreference":"en-US","terminalInheritSystemProfile":true,"embeddedBrowserAllowInsecureCertificates":false,"embeddedBrowserViewportPreference":{"mode":"normal","viewport":{"width":393,"height":852},"zoom":"fit"},"computerUseComposerEntryHidden":true,"taskAutoArchiveEnabled":false,"taskAutoArchiveOlderThanDays":7,"closeToTrayOnWindows":false,"closeToTrayOnWindowsMigrationInitialized":true,"keepAwakeWhileRunning":false,"desktopChromiumHardwareAccelerationEnabled":true,"messageStreamShowReasoning":true,"messageStreamShowReasoningMigrationInitialized":true,"messageStreamShowTodos":false,"toolGroupingExploreEnabled":true,"toolGroupingTerminalEnabled":true,"toolGroupingChangesEnabled":false,"zcodeInteractionBehavior":"queue","askUserQuestionAutoResolutionEnabled":false,"modelIoFullRetentionEnabled":false,"startPlanRecommendationDismissed":false,"providerFamilyConnectionSelections":{},"providerFamilyDomain":"zai","providerFamilyDomainMigrated":true,"nativeSearchEnhancementsEnabled":true,"memoryEnabled":false,"lastWorkspaceSession":[],"lastActiveTabIndex":0,"receivePreviewUpdates":false,"autoDownloadAndInstallUpdates":false,"skippedElectronUpdateVersions":{}}
[Z1 child] [2026-09-28 11:12:45.047] [pid:13200] [node-api-client] zcode endpoint request headers prepared {
  headerKeys: [
    'http-referer',
    'user-agent',
    'x-client-language',
    'x-client-timezone',
    'x-device-mid',
    'x-os-category',
    'x-os-version',
    'x-platform',
    'x-release-channel',
    'x-request-id',
    'x-title',
    'x-zcode-app-version'
  ],
  method: 'GET',
  url: 'http://127.0.0.1:57725/api/v1/client/configs?app_version=3.14.0&platform=windows-x86_64'
}
[Z1 child] [2026-09-28 11:12:45.050] [pid:13200] [settingService] reading settings from: C:\Users\USER\Desktop\Personal\ZCode\.tmp\z1-native-1790565160835-e23cfe\home\.zcode\v2\setting.json
[Z1 child] [2026-09-28 11:12:45.051] [pid:13200] [settingService] read result: {"recentProjects":[],"locale":"zh-CN","localePreference":"en-US","terminalInheritSystemProfile":true,"embeddedBrowserAllowInsecureCertificates":false,"embeddedBrowserViewportPreference":{"mode":"normal","viewport":{"width":393,"height":852},"zoom":"fit"},"computerUseComposerEntryHidden":true,"taskAutoArchiveEnabled":false,"taskAutoArchiveOlderThanDays":7,"closeToTrayOnWindows":false,"closeToTrayOnWindowsMigrationInitialized":true,"keepAwakeWhileRunning":false,"desktopChromiumHardwareAccelerationEnabled":true,"messageStreamShowReasoning":true,"messageStreamShowReasoningMigrationInitialized":true,"messageStreamShowTodos":false,"toolGroupingExploreEnabled":true,"toolGroupingTerminalEnabled":true,"toolGroupingChangesEnabled":false,"zcodeInteractionBehavior":"queue","askUserQuestionAutoResolutionEnabled":false,"modelIoFullRetentionEnabled":false,"startPlanRecommendationDismissed":false,"providerFamilyConnectionSelections":{},"providerFamilyDomain":"zai","providerFamilyDomainMigrated":true,"nativeSearchEnhancementsEnabled":true,"memoryEnabled":false,"lastWorkspaceSession":[],"lastActiveTabIndex":0,"receivePreviewUpdates":false,"autoDownloadAndInstallUpdates":false,"skippedElectronUpdateVersions":{}}
[Z1 child] [2026-09-28 11:12:45.064] [pid:13200] [settingService] reading settings from: C:\Users\USER\Desktop\Personal\ZCode\.tmp\z1-native-1790565160835-e23cfe\home\.zcode\v2\setting.json
[Z1 child] [2026-09-28 11:12:45.067] [pid:13200] [settingService] read result: {"recentProjects":[],"locale":"zh-CN","localePreference":"en-US","terminalInheritSystemProfile":true,"embeddedBrowserAllowInsecureCertificates":false,"embeddedBrowserViewportPreference":{"mode":"normal","viewport":{"width":393,"height":852},"zoom":"fit"},"computerUseComposerEntryHidden":true,"taskAutoArchiveEnabled":false,"taskAutoArchiveOlderThanDays":7,"closeToTrayOnWindows":false,"closeToTrayOnWindowsMigrationInitialized":true,"keepAwakeWhileRunning":false,"desktopChromiumHardwareAccelerationEnabled":true,"messageStreamShowReasoning":true,"messageStreamShowReasoningMigrationInitialized":true,"messageStreamShowTodos":false,"toolGroupingExploreEnabled":true,"toolGroupingTerminalEnabled":true,"toolGroupingChangesEnabled":false,"zcodeInteractionBehavior":"queue","askUserQuestionAutoResolutionEnabled":false,"modelIoFullRetentionEnabled":false,"startPlanRecommendationDismissed":false,"providerFamilyConnectionSelections":{},"providerFamilyDomain":"zai","providerFamilyDomainMigrated":true,"nativeSearchEnhancementsEnabled":true,"memoryEnabled":false,"lastWorkspaceSession":[],"lastActiveTabIndex":0,"receivePreviewUpdates":false,"autoDownloadAndInstallUpdates":false,"skippedElectronUpdateVersions":{}}
[Z1 child] [2026-09-28 11:12:45.068] [pid:13200] [settingService] reading settings from: C:\Users\USER\Desktop\Personal\ZCode\.tmp\z1-native-1790565160835-e23cfe\home\.zcode\v2\setting.json
[Z1 child] [2026-09-28 11:12:45.069] [pid:13200] [settingService] read result: {"recentProjects":[],"locale":"zh-CN","localePreference":"en-US","terminalInheritSystemProfile":true,"embeddedBrowserAllowInsecureCertificates":false,"embeddedBrowserViewportPreference":{"mode":"normal","viewport":{"width":393,"height":852},"zoom":"fit"},"computerUseComposerEntryHidden":true,"taskAutoArchiveEnabled":false,"taskAutoArchiveOlderThanDays":7,"closeToTrayOnWindows":false,"closeToTrayOnWindowsMigrationInitialized":true,"keepAwakeWhileRunning":false,"desktopChromiumHardwareAccelerationEnabled":true,"messageStreamShowReasoning":true,"messageStreamShowReasoningMigrationInitialized":true,"messageStreamShowTodos":false,"toolGroupingExploreEnabled":true,"toolGroupingTerminalEnabled":true,"toolGroupingChangesEnabled":false,"zcodeInteractionBehavior":"queue","askUserQuestionAutoResolutionEnabled":false,"modelIoFullRetentionEnabled":false,"startPlanRecommendationDismissed":false,"providerFamilyConnectionSelections":{},"providerFamilyDomain":"zai","providerFamilyDomainMigrated":true,"nativeSearchEnhancementsEnabled":true,"memoryEnabled":false,"lastWorkspaceSession":[],"lastActiveTabIndex":0,"receivePreviewUpdates":false,"autoDownloadAndInstallUpdates":false,"skippedElectronUpdateVersions":{}}
[Z1 child] [2026-09-28 11:12:45.070] [pid:13200] [provider-config] ZCode Built-in 刷新检查 { result: 'missing' }
[Z1 child] [2026-09-28 11:12:45.070] [pid:13200] [settingService] reading settings from: C:\Users\USER\Desktop\Personal\ZCode\.tmp\z1-native-1790565160835-e23cfe\home\.zcode\v2\setting.json
[Z1 child] [2026-09-28 11:12:45.070] [pid:13200] [settingService] read result: {"recentProjects":[],"locale":"zh-CN","localePreference":"en-US","terminalInheritSystemProfile":true,"embeddedBrowserAllowInsecureCertificates":false,"embeddedBrowserViewportPreference":{"mode":"normal","viewport":{"width":393,"height":852},"zoom":"fit"},"computerUseComposerEntryHidden":true,"taskAutoArchiveEnabled":false,"taskAutoArchiveOlderThanDays":7,"closeToTrayOnWindows":false,"closeToTrayOnWindowsMigrationInitialized":true,"keepAwakeWhileRunning":false,"desktopChromiumHardwareAccelerationEnabled":true,"messageStreamShowReasoning":true,"messageStreamShowReasoningMigrationInitialized":true,"messageStreamShowTodos":false,"toolGroupingExploreEnabled":true,"toolGroupingTerminalEnabled":true,"toolGroupingChangesEnabled":false,"zcodeInteractionBehavior":"queue","askUserQuestionAutoResolutionEnabled":false,"modelIoFullRetentionEnabled":false,"startPlanRecommendationDismissed":false,"providerFamilyConnectionSelections":{},"providerFamilyDomain":"zai","providerFamilyDomainMigrated":true,"nativeSearchEnhancementsEnabled":true,"memoryEnabled":false,"lastWorkspaceSession":[],"lastActiveTabIndex":0,"receivePreviewUpdates":false,"autoDownloadAndInstallUpdates":false,"skippedElectronUpdateVersions":{}}
[Z1 child] [2026-09-28 11:12:45.071] [pid:13200] [settingService] reading settings from: C:\Users\USER\Desktop\Personal\ZCode\.tmp\z1-native-1790565160835-e23cfe\home\.zcode\v2\setting.json
[Z1 child] [2026-09-28 11:12:45.072] [pid:13200] [settingService] read result: {"recentProjects":[],"locale":"zh-CN","localePreference":"en-US","terminalInheritSystemProfile":true,"embeddedBrowserAllowInsecureCertificates":false,"embeddedBrowserViewportPreference":{"mode":"normal","viewport":{"width":393,"height":852},"zoom":"fit"},"computerUseComposerEntryHidden":true,"taskAutoArchiveEnabled":false,"taskAutoArchiveOlderThanDays":7,"closeToTrayOnWindows":false,"closeToTrayOnWindowsMigrationInitialized":true,"keepAwakeWhileRunning":false,"desktopChromiumHardwareAccelerationEnabled":true,"messageStreamShowReasoning":true,"messageStreamShowReasoningMigrationInitialized":true,"messageStreamShowTodos":false,"toolGroupingExploreEnabled":true,"toolGroupingTerminalEnabled":true,"toolGroupingChangesEnabled":false,"zcodeInteractionBehavior":"queue","askUserQuestionAutoResolutionEnabled":false,"modelIoFullRetentionEnabled":false,"startPlanRecommendationDismissed":false,"providerFamilyConnectionSelections":{},"providerFamilyDomain":"zai","providerFamilyDomainMigrated":true,"nativeSearchEnhancementsEnabled":true,"memoryEnabled":false,"lastWorkspaceSession":[],"lastActiveTabIndex":0,"receivePreviewUpdates":false,"autoDownloadAndInstallUpdates":false,"skippedElectronUpdateVersions":{}}
[Z1 child] [2026-09-28 11:12:45.091] [pid:13200] [provider-runtime][trace:Provider Registry 已就绪] {
  configRevision: '["zcode-builtin:30:d3774da155856b5bc3823c40108d5bd8ecfc665c06ab09d90ee79c7b4a0e784d","97972e2a4385e5fc7f0a000c7e6014fb7e34e0593df4809136a859073ba5ee4e"]',
  providerCount: 1
}
[2026-09-28 11:12:45.092] [pid:1616] [main] [host-log] (local-1) [host] [2026-09-28 11:12:45.091] [pid:13200] [provider-runtime][trace:Provider Registry 已就绪] {"configRevision":"[\"zcode-builtin:30:d3774da155856b5bc3823c40108d5bd8ecfc665c06ab09d90ee79c7b4a0e784d\",\"97972e2a4385e5fc7f0a000c7e6014fb7e34e0593df4809136a859073ba5ee4e\"]","providerCount":1}
[2026-09-28 11:12:45.092] [pid:1616] [main] [host-log] (local-1) [host] [2026-09-28 11:12:45.092] [pid:13200] [zcode-host] [rpc:call] provider-settings.getView OK (141.4ms)
[2026-09-28 11:12:45.093] [pid:1616] [main] [host-log] (local-1) [host] [2026-09-28 11:12:45.092] [pid:13200] [zcode-host] [rpc:call] provider-settings.getView OK (139.4ms)
[Z1 child] [2026-09-28 11:12:45.091] [pid:13200] [settingService] reading settings from: C:\Users\USER\Desktop\Personal\ZCode\.tmp\z1-native-1790565160835-e23cfe\home\.zcode\v2\setting.json
[2026-09-28 11:12:45.092] [pid:13200] [zcode-host] [rpc:call] provider-settings.getView OK (141.4ms)
[2026-09-28 11:12:45.092] [pid:13200] [zcode-host] [rpc:call] provider-settings.getView OK (139.4ms)
[Z1 child] [2026-09-28 11:12:45.093] [pid:13200] [zcode-agent] ZCode agent command resolved {
  workspaceKey: 'C:\\Users\\USER\\Desktop\\Personal\\ZCode\\.tmp\\z1-native-1790565160835-e23cfe\\workspace',
  command: 'C:\\Users\\USER\\Desktop\\Personal\\ZCode\\node_modules\\electron\\dist\\electron.exe',
  effectiveCommand: 'C:\\Users\\USER\\Desktop\\Personal\\ZCode\\node_modules\\electron\\dist\\electron.exe',
  resolveCommandDurationMs: 0
}
[2026-09-28 11:12:45.094] [pid:1616] [main] [host-log] (local-1) [host] [2026-09-28 11:12:45.093] [pid:13200] [zcode-agent] ZCode agent command resolved {"workspaceKey":"C:\\Users\\USER\\Desktop\\Personal\\ZCode\\.tmp\\z1-native-1790565160835-e23cfe\\workspace","command":"C:\\Users\\USER\\Desktop\\Personal\\ZCode\\node_modules\\electron\\dist\\electron.exe","effectiveCommand":"C:\\Users\\USER\\Desktop\\Personal\\ZCode\\node_modules\\electron\\dist\\electron.exe","resolveCommandDurationMs":0}
[2026-09-28 11:12:45.095] [pid:1616] [main] [host-log] (local-1) [host] [2026-09-28 11:12:45.094] [pid:13200] [zcode-host] [rpc:call] model-selection.getView OK (144.0ms)
[Z1 child] [2026-09-28 11:12:45.094] [pid:13200] [settingService] reading settings from: C:\Users\USER\Desktop\Personal\ZCode\.tmp\z1-native-1790565160835-e23cfe\home\.zcode\v2\setting.json
[2026-09-28 11:12:45.094] [pid:13200] [zcode-host] [rpc:call] model-selection.getView OK (144.0ms)
[2026-09-28 11:12:45.094] [pid:13200] [settingService] read result: {"recentProjects":[],"locale":"zh-CN","localePreference":"en-US","terminalInheritSystemProfile":true,"embeddedBrowserAllowInsecureCertificates":false,"embeddedBrowserViewportPreference":{"mode":"normal","viewport":{"width":393,"height":852},"zoom":"fit"},"computerUseComposerEntryHidden":true,"taskAutoArchiveEnabled":false,"taskAutoArchiveOlderThanDays":7,"closeToTrayOnWindows":false,"closeToTrayOnWindowsMigrationInitialized":true,"keepAwakeWhileRunning":false,"desktopChromiumHardwareAccelerationEnabled":true,"messageStreamShowReasoning":true,"messageStreamShowReasoningMigrationInitialized":true,"messageStreamShowTodos":false,"toolGroupingExploreEnabled":true,"toolGroupingTerminalEnabled":true,"toolGroupingChangesEnabled":false,"zcodeInteractionBehavior":"queue","askUserQuestionAutoResolutionEnabled":false,"modelIoFullRetentionEnabled":false,"startPlanRecommendationDismissed":false,"providerFamilyConnectionSelections":{},"providerFamilyDomain":"zai","providerFamilyDomainMigrated":true,"nativeSearchEnhancementsEnabled":true,"memoryEnabled":false,"lastWorkspaceSession":[],"lastActiveTabIndex":0,"receivePreviewUpdates":false,"autoDownloadAndInstallUpdates":false,"skippedElectronUpdateVersions":{}}
[2026-09-28 11:12:45.094] [pid:13200] [settingService] reading settings from: C:\Users\USER\Desktop\Personal\ZCode\.tmp\z1-native-1790565160835-e23cfe\home\.zcode\v2\setting.json
[2026-09-28 11:12:45.095] [pid:13200] [zcode-host] [rpc:call] credential.load OK (0.2ms)
[2026-09-28 11:12:45.096] [pid:1616] [main] [host-log] (local-1) [host] [2026-09-28 11:12:45.095] [pid:13200] [zcode-host] [rpc:call] credential.load OK (0.2ms)
[Z1 child] [2026-09-28 11:12:45.095] [pid:13200] [zcode-host] [rpc:call] credential.load OK (0.3ms)
[2026-09-28 11:12:45.095] [pid:13200] [settingService] read result: {"recentProjects":[],"locale":"zh-CN","localePreference":"en-US","terminalInheritSystemProfile":true,"embeddedBrowserAllowInsecureCertificates":false,"embeddedBrowserViewportPreference":{"mode":"normal","viewport":{"width":393,"height":852},"zoom":"fit"},"computerUseComposerEntryHidden":true,"taskAutoArchiveEnabled":false,"taskAutoArchiveOlderThanDays":7,"closeToTrayOnWindows":false,"closeToTrayOnWindowsMigrationInitialized":true,"keepAwakeWhileRunning":false,"desktopChromiumHardwareAccelerationEnabled":true,"messageStreamShowReasoning":true,"messageStreamShowReasoningMigrationInitialized":true,"messageStreamShowTodos":false,"toolGroupingExploreEnabled":true,"toolGroupingTerminalEnabled":true,"toolGroupingChangesEnabled":false,"zcodeInteractionBehavior":"queue","askUserQuestionAutoResolutionEnabled":false,"modelIoFullRetentionEnabled":false,"startPlanRecommendationDismissed":false,"providerFamilyConnectionSelections":{},"providerFamilyDomain":"zai","providerFamilyDomainMigrated":true,"nativeSearchEnhancementsEnabled":true,"memoryEnabled":false,"lastWorkspaceSession":[],"lastActiveTabIndex":0,"receivePreviewUpdates":false,"autoDownloadAndInstallUpdates":false,"skippedElectronUpdateVersions":{}}
[2026-09-28 11:12:45.096] [pid:13200] [zcode-agent] ZCode agent process start already in progress {
  workspaceKey: 'C:\\Users\\USER\\Desktop\\Personal\\ZCode\\.tmp\\z1-native-1790565160835-e23cfe\\workspace'
}
[2026-09-28 11:12:45.097] [pid:1616] [main] [host-log] (local-1) [host] [2026-09-28 11:12:45.095] [pid:13200] [zcode-host] [rpc:call] credential.load OK (0.3ms)
[2026-09-28 11:12:45.097] [pid:1616] [main] [host-log] (local-1) [host] [2026-09-28 11:12:45.096] [pid:13200] [zcode-agent] ZCode agent process start already in progress {"workspaceKey":"C:\\Users\\USER\\Desktop\\Personal\\ZCode\\.tmp\\z1-native-1790565160835-e23cfe\\workspace"}
[Z1 child] [2026-09-28 11:12:45.096] [pid:13200] [settingService] read result: {"recentProjects":[],"locale":"zh-CN","localePreference":"en-US","terminalInheritSystemProfile":true,"embeddedBrowserAllowInsecureCertificates":false,"embeddedBrowserViewportPreference":{"mode":"normal","viewport":{"width":393,"height":852},"zoom":"fit"},"computerUseComposerEntryHidden":true,"taskAutoArchiveEnabled":false,"taskAutoArchiveOlderThanDays":7,"closeToTrayOnWindows":false,"closeToTrayOnWindowsMigrationInitialized":true,"keepAwakeWhileRunning":false,"desktopChromiumHardwareAccelerationEnabled":true,"messageStreamShowReasoning":true,"messageStreamShowReasoningMigrationInitialized":true,"messageStreamShowTodos":false,"toolGroupingExploreEnabled":true,"toolGroupingTerminalEnabled":true,"toolGroupingChangesEnabled":false,"zcodeInteractionBehavior":"queue","askUserQuestionAutoResolutionEnabled":false,"modelIoFullRetentionEnabled":false,"startPlanRecommendationDismissed":false,"providerFamilyConnectionSelections":{},"providerFamilyDomain":"zai","providerFamilyDomainMigrated":true,"nativeSearchEnhancementsEnabled":true,"memoryEnabled":false,"lastWorkspaceSession":[],"lastActiveTabIndex":0,"receivePreviewUpdates":false,"autoDownloadAndInstallUpdates":false,"skippedElectronUpdateVersions":{}}
[Z1 child] [2026-09-28 11:12:45.099] [pid:13200] [cua-product-helper] Windows CUA Helper runtime resolution failed {
  reason: 'invalid-runtime-manifest',
  artifact: 'runtime-manifest.json',
  errorName: 'WindowsCuaDevRuntimeResolutionError',
  message: 'Windows CUA packaged runtime has an invalid runtime-manifest.json.'
}
[2026-09-28 11:12:45.100] [pid:1616] [main] [host-log] (local-1) [host] [2026-09-28 11:12:45.099] [pid:13200] [cua-product-helper] Windows CUA Helper runtime resolution failed {"reason":"invalid-runtime-manifest","artifact":"runtime-manifest.json","errorName":"WindowsCuaDevRuntimeResolutionError","message":"Windows CUA packaged runtime has an invalid runtime-manifest.json."}
[2026-09-28 11:12:45.101] [pid:1616] [main] [host-log] (local-1) [host] [2026-09-28 11:12:45.100] [pid:13200] [cua-product-helper] Computer Use Helper broker_unavailable; disabling workspace zcode-cua MCP server for this agent spawn (Windows CUA packaged runtime has an invalid runtime-manifest.json.)
[Z1 child] [2026-09-28 11:12:45.100] [pid:13200] [cua-product-helper] Computer Use Helper broker_unavailable; disabling workspace zcode-cua MCP server for this agent spawn (Windows CUA packaged runtime has an invalid runtime-manifest.json.)
[Z1 child] [2026-09-28 11:12:45.100] [pid:13200] [settingService] reading settings from: C:\Users\USER\Desktop\Personal\ZCode\.tmp\z1-native-1790565160835-e23cfe\home\.zcode\v2\setting.json
[2026-09-28 11:12:45.100] [pid:13200] [settingService] reading settings from: C:\Users\USER\Desktop\Personal\ZCode\.tmp\z1-native-1790565160835-e23cfe\home\.zcode\v2\setting.json
[Z1 child] [2026-09-28 11:12:45.103] [pid:13200] [settingService] read result: {"recentProjects":[],"locale":"zh-CN","localePreference":"en-US","terminalInheritSystemProfile":true,"embeddedBrowserAllowInsecureCertificates":false,"embeddedBrowserViewportPreference":{"mode":"normal","viewport":{"width":393,"height":852},"zoom":"fit"},"computerUseComposerEntryHidden":true,"taskAutoArchiveEnabled":false,"taskAutoArchiveOlderThanDays":7,"closeToTrayOnWindows":false,"closeToTrayOnWindowsMigrationInitialized":true,"keepAwakeWhileRunning":false,"desktopChromiumHardwareAccelerationEnabled":true,"messageStreamShowReasoning":true,"messageStreamShowReasoningMigrationInitialized":true,"messageStreamShowTodos":false,"toolGroupingExploreEnabled":true,"toolGroupingTerminalEnabled":true,"toolGroupingChangesEnabled":false,"zcodeInteractionBehavior":"queue","askUserQuestionAutoResolutionEnabled":false,"modelIoFullRetentionEnabled":false,"startPlanRecommendationDismissed":false,"providerFamilyConnectionSelections":{},"providerFamilyDomain":"zai","providerFamilyDomainMigrated":true,"nativeSearchEnhancementsEnabled":true,"memoryEnabled":false,"lastWorkspaceSession":[],"lastActiveTabIndex":0,"receivePreviewUpdates":false,"autoDownloadAndInstallUpdates":false,"skippedElectronUpdateVersions":{}}
[Z1 child] [2026-09-28 11:12:45.103] [pid:13200] [settingService] reading settings from: C:\Users\USER\Desktop\Personal\ZCode\.tmp\z1-native-1790565160835-e23cfe\home\.zcode\v2\setting.json
[Z1 child] [2026-09-28 11:12:45.103] [pid:13200] [settingService] read result: {"recentProjects":[],"locale":"zh-CN","localePreference":"en-US","terminalInheritSystemProfile":true,"embeddedBrowserAllowInsecureCertificates":false,"embeddedBrowserViewportPreference":{"mode":"normal","viewport":{"width":393,"height":852},"zoom":"fit"},"computerUseComposerEntryHidden":true,"taskAutoArchiveEnabled":false,"taskAutoArchiveOlderThanDays":7,"closeToTrayOnWindows":false,"closeToTrayOnWindowsMigrationInitialized":true,"keepAwakeWhileRunning":false,"desktopChromiumHardwareAccelerationEnabled":true,"messageStreamShowReasoning":true,"messageStreamShowReasoningMigrationInitialized":true,"messageStreamShowTodos":false,"toolGroupingExploreEnabled":true,"toolGroupingTerminalEnabled":true,"toolGroupingChangesEnabled":false,"zcodeInteractionBehavior":"queue","askUserQuestionAutoResolutionEnabled":false,"modelIoFullRetentionEnabled":false,"startPlanRecommendationDismissed":false,"providerFamilyConnectionSelections":{},"providerFamilyDomain":"zai","providerFamilyDomainMigrated":true,"nativeSearchEnhancementsEnabled":true,"memoryEnabled":false,"lastWorkspaceSession":[],"lastActiveTabIndex":0,"receivePreviewUpdates":false,"autoDownloadAndInstallUpdates":false,"skippedElectronUpdateVersions":{}}
[2026-09-28 11:12:45.103] [pid:13200] [zcode-host] [rpc:call] setting.get OK (2.8ms)
[2026-09-28 11:12:45.104] [pid:1616] [main] [host-log] (local-1) [host] [2026-09-28 11:12:45.103] [pid:13200] [zcode-host] [rpc:call] setting.get OK (2.8ms)
[Z1 child] [2026-09-28 11:12:45.106] [pid:13200] [settingService] read result: {"recentProjects":[],"locale":"zh-CN","localePreference":"en-US","terminalInheritSystemProfile":true,"embeddedBrowserAllowInsecureCertificates":false,"embeddedBrowserViewportPreference":{"mode":"normal","viewport":{"width":393,"height":852},"zoom":"fit"},"computerUseComposerEntryHidden":true,"taskAutoArchiveEnabled":false,"taskAutoArchiveOlderThanDays":7,"closeToTrayOnWindows":false,"closeToTrayOnWindowsMigrationInitialized":true,"keepAwakeWhileRunning":false,"desktopChromiumHardwareAccelerationEnabled":true,"messageStreamShowReasoning":true,"messageStreamShowReasoningMigrationInitialized":true,"messageStreamShowTodos":false,"toolGroupingExploreEnabled":true,"toolGroupingTerminalEnabled":true,"toolGroupingChangesEnabled":false,"zcodeInteractionBehavior":"queue","askUserQuestionAutoResolutionEnabled":false,"modelIoFullRetentionEnabled":false,"startPlanRecommendationDismissed":false,"providerFamilyConnectionSelections":{},"providerFamilyDomain":"zai","providerFamilyDomainMigrated":true,"nativeSearchEnhancementsEnabled":true,"memoryEnabled":false,"lastWorkspaceSession":[],"lastActiveTabIndex":0,"receivePreviewUpdates":false,"autoDownloadAndInstallUpdates":false,"skippedElectronUpdateVersions":{}}
[Z1 child] [2026-09-28 11:12:45.107] [pid:13200] [zcode-host] [rpc:call] file.ensureConversationWorkspace OK (2.6ms)
[2026-09-28 11:12:45.107] [pid:1616] [main] [host-log] (local-1) [host] [2026-09-28 11:12:45.107] [pid:13200] [zcode-host] [rpc:call] file.ensureConversationWorkspace OK (2.6ms)
[Z1 child] [2026-09-28 11:12:45.107] [pid:13200] [zcode-agent] ZCode agent spawn preflight {
  workspaceKey: 'C:\\Users\\USER\\Desktop\\Personal\\ZCode\\.tmp\\z1-native-1790565160835-e23cfe\\workspace',
  spawnPreflight: {
    command: 'C:\\Users\\USER\\Desktop\\Personal\\ZCode\\node_modules\\electron\\dist\\electron.exe',
    args: [
      'C:\\Users\\USER\\Desktop\\Personal\\ZCode\\apps\\zcode-cli\\packages\\cli\\dist\\zcode.cjs',
      'app-server',
      '--stdio'
    ],
    requestedCwd: 'C:\\Users\\USER\\Desktop\\Personal\\ZCode\\.tmp\\z1-native-1790565160835-e23cfe\\workspace',
    cwd: 'C:\\Users\\USER\\Desktop\\Personal\\ZCode\\.tmp\\z1-native-1790565160835-e23cfe\\workspace',
    cwdSource: 'command',
    commandPathKind: 'absolute',
    commandExists: true,
    cwdExists: true
  }
}
[2026-09-28 11:12:45.109] [pid:1616] [main] [host-log] (local-1) [host] [2026-09-28 11:12:45.107] [pid:13200] [zcode-agent] ZCode agent spawn preflight {"workspaceKey":"C:\\Users\\USER\\Desktop\\Personal\\ZCode\\.tmp\\z1-native-1790565160835-e23cfe\\workspace","spawnPreflight":{"command":"C:\\Users\\USER\\Desktop\\Personal\\ZCode\\node_modules\\electron\\dist\\electron.exe","args":["C:\\Users\\USER\\Desktop\\Personal\\ZCode\\apps\\zcode-cli\\packages\\cli\\dist\\zcode.cjs","app-server","--stdio"],"requestedCwd":"C:\\Users\\USER\\Desktop\\Personal\\ZCode\\.tmp\\z1-native-1790565160835-e23cfe\\workspace","cwd":"C:\\Users\\USER\\Desktop\\Personal\\ZCode\\.tmp\\z1-native-1790565160835-e23cfe\\workspace","cwdSource":"command","commandPathKind":"absolute","commandExists":true,"cwdExists":true}}
[2026-09-28 11:12:45.113] [pid:1616] [main] [task-realtime] updated host workspace scopes {
  hostId: 'bd6da984-6708-4308-a25f-b0d2f7c3a6b4',
  workspaceKeyCount: 1
}
[2026-09-28 11:12:45.116] [pid:1616] [main] [task-realtime] updated host workspace scopes {
  hostId: 'bd6da984-6708-4308-a25f-b0d2f7c3a6b4',
  workspaceKeyCount: 2
}
[Z1 child] [2026-09-28 11:12:45.120] [pid:13200] [zcode-agent] ZCode agent process start wait completed {
  workspaceKey: 'C:\\Users\\USER\\Desktop\\Personal\\ZCode\\.tmp\\z1-native-1790565160835-e23cfe\\workspace',
  durationMs: 24
}
[2026-09-28 11:12:45.121] [pid:1616] [main] [host-log] (local-1) [host] [2026-09-28 11:12:45.120] [pid:13200] [zcode-agent] ZCode agent process start wait completed {"workspaceKey":"C:\\Users\\USER\\Desktop\\Personal\\ZCode\\.tmp\\z1-native-1790565160835-e23cfe\\workspace","durationMs":24}
[2026-09-28 11:12:45.123] [pid:1616] [main] [stability] perf_agent_start reported {
  pid: 15000,
  runtimeGeneration: 1,
  runtimeInstanceId: 'agent-ceac7cbc-54db-4ffd-a4e9-af47d7348004'
}
[Z1 child] [2026-09-28 11:12:45.121] [pid:13200] [zcode-agent] ZCode agent process started {
  workspaceKey: 'C:\\Users\\USER\\Desktop\\Personal\\ZCode\\.tmp\\z1-native-1790565160835-e23cfe\\workspace',
  command: 'C:\\Users\\USER\\Desktop\\Personal\\ZCode\\node_modules\\electron\\dist\\electron.exe',
  cwd: 'C:\\Users\\USER\\Desktop\\Personal\\ZCode\\.tmp\\z1-native-1790565160835-e23cfe\\workspace',
  pid: 15000,
  durationMs: 28
}
[2026-09-28 11:12:45.123] [pid:13200] [settingService] reading settings from: C:\Users\USER\Desktop\Personal\ZCode\.tmp\z1-native-1790565160835-e23cfe\home\.zcode\v2\setting.json
[2026-09-28 11:12:45.124] [pid:1616] [main] [host-log] (local-1) [host] [2026-09-28 11:12:45.121] [pid:13200] [zcode-agent] ZCode agent process started {"workspaceKey":"C:\\Users\\USER\\Desktop\\Personal\\ZCode\\.tmp\\z1-native-1790565160835-e23cfe\\workspace","command":"C:\\Users\\USER\\Desktop\\Personal\\ZCode\\node_modules\\electron\\dist\\electron.exe","cwd":"C:\\Users\\USER\\Desktop\\Personal\\ZCode\\.tmp\\z1-native-1790565160835-e23cfe\\workspace","pid":15000,"durationMs":28}
[Z1 child] [2026-09-28 11:12:45.129] [pid:13200] [zcode-host] [rpc:call] onboarding-record.claimAnonymousRecord OK (0.3ms)
[2026-09-28 11:12:45.130] [pid:1616] [main] [host-log] (local-1) [host] [2026-09-28 11:12:45.129] [pid:13200] [zcode-host] [rpc:call] onboarding-record.claimAnonymousRecord OK (0.3ms)
[Z1 child] [2026-09-28 11:12:45.130] [pid:13200] [zcode-host] [rpc:call] onboarding-record.getLatestEntry OK (0.7ms)
[2026-09-28 11:12:45.130] [pid:13200] [settingService] read result: {"recentProjects":[],"locale":"zh-CN","localePreference":"en-US","terminalInheritSystemProfile":true,"embeddedBrowserAllowInsecureCertificates":false,"embeddedBrowserViewportPreference":{"mode":"normal","viewport":{"width":393,"height":852},"zoom":"fit"},"computerUseComposerEntryHidden":true,"taskAutoArchiveEnabled":false,"taskAutoArchiveOlderThanDays":7,"closeToTrayOnWindows":false,"closeToTrayOnWindowsMigrationInitialized":true,"keepAwakeWhileRunning":false,"desktopChromiumHardwareAccelerationEnabled":true,"messageStreamShowReasoning":true,"messageStreamShowReasoningMigrationInitialized":true,"messageStreamShowTodos":false,"toolGroupingExploreEnabled":true,"toolGroupingTerminalEnabled":true,"toolGroupingChangesEnabled":false,"zcodeInteractionBehavior":"queue","askUserQuestionAutoResolutionEnabled":false,"modelIoFullRetentionEnabled":false,"startPlanRecommendationDismissed":false,"providerFamilyConnectionSelections":{},"providerFamilyDomain":"zai","providerFamilyDomainMigrated":true,"nativeSearchEnhancementsEnabled":true,"memoryEnabled":false,"lastWorkspaceSession":[],"lastActiveTabIndex":0,"receivePreviewUpdates":false,"autoDownloadAndInstallUpdates":false,"skippedElectronUpdateVersions":{}}
[2026-09-28 11:12:45.130] [pid:13200] [zcode-host] [rpc:call] setting.get OK (7.0ms)
[2026-09-28 11:12:45.131] [pid:1616] [main] [host-log] (local-1) [host] [2026-09-28 11:12:45.130] [pid:13200] [zcode-host] [rpc:call] onboarding-record.getLatestEntry OK (0.7ms)
[2026-09-28 11:12:45.132] [pid:1616] [main] [host-log] (local-1) [host] [2026-09-28 11:12:45.130] [pid:13200] [zcode-host] [rpc:call] setting.get OK (7.0ms)
[Z1 child] [2026-09-28 11:12:45.130] [pid:13200] [settingService] reading settings from: C:\Users\USER\Desktop\Personal\ZCode\.tmp\z1-native-1790565160835-e23cfe\home\.zcode\v2\setting.json
[Z1 child] [2026-09-28 11:12:45.137] [pid:13200] [zcode-host] [rpc:call] onboarding-record.shouldOnboard OK (7.2ms)
[2026-09-28 11:12:45.138] [pid:1616] [main] [host-log] (local-1) [host] [2026-09-28 11:12:45.137] [pid:13200] [zcode-host] [rpc:call] onboarding-record.shouldOnboard OK (7.2ms)
[Z1 child] [2026-09-28 11:12:45.139] [pid:13200] [settingService] read result: {"recentProjects":[],"locale":"zh-CN","localePreference":"en-US","terminalInheritSystemProfile":true,"embeddedBrowserAllowInsecureCertificates":false,"embeddedBrowserViewportPreference":{"mode":"normal","viewport":{"width":393,"height":852},"zoom":"fit"},"computerUseComposerEntryHidden":true,"taskAutoArchiveEnabled":false,"taskAutoArchiveOlderThanDays":7,"closeToTrayOnWindows":false,"closeToTrayOnWindowsMigrationInitialized":true,"keepAwakeWhileRunning":false,"desktopChromiumHardwareAccelerationEnabled":true,"messageStreamShowReasoning":true,"messageStreamShowReasoningMigrationInitialized":true,"messageStreamShowTodos":false,"toolGroupingExploreEnabled":true,"toolGroupingTerminalEnabled":true,"toolGroupingChangesEnabled":false,"zcodeInteractionBehavior":"queue","askUserQuestionAutoResolutionEnabled":false,"modelIoFullRetentionEnabled":false,"startPlanRecommendationDismissed":false,"providerFamilyConnectionSelections":{},"providerFamilyDomain":"zai","providerFamilyDomainMigrated":true,"nativeSearchEnhancementsEnabled":true,"memoryEnabled":false,"lastWorkspaceSession":[],"lastActiveTabIndex":0,"receivePreviewUpdates":false,"autoDownloadAndInstallUpdates":false,"skippedElectronUpdateVersions":{}}
[Z1 child] [2026-09-28 11:12:45.140] [pid:13200] [settingService] reading settings from: C:\Users\USER\Desktop\Personal\ZCode\.tmp\z1-native-1790565160835-e23cfe\home\.zcode\v2\setting.json
[Z1 child] [2026-09-28 11:12:45.141] [pid:13200] [settingService] reading settings from: C:\Users\USER\Desktop\Personal\ZCode\.tmp\z1-native-1790565160835-e23cfe\home\.zcode\v2\setting.json
[2026-09-28 11:12:45.141] [pid:13200] [settingService] read result: {"recentProjects":[],"locale":"zh-CN","localePreference":"en-US","terminalInheritSystemProfile":true,"embeddedBrowserAllowInsecureCertificates":false,"embeddedBrowserViewportPreference":{"mode":"normal","viewport":{"width":393,"height":852},"zoom":"fit"},"computerUseComposerEntryHidden":true,"taskAutoArchiveEnabled":false,"taskAutoArchiveOlderThanDays":7,"closeToTrayOnWindows":false,"closeToTrayOnWindowsMigrationInitialized":true,"keepAwakeWhileRunning":false,"desktopChromiumHardwareAccelerationEnabled":true,"messageStreamShowReasoning":true,"messageStreamShowReasoningMigrationInitialized":true,"messageStreamShowTodos":false,"toolGroupingExploreEnabled":true,"toolGroupingTerminalEnabled":true,"toolGroupingChangesEnabled":false,"zcodeInteractionBehavior":"queue","askUserQuestionAutoResolutionEnabled":false,"modelIoFullRetentionEnabled":false,"startPlanRecommendationDismissed":false,"providerFamilyConnectionSelections":{},"providerFamilyDomain":"zai","providerFamilyDomainMigrated":true,"nativeSearchEnhancementsEnabled":true,"memoryEnabled":false,"lastWorkspaceSession":[],"lastActiveTabIndex":0,"receivePreviewUpdates":false,"autoDownloadAndInstallUpdates":false,"skippedElectronUpdateVersions":{}}
[Z1 child] [2026-09-28 11:12:45.141] [pid:13200] [settingService] reading settings from: C:\Users\USER\Desktop\Personal\ZCode\.tmp\z1-native-1790565160835-e23cfe\home\.zcode\v2\setting.json
[Z1 child] [2026-09-28 11:12:45.141] [pid:13200] [settingService] read result: {"recentProjects":[],"locale":"zh-CN","localePreference":"en-US","terminalInheritSystemProfile":true,"embeddedBrowserAllowInsecureCertificates":false,"embeddedBrowserViewportPreference":{"mode":"normal","viewport":{"width":393,"height":852},"zoom":"fit"},"computerUseComposerEntryHidden":true,"taskAutoArchiveEnabled":false,"taskAutoArchiveOlderThanDays":7,"closeToTrayOnWindows":false,"closeToTrayOnWindowsMigrationInitialized":true,"keepAwakeWhileRunning":false,"desktopChromiumHardwareAccelerationEnabled":true,"messageStreamShowReasoning":true,"messageStreamShowReasoningMigrationInitialized":true,"messageStreamShowTodos":false,"toolGroupingExploreEnabled":true,"toolGroupingTerminalEnabled":true,"toolGroupingChangesEnabled":false,"zcodeInteractionBehavior":"queue","askUserQuestionAutoResolutionEnabled":false,"modelIoFullRetentionEnabled":false,"startPlanRecommendationDismissed":false,"providerFamilyConnectionSelections":{},"providerFamilyDomain":"zai","providerFamilyDomainMigrated":true,"nativeSearchEnhancementsEnabled":true,"memoryEnabled":false,"lastWorkspaceSession":[],"lastActiveTabIndex":0,"receivePreviewUpdates":false,"autoDownloadAndInstallUpdates":false,"skippedElectronUpdateVersions":{}}
[Z1 child] [2026-09-28 11:12:45.141] [pid:13200] [node-api-client] zcode endpoint request headers prepared {
  headerKeys: [
    'http-referer',
    'user-agent',
    'x-client-language',
    'x-client-timezone',
    'x-device-mid',
    'x-os-category',
    'x-os-version',
    'x-platform',
    'x-release-channel',
    'x-request-id',
    'x-title',
    'x-zcode-app-version'
  ],
  method: 'GET',
  url: 'http://127.0.0.1:57725/api/v1/client/configs?app_version=3.14.0&platform=windows-x86_64'
}
[2026-09-28 11:12:45.142] [pid:13200] [settingService] read result: {"recentProjects":[],"locale":"zh-CN","localePreference":"en-US","terminalInheritSystemProfile":true,"embeddedBrowserAllowInsecureCertificates":false,"embeddedBrowserViewportPreference":{"mode":"normal","viewport":{"width":393,"height":852},"zoom":"fit"},"computerUseComposerEntryHidden":true,"taskAutoArchiveEnabled":false,"taskAutoArchiveOlderThanDays":7,"closeToTrayOnWindows":false,"closeToTrayOnWindowsMigrationInitialized":true,"keepAwakeWhileRunning":false,"desktopChromiumHardwareAccelerationEnabled":true,"messageStreamShowReasoning":true,"messageStreamShowReasoningMigrationInitialized":true,"messageStreamShowTodos":false,"toolGroupingExploreEnabled":true,"toolGroupingTerminalEnabled":true,"toolGroupingChangesEnabled":false,"zcodeInteractionBehavior":"queue","askUserQuestionAutoResolutionEnabled":false,"modelIoFullRetentionEnabled":false,"startPlanRecommendationDismissed":false,"providerFamilyConnectionSelections":{},"providerFamilyDomain":"zai","providerFamilyDomainMigrated":true,"nativeSearchEnhancementsEnabled":true,"memoryEnabled":false,"lastWorkspaceSession":[],"lastActiveTabIndex":0,"receivePreviewUpdates":false,"autoDownloadAndInstallUpdates":false,"skippedElectronUpdateVersions":{}}
[Z1 child] [2026-09-28 11:12:45.143] [pid:13200] [settingService] reading settings from: C:\Users\USER\Desktop\Personal\ZCode\.tmp\z1-native-1790565160835-e23cfe\home\.zcode\v2\setting.json
[Z1 child] [2026-09-28 11:12:45.143] [pid:13200] [settingService] read result: {"recentProjects":[],"locale":"zh-CN","localePreference":"en-US","terminalInheritSystemProfile":true,"embeddedBrowserAllowInsecureCertificates":false,"embeddedBrowserViewportPreference":{"mode":"normal","viewport":{"width":393,"height":852},"zoom":"fit"},"computerUseComposerEntryHidden":true,"taskAutoArchiveEnabled":false,"taskAutoArchiveOlderThanDays":7,"closeToTrayOnWindows":false,"closeToTrayOnWindowsMigrationInitialized":true,"keepAwakeWhileRunning":false,"desktopChromiumHardwareAccelerationEnabled":true,"messageStreamShowReasoning":true,"messageStreamShowReasoningMigrationInitialized":true,"messageStreamShowTodos":false,"toolGroupingExploreEnabled":true,"toolGroupingTerminalEnabled":true,"toolGroupingChangesEnabled":false,"zcodeInteractionBehavior":"queue","askUserQuestionAutoResolutionEnabled":false,"modelIoFullRetentionEnabled":false,"startPlanRecommendationDismissed":false,"providerFamilyConnectionSelections":{},"providerFamilyDomain":"zai","providerFamilyDomainMigrated":true,"nativeSearchEnhancementsEnabled":true,"memoryEnabled":false,"lastWorkspaceSession":[],"lastActiveTabIndex":0,"receivePreviewUpdates":false,"autoDownloadAndInstallUpdates":false,"skippedElectronUpdateVersions":{}}
[Z1 child] [2026-09-28 11:12:45.157] [pid:13200] [settingService] reading settings from: C:\Users\USER\Desktop\Personal\ZCode\.tmp\z1-native-1790565160835-e23cfe\home\.zcode\v2\setting.json
[Z1 child] [2026-09-28 11:12:45.159] [pid:13200] [settingService] read result: {"recentProjects":[],"locale":"zh-CN","localePreference":"en-US","terminalInheritSystemProfile":true,"embeddedBrowserAllowInsecureCertificates":false,"embeddedBrowserViewportPreference":{"mode":"normal","viewport":{"width":393,"height":852},"zoom":"fit"},"computerUseComposerEntryHidden":true,"taskAutoArchiveEnabled":false,"taskAutoArchiveOlderThanDays":7,"closeToTrayOnWindows":false,"closeToTrayOnWindowsMigrationInitialized":true,"keepAwakeWhileRunning":false,"desktopChromiumHardwareAccelerationEnabled":true,"messageStreamShowReasoning":true,"messageStreamShowReasoningMigrationInitialized":true,"messageStreamShowTodos":false,"toolGroupingExploreEnabled":true,"toolGroupingTerminalEnabled":true,"toolGroupingChangesEnabled":false,"zcodeInteractionBehavior":"queue","askUserQuestionAutoResolutionEnabled":false,"modelIoFullRetentionEnabled":false,"startPlanRecommendationDismissed":false,"providerFamilyConnectionSelections":{},"providerFamilyDomain":"zai","providerFamilyDomainMigrated":true,"nativeSearchEnhancementsEnabled":true,"memoryEnabled":false,"lastWorkspaceSession":[],"lastActiveTabIndex":0,"receivePreviewUpdates":false,"autoDownloadAndInstallUpdates":false,"skippedElectronUpdateVersions":{}}
[Z1 child] [2026-09-28 11:12:45.161] [pid:13200] [provider-config] ZCode Built-in 刷新检查 { result: 'missing' }
[Z1 child] [2026-09-28 11:12:45.172] [pid:13200] [settingService] reading settings from: C:\Users\USER\Desktop\Personal\ZCode\.tmp\z1-native-1790565160835-e23cfe\home\.zcode\v2\setting.json
[Z1 child] [2026-09-28 11:12:45.173] [pid:13200] [settingService] read result: {"recentProjects":[],"locale":"zh-CN","localePreference":"en-US","terminalInheritSystemProfile":true,"embeddedBrowserAllowInsecureCertificates":false,"embeddedBrowserViewportPreference":{"mode":"normal","viewport":{"width":393,"height":852},"zoom":"fit"},"computerUseComposerEntryHidden":true,"taskAutoArchiveEnabled":false,"taskAutoArchiveOlderThanDays":7,"closeToTrayOnWindows":false,"closeToTrayOnWindowsMigrationInitialized":true,"keepAwakeWhileRunning":false,"desktopChromiumHardwareAccelerationEnabled":true,"messageStreamShowReasoning":true,"messageStreamShowReasoningMigrationInitialized":true,"messageStreamShowTodos":false,"toolGroupingExploreEnabled":true,"toolGroupingTerminalEnabled":true,"toolGroupingChangesEnabled":false,"zcodeInteractionBehavior":"queue","askUserQuestionAutoResolutionEnabled":false,"modelIoFullRetentionEnabled":false,"startPlanRecommendationDismissed":false,"providerFamilyConnectionSelections":{},"providerFamilyDomain":"zai","providerFamilyDomainMigrated":true,"nativeSearchEnhancementsEnabled":true,"memoryEnabled":false,"lastWorkspaceSession":[],"lastActiveTabIndex":0,"receivePreviewUpdates":false,"autoDownloadAndInstallUpdates":false,"skippedElectronUpdateVersions":{}}
[Z1 child] [2026-09-28 11:12:45.173] [pid:13200] [settingService] reading settings from: C:\Users\USER\Desktop\Personal\ZCode\.tmp\z1-native-1790565160835-e23cfe\home\.zcode\v2\setting.json
[Z1 child] [2026-09-28 11:12:45.174] [pid:13200] [settingService] read result: {"recentProjects":[],"locale":"zh-CN","localePreference":"en-US","terminalInheritSystemProfile":true,"embeddedBrowserAllowInsecureCertificates":false,"embeddedBrowserViewportPreference":{"mode":"normal","viewport":{"width":393,"height":852},"zoom":"fit"},"computerUseComposerEntryHidden":true,"taskAutoArchiveEnabled":false,"taskAutoArchiveOlderThanDays":7,"closeToTrayOnWindows":false,"closeToTrayOnWindowsMigrationInitialized":true,"keepAwakeWhileRunning":false,"desktopChromiumHardwareAccelerationEnabled":true,"messageStreamShowReasoning":true,"messageStreamShowReasoningMigrationInitialized":true,"messageStreamShowTodos":false,"toolGroupingExploreEnabled":true,"toolGroupingTerminalEnabled":true,"toolGroupingChangesEnabled":false,"zcodeInteractionBehavior":"queue","askUserQuestionAutoResolutionEnabled":false,"modelIoFullRetentionEnabled":false,"startPlanRecommendationDismissed":false,"providerFamilyConnectionSelections":{},"providerFamilyDomain":"zai","providerFamilyDomainMigrated":true,"nativeSearchEnhancementsEnabled":true,"memoryEnabled":false,"lastWorkspaceSession":[],"lastActiveTabIndex":0,"receivePreviewUpdates":false,"autoDownloadAndInstallUpdates":false,"skippedElectronUpdateVersions":{}}
[2026-09-28 11:12:45.174] [pid:13200] [settingService] reading settings from: C:\Users\USER\Desktop\Personal\ZCode\.tmp\z1-native-1790565160835-e23cfe\home\.zcode\v2\setting.json
[Z1 child] [2026-09-28 11:12:45.174] [pid:13200] [settingService] read result: {"recentProjects":[],"locale":"zh-CN","localePreference":"en-US","terminalInheritSystemProfile":true,"embeddedBrowserAllowInsecureCertificates":false,"embeddedBrowserViewportPreference":{"mode":"normal","viewport":{"width":393,"height":852},"zoom":"fit"},"computerUseComposerEntryHidden":true,"taskAutoArchiveEnabled":false,"taskAutoArchiveOlderThanDays":7,"closeToTrayOnWindows":false,"closeToTrayOnWindowsMigrationInitialized":true,"keepAwakeWhileRunning":false,"desktopChromiumHardwareAccelerationEnabled":true,"messageStreamShowReasoning":true,"messageStreamShowReasoningMigrationInitialized":true,"messageStreamShowTodos":false,"toolGroupingExploreEnabled":true,"toolGroupingTerminalEnabled":true,"toolGroupingChangesEnabled":false,"zcodeInteractionBehavior":"queue","askUserQuestionAutoResolutionEnabled":false,"modelIoFullRetentionEnabled":false,"startPlanRecommendationDismissed":false,"providerFamilyConnectionSelections":{},"providerFamilyDomain":"zai","providerFamilyDomainMigrated":true,"nativeSearchEnhancementsEnabled":true,"memoryEnabled":false,"lastWorkspaceSession":[],"lastActiveTabIndex":0,"receivePreviewUpdates":false,"autoDownloadAndInstallUpdates":false,"skippedElectronUpdateVersions":{}}
[Z1 child] [2026-09-28 11:12:45.185] [pid:13200] [settingService] reading settings from: C:\Users\USER\Desktop\Personal\ZCode\.tmp\z1-native-1790565160835-e23cfe\home\.zcode\v2\setting.json
[Z1 child] [2026-09-28 11:12:45.186] [pid:13200] [settingService] read result: {"recentProjects":[],"locale":"zh-CN","localePreference":"en-US","terminalInheritSystemProfile":true,"embeddedBrowserAllowInsecureCertificates":false,"embeddedBrowserViewportPreference":{"mode":"normal","viewport":{"width":393,"height":852},"zoom":"fit"},"computerUseComposerEntryHidden":true,"taskAutoArchiveEnabled":false,"taskAutoArchiveOlderThanDays":7,"closeToTrayOnWindows":false,"closeToTrayOnWindowsMigrationInitialized":true,"keepAwakeWhileRunning":false,"desktopChromiumHardwareAccelerationEnabled":true,"messageStreamShowReasoning":true,"messageStreamShowReasoningMigrationInitialized":true,"messageStreamShowTodos":false,"toolGroupingExploreEnabled":true,"toolGroupingTerminalEnabled":true,"toolGroupingChangesEnabled":false,"zcodeInteractionBehavior":"queue","askUserQuestionAutoResolutionEnabled":false,"modelIoFullRetentionEnabled":false,"startPlanRecommendationDismissed":false,"providerFamilyConnectionSelections":{},"providerFamilyDomain":"zai","providerFamilyDomainMigrated":true,"nativeSearchEnhancementsEnabled":true,"memoryEnabled":false,"lastWorkspaceSession":[],"lastActiveTabIndex":0,"receivePreviewUpdates":false,"autoDownloadAndInstallUpdates":false,"skippedElectronUpdateVersions":{}}
[Z1 child] [2026-09-28 11:12:45.197] [pid:13200] [settingService] reading settings from: C:\Users\USER\Desktop\Personal\ZCode\.tmp\z1-native-1790565160835-e23cfe\home\.zcode\v2\setting.json
[Z1 child] [2026-09-28 11:12:45.197] [pid:13200] [settingService] read result: {"recentProjects":[],"locale":"zh-CN","localePreference":"en-US","terminalInheritSystemProfile":true,"embeddedBrowserAllowInsecureCertificates":false,"embeddedBrowserViewportPreference":{"mode":"normal","viewport":{"width":393,"height":852},"zoom":"fit"},"computerUseComposerEntryHidden":true,"taskAutoArchiveEnabled":false,"taskAutoArchiveOlderThanDays":7,"closeToTrayOnWindows":false,"closeToTrayOnWindowsMigrationInitialized":true,"keepAwakeWhileRunning":false,"desktopChromiumHardwareAccelerationEnabled":true,"messageStreamShowReasoning":true,"messageStreamShowReasoningMigrationInitialized":true,"messageStreamShowTodos":false,"toolGroupingExploreEnabled":true,"toolGroupingTerminalEnabled":true,"toolGroupingChangesEnabled":false,"zcodeInteractionBehavior":"queue","askUserQuestionAutoResolutionEnabled":false,"modelIoFullRetentionEnabled":false,"startPlanRecommendationDismissed":false,"providerFamilyConnectionSelections":{},"providerFamilyDomain":"zai","providerFamilyDomainMigrated":true,"nativeSearchEnhancementsEnabled":true,"memoryEnabled":false,"lastWorkspaceSession":[],"lastActiveTabIndex":0,"receivePreviewUpdates":false,"autoDownloadAndInstallUpdates":false,"skippedElectronUpdateVersions":{}}
[Z1 child] [2026-09-28 11:12:45.207] [pid:13200] [zcode-host] [rpc:call] provider-settings.refresh OK (248.4ms)
[2026-09-28 11:12:45.207] [pid:13200] [zcode-host] [rpc:call] provider-settings.refresh OK (230.5ms)
[2026-09-28 11:12:45.208] [pid:1616] [main] [host-log] (local-1) [host] [2026-09-28 11:12:45.207] [pid:13200] [zcode-host] [rpc:call] provider-settings.refresh OK (248.4ms)
[2026-09-28 11:12:45.209] [pid:1616] [main] [host-log] (local-1) [host] [2026-09-28 11:12:45.207] [pid:13200] [zcode-host] [rpc:call] provider-settings.refresh OK (230.5ms)
[Z1 child] (node:39624) ExperimentalWarning: SQLite is an experimental feature and might change at any time
(Use `electron --trace-warnings ...` to show where the warning was created)
[2026-09-28 11:12:45.298] [pid:1616] [main] [cron-scheduler] cron scheduler started
[Z1 child] [2026-09-28 11:12:45.327] [pid:13200] [zcode-host] [rpc:call] onboarding-record.dismissOnboarding OK (5.1ms)
[2026-09-28 11:12:45.328] [pid:1616] [main] [host-log] (local-1) [host] [2026-09-28 11:12:45.327] [pid:13200] [zcode-host] [rpc:call] onboarding-record.dismissOnboarding OK (5.1ms)
[2026-09-28 11:12:45.354] [pid:1616] [renderer] v4 conversation frame upstream attached {
  workspaceKey: 'C:\\Users\\USER\\Desktop\\Personal\\ZCode\\.tmp\\z1-native-1790565160835-e23cfe\\workspace',
  workspacePath: 'C:\\Users\\USER\\Desktop\\Personal\\ZCode\\.tmp\\z1-native-1790565160835-e23cfe\\workspace',
  event: 'v4.conversation.frames.upstream_attached',
  listenerCount: 1,
  module: 'ui.v4.conversation_transport',
  runtimeGeneration: 0,
  status: 'completed'
}
[2026-09-28 11:12:45.355] [pid:1616] [renderer] v4 workspace connection created {
  event: 'v4.workspace_connection.created',
  isRemote: false,
  key: '__base__ C:\\Users\\USER\\Desktop\\Personal\\ZCode\\.tmp\\z1-native-1790565160835-e23cfe\\workspace',
  module: 'ui.v4.workspace_connection_registry',
  refCount: 1,
  serviceGeneration: 1,
  status: 'completed'
}
[Z1 child] [2026-09-28 11:12:45.353] [pid:13200] [zcode-host] [rpc:listen] zcode-agent.onDynamicLocalTtftFacts subscribed
[2026-09-28 11:12:45.353] [pid:13200] [zcode-host] [rpc:listen] zcode-agent.onDynamicConversationFrame subscribed
[2026-09-28 11:12:45.356] [pid:1616] [main] [host-log] (local-1) [host] [2026-09-28 11:12:45.353] [pid:13200] [zcode-host] [rpc:listen] zcode-agent.onDynamicLocalTtftFacts subscribed
[2026-09-28 11:12:45.357] [pid:1616] [main] [host-log] (local-1) [host] [2026-09-28 11:12:45.353] [pid:13200] [zcode-host] [rpc:listen] zcode-agent.onDynamicConversationFrame subscribed
[Z1 child] [2026-09-28 11:12:45.398] [pid:13200] [settingService] reading settings from: C:\Users\USER\Desktop\Personal\ZCode\.tmp\z1-native-1790565160835-e23cfe\home\.zcode\v2\setting.json
[Z1 child] [2026-09-28 11:12:45.398] [pid:13200] [settingService] read result: {"recentProjects":[],"locale":"zh-CN","localePreference":"en-US","terminalInheritSystemProfile":true,"embeddedBrowserAllowInsecureCertificates":false,"embeddedBrowserViewportPreference":{"mode":"normal","viewport":{"width":393,"height":852},"zoom":"fit"},"computerUseComposerEntryHidden":true,"taskAutoArchiveEnabled":false,"taskAutoArchiveOlderThanDays":7,"closeToTrayOnWindows":false,"closeToTrayOnWindowsMigrationInitialized":true,"keepAwakeWhileRunning":false,"desktopChromiumHardwareAccelerationEnabled":true,"messageStreamShowReasoning":true,"messageStreamShowReasoningMigrationInitialized":true,"messageStreamShowTodos":false,"toolGroupingExploreEnabled":true,"toolGroupingTerminalEnabled":true,"toolGroupingChangesEnabled":false,"zcodeInteractionBehavior":"queue","askUserQuestionAutoResolutionEnabled":false,"modelIoFullRetentionEnabled":false,"startPlanRecommendationDismissed":false,"providerFamilyConnectionSelections":{},"providerFamilyDomain":"zai","providerFamilyDomainMigrated":true,"nativeSearchEnhancementsEnabled":true,"memoryEnabled":false,"lastWorkspaceSession":[],"lastActiveTabIndex":0,"receivePreviewUpdates":false,"autoDownloadAndInstallUpdates":false,"skippedElectronUpdateVersions":{}}
[Z1 child] [2026-09-28 11:12:45.399] [pid:13200] [node-api-client] zcode endpoint request headers prepared {
  headerKeys: [
    'http-referer',
    'user-agent',
    'x-client-language',
    'x-client-timezone',
    'x-device-mid',
    'x-os-category',
    'x-os-version',
    'x-platform',
    'x-release-channel',
    'x-request-id',
    'x-title',
    'x-zcode-app-version'
  ],
  method: 'GET',
  url: 'http://127.0.0.1:57725/api/v1/client/scenes'
}
[Z1 child] [2026-09-28 11:12:45.400] [pid:13200] [zcode-host] [rpc:call] client-scenes.list OK (2.0ms)
[2026-09-28 11:12:45.401] [pid:1616] [main] [host-log] (local-1) [host] [2026-09-28 11:12:45.400] [pid:13200] [zcode-host] [rpc:call] client-scenes.list OK (2.0ms)
[2026-09-28 11:12:45.402] [pid:1616] [main] [host-log] (local-1) [host] [2026-09-28 11:12:45.400] [pid:13200] [zcode-host] [rpc:listen] window-controller.onDynamicControllerFrame subscribed
[2026-09-28 11:12:45.403] [pid:1616] [main] [host-log] (local-1) [host] [2026-09-28 11:12:45.401] [pid:13200] [zcode-host] [rpc:call] window-controller.subscribeControllerV4 OK (0.2ms)
[2026-09-28 11:12:45.405] [pid:1616] [main] [host-log] (local-1) [host] [2026-09-28 11:12:45.401] [pid:13200] [zcode-host] [rpc:call] window-controller.subscribeControllerV4 OK (0.0ms)
[Z1 child] [2026-09-28 11:12:45.400] [pid:13200] [zcode-host] [rpc:listen] window-controller.onDynamicControllerFrame subscribed
[2026-09-28 11:12:45.401] [pid:13200] [zcode-host] [rpc:call] window-controller.subscribeControllerV4 OK (0.2ms)
[2026-09-28 11:12:45.401] [pid:13200] [zcode-host] [rpc:call] window-controller.subscribeControllerV4 OK (0.0ms)
[2026-09-28 11:12:45.401] [pid:13200] [settingService] reading settings from: C:\Users\USER\Desktop\Personal\ZCode\.tmp\z1-native-1790565160835-e23cfe\home\.zcode\v2\setting.json
[2026-09-28 11:12:45.403] [pid:13200] [zcode-host] [rpc:call] window-controller.listTaskList OK (0.0ms)
[2026-09-28 11:12:45.403] [pid:13200] [zcode-host] [rpc:listen] zcode-agent.onDynamicSessionsIndexFrame subscribed
[2026-09-28 11:12:45.403] [pid:13200] [zcode-host] [rpc:listen] zcode-agent.onAgentRuntimeLifecycle subscribed
[2026-09-28 11:12:45.403] [pid:13200] [zcode-host] [rpc:call] zcode-agent.helloConversationV4 OK (0.1ms)
[2026-09-28 11:12:45.404] [pid:13200] [settingService] read result: {"recentProjects":[],"locale":"zh-CN","localePreference":"en-US","terminalInheritSystemProfile":true,"embeddedBrowserAllowInsecureCertificates":false,"embeddedBrowserViewportPreference":{"mode":"normal","viewport":{"width":393,"height":852},"zoom":"fit"},"computerUseComposerEntryHidden":true,"taskAutoArchiveEnabled":false,"taskAutoArchiveOlderThanDays":7,"closeToTrayOnWindows":false,"closeToTrayOnWindowsMigrationInitialized":true,"keepAwakeWhileRunning":false,"desktopChromiumHardwareAccelerationEnabled":true,"messageStreamShowReasoning":true,"messageStreamShowReasoningMigrationInitialized":true,"messageStreamShowTodos":false,"toolGroupingExploreEnabled":true,"toolGroupingTerminalEnabled":true,"toolGroupingChangesEnabled":false,"zcodeInteractionBehavior":"queue","askUserQuestionAutoResolutionEnabled":false,"modelIoFullRetentionEnabled":false,"startPlanRecommendationDismissed":false,"providerFamilyConnectionSelections":{},"providerFamilyDomain":"zai","providerFamilyDomainMigrated":true,"nativeSearchEnhancementsEnabled":true,"memoryEnabled":false,"lastWorkspaceSession":[],"lastActiveTabIndex":0,"receivePreviewUpdates":false,"autoDownloadAndInstallUpdates":false,"skippedElectronUpdateVersions":{}}
[2026-09-28 11:12:45.404] [pid:13200] [zcode-host] [rpc:call] setting.get OK (2.7ms)
[2026-09-28 11:12:45.404] [pid:13200] [zcode-host] [rpc:call] zcode-task.listPinnedTaskIds OK (0.2ms)
[2026-09-28 11:12:45.404] [pid:13200] [zcode-host] [rpc:call] zcode-task.listArchivedTasks OK (0.1ms)
[2026-09-28 11:12:45.404] [pid:13200] [zcode-host] [rpc:call] zcode-task.listTasks OK (0.1ms)
[2026-09-28 11:12:45.405] [pid:13200] [zcode-host] [rpc:call] zcode-task.listPinnedTasks OK (0.1ms)
[2026-09-28 11:12:45.406] [pid:1616] [main] [host-log] (local-1) [host] [2026-09-28 11:12:45.403] [pid:13200] [zcode-host] [rpc:call] window-controller.listTaskList OK (0.0ms)
[2026-09-28 11:12:45.406] [pid:1616] [main] [host-log] (local-1) [host] [2026-09-28 11:12:45.403] [pid:13200] [zcode-host] [rpc:listen] zcode-agent.onDynamicSessionsIndexFrame subscribed
[2026-09-28 11:12:45.407] [pid:1616] [main] [host-log] (local-1) [host] [2026-09-28 11:12:45.403] [pid:13200] [zcode-host] [rpc:listen] zcode-agent.onAgentRuntimeLifecycle subscribed
[2026-09-28 11:12:45.408] [pid:1616] [main] [host-log] (local-1) [host] [2026-09-28 11:12:45.403] [pid:13200] [zcode-host] [rpc:call] zcode-agent.helloConversationV4 OK (0.1ms)
[2026-09-28 11:12:45.409] [pid:1616] [main] [host-log] (local-1) [host] [2026-09-28 11:12:45.404] [pid:13200] [zcode-host] [rpc:call] setting.get OK (2.7ms)
[2026-09-28 11:12:45.409] [pid:1616] [main] [host-log] (local-1) [host] [2026-09-28 11:12:45.404] [pid:13200] [zcode-host] [rpc:call] zcode-task.listPinnedTaskIds OK (0.2ms)
[2026-09-28 11:12:45.410] [pid:1616] [main] [host-log] (local-1) [host] [2026-09-28 11:12:45.404] [pid:13200] [zcode-host] [rpc:call] zcode-task.listArchivedTasks OK (0.1ms)
[2026-09-28 11:12:45.411] [pid:1616] [main] [host-log] (local-1) [host] [2026-09-28 11:12:45.404] [pid:13200] [zcode-host] [rpc:call] zcode-task.listTasks OK (0.1ms)
[2026-09-28 11:12:45.411] [pid:1616] [main] [host-log] (local-1) [host] [2026-09-28 11:12:45.405] [pid:13200] [zcode-host] [rpc:call] zcode-task.listPinnedTasks OK (0.1ms)
[Z1 child] [2026-09-28 11:12:45.405] [pid:13200] [zcode-host] [rpc:call] zcode-task.listDeletedTaskIds OK (0.1ms)
[2026-09-28 11:12:45.405] [pid:13200] [zcode-host] [rpc:listen] zcode-task.onDynamicWorkspaceEvent subscribed
[2026-09-28 11:12:45.408] [pid:13200] [zcode-host] [rpc:listen] zcode-agent.onAgentRuntimeLifecycle subscribed
[2026-09-28 11:12:45.409] [pid:13200] [zcode-host] [rpc:call] subagents.list OK (2.7ms)
[2026-09-28 11:12:45.409] [pid:13200] [zcode-host] [rpc:call] system.info OK (0.0ms)
[2026-09-28 11:12:45.409] [pid:13200] [zcode-host] [rpc:listen] model-selection.onDidChange subscribed
[2026-09-28 11:12:45.410] [pid:13200] [zcode-host] [rpc:listen] model-selection.onDidChange subscribed
[2026-09-28 11:12:45.410] [pid:13200] [zcode-host] [rpc:call] model-selection.getView OK (0.5ms)
[2026-09-28 11:12:45.410] [pid:13200] [zcode-host] [rpc:listen] zcode-agent.onDynamicConversationTelemetryFact subscribed
[2026-09-28 11:12:45.411] [pid:13200] [zcode-host] [rpc:call] model-selection.getView OK (1.0ms)
[2026-09-28 11:12:45.412] [pid:1616] [main] [host-log] (local-1) [host] [2026-09-28 11:12:45.405] [pid:13200] [zcode-host] [rpc:call] zcode-task.listDeletedTaskIds OK (0.1ms)
[2026-09-28 11:12:45.412] [pid:1616] [main] [host-log] (local-1) [host] [2026-09-28 11:12:45.405] [pid:13200] [zcode-host] [rpc:listen] zcode-task.onDynamicWorkspaceEvent subscribed
[2026-09-28 11:12:45.413] [pid:1616] [main] [host-log] (local-1) [host] [2026-09-28 11:12:45.408] [pid:13200] [zcode-host] [rpc:listen] zcode-agent.onAgentRuntimeLifecycle subscribed
[2026-09-28 11:12:45.414] [pid:1616] [main] [host-log] (local-1) [host] [2026-09-28 11:12:45.409] [pid:13200] [zcode-host] [rpc:call] subagents.list OK (2.7ms)
[2026-09-28 11:12:45.414] [pid:1616] [main] [host-log] (local-1) [host] [2026-09-28 11:12:45.409] [pid:13200] [zcode-host] [rpc:call] system.info OK (0.0ms)
[2026-09-28 11:12:45.415] [pid:1616] [main] [host-log] (local-1) [host] [2026-09-28 11:12:45.409] [pid:13200] [zcode-host] [rpc:listen] model-selection.onDidChange subscribed
[2026-09-28 11:12:45.415] [pid:1616] [main] [host-log] (local-1) [host] [2026-09-28 11:12:45.410] [pid:13200] [zcode-host] [rpc:listen] model-selection.onDidChange subscribed
[2026-09-28 11:12:45.416] [pid:1616] [main] [host-log] (local-1) [host] [2026-09-28 11:12:45.410] [pid:13200] [zcode-host] [rpc:call] model-selection.getView OK (0.5ms)
[2026-09-28 11:12:45.417] [pid:1616] [main] [host-log] (local-1) [host] [2026-09-28 11:12:45.410] [pid:13200] [zcode-host] [rpc:listen] zcode-agent.onDynamicConversationTelemetryFact subscribed
[2026-09-28 11:12:45.418] [pid:1616] [main] [host-log] (local-1) [host] [2026-09-28 11:12:45.411] [pid:13200] [zcode-host] [rpc:call] model-selection.getView OK (1.0ms)
[2026-09-28 11:12:45.419] [pid:1616] [main] [host-log] (local-1) [host] [2026-09-28 11:12:45.412] [pid:13200] [zcode-host] [rpc:call] off-peak-task.list OK (0.2ms)
[Z1 child] [2026-09-28 11:12:45.412] [pid:13200] [zcode-host] [rpc:call] off-peak-task.list OK (0.2ms)
[2026-09-28 11:12:45.426] [pid:1616] [main] [host-log] (local-1) [host] [2026-09-28 11:12:45.422] [pid:13200] [zcode-host] [rpc:call] settings-sync.getFirstRunPromptState OK (0.6ms)
[Z1 child] [2026-09-28 11:12:45.421] [pid:13200] [settingService] reading settings from: C:\Users\USER\Desktop\Personal\ZCode\.tmp\z1-native-1790565160835-e23cfe\home\.zcode\v2\setting.json
[2026-09-28 11:12:45.422] [pid:13200] [settingService] read result: {"recentProjects":[],"locale":"zh-CN","localePreference":"en-US","terminalInheritSystemProfile":true,"embeddedBrowserAllowInsecureCertificates":false,"embeddedBrowserViewportPreference":{"mode":"normal","viewport":{"width":393,"height":852},"zoom":"fit"},"computerUseComposerEntryHidden":true,"taskAutoArchiveEnabled":false,"taskAutoArchiveOlderThanDays":7,"closeToTrayOnWindows":false,"closeToTrayOnWindowsMigrationInitialized":true,"keepAwakeWhileRunning":false,"desktopChromiumHardwareAccelerationEnabled":true,"messageStreamShowReasoning":true,"messageStreamShowReasoningMigrationInitialized":true,"messageStreamShowTodos":false,"toolGroupingExploreEnabled":true,"toolGroupingTerminalEnabled":true,"toolGroupingChangesEnabled":false,"zcodeInteractionBehavior":"queue","askUserQuestionAutoResolutionEnabled":false,"modelIoFullRetentionEnabled":false,"startPlanRecommendationDismissed":false,"providerFamilyConnectionSelections":{},"providerFamilyDomain":"zai","providerFamilyDomainMigrated":true,"nativeSearchEnhancementsEnabled":true,"memoryEnabled":false,"lastWorkspaceSession":[],"lastActiveTabIndex":0,"receivePreviewUpdates":false,"autoDownloadAndInstallUpdates":false,"skippedElectronUpdateVersions":{}}
[2026-09-28 11:12:45.422] [pid:13200] [zcode-host] [rpc:call] settings-sync.getFirstRunPromptState OK (0.6ms)
[2026-09-28 11:12:45.433] [pid:1616] [main] [community] failed to fetch remote config: ZodError: [
  {
    "expected": "object",
    "code": "invalid_type",
    "path": [
      "data",
      "configs",
      "feedbackUrl"
    ],
    "message": "Invalid input: expected object, received undefined"
  }
]
    at file:///C:/Users/USER/Desktop/Personal/ZCode/packages/desktop/out/main/chunk-7P3WOYKJ.js:64:122510
    at process.processTicksAndRejections (node:internal/process/task_queues:104:5)
    at async file:///C:/Users/USER/Desktop/Personal/ZCode/packages/desktop/out/main/chunk-7P3WOYKJ.js:64:122616
    at async resolveCommunityUrl (file:///C:/Users/USER/Desktop/Personal/ZCode/packages/desktop/out/main/index.js:606:21172)
    at async file:///C:/Users/USER/Desktop/Personal/ZCode/packages/desktop/out/main/index.js:1337:10297
    at async Session.<anonymous> (node:electron/js2c/browser_init:2:116791)
[Z1 child] [2026-09-28 11:12:45.444] [pid:13200] [settingService] reading settings from: C:\Users\USER\Desktop\Personal\ZCode\.tmp\z1-native-1790565160835-e23cfe\home\.zcode\v2\setting.json
[2026-09-28 11:12:45.445] [pid:13200] [settingService] read result: {"recentProjects":[],"locale":"zh-CN","localePreference":"en-US","terminalInheritSystemProfile":true,"embeddedBrowserAllowInsecureCertificates":false,"embeddedBrowserViewportPreference":{"mode":"normal","viewport":{"width":393,"height":852},"zoom":"fit"},"computerUseComposerEntryHidden":true,"taskAutoArchiveEnabled":false,"taskAutoArchiveOlderThanDays":7,"closeToTrayOnWindows":false,"closeToTrayOnWindowsMigrationInitialized":true,"keepAwakeWhileRunning":false,"desktopChromiumHardwareAccelerationEnabled":true,"messageStreamShowReasoning":true,"messageStreamShowReasoningMigrationInitialized":true,"messageStreamShowTodos":false,"toolGroupingExploreEnabled":true,"toolGroupingTerminalEnabled":true,"toolGroupingChangesEnabled":false,"zcodeInteractionBehavior":"queue","askUserQuestionAutoResolutionEnabled":false,"modelIoFullRetentionEnabled":false,"startPlanRecommendationDismissed":false,"providerFamilyConnectionSelections":{},"providerFamilyDomain":"zai","providerFamilyDomainMigrated":true,"nativeSearchEnhancementsEnabled":true,"memoryEnabled":false,"lastWorkspaceSession":[],"lastActiveTabIndex":0,"receivePreviewUpdates":false,"autoDownloadAndInstallUpdates":false,"skippedElectronUpdateVersions":{}}
[2026-09-28 11:12:45.445] [pid:13200] [settingService] writing settings to: C:\Users\USER\Desktop\Personal\ZCode\.tmp\z1-native-1790565160835-e23cfe\home\.zcode\v2\setting.json {"recentProjects":[],"locale":"zh-CN","localePreference":"en-US","terminalInheritSystemProfile":true,"embeddedBrowserAllowInsecureCertificates":false,"embeddedBrowserViewportPreference":{"mode":"normal","viewport":{"width":393,"height":852},"zoom":"fit"},"computerUseComposerEntryHidden":true,"taskAutoArchiveEnabled":false,"taskAutoArchiveOlderThanDays":7,"closeToTrayOnWindows":false,"closeToTrayOnWindowsMigrationInitialized":true,"keepAwakeWhileRunning":false,"desktopChromiumHardwareAccelerationEnabled":true,"messageStreamShowReasoning":true,"messageStreamShowReasoningMigrationInitialized":true,"messageStreamShowTodos":false,"toolGroupingExploreEnabled":true,"toolGroupingTerminalEnabled":true,"toolGroupingChangesEnabled":false,"zcodeInteractionBehavior":"queue","askUserQuestionAutoResolutionEnabled":false,"modelIoFullRetentionEnabled":false,"startPlanRecommendationDismissed":false,"providerFamilyConnectionSelections":{},"providerFamilyDomain":"zai","providerFamilyDomainMigrated":true,"nativeSearchEnhancementsEnabled":true,"memoryEnabled":false,"lastWorkspaceSession":[{"kind":"local","workspacePath":"C:\\Users\\USER\\Desktop\\Personal\\ZCode\\.tmp\\z1-native-1790565160835-e23cfe\\workspace","workspacePurpose":"project"},{"kind":"local","workspacePath":"C:\\Users\\USER\\Desktop\\Personal\\ZCode\\.tmp\\z1-native-1790565160835-e23cfe\\data\\.zcode\\workspace\\default","workspacePurpose":"conversation"}],"lastActiveTabIndex":0,"receivePreviewUpdates":false,"autoDownloadAndInstallUpdates":false,"skippedElectronUpdateVersions":{}}
[2026-09-28 11:12:45.446] [pid:1616] [main] [host-log] (local-1) [host] [2026-09-28 11:12:45.445] [pid:13200] [settingService] writing settings to: C:\Users\USER\Desktop\Personal\ZCode\.tmp\z1-native-1790565160835-e23cfe\home\.zcode\v2\setting.json {"recentProjects":[],"locale":"zh-CN","localePreference":"en-US","terminalInheritSystemProfile":true,"embeddedBrowserAllowInsecureCertificates":false,"embeddedBrowserViewportPreference":{"mode":"normal","viewport":{"width":393,"height":852},"zoom":"fit"},"computerUseComposerEntryHidden":true,"taskAutoArchiveEnabled":false,"taskAutoArchiveOlderThanDays":7,"closeToTrayOnWindows":false,"closeToTrayOnWindowsMigrationInitialized":true,"keepAwakeWhileRunning":false,"desktopChromiumHardwareAccelerationEnabled":true,"messageStreamShowReasoning":true,"messageStreamShowReasoningMigrationInitialized":true,"messageStreamShowTodos":false,"toolGroupingExploreEnabled":true,"toolGroupingTerminalEnabled":true,"toolGroupingChangesEnabled":false,"zcodeInteractionBehavior":"queue","askUserQuestionAutoResolutionEnabled":false,"modelIoFullRetentionEnabled":false,"startPlanRecommendationDismissed":false,"providerFamilyConnectionSelections":{},"providerFamilyDomain":"zai","providerFamilyDomainMigrated":true,"nativeSearchEnhancementsEnabled":true,"memoryEnabled":false,"lastWorkspaceSession":[{"kind":"local","workspacePath":"C:\\Users\\USER\\Desktop\\Personal\\ZCode\\.tmp\\z1-native-1790565160835-e23cfe\\workspace","workspacePurpose":"project"},{"kind":"local","workspacePath":"C:\\Users\\USER\\Desktop\\Personal\\ZCode\\.tmp\\z1-native-1790565160835-e23cfe\\data\\.zcode\\workspace\\default","workspacePurpose":"conversation"}],"lastActiveTabIndex":0,"receivePreviewUpdates":false,"autoDownloadAndInstallUpdates":false,"skippedElectronUpdateVersions":{}}
[Z1 child] [2026-09-28 11:12:45.450] [pid:13200] [settingService] write done
[2026-09-28 11:12:45.451] [pid:1616] [main] [host-log] (local-1) [host] [2026-09-28 11:12:45.450] [pid:13200] [settingService] write done
[2026-09-28 11:12:45.452] [pid:1616] [main] [host-log] (local-1) [host] [2026-09-28 11:12:45.450] [pid:13200] [zcode-host] [rpc:call] setting.update OK (7.9ms)
[2026-09-28 11:12:45.452] [pid:1616] [main] [host-log] (local-1) [host] [2026-09-28 11:12:45.450] [pid:13200] [zcode-host] [rpc:call] window-controller.listTaskList OK (0.0ms)
[2026-09-28 11:12:45.453] [pid:1616] [main] [host-log] (local-1) [host] [2026-09-28 11:12:45.452] [pid:13200] [zcode-host] [rpc:call] zcode-agent.initializeConversationV4 OK (0.6ms)
[Z1 child] [2026-09-28 11:12:45.450] [pid:13200] [zcode-host] [rpc:call] setting.update OK (7.9ms)
[2026-09-28 11:12:45.450] [pid:13200] [zcode-host] [rpc:call] window-controller.listTaskList OK (0.0ms)
[2026-09-28 11:12:45.452] [pid:13200] [zcode-host] [rpc:call] zcode-agent.initializeConversationV4 OK (0.6ms)
[Z1 child] [2026-09-28 11:12:45.474] [pid:13200] [zcode-host] [rpc:call] settings-sync.detect OK (0.0ms)
[2026-09-28 11:12:45.475] [pid:1616] [main] [host-log] (local-1) [host] [2026-09-28 11:12:45.474] [pid:13200] [zcode-host] [rpc:call] settings-sync.detect OK (0.0ms)
[2026-09-28 11:12:45.475] [pid:1616] [main] [host-log] (local-1) [host] [2026-09-28 11:12:45.474] [pid:13200] [zcode-host] [rpc:listen] model-selection.onDidChange subscribed
[2026-09-28 11:12:45.476] [pid:1616] [main] [host-log] (local-1) [host] [2026-09-28 11:12:45.474] [pid:13200] [zcode-agent-service] 开始请求 ZCode Protocol workspace/readPresentation {"workspaceKey":"C:\\Users\\USER\\Desktop\\Personal\\ZCode\\.tmp\\z1-native-1790565160835-e23cfe\\workspace","workspacePath":"C:\\Users\\USER\\Desktop\\Personal\\ZCode\\.tmp\\z1-native-1790565160835-e23cfe\\workspace"}
[2026-09-28 11:12:45.477] [pid:1616] [main] [host-log] (local-1) [host] [2026-09-28 11:12:45.475] [pid:13200] [zcode-host] [rpc:call] model-selection.getView OK (0.8ms)
[Z1 child] [2026-09-28 11:12:45.474] [pid:13200] [zcode-host] [rpc:listen] model-selection.onDidChange subscribed
[2026-09-28 11:12:45.474] [pid:13200] [zcode-agent-service] 开始请求 ZCode Protocol workspace/readPresentation {
  workspaceKey: 'C:\\Users\\USER\\Desktop\\Personal\\ZCode\\.tmp\\z1-native-1790565160835-e23cfe\\workspace',
  workspacePath: 'C:\\Users\\USER\\Desktop\\Personal\\ZCode\\.tmp\\z1-native-1790565160835-e23cfe\\workspace'
}
[2026-09-28 11:12:45.475] [pid:13200] [zcode-host] [rpc:call] model-selection.getView OK (0.8ms)
[Z1 child] [2026-09-28 11:12:45.478] [pid:13200] [settingService] reading settings from: C:\Users\USER\Desktop\Personal\ZCode\.tmp\z1-native-1790565160835-e23cfe\home\.zcode\v2\setting.json
[Z1 child] [2026-09-28 11:12:45.479] [pid:13200] [settingService] read result: {"recentProjects":[],"locale":"zh-CN","localePreference":"en-US","terminalInheritSystemProfile":true,"embeddedBrowserAllowInsecureCertificates":false,"embeddedBrowserViewportPreference":{"mode":"normal","viewport":{"width":393,"height":852},"zoom":"fit"},"computerUseComposerEntryHidden":true,"taskAutoArchiveEnabled":false,"taskAutoArchiveOlderThanDays":7,"closeToTrayOnWindows":false,"closeToTrayOnWindowsMigrationInitialized":true,"keepAwakeWhileRunning":false,"desktopChromiumHardwareAccelerationEnabled":true,"messageStreamShowReasoning":true,"messageStreamShowReasoningMigrationInitialized":true,"messageStreamShowTodos":false,"toolGroupingExploreEnabled":true,"toolGroupingTerminalEnabled":true,"toolGroupingChangesEnabled":false,"zcodeInteractionBehavior":"queue","askUserQuestionAutoResolutionEnabled":false,"modelIoFullRetentionEnabled":false,"startPlanRecommendationDismissed":false,"providerFamilyConnectionSelections":{},"providerFamilyDomain":"zai","providerFamilyDomainMigrated":true,"nativeSearchEnhancementsEnabled":true,"memoryEnabled":false,"lastWorkspaceSession":[{"kind":"local","workspacePath":"C:\\Users\\USER\\Desktop\\Personal\\ZCode\\.tmp\\z1-native-1790565160835-e23cfe\\workspace","workspacePurpose":"project"},{"kind":"local","workspacePath":"C:\\Users\\USER\\Desktop\\Personal\\ZCode\\.tmp\\z1-native-1790565160835-e23cfe\\data\\.zcode\\workspace\\default","workspacePurpose":"conversation"}],"lastActiveTabIndex":0,"receivePreviewUpdates":false,"autoDownloadAndInstallUpdates":false,"skippedElectronUpdateVersions":{}}
[2026-09-28 11:12:45.479] [pid:13200] [settingService] writing settings to: C:\Users\USER\Desktop\Personal\ZCode\.tmp\z1-native-1790565160835-e23cfe\home\.zcode\v2\setting.json {"recentProjects":[],"locale":"zh-CN","localePreference":"en-US","terminalInheritSystemProfile":true,"embeddedBrowserAllowInsecureCertificates":false,"embeddedBrowserViewportPreference":{"mode":"normal","viewport":{"width":393,"height":852},"zoom":"fit"},"computerUseComposerEntryHidden":true,"taskAutoArchiveEnabled":false,"taskAutoArchiveOlderThanDays":7,"closeToTrayOnWindows":false,"closeToTrayOnWindowsMigrationInitialized":true,"keepAwakeWhileRunning":false,"desktopChromiumHardwareAccelerationEnabled":true,"messageStreamShowReasoning":true,"messageStreamShowReasoningMigrationInitialized":true,"messageStreamShowTodos":false,"toolGroupingExploreEnabled":true,"toolGroupingTerminalEnabled":true,"toolGroupingChangesEnabled":false,"zcodeInteractionBehavior":"queue","askUserQuestionAutoResolutionEnabled":false,"modelIoFullRetentionEnabled":false,"startPlanRecommendationDismissed":false,"providerFamilyConnectionSelections":{},"providerFamilyDomain":"zai","providerFamilyDomainMigrated":true,"nativeSearchEnhancementsEnabled":true,"memoryEnabled":false,"lastWorkspaceSession":[{"kind":"local","workspacePath":"C:\\Users\\USER\\Desktop\\Personal\\ZCode\\.tmp\\z1-native-1790565160835-e23cfe\\workspace","workspacePurpose":"project"},{"kind":"local","workspacePath":"C:\\Users\\USER\\Desktop\\Personal\\ZCode\\.tmp\\z1-native-1790565160835-e23cfe\\data\\.zcode\\workspace\\default","workspacePurpose":"conversation"}],"lastActiveTabIndex":0,"receivePreviewUpdates":false,"autoDownloadAndInstallUpdates":false,"skippedElectronUpdateVersions":{},"settingsSyncFirstRunPromptHandled":true}
[2026-09-28 11:12:45.479] [pid:1616] [main] [host-log] (local-1) [host] [2026-09-28 11:12:45.479] [pid:13200] [settingService] writing settings to: C:\Users\USER\Desktop\Personal\ZCode\.tmp\z1-native-1790565160835-e23cfe\home\.zcode\v2\setting.json {"recentProjects":[],"locale":"zh-CN","localePreference":"en-US","terminalInheritSystemProfile":true,"embeddedBrowserAllowInsecureCertificates":false,"embeddedBrowserViewportPreference":{"mode":"normal","viewport":{"width":393,"height":852},"zoom":"fit"},"computerUseComposerEntryHidden":true,"taskAutoArchiveEnabled":false,"taskAutoArchiveOlderThanDays":7,"closeToTrayOnWindows":false,"closeToTrayOnWindowsMigrationInitialized":true,"keepAwakeWhileRunning":false,"desktopChromiumHardwareAccelerationEnabled":true,"messageStreamShowReasoning":true,"messageStreamShowReasoningMigrationInitialized":true,"messageStreamShowTodos":false,"toolGroupingExploreEnabled":true,"toolGroupingTerminalEnabled":true,"toolGroupingChangesEnabled":false,"zcodeInteractionBehavior":"queue","askUserQuestionAutoResolutionEnabled":false,"modelIoFullRetentionEnabled":false,"startPlanRecommendationDismissed":false,"providerFamilyConnectionSelections":{},"providerFamilyDomain":"zai","providerFamilyDomainMigrated":true,"nativeSearchEnhancementsEnabled":true,"memoryEnabled":false,"lastWorkspaceSession":[{"kind":"local","workspacePath":"C:\\Users\\USER\\Desktop\\Personal\\ZCode\\.tmp\\z1-native-1790565160835-e23cfe\\workspace","workspacePurpose":"project"},{"kind":"local","workspacePath":"C:\\Users\\USER\\Desktop\\Personal\\ZCode\\.tmp\\z1-native-1790565160835-e23cfe\\data\\.zcode\\workspace\\default","workspacePurpose":"conversation"}],"lastActiveTabIndex":0,"receivePreviewUpdates":false,"autoDownloadAndInstallUpdates":false,"skippedElectronUpdateVersions":{},"settingsSyncFirstRunPromptHandled":true}
[Z1 child] [2026-09-28 11:12:45.484] [pid:13200] [settingService] write done
[2026-09-28 11:12:45.484] [pid:13200] [zcode-host] [rpc:call] settings-sync.markFirstRunPromptHandled OK (5.8ms)
[2026-09-28 11:12:45.485] [pid:1616] [main] [host-log] (local-1) [host] [2026-09-28 11:12:45.484] [pid:13200] [settingService] write done
[2026-09-28 11:12:45.485] [pid:1616] [main] [host-log] (local-1) [host] [2026-09-28 11:12:45.484] [pid:13200] [zcode-host] [rpc:call] settings-sync.markFirstRunPromptHandled OK (5.8ms)
[2026-09-28 11:12:45.567] [pid:1616] [renderer] v4 workspace connection lease released {
  event: 'v4.workspace_connection.release',
  keepWarmMs: 30000,
  key: '__base__ C:\\Users\\USER\\Desktop\\Personal\\ZCode\\.tmp\\z1-native-1790565160835-e23cfe\\workspace',
  module: 'ui.v4.workspace_connection_registry',
  refCount: 0,
  status: 'keep_warm'
}
[Z1 child] [2026-09-28 11:12:45.575] [pid:13200] [zcode-host] [rpc:call] git.refresh OK (163.2ms)
[2026-09-28 11:12:45.576] [pid:1616] [main] [host-log] (local-1) [host] [2026-09-28 11:12:45.575] [pid:13200] [zcode-host] [rpc:call] git.refresh OK (163.2ms)
[Z1 child] [2026-09-28 11:12:45.587] [pid:13200] [zcode-host] [rpc:call] system.info OK (0.0ms)
[2026-09-28 11:12:45.587] [pid:1616] [main] [host-log] (local-1) [host] [2026-09-28 11:12:45.587] [pid:13200] [zcode-host] [rpc:call] system.info OK (0.0ms)
[Z1 child] [2026-09-28 11:12:45.587] [pid:13200] [zcode-host] [rpc:call] file-watcher.watch OK (0.8ms)
[2026-09-28 11:12:45.588] [pid:1616] [main] [host-log] (local-1) [host] [2026-09-28 11:12:45.587] [pid:13200] [zcode-host] [rpc:call] file-watcher.watch OK (0.8ms)
[Z1 child] [2026-09-28 11:12:45.588] [pid:13200] [zcode-host] [rpc:call] file-watcher.watch OK (0.7ms)
[2026-09-28 11:12:45.589] [pid:13200] [zcode-host] [rpc:listen] file-watcher.onDynamicChange subscribed
[2026-09-28 11:12:45.590] [pid:1616] [main] [host-log] (local-1) [host] [2026-09-28 11:12:45.588] [pid:13200] [zcode-host] [rpc:call] file-watcher.watch OK (0.7ms)
[Z1 child] [2026-09-28 11:12:45.589] [pid:13200] [zcode-host] [rpc:call] file-watcher.unwatch OK (0.1ms)
[2026-09-28 11:12:45.591] [pid:1616] [main] [host-log] (local-1) [host] [2026-09-28 11:12:45.589] [pid:13200] [zcode-host] [rpc:listen] file-watcher.onDynamicChange subscribed
[2026-09-28 11:12:45.592] [pid:1616] [main] [host-log] (local-1) [host] [2026-09-28 11:12:45.589] [pid:13200] [zcode-host] [rpc:call] file-watcher.unwatch OK (0.1ms)
[Z1 child] [2026-09-28 11:12:45.591] [pid:13200] [zcode-host] [rpc:call] file-watcher.watch OK (1.4ms)
[2026-09-28 11:12:45.592] [pid:13200] [zcode-host] [rpc:call] file-watcher.watch OK (1.0ms)
[2026-09-28 11:12:45.593] [pid:1616] [main] [host-log] (local-1) [host] [2026-09-28 11:12:45.591] [pid:13200] [zcode-host] [rpc:call] file-watcher.watch OK (1.4ms)
[2026-09-28 11:12:45.594] [pid:1616] [main] [host-log] (local-1) [host] [2026-09-28 11:12:45.592] [pid:13200] [zcode-host] [rpc:call] file-watcher.watch OK (1.0ms)
[Z1 child] [2026-09-28 11:12:45.593] [pid:13200] [zcode-host] [rpc:call] file-watcher.watch OK (1.2ms)
[2026-09-28 11:12:45.593] [pid:13200] [zcode-host] [rpc:call] file-watcher.unwatch OK (0.0ms)
[2026-09-28 11:12:45.593] [pid:13200] [zcode-host] [rpc:listen] file-watcher.onDynamicChange subscribed
[2026-09-28 11:12:45.594] [pid:13200] [zcode-host] [rpc:listen] file-watcher.onDynamicChange subscribed
[2026-09-28 11:12:45.594] [pid:13200] [zcode-host] [rpc:listen] file-watcher.onDynamicChange subscribed
[2026-09-28 11:12:45.595] [pid:1616] [main] [host-log] (local-1) [host] [2026-09-28 11:12:45.593] [pid:13200] [zcode-host] [rpc:call] file-watcher.watch OK (1.2ms)
[2026-09-28 11:12:45.595] [pid:1616] [main] [host-log] (local-1) [host] [2026-09-28 11:12:45.593] [pid:13200] [zcode-host] [rpc:call] file-watcher.unwatch OK (0.0ms)
[2026-09-28 11:12:45.596] [pid:1616] [main] [host-log] (local-1) [host] [2026-09-28 11:12:45.593] [pid:13200] [zcode-host] [rpc:listen] file-watcher.onDynamicChange subscribed
[2026-09-28 11:12:45.597] [pid:1616] [main] [host-log] (local-1) [host] [2026-09-28 11:12:45.594] [pid:13200] [zcode-host] [rpc:listen] file-watcher.onDynamicChange subscribed
[2026-09-28 11:12:45.597] [pid:1616] [main] [host-log] (local-1) [host] [2026-09-28 11:12:45.594] [pid:13200] [zcode-host] [rpc:listen] file-watcher.onDynamicChange subscribed
[Z1 child] [2026-09-28 11:12:45.786] [pid:13200] [zcode-host] [rpc:call] zcode-agent.subscribeSessionsIndexV4 OK (308.7ms)
[2026-09-28 11:12:45.787] [pid:1616] [main] [host-log] (local-1) [host] [2026-09-28 11:12:45.786] [pid:13200] [zcode-host] [rpc:call] zcode-agent.subscribeSessionsIndexV4 OK (308.7ms)
[2026-09-28 11:12:45.787] [pid:1616] [main] [host-log] (local-1) [host] [2026-09-28 11:12:45.786] [pid:13200] [zcode-host] [rpc:call] window-controller.listTaskList OK (385.0ms)
[2026-09-28 11:12:45.788] [pid:1616] [main] [host-log] (local-1) [host] [2026-09-28 11:12:45.786] [pid:13200] [zcode-host] [rpc:call] window-controller.listTaskList OK (335.7ms)
[2026-09-28 11:12:45.789] [pid:1616] [main] [host-log] (local-1) [host] [2026-09-28 11:12:45.786] [pid:13200] [zcode-agent-service] 为只读会话控制面启动 ZCode agent {"workspaceKey":"C:\\Users\\USER\\Desktop\\Personal\\ZCode\\.tmp\\z1-native-1790565160835-e23cfe\\workspace","workspacePath":"C:\\Users\\USER\\Desktop\\Personal\\ZCode\\.tmp\\z1-native-1790565160835-e23cfe\\workspace"}
[2026-09-28 11:12:45.790] [pid:1616] [main] [stability] perf_agent_ready reported {
  pid: 15000,
  runtimeGeneration: 1,
  runtimeInstanceId: 'agent-ceac7cbc-54db-4ffd-a4e9-af47d7348004',
  startupDurationMs: 668
}
[2026-09-28 11:12:45.790] [pid:1616] [main] [host-log] (local-1) [host] [2026-09-28 11:12:45.787] [pid:13200] [zcode-agent-service] provider/model 就绪，允许 ZCode agent 模型执行 {"modelId":"z1-fixture","providerId":"z1-local-fixture","revision":"model-selection:1","workspaceKey":"C:\\Users\\USER\\Desktop\\Personal\\ZCode\\.tmp\\z1-native-1790565160835-e23cfe\\workspace","workspacePath":"C:\\Users\\USER\\Desktop\\Personal\\ZCode\\.tmp\\z1-native-1790565160835-e23cfe\\workspace"}
[2026-09-28 11:12:45.791] [pid:1616] [main] [host-log] (local-1) [host] [2026-09-28 11:12:45.787] [pid:13200] [zcode-agent-service] provider/model 就绪，允许 ZCode agent 模型执行 {"modelId":"z1-fixture","providerId":"z1-local-fixture","revision":"model-selection:1","workspaceKey":"C:\\Users\\USER\\Desktop\\Personal\\ZCode\\.tmp\\z1-native-1790565160835-e23cfe\\workspace","workspacePath":"C:\\Users\\USER\\Desktop\\Personal\\ZCode\\.tmp\\z1-native-1790565160835-e23cfe\\workspace"}
[2026-09-28 11:12:45.791] [pid:1616] [main] [host-log] (local-1) [host] [2026-09-28 11:12:45.787] [pid:13200] [zcode-agent-service] provider/model 就绪，允许 ZCode agent 模型执行 {"modelId":"z1-fixture","providerId":"z1-local-fixture","revision":"model-selection:1","workspaceKey":"C:\\Users\\USER\\Desktop\\Personal\\ZCode\\.tmp\\z1-native-1790565160835-e23cfe\\workspace","workspacePath":"C:\\Users\\USER\\Desktop\\Personal\\ZCode\\.tmp\\z1-native-1790565160835-e23cfe\\workspace"}
[2026-09-28 11:12:45.792] [pid:1616] [main] [host-log] (local-1) [host] [2026-09-28 11:12:45.787] [pid:13200] [zcode-agent-service] ZCode agent 初始化完成 {"durationMs":881,"transportKind":"stdio","workspaceKey":"C:\\Users\\USER\\Desktop\\Personal\\ZCode\\.tmp\\z1-native-1790565160835-e23cfe\\workspace","workspacePath":"C:\\Users\\USER\\Desktop\\Personal\\ZCode\\.tmp\\z1-native-1790565160835-e23cfe\\workspace"}
[2026-09-28 11:12:45.793] [pid:1616] [main] [host-log] (local-1) [host] [2026-09-28 11:12:45.787] [pid:13200] [zcode-host] ZCode agent warmup ready (local host init (1/1)) workspace=C:\Users\USER\Desktop\Personal\ZCode\.tmp\z1-native-1790565160835-e23cfe\workspace transport=stdio
[Z1 child] [2026-09-28 11:12:45.786] [pid:13200] [zcode-host] [rpc:call] window-controller.listTaskList OK (385.0ms)
[2026-09-28 11:12:45.786] [pid:13200] [zcode-host] [rpc:call] window-controller.listTaskList OK (335.7ms)
[2026-09-28 11:12:45.786] [pid:13200] [zcode-agent-service] 为只读会话控制面启动 ZCode agent {
  workspaceKey: 'C:\\Users\\USER\\Desktop\\Personal\\ZCode\\.tmp\\z1-native-1790565160835-e23cfe\\workspace',
  workspacePath: 'C:\\Users\\USER\\Desktop\\Personal\\ZCode\\.tmp\\z1-native-1790565160835-e23cfe\\workspace'
}
[2026-09-28 11:12:45.787] [pid:13200] [zcode-agent-service] provider/model 就绪，允许 ZCode agent 模型执行 {
  modelId: 'z1-fixture',
  providerId: 'z1-local-fixture',
  revision: 'model-selection:1',
  workspaceKey: 'C:\\Users\\USER\\Desktop\\Personal\\ZCode\\.tmp\\z1-native-1790565160835-e23cfe\\workspace',
  workspacePath: 'C:\\Users\\USER\\Desktop\\Personal\\ZCode\\.tmp\\z1-native-1790565160835-e23cfe\\workspace'
}
[2026-09-28 11:12:45.787] [pid:13200] [zcode-agent-service] provider/model 就绪，允许 ZCode agent 模型执行 {
  modelId: 'z1-fixture',
  providerId: 'z1-local-fixture',
  revision: 'model-selection:1',
  workspaceKey: 'C:\\Users\\USER\\Desktop\\Personal\\ZCode\\.tmp\\z1-native-1790565160835-e23cfe\\workspace',
  workspacePath: 'C:\\Users\\USER\\Desktop\\Personal\\ZCode\\.tmp\\z1-native-1790565160835-e23cfe\\workspace'
}
[2026-09-28 11:12:45.787] [pid:13200] [zcode-agent-service] provider/model 就绪，允许 ZCode agent 模型执行 {
  modelId: 'z1-fixture',
  providerId: 'z1-local-fixture',
  revision: 'model-selection:1',
  workspaceKey: 'C:\\Users\\USER\\Desktop\\Personal\\ZCode\\.tmp\\z1-native-1790565160835-e23cfe\\workspace',
  workspacePath: 'C:\\Users\\USER\\Desktop\\Personal\\ZCode\\.tmp\\z1-native-1790565160835-e23cfe\\workspace'
}
[2026-09-28 11:12:45.787] [pid:13200] [zcode-agent-service] ZCode agent 初始化完成 {
  durationMs: 881,
  transportKind: 'stdio',
  workspaceKey: 'C:\\Users\\USER\\Desktop\\Personal\\ZCode\\.tmp\\z1-native-1790565160835-e23cfe\\workspace',
  workspacePath: 'C:\\Users\\USER\\Desktop\\Personal\\ZCode\\.tmp\\z1-native-1790565160835-e23cfe\\workspace'
}
[2026-09-28 11:12:45.787] [pid:13200] [zcode-host] ZCode agent warmup ready (local host init (1/1)) workspace=C:\Users\USER\Desktop\Personal\ZCode\.tmp\z1-native-1790565160835-e23cfe\workspace transport=stdio
[Z1 child] [2026-09-28 11:12:45.804] [pid:13200] [zcode-agent-service] account provider config 已交付到 ZCode agent {
  providerCount: 8,
  reason: 'startup_ready:model_selection_changed',
  receivedRevision: 'account:["zcode-builtin:30:d3774da155856b5bc3823c40108d5bd8ecfc665c06ab09d90ee79c7b4a0e784d",[{"providerId":"account:zai-individual-coding-plan","config":{"access":{"type":"zhipu-account","entitled":false}}},{"providerId":"account:zai-team-coding-plan","config":{"access":{"type":"zhipu-account","entitled":false}}},{"providerId":"account:zai-start-plan","config":{"access":{"type":"zhipu-account","entitled":false}}},{"providerId":"account:bigmodel-individual-coding-plan","config":{"access":{"type":"zhipu-account","entitled":false}}},{"providerId":"account:bigmodel-team-coding-plan","config":{"access":{"type":"zhipu-account","entitled":false}}},{"providerId":"account:bigmodel-start-plan","config":{"access":{"type":"zhipu-account","entitled":false}}},{"providerId":"account:zai-offpeak-idle-plan","config":{"access":{"type":"zhipu-account","entitled":false}}},{"providerId":"account:bigmodel-offpeak-idle-plan","config":{"access":{"type":"zhipu-account","entitled":false}}}],{"account:zai-individual-coding-plan":{"availability":"unavailable","entitled":false,"unavailableReason":"not-connected","current":false,"connectionKey":"41717a7a173a5e88981ed3b30d6c754715277dce3b302a8e7b1386cdf57b9b4c"},"account:zai-team-coding-plan":{"availability":"unavailable","entitled":false,"unavailableReason":"not-connected","current":false,"connectionKey":"41717a7a173a5e88981ed3b30d6c754715277dce3b302a8e7b1386cdf57b9b4c"},"account:zai-start-plan":{"availability":"unavailable","entitled":false,"unavailableReason":"not-connected","current":false,"connectionKey":"b20a8f39ea1865b9bdbc4f21e0774500034895a93cdf0c737917b6532ebedcea"},"account:bigmodel-individual-coding-plan":{"availability":"unavailable","entitled":false,"unavailableReason":"not-connected","current":false,"connectionKey":"145736c8450a04bf4ba21aee47794f53d87ea79c5dc4cc5b9f27fbf5b6038d53"},"account:bigmodel-team-coding-plan":{"availability":"unavailable","entitled":false,"unavailableReason":"not-connected","current":false,"connectionKey":"145736c8450a04bf4ba21aee47794f53d87ea79c5dc4cc5b9f27fbf5b6038d53"},"account:bigmodel-start-plan":{"availability":"unavailable","entitled":false,"unavailableReason":"not-connected","current":false,"connectionKey":"116fde2fcda0bb10f88164a63caadb0a0ec8611edcf75b35a9924684f9ba84bd"},"account:zai-offpeak-idle-plan":{"availability":"unavailable","entitled":false},"account:bigmodel-offpeak-idle-plan":{"availability":"unavailable","entitled":false}}]',
  status: 'received'
}
[2026-09-28 11:12:45.805] [pid:1616] [main] [host-log] (local-1) [host] [2026-09-28 11:12:45.804] [pid:13200] [zcode-agent-service] account provider config 已交付到 ZCode agent {"providerCount":8,"reason":"startup_ready:model_selection_changed","receivedRevision":"account:[\"zcode-builtin:30:d3774da155856b5bc3823c40108d5bd8ecfc665c06ab09d90ee79c7b4a0e784d\",[{\"providerId\":\"account:zai-individual-coding-plan\",\"config\":{\"access\":{\"type\":\"zhipu-account\",\"entitled\":false}}},{\"providerId\":\"account:zai-team-coding-plan\",\"config\":{\"access\":{\"type\":\"zhipu-account\",\"entitled\":false}}},{\"providerId\":\"account:zai-start-plan\",\"config\":{\"access\":{\"type\":\"zhipu-account\",\"entitled\":false}}},{\"providerId\":\"account:bigmodel-individual-coding-plan\",\"config\":{\"access\":{\"type\":\"zhipu-account\",\"entitled\":false}}},{\"providerId\":\"account:bigmodel-team-coding-plan\",\"config\":{\"access\":{\"type\":\"zhipu-account\",\"entitled\":false}}},{\"providerId\":\"account:bigmodel-start-plan\",\"config\":{\"access\":{\"type\":\"zhipu-account\",\"entitled\":false}}},{\"providerId\":\"account:zai-offpeak-idle-plan\",\"config\":{\"access\":{\"type\":\"zhipu-account\",\"entitled\":false}}},{\"providerId\":\"account:bigmodel-offpeak-idle-plan\",\"config\":{\"access\":{\"type\":\"zhipu-account\",\"entitled\":false}}}],{\"account:zai-individual-coding-plan\":{\"availability\":\"unavailable\",\"entitled\":false,\"unavailableReason\":\"not-connected\",\"current\":false,\"connectionKey\":\"41717a7a173a5e88981ed3b30d6c754715277dce3b302a8e7b1386cdf57b9b4c\"},\"account:zai-team-coding-plan\":{\"availability\":\"unavailable\",\"entitled\":false,\"unavailableReason\":\"not-connected\",\"current\":false,\"connectionKey\":\"41717a7a173a5e88981ed3b30d6c754715277dce3b302a8e7b1386cdf57b9b4c\"},\"account:zai-start-plan\":{\"availability\":\"unavailable\",\"entitled\":false,\"unavailableReason\":\"not-connected\",\"current\":false,\"connectionKey\":\"b20a8f39ea1865b9bdbc4f21e0774500034895a93cdf0c737917b6532ebedcea\"},\"account:bigmodel-individual-coding-plan\":{\"availability\":\"unavailable\",\"entitled\":false,\"unavailableReason\":\"not-connected\",\"current\":false,\"connectionKey\":\"145736c8450a04bf4ba21aee47794f53d87ea79c5dc4cc5b9f27fbf5b6038d53\"},\"account:bigmodel-team-coding-plan\":{\"availability\":\"unavailable\",\"entitled\":false,\"unavailableReason\":\"not-connected\",\"current\":false,\"connectionKey\":\"145736c8450a04bf4ba21aee47794f53d87ea79c5dc4cc5b9f27fbf5b6038d53\"},\"account:bigmodel-start-plan\":{\"availability\":\"unavailable\",\"entitled\":false,\"unavailableReason\":\"not-connected\",\"current\":false,\"connectionKey\":\"116fde2fcda0bb10f88164a63caadb0a0ec8611edcf75b35a9924684f9ba84bd\"},\"account:zai-offpeak-idle-plan\":{\"availability\":\"unavailable\",\"entitled\":false},\"account:bigmodel-offpeak-idle-plan\":{\"availability\":\"unavailable\",\"entitled\":false}}]","status":"received"}
[2026-09-28 11:12:45.806] [pid:1616] [main] [host-log] (local-1) [host] [2026-09-28 11:12:45.804] [pid:13200] [zcode-agent-service] provider/model 就绪后已启动等待中的 ZCode agent {"providerCount":1,"reason":"model_selection_changed","revision":"model-selection:1","workspaceKey":"C:\\Users\\USER\\Desktop\\Personal\\ZCode\\.tmp\\z1-native-1790565160835-e23cfe\\workspace","workspacePath":"C:\\Users\\USER\\Desktop\\Personal\\ZCode\\.tmp\\z1-native-1790565160835-e23cfe\\workspace"}
[Z1 child] [2026-09-28 11:12:45.804] [pid:13200] [zcode-agent-service] provider/model 就绪后已启动等待中的 ZCode agent {
  providerCount: 1,
  reason: 'model_selection_changed',
  revision: 'model-selection:1',
  workspaceKey: 'C:\\Users\\USER\\Desktop\\Personal\\ZCode\\.tmp\\z1-native-1790565160835-e23cfe\\workspace',
  workspacePath: 'C:\\Users\\USER\\Desktop\\Personal\\ZCode\\.tmp\\z1-native-1790565160835-e23cfe\\workspace'
}
[Z1 child] [2026-09-28 11:12:45.878] [pid:13200] [zcode-host] [rpc:listen] graphEngineering.onDidChange subscribed
[2026-09-28 11:12:45.878] [pid:1616] [main] [host-log] (local-1) [host] [2026-09-28 11:12:45.878] [pid:13200] [zcode-host] [rpc:listen] graphEngineering.onDidChange subscribed
[Z1 child] [2026-09-28 11:12:45.880] [pid:13200] [settingService] reading settings from: C:\Users\USER\Desktop\Personal\ZCode\.tmp\z1-native-1790565160835-e23cfe\home\.zcode\v2\setting.json
[Z1 child] [2026-09-28 11:12:45.881] [pid:13200] [settingService] read result: {"recentProjects":[],"locale":"zh-CN","localePreference":"en-US","terminalInheritSystemProfile":true,"embeddedBrowserAllowInsecureCertificates":false,"embeddedBrowserViewportPreference":{"mode":"normal","viewport":{"width":393,"height":852},"zoom":"fit"},"computerUseComposerEntryHidden":true,"taskAutoArchiveEnabled":false,"taskAutoArchiveOlderThanDays":7,"closeToTrayOnWindows":false,"closeToTrayOnWindowsMigrationInitialized":true,"keepAwakeWhileRunning":false,"desktopChromiumHardwareAccelerationEnabled":true,"messageStreamShowReasoning":true,"messageStreamShowReasoningMigrationInitialized":true,"messageStreamShowTodos":false,"toolGroupingExploreEnabled":true,"toolGroupingTerminalEnabled":true,"toolGroupingChangesEnabled":false,"zcodeInteractionBehavior":"queue","askUserQuestionAutoResolutionEnabled":false,"modelIoFullRetentionEnabled":false,"startPlanRecommendationDismissed":false,"providerFamilyConnectionSelections":{},"providerFamilyDomain":"zai","providerFamilyDomainMigrated":true,"nativeSearchEnhancementsEnabled":true,"memoryEnabled":false,"lastWorkspaceSession":[{"kind":"local","workspacePath":"C:\\Users\\USER\\Desktop\\Personal\\ZCode\\.tmp\\z1-native-1790565160835-e23cfe\\workspace","workspacePurpose":"project"},{"kind":"local","workspacePath":"C:\\Users\\USER\\Desktop\\Personal\\ZCode\\.tmp\\z1-native-1790565160835-e23cfe\\data\\.zcode\\workspace\\default","workspacePurpose":"conversation"}],"lastActiveTabIndex":0,"receivePreviewUpdates":false,"autoDownloadAndInstallUpdates":false,"skippedElectronUpdateVersions":{},"settingsSyncFirstRunPromptHandled":true}
[Z1 child] [2026-09-28 11:12:45.881] [pid:13200] [zcode-host] [rpc:call] graphEngineering.getWorkspace OK (3.6ms)
[2026-09-28 11:12:45.882] [pid:1616] [main] [host-log] (local-1) [host] [2026-09-28 11:12:45.881] [pid:13200] [zcode-host] [rpc:call] graphEngineering.getWorkspace OK (3.6ms)
[Z1 child] [2026-09-28 11:12:45.891] [pid:13200] [settingService] reading settings from: C:\Users\USER\Desktop\Personal\ZCode\.tmp\z1-native-1790565160835-e23cfe\home\.zcode\v2\setting.json
[Z1 child] [2026-09-28 11:12:45.891] [pid:13200] [settingService] read result: {"recentProjects":[],"locale":"zh-CN","localePreference":"en-US","terminalInheritSystemProfile":true,"embeddedBrowserAllowInsecureCertificates":false,"embeddedBrowserViewportPreference":{"mode":"normal","viewport":{"width":393,"height":852},"zoom":"fit"},"computerUseComposerEntryHidden":true,"taskAutoArchiveEnabled":false,"taskAutoArchiveOlderThanDays":7,"closeToTrayOnWindows":false,"closeToTrayOnWindowsMigrationInitialized":true,"keepAwakeWhileRunning":false,"desktopChromiumHardwareAccelerationEnabled":true,"messageStreamShowReasoning":true,"messageStreamShowReasoningMigrationInitialized":true,"messageStreamShowTodos":false,"toolGroupingExploreEnabled":true,"toolGroupingTerminalEnabled":true,"toolGroupingChangesEnabled":false,"zcodeInteractionBehavior":"queue","askUserQuestionAutoResolutionEnabled":false,"modelIoFullRetentionEnabled":false,"startPlanRecommendationDismissed":false,"providerFamilyConnectionSelections":{},"providerFamilyDomain":"zai","providerFamilyDomainMigrated":true,"nativeSearchEnhancementsEnabled":true,"memoryEnabled":false,"lastWorkspaceSession":[{"kind":"local","workspacePath":"C:\\Users\\USER\\Desktop\\Personal\\ZCode\\.tmp\\z1-native-1790565160835-e23cfe\\workspace","workspacePurpose":"project"},{"kind":"local","workspacePath":"C:\\Users\\USER\\Desktop\\Personal\\ZCode\\.tmp\\z1-native-1790565160835-e23cfe\\data\\.zcode\\workspace\\default","workspacePurpose":"conversation"}],"lastActiveTabIndex":0,"receivePreviewUpdates":false,"autoDownloadAndInstallUpdates":false,"skippedElectronUpdateVersions":{},"settingsSyncFirstRunPromptHandled":true}
[2026-09-28 11:12:45.891] [pid:13200] [zcode-host] [rpc:call] setting.get OK (0.5ms)
[2026-09-28 11:12:45.892] [pid:1616] [main] [host-log] (local-1) [host] [2026-09-28 11:12:45.891] [pid:13200] [zcode-host] [rpc:call] setting.get OK (0.5ms)
[Z1 child] [2026-09-28 11:12:45.897] [pid:13200] [zcode-host] [rpc:listen] model-selection.onDidChange subscribed
[2026-09-28 11:12:45.897] [pid:1616] [main] [host-log] (local-1) [host] [2026-09-28 11:12:45.897] [pid:13200] [zcode-host] [rpc:listen] model-selection.onDidChange subscribed
[Z1 child] [2026-09-28 11:12:45.898] [pid:13200] [zcode-host] [rpc:call] graphEngineering.validateDefinition OK (0.8ms)
[2026-09-28 11:12:45.899] [pid:1616] [main] [host-log] (local-1) [host] [2026-09-28 11:12:45.898] [pid:13200] [zcode-host] [rpc:call] graphEngineering.validateDefinition OK (0.8ms)
[2026-09-28 11:12:45.899] [pid:1616] [main] [host-log] (local-1) [host] [2026-09-28 11:12:45.898] [pid:13200] [zcode-host] [rpc:call] model-selection.getView OK (1.4ms)
[Z1 child] [2026-09-28 11:12:45.898] [pid:13200] [zcode-host] [rpc:call] model-selection.getView OK (1.4ms)
[Z1 child] [2026-09-28 11:12:45.966] [pid:13200] [zcode-host] [rpc:call] graphWorkflow.list OK (1.8ms)
[2026-09-28 11:12:45.967] [pid:1616] [main] [host-log] (local-1) [host] [2026-09-28 11:12:45.966] [pid:13200] [zcode-host] [rpc:call] graphWorkflow.list OK (1.8ms)
[Z1 child] [2026-09-28 11:12:45.971] [pid:13200] [zcode-host] [rpc:call] graphEngineering.recipes OK (7.4ms)
[2026-09-28 11:12:45.972] [pid:1616] [main] [host-log] (local-1) [host] [2026-09-28 11:12:45.971] [pid:13200] [zcode-host] [rpc:call] graphEngineering.recipes OK (7.4ms)
[2026-09-28 11:12:46.060] [pid:1616] [main] [stability] perf_app_start reported
[Z1 child] [2026-09-28 11:12:46.110] [pid:13200] [zcode-host] [rpc:call] graphEngineering.recipes OK (4.6ms)
[2026-09-28 11:12:46.112] [pid:1616] [main] [host-log] (local-1) [host] [2026-09-28 11:12:46.110] [pid:13200] [zcode-host] [rpc:call] graphEngineering.recipes OK (4.6ms)
[Z1 child] [2026-09-28 11:12:46.235] [pid:13200] [zcode-agent-service] ZCode Protocol workspace/readPresentation 完成 {
  durationMs: 761,
  slashCommandCount: 4,
  workspaceKey: 'C:\\Users\\USER\\Desktop\\Personal\\ZCode\\.tmp\\z1-native-1790565160835-e23cfe\\workspace',
  workspacePath: 'C:\\Users\\USER\\Desktop\\Personal\\ZCode\\.tmp\\z1-native-1790565160835-e23cfe\\workspace'
}
[2026-09-28 11:12:46.235] [pid:13200] [zcode-host] [rpc:call] zcode-session.readWorkspacePresentation OK (761.4ms)
[2026-09-28 11:12:46.236] [pid:1616] [main] [host-log] (local-1) [host] [2026-09-28 11:12:46.235] [pid:13200] [zcode-agent-service] ZCode Protocol workspace/readPresentation 完成 {"durationMs":761,"slashCommandCount":4,"workspaceKey":"C:\\Users\\USER\\Desktop\\Personal\\ZCode\\.tmp\\z1-native-1790565160835-e23cfe\\workspace","workspacePath":"C:\\Users\\USER\\Desktop\\Personal\\ZCode\\.tmp\\z1-native-1790565160835-e23cfe\\workspace"}
[2026-09-28 11:12:46.237] [pid:1616] [main] [host-log] (local-1) [host] [2026-09-28 11:12:46.235] [pid:13200] [zcode-host] [rpc:call] zcode-session.readWorkspacePresentation OK (761.4ms)
[Z1 child] [2026-09-28 11:12:46.240] [pid:13200] [settingService] reading settings from: C:\Users\USER\Desktop\Personal\ZCode\.tmp\z1-native-1790565160835-e23cfe\home\.zcode\v2\setting.json
[Z1 child] [2026-09-28 11:12:46.240] [pid:13200] [settingService] read result: {"recentProjects":[],"locale":"zh-CN","localePreference":"en-US","terminalInheritSystemProfile":true,"embeddedBrowserAllowInsecureCertificates":false,"embeddedBrowserViewportPreference":{"mode":"normal","viewport":{"width":393,"height":852},"zoom":"fit"},"computerUseComposerEntryHidden":true,"taskAutoArchiveEnabled":false,"taskAutoArchiveOlderThanDays":7,"closeToTrayOnWindows":false,"closeToTrayOnWindowsMigrationInitialized":true,"keepAwakeWhileRunning":false,"desktopChromiumHardwareAccelerationEnabled":true,"messageStreamShowReasoning":true,"messageStreamShowReasoningMigrationInitialized":true,"messageStreamShowTodos":false,"toolGroupingExploreEnabled":true,"toolGroupingTerminalEnabled":true,"toolGroupingChangesEnabled":false,"zcodeInteractionBehavior":"queue","askUserQuestionAutoResolutionEnabled":false,"modelIoFullRetentionEnabled":false,"startPlanRecommendationDismissed":false,"providerFamilyConnectionSelections":{},"providerFamilyDomain":"zai","providerFamilyDomainMigrated":true,"nativeSearchEnhancementsEnabled":true,"memoryEnabled":false,"lastWorkspaceSession":[{"kind":"local","workspacePath":"C:\\Users\\USER\\Desktop\\Personal\\ZCode\\.tmp\\z1-native-1790565160835-e23cfe\\workspace","workspacePurpose":"project"},{"kind":"local","workspacePath":"C:\\Users\\USER\\Desktop\\Personal\\ZCode\\.tmp\\z1-native-1790565160835-e23cfe\\data\\.zcode\\workspace\\default","workspacePurpose":"conversation"}],"lastActiveTabIndex":0,"receivePreviewUpdates":false,"autoDownloadAndInstallUpdates":false,"skippedElectronUpdateVersions":{},"settingsSyncFirstRunPromptHandled":true}
[Z1 child] [2026-09-28 11:12:46.297] [pid:13200] [zcode-host] [rpc:call] zcode-agent.sendConversationCommandV4 OK (819.5ms)
[2026-09-28 11:12:46.298] [pid:1616] [main] [host-log] (local-1) [host] [2026-09-28 11:12:46.297] [pid:13200] [zcode-host] [rpc:call] zcode-agent.sendConversationCommandV4 OK (819.5ms)
[Z1 child] [2026-09-28 11:12:46.348] [pid:13200] [zcode-host] [rpc:call] zcode-agent.sendConversationCommandV4 OK (50.7ms)
[2026-09-28 11:12:46.349] [pid:1616] [main] [host-log] (local-1) [host] [2026-09-28 11:12:46.348] [pid:13200] [zcode-host] [rpc:call] zcode-agent.sendConversationCommandV4 OK (50.7ms)
[Z1 child] [2026-09-28 11:13:15.428] [pid:13200] [zcode-host] [rpc:call] off-peak-task.list OK (0.3ms)
[2026-09-28 11:13:15.429] [pid:1616] [main] [host-log] (local-1) [host] [2026-09-28 11:13:15.428] [pid:13200] [zcode-host] [rpc:call] off-peak-task.list OK (0.3ms)
[2026-09-28 11:13:15.569] [pid:1616] [renderer] v4 session data layer dispose started {
  entryCount: 0,
  event: 'v4.session_data.dispose.started',
  module: 'ui.v4.session_data_layer',
  status: 'started'
}
[2026-09-28 11:13:15.570] [pid:1616] [renderer] v4 conversation frame upstream detached {
  workspaceKey: 'C:\\Users\\USER\\Desktop\\Personal\\ZCode\\.tmp\\z1-native-1790565160835-e23cfe\\workspace',
  workspacePath: 'C:\\Users\\USER\\Desktop\\Personal\\ZCode\\.tmp\\z1-native-1790565160835-e23cfe\\workspace',
  event: 'v4.conversation.frames.upstream_detached',
  listenerCount: 0,
  module: 'ui.v4.conversation_transport',
  runtimeGeneration: 0,
  status: 'completed'
}
[2026-09-28 11:13:15.570] [pid:1616] [renderer] v4 session data layer dispose completed {
  event: 'v4.session_data.dispose.completed',
  module: 'ui.v4.session_data_layer',
  status: 'completed'
}
[2026-09-28 11:13:15.571] [pid:1616] [renderer] v4 workspace connection keep-warm expired {
  event: 'v4.workspace_connection.keep_warm_expired',
  key: '__base__ C:\\Users\\USER\\Desktop\\Personal\\ZCode\\.tmp\\z1-native-1790565160835-e23cfe\\workspace',
  module: 'ui.v4.workspace_connection_registry',
  refCount: 0,
  status: 'completed'
}
