[2026-09-24 23:34:29.959] [pid:4656] [settingService] write done
[2026-09-24 23:34:29.963] [pid:4656] [main] [open-folder] Windows Explorer 右键菜单安装失败 { error: '[Z1 isolation] registry access blocked' }
[2026-09-24 23:34:29.977] [pid:4656] [main] [desktop-network] renderer proxy mode=direct bypass=disabled customCa=disabled insecureCerts=rejected
[2026-09-24 23:34:29.978] [pid:4656] [main] [desktop-network] renderer proxy mode=system bypass=disabled customCa=disabled insecureCerts=rejected
[2026-09-24 23:34:29.980] [pid:4656] [main] [auto-update] disabled for this desktop product flavor
[Z1 isolation] blocked recent-document mutation
[2026-09-24 23:34:29.993] [pid:4656] [main] [resource] sampling started interval=10000ms report=60000ms
[2026-09-24 23:34:29.994] [pid:4656] [main] [network] reporting started interval=60000ms
[2026-09-24 23:34:29.994] [pid:4656] [main] [force-update] Preview 跳过远端强制升级检查
[2026-09-24 23:34:29.995] [pid:4656] [main] [startup] 创建主窗口
[2026-09-24 23:34:29.996] [pid:4656] [main] [primary-window] creating main window (app-ready)
[2026-09-24 23:34:29.998] [pid:4656] [main] [startup-workspace] using explicit open workspace: C:\Users\USER\Desktop\Personal\ZCode\.tmp\z1-native-1790264068639-fd284e\workspace
[2026-09-24 23:34:30.086] [pid:4656] [main] [desktop-context-prompt] config refreshed { enabled: false, configVersion: undefined }
[2026-09-24 23:34:30.441] [pid:4656] [main] [createWindow] dom-ready fired (local-1)
[2026-09-24 23:34:30.443] [pid:4656] [main] [desktop-context-prompt] first host spawn decision resolved { enabled: false, configVersion: undefined }
[2026-09-24 23:34:30.446] [pid:4656] [main] [spawnHostProcess] forked host process for (local-1), pid=undefined
[2026-09-24 23:34:30.447] [pid:4656] [main] [spawnHostProcess] host module path: C:\Users\USER\Desktop\Personal\ZCode\packages\desktop\out\host\index.js
[2026-09-24 23:34:30.447] [pid:4656] [main] [spawnHostProcess] glm binary path: <not found>
[2026-09-24 23:34:30.448] [pid:4656] [main] [spawnHostProcess] BIGMODEL_OAUTH_APP_SECRET source: fallback
[2026-09-24 23:34:30.450] [pid:4656] [main] [task-realtime] registered host {
  hostId: '52660874-11a3-4b5e-a1eb-4a5acece36b4',
  windowId: 1,
  workspaceKeyCount: 0,
  deliveryKind: 'desktop_window'
}
[2026-09-24 23:34:30.456] [pid:4656] [main] [renderer-action-trace] config refreshed { enabled: false, configVersion: 'disabled' }
[Z1 child] (node:42140) ExperimentalWarning: SQLite is an experimental feature and might change at any time
(Use `electron --trace-warnings ...` to show where the warning was created)
[Z1 child] [2026-09-24 23:34:30.754] [pid:42140] [zcode-host] ExperimentalWarning: SQLite is an experimental feature and might change at any time
[2026-09-24 23:34:30.756] [pid:4656] [main] [host-log] (local-1) [host] [2026-09-24 23:34:30.754] [pid:42140] [zcode-host] ExperimentalWarning: SQLite is an experimental feature and might change at any time
[Z1 child] [2026-09-24 23:34:30.758] [pid:42140] [zcode-host] [cua-pip-session] focus event dropped: service unavailable
[2026-09-24 23:34:30.758] [pid:4656] [main] [host-log] (local-1) [host] [2026-09-24 23:34:30.758] [pid:42140] [zcode-host] [cua-pip-session] focus event dropped: service unavailable
[Z1 child] (node:42140) ExperimentalWarning: SQLite is an experimental feature and might change at any time
(Use `electron --trace-warnings ...` to show where the warning was created)
[Z1 child] [2026-09-24 23:34:32.410] [pid:42140] [zcode-host] initializing local services
[2026-09-24 23:34:32.410] [pid:4656] [main] [host-log] (local-1) [host] [2026-09-24 23:34:32.410] [pid:42140] [zcode-host] initializing local services
[Z1 child] [2026-09-24 23:34:32.469] [pid:42140] [cua-pip-session] [cua-pip-session] wiring resolved {
  enabled: false,
  platform: 'win32',
  serviceAuthorityMode: 'desktop-local',
  lifecycleWired: true
}
[2026-09-24 23:34:32.470] [pid:4656] [main] [host-log] (local-1) [host] [2026-09-24 23:34:32.469] [pid:42140] [cua-pip-session] [cua-pip-session] wiring resolved {"enabled":false,"platform":"win32","serviceAuthorityMode":"desktop-local","lifecycleWired":true}
[Z1 child] [2026-09-24 23:34:32.474] [pid:42140] [settingService] reading settings from: C:\Users\USER\Desktop\Personal\ZCode\.tmp\z1-native-1790264068639-fd284e\home\.zcode\v2\setting.json
[Z1 child] [2026-09-24 23:34:32.475] [pid:42140] [zcode-agent-service] 开始初始化 ZCode agent {
  workspaceKey: 'C:\\Users\\USER\\Desktop\\Personal\\ZCode\\.tmp\\z1-native-1790264068639-fd284e\\workspace',
  workspacePath: 'C:\\Users\\USER\\Desktop\\Personal\\ZCode\\.tmp\\z1-native-1790264068639-fd284e\\workspace'
}
[2026-09-24 23:34:32.475] [pid:4656] [main] [host-log] (local-1) [host] [2026-09-24 23:34:32.475] [pid:42140] [zcode-agent-service] 开始初始化 ZCode agent {"workspaceKey":"C:\\Users\\USER\\Desktop\\Personal\\ZCode\\.tmp\\z1-native-1790264068639-fd284e\\workspace","workspacePath":"C:\\Users\\USER\\Desktop\\Personal\\ZCode\\.tmp\\z1-native-1790264068639-fd284e\\workspace"}
[2026-09-24 23:34:32.475] [pid:4656] [main] [host-log] (local-1) [host] [2026-09-24 23:34:32.475] [pid:42140] [zcode-host] exposing services on ChannelServer...
[2026-09-24 23:34:32.476] [pid:4656] [main] [host-log] (local-1) [host] [2026-09-24 23:34:32.475] [pid:42140] [zcode-host] creating ChannelServer (deferInit=false)
[2026-09-24 23:34:32.476] [pid:4656] [main] [host-log] (local-1) [host] [2026-09-24 23:34:32.476] [pid:42140] [zcode-host] [rpc:register] channel "graphEngineering"
[2026-09-24 23:34:32.477] [pid:4656] [main] [host-log] (local-1) [host] [2026-09-24 23:34:32.476] [pid:42140] [zcode-host] [rpc:register] channel "graphWorkflow"
[2026-09-24 23:34:32.478] [pid:4656] [main] [host-log] (local-1) [host] [2026-09-24 23:34:32.476] [pid:42140] [zcode-host] [rpc:register] channel "file"
[2026-09-24 23:34:32.478] [pid:4656] [main] [host-log] (local-1) [host] [2026-09-24 23:34:32.476] [pid:42140] [zcode-host] [rpc:register] channel "media-preview"
[2026-09-24 23:34:32.479] [pid:4656] [main] [host-log] (local-1) [host] [2026-09-24 23:34:32.476] [pid:42140] [zcode-host] [rpc:register] channel "git"
[2026-09-24 23:34:32.479] [pid:4656] [main] [host-log] (local-1) [host] [2026-09-24 23:34:32.476] [pid:42140] [zcode-host] [rpc:register] channel "git-checkpoint"
[2026-09-24 23:34:32.480] [pid:4656] [main] [host-log] (local-1) [host] [2026-09-24 23:34:32.476] [pid:42140] [zcode-host] [rpc:register] channel "system"
[2026-09-24 23:34:32.481] [pid:4656] [main] [host-log] (local-1) [host] [2026-09-24 23:34:32.476] [pid:42140] [zcode-host] [rpc:register] channel "terminal"
[2026-09-24 23:34:32.481] [pid:4656] [main] [host-log] (local-1) [host] [2026-09-24 23:34:32.476] [pid:42140] [zcode-host] [rpc:register] channel "setting"
[2026-09-24 23:34:32.482] [pid:4656] [main] [host-log] (local-1) [host] [2026-09-24 23:34:32.476] [pid:42140] [zcode-host] [rpc:register] channel "onboarding-record"
[2026-09-24 23:34:32.483] [pid:4656] [main] [host-log] (local-1) [host] [2026-09-24 23:34:32.476] [pid:42140] [zcode-host] [rpc:register] channel "credential"
[2026-09-24 23:34:32.483] [pid:4656] [main] [host-log] (local-1) [host] [2026-09-24 23:34:32.476] [pid:42140] [zcode-host] [rpc:register] channel "broadcast"
[2026-09-24 23:34:32.484] [pid:4656] [main] [host-log] (local-1) [host] [2026-09-24 23:34:32.476] [pid:42140] [zcode-host] [rpc:register] channel "zcode-task"
[2026-09-24 23:34:32.484] [pid:4656] [main] [host-log] (local-1) [host] [2026-09-24 23:34:32.476] [pid:42140] [zcode-host] [rpc:register] channel "zcode-agent"
[2026-09-24 23:34:32.485] [pid:4656] [main] [host-log] (local-1) [host] [2026-09-24 23:34:32.476] [pid:42140] [zcode-host] [rpc:register] channel "zcode-session"
[2026-09-24 23:34:32.485] [pid:4656] [main] [host-log] (local-1) [host] [2026-09-24 23:34:32.476] [pid:42140] [zcode-host] [rpc:register] channel "cua-permission"
[2026-09-24 23:34:32.486] [pid:4656] [main] [host-log] (local-1) [host] [2026-09-24 23:34:32.476] [pid:42140] [zcode-host] [rpc:register] channel "cua-pip-session"
[2026-09-24 23:34:32.486] [pid:4656] [main] [host-log] (local-1) [host] [2026-09-24 23:34:32.477] [pid:42140] [zcode-host] [rpc:register] channel "conversation-share"
[2026-09-24 23:34:32.487] [pid:4656] [main] [host-log] (local-1) [host] [2026-09-24 23:34:32.477] [pid:42140] [zcode-host] [rpc:register] channel "bots"
[2026-09-24 23:34:32.488] [pid:4656] [main] [host-log] (local-1) [host] [2026-09-24 23:34:32.477] [pid:42140] [zcode-host] [rpc:register] channel "file-watcher"
[2026-09-24 23:34:32.488] [pid:4656] [main] [host-log] (local-1) [host] [2026-09-24 23:34:32.477] [pid:42140] [zcode-host] [rpc:register] channel "oauth"
[2026-09-24 23:34:32.489] [pid:4656] [main] [host-log] (local-1) [host] [2026-09-24 23:34:32.477] [pid:42140] [zcode-host] [rpc:register] channel "usage-stats"
[2026-09-24 23:34:32.489] [pid:4656] [main] [host-log] (local-1) [host] [2026-09-24 23:34:32.477] [pid:42140] [zcode-host] [rpc:register] channel "coding-plan-subscription"
[2026-09-24 23:34:32.490] [pid:4656] [main] [host-log] (local-1) [host] [2026-09-24 23:34:32.477] [pid:42140] [zcode-host] [rpc:register] channel "client-config"
[2026-09-24 23:34:32.490] [pid:4656] [main] [host-log] (local-1) [host] [2026-09-24 23:34:32.477] [pid:42140] [zcode-host] [rpc:register] channel "client-scenes"
[2026-09-24 23:34:32.491] [pid:4656] [main] [host-log] (local-1) [host] [2026-09-24 23:34:32.477] [pid:42140] [zcode-host] [rpc:register] channel "off-peak-task"
[2026-09-24 23:34:32.492] [pid:4656] [main] [host-log] (local-1) [host] [2026-09-24 23:34:32.477] [pid:42140] [zcode-host] [rpc:register] channel "skills"
[2026-09-24 23:34:32.492] [pid:4656] [main] [host-log] (local-1) [host] [2026-09-24 23:34:32.477] [pid:42140] [zcode-host] [rpc:register] channel "skill-sync"
[2026-09-24 23:34:32.493] [pid:4656] [main] [host-log] (local-1) [host] [2026-09-24 23:34:32.477] [pid:42140] [zcode-host] [rpc:register] channel "mcp-sync"
[2026-09-24 23:34:32.493] [pid:4656] [main] [host-log] (local-1) [host] [2026-09-24 23:34:32.477] [pid:42140] [zcode-host] [rpc:register] channel "plugin-sync"
[2026-09-24 23:34:32.494] [pid:4656] [main] [host-log] (local-1) [host] [2026-09-24 23:34:32.477] [pid:42140] [zcode-host] [rpc:register] channel "plugins"
[2026-09-24 23:34:32.494] [pid:4656] [main] [host-log] (local-1) [host] [2026-09-24 23:34:32.477] [pid:42140] [zcode-host] [rpc:register] channel "plugin-management"
[2026-09-24 23:34:32.495] [pid:4656] [main] [host-log] (local-1) [host] [2026-09-24 23:34:32.477] [pid:42140] [zcode-host] [rpc:register] channel "subagents"
[2026-09-24 23:34:32.496] [pid:4656] [main] [host-log] (local-1) [host] [2026-09-24 23:34:32.477] [pid:42140] [zcode-host] [rpc:register] channel "commands"
[2026-09-24 23:34:32.496] [pid:4656] [main] [host-log] (local-1) [host] [2026-09-24 23:34:32.477] [pid:42140] [zcode-host] [rpc:register] channel "hooks"
[2026-09-24 23:34:32.497] [pid:4656] [main] [host-log] (local-1) [host] [2026-09-24 23:34:32.477] [pid:42140] [zcode-host] [rpc:register] channel "memory"
[2026-09-24 23:34:32.497] [pid:4656] [main] [host-log] (local-1) [host] [2026-09-24 23:34:32.477] [pid:42140] [zcode-host] [rpc:register] channel "settings-sync"
[2026-09-24 23:34:32.498] [pid:4656] [main] [host-log] (local-1) [host] [2026-09-24 23:34:32.477] [pid:42140] [zcode-host] [rpc:register] channel "feedback"
[2026-09-24 23:34:32.498] [pid:4656] [main] [host-log] (local-1) [host] [2026-09-24 23:34:32.477] [pid:42140] [zcode-host] [rpc:register] channel "prompt-attachment-transfer"
[2026-09-24 23:34:32.499] [pid:4656] [main] [host-log] (local-1) [host] [2026-09-24 23:34:32.477] [pid:42140] [zcode-host] [rpc:register] channel "provider-settings"
[2026-09-24 23:34:32.499] [pid:4656] [main] [host-log] (local-1) [host] [2026-09-24 23:34:32.477] [pid:42140] [zcode-host] [rpc:register] channel "model-selection"
[2026-09-24 23:34:32.500] [pid:4656] [main] [host-log] (local-1) [host] [2026-09-24 23:34:32.477] [pid:42140] [zcode-host] [rpc:register] channel "window-controller"
[2026-09-24 23:34:32.501] [pid:4656] [main] [host-log] (local-1) [host] [2026-09-24 23:34:32.477] [pid:42140] [zcode-host] service connection ready mode=desktop-continuous
[Z1 child] [2026-09-24 23:34:32.475] [pid:42140] [zcode-host] exposing services on ChannelServer...
[2026-09-24 23:34:32.475] [pid:42140] [zcode-host] creating ChannelServer (deferInit=false)
[2026-09-24 23:34:32.476] [pid:42140] [zcode-host] [rpc:register] channel "graphEngineering"
[2026-09-24 23:34:32.476] [pid:42140] [zcode-host] [rpc:register] channel "graphWorkflow"
[2026-09-24 23:34:32.476] [pid:42140] [zcode-host] [rpc:register] channel "file"
[2026-09-24 23:34:32.476] [pid:42140] [zcode-host] [rpc:register] channel "media-preview"
[2026-09-24 23:34:32.476] [pid:42140] [zcode-host] [rpc:register] channel "git"
[2026-09-24 23:34:32.476] [pid:42140] [zcode-host] [rpc:register] channel "git-checkpoint"
[2026-09-24 23:34:32.476] [pid:42140] [zcode-host] [rpc:register] channel "system"
[2026-09-24 23:34:32.476] [pid:42140] [zcode-host] [rpc:register] channel "terminal"
[2026-09-24 23:34:32.476] [pid:42140] [zcode-host] [rpc:register] channel "setting"
[2026-09-24 23:34:32.476] [pid:42140] [zcode-host] [rpc:register] channel "onboarding-record"
[2026-09-24 23:34:32.476] [pid:42140] [zcode-host] [rpc:register] channel "credential"
[2026-09-24 23:34:32.476] [pid:42140] [zcode-host] [rpc:register] channel "broadcast"
[2026-09-24 23:34:32.476] [pid:42140] [zcode-host] [rpc:register] channel "zcode-task"
[2026-09-24 23:34:32.476] [pid:42140] [zcode-host] [rpc:register] channel "zcode-agent"
[2026-09-24 23:34:32.476] [pid:42140] [zcode-host] [rpc:register] channel "zcode-session"
[2026-09-24 23:34:32.476] [pid:42140] [zcode-host] [rpc:register] channel "cua-permission"
[2026-09-24 23:34:32.476] [pid:42140] [zcode-host] [rpc:register] channel "cua-pip-session"
[2026-09-24 23:34:32.477] [pid:42140] [zcode-host] [rpc:register] channel "conversation-share"
[2026-09-24 23:34:32.477] [pid:42140] [zcode-host] [rpc:register] channel "bots"
[2026-09-24 23:34:32.477] [pid:42140] [zcode-host] [rpc:register] channel "file-watcher"
[2026-09-24 23:34:32.477] [pid:42140] [zcode-host] [rpc:register] channel "oauth"
[2026-09-24 23:34:32.477] [pid:42140] [zcode-host] [rpc:register] channel "usage-stats"
[2026-09-24 23:34:32.477] [pid:42140] [zcode-host] [rpc:register] channel "coding-plan-subscription"
[2026-09-24 23:34:32.477] [pid:42140] [zcode-host] [rpc:register] channel "client-config"
[2026-09-24 23:34:32.477] [pid:42140] [zcode-host] [rpc:register] channel "client-scenes"
[2026-09-24 23:34:32.477] [pid:42140] [zcode-host] [rpc:register] channel "off-peak-task"
[2026-09-24 23:34:32.477] [pid:42140] [zcode-host] [rpc:register] channel "skills"
[2026-09-24 23:34:32.477] [pid:42140] [zcode-host] [rpc:register] channel "skill-sync"
[2026-09-24 23:34:32.477] [pid:42140] [zcode-host] [rpc:register] channel "mcp-sync"
[2026-09-24 23:34:32.477] [pid:42140] [zcode-host] [rpc:register] channel "plugin-sync"
[2026-09-24 23:34:32.477] [pid:42140] [zcode-host] [rpc:register] channel "plugins"
[2026-09-24 23:34:32.477] [pid:42140] [zcode-host] [rpc:register] channel "plugin-management"
[2026-09-24 23:34:32.477] [pid:42140] [zcode-host] [rpc:register] channel "subagents"
[2026-09-24 23:34:32.477] [pid:42140] [zcode-host] [rpc:register] channel "commands"
[2026-09-24 23:34:32.477] [pid:42140] [zcode-host] [rpc:register] channel "hooks"
[2026-09-24 23:34:32.477] [pid:42140] [zcode-host] [rpc:register] channel "memory"
[2026-09-24 23:34:32.477] [pid:42140] [zcode-host] [rpc:register] channel "settings-sync"
[2026-09-24 23:34:32.477] [pid:42140] [zcode-host] [rpc:register] channel "feedback"
[2026-09-24 23:34:32.477] [pid:42140] [zcode-host] [rpc:register] channel "prompt-attachment-transfer"
[2026-09-24 23:34:32.477] [pid:42140] [zcode-host] [rpc:register] channel "provider-settings"
[2026-09-24 23:34:32.477] [pid:42140] [zcode-host] [rpc:register] channel "model-selection"
[2026-09-24 23:34:32.477] [pid:42140] [zcode-host] [rpc:register] channel "window-controller"
[2026-09-24 23:34:32.477] [pid:42140] [zcode-host] service connection ready mode=desktop-continuous
[2026-09-24 23:34:32.477] [pid:42140] [zcode-host] window Host topology, reason=base-attachment-ready, pid=42140, connections=0, logicalSessions=0, attachments=1
[2026-09-24 23:34:32.501] [pid:4656] [main] [host-log] (local-1) [host] [2026-09-24 23:34:32.477] [pid:42140] [zcode-host] window Host topology, reason=base-attachment-ready, pid=42140, connections=0, logicalSessions=0, attachments=1
[Z1 child] [2026-09-24 23:34:32.502] [pid:42140] [zcode-host] local services ready, all channels registered
[2026-09-24 23:34:32.502] [pid:4656] [main] [host-log] (local-1) [host] [2026-09-24 23:34:32.502] [pid:42140] [zcode-host] local services ready, all channels registered
[2026-09-24 23:34:32.503] [pid:4656] [main] [database-startup] terminal {
  attemptId: 'c8073ceb-9328-4fdd-b861-580d8faf63fe',
  status: 'ready',
  durationMs: 1746,
  errorCode: undefined,
  disk: [
    {
      scopeId: '9319b000c8e74f2867e1e7bd121ddaf54b120dc84ca6297ecd939a191d9c2c40',
      observedAvailableDropPeakBytes: 151552,
      minAvailableBytes: 267547394048,
      quality: 'complete',
      sampledAt: 1790264071368
    }
  ]
}
[2026-09-24 23:34:32.505] [pid:4656] [main] [cron-scheduler] forked scheduler process pid=undefined
[Z1 child] [2026-09-24 23:34:32.508] [pid:42140] [settingService] read result: {"recentProjects":[],"locale":"zh-CN","localePreference":"en-US","terminalInheritSystemProfile":true,"embeddedBrowserAllowInsecureCertificates":false,"embeddedBrowserViewportPreference":{"mode":"normal","viewport":{"width":393,"height":852},"zoom":"fit"},"computerUseComposerEntryHidden":true,"taskAutoArchiveEnabled":false,"taskAutoArchiveOlderThanDays":7,"closeToTrayOnWindows":false,"closeToTrayOnWindowsMigrationInitialized":true,"keepAwakeWhileRunning":false,"desktopChromiumHardwareAccelerationEnabled":true,"messageStreamShowReasoning":true,"messageStreamShowReasoningMigrationInitialized":true,"messageStreamShowTodos":false,"toolGroupingExploreEnabled":true,"toolGroupingTerminalEnabled":true,"toolGroupingChangesEnabled":false,"zcodeInteractionBehavior":"queue","askUserQuestionAutoResolutionEnabled":false,"modelIoFullRetentionEnabled":false,"startPlanRecommendationDismissed":false,"providerFamilyConnectionSelections":{},"providerFamilyDomain":"zai","providerFamilyDomainMigrated":true,"nativeSearchEnhancementsEnabled":true,"memoryEnabled":false,"lastWorkspaceSession":[],"lastActiveTabIndex":0,"receivePreviewUpdates":false,"autoDownloadAndInstallUpdates":false,"skippedElectronUpdateVersions":{}}
[Z1 child] [2026-09-24 23:34:32.509] [pid:42140] [zcode-host] [rpc:listen] broadcast.onMessage subscribed
[2026-09-24 23:34:32.508] [pid:4656] [main] [host-log] (local-1) [host] [2026-09-24 23:34:32.509] [pid:42140] [zcode-host] [rpc:listen] broadcast.onMessage subscribed
[Z1 child] [2026-09-24 23:34:32.514] [pid:42140] [zcode-host] [rpc:listen] zcode-agent.onDynamicCuaPermissionObservation subscribed
[2026-09-24 23:34:32.514] [pid:4656] [main] [host-log] (local-1) [host] [2026-09-24 23:34:32.514] [pid:42140] [zcode-host] [rpc:listen] zcode-agent.onDynamicCuaPermissionObservation subscribed
[2026-09-24 23:34:32.515] [pid:4656] [main] [task-realtime] updated host workspace scopes {
  hostId: '52660874-11a3-4b5e-a1eb-4a5acece36b4',
  workspaceKeyCount: 0
}
[2026-09-24 23:34:32.517] [pid:4656] [main] [open-folder] Windows Explorer 右键菜单安装失败 { error: '[Z1 isolation] registry access blocked' }
[Z1 child] [2026-09-24 23:34:32.516] [pid:42140] [settingService] reading settings from: C:\Users\USER\Desktop\Personal\ZCode\.tmp\z1-native-1790264068639-fd284e\home\.zcode\v2\setting.json
[2026-09-24 23:34:32.516] [pid:42140] [settingService] reading settings from: C:\Users\USER\Desktop\Personal\ZCode\.tmp\z1-native-1790264068639-fd284e\home\.zcode\v2\setting.json
[2026-09-24 23:34:32.516] [pid:42140] [zcode-host] [rpc:listen] model-selection.onDidChange subscribed
[2026-09-24 23:34:32.516] [pid:42140] [zcode-host] [rpc:listen] broadcast.onMessage subscribed
[2026-09-24 23:34:32.516] [pid:42140] [zcode-host] [rpc:listen] provider-settings.onDidChange subscribed
[2026-09-24 23:34:32.517] [pid:42140] [settingService] reading settings from: C:\Users\USER\Desktop\Personal\ZCode\.tmp\z1-native-1790264068639-fd284e\home\.zcode\v2\setting.json
[2026-09-24 23:34:32.517] [pid:42140] [zcode-host] [rpc:listen] broadcast.onMessage subscribed
[2026-09-24 23:34:32.517] [pid:42140] [zcode-host] [rpc:listen] provider-settings.onDidChange subscribed
[2026-09-24 23:34:32.517] [pid:42140] [zcode-host] [rpc:listen] broadcast.onMessage subscribed
[2026-09-24 23:34:32.517] [pid:42140] [settingService] reading settings from: C:\Users\USER\Desktop\Personal\ZCode\.tmp\z1-native-1790264068639-fd284e\home\.zcode\v2\setting.json
[2026-09-24 23:34:32.517] [pid:42140] [zcode-host] [rpc:listen] broadcast.onMessage subscribed
[2026-09-24 23:34:32.518] [pid:42140] [oauthService] restoreCachedSession skipped: no active provider
[2026-09-24 23:34:32.518] [pid:42140] [zcode-host] [rpc:call] oauth.restoreCachedSessionState OK (1.0ms)
[2026-09-24 23:34:32.520] [pid:4656] [main] [host-log] (local-1) [host] [2026-09-24 23:34:32.516] [pid:42140] [zcode-host] [rpc:listen] model-selection.onDidChange subscribed
[Z1 child] [2026-09-24 23:34:32.520] [pid:42140] [cua-pip-session] [cua-pip-session] event delivery dropped {
  kind: 'focus-changed',
  revision: 3,
  sessionId: null,
  sourceWindowId: 'window-1',
  skipReason: 'service-disabled'
}
[Z1 child] [2026-09-24 23:34:32.520] [pid:42140] [settingService] read result: {"recentProjects":[],"locale":"zh-CN","localePreference":"en-US","terminalInheritSystemProfile":true,"embeddedBrowserAllowInsecureCertificates":false,"embeddedBrowserViewportPreference":{"mode":"normal","viewport":{"width":393,"height":852},"zoom":"fit"},"computerUseComposerEntryHidden":true,"taskAutoArchiveEnabled":false,"taskAutoArchiveOlderThanDays":7,"closeToTrayOnWindows":false,"closeToTrayOnWindowsMigrationInitialized":true,"keepAwakeWhileRunning":false,"desktopChromiumHardwareAccelerationEnabled":true,"messageStreamShowReasoning":true,"messageStreamShowReasoningMigrationInitialized":true,"messageStreamShowTodos":false,"toolGroupingExploreEnabled":true,"toolGroupingTerminalEnabled":true,"toolGroupingChangesEnabled":false,"zcodeInteractionBehavior":"queue","askUserQuestionAutoResolutionEnabled":false,"modelIoFullRetentionEnabled":false,"startPlanRecommendationDismissed":false,"providerFamilyConnectionSelections":{},"providerFamilyDomain":"zai","providerFamilyDomainMigrated":true,"nativeSearchEnhancementsEnabled":true,"memoryEnabled":false,"lastWorkspaceSession":[],"lastActiveTabIndex":0,"receivePreviewUpdates":false,"autoDownloadAndInstallUpdates":false,"skippedElectronUpdateVersions":{}}
[2026-09-24 23:34:32.522] [pid:4656] [main] [host-log] (local-1) [host] [2026-09-24 23:34:32.516] [pid:42140] [zcode-host] [rpc:listen] broadcast.onMessage subscribed
[2026-09-24 23:34:32.522] [pid:4656] [main] [host-log] (local-1) [host] [2026-09-24 23:34:32.516] [pid:42140] [zcode-host] [rpc:listen] provider-settings.onDidChange subscribed
[2026-09-24 23:34:32.523] [pid:4656] [main] [host-log] (local-1) [host] [2026-09-24 23:34:32.517] [pid:42140] [zcode-host] [rpc:listen] broadcast.onMessage subscribed
[2026-09-24 23:34:32.523] [pid:4656] [main] [host-log] (local-1) [host] [2026-09-24 23:34:32.517] [pid:42140] [zcode-host] [rpc:listen] provider-settings.onDidChange subscribed
[2026-09-24 23:34:32.524] [pid:4656] [main] [host-log] (local-1) [host] [2026-09-24 23:34:32.517] [pid:42140] [zcode-host] [rpc:listen] broadcast.onMessage subscribed
[2026-09-24 23:34:32.525] [pid:4656] [main] [host-log] (local-1) [host] [2026-09-24 23:34:32.517] [pid:42140] [zcode-host] [rpc:listen] broadcast.onMessage subscribed
[2026-09-24 23:34:32.525] [pid:4656] [main] [host-log] (local-1) [host] [2026-09-24 23:34:32.518] [pid:42140] [oauthService] restoreCachedSession skipped: no active provider
[2026-09-24 23:34:32.526] [pid:4656] [main] [host-log] (local-1) [host] [2026-09-24 23:34:32.518] [pid:42140] [zcode-host] [rpc:call] oauth.restoreCachedSessionState OK (1.0ms)
[2026-09-24 23:34:32.527] [pid:4656] [main] [host-log] (local-1) [host] [2026-09-24 23:34:32.520] [pid:42140] [cua-pip-session] [cua-pip-session] event delivery dropped {"kind":"focus-changed","revision":3,"sessionId":null,"sourceWindowId":"window-1","skipReason":"service-disabled"}
[2026-09-24 23:34:32.527] [pid:4656] [main] [host-log] (local-1) [host] [2026-09-24 23:34:32.522] [pid:42140] [zcode-host] [rpc:call] setting.get OK (5.8ms)
[2026-09-24 23:34:32.528] [pid:4656] [main] [host-log] (local-1) [host] [2026-09-24 23:34:32.523] [pid:42140] [zcode-host] [rpc:call] setting.get OK (6.5ms)
[Z1 child] [2026-09-24 23:34:32.522] [pid:42140] [node-api-client] zcode endpoint request headers prepared {
  headerKeys: [
    'http-referer',
    'user-agent',
    'x-client-language',
    'x-client-timezone',
    'x-device-mid',
    'x-os-category',
    'x-os-version',
    'x-platform',
    'x-release-channel',
    'x-request-id',
    'x-title',
    'x-zcode-app-version'
  ],
  method: 'GET',
  url: 'http://127.0.0.1:56784/api/v1/client/configs?app_version=3.14.0&platform=win32-x64'
}
[2026-09-24 23:34:32.522] [pid:42140] [settingService] reading settings from: C:\Users\USER\Desktop\Personal\ZCode\.tmp\z1-native-1790264068639-fd284e\home\.zcode\v2\setting.json
[2026-09-24 23:34:32.522] [pid:42140] [settingService] read result: {"recentProjects":[],"locale":"zh-CN","localePreference":"en-US","terminalInheritSystemProfile":true,"embeddedBrowserAllowInsecureCertificates":false,"embeddedBrowserViewportPreference":{"mode":"normal","viewport":{"width":393,"height":852},"zoom":"fit"},"computerUseComposerEntryHidden":true,"taskAutoArchiveEnabled":false,"taskAutoArchiveOlderThanDays":7,"closeToTrayOnWindows":false,"closeToTrayOnWindowsMigrationInitialized":true,"keepAwakeWhileRunning":false,"desktopChromiumHardwareAccelerationEnabled":true,"messageStreamShowReasoning":true,"messageStreamShowReasoningMigrationInitialized":true,"messageStreamShowTodos":false,"toolGroupingExploreEnabled":true,"toolGroupingTerminalEnabled":true,"toolGroupingChangesEnabled":false,"zcodeInteractionBehavior":"queue","askUserQuestionAutoResolutionEnabled":false,"modelIoFullRetentionEnabled":false,"startPlanRecommendationDismissed":false,"providerFamilyConnectionSelections":{},"providerFamilyDomain":"zai","providerFamilyDomainMigrated":true,"nativeSearchEnhancementsEnabled":true,"memoryEnabled":false,"lastWorkspaceSession":[],"lastActiveTabIndex":0,"receivePreviewUpdates":false,"autoDownloadAndInstallUpdates":false,"skippedElectronUpdateVersions":{}}
[2026-09-24 23:34:32.522] [pid:42140] [zcode-host] [rpc:call] setting.get OK (5.8ms)
[2026-09-24 23:34:32.523] [pid:42140] [settingService] read result: {"recentProjects":[],"locale":"zh-CN","localePreference":"en-US","terminalInheritSystemProfile":true,"embeddedBrowserAllowInsecureCertificates":false,"embeddedBrowserViewportPreference":{"mode":"normal","viewport":{"width":393,"height":852},"zoom":"fit"},"computerUseComposerEntryHidden":true,"taskAutoArchiveEnabled":false,"taskAutoArchiveOlderThanDays":7,"closeToTrayOnWindows":false,"closeToTrayOnWindowsMigrationInitialized":true,"keepAwakeWhileRunning":false,"desktopChromiumHardwareAccelerationEnabled":true,"messageStreamShowReasoning":true,"messageStreamShowReasoningMigrationInitialized":true,"messageStreamShowTodos":false,"toolGroupingExploreEnabled":true,"toolGroupingTerminalEnabled":true,"toolGroupingChangesEnabled":false,"zcodeInteractionBehavior":"queue","askUserQuestionAutoResolutionEnabled":false,"modelIoFullRetentionEnabled":false,"startPlanRecommendationDismissed":false,"providerFamilyConnectionSelections":{},"providerFamilyDomain":"zai","providerFamilyDomainMigrated":true,"nativeSearchEnhancementsEnabled":true,"memoryEnabled":false,"lastWorkspaceSession":[],"lastActiveTabIndex":0,"receivePreviewUpdates":false,"autoDownloadAndInstallUpdates":false,"skippedElectronUpdateVersions":{}}
[2026-09-24 23:34:32.523] [pid:42140] [zcode-host] [rpc:call] setting.get OK (6.5ms)
[2026-09-24 23:34:32.523] [pid:42140] [settingService] read result: {"recentProjects":[],"locale":"zh-CN","localePreference":"en-US","terminalInheritSystemProfile":true,"embeddedBrowserAllowInsecureCertificates":false,"embeddedBrowserViewportPreference":{"mode":"normal","viewport":{"width":393,"height":852},"zoom":"fit"},"computerUseComposerEntryHidden":true,"taskAutoArchiveEnabled":false,"taskAutoArchiveOlderThanDays":7,"closeToTrayOnWindows":false,"closeToTrayOnWindowsMigrationInitialized":true,"keepAwakeWhileRunning":false,"desktopChromiumHardwareAccelerationEnabled":true,"messageStreamShowReasoning":true,"messageStreamShowReasoningMigrationInitialized":true,"messageStreamShowTodos":false,"toolGroupingExploreEnabled":true,"toolGroupingTerminalEnabled":true,"toolGroupingChangesEnabled":false,"zcodeInteractionBehavior":"queue","askUserQuestionAutoResolutionEnabled":false,"modelIoFullRetentionEnabled":false,"startPlanRecommendationDismissed":false,"providerFamilyConnectionSelections":{},"providerFamilyDomain":"zai","providerFamilyDomainMigrated":true,"nativeSearchEnhancementsEnabled":true,"memoryEnabled":false,"lastWorkspaceSession":[],"lastActiveTabIndex":0,"receivePreviewUpdates":false,"autoDownloadAndInstallUpdates":false,"skippedElectronUpdateVersions":{}}
[2026-09-24 23:34:32.529] [pid:4656] [main] [host-log] (local-1) [host] [2026-09-24 23:34:32.529] [pid:42140] [zcode-host] [rpc:call] setting.get OK (11.8ms)
[Z1 child] [2026-09-24 23:34:32.529] [pid:42140] [zcode-host] [rpc:call] setting.get OK (11.8ms)
[2026-09-24 23:34:32.529] [pid:42140] [zcode-host] [rpc:call] zcode-agent.syncAppRuntimePreferences OK (0.1ms)
[2026-09-24 23:34:32.529] [pid:42140] [zcode-host] [rpc:call] bots.syncAppRuntimePreferences OK (0.1ms)
[2026-09-24 23:34:32.531] [pid:4656] [main] [host-log] (local-1) [host] [2026-09-24 23:34:32.529] [pid:42140] [zcode-host] [rpc:call] zcode-agent.syncAppRuntimePreferences OK (0.1ms)
[2026-09-24 23:34:32.532] [pid:4656] [main] [host-log] (local-1) [host] [2026-09-24 23:34:32.529] [pid:42140] [zcode-host] [rpc:call] bots.syncAppRuntimePreferences OK (0.1ms)
[Z1 child] [2026-09-24 23:34:32.531] [pid:42140] [settingService] read result: {"recentProjects":[],"locale":"zh-CN","localePreference":"en-US","terminalInheritSystemProfile":true,"embeddedBrowserAllowInsecureCertificates":false,"embeddedBrowserViewportPreference":{"mode":"normal","viewport":{"width":393,"height":852},"zoom":"fit"},"computerUseComposerEntryHidden":true,"taskAutoArchiveEnabled":false,"taskAutoArchiveOlderThanDays":7,"closeToTrayOnWindows":false,"closeToTrayOnWindowsMigrationInitialized":true,"keepAwakeWhileRunning":false,"desktopChromiumHardwareAccelerationEnabled":true,"messageStreamShowReasoning":true,"messageStreamShowReasoningMigrationInitialized":true,"messageStreamShowTodos":false,"toolGroupingExploreEnabled":true,"toolGroupingTerminalEnabled":true,"toolGroupingChangesEnabled":false,"zcodeInteractionBehavior":"queue","askUserQuestionAutoResolutionEnabled":false,"modelIoFullRetentionEnabled":false,"startPlanRecommendationDismissed":false,"providerFamilyConnectionSelections":{},"providerFamilyDomain":"zai","providerFamilyDomainMigrated":true,"nativeSearchEnhancementsEnabled":true,"memoryEnabled":false,"lastWorkspaceSession":[],"lastActiveTabIndex":0,"receivePreviewUpdates":false,"autoDownloadAndInstallUpdates":false,"skippedElectronUpdateVersions":{}}
[Z1 child] [2026-09-24 23:34:32.561] [pid:42140] [zcode-host] [rpc:call] coding-plan-subscription.getDynamicWorkflowClientConfig OK (45.0ms)
[2026-09-24 23:34:32.561] [pid:4656] [main] [host-log] (local-1) [host] [2026-09-24 23:34:32.561] [pid:42140] [zcode-host] [rpc:call] coding-plan-subscription.getDynamicWorkflowClientConfig OK (45.0ms)
[Z1 child] [2026-09-24 23:34:32.621] [pid:42140] [settingService] reading settings from: C:\Users\USER\Desktop\Personal\ZCode\.tmp\z1-native-1790264068639-fd284e\home\.zcode\v2\setting.json
[Z1 child] [2026-09-24 23:34:32.622] [pid:42140] [settingService] read result: {"recentProjects":[],"locale":"zh-CN","localePreference":"en-US","terminalInheritSystemProfile":true,"embeddedBrowserAllowInsecureCertificates":false,"embeddedBrowserViewportPreference":{"mode":"normal","viewport":{"width":393,"height":852},"zoom":"fit"},"computerUseComposerEntryHidden":true,"taskAutoArchiveEnabled":false,"taskAutoArchiveOlderThanDays":7,"closeToTrayOnWindows":false,"closeToTrayOnWindowsMigrationInitialized":true,"keepAwakeWhileRunning":false,"desktopChromiumHardwareAccelerationEnabled":true,"messageStreamShowReasoning":true,"messageStreamShowReasoningMigrationInitialized":true,"messageStreamShowTodos":false,"toolGroupingExploreEnabled":true,"toolGroupingTerminalEnabled":true,"toolGroupingChangesEnabled":false,"zcodeInteractionBehavior":"queue","askUserQuestionAutoResolutionEnabled":false,"modelIoFullRetentionEnabled":false,"startPlanRecommendationDismissed":false,"providerFamilyConnectionSelections":{},"providerFamilyDomain":"zai","providerFamilyDomainMigrated":true,"nativeSearchEnhancementsEnabled":true,"memoryEnabled":false,"lastWorkspaceSession":[],"lastActiveTabIndex":0,"receivePreviewUpdates":false,"autoDownloadAndInstallUpdates":false,"skippedElectronUpdateVersions":{}}
[Z1 child] [2026-09-24 23:34:32.622] [pid:42140] [settingService] reading settings from: C:\Users\USER\Desktop\Personal\ZCode\.tmp\z1-native-1790264068639-fd284e\home\.zcode\v2\setting.json
[Z1 child] [2026-09-24 23:34:32.623] [pid:42140] [settingService] read result: {"recentProjects":[],"locale":"zh-CN","localePreference":"en-US","terminalInheritSystemProfile":true,"embeddedBrowserAllowInsecureCertificates":false,"embeddedBrowserViewportPreference":{"mode":"normal","viewport":{"width":393,"height":852},"zoom":"fit"},"computerUseComposerEntryHidden":true,"taskAutoArchiveEnabled":false,"taskAutoArchiveOlderThanDays":7,"closeToTrayOnWindows":false,"closeToTrayOnWindowsMigrationInitialized":true,"keepAwakeWhileRunning":false,"desktopChromiumHardwareAccelerationEnabled":true,"messageStreamShowReasoning":true,"messageStreamShowReasoningMigrationInitialized":true,"messageStreamShowTodos":false,"toolGroupingExploreEnabled":true,"toolGroupingTerminalEnabled":true,"toolGroupingChangesEnabled":false,"zcodeInteractionBehavior":"queue","askUserQuestionAutoResolutionEnabled":false,"modelIoFullRetentionEnabled":false,"startPlanRecommendationDismissed":false,"providerFamilyConnectionSelections":{},"providerFamilyDomain":"zai","providerFamilyDomainMigrated":true,"nativeSearchEnhancementsEnabled":true,"memoryEnabled":false,"lastWorkspaceSession":[],"lastActiveTabIndex":0,"receivePreviewUpdates":false,"autoDownloadAndInstallUpdates":false,"skippedElectronUpdateVersions":{}}
[Z1 child] [2026-09-24 23:34:32.643] [pid:42140] [settingService] reading settings from: C:\Users\USER\Desktop\Personal\ZCode\.tmp\z1-native-1790264068639-fd284e\home\.zcode\v2\setting.json
[Z1 child] [2026-09-24 23:34:32.648] [pid:42140] [settingService] read result: {"recentProjects":[],"locale":"zh-CN","localePreference":"en-US","terminalInheritSystemProfile":true,"embeddedBrowserAllowInsecureCertificates":false,"embeddedBrowserViewportPreference":{"mode":"normal","viewport":{"width":393,"height":852},"zoom":"fit"},"computerUseComposerEntryHidden":true,"taskAutoArchiveEnabled":false,"taskAutoArchiveOlderThanDays":7,"closeToTrayOnWindows":false,"closeToTrayOnWindowsMigrationInitialized":true,"keepAwakeWhileRunning":false,"desktopChromiumHardwareAccelerationEnabled":true,"messageStreamShowReasoning":true,"messageStreamShowReasoningMigrationInitialized":true,"messageStreamShowTodos":false,"toolGroupingExploreEnabled":true,"toolGroupingTerminalEnabled":true,"toolGroupingChangesEnabled":false,"zcodeInteractionBehavior":"queue","askUserQuestionAutoResolutionEnabled":false,"modelIoFullRetentionEnabled":false,"startPlanRecommendationDismissed":false,"providerFamilyConnectionSelections":{},"providerFamilyDomain":"zai","providerFamilyDomainMigrated":true,"nativeSearchEnhancementsEnabled":true,"memoryEnabled":false,"lastWorkspaceSession":[],"lastActiveTabIndex":0,"receivePreviewUpdates":false,"autoDownloadAndInstallUpdates":false,"skippedElectronUpdateVersions":{}}
[Z1 child] [2026-09-24 23:34:32.649] [pid:42140] [node-api-client] zcode endpoint request headers prepared {
  headerKeys: [
    'http-referer',
    'user-agent',
    'x-client-language',
    'x-client-timezone',
    'x-device-mid',
    'x-os-category',
    'x-os-version',
    'x-platform',
    'x-release-channel',
    'x-request-id',
    'x-title',
    'x-zcode-app-version'
  ],
  method: 'GET',
  url: 'http://127.0.0.1:56784/api/v1/client/configs?app_version=3.14.0&platform=windows-x86_64'
}
[Z1 child] [2026-09-24 23:34:32.652] [pid:42140] [settingService] reading settings from: C:\Users\USER\Desktop\Personal\ZCode\.tmp\z1-native-1790264068639-fd284e\home\.zcode\v2\setting.json
[Z1 child] [2026-09-24 23:34:32.653] [pid:42140] [settingService] reading settings from: C:\Users\USER\Desktop\Personal\ZCode\.tmp\z1-native-1790264068639-fd284e\home\.zcode\v2\setting.json
[Z1 child] [2026-09-24 23:34:32.653] [pid:42140] [settingService] read result: {"recentProjects":[],"locale":"zh-CN","localePreference":"en-US","terminalInheritSystemProfile":true,"embeddedBrowserAllowInsecureCertificates":false,"embeddedBrowserViewportPreference":{"mode":"normal","viewport":{"width":393,"height":852},"zoom":"fit"},"computerUseComposerEntryHidden":true,"taskAutoArchiveEnabled":false,"taskAutoArchiveOlderThanDays":7,"closeToTrayOnWindows":false,"closeToTrayOnWindowsMigrationInitialized":true,"keepAwakeWhileRunning":false,"desktopChromiumHardwareAccelerationEnabled":true,"messageStreamShowReasoning":true,"messageStreamShowReasoningMigrationInitialized":true,"messageStreamShowTodos":false,"toolGroupingExploreEnabled":true,"toolGroupingTerminalEnabled":true,"toolGroupingChangesEnabled":false,"zcodeInteractionBehavior":"queue","askUserQuestionAutoResolutionEnabled":false,"modelIoFullRetentionEnabled":false,"startPlanRecommendationDismissed":false,"providerFamilyConnectionSelections":{},"providerFamilyDomain":"zai","providerFamilyDomainMigrated":true,"nativeSearchEnhancementsEnabled":true,"memoryEnabled":false,"lastWorkspaceSession":[],"lastActiveTabIndex":0,"receivePreviewUpdates":false,"autoDownloadAndInstallUpdates":false,"skippedElectronUpdateVersions":{}}
[Z1 child] [2026-09-24 23:34:32.655] [pid:42140] [settingService] read result: {"recentProjects":[],"locale":"zh-CN","localePreference":"en-US","terminalInheritSystemProfile":true,"embeddedBrowserAllowInsecureCertificates":false,"embeddedBrowserViewportPreference":{"mode":"normal","viewport":{"width":393,"height":852},"zoom":"fit"},"computerUseComposerEntryHidden":true,"taskAutoArchiveEnabled":false,"taskAutoArchiveOlderThanDays":7,"closeToTrayOnWindows":false,"closeToTrayOnWindowsMigrationInitialized":true,"keepAwakeWhileRunning":false,"desktopChromiumHardwareAccelerationEnabled":true,"messageStreamShowReasoning":true,"messageStreamShowReasoningMigrationInitialized":true,"messageStreamShowTodos":false,"toolGroupingExploreEnabled":true,"toolGroupingTerminalEnabled":true,"toolGroupingChangesEnabled":false,"zcodeInteractionBehavior":"queue","askUserQuestionAutoResolutionEnabled":false,"modelIoFullRetentionEnabled":false,"startPlanRecommendationDismissed":false,"providerFamilyConnectionSelections":{},"providerFamilyDomain":"zai","providerFamilyDomainMigrated":true,"nativeSearchEnhancementsEnabled":true,"memoryEnabled":false,"lastWorkspaceSession":[],"lastActiveTabIndex":0,"receivePreviewUpdates":false,"autoDownloadAndInstallUpdates":false,"skippedElectronUpdateVersions":{}}
[Z1 child] [2026-09-24 23:34:32.656] [pid:42140] [settingService] reading settings from: C:\Users\USER\Desktop\Personal\ZCode\.tmp\z1-native-1790264068639-fd284e\home\.zcode\v2\setting.json
[Z1 child] [2026-09-24 23:34:32.657] [pid:42140] [settingService] read result: {"recentProjects":[],"locale":"zh-CN","localePreference":"en-US","terminalInheritSystemProfile":true,"embeddedBrowserAllowInsecureCertificates":false,"embeddedBrowserViewportPreference":{"mode":"normal","viewport":{"width":393,"height":852},"zoom":"fit"},"computerUseComposerEntryHidden":true,"taskAutoArchiveEnabled":false,"taskAutoArchiveOlderThanDays":7,"closeToTrayOnWindows":false,"closeToTrayOnWindowsMigrationInitialized":true,"keepAwakeWhileRunning":false,"desktopChromiumHardwareAccelerationEnabled":true,"messageStreamShowReasoning":true,"messageStreamShowReasoningMigrationInitialized":true,"messageStreamShowTodos":false,"toolGroupingExploreEnabled":true,"toolGroupingTerminalEnabled":true,"toolGroupingChangesEnabled":false,"zcodeInteractionBehavior":"queue","askUserQuestionAutoResolutionEnabled":false,"modelIoFullRetentionEnabled":false,"startPlanRecommendationDismissed":false,"providerFamilyConnectionSelections":{},"providerFamilyDomain":"zai","providerFamilyDomainMigrated":true,"nativeSearchEnhancementsEnabled":true,"memoryEnabled":false,"lastWorkspaceSession":[],"lastActiveTabIndex":0,"receivePreviewUpdates":false,"autoDownloadAndInstallUpdates":false,"skippedElectronUpdateVersions":{}}
[Z1 child] [2026-09-24 23:34:32.660] [pid:42140] [settingService] reading settings from: C:\Users\USER\Desktop\Personal\ZCode\.tmp\z1-native-1790264068639-fd284e\home\.zcode\v2\setting.json
[Z1 child] [2026-09-24 23:34:32.667] [pid:42140] [settingService] read result: {"recentProjects":[],"locale":"zh-CN","localePreference":"en-US","terminalInheritSystemProfile":true,"embeddedBrowserAllowInsecureCertificates":false,"embeddedBrowserViewportPreference":{"mode":"normal","viewport":{"width":393,"height":852},"zoom":"fit"},"computerUseComposerEntryHidden":true,"taskAutoArchiveEnabled":false,"taskAutoArchiveOlderThanDays":7,"closeToTrayOnWindows":false,"closeToTrayOnWindowsMigrationInitialized":true,"keepAwakeWhileRunning":false,"desktopChromiumHardwareAccelerationEnabled":true,"messageStreamShowReasoning":true,"messageStreamShowReasoningMigrationInitialized":true,"messageStreamShowTodos":false,"toolGroupingExploreEnabled":true,"toolGroupingTerminalEnabled":true,"toolGroupingChangesEnabled":false,"zcodeInteractionBehavior":"queue","askUserQuestionAutoResolutionEnabled":false,"modelIoFullRetentionEnabled":false,"startPlanRecommendationDismissed":false,"providerFamilyConnectionSelections":{},"providerFamilyDomain":"zai","providerFamilyDomainMigrated":true,"nativeSearchEnhancementsEnabled":true,"memoryEnabled":false,"lastWorkspaceSession":[],"lastActiveTabIndex":0,"receivePreviewUpdates":false,"autoDownloadAndInstallUpdates":false,"skippedElectronUpdateVersions":{}}
[Z1 child] [2026-09-24 23:34:32.668] [pid:42140] [settingService] reading settings from: C:\Users\USER\Desktop\Personal\ZCode\.tmp\z1-native-1790264068639-fd284e\home\.zcode\v2\setting.json
[Z1 child] [2026-09-24 23:34:32.669] [pid:42140] [settingService] read result: {"recentProjects":[],"locale":"zh-CN","localePreference":"en-US","terminalInheritSystemProfile":true,"embeddedBrowserAllowInsecureCertificates":false,"embeddedBrowserViewportPreference":{"mode":"normal","viewport":{"width":393,"height":852},"zoom":"fit"},"computerUseComposerEntryHidden":true,"taskAutoArchiveEnabled":false,"taskAutoArchiveOlderThanDays":7,"closeToTrayOnWindows":false,"closeToTrayOnWindowsMigrationInitialized":true,"keepAwakeWhileRunning":false,"desktopChromiumHardwareAccelerationEnabled":true,"messageStreamShowReasoning":true,"messageStreamShowReasoningMigrationInitialized":true,"messageStreamShowTodos":false,"toolGroupingExploreEnabled":true,"toolGroupingTerminalEnabled":true,"toolGroupingChangesEnabled":false,"zcodeInteractionBehavior":"queue","askUserQuestionAutoResolutionEnabled":false,"modelIoFullRetentionEnabled":false,"startPlanRecommendationDismissed":false,"providerFamilyConnectionSelections":{},"providerFamilyDomain":"zai","providerFamilyDomainMigrated":true,"nativeSearchEnhancementsEnabled":true,"memoryEnabled":false,"lastWorkspaceSession":[],"lastActiveTabIndex":0,"receivePreviewUpdates":false,"autoDownloadAndInstallUpdates":false,"skippedElectronUpdateVersions":{}}
[Z1 child] [2026-09-24 23:34:32.675] [pid:42140] [provider-config] ZCode Built-in 刷新检查 { result: 'missing' }
[Z1 child] [2026-09-24 23:34:32.691] [pid:42140] [provider-runtime][trace:Provider Registry 已就绪] {
  configRevision: '["zcode-builtin:30:bdfc02495843e52b8fd7cab464627aac30268a606dd11c83bfce8088e3cd2caa","2915b997aefbd6c7fe8ccfc87153713dc11851987034eec5a515e9660ac81b0e"]',
  providerCount: 0
}
[2026-09-24 23:34:32.691] [pid:4656] [main] [host-log] (local-1) [host] [2026-09-24 23:34:32.691] [pid:42140] [provider-runtime][trace:Provider Registry 已就绪] {"configRevision":"[\"zcode-builtin:30:bdfc02495843e52b8fd7cab464627aac30268a606dd11c83bfce8088e3cd2caa\",\"2915b997aefbd6c7fe8ccfc87153713dc11851987034eec5a515e9660ac81b0e\"]","providerCount":0}
[2026-09-24 23:34:32.692] [pid:4656] [main] [host-log] (local-1) [host] [2026-09-24 23:34:32.691] [pid:42140] [zcode-host] [rpc:call] provider-settings.getView OK (174.9ms)
[2026-09-24 23:34:32.692] [pid:4656] [main] [host-log] (local-1) [host] [2026-09-24 23:34:32.691] [pid:42140] [zcode-host] [rpc:call] provider-settings.getView OK (174.6ms)
[2026-09-24 23:34:32.693] [pid:4656] [main] [host-log] (local-1) [host] [2026-09-24 23:34:32.692] [pid:42140] [zcode-agent-service] provider/model 尚未就绪，ZCode agent 保持未启动 {"providerCount":0,"revision":"model-selection:1","workspaceKey":"C:\\Users\\USER\\Desktop\\Personal\\ZCode\\.tmp\\z1-native-1790264068639-fd284e\\workspace","workspacePath":"C:\\Users\\USER\\Desktop\\Personal\\ZCode\\.tmp\\z1-native-1790264068639-fd284e\\workspace"}
[2026-09-24 23:34:32.693] [pid:4656] [main] [host-log] (local-1) [host] [2026-09-24 23:34:32.692] [pid:42140] [zcode-agent-service] ZCode agent 等待 provider/model 就绪 {"durationMs":217,"message":"当前没有可用的模型供应商和模型，请先登录或配置 API Key。","workspaceKey":"C:\\Users\\USER\\Desktop\\Personal\\ZCode\\.tmp\\z1-native-1790264068639-fd284e\\workspace","workspacePath":"C:\\Users\\USER\\Desktop\\Personal\\ZCode\\.tmp\\z1-native-1790264068639-fd284e\\workspace"}
[2026-09-24 23:34:32.694] [pid:4656] [main] [host-log] (local-1) [host] [2026-09-24 23:34:32.693] [pid:42140] [zcode-host] ZCode agent warmup waiting for provider/model (local host init (1/1)) workspace=C:\Users\USER\Desktop\Personal\ZCode\.tmp\z1-native-1790264068639-fd284e\workspace
[Z1 child] [2026-09-24 23:34:32.691] [pid:42140] [settingService] reading settings from: C:\Users\USER\Desktop\Personal\ZCode\.tmp\z1-native-1790264068639-fd284e\home\.zcode\v2\setting.json
[2026-09-24 23:34:32.691] [pid:42140] [zcode-host] [rpc:call] provider-settings.getView OK (174.9ms)
[2026-09-24 23:34:32.691] [pid:42140] [zcode-host] [rpc:call] provider-settings.getView OK (174.6ms)
[2026-09-24 23:34:32.692] [pid:42140] [zcode-agent-service] provider/model 尚未就绪，ZCode agent 保持未启动 {
  providerCount: 0,
  revision: 'model-selection:1',
  workspaceKey: 'C:\\Users\\USER\\Desktop\\Personal\\ZCode\\.tmp\\z1-native-1790264068639-fd284e\\workspace',
  workspacePath: 'C:\\Users\\USER\\Desktop\\Personal\\ZCode\\.tmp\\z1-native-1790264068639-fd284e\\workspace'
}
[2026-09-24 23:34:32.692] [pid:42140] [zcode-agent-service] ZCode agent 等待 provider/model 就绪 {
  durationMs: 217,
  message: '当前没有可用的模型供应商和模型，请先登录或配置 API Key。',
  workspaceKey: 'C:\\Users\\USER\\Desktop\\Personal\\ZCode\\.tmp\\z1-native-1790264068639-fd284e\\workspace',
  workspacePath: 'C:\\Users\\USER\\Desktop\\Personal\\ZCode\\.tmp\\z1-native-1790264068639-fd284e\\workspace'
}
[2026-09-24 23:34:32.693] [pid:42140] [zcode-host] ZCode agent warmup waiting for provider/model (local host init (1/1)) workspace=C:\Users\USER\Desktop\Personal\ZCode\.tmp\z1-native-1790264068639-fd284e\workspace
[2026-09-24 23:34:32.693] [pid:42140] [settingService] read result: {"recentProjects":[],"locale":"zh-CN","localePreference":"en-US","terminalInheritSystemProfile":true,"embeddedBrowserAllowInsecureCertificates":false,"embeddedBrowserViewportPreference":{"mode":"normal","viewport":{"width":393,"height":852},"zoom":"fit"},"computerUseComposerEntryHidden":true,"taskAutoArchiveEnabled":false,"taskAutoArchiveOlderThanDays":7,"closeToTrayOnWindows":false,"closeToTrayOnWindowsMigrationInitialized":true,"keepAwakeWhileRunning":false,"desktopChromiumHardwareAccelerationEnabled":true,"messageStreamShowReasoning":true,"messageStreamShowReasoningMigrationInitialized":true,"messageStreamShowTodos":false,"toolGroupingExploreEnabled":true,"toolGroupingTerminalEnabled":true,"toolGroupingChangesEnabled":false,"zcodeInteractionBehavior":"queue","askUserQuestionAutoResolutionEnabled":false,"modelIoFullRetentionEnabled":false,"startPlanRecommendationDismissed":false,"providerFamilyConnectionSelections":{},"providerFamilyDomain":"zai","providerFamilyDomainMigrated":true,"nativeSearchEnhancementsEnabled":true,"memoryEnabled":false,"lastWorkspaceSession":[],"lastActiveTabIndex":0,"receivePreviewUpdates":false,"autoDownloadAndInstallUpdates":false,"skippedElectronUpdateVersions":{}}
[2026-09-24 23:34:32.693] [pid:42140] [settingService] reading settings from: C:\Users\USER\Desktop\Personal\ZCode\.tmp\z1-native-1790264068639-fd284e\home\.zcode\v2\setting.json
[2026-09-24 23:34:32.693] [pid:42140] [zcode-host] [rpc:call] model-selection.getView OK (177.0ms)
[2026-09-24 23:34:32.694] [pid:42140] [zcode-host] [rpc:call] credential.load OK (0.8ms)
[2026-09-24 23:34:32.694] [pid:42140] [zcode-host] [rpc:call] credential.load OK (0.9ms)
[2026-09-24 23:34:32.694] [pid:42140] [settingService] read result: {"recentProjects":[],"locale":"zh-CN","localePreference":"en-US","terminalInheritSystemProfile":true,"embeddedBrowserAllowInsecureCertificates":false,"embeddedBrowserViewportPreference":{"mode":"normal","viewport":{"width":393,"height":852},"zoom":"fit"},"computerUseComposerEntryHidden":true,"taskAutoArchiveEnabled":false,"taskAutoArchiveOlderThanDays":7,"closeToTrayOnWindows":false,"closeToTrayOnWindowsMigrationInitialized":true,"keepAwakeWhileRunning":false,"desktopChromiumHardwareAccelerationEnabled":true,"messageStreamShowReasoning":true,"messageStreamShowReasoningMigrationInitialized":true,"messageStreamShowTodos":false,"toolGroupingExploreEnabled":true,"toolGroupingTerminalEnabled":true,"toolGroupingChangesEnabled":false,"zcodeInteractionBehavior":"queue","askUserQuestionAutoResolutionEnabled":false,"modelIoFullRetentionEnabled":false,"startPlanRecommendationDismissed":false,"providerFamilyConnectionSelections":{},"providerFamilyDomain":"zai","providerFamilyDomainMigrated":true,"nativeSearchEnhancementsEnabled":true,"memoryEnabled":false,"lastWorkspaceSession":[],"lastActiveTabIndex":0,"receivePreviewUpdates":false,"autoDownloadAndInstallUpdates":false,"skippedElectronUpdateVersions":{}}
[2026-09-24 23:34:32.695] [pid:4656] [main] [host-log] (local-1) [host] [2026-09-24 23:34:32.693] [pid:42140] [zcode-host] [rpc:call] model-selection.getView OK (177.0ms)
[2026-09-24 23:34:32.695] [pid:4656] [main] [host-log] (local-1) [host] [2026-09-24 23:34:32.694] [pid:42140] [zcode-host] [rpc:call] credential.load OK (0.8ms)
[2026-09-24 23:34:32.696] [pid:4656] [main] [host-log] (local-1) [host] [2026-09-24 23:34:32.694] [pid:42140] [zcode-host] [rpc:call] credential.load OK (0.9ms)
[Z1 child] [2026-09-24 23:34:32.699] [pid:42140] [zcode-host] [rpc:call] oauth.getProviders OK (0.0ms)
[2026-09-24 23:34:32.699] [pid:4656] [main] [host-log] (local-1) [host] [2026-09-24 23:34:32.699] [pid:42140] [zcode-host] [rpc:call] oauth.getProviders OK (0.0ms)
[2026-09-24 23:34:32.700] [pid:4656] [main] [host-log] (local-1) [host] [2026-09-24 23:34:32.699] [pid:42140] [zcode-host] [rpc:call] oauth.getProviders OK (0.0ms)
[Z1 child] [2026-09-24 23:34:32.699] [pid:42140] [zcode-host] [rpc:call] oauth.getProviders OK (0.0ms)
[Z1 child] [2026-09-24 23:34:32.709] [pid:42140] [zcode-host] [rpc:call] oauth.getActiveProvider OK (0.2ms)
[2026-09-24 23:34:32.709] [pid:4656] [main] [host-log] (local-1) [host] [2026-09-24 23:34:32.709] [pid:42140] [zcode-host] [rpc:call] oauth.getActiveProvider OK (0.2ms)
[2026-09-24 23:34:32.710] [pid:4656] [main] [host-log] (local-1) [host] [2026-09-24 23:34:32.710] [pid:42140] [zcode-host] [rpc:call] oauth.getActiveProvider OK (0.3ms)
[Z1 child] [2026-09-24 23:34:32.710] [pid:42140] [zcode-host] [rpc:call] oauth.getActiveProvider OK (0.3ms)
[Z1 child] [2026-09-24 23:34:32.712] [pid:42140] [settingService] reading settings from: C:\Users\USER\Desktop\Personal\ZCode\.tmp\z1-native-1790264068639-fd284e\home\.zcode\v2\setting.json
[Z1 child] [2026-09-24 23:34:32.714] [pid:42140] [settingService] read result: {"recentProjects":[],"locale":"zh-CN","localePreference":"en-US","terminalInheritSystemProfile":true,"embeddedBrowserAllowInsecureCertificates":false,"embeddedBrowserViewportPreference":{"mode":"normal","viewport":{"width":393,"height":852},"zoom":"fit"},"computerUseComposerEntryHidden":true,"taskAutoArchiveEnabled":false,"taskAutoArchiveOlderThanDays":7,"closeToTrayOnWindows":false,"closeToTrayOnWindowsMigrationInitialized":true,"keepAwakeWhileRunning":false,"desktopChromiumHardwareAccelerationEnabled":true,"messageStreamShowReasoning":true,"messageStreamShowReasoningMigrationInitialized":true,"messageStreamShowTodos":false,"toolGroupingExploreEnabled":true,"toolGroupingTerminalEnabled":true,"toolGroupingChangesEnabled":false,"zcodeInteractionBehavior":"queue","askUserQuestionAutoResolutionEnabled":false,"modelIoFullRetentionEnabled":false,"startPlanRecommendationDismissed":false,"providerFamilyConnectionSelections":{},"providerFamilyDomain":"zai","providerFamilyDomainMigrated":true,"nativeSearchEnhancementsEnabled":true,"memoryEnabled":false,"lastWorkspaceSession":[],"lastActiveTabIndex":0,"receivePreviewUpdates":false,"autoDownloadAndInstallUpdates":false,"skippedElectronUpdateVersions":{}}
[Z1 child] [2026-09-24 23:34:32.715] [pid:42140] [settingService] reading settings from: C:\Users\USER\Desktop\Personal\ZCode\.tmp\z1-native-1790264068639-fd284e\home\.zcode\v2\setting.json
[Z1 child] [2026-09-24 23:34:32.715] [pid:42140] [settingService] reading settings from: C:\Users\USER\Desktop\Personal\ZCode\.tmp\z1-native-1790264068639-fd284e\home\.zcode\v2\setting.json
[Z1 child] [2026-09-24 23:34:32.716] [pid:42140] [settingService] read result: {"recentProjects":[],"locale":"zh-CN","localePreference":"en-US","terminalInheritSystemProfile":true,"embeddedBrowserAllowInsecureCertificates":false,"embeddedBrowserViewportPreference":{"mode":"normal","viewport":{"width":393,"height":852},"zoom":"fit"},"computerUseComposerEntryHidden":true,"taskAutoArchiveEnabled":false,"taskAutoArchiveOlderThanDays":7,"closeToTrayOnWindows":false,"closeToTrayOnWindowsMigrationInitialized":true,"keepAwakeWhileRunning":false,"desktopChromiumHardwareAccelerationEnabled":true,"messageStreamShowReasoning":true,"messageStreamShowReasoningMigrationInitialized":true,"messageStreamShowTodos":false,"toolGroupingExploreEnabled":true,"toolGroupingTerminalEnabled":true,"toolGroupingChangesEnabled":false,"zcodeInteractionBehavior":"queue","askUserQuestionAutoResolutionEnabled":false,"modelIoFullRetentionEnabled":false,"startPlanRecommendationDismissed":false,"providerFamilyConnectionSelections":{},"providerFamilyDomain":"zai","providerFamilyDomainMigrated":true,"nativeSearchEnhancementsEnabled":true,"memoryEnabled":false,"lastWorkspaceSession":[],"lastActiveTabIndex":0,"receivePreviewUpdates":false,"autoDownloadAndInstallUpdates":false,"skippedElectronUpdateVersions":{}}
[Z1 child] [2026-09-24 23:34:32.716] [pid:42140] [settingService] reading settings from: C:\Users\USER\Desktop\Personal\ZCode\.tmp\z1-native-1790264068639-fd284e\home\.zcode\v2\setting.json
[Z1 child] [2026-09-24 23:34:32.716] [pid:42140] [settingService] read result: {"recentProjects":[],"locale":"zh-CN","localePreference":"en-US","terminalInheritSystemProfile":true,"embeddedBrowserAllowInsecureCertificates":false,"embeddedBrowserViewportPreference":{"mode":"normal","viewport":{"width":393,"height":852},"zoom":"fit"},"computerUseComposerEntryHidden":true,"taskAutoArchiveEnabled":false,"taskAutoArchiveOlderThanDays":7,"closeToTrayOnWindows":false,"closeToTrayOnWindowsMigrationInitialized":true,"keepAwakeWhileRunning":false,"desktopChromiumHardwareAccelerationEnabled":true,"messageStreamShowReasoning":true,"messageStreamShowReasoningMigrationInitialized":true,"messageStreamShowTodos":false,"toolGroupingExploreEnabled":true,"toolGroupingTerminalEnabled":true,"toolGroupingChangesEnabled":false,"zcodeInteractionBehavior":"queue","askUserQuestionAutoResolutionEnabled":false,"modelIoFullRetentionEnabled":false,"startPlanRecommendationDismissed":false,"providerFamilyConnectionSelections":{},"providerFamilyDomain":"zai","providerFamilyDomainMigrated":true,"nativeSearchEnhancementsEnabled":true,"memoryEnabled":false,"lastWorkspaceSession":[],"lastActiveTabIndex":0,"receivePreviewUpdates":false,"autoDownloadAndInstallUpdates":false,"skippedElectronUpdateVersions":{}}
[Z1 child] [2026-09-24 23:34:32.717] [pid:42140] [node-api-client] zcode endpoint request headers prepared {
  headerKeys: [
    'http-referer',
    'user-agent',
    'x-client-language',
    'x-client-timezone',
    'x-device-mid',
    'x-os-category',
    'x-os-version',
    'x-platform',
    'x-release-channel',
    'x-request-id',
    'x-title',
    'x-zcode-app-version'
  ],
  method: 'GET',
  url: 'http://127.0.0.1:56784/api/v1/client/configs?app_version=3.14.0&platform=windows-x86_64'
}
[Z1 child] [2026-09-24 23:34:32.718] [pid:42140] [settingService] read result: {"recentProjects":[],"locale":"zh-CN","localePreference":"en-US","terminalInheritSystemProfile":true,"embeddedBrowserAllowInsecureCertificates":false,"embeddedBrowserViewportPreference":{"mode":"normal","viewport":{"width":393,"height":852},"zoom":"fit"},"computerUseComposerEntryHidden":true,"taskAutoArchiveEnabled":false,"taskAutoArchiveOlderThanDays":7,"closeToTrayOnWindows":false,"closeToTrayOnWindowsMigrationInitialized":true,"keepAwakeWhileRunning":false,"desktopChromiumHardwareAccelerationEnabled":true,"messageStreamShowReasoning":true,"messageStreamShowReasoningMigrationInitialized":true,"messageStreamShowTodos":false,"toolGroupingExploreEnabled":true,"toolGroupingTerminalEnabled":true,"toolGroupingChangesEnabled":false,"zcodeInteractionBehavior":"queue","askUserQuestionAutoResolutionEnabled":false,"modelIoFullRetentionEnabled":false,"startPlanRecommendationDismissed":false,"providerFamilyConnectionSelections":{},"providerFamilyDomain":"zai","providerFamilyDomainMigrated":true,"nativeSearchEnhancementsEnabled":true,"memoryEnabled":false,"lastWorkspaceSession":[],"lastActiveTabIndex":0,"receivePreviewUpdates":false,"autoDownloadAndInstallUpdates":false,"skippedElectronUpdateVersions":{}}
[Z1 child] [2026-09-24 23:34:32.718] [pid:42140] [settingService] reading settings from: C:\Users\USER\Desktop\Personal\ZCode\.tmp\z1-native-1790264068639-fd284e\home\.zcode\v2\setting.json
[Z1 child] [2026-09-24 23:34:32.719] [pid:42140] [settingService] read result: {"recentProjects":[],"locale":"zh-CN","localePreference":"en-US","terminalInheritSystemProfile":true,"embeddedBrowserAllowInsecureCertificates":false,"embeddedBrowserViewportPreference":{"mode":"normal","viewport":{"width":393,"height":852},"zoom":"fit"},"computerUseComposerEntryHidden":true,"taskAutoArchiveEnabled":false,"taskAutoArchiveOlderThanDays":7,"closeToTrayOnWindows":false,"closeToTrayOnWindowsMigrationInitialized":true,"keepAwakeWhileRunning":false,"desktopChromiumHardwareAccelerationEnabled":true,"messageStreamShowReasoning":true,"messageStreamShowReasoningMigrationInitialized":true,"messageStreamShowTodos":false,"toolGroupingExploreEnabled":true,"toolGroupingTerminalEnabled":true,"toolGroupingChangesEnabled":false,"zcodeInteractionBehavior":"queue","askUserQuestionAutoResolutionEnabled":false,"modelIoFullRetentionEnabled":false,"startPlanRecommendationDismissed":false,"providerFamilyConnectionSelections":{},"providerFamilyDomain":"zai","providerFamilyDomainMigrated":true,"nativeSearchEnhancementsEnabled":true,"memoryEnabled":false,"lastWorkspaceSession":[],"lastActiveTabIndex":0,"receivePreviewUpdates":false,"autoDownloadAndInstallUpdates":false,"skippedElectronUpdateVersions":{}}
[Z1 child] [2026-09-24 23:34:32.732] [pid:42140] [settingService] reading settings from: C:\Users\USER\Desktop\Personal\ZCode\.tmp\z1-native-1790264068639-fd284e\home\.zcode\v2\setting.json
[Z1 child] [2026-09-24 23:34:32.734] [pid:42140] [settingService] read result: {"recentProjects":[],"locale":"zh-CN","localePreference":"en-US","terminalInheritSystemProfile":true,"embeddedBrowserAllowInsecureCertificates":false,"embeddedBrowserViewportPreference":{"mode":"normal","viewport":{"width":393,"height":852},"zoom":"fit"},"computerUseComposerEntryHidden":true,"taskAutoArchiveEnabled":false,"taskAutoArchiveOlderThanDays":7,"closeToTrayOnWindows":false,"closeToTrayOnWindowsMigrationInitialized":true,"keepAwakeWhileRunning":false,"desktopChromiumHardwareAccelerationEnabled":true,"messageStreamShowReasoning":true,"messageStreamShowReasoningMigrationInitialized":true,"messageStreamShowTodos":false,"toolGroupingExploreEnabled":true,"toolGroupingTerminalEnabled":true,"toolGroupingChangesEnabled":false,"zcodeInteractionBehavior":"queue","askUserQuestionAutoResolutionEnabled":false,"modelIoFullRetentionEnabled":false,"startPlanRecommendationDismissed":false,"providerFamilyConnectionSelections":{},"providerFamilyDomain":"zai","providerFamilyDomainMigrated":true,"nativeSearchEnhancementsEnabled":true,"memoryEnabled":false,"lastWorkspaceSession":[],"lastActiveTabIndex":0,"receivePreviewUpdates":false,"autoDownloadAndInstallUpdates":false,"skippedElectronUpdateVersions":{}}
[Z1 child] [2026-09-24 23:34:32.735] [pid:42140] [provider-config] ZCode Built-in 刷新检查 { result: 'missing' }
[Z1 child] [2026-09-24 23:34:32.745] [pid:42140] [settingService] reading settings from: C:\Users\USER\Desktop\Personal\ZCode\.tmp\z1-native-1790264068639-fd284e\home\.zcode\v2\setting.json
[Z1 child] [2026-09-24 23:34:32.746] [pid:42140] [settingService] read result: {"recentProjects":[],"locale":"zh-CN","localePreference":"en-US","terminalInheritSystemProfile":true,"embeddedBrowserAllowInsecureCertificates":false,"embeddedBrowserViewportPreference":{"mode":"normal","viewport":{"width":393,"height":852},"zoom":"fit"},"computerUseComposerEntryHidden":true,"taskAutoArchiveEnabled":false,"taskAutoArchiveOlderThanDays":7,"closeToTrayOnWindows":false,"closeToTrayOnWindowsMigrationInitialized":true,"keepAwakeWhileRunning":false,"desktopChromiumHardwareAccelerationEnabled":true,"messageStreamShowReasoning":true,"messageStreamShowReasoningMigrationInitialized":true,"messageStreamShowTodos":false,"toolGroupingExploreEnabled":true,"toolGroupingTerminalEnabled":true,"toolGroupingChangesEnabled":false,"zcodeInteractionBehavior":"queue","askUserQuestionAutoResolutionEnabled":false,"modelIoFullRetentionEnabled":false,"startPlanRecommendationDismissed":false,"providerFamilyConnectionSelections":{},"providerFamilyDomain":"zai","providerFamilyDomainMigrated":true,"nativeSearchEnhancementsEnabled":true,"memoryEnabled":false,"lastWorkspaceSession":[],"lastActiveTabIndex":0,"receivePreviewUpdates":false,"autoDownloadAndInstallUpdates":false,"skippedElectronUpdateVersions":{}}
[Z1 child] [2026-09-24 23:34:32.746] [pid:42140] [settingService] reading settings from: C:\Users\USER\Desktop\Personal\ZCode\.tmp\z1-native-1790264068639-fd284e\home\.zcode\v2\setting.json
[Z1 child] [2026-09-24 23:34:32.746] [pid:42140] [settingService] read result: {"recentProjects":[],"locale":"zh-CN","localePreference":"en-US","terminalInheritSystemProfile":true,"embeddedBrowserAllowInsecureCertificates":false,"embeddedBrowserViewportPreference":{"mode":"normal","viewport":{"width":393,"height":852},"zoom":"fit"},"computerUseComposerEntryHidden":true,"taskAutoArchiveEnabled":false,"taskAutoArchiveOlderThanDays":7,"closeToTrayOnWindows":false,"closeToTrayOnWindowsMigrationInitialized":true,"keepAwakeWhileRunning":false,"desktopChromiumHardwareAccelerationEnabled":true,"messageStreamShowReasoning":true,"messageStreamShowReasoningMigrationInitialized":true,"messageStreamShowTodos":false,"toolGroupingExploreEnabled":true,"toolGroupingTerminalEnabled":true,"toolGroupingChangesEnabled":false,"zcodeInteractionBehavior":"queue","askUserQuestionAutoResolutionEnabled":false,"modelIoFullRetentionEnabled":false,"startPlanRecommendationDismissed":false,"providerFamilyConnectionSelections":{},"providerFamilyDomain":"zai","providerFamilyDomainMigrated":true,"nativeSearchEnhancementsEnabled":true,"memoryEnabled":false,"lastWorkspaceSession":[],"lastActiveTabIndex":0,"receivePreviewUpdates":false,"autoDownloadAndInstallUpdates":false,"skippedElectronUpdateVersions":{}}
[Z1 child] [2026-09-24 23:34:32.747] [pid:42140] [settingService] reading settings from: C:\Users\USER\Desktop\Personal\ZCode\.tmp\z1-native-1790264068639-fd284e\home\.zcode\v2\setting.json
[Z1 child] [2026-09-24 23:34:32.747] [pid:42140] [settingService] read result: {"recentProjects":[],"locale":"zh-CN","localePreference":"en-US","terminalInheritSystemProfile":true,"embeddedBrowserAllowInsecureCertificates":false,"embeddedBrowserViewportPreference":{"mode":"normal","viewport":{"width":393,"height":852},"zoom":"fit"},"computerUseComposerEntryHidden":true,"taskAutoArchiveEnabled":false,"taskAutoArchiveOlderThanDays":7,"closeToTrayOnWindows":false,"closeToTrayOnWindowsMigrationInitialized":true,"keepAwakeWhileRunning":false,"desktopChromiumHardwareAccelerationEnabled":true,"messageStreamShowReasoning":true,"messageStreamShowReasoningMigrationInitialized":true,"messageStreamShowTodos":false,"toolGroupingExploreEnabled":true,"toolGroupingTerminalEnabled":true,"toolGroupingChangesEnabled":false,"zcodeInteractionBehavior":"queue","askUserQuestionAutoResolutionEnabled":false,"modelIoFullRetentionEnabled":false,"startPlanRecommendationDismissed":false,"providerFamilyConnectionSelections":{},"providerFamilyDomain":"zai","providerFamilyDomainMigrated":true,"nativeSearchEnhancementsEnabled":true,"memoryEnabled":false,"lastWorkspaceSession":[],"lastActiveTabIndex":0,"receivePreviewUpdates":false,"autoDownloadAndInstallUpdates":false,"skippedElectronUpdateVersions":{}}
[Z1 child] [2026-09-24 23:34:32.757] [pid:42140] [settingService] reading settings from: C:\Users\USER\Desktop\Personal\ZCode\.tmp\z1-native-1790264068639-fd284e\home\.zcode\v2\setting.json
[Z1 child] [2026-09-24 23:34:32.757] [pid:42140] [settingService] read result: {"recentProjects":[],"locale":"zh-CN","localePreference":"en-US","terminalInheritSystemProfile":true,"embeddedBrowserAllowInsecureCertificates":false,"embeddedBrowserViewportPreference":{"mode":"normal","viewport":{"width":393,"height":852},"zoom":"fit"},"computerUseComposerEntryHidden":true,"taskAutoArchiveEnabled":false,"taskAutoArchiveOlderThanDays":7,"closeToTrayOnWindows":false,"closeToTrayOnWindowsMigrationInitialized":true,"keepAwakeWhileRunning":false,"desktopChromiumHardwareAccelerationEnabled":true,"messageStreamShowReasoning":true,"messageStreamShowReasoningMigrationInitialized":true,"messageStreamShowTodos":false,"toolGroupingExploreEnabled":true,"toolGroupingTerminalEnabled":true,"toolGroupingChangesEnabled":false,"zcodeInteractionBehavior":"queue","askUserQuestionAutoResolutionEnabled":false,"modelIoFullRetentionEnabled":false,"startPlanRecommendationDismissed":false,"providerFamilyConnectionSelections":{},"providerFamilyDomain":"zai","providerFamilyDomainMigrated":true,"nativeSearchEnhancementsEnabled":true,"memoryEnabled":false,"lastWorkspaceSession":[],"lastActiveTabIndex":0,"receivePreviewUpdates":false,"autoDownloadAndInstallUpdates":false,"skippedElectronUpdateVersions":{}}
[Z1 child] [2026-09-24 23:34:32.768] [pid:42140] [settingService] reading settings from: C:\Users\USER\Desktop\Personal\ZCode\.tmp\z1-native-1790264068639-fd284e\home\.zcode\v2\setting.json
[Z1 child] [2026-09-24 23:34:32.768] [pid:42140] [settingService] read result: {"recentProjects":[],"locale":"zh-CN","localePreference":"en-US","terminalInheritSystemProfile":true,"embeddedBrowserAllowInsecureCertificates":false,"embeddedBrowserViewportPreference":{"mode":"normal","viewport":{"width":393,"height":852},"zoom":"fit"},"computerUseComposerEntryHidden":true,"taskAutoArchiveEnabled":false,"taskAutoArchiveOlderThanDays":7,"closeToTrayOnWindows":false,"closeToTrayOnWindowsMigrationInitialized":true,"keepAwakeWhileRunning":false,"desktopChromiumHardwareAccelerationEnabled":true,"messageStreamShowReasoning":true,"messageStreamShowReasoningMigrationInitialized":true,"messageStreamShowTodos":false,"toolGroupingExploreEnabled":true,"toolGroupingTerminalEnabled":true,"toolGroupingChangesEnabled":false,"zcodeInteractionBehavior":"queue","askUserQuestionAutoResolutionEnabled":false,"modelIoFullRetentionEnabled":false,"startPlanRecommendationDismissed":false,"providerFamilyConnectionSelections":{},"providerFamilyDomain":"zai","providerFamilyDomainMigrated":true,"nativeSearchEnhancementsEnabled":true,"memoryEnabled":false,"lastWorkspaceSession":[],"lastActiveTabIndex":0,"receivePreviewUpdates":false,"autoDownloadAndInstallUpdates":false,"skippedElectronUpdateVersions":{}}
[Z1 child] [2026-09-24 23:34:32.780] [pid:42140] [zcode-host] [rpc:call] provider-settings.refresh OK (260.4ms)
[2026-09-24 23:34:32.780] [pid:4656] [main] [host-log] (local-1) [host] [2026-09-24 23:34:32.780] [pid:42140] [zcode-host] [rpc:call] provider-settings.refresh OK (260.4ms)
[Z1 child] [2026-09-24 23:34:32.780] [pid:42140] [zcode-host] [rpc:call] provider-settings.refresh OK (251.3ms)
[2026-09-24 23:34:32.781] [pid:4656] [main] [host-log] (local-1) [host] [2026-09-24 23:34:32.780] [pid:42140] [zcode-host] [rpc:call] provider-settings.refresh OK (251.3ms)
[Z1 child] (node:15544) ExperimentalWarning: SQLite is an experimental feature and might change at any time
(Use `electron --trace-warnings ...` to show where the warning was created)
[2026-09-24 23:34:32.864] [pid:4656] [main] [cron-scheduler] cron scheduler started
[Z1 child] [2026-09-24 23:34:32.879] [pid:42140] [settingService] reading settings from: C:\Users\USER\Desktop\Personal\ZCode\.tmp\z1-native-1790264068639-fd284e\home\.zcode\v2\setting.json
[Z1 child] [2026-09-24 23:34:32.879] [pid:42140] [settingService] read result: {"recentProjects":[],"locale":"zh-CN","localePreference":"en-US","terminalInheritSystemProfile":true,"embeddedBrowserAllowInsecureCertificates":false,"embeddedBrowserViewportPreference":{"mode":"normal","viewport":{"width":393,"height":852},"zoom":"fit"},"computerUseComposerEntryHidden":true,"taskAutoArchiveEnabled":false,"taskAutoArchiveOlderThanDays":7,"closeToTrayOnWindows":false,"closeToTrayOnWindowsMigrationInitialized":true,"keepAwakeWhileRunning":false,"desktopChromiumHardwareAccelerationEnabled":true,"messageStreamShowReasoning":true,"messageStreamShowReasoningMigrationInitialized":true,"messageStreamShowTodos":false,"toolGroupingExploreEnabled":true,"toolGroupingTerminalEnabled":true,"toolGroupingChangesEnabled":false,"zcodeInteractionBehavior":"queue","askUserQuestionAutoResolutionEnabled":false,"modelIoFullRetentionEnabled":false,"startPlanRecommendationDismissed":false,"providerFamilyConnectionSelections":{},"providerFamilyDomain":"zai","providerFamilyDomainMigrated":true,"nativeSearchEnhancementsEnabled":true,"memoryEnabled":false,"lastWorkspaceSession":[],"lastActiveTabIndex":0,"receivePreviewUpdates":false,"autoDownloadAndInstallUpdates":false,"skippedElectronUpdateVersions":{}}
[Z1 child] [2026-09-24 23:34:32.879] [pid:42140] [settingService] writing settings to: C:\Users\USER\Desktop\Personal\ZCode\.tmp\z1-native-1790264068639-fd284e\home\.zcode\v2\setting.json {"recentProjects":[],"locale":"zh-CN","localePreference":"en-US","terminalInheritSystemProfile":true,"embeddedBrowserAllowInsecureCertificates":false,"embeddedBrowserViewportPreference":{"mode":"normal","viewport":{"width":393,"height":852},"zoom":"fit"},"computerUseComposerEntryHidden":true,"taskAutoArchiveEnabled":false,"taskAutoArchiveOlderThanDays":7,"closeToTrayOnWindows":false,"closeToTrayOnWindowsMigrationInitialized":true,"keepAwakeWhileRunning":false,"desktopChromiumHardwareAccelerationEnabled":true,"messageStreamShowReasoning":true,"messageStreamShowReasoningMigrationInitialized":true,"messageStreamShowTodos":false,"toolGroupingExploreEnabled":true,"toolGroupingTerminalEnabled":true,"toolGroupingChangesEnabled":false,"zcodeInteractionBehavior":"queue","askUserQuestionAutoResolutionEnabled":false,"modelIoFullRetentionEnabled":false,"startPlanRecommendationDismissed":false,"providerFamilyConnectionSelections":{},"providerFamilyDomain":"zai","providerFamilyDomainUpdatedAt":1790264072876,"providerFamilyDomainMigrated":true,"nativeSearchEnhancementsEnabled":true,"memoryEnabled":false,"lastWorkspaceSession":[],"lastActiveTabIndex":0,"receivePreviewUpdates":false,"autoDownloadAndInstallUpdates":false,"skippedElectronUpdateVersions":{}}
[2026-09-24 23:34:32.879] [pid:4656] [main] [host-log] (local-1) [host] [2026-09-24 23:34:32.879] [pid:42140] [settingService] writing settings to: C:\Users\USER\Desktop\Personal\ZCode\.tmp\z1-native-1790264068639-fd284e\home\.zcode\v2\setting.json {"recentProjects":[],"locale":"zh-CN","localePreference":"en-US","terminalInheritSystemProfile":true,"embeddedBrowserAllowInsecureCertificates":false,"embeddedBrowserViewportPreference":{"mode":"normal","viewport":{"width":393,"height":852},"zoom":"fit"},"computerUseComposerEntryHidden":true,"taskAutoArchiveEnabled":false,"taskAutoArchiveOlderThanDays":7,"closeToTrayOnWindows":false,"closeToTrayOnWindowsMigrationInitialized":true,"keepAwakeWhileRunning":false,"desktopChromiumHardwareAccelerationEnabled":true,"messageStreamShowReasoning":true,"messageStreamShowReasoningMigrationInitialized":true,"messageStreamShowTodos":false,"toolGroupingExploreEnabled":true,"toolGroupingTerminalEnabled":true,"toolGroupingChangesEnabled":false,"zcodeInteractionBehavior":"queue","askUserQuestionAutoResolutionEnabled":false,"modelIoFullRetentionEnabled":false,"startPlanRecommendationDismissed":false,"providerFamilyConnectionSelections":{},"providerFamilyDomain":"zai","providerFamilyDomainUpdatedAt":1790264072876,"providerFamilyDomainMigrated":true,"nativeSearchEnhancementsEnabled":true,"memoryEnabled":false,"lastWorkspaceSession":[],"lastActiveTabIndex":0,"receivePreviewUpdates":false,"autoDownloadAndInstallUpdates":false,"skippedElectronUpdateVersions":{}}
[Z1 child] [2026-09-24 23:34:32.884] [pid:42140] [settingService] write done
[2026-09-24 23:34:32.884] [pid:4656] [main] [host-log] (local-1) [host] [2026-09-24 23:34:32.884] [pid:42140] [settingService] write done
[2026-09-24 23:34:32.885] [pid:4656] [main] [host-log] (local-1) [host] [2026-09-24 23:34:32.885] [pid:42140] [zcode-host] [rpc:call] setting.update OK (8.1ms)
[Z1 child] [2026-09-24 23:34:32.885] [pid:42140] [settingService] reading settings from: C:\Users\USER\Desktop\Personal\ZCode\.tmp\z1-native-1790264068639-fd284e\home\.zcode\v2\setting.json
[2026-09-24 23:34:32.885] [pid:42140] [zcode-host] [rpc:call] setting.update OK (8.1ms)
[2026-09-24 23:34:32.885] [pid:42140] [settingService] reading settings from: C:\Users\USER\Desktop\Personal\ZCode\.tmp\z1-native-1790264068639-fd284e\home\.zcode\v2\setting.json
[Z1 child] [2026-09-24 23:34:32.887] [pid:42140] [settingService] read result: {"recentProjects":[],"locale":"zh-CN","localePreference":"en-US","terminalInheritSystemProfile":true,"embeddedBrowserAllowInsecureCertificates":false,"embeddedBrowserViewportPreference":{"mode":"normal","viewport":{"width":393,"height":852},"zoom":"fit"},"computerUseComposerEntryHidden":true,"taskAutoArchiveEnabled":false,"taskAutoArchiveOlderThanDays":7,"closeToTrayOnWindows":false,"closeToTrayOnWindowsMigrationInitialized":true,"keepAwakeWhileRunning":false,"desktopChromiumHardwareAccelerationEnabled":true,"messageStreamShowReasoning":true,"messageStreamShowReasoningMigrationInitialized":true,"messageStreamShowTodos":false,"toolGroupingExploreEnabled":true,"toolGroupingTerminalEnabled":true,"toolGroupingChangesEnabled":false,"zcodeInteractionBehavior":"queue","askUserQuestionAutoResolutionEnabled":false,"modelIoFullRetentionEnabled":false,"startPlanRecommendationDismissed":false,"providerFamilyConnectionSelections":{},"providerFamilyDomain":"zai","providerFamilyDomainUpdatedAt":1790264072876,"providerFamilyDomainMigrated":true,"nativeSearchEnhancementsEnabled":true,"memoryEnabled":false,"lastWorkspaceSession":[],"lastActiveTabIndex":0,"receivePreviewUpdates":false,"autoDownloadAndInstallUpdates":false,"skippedElectronUpdateVersions":{}}
[Z1 child] [2026-09-24 23:34:32.887] [pid:42140] [settingService] read result: {"recentProjects":[],"locale":"zh-CN","localePreference":"en-US","terminalInheritSystemProfile":true,"embeddedBrowserAllowInsecureCertificates":false,"embeddedBrowserViewportPreference":{"mode":"normal","viewport":{"width":393,"height":852},"zoom":"fit"},"computerUseComposerEntryHidden":true,"taskAutoArchiveEnabled":false,"taskAutoArchiveOlderThanDays":7,"closeToTrayOnWindows":false,"closeToTrayOnWindowsMigrationInitialized":true,"keepAwakeWhileRunning":false,"desktopChromiumHardwareAccelerationEnabled":true,"messageStreamShowReasoning":true,"messageStreamShowReasoningMigrationInitialized":true,"messageStreamShowTodos":false,"toolGroupingExploreEnabled":true,"toolGroupingTerminalEnabled":true,"toolGroupingChangesEnabled":false,"zcodeInteractionBehavior":"queue","askUserQuestionAutoResolutionEnabled":false,"modelIoFullRetentionEnabled":false,"startPlanRecommendationDismissed":false,"providerFamilyConnectionSelections":{},"providerFamilyDomain":"zai","providerFamilyDomainUpdatedAt":1790264072876,"providerFamilyDomainMigrated":true,"nativeSearchEnhancementsEnabled":true,"memoryEnabled":false,"lastWorkspaceSession":[],"lastActiveTabIndex":0,"receivePreviewUpdates":false,"autoDownloadAndInstallUpdates":false,"skippedElectronUpdateVersions":{}}
[2026-09-24 23:34:32.887] [pid:42140] [zcode-host] [rpc:call] setting.get OK (2.0ms)
[2026-09-24 23:34:32.887] [pid:4656] [main] [host-log] (local-1) [host] [2026-09-24 23:34:32.887] [pid:42140] [zcode-host] [rpc:call] setting.get OK (2.0ms)
[Z1 child] [2026-09-24 23:34:32.890] [pid:42140] [zcode-host] [rpc:call] file.ensureConversationWorkspace OK (2.6ms)
[2026-09-24 23:34:32.890] [pid:4656] [main] [host-log] (local-1) [host] [2026-09-24 23:34:32.890] [pid:42140] [zcode-host] [rpc:call] file.ensureConversationWorkspace OK (2.6ms)
[2026-09-24 23:34:32.892] [pid:4656] [main] [task-realtime] updated host workspace scopes {
  hostId: '52660874-11a3-4b5e-a1eb-4a5acece36b4',
  workspaceKeyCount: 1
}
[Z1 child] [2026-09-24 23:34:32.895] [pid:42140] [settingService] reading settings from: C:\Users\USER\Desktop\Personal\ZCode\.tmp\z1-native-1790264068639-fd284e\home\.zcode\v2\setting.json
[Z1 child] [2026-09-24 23:34:32.900] [pid:42140] [settingService] read result: {"recentProjects":[],"locale":"zh-CN","localePreference":"en-US","terminalInheritSystemProfile":true,"embeddedBrowserAllowInsecureCertificates":false,"embeddedBrowserViewportPreference":{"mode":"normal","viewport":{"width":393,"height":852},"zoom":"fit"},"computerUseComposerEntryHidden":true,"taskAutoArchiveEnabled":false,"taskAutoArchiveOlderThanDays":7,"closeToTrayOnWindows":false,"closeToTrayOnWindowsMigrationInitialized":true,"keepAwakeWhileRunning":false,"desktopChromiumHardwareAccelerationEnabled":true,"messageStreamShowReasoning":true,"messageStreamShowReasoningMigrationInitialized":true,"messageStreamShowTodos":false,"toolGroupingExploreEnabled":true,"toolGroupingTerminalEnabled":true,"toolGroupingChangesEnabled":false,"zcodeInteractionBehavior":"queue","askUserQuestionAutoResolutionEnabled":false,"modelIoFullRetentionEnabled":false,"startPlanRecommendationDismissed":false,"providerFamilyConnectionSelections":{},"providerFamilyDomain":"zai","providerFamilyDomainUpdatedAt":1790264072876,"providerFamilyDomainMigrated":true,"nativeSearchEnhancementsEnabled":true,"memoryEnabled":false,"lastWorkspaceSession":[],"lastActiveTabIndex":0,"receivePreviewUpdates":false,"autoDownloadAndInstallUpdates":false,"skippedElectronUpdateVersions":{}}
[2026-09-24 23:34:32.900] [pid:42140] [zcode-host] [rpc:call] setting.get OK (5.1ms)
[2026-09-24 23:34:32.899] [pid:4656] [main] [host-log] (local-1) [host] [2026-09-24 23:34:32.900] [pid:42140] [zcode-host] [rpc:call] setting.get OK (5.1ms)
[Z1 child] [2026-09-24 23:34:32.900] [pid:42140] [settingService] reading settings from: C:\Users\USER\Desktop\Personal\ZCode\.tmp\z1-native-1790264068639-fd284e\home\.zcode\v2\setting.json
[Z1 child] [2026-09-24 23:34:32.900] [pid:42140] [zcode-host] [rpc:call] file.ensureConversationWorkspace OK (0.4ms)
[2026-09-24 23:34:32.900] [pid:4656] [main] [host-log] (local-1) [host] [2026-09-24 23:34:32.900] [pid:42140] [zcode-host] [rpc:call] file.ensureConversationWorkspace OK (0.4ms)
[Z1 child] [2026-09-24 23:34:32.901] [pid:42140] [settingService] read result: {"recentProjects":[],"locale":"zh-CN","localePreference":"en-US","terminalInheritSystemProfile":true,"embeddedBrowserAllowInsecureCertificates":false,"embeddedBrowserViewportPreference":{"mode":"normal","viewport":{"width":393,"height":852},"zoom":"fit"},"computerUseComposerEntryHidden":true,"taskAutoArchiveEnabled":false,"taskAutoArchiveOlderThanDays":7,"closeToTrayOnWindows":false,"closeToTrayOnWindowsMigrationInitialized":true,"keepAwakeWhileRunning":false,"desktopChromiumHardwareAccelerationEnabled":true,"messageStreamShowReasoning":true,"messageStreamShowReasoningMigrationInitialized":true,"messageStreamShowTodos":false,"toolGroupingExploreEnabled":true,"toolGroupingTerminalEnabled":true,"toolGroupingChangesEnabled":false,"zcodeInteractionBehavior":"queue","askUserQuestionAutoResolutionEnabled":false,"modelIoFullRetentionEnabled":false,"startPlanRecommendationDismissed":false,"providerFamilyConnectionSelections":{},"providerFamilyDomain":"zai","providerFamilyDomainUpdatedAt":1790264072876,"providerFamilyDomainMigrated":true,"nativeSearchEnhancementsEnabled":true,"memoryEnabled":false,"lastWorkspaceSession":[],"lastActiveTabIndex":0,"receivePreviewUpdates":false,"autoDownloadAndInstallUpdates":false,"skippedElectronUpdateVersions":{}}
[2026-09-24 23:34:32.901] [pid:42140] [settingService] reading settings from: C:\Users\USER\Desktop\Personal\ZCode\.tmp\z1-native-1790264068639-fd284e\home\.zcode\v2\setting.json
[Z1 child] [2026-09-24 23:34:32.902] [pid:42140] [settingService] read result: {"recentProjects":[],"locale":"zh-CN","localePreference":"en-US","terminalInheritSystemProfile":true,"embeddedBrowserAllowInsecureCertificates":false,"embeddedBrowserViewportPreference":{"mode":"normal","viewport":{"width":393,"height":852},"zoom":"fit"},"computerUseComposerEntryHidden":true,"taskAutoArchiveEnabled":false,"taskAutoArchiveOlderThanDays":7,"closeToTrayOnWindows":false,"closeToTrayOnWindowsMigrationInitialized":true,"keepAwakeWhileRunning":false,"desktopChromiumHardwareAccelerationEnabled":true,"messageStreamShowReasoning":true,"messageStreamShowReasoningMigrationInitialized":true,"messageStreamShowTodos":false,"toolGroupingExploreEnabled":true,"toolGroupingTerminalEnabled":true,"toolGroupingChangesEnabled":false,"zcodeInteractionBehavior":"queue","askUserQuestionAutoResolutionEnabled":false,"modelIoFullRetentionEnabled":false,"startPlanRecommendationDismissed":false,"providerFamilyConnectionSelections":{},"providerFamilyDomain":"zai","providerFamilyDomainUpdatedAt":1790264072876,"providerFamilyDomainMigrated":true,"nativeSearchEnhancementsEnabled":true,"memoryEnabled":false,"lastWorkspaceSession":[],"lastActiveTabIndex":0,"receivePreviewUpdates":false,"autoDownloadAndInstallUpdates":false,"skippedElectronUpdateVersions":{}}
[Z1 child] [2026-09-24 23:34:32.902] [pid:42140] [settingService] reading settings from: C:\Users\USER\Desktop\Personal\ZCode\.tmp\z1-native-1790264068639-fd284e\home\.zcode\v2\setting.json
[Z1 child] [2026-09-24 23:34:32.902] [pid:42140] [settingService] read result: {"recentProjects":[],"locale":"zh-CN","localePreference":"en-US","terminalInheritSystemProfile":true,"embeddedBrowserAllowInsecureCertificates":false,"embeddedBrowserViewportPreference":{"mode":"normal","viewport":{"width":393,"height":852},"zoom":"fit"},"computerUseComposerEntryHidden":true,"taskAutoArchiveEnabled":false,"taskAutoArchiveOlderThanDays":7,"closeToTrayOnWindows":false,"closeToTrayOnWindowsMigrationInitialized":true,"keepAwakeWhileRunning":false,"desktopChromiumHardwareAccelerationEnabled":true,"messageStreamShowReasoning":true,"messageStreamShowReasoningMigrationInitialized":true,"messageStreamShowTodos":false,"toolGroupingExploreEnabled":true,"toolGroupingTerminalEnabled":true,"toolGroupingChangesEnabled":false,"zcodeInteractionBehavior":"queue","askUserQuestionAutoResolutionEnabled":false,"modelIoFullRetentionEnabled":false,"startPlanRecommendationDismissed":false,"providerFamilyConnectionSelections":{},"providerFamilyDomain":"zai","providerFamilyDomainUpdatedAt":1790264072876,"providerFamilyDomainMigrated":true,"nativeSearchEnhancementsEnabled":true,"memoryEnabled":false,"lastWorkspaceSession":[],"lastActiveTabIndex":0,"receivePreviewUpdates":false,"autoDownloadAndInstallUpdates":false,"skippedElectronUpdateVersions":{}}
[2026-09-24 23:34:32.902] [pid:4656] [main] [task-realtime] updated host workspace scopes {
  hostId: '52660874-11a3-4b5e-a1eb-4a5acece36b4',
  workspaceKeyCount: 1
}
[Z1 child] [2026-09-24 23:34:32.903] [pid:42140] [settingService] reading settings from: C:\Users\USER\Desktop\Personal\ZCode\.tmp\z1-native-1790264068639-fd284e\home\.zcode\v2\setting.json
[2026-09-24 23:34:32.905] [pid:4656] [main] [task-realtime] updated host workspace scopes {
  hostId: '52660874-11a3-4b5e-a1eb-4a5acece36b4',
  workspaceKeyCount: 2
}
[Z1 child] [2026-09-24 23:34:32.904] [pid:42140] [zcode-host] [rpc:call] onboarding-record.claimAnonymousRecord OK (0.3ms)
[2026-09-24 23:34:32.906] [pid:42140] [zcode-host] [rpc:call] onboarding-record.getLatestEntry OK (2.1ms)
[2026-09-24 23:34:32.906] [pid:42140] [settingService] read result: {"recentProjects":[],"locale":"zh-CN","localePreference":"en-US","terminalInheritSystemProfile":true,"embeddedBrowserAllowInsecureCertificates":false,"embeddedBrowserViewportPreference":{"mode":"normal","viewport":{"width":393,"height":852},"zoom":"fit"},"computerUseComposerEntryHidden":true,"taskAutoArchiveEnabled":false,"taskAutoArchiveOlderThanDays":7,"closeToTrayOnWindows":false,"closeToTrayOnWindowsMigrationInitialized":true,"keepAwakeWhileRunning":false,"desktopChromiumHardwareAccelerationEnabled":true,"messageStreamShowReasoning":true,"messageStreamShowReasoningMigrationInitialized":true,"messageStreamShowTodos":false,"toolGroupingExploreEnabled":true,"toolGroupingTerminalEnabled":true,"toolGroupingChangesEnabled":false,"zcodeInteractionBehavior":"queue","askUserQuestionAutoResolutionEnabled":false,"modelIoFullRetentionEnabled":false,"startPlanRecommendationDismissed":false,"providerFamilyConnectionSelections":{},"providerFamilyDomain":"zai","providerFamilyDomainUpdatedAt":1790264072876,"providerFamilyDomainMigrated":true,"nativeSearchEnhancementsEnabled":true,"memoryEnabled":false,"lastWorkspaceSession":[],"lastActiveTabIndex":0,"receivePreviewUpdates":false,"autoDownloadAndInstallUpdates":false,"skippedElectronUpdateVersions":{}}
[2026-09-24 23:34:32.906] [pid:42140] [zcode-host] [rpc:call] setting.get OK (2.7ms)
[2026-09-24 23:34:32.906] [pid:4656] [main] [host-log] (local-1) [host] [2026-09-24 23:34:32.904] [pid:42140] [zcode-host] [rpc:call] onboarding-record.claimAnonymousRecord OK (0.3ms)
[2026-09-24 23:34:32.907] [pid:4656] [main] [host-log] (local-1) [host] [2026-09-24 23:34:32.906] [pid:42140] [zcode-host] [rpc:call] onboarding-record.getLatestEntry OK (2.1ms)
[2026-09-24 23:34:32.908] [pid:4656] [main] [host-log] (local-1) [host] [2026-09-24 23:34:32.906] [pid:42140] [zcode-host] [rpc:call] setting.get OK (2.7ms)
[Z1 child] [2026-09-24 23:34:32.909] [pid:42140] [zcode-host] [rpc:call] onboarding-record.shouldOnboard OK (3.4ms)
[2026-09-24 23:34:32.909] [pid:4656] [main] [host-log] (local-1) [host] [2026-09-24 23:34:32.909] [pid:42140] [zcode-host] [rpc:call] onboarding-record.shouldOnboard OK (3.4ms)
[Z1 child] [2026-09-24 23:34:33.057] [pid:42140] [zcode-host] [rpc:call] onboarding-record.dismissOnboarding OK (5.0ms)
[2026-09-24 23:34:33.057] [pid:4656] [main] [host-log] (local-1) [host] [2026-09-24 23:34:33.057] [pid:42140] [zcode-host] [rpc:call] onboarding-record.dismissOnboarding OK (5.0ms)
[2026-09-24 23:34:33.081] [pid:4656] [renderer] v4 conversation frame upstream attached {
  workspaceKey: 'C:\\Users\\USER\\Desktop\\Personal\\ZCode\\.tmp\\z1-native-1790264068639-fd284e\\workspace',
  workspacePath: 'C:\\Users\\USER\\Desktop\\Personal\\ZCode\\.tmp\\z1-native-1790264068639-fd284e\\workspace',
  event: 'v4.conversation.frames.upstream_attached',
  listenerCount: 1,
  module: 'ui.v4.conversation_transport',
  runtimeGeneration: 0,
  status: 'completed'
}
[2026-09-24 23:34:33.082] [pid:4656] [renderer] v4 workspace connection created {
  event: 'v4.workspace_connection.created',
  isRemote: false,
  key: '__base__ C:\\Users\\USER\\Desktop\\Personal\\ZCode\\.tmp\\z1-native-1790264068639-fd284e\\workspace',
  module: 'ui.v4.workspace_connection_registry',
  refCount: 1,
  serviceGeneration: 1,
  status: 'completed'
}
[Z1 child] [2026-09-24 23:34:33.081] [pid:42140] [zcode-host] [rpc:listen] zcode-agent.onDynamicLocalTtftFacts subscribed
[2026-09-24 23:34:33.081] [pid:42140] [zcode-host] [rpc:listen] zcode-agent.onDynamicConversationFrame subscribed
[2026-09-24 23:34:33.082] [pid:4656] [main] [host-log] (local-1) [host] [2026-09-24 23:34:33.081] [pid:42140] [zcode-host] [rpc:listen] zcode-agent.onDynamicLocalTtftFacts subscribed
[2026-09-24 23:34:33.083] [pid:4656] [main] [host-log] (local-1) [host] [2026-09-24 23:34:33.081] [pid:42140] [zcode-host] [rpc:listen] zcode-agent.onDynamicConversationFrame subscribed
[Z1 child] [2026-09-24 23:34:33.121] [pid:42140] [settingService] reading settings from: C:\Users\USER\Desktop\Personal\ZCode\.tmp\z1-native-1790264068639-fd284e\home\.zcode\v2\setting.json
[Z1 child] [2026-09-24 23:34:33.121] [pid:42140] [settingService] read result: {"recentProjects":[],"locale":"zh-CN","localePreference":"en-US","terminalInheritSystemProfile":true,"embeddedBrowserAllowInsecureCertificates":false,"embeddedBrowserViewportPreference":{"mode":"normal","viewport":{"width":393,"height":852},"zoom":"fit"},"computerUseComposerEntryHidden":true,"taskAutoArchiveEnabled":false,"taskAutoArchiveOlderThanDays":7,"closeToTrayOnWindows":false,"closeToTrayOnWindowsMigrationInitialized":true,"keepAwakeWhileRunning":false,"desktopChromiumHardwareAccelerationEnabled":true,"messageStreamShowReasoning":true,"messageStreamShowReasoningMigrationInitialized":true,"messageStreamShowTodos":false,"toolGroupingExploreEnabled":true,"toolGroupingTerminalEnabled":true,"toolGroupingChangesEnabled":false,"zcodeInteractionBehavior":"queue","askUserQuestionAutoResolutionEnabled":false,"modelIoFullRetentionEnabled":false,"startPlanRecommendationDismissed":false,"providerFamilyConnectionSelections":{},"providerFamilyDomain":"zai","providerFamilyDomainUpdatedAt":1790264072876,"providerFamilyDomainMigrated":true,"nativeSearchEnhancementsEnabled":true,"memoryEnabled":false,"lastWorkspaceSession":[],"lastActiveTabIndex":0,"receivePreviewUpdates":false,"autoDownloadAndInstallUpdates":false,"skippedElectronUpdateVersions":{}}
[Z1 child] [2026-09-24 23:34:33.122] [pid:42140] [node-api-client] zcode endpoint request headers prepared {
  headerKeys: [
    'http-referer',
    'user-agent',
    'x-client-language',
    'x-client-timezone',
    'x-device-mid',
    'x-os-category',
    'x-os-version',
    'x-platform',
    'x-release-channel',
    'x-request-id',
    'x-title',
    'x-zcode-app-version'
  ],
  method: 'GET',
  url: 'http://127.0.0.1:56784/api/v1/client/scenes'
}
[Z1 child] [2026-09-24 23:34:33.124] [pid:42140] [zcode-host] [rpc:call] client-scenes.list OK (2.9ms)
[2026-09-24 23:34:33.124] [pid:4656] [main] [host-log] (local-1) [host] [2026-09-24 23:34:33.124] [pid:42140] [zcode-host] [rpc:call] client-scenes.list OK (2.9ms)
[2026-09-24 23:34:33.124] [pid:4656] [main] [host-log] (local-1) [host] [2026-09-24 23:34:33.124] [pid:42140] [zcode-host] [rpc:listen] window-controller.onDynamicControllerFrame subscribed
[2026-09-24 23:34:33.125] [pid:4656] [main] [host-log] (local-1) [host] [2026-09-24 23:34:33.124] [pid:42140] [zcode-host] [rpc:call] window-controller.subscribeControllerV4 OK (0.2ms)
[2026-09-24 23:34:33.125] [pid:4656] [main] [host-log] (local-1) [host] [2026-09-24 23:34:33.124] [pid:42140] [zcode-host] [rpc:call] window-controller.subscribeControllerV4 OK (0.0ms)
[2026-09-24 23:34:33.126] [pid:4656] [main] [host-log] (local-1) [host] [2026-09-24 23:34:33.126] [pid:42140] [zcode-host] [rpc:call] window-controller.listTaskList OK (1.4ms)
[2026-09-24 23:34:33.127] [pid:4656] [main] [host-log] (local-1) [host] [2026-09-24 23:34:33.126] [pid:42140] [zcode-host] [rpc:call] window-controller.listTaskList OK (0.0ms)
[2026-09-24 23:34:33.128] [pid:4656] [main] [host-log] (local-1) [host] [2026-09-24 23:34:33.127] [pid:42140] [zcode-host] [rpc:call] setting.get OK (2.4ms)
[Z1 child] [2026-09-24 23:34:33.124] [pid:42140] [zcode-host] [rpc:listen] window-controller.onDynamicControllerFrame subscribed
[2026-09-24 23:34:33.124] [pid:42140] [zcode-host] [rpc:call] window-controller.subscribeControllerV4 OK (0.2ms)
[2026-09-24 23:34:33.124] [pid:42140] [zcode-host] [rpc:call] window-controller.subscribeControllerV4 OK (0.0ms)
[2026-09-24 23:34:33.124] [pid:42140] [settingService] reading settings from: C:\Users\USER\Desktop\Personal\ZCode\.tmp\z1-native-1790264068639-fd284e\home\.zcode\v2\setting.json
[2026-09-24 23:34:33.126] [pid:42140] [zcode-host] [rpc:call] window-controller.listTaskList OK (1.4ms)
[2026-09-24 23:34:33.126] [pid:42140] [zcode-host] [rpc:call] window-controller.listTaskList OK (0.0ms)
[2026-09-24 23:34:33.127] [pid:42140] [settingService] read result: {"recentProjects":[],"locale":"zh-CN","localePreference":"en-US","terminalInheritSystemProfile":true,"embeddedBrowserAllowInsecureCertificates":false,"embeddedBrowserViewportPreference":{"mode":"normal","viewport":{"width":393,"height":852},"zoom":"fit"},"computerUseComposerEntryHidden":true,"taskAutoArchiveEnabled":false,"taskAutoArchiveOlderThanDays":7,"closeToTrayOnWindows":false,"closeToTrayOnWindowsMigrationInitialized":true,"keepAwakeWhileRunning":false,"desktopChromiumHardwareAccelerationEnabled":true,"messageStreamShowReasoning":true,"messageStreamShowReasoningMigrationInitialized":true,"messageStreamShowTodos":false,"toolGroupingExploreEnabled":true,"toolGroupingTerminalEnabled":true,"toolGroupingChangesEnabled":false,"zcodeInteractionBehavior":"queue","askUserQuestionAutoResolutionEnabled":false,"modelIoFullRetentionEnabled":false,"startPlanRecommendationDismissed":false,"providerFamilyConnectionSelections":{},"providerFamilyDomain":"zai","providerFamilyDomainUpdatedAt":1790264072876,"providerFamilyDomainMigrated":true,"nativeSearchEnhancementsEnabled":true,"memoryEnabled":false,"lastWorkspaceSession":[],"lastActiveTabIndex":0,"receivePreviewUpdates":false,"autoDownloadAndInstallUpdates":false,"skippedElectronUpdateVersions":{}}
[2026-09-24 23:34:33.127] [pid:42140] [zcode-host] [rpc:call] setting.get OK (2.4ms)
[2026-09-24 23:34:33.127] [pid:42140] [zcode-host] [rpc:listen] zcode-agent.onDynamicSessionsIndexFrame subscribed
[2026-09-24 23:34:33.127] [pid:42140] [zcode-host] [rpc:listen] zcode-agent.onAgentRuntimeLifecycle subscribed
[2026-09-24 23:34:33.128] [pid:42140] [zcode-host] [rpc:call] zcode-agent.helloConversationV4 OK (0.1ms)
[2026-09-24 23:34:33.128] [pid:42140] [zcode-host] [rpc:call] zcode-task.listPinnedTaskIds OK (0.2ms)
[2026-09-24 23:34:33.128] [pid:42140] [zcode-host] [rpc:call] zcode-task.listArchivedTasks OK (0.1ms)
[2026-09-24 23:34:33.128] [pid:42140] [zcode-host] [rpc:call] zcode-task.listTasks OK (0.1ms)
[2026-09-24 23:34:33.128] [pid:4656] [main] [host-log] (local-1) [host] [2026-09-24 23:34:33.127] [pid:42140] [zcode-host] [rpc:listen] zcode-agent.onDynamicSessionsIndexFrame subscribed
[2026-09-24 23:34:33.129] [pid:4656] [main] [host-log] (local-1) [host] [2026-09-24 23:34:33.127] [pid:42140] [zcode-host] [rpc:listen] zcode-agent.onAgentRuntimeLifecycle subscribed
[2026-09-24 23:34:33.130] [pid:4656] [main] [host-log] (local-1) [host] [2026-09-24 23:34:33.128] [pid:42140] [zcode-host] [rpc:call] zcode-agent.helloConversationV4 OK (0.1ms)
[2026-09-24 23:34:33.131] [pid:4656] [main] [host-log] (local-1) [host] [2026-09-24 23:34:33.128] [pid:42140] [zcode-host] [rpc:call] zcode-task.listPinnedTaskIds OK (0.2ms)
[2026-09-24 23:34:33.131] [pid:4656] [main] [host-log] (local-1) [host] [2026-09-24 23:34:33.128] [pid:42140] [zcode-host] [rpc:call] zcode-task.listArchivedTasks OK (0.1ms)
[2026-09-24 23:34:33.132] [pid:4656] [main] [host-log] (local-1) [host] [2026-09-24 23:34:33.128] [pid:42140] [zcode-host] [rpc:call] zcode-task.listTasks OK (0.1ms)
[2026-09-24 23:34:33.133] [pid:4656] [main] [host-log] (local-1) [host] [2026-09-24 23:34:33.129] [pid:42140] [zcode-host] [rpc:call] zcode-task.listPinnedTasks OK (0.1ms)
[2026-09-24 23:34:33.133] [pid:4656] [main] [host-log] (local-1) [host] [2026-09-24 23:34:33.129] [pid:42140] [zcode-host] [rpc:call] zcode-task.listDeletedTaskIds OK (0.2ms)
[2026-09-24 23:34:33.134] [pid:4656] [main] [host-log] (local-1) [host] [2026-09-24 23:34:33.129] [pid:42140] [zcode-host] [rpc:listen] zcode-task.onDynamicWorkspaceEvent subscribed
[Z1 child] [2026-09-24 23:34:33.129] [pid:42140] [zcode-host] [rpc:call] zcode-task.listPinnedTasks OK (0.1ms)
[2026-09-24 23:34:33.129] [pid:42140] [zcode-host] [rpc:call] zcode-task.listDeletedTaskIds OK (0.2ms)
[2026-09-24 23:34:33.129] [pid:42140] [zcode-host] [rpc:listen] zcode-task.onDynamicWorkspaceEvent subscribed
[2026-09-24 23:34:33.132] [pid:42140] [zcode-host] [rpc:listen] zcode-agent.onAgentRuntimeLifecycle subscribed
[2026-09-24 23:34:33.133] [pid:42140] [zcode-host] [rpc:call] system.info OK (0.1ms)
[2026-09-24 23:34:33.133] [pid:42140] [zcode-host] [rpc:listen] model-selection.onDidChange subscribed
[2026-09-24 23:34:33.133] [pid:42140] [zcode-host] [rpc:listen] model-selection.onDidChange subscribed
[2026-09-24 23:34:33.134] [pid:42140] [zcode-host] [rpc:call] model-selection.getView OK (0.7ms)
[2026-09-24 23:34:33.134] [pid:42140] [zcode-host] [rpc:call] model-selection.getView OK (1.0ms)
[2026-09-24 23:34:33.135] [pid:42140] [zcode-host] [rpc:listen] zcode-agent.onDynamicConversationTelemetryFact subscribed
[2026-09-24 23:34:33.135] [pid:42140] [zcode-host] [rpc:call] subagents.list OK (4.5ms)
[2026-09-24 23:34:33.135] [pid:4656] [main] [host-log] (local-1) [host] [2026-09-24 23:34:33.132] [pid:42140] [zcode-host] [rpc:listen] zcode-agent.onAgentRuntimeLifecycle subscribed
[2026-09-24 23:34:33.135] [pid:4656] [main] [host-log] (local-1) [host] [2026-09-24 23:34:33.133] [pid:42140] [zcode-host] [rpc:call] system.info OK (0.1ms)
[2026-09-24 23:34:33.136] [pid:4656] [main] [host-log] (local-1) [host] [2026-09-24 23:34:33.133] [pid:42140] [zcode-host] [rpc:listen] model-selection.onDidChange subscribed
[2026-09-24 23:34:33.137] [pid:4656] [main] [host-log] (local-1) [host] [2026-09-24 23:34:33.133] [pid:42140] [zcode-host] [rpc:listen] model-selection.onDidChange subscribed
[2026-09-24 23:34:33.137] [pid:4656] [main] [host-log] (local-1) [host] [2026-09-24 23:34:33.134] [pid:42140] [zcode-host] [rpc:call] model-selection.getView OK (0.7ms)
[2026-09-24 23:34:33.138] [pid:4656] [main] [host-log] (local-1) [host] [2026-09-24 23:34:33.134] [pid:42140] [zcode-host] [rpc:call] model-selection.getView OK (1.0ms)
[2026-09-24 23:34:33.139] [pid:4656] [main] [host-log] (local-1) [host] [2026-09-24 23:34:33.135] [pid:42140] [zcode-host] [rpc:listen] zcode-agent.onDynamicConversationTelemetryFact subscribed
[2026-09-24 23:34:33.140] [pid:4656] [main] [host-log] (local-1) [host] [2026-09-24 23:34:33.135] [pid:42140] [zcode-host] [rpc:call] subagents.list OK (4.5ms)
[2026-09-24 23:34:33.141] [pid:4656] [main] [host-log] (local-1) [host] [2026-09-24 23:34:33.136] [pid:42140] [zcode-host] [rpc:call] off-peak-task.list OK (0.2ms)
[Z1 child] [2026-09-24 23:34:33.136] [pid:42140] [zcode-host] [rpc:call] off-peak-task.list OK (0.2ms)
[2026-09-24 23:34:33.150] [pid:4656] [main] [community] failed to fetch remote config: ZodError: [
  {
    "expected": "object",
    "code": "invalid_type",
    "path": [
      "data",
      "configs",
      "feedbackUrl"
    ],
    "message": "Invalid input: expected object, received undefined"
  }
]
    at file:///C:/Users/USER/Desktop/Personal/ZCode/packages/desktop/out/main/chunk-IHGYFX7Q.js:64:122510
    at process.processTicksAndRejections (node:internal/process/task_queues:104:5)
    at async file:///C:/Users/USER/Desktop/Personal/ZCode/packages/desktop/out/main/chunk-IHGYFX7Q.js:64:122616
    at async resolveCommunityUrl (file:///C:/Users/USER/Desktop/Personal/ZCode/packages/desktop/out/main/index.js:606:21172)
    at async file:///C:/Users/USER/Desktop/Personal/ZCode/packages/desktop/out/main/index.js:1337:10297
    at async Session.<anonymous> (node:electron/js2c/browser_init:2:116791)
[2026-09-24 23:34:33.152] [pid:4656] [main] [host-log] (local-1) [host] [2026-09-24 23:34:33.150] [pid:42140] [zcode-host] [rpc:call] settings-sync.getFirstRunPromptState OK (0.9ms)
[Z1 child] [2026-09-24 23:34:33.150] [pid:42140] [settingService] reading settings from: C:\Users\USER\Desktop\Personal\ZCode\.tmp\z1-native-1790264068639-fd284e\home\.zcode\v2\setting.json
[2026-09-24 23:34:33.150] [pid:42140] [settingService] read result: {"recentProjects":[],"locale":"zh-CN","localePreference":"en-US","terminalInheritSystemProfile":true,"embeddedBrowserAllowInsecureCertificates":false,"embeddedBrowserViewportPreference":{"mode":"normal","viewport":{"width":393,"height":852},"zoom":"fit"},"computerUseComposerEntryHidden":true,"taskAutoArchiveEnabled":false,"taskAutoArchiveOlderThanDays":7,"closeToTrayOnWindows":false,"closeToTrayOnWindowsMigrationInitialized":true,"keepAwakeWhileRunning":false,"desktopChromiumHardwareAccelerationEnabled":true,"messageStreamShowReasoning":true,"messageStreamShowReasoningMigrationInitialized":true,"messageStreamShowTodos":false,"toolGroupingExploreEnabled":true,"toolGroupingTerminalEnabled":true,"toolGroupingChangesEnabled":false,"zcodeInteractionBehavior":"queue","askUserQuestionAutoResolutionEnabled":false,"modelIoFullRetentionEnabled":false,"startPlanRecommendationDismissed":false,"providerFamilyConnectionSelections":{},"providerFamilyDomain":"zai","providerFamilyDomainUpdatedAt":1790264072876,"providerFamilyDomainMigrated":true,"nativeSearchEnhancementsEnabled":true,"memoryEnabled":false,"lastWorkspaceSession":[],"lastActiveTabIndex":0,"receivePreviewUpdates":false,"autoDownloadAndInstallUpdates":false,"skippedElectronUpdateVersions":{}}
[2026-09-24 23:34:33.150] [pid:42140] [zcode-host] [rpc:call] settings-sync.getFirstRunPromptState OK (0.9ms)
[Z1 child] [2026-09-24 23:34:33.174] [pid:42140] [zcode-host] [rpc:call] window-controller.listTaskList OK (0.1ms)
[2026-09-24 23:34:33.175] [pid:4656] [main] [host-log] (local-1) [host] [2026-09-24 23:34:33.174] [pid:42140] [zcode-host] [rpc:call] window-controller.listTaskList OK (0.1ms)
[2026-09-24 23:34:33.176] [pid:4656] [main] [host-log] (local-1) [host] [2026-09-24 23:34:33.174] [pid:42140] [zcode-host] [rpc:call] window-controller.listTaskList OK (0.0ms)
[2026-09-24 23:34:33.178] [pid:4656] [main] [host-log] (local-1) [host] [2026-09-24 23:34:33.176] [pid:42140] [zcode-host] [rpc:call] zcode-agent.initializeConversationV4 OK (0.5ms)
[Z1 child] [2026-09-24 23:34:33.174] [pid:42140] [zcode-host] [rpc:call] window-controller.listTaskList OK (0.0ms)
[2026-09-24 23:34:33.176] [pid:42140] [zcode-host] [rpc:call] zcode-agent.initializeConversationV4 OK (0.5ms)
[Z1 child] [2026-09-24 23:34:33.194] [pid:42140] [zcode-host] [rpc:call] settings-sync.detect OK (0.1ms)
[2026-09-24 23:34:33.194] [pid:4656] [main] [host-log] (local-1) [host] [2026-09-24 23:34:33.194] [pid:42140] [zcode-host] [rpc:call] settings-sync.detect OK (0.1ms)
[Z1 child] [2026-09-24 23:34:33.202] [pid:42140] [zcode-host] [rpc:call] zcode-agent.subscribeSessionsIndexV4 FAIL (0.2ms) Error: ZCode Agent runtime is not running.
    at createRuntimeUnavailableError (file:///C:/Users/USER/Desktop/Personal/ZCode/packages/desktop/out/host/index.js:106:32510)
    at getReadOnlyClient (file:///C:/Users/USER/Desktop/Personal/ZCode/packages/desktop/out/host/index.js:106:65862)
    at Object.subscribeSessionsIndexV4 (file:///C:/Users/USER/Desktop/Personal/ZCode/packages/desktop/out/host/index.js:106:105703)
    at Proxy.subscribeSessionsIndexV4 (file:///C:/Users/USER/Desktop/Personal/ZCode/packages/desktop/out/host/chunk-75Q53Y4T.js:1:81221)
    at Object.call (file:///C:/Users/USER/Desktop/Personal/ZCode/packages/desktop/out/host/chunk-XPU7OCSY.js:3:4653)
    at NetworkTelemetryServerChannel.call (file:///C:/Users/USER/Desktop/Personal/ZCode/packages/desktop/out/host/chunk-XPU7OCSY.js:3:3900)
    at LoggingServerChannel.call (file:///C:/Users/USER/Desktop/Personal/ZCode/packages/desktop/out/host/chunk-XPU7OCSY.js:3:2335)
    at ChannelServer.onPromise (file:///C:/Users/USER/Desktop/Personal/ZCode/packages/desktop/out/host/chunk-XPU7OCSY.js:1:9500)
    at ChannelServer.onRawMessage (file:///C:/Users/USER/Desktop/Personal/ZCode/packages/desktop/out/host/chunk-XPU7OCSY.js:1:9170)
    at file:///C:/Users/USER/Desktop/Personal/ZCode/packages/desktop/out/host/chunk-XPU7OCSY.js:1:8527 {
  code: 'ZCODE_AGENT_RUNTIME_UNAVAILABLE',
  workspaceKey: 'C:\\Users\\USER\\Desktop\\Personal\\ZCode\\.tmp\\z1-native-1790264068639-fd284e\\workspace'
}
[2026-09-24 23:34:33.202] [pid:4656] [main] [host-log] (local-1) [host] [2026-09-24 23:34:33.202] [pid:42140] [zcode-host] [rpc:call] zcode-agent.subscribeSessionsIndexV4 FAIL (0.2ms) {"name":"Error","message":"ZCode Agent runtime is not running.","stack":"Error: ZCode Agent runtime is not running.\n    at createRuntimeUnavailableError (file:///C:/Users/USER/Desktop/Personal/ZCode/packages/desktop/out/host/index.js:106:32510)\n    at getReadOnlyClient (file:///C:/Users/USER/Desktop/Personal/ZCode/packages/desktop/out/host/index.js:106:65862)\n    at Object.subscribeSessionsIndexV4 (file:///C:/Users/USER/Desktop/Personal/ZCode/packages/desktop/out/host/index.js:106:105703)\n    at Proxy.subscribeSessionsIndexV4 (file:///C:/Users/USER/Desktop/Personal/ZCode/packages/desktop/out/host/chunk-75Q53Y4T.js:1:81221)\n    at Object.call (file:///C:/Users/USER/Desktop/Personal/ZCode/packages/desktop/out/host/chunk-XPU7OCSY.js:3:4653)\n    at NetworkTelemetryServerChannel.call (file:///C:/Users/USER/Desktop/Personal/ZCode/packages/desktop/out/host/chunk-XPU7OCSY.js:3:3900)\n    at LoggingServerChannel.call (file:///C:/Users/USER/Desktop/Personal/ZCode/packages/desktop/out/host/chunk-XPU7OCSY.js:3:2335)\n    at ChannelServer.onPromise (file:///C:/Users/USER/Desktop/Personal/ZCode/packages/desktop/out/host/chunk-XPU7OCSY.js:1:9500)\n    at ChannelServer.onRawMessage (file:///C:/Users/USER/Desktop/Personal/ZCode/packages/desktop/out/host/chunk-XPU7OCSY.js:1:9170)\n    at file:///C:/Users/USER/Desktop/Personal/ZCode/packages/desktop/out/host/chunk-XPU7OCSY.js:1:8527"}
[2026-09-24 23:34:33.203] [pid:4656] [main] [host-log] (local-1) [host] [2026-09-24 23:34:33.203] [pid:42140] [settingService] writing settings to: C:\Users\USER\Desktop\Personal\ZCode\.tmp\z1-native-1790264068639-fd284e\home\.zcode\v2\setting.json {"recentProjects":[],"locale":"zh-CN","localePreference":"en-US","terminalInheritSystemProfile":true,"embeddedBrowserAllowInsecureCertificates":false,"embeddedBrowserViewportPreference":{"mode":"normal","viewport":{"width":393,"height":852},"zoom":"fit"},"computerUseComposerEntryHidden":true,"taskAutoArchiveEnabled":false,"taskAutoArchiveOlderThanDays":7,"closeToTrayOnWindows":false,"closeToTrayOnWindowsMigrationInitialized":true,"keepAwakeWhileRunning":false,"desktopChromiumHardwareAccelerationEnabled":true,"messageStreamShowReasoning":true,"messageStreamShowReasoningMigrationInitialized":true,"messageStreamShowTodos":false,"toolGroupingExploreEnabled":true,"toolGroupingTerminalEnabled":true,"toolGroupingChangesEnabled":false,"zcodeInteractionBehavior":"queue","askUserQuestionAutoResolutionEnabled":false,"modelIoFullRetentionEnabled":false,"startPlanRecommendationDismissed":false,"providerFamilyConnectionSelections":{},"providerFamilyDomain":"zai","providerFamilyDomainUpdatedAt":1790264072876,"providerFamilyDomainMigrated":true,"nativeSearchEnhancementsEnabled":true,"memoryEnabled":false,"lastWorkspaceSession":[],"lastActiveTabIndex":0,"receivePreviewUpdates":false,"autoDownloadAndInstallUpdates":false,"skippedElectronUpdateVersions":{},"settingsSyncFirstRunPromptHandled":true}
[Z1 child] [2026-09-24 23:34:33.203] [pid:42140] [settingService] reading settings from: C:\Users\USER\Desktop\Personal\ZCode\.tmp\z1-native-1790264068639-fd284e\home\.zcode\v2\setting.json
[2026-09-24 23:34:33.203] [pid:42140] [settingService] read result: {"recentProjects":[],"locale":"zh-CN","localePreference":"en-US","terminalInheritSystemProfile":true,"embeddedBrowserAllowInsecureCertificates":false,"embeddedBrowserViewportPreference":{"mode":"normal","viewport":{"width":393,"height":852},"zoom":"fit"},"computerUseComposerEntryHidden":true,"taskAutoArchiveEnabled":false,"taskAutoArchiveOlderThanDays":7,"closeToTrayOnWindows":false,"closeToTrayOnWindowsMigrationInitialized":true,"keepAwakeWhileRunning":false,"desktopChromiumHardwareAccelerationEnabled":true,"messageStreamShowReasoning":true,"messageStreamShowReasoningMigrationInitialized":true,"messageStreamShowTodos":false,"toolGroupingExploreEnabled":true,"toolGroupingTerminalEnabled":true,"toolGroupingChangesEnabled":false,"zcodeInteractionBehavior":"queue","askUserQuestionAutoResolutionEnabled":false,"modelIoFullRetentionEnabled":false,"startPlanRecommendationDismissed":false,"providerFamilyConnectionSelections":{},"providerFamilyDomain":"zai","providerFamilyDomainUpdatedAt":1790264072876,"providerFamilyDomainMigrated":true,"nativeSearchEnhancementsEnabled":true,"memoryEnabled":false,"lastWorkspaceSession":[],"lastActiveTabIndex":0,"receivePreviewUpdates":false,"autoDownloadAndInstallUpdates":false,"skippedElectronUpdateVersions":{}}
[2026-09-24 23:34:33.203] [pid:42140] [settingService] writing settings to: C:\Users\USER\Desktop\Personal\ZCode\.tmp\z1-native-1790264068639-fd284e\home\.zcode\v2\setting.json {"recentProjects":[],"locale":"zh-CN","localePreference":"en-US","terminalInheritSystemProfile":true,"embeddedBrowserAllowInsecureCertificates":false,"embeddedBrowserViewportPreference":{"mode":"normal","viewport":{"width":393,"height":852},"zoom":"fit"},"computerUseComposerEntryHidden":true,"taskAutoArchiveEnabled":false,"taskAutoArchiveOlderThanDays":7,"closeToTrayOnWindows":false,"closeToTrayOnWindowsMigrationInitialized":true,"keepAwakeWhileRunning":false,"desktopChromiumHardwareAccelerationEnabled":true,"messageStreamShowReasoning":true,"messageStreamShowReasoningMigrationInitialized":true,"messageStreamShowTodos":false,"toolGroupingExploreEnabled":true,"toolGroupingTerminalEnabled":true,"toolGroupingChangesEnabled":false,"zcodeInteractionBehavior":"queue","askUserQuestionAutoResolutionEnabled":false,"modelIoFullRetentionEnabled":false,"startPlanRecommendationDismissed":false,"providerFamilyConnectionSelections":{},"providerFamilyDomain":"zai","providerFamilyDomainUpdatedAt":1790264072876,"providerFamilyDomainMigrated":true,"nativeSearchEnhancementsEnabled":true,"memoryEnabled":false,"lastWorkspaceSession":[],"lastActiveTabIndex":0,"receivePreviewUpdates":false,"autoDownloadAndInstallUpdates":false,"skippedElectronUpdateVersions":{},"settingsSyncFirstRunPromptHandled":true}
[Z1 child] [2026-09-24 23:34:33.207] [pid:42140] [settingService] write done
[2026-09-24 23:34:33.207] [pid:4656] [main] [host-log] (local-1) [host] [2026-09-24 23:34:33.207] [pid:42140] [settingService] write done
[2026-09-24 23:34:33.208] [pid:4656] [main] [host-log] (local-1) [host] [2026-09-24 23:34:33.208] [pid:42140] [zcode-host] [rpc:call] settings-sync.markFirstRunPromptHandled OK (5.3ms)
[Z1 child] [2026-09-24 23:34:33.208] [pid:42140] [settingService] reading settings from: C:\Users\USER\Desktop\Personal\ZCode\.tmp\z1-native-1790264068639-fd284e\home\.zcode\v2\setting.json
[2026-09-24 23:34:33.208] [pid:42140] [zcode-host] [rpc:call] settings-sync.markFirstRunPromptHandled OK (5.3ms)
[Z1 child] [2026-09-24 23:34:33.211] [pid:42140] [settingService] read result: {"recentProjects":[],"locale":"zh-CN","localePreference":"en-US","terminalInheritSystemProfile":true,"embeddedBrowserAllowInsecureCertificates":false,"embeddedBrowserViewportPreference":{"mode":"normal","viewport":{"width":393,"height":852},"zoom":"fit"},"computerUseComposerEntryHidden":true,"taskAutoArchiveEnabled":false,"taskAutoArchiveOlderThanDays":7,"closeToTrayOnWindows":false,"closeToTrayOnWindowsMigrationInitialized":true,"keepAwakeWhileRunning":false,"desktopChromiumHardwareAccelerationEnabled":true,"messageStreamShowReasoning":true,"messageStreamShowReasoningMigrationInitialized":true,"messageStreamShowTodos":false,"toolGroupingExploreEnabled":true,"toolGroupingTerminalEnabled":true,"toolGroupingChangesEnabled":false,"zcodeInteractionBehavior":"queue","askUserQuestionAutoResolutionEnabled":false,"modelIoFullRetentionEnabled":false,"startPlanRecommendationDismissed":false,"providerFamilyConnectionSelections":{},"providerFamilyDomain":"zai","providerFamilyDomainUpdatedAt":1790264072876,"providerFamilyDomainMigrated":true,"nativeSearchEnhancementsEnabled":true,"memoryEnabled":false,"lastWorkspaceSession":[],"lastActiveTabIndex":0,"receivePreviewUpdates":false,"autoDownloadAndInstallUpdates":false,"skippedElectronUpdateVersions":{},"settingsSyncFirstRunPromptHandled":true}
[Z1 child] [2026-09-24 23:34:33.212] [pid:42140] [settingService] writing settings to: C:\Users\USER\Desktop\Personal\ZCode\.tmp\z1-native-1790264068639-fd284e\home\.zcode\v2\setting.json {"recentProjects":[],"locale":"zh-CN","localePreference":"en-US","terminalInheritSystemProfile":true,"embeddedBrowserAllowInsecureCertificates":false,"embeddedBrowserViewportPreference":{"mode":"normal","viewport":{"width":393,"height":852},"zoom":"fit"},"computerUseComposerEntryHidden":true,"taskAutoArchiveEnabled":false,"taskAutoArchiveOlderThanDays":7,"closeToTrayOnWindows":false,"closeToTrayOnWindowsMigrationInitialized":true,"keepAwakeWhileRunning":false,"desktopChromiumHardwareAccelerationEnabled":true,"messageStreamShowReasoning":true,"messageStreamShowReasoningMigrationInitialized":true,"messageStreamShowTodos":false,"toolGroupingExploreEnabled":true,"toolGroupingTerminalEnabled":true,"toolGroupingChangesEnabled":false,"zcodeInteractionBehavior":"queue","askUserQuestionAutoResolutionEnabled":false,"modelIoFullRetentionEnabled":false,"startPlanRecommendationDismissed":false,"providerFamilyConnectionSelections":{},"providerFamilyDomain":"zai","providerFamilyDomainUpdatedAt":1790264072876,"providerFamilyDomainMigrated":true,"nativeSearchEnhancementsEnabled":true,"memoryEnabled":false,"lastWorkspaceSession":[{"kind":"local","workspacePath":"C:\\Users\\USER\\Desktop\\Personal\\ZCode\\.tmp\\z1-native-1790264068639-fd284e\\workspace","workspacePurpose":"project"},{"kind":"local","workspacePath":"C:\\Users\\USER\\Desktop\\Personal\\ZCode\\.tmp\\z1-native-1790264068639-fd284e\\data\\.zcode\\workspace\\default","workspacePurpose":"conversation"}],"lastActiveTabIndex":0,"receivePreviewUpdates":false,"autoDownloadAndInstallUpdates":false,"skippedElectronUpdateVersions":{},"settingsSyncFirstRunPromptHandled":true}
[2026-09-24 23:34:33.212] [pid:4656] [main] [host-log] (local-1) [host] [2026-09-24 23:34:33.212] [pid:42140] [settingService] writing settings to: C:\Users\USER\Desktop\Personal\ZCode\.tmp\z1-native-1790264068639-fd284e\home\.zcode\v2\setting.json {"recentProjects":[],"locale":"zh-CN","localePreference":"en-US","terminalInheritSystemProfile":true,"embeddedBrowserAllowInsecureCertificates":false,"embeddedBrowserViewportPreference":{"mode":"normal","viewport":{"width":393,"height":852},"zoom":"fit"},"computerUseComposerEntryHidden":true,"taskAutoArchiveEnabled":false,"taskAutoArchiveOlderThanDays":7,"closeToTrayOnWindows":false,"closeToTrayOnWindowsMigrationInitialized":true,"keepAwakeWhileRunning":false,"desktopChromiumHardwareAccelerationEnabled":true,"messageStreamShowReasoning":true,"messageStreamShowReasoningMigrationInitialized":true,"messageStreamShowTodos":false,"toolGroupingExploreEnabled":true,"toolGroupingTerminalEnabled":true,"toolGroupingChangesEnabled":false,"zcodeInteractionBehavior":"queue","askUserQuestionAutoResolutionEnabled":false,"modelIoFullRetentionEnabled":false,"startPlanRecommendationDismissed":false,"providerFamilyConnectionSelections":{},"providerFamilyDomain":"zai","providerFamilyDomainUpdatedAt":1790264072876,"providerFamilyDomainMigrated":true,"nativeSearchEnhancementsEnabled":true,"memoryEnabled":false,"lastWorkspaceSession":[{"kind":"local","workspacePath":"C:\\Users\\USER\\Desktop\\Personal\\ZCode\\.tmp\\z1-native-1790264068639-fd284e\\workspace","workspacePurpose":"project"},{"kind":"local","workspacePath":"C:\\Users\\USER\\Desktop\\Personal\\ZCode\\.tmp\\z1-native-1790264068639-fd284e\\data\\.zcode\\workspace\\default","workspacePurpose":"conversation"}],"lastActiveTabIndex":0,"receivePreviewUpdates":false,"autoDownloadAndInstallUpdates":false,"skippedElectronUpdateVersions":{},"settingsSyncFirstRunPromptHandled":true}
[Z1 child] [2026-09-24 23:34:33.216] [pid:42140] [settingService] write done
[2026-09-24 23:34:33.216] [pid:4656] [main] [host-log] (local-1) [host] [2026-09-24 23:34:33.216] [pid:42140] [settingService] write done
[2026-09-24 23:34:33.217] [pid:4656] [main] [host-log] (local-1) [host] [2026-09-24 23:34:33.216] [pid:42140] [zcode-host] [rpc:call] setting.update OK (12.9ms)
[Z1 child] [2026-09-24 23:34:33.216] [pid:42140] [zcode-host] [rpc:call] setting.update OK (12.9ms)
[2026-09-24 23:34:33.287] [pid:4656] [renderer] v4 workspace connection lease released {
  event: 'v4.workspace_connection.release',
  keepWarmMs: 30000,
  key: '__base__ C:\\Users\\USER\\Desktop\\Personal\\ZCode\\.tmp\\z1-native-1790264068639-fd284e\\workspace',
  module: 'ui.v4.workspace_connection_registry',
  refCount: 0,
  status: 'keep_warm'
}
[Z1 child] [2026-09-24 23:34:33.293] [pid:42140] [zcode-host] [rpc:call] git.refresh OK (157.2ms)
[2026-09-24 23:34:33.293] [pid:4656] [main] [host-log] (local-1) [host] [2026-09-24 23:34:33.293] [pid:42140] [zcode-host] [rpc:call] git.refresh OK (157.2ms)
[Z1 child] [2026-09-24 23:34:33.302] [pid:42140] [zcode-host] [rpc:call] system.info OK (0.0ms)
[2026-09-24 23:34:33.302] [pid:4656] [main] [host-log] (local-1) [host] [2026-09-24 23:34:33.302] [pid:42140] [zcode-host] [rpc:call] system.info OK (0.0ms)
[Z1 child] [2026-09-24 23:34:33.303] [pid:42140] [zcode-host] [rpc:call] file-watcher.watch OK (0.7ms)
[2026-09-24 23:34:33.303] [pid:4656] [main] [host-log] (local-1) [host] [2026-09-24 23:34:33.303] [pid:42140] [zcode-host] [rpc:call] file-watcher.watch OK (0.7ms)
[Z1 child] [2026-09-24 23:34:33.304] [pid:42140] [zcode-host] [rpc:call] file-watcher.watch OK (1.0ms)
[2026-09-24 23:34:33.304] [pid:4656] [main] [host-log] (local-1) [host] [2026-09-24 23:34:33.304] [pid:42140] [zcode-host] [rpc:call] file-watcher.watch OK (1.0ms)
[2026-09-24 23:34:33.304] [pid:4656] [main] [host-log] (local-1) [host] [2026-09-24 23:34:33.304] [pid:42140] [zcode-host] [rpc:listen] file-watcher.onDynamicChange subscribed
[2026-09-24 23:34:33.305] [pid:4656] [main] [host-log] (local-1) [host] [2026-09-24 23:34:33.304] [pid:42140] [zcode-host] [rpc:call] file-watcher.unwatch OK (0.1ms)
[Z1 child] [2026-09-24 23:34:33.304] [pid:42140] [zcode-host] [rpc:listen] file-watcher.onDynamicChange subscribed
[2026-09-24 23:34:33.304] [pid:42140] [zcode-host] [rpc:call] file-watcher.unwatch OK (0.1ms)
[2026-09-24 23:34:33.306] [pid:42140] [zcode-host] [rpc:call] file-watcher.watch OK (1.4ms)
[2026-09-24 23:34:33.306] [pid:4656] [main] [host-log] (local-1) [host] [2026-09-24 23:34:33.306] [pid:42140] [zcode-host] [rpc:call] file-watcher.watch OK (1.4ms)
[Z1 child] [2026-09-24 23:34:33.307] [pid:42140] [zcode-host] [rpc:call] file-watcher.watch OK (1.0ms)
[2026-09-24 23:34:33.307] [pid:4656] [main] [host-log] (local-1) [host] [2026-09-24 23:34:33.307] [pid:42140] [zcode-host] [rpc:call] file-watcher.watch OK (1.0ms)
[Z1 child] [2026-09-24 23:34:33.308] [pid:42140] [zcode-host] [rpc:call] file-watcher.watch OK (1.1ms)
[2026-09-24 23:34:33.308] [pid:4656] [main] [host-log] (local-1) [host] [2026-09-24 23:34:33.308] [pid:42140] [zcode-host] [rpc:call] file-watcher.watch OK (1.1ms)
[Z1 child] [2026-09-24 23:34:33.308] [pid:42140] [zcode-host] [rpc:call] file-watcher.unwatch OK (0.0ms)
[2026-09-24 23:34:33.309] [pid:42140] [zcode-host] [rpc:listen] file-watcher.onDynamicChange subscribed
[2026-09-24 23:34:33.309] [pid:42140] [zcode-host] [rpc:listen] file-watcher.onDynamicChange subscribed
[2026-09-24 23:34:33.309] [pid:42140] [zcode-host] [rpc:listen] file-watcher.onDynamicChange subscribed
[2026-09-24 23:34:33.309] [pid:4656] [main] [host-log] (local-1) [host] [2026-09-24 23:34:33.308] [pid:42140] [zcode-host] [rpc:call] file-watcher.unwatch OK (0.0ms)
[2026-09-24 23:34:33.310] [pid:4656] [main] [host-log] (local-1) [host] [2026-09-24 23:34:33.309] [pid:42140] [zcode-host] [rpc:listen] file-watcher.onDynamicChange subscribed
[2026-09-24 23:34:33.311] [pid:4656] [main] [host-log] (local-1) [host] [2026-09-24 23:34:33.309] [pid:42140] [zcode-host] [rpc:listen] file-watcher.onDynamicChange subscribed
[2026-09-24 23:34:33.312] [pid:4656] [main] [host-log] (local-1) [host] [2026-09-24 23:34:33.309] [pid:42140] [zcode-host] [rpc:listen] file-watcher.onDynamicChange subscribed
[Z1 child] [2026-09-24 23:34:33.593] [pid:42140] [zcode-host] [rpc:listen] graphEngineering.onDidChange subscribed
[2026-09-24 23:34:33.593] [pid:4656] [main] [host-log] (local-1) [host] [2026-09-24 23:34:33.593] [pid:42140] [zcode-host] [rpc:listen] graphEngineering.onDidChange subscribed
[Z1 child] [2026-09-24 23:34:33.596] [pid:42140] [settingService] reading settings from: C:\Users\USER\Desktop\Personal\ZCode\.tmp\z1-native-1790264068639-fd284e\home\.zcode\v2\setting.json
[Z1 child] [2026-09-24 23:34:33.596] [pid:42140] [settingService] read result: {"recentProjects":[],"locale":"zh-CN","localePreference":"en-US","terminalInheritSystemProfile":true,"embeddedBrowserAllowInsecureCertificates":false,"embeddedBrowserViewportPreference":{"mode":"normal","viewport":{"width":393,"height":852},"zoom":"fit"},"computerUseComposerEntryHidden":true,"taskAutoArchiveEnabled":false,"taskAutoArchiveOlderThanDays":7,"closeToTrayOnWindows":false,"closeToTrayOnWindowsMigrationInitialized":true,"keepAwakeWhileRunning":false,"desktopChromiumHardwareAccelerationEnabled":true,"messageStreamShowReasoning":true,"messageStreamShowReasoningMigrationInitialized":true,"messageStreamShowTodos":false,"toolGroupingExploreEnabled":true,"toolGroupingTerminalEnabled":true,"toolGroupingChangesEnabled":false,"zcodeInteractionBehavior":"queue","askUserQuestionAutoResolutionEnabled":false,"modelIoFullRetentionEnabled":false,"startPlanRecommendationDismissed":false,"providerFamilyConnectionSelections":{},"providerFamilyDomain":"zai","providerFamilyDomainUpdatedAt":1790264072876,"providerFamilyDomainMigrated":true,"nativeSearchEnhancementsEnabled":true,"memoryEnabled":false,"lastWorkspaceSession":[{"kind":"local","workspacePath":"C:\\Users\\USER\\Desktop\\Personal\\ZCode\\.tmp\\z1-native-1790264068639-fd284e\\workspace","workspacePurpose":"project"},{"kind":"local","workspacePath":"C:\\Users\\USER\\Desktop\\Personal\\ZCode\\.tmp\\z1-native-1790264068639-fd284e\\data\\.zcode\\workspace\\default","workspacePurpose":"conversation"}],"lastActiveTabIndex":0,"receivePreviewUpdates":false,"autoDownloadAndInstallUpdates":false,"skippedElectronUpdateVersions":{},"settingsSyncFirstRunPromptHandled":true}
[Z1 child] [2026-09-24 23:34:33.596] [pid:42140] [zcode-host] [rpc:call] graphEngineering.getWorkspace OK (3.4ms)
[2026-09-24 23:34:33.596] [pid:4656] [main] [host-log] (local-1) [host] [2026-09-24 23:34:33.596] [pid:42140] [zcode-host] [rpc:call] graphEngineering.getWorkspace OK (3.4ms)
[Z1 child] [2026-09-24 23:34:33.605] [pid:42140] [settingService] reading settings from: C:\Users\USER\Desktop\Personal\ZCode\.tmp\z1-native-1790264068639-fd284e\home\.zcode\v2\setting.json
[Z1 child] [2026-09-24 23:34:33.606] [pid:42140] [settingService] read result: {"recentProjects":[],"locale":"zh-CN","localePreference":"en-US","terminalInheritSystemProfile":true,"embeddedBrowserAllowInsecureCertificates":false,"embeddedBrowserViewportPreference":{"mode":"normal","viewport":{"width":393,"height":852},"zoom":"fit"},"computerUseComposerEntryHidden":true,"taskAutoArchiveEnabled":false,"taskAutoArchiveOlderThanDays":7,"closeToTrayOnWindows":false,"closeToTrayOnWindowsMigrationInitialized":true,"keepAwakeWhileRunning":false,"desktopChromiumHardwareAccelerationEnabled":true,"messageStreamShowReasoning":true,"messageStreamShowReasoningMigrationInitialized":true,"messageStreamShowTodos":false,"toolGroupingExploreEnabled":true,"toolGroupingTerminalEnabled":true,"toolGroupingChangesEnabled":false,"zcodeInteractionBehavior":"queue","askUserQuestionAutoResolutionEnabled":false,"modelIoFullRetentionEnabled":false,"startPlanRecommendationDismissed":false,"providerFamilyConnectionSelections":{},"providerFamilyDomain":"zai","providerFamilyDomainUpdatedAt":1790264072876,"providerFamilyDomainMigrated":true,"nativeSearchEnhancementsEnabled":true,"memoryEnabled":false,"lastWorkspaceSession":[{"kind":"local","workspacePath":"C:\\Users\\USER\\Desktop\\Personal\\ZCode\\.tmp\\z1-native-1790264068639-fd284e\\workspace","workspacePurpose":"project"},{"kind":"local","workspacePath":"C:\\Users\\USER\\Desktop\\Personal\\ZCode\\.tmp\\z1-native-1790264068639-fd284e\\data\\.zcode\\workspace\\default","workspacePurpose":"conversation"}],"lastActiveTabIndex":0,"receivePreviewUpdates":false,"autoDownloadAndInstallUpdates":false,"skippedElectronUpdateVersions":{},"settingsSyncFirstRunPromptHandled":true}
[2026-09-24 23:34:33.606] [pid:42140] [zcode-host] [rpc:call] setting.get OK (0.5ms)
[2026-09-24 23:34:33.605] [pid:4656] [main] [host-log] (local-1) [host] [2026-09-24 23:34:33.606] [pid:42140] [zcode-host] [rpc:call] setting.get OK (0.5ms)
[Z1 child] [2026-09-24 23:34:33.611] [pid:42140] [zcode-host] [rpc:listen] model-selection.onDidChange subscribed
[2026-09-24 23:34:33.611] [pid:4656] [main] [host-log] (local-1) [host] [2026-09-24 23:34:33.611] [pid:42140] [zcode-host] [rpc:listen] model-selection.onDidChange subscribed
[Z1 child] [2026-09-24 23:34:33.612] [pid:42140] [zcode-host] [rpc:call] graphEngineering.validateDefinition OK (0.7ms)
[2026-09-24 23:34:33.612] [pid:4656] [main] [host-log] (local-1) [host] [2026-09-24 23:34:33.612] [pid:42140] [zcode-host] [rpc:call] graphEngineering.validateDefinition OK (0.7ms)
[Z1 child] [2026-09-24 23:34:33.613] [pid:42140] [zcode-host] [rpc:call] model-selection.getView OK (1.2ms)
[2026-09-24 23:34:33.613] [pid:4656] [main] [host-log] (local-1) [host] [2026-09-24 23:34:33.613] [pid:42140] [zcode-host] [rpc:call] model-selection.getView OK (1.2ms)
[2026-09-24 23:34:33.652] [pid:4656] [main] [stability] perf_app_start reported
[Z1 child] [2026-09-24 23:34:33.673] [pid:42140] [settingService] reading settings from: C:\Users\USER\Desktop\Personal\ZCode\.tmp\z1-native-1790264068639-fd284e\home\.zcode\v2\setting.json
[2026-09-24 23:34:33.673] [pid:4656] [main] [host-log] (local-1) [host] [2026-09-24 23:34:33.673] [pid:42140] [zcode-host] [rpc:listen] model-selection.onDidChange subscribed
[Z1 child] [2026-09-24 23:34:33.673] [pid:42140] [zcode-host] [rpc:listen] model-selection.onDidChange subscribed
[Z1 child] [2026-09-24 23:34:33.675] [pid:42140] [zcode-host] [rpc:call] graphEngineering.validateDefinition OK (1.6ms)
[2026-09-24 23:34:33.675] [pid:4656] [main] [host-log] (local-1) [host] [2026-09-24 23:34:33.675] [pid:42140] [zcode-host] [rpc:call] graphEngineering.validateDefinition OK (1.6ms)
[2026-09-24 23:34:33.675] [pid:4656] [main] [host-log] (local-1) [host] [2026-09-24 23:34:33.675] [pid:42140] [zcode-host] [rpc:call] setting.get OK (2.3ms)
[2026-09-24 23:34:33.676] [pid:4656] [main] [host-log] (local-1) [host] [2026-09-24 23:34:33.675] [pid:42140] [zcode-host] [rpc:call] model-selection.getView OK (2.2ms)
[Z1 child] [2026-09-24 23:34:33.675] [pid:42140] [settingService] read result: {"recentProjects":[],"locale":"zh-CN","localePreference":"en-US","terminalInheritSystemProfile":true,"embeddedBrowserAllowInsecureCertificates":false,"embeddedBrowserViewportPreference":{"mode":"normal","viewport":{"width":393,"height":852},"zoom":"fit"},"computerUseComposerEntryHidden":true,"taskAutoArchiveEnabled":false,"taskAutoArchiveOlderThanDays":7,"closeToTrayOnWindows":false,"closeToTrayOnWindowsMigrationInitialized":true,"keepAwakeWhileRunning":false,"desktopChromiumHardwareAccelerationEnabled":true,"messageStreamShowReasoning":true,"messageStreamShowReasoningMigrationInitialized":true,"messageStreamShowTodos":false,"toolGroupingExploreEnabled":true,"toolGroupingTerminalEnabled":true,"toolGroupingChangesEnabled":false,"zcodeInteractionBehavior":"queue","askUserQuestionAutoResolutionEnabled":false,"modelIoFullRetentionEnabled":false,"startPlanRecommendationDismissed":false,"providerFamilyConnectionSelections":{},"providerFamilyDomain":"zai","providerFamilyDomainUpdatedAt":1790264072876,"providerFamilyDomainMigrated":true,"nativeSearchEnhancementsEnabled":true,"memoryEnabled":false,"lastWorkspaceSession":[{"kind":"local","workspacePath":"C:\\Users\\USER\\Desktop\\Personal\\ZCode\\.tmp\\z1-native-1790264068639-fd284e\\workspace","workspacePurpose":"project"},{"kind":"local","workspacePath":"C:\\Users\\USER\\Desktop\\Personal\\ZCode\\.tmp\\z1-native-1790264068639-fd284e\\data\\.zcode\\workspace\\default","workspacePurpose":"conversation"}],"lastActiveTabIndex":0,"receivePreviewUpdates":false,"autoDownloadAndInstallUpdates":false,"skippedElectronUpdateVersions":{},"settingsSyncFirstRunPromptHandled":true}
[2026-09-24 23:34:33.675] [pid:42140] [zcode-host] [rpc:call] setting.get OK (2.3ms)
[2026-09-24 23:34:33.675] [pid:42140] [zcode-host] [rpc:call] model-selection.getView OK (2.2ms)
[Z1 child] [2026-09-24 23:34:33.712] [pid:42140] [zcode-host] [rpc:call] graphEngineering.validateDefinition OK (0.7ms)
[2026-09-24 23:34:33.712] [pid:4656] [main] [host-log] (local-1) [host] [2026-09-24 23:34:33.712] [pid:42140] [zcode-host] [rpc:call] graphEngineering.validateDefinition OK (0.7ms)
[Z1 child] [2026-09-24 23:34:33.748] [pid:42140] [zcode-host] [rpc:call] graphEngineering.recipes OK (1.1ms)
[2026-09-24 23:34:33.748] [pid:4656] [main] [host-log] (local-1) [host] [2026-09-24 23:34:33.748] [pid:42140] [zcode-host] [rpc:call] graphEngineering.recipes OK (1.1ms)
[Z1 child] [2026-09-24 23:34:33.754] [pid:42140] [settingService] reading settings from: C:\Users\USER\Desktop\Personal\ZCode\.tmp\z1-native-1790264068639-fd284e\home\.zcode\v2\setting.json
[Z1 child] [2026-09-24 23:34:33.754] [pid:42140] [settingService] read result: {"recentProjects":[],"locale":"zh-CN","localePreference":"en-US","terminalInheritSystemProfile":true,"embeddedBrowserAllowInsecureCertificates":false,"embeddedBrowserViewportPreference":{"mode":"normal","viewport":{"width":393,"height":852},"zoom":"fit"},"computerUseComposerEntryHidden":true,"taskAutoArchiveEnabled":false,"taskAutoArchiveOlderThanDays":7,"closeToTrayOnWindows":false,"closeToTrayOnWindowsMigrationInitialized":true,"keepAwakeWhileRunning":false,"desktopChromiumHardwareAccelerationEnabled":true,"messageStreamShowReasoning":true,"messageStreamShowReasoningMigrationInitialized":true,"messageStreamShowTodos":false,"toolGroupingExploreEnabled":true,"toolGroupingTerminalEnabled":true,"toolGroupingChangesEnabled":false,"zcodeInteractionBehavior":"queue","askUserQuestionAutoResolutionEnabled":false,"modelIoFullRetentionEnabled":false,"startPlanRecommendationDismissed":false,"providerFamilyConnectionSelections":{},"providerFamilyDomain":"zai","providerFamilyDomainUpdatedAt":1790264072876,"providerFamilyDomainMigrated":true,"nativeSearchEnhancementsEnabled":true,"memoryEnabled":false,"lastWorkspaceSession":[{"kind":"local","workspacePath":"C:\\Users\\USER\\Desktop\\Personal\\ZCode\\.tmp\\z1-native-1790264068639-fd284e\\workspace","workspacePurpose":"project"},{"kind":"local","workspacePath":"C:\\Users\\USER\\Desktop\\Personal\\ZCode\\.tmp\\z1-native-1790264068639-fd284e\\data\\.zcode\\workspace\\default","workspacePurpose":"conversation"}],"lastActiveTabIndex":0,"receivePreviewUpdates":false,"autoDownloadAndInstallUpdates":false,"skippedElectronUpdateVersions":{},"settingsSyncFirstRunPromptHandled":true}
[Z1 child] [2026-09-24 23:34:33.755] [pid:42140] [zcode-host] [rpc:call] graphEngineering.getWorkspace OK (1.0ms)
[2026-09-24 23:34:33.755] [pid:4656] [main] [host-log] (local-1) [host] [2026-09-24 23:34:33.755] [pid:42140] [zcode-host] [rpc:call] graphEngineering.getWorkspace OK (1.0ms)
[Z1 child] [2026-09-24 23:34:33.839] [pid:42140] [zcode-host] [rpc:call] graphEngineering.recipes OK (15.7ms)
[2026-09-24 23:34:33.839] [pid:4656] [main] [host-log] (local-1) [host] [2026-09-24 23:34:33.839] [pid:42140] [zcode-host] [rpc:call] graphEngineering.recipes OK (15.7ms)
[Z1 child] [2026-09-24 23:34:33.840] [pid:42140] [settingService] reading settings from: C:\Users\USER\Desktop\Personal\ZCode\.tmp\z1-native-1790264068639-fd284e\home\.zcode\v2\setting.json
[2026-09-24 23:34:33.840] [pid:42140] [settingService] read result: {"recentProjects":[],"locale":"zh-CN","localePreference":"en-US","terminalInheritSystemProfile":true,"embeddedBrowserAllowInsecureCertificates":false,"embeddedBrowserViewportPreference":{"mode":"normal","viewport":{"width":393,"height":852},"zoom":"fit"},"computerUseComposerEntryHidden":true,"taskAutoArchiveEnabled":false,"taskAutoArchiveOlderThanDays":7,"closeToTrayOnWindows":false,"closeToTrayOnWindowsMigrationInitialized":true,"keepAwakeWhileRunning":false,"desktopChromiumHardwareAccelerationEnabled":true,"messageStreamShowReasoning":true,"messageStreamShowReasoningMigrationInitialized":true,"messageStreamShowTodos":false,"toolGroupingExploreEnabled":true,"toolGroupingTerminalEnabled":true,"toolGroupingChangesEnabled":false,"zcodeInteractionBehavior":"queue","askUserQuestionAutoResolutionEnabled":false,"modelIoFullRetentionEnabled":false,"startPlanRecommendationDismissed":false,"providerFamilyConnectionSelections":{},"providerFamilyDomain":"zai","providerFamilyDomainUpdatedAt":1790264072876,"providerFamilyDomainMigrated":true,"nativeSearchEnhancementsEnabled":true,"memoryEnabled":false,"lastWorkspaceSession":[{"kind":"local","workspacePath":"C:\\Users\\USER\\Desktop\\Personal\\ZCode\\.tmp\\z1-native-1790264068639-fd284e\\workspace","workspacePurpose":"project"},{"kind":"local","workspacePath":"C:\\Users\\USER\\Desktop\\Personal\\ZCode\\.tmp\\z1-native-1790264068639-fd284e\\data\\.zcode\\workspace\\default","workspacePurpose":"conversation"}],"lastActiveTabIndex":0,"receivePreviewUpdates":false,"autoDownloadAndInstallUpdates":false,"skippedElectronUpdateVersions":{},"settingsSyncFirstRunPromptHandled":true}
[Z1 child] [2026-09-24 23:34:33.841] [pid:42140] [zcode-host] [rpc:call] graphEngineering.getWorkspace OK (0.9ms)
[2026-09-24 23:34:33.840] [pid:4656] [main] [host-log] (local-1) [host] [2026-09-24 23:34:33.841] [pid:42140] [zcode-host] [rpc:call] graphEngineering.getWorkspace OK (0.9ms)
[Z1 child] [2026-09-24 23:34:33.896] [pid:42140] [zcode-host] [rpc:call] graphWorkflow.list OK (1.1ms)
[2026-09-24 23:34:33.895] [pid:4656] [main] [host-log] (local-1) [host] [2026-09-24 23:34:33.896] [pid:42140] [zcode-host] [rpc:call] graphWorkflow.list OK (1.1ms)
[Z1 child] [2026-09-24 23:34:34.206] [pid:42140] [zcode-host] [rpc:call] graphEngineering.recipes OK (5.5ms)
[2026-09-24 23:34:34.206] [pid:4656] [main] [host-log] (local-1) [host] [2026-09-24 23:34:34.206] [pid:42140] [zcode-host] [rpc:call] graphEngineering.recipes OK (5.5ms)
[Z1 child] [2026-09-24 23:34:34.211] [pid:42140] [settingService] reading settings from: C:\Users\USER\Desktop\Personal\ZCode\.tmp\z1-native-1790264068639-fd284e\home\.zcode\v2\setting.json
[Z1 child] [2026-09-24 23:34:34.212] [pid:42140] [settingService] read result: {"recentProjects":[],"locale":"zh-CN","localePreference":"en-US","terminalInheritSystemProfile":true,"embeddedBrowserAllowInsecureCertificates":false,"embeddedBrowserViewportPreference":{"mode":"normal","viewport":{"width":393,"height":852},"zoom":"fit"},"computerUseComposerEntryHidden":true,"taskAutoArchiveEnabled":false,"taskAutoArchiveOlderThanDays":7,"closeToTrayOnWindows":false,"closeToTrayOnWindowsMigrationInitialized":true,"keepAwakeWhileRunning":false,"desktopChromiumHardwareAccelerationEnabled":true,"messageStreamShowReasoning":true,"messageStreamShowReasoningMigrationInitialized":true,"messageStreamShowTodos":false,"toolGroupingExploreEnabled":true,"toolGroupingTerminalEnabled":true,"toolGroupingChangesEnabled":false,"zcodeInteractionBehavior":"queue","askUserQuestionAutoResolutionEnabled":false,"modelIoFullRetentionEnabled":false,"startPlanRecommendationDismissed":false,"providerFamilyConnectionSelections":{},"providerFamilyDomain":"zai","providerFamilyDomainUpdatedAt":1790264072876,"providerFamilyDomainMigrated":true,"nativeSearchEnhancementsEnabled":true,"memoryEnabled":false,"lastWorkspaceSession":[{"kind":"local","workspacePath":"C:\\Users\\USER\\Desktop\\Personal\\ZCode\\.tmp\\z1-native-1790264068639-fd284e\\workspace","workspacePurpose":"project"},{"kind":"local","workspacePath":"C:\\Users\\USER\\Desktop\\Personal\\ZCode\\.tmp\\z1-native-1790264068639-fd284e\\data\\.zcode\\workspace\\default","workspacePurpose":"conversation"}],"lastActiveTabIndex":0,"receivePreviewUpdates":false,"autoDownloadAndInstallUpdates":false,"skippedElectronUpdateVersions":{},"settingsSyncFirstRunPromptHandled":true}
[Z1 child] [2026-09-24 23:34:34.212] [pid:42140] [zcode-host] [rpc:call] graphEngineering.getWorkspace OK (1.0ms)
[2026-09-24 23:34:34.212] [pid:4656] [main] [host-log] (local-1) [host] [2026-09-24 23:34:34.212] [pid:42140] [zcode-host] [rpc:call] graphEngineering.getWorkspace OK (1.0ms)
[Z1 child] [2026-09-24 23:34:34.513] [pid:42140] [zcode-host] [rpc:call] graphWorkflow.instantiate OK (8.9ms)
[2026-09-24 23:34:34.513] [pid:4656] [main] [host-log] (local-1) [host] [2026-09-24 23:34:34.513] [pid:42140] [zcode-host] [rpc:call] graphWorkflow.instantiate OK (8.9ms)
[Z1 child] [2026-09-24 23:34:34.513] [pid:42140] [settingService] reading settings from: C:\Users\USER\Desktop\Personal\ZCode\.tmp\z1-native-1790264068639-fd284e\home\.zcode\v2\setting.json
[2026-09-24 23:34:34.514] [pid:42140] [settingService] read result: {"recentProjects":[],"locale":"zh-CN","localePreference":"en-US","terminalInheritSystemProfile":true,"embeddedBrowserAllowInsecureCertificates":false,"embeddedBrowserViewportPreference":{"mode":"normal","viewport":{"width":393,"height":852},"zoom":"fit"},"computerUseComposerEntryHidden":true,"taskAutoArchiveEnabled":false,"taskAutoArchiveOlderThanDays":7,"closeToTrayOnWindows":false,"closeToTrayOnWindowsMigrationInitialized":true,"keepAwakeWhileRunning":false,"desktopChromiumHardwareAccelerationEnabled":true,"messageStreamShowReasoning":true,"messageStreamShowReasoningMigrationInitialized":true,"messageStreamShowTodos":false,"toolGroupingExploreEnabled":true,"toolGroupingTerminalEnabled":true,"toolGroupingChangesEnabled":false,"zcodeInteractionBehavior":"queue","askUserQuestionAutoResolutionEnabled":false,"modelIoFullRetentionEnabled":false,"startPlanRecommendationDismissed":false,"providerFamilyConnectionSelections":{},"providerFamilyDomain":"zai","providerFamilyDomainUpdatedAt":1790264072876,"providerFamilyDomainMigrated":true,"nativeSearchEnhancementsEnabled":true,"memoryEnabled":false,"lastWorkspaceSession":[{"kind":"local","workspacePath":"C:\\Users\\USER\\Desktop\\Personal\\ZCode\\.tmp\\z1-native-1790264068639-fd284e\\workspace","workspacePurpose":"project"},{"kind":"local","workspacePath":"C:\\Users\\USER\\Desktop\\Personal\\ZCode\\.tmp\\z1-native-1790264068639-fd284e\\data\\.zcode\\workspace\\default","workspacePurpose":"conversation"}],"lastActiveTabIndex":0,"receivePreviewUpdates":false,"autoDownloadAndInstallUpdates":false,"skippedElectronUpdateVersions":{},"settingsSyncFirstRunPromptHandled":true}
[Z1 child] [2026-09-24 23:34:34.514] [pid:42140] [zcode-host] [rpc:call] graphEngineering.getWorkspace OK (1.0ms)
[2026-09-24 23:34:34.514] [pid:4656] [main] [host-log] (local-1) [host] [2026-09-24 23:34:34.514] [pid:42140] [zcode-host] [rpc:call] graphEngineering.getWorkspace OK (1.0ms)
[Z1 child] [2026-09-24 23:34:34.514] [pid:42140] [settingService] reading settings from: C:\Users\USER\Desktop\Personal\ZCode\.tmp\z1-native-1790264068639-fd284e\home\.zcode\v2\setting.json
[2026-09-24 23:34:34.515] [pid:42140] [settingService] read result: {"recentProjects":[],"locale":"zh-CN","localePreference":"en-US","terminalInheritSystemProfile":true,"embeddedBrowserAllowInsecureCertificates":false,"embeddedBrowserViewportPreference":{"mode":"normal","viewport":{"width":393,"height":852},"zoom":"fit"},"computerUseComposerEntryHidden":true,"taskAutoArchiveEnabled":false,"taskAutoArchiveOlderThanDays":7,"closeToTrayOnWindows":false,"closeToTrayOnWindowsMigrationInitialized":true,"keepAwakeWhileRunning":false,"desktopChromiumHardwareAccelerationEnabled":true,"messageStreamShowReasoning":true,"messageStreamShowReasoningMigrationInitialized":true,"messageStreamShowTodos":false,"toolGroupingExploreEnabled":true,"toolGroupingTerminalEnabled":true,"toolGroupingChangesEnabled":false,"zcodeInteractionBehavior":"queue","askUserQuestionAutoResolutionEnabled":false,"modelIoFullRetentionEnabled":false,"startPlanRecommendationDismissed":false,"providerFamilyConnectionSelections":{},"providerFamilyDomain":"zai","providerFamilyDomainUpdatedAt":1790264072876,"providerFamilyDomainMigrated":true,"nativeSearchEnhancementsEnabled":true,"memoryEnabled":false,"lastWorkspaceSession":[{"kind":"local","workspacePath":"C:\\Users\\USER\\Desktop\\Personal\\ZCode\\.tmp\\z1-native-1790264068639-fd284e\\workspace","workspacePurpose":"project"},{"kind":"local","workspacePath":"C:\\Users\\USER\\Desktop\\Personal\\ZCode\\.tmp\\z1-native-1790264068639-fd284e\\data\\.zcode\\workspace\\default","workspacePurpose":"conversation"}],"lastActiveTabIndex":0,"receivePreviewUpdates":false,"autoDownloadAndInstallUpdates":false,"skippedElectronUpdateVersions":{},"settingsSyncFirstRunPromptHandled":true}
[Z1 child] [2026-09-24 23:34:34.515] [pid:42140] [zcode-host] [rpc:call] graphEngineering.getWorkspace OK (1.5ms)
[2026-09-24 23:34:34.515] [pid:4656] [main] [host-log] (local-1) [host] [2026-09-24 23:34:34.515] [pid:42140] [zcode-host] [rpc:call] graphEngineering.getWorkspace OK (1.5ms)
[Z1 child] [2026-09-24 23:34:34.519] [pid:42140] [zcode-host] [rpc:call] graphEngineering.validateDefinition OK (0.1ms)
[2026-09-24 23:34:34.519] [pid:4656] [main] [host-log] (local-1) [host] [2026-09-24 23:34:34.519] [pid:42140] [zcode-host] [rpc:call] graphEngineering.validateDefinition OK (0.1ms)
[Z1 child] [2026-09-24 23:34:34.530] [pid:42140] [settingService] reading settings from: C:\Users\USER\Desktop\Personal\ZCode\.tmp\z1-native-1790264068639-fd284e\home\.zcode\v2\setting.json
[Z1 child] [2026-09-24 23:34:34.530] [pid:42140] [zcode-host] [rpc:listen] model-selection.onDidChange subscribed
[2026-09-24 23:34:34.530] [pid:4656] [main] [host-log] (local-1) [host] [2026-09-24 23:34:34.530] [pid:42140] [zcode-host] [rpc:listen] model-selection.onDidChange subscribed
[Z1 child] [2026-09-24 23:34:34.531] [pid:42140] [zcode-host] [rpc:call] graphEngineering.validateDefinition OK (0.5ms)
[2026-09-24 23:34:34.531] [pid:4656] [main] [host-log] (local-1) [host] [2026-09-24 23:34:34.531] [pid:42140] [zcode-host] [rpc:call] graphEngineering.validateDefinition OK (0.5ms)
[2026-09-24 23:34:34.531] [pid:4656] [main] [host-log] (local-1) [host] [2026-09-24 23:34:34.531] [pid:42140] [zcode-host] [rpc:call] setting.get OK (1.6ms)
[2026-09-24 23:34:34.532] [pid:4656] [main] [host-log] (local-1) [host] [2026-09-24 23:34:34.531] [pid:42140] [zcode-host] [rpc:call] model-selection.getView OK (1.5ms)
[Z1 child] [2026-09-24 23:34:34.531] [pid:42140] [settingService] read result: {"recentProjects":[],"locale":"zh-CN","localePreference":"en-US","terminalInheritSystemProfile":true,"embeddedBrowserAllowInsecureCertificates":false,"embeddedBrowserViewportPreference":{"mode":"normal","viewport":{"width":393,"height":852},"zoom":"fit"},"computerUseComposerEntryHidden":true,"taskAutoArchiveEnabled":false,"taskAutoArchiveOlderThanDays":7,"closeToTrayOnWindows":false,"closeToTrayOnWindowsMigrationInitialized":true,"keepAwakeWhileRunning":false,"desktopChromiumHardwareAccelerationEnabled":true,"messageStreamShowReasoning":true,"messageStreamShowReasoningMigrationInitialized":true,"messageStreamShowTodos":false,"toolGroupingExploreEnabled":true,"toolGroupingTerminalEnabled":true,"toolGroupingChangesEnabled":false,"zcodeInteractionBehavior":"queue","askUserQuestionAutoResolutionEnabled":false,"modelIoFullRetentionEnabled":false,"startPlanRecommendationDismissed":false,"providerFamilyConnectionSelections":{},"providerFamilyDomain":"zai","providerFamilyDomainUpdatedAt":1790264072876,"providerFamilyDomainMigrated":true,"nativeSearchEnhancementsEnabled":true,"memoryEnabled":false,"lastWorkspaceSession":[{"kind":"local","workspacePath":"C:\\Users\\USER\\Desktop\\Personal\\ZCode\\.tmp\\z1-native-1790264068639-fd284e\\workspace","workspacePurpose":"project"},{"kind":"local","workspacePath":"C:\\Users\\USER\\Desktop\\Personal\\ZCode\\.tmp\\z1-native-1790264068639-fd284e\\data\\.zcode\\workspace\\default","workspacePurpose":"conversation"}],"lastActiveTabIndex":0,"receivePreviewUpdates":false,"autoDownloadAndInstallUpdates":false,"skippedElectronUpdateVersions":{},"settingsSyncFirstRunPromptHandled":true}
[2026-09-24 23:34:34.531] [pid:42140] [zcode-host] [rpc:call] setting.get OK (1.6ms)
[2026-09-24 23:34:34.531] [pid:42140] [zcode-host] [rpc:call] model-selection.getView OK (1.5ms)
[Z1 child] [2026-09-24 23:34:34.739] [pid:42140] [zcode-host] [rpc:call] graphWorkflow.list OK (0.6ms)
[2026-09-24 23:34:34.739] [pid:4656] [main] [host-log] (local-1) [host] [2026-09-24 23:34:34.739] [pid:42140] [zcode-host] [rpc:call] graphWorkflow.list OK (0.6ms)
[2026-09-24 23:34:34.899] [pid:4656] [settingService] writing settings to: C:\Users\USER\Desktop\Personal\ZCode\.tmp\z1-native-1790264068639-fd284e\home\.zcode\v2\setting.json {"recentProjects":[],"locale":"zh-CN","localePreference":"en-US","terminalInheritSystemProfile":true,"embeddedBrowserAllowInsecureCertificates":false,"embeddedBrowserViewportPreference":{"mode":"normal","viewport":{"width":393,"height":852},"zoom":"fit"},"computerUseComposerEntryHidden":true,"taskAutoArchiveEnabled":false,"taskAutoArchiveOlderThanDays":7,"closeToTrayOnWindows":false,"closeToTrayOnWindowsMigrationInitialized":true,"keepAwakeWhileRunning":false,"desktopWindowSize":{"width":1600,"height":1000,"maximized":false},"desktopChromiumHardwareAccelerationEnabled":true,"messageStreamShowReasoning":true,"messageStreamShowReasoningMigrationInitialized":true,"messageStreamShowTodos":false,"toolGroupingExploreEnabled":true,"toolGroupingTerminalEnabled":true,"toolGroupingChangesEnabled":false,"zcodeInteractionBehavior":"queue","askUserQuestionAutoResolutionEnabled":false,"modelIoFullRetentionEnabled":false,"startPlanRecommendationDismissed":false,"providerFamilyConnectionSelections":{},"providerFamilyDomain":"zai","providerFamilyDomainUpdatedAt":1790264072876,"providerFamilyDomainMigrated":true,"nativeSearchEnhancementsEnabled":true,"memoryEnabled":false,"lastWorkspaceSession":[{"kind":"local","workspacePath":"C:\\Users\\USER\\Desktop\\Personal\\ZCode\\.tmp\\z1-native-1790264068639-fd284e\\workspace","workspacePurpose":"project"},{"kind":"local","workspacePath":"C:\\Users\\USER\\Desktop\\Personal\\ZCode\\.tmp\\z1-native-1790264068639-fd284e\\data\\.zcode\\workspace\\default","workspacePurpose":"conversation"}],"lastActiveTabIndex":0,"receivePreviewUpdates":false,"autoDownloadAndInstallUpdates":false,"skippedElectronUpdateVersions":{},"settingsSyncFirstRunPromptHandled":true}
[2026-09-24 23:34:34.903] [pid:4656] [settingService] write done
[Z1 child] [2026-09-24 23:34:34.958] [pid:42140] [zcode-host] [rpc:call] graphWorkflow.preview OK (0.9ms)
[2026-09-24 23:34:34.959] [pid:4656] [main] [host-log] (local-1) [host] [2026-09-24 23:34:34.958] [pid:42140] [zcode-host] [rpc:call] graphWorkflow.preview OK (0.9ms)
[Z1 child] [2026-09-24 23:34:35.007] [pid:42140] [zcode-host] [rpc:call] graphWorkflow.mutate OK (9.7ms)
[2026-09-24 23:34:35.007] [pid:4656] [main] [host-log] (local-1) [host] [2026-09-24 23:34:35.007] [pid:42140] [zcode-host] [rpc:call] graphWorkflow.mutate OK (9.7ms)
[Z1 child] [2026-09-24 23:34:35.145] [pid:42140] [zcode-host] [rpc:call] graphWorkflow.mutate OK (9.3ms)
[2026-09-24 23:34:35.145] [pid:4656] [main] [host-log] (local-1) [host] [2026-09-24 23:34:35.145] [pid:42140] [zcode-host] [rpc:call] graphWorkflow.mutate OK (9.3ms)
[Z1 child] [2026-09-24 23:34:35.241] [pid:42140] [zcode-host] [rpc:call] graphEngineering.recipes OK (3.8ms)
[2026-09-24 23:34:35.241] [pid:4656] [main] [host-log] (local-1) [host] [2026-09-24 23:34:35.241] [pid:42140] [zcode-host] [rpc:call] graphEngineering.recipes OK (3.8ms)
[Z1 child] [2026-09-24 23:34:35.248] [pid:42140] [settingService] reading settings from: C:\Users\USER\Desktop\Personal\ZCode\.tmp\z1-native-1790264068639-fd284e\home\.zcode\v2\setting.json
[Z1 child] [2026-09-24 23:34:35.249] [pid:42140] [settingService] read result: {"recentProjects":[],"locale":"zh-CN","localePreference":"en-US","terminalInheritSystemProfile":true,"embeddedBrowserAllowInsecureCertificates":false,"embeddedBrowserViewportPreference":{"mode":"normal","viewport":{"width":393,"height":852},"zoom":"fit"},"computerUseComposerEntryHidden":true,"taskAutoArchiveEnabled":false,"taskAutoArchiveOlderThanDays":7,"closeToTrayOnWindows":false,"closeToTrayOnWindowsMigrationInitialized":true,"keepAwakeWhileRunning":false,"desktopWindowSize":{"width":1600,"height":1000,"maximized":false},"desktopChromiumHardwareAccelerationEnabled":true,"messageStreamShowReasoning":true,"messageStreamShowReasoningMigrationInitialized":true,"messageStreamShowTodos":false,"toolGroupingExploreEnabled":true,"toolGroupingTerminalEnabled":true,"toolGroupingChangesEnabled":false,"zcodeInteractionBehavior":"queue","askUserQuestionAutoResolutionEnabled":false,"modelIoFullRetentionEnabled":false,"startPlanRecommendationDismissed":false,"providerFamilyConnectionSelections":{},"providerFamilyDomain":"zai","providerFamilyDomainUpdatedAt":1790264072876,"providerFamilyDomainMigrated":true,"nativeSearchEnhancementsEnabled":true,"memoryEnabled":false,"lastWorkspaceSession":[{"kind":"local","workspacePath":"C:\\Users\\USER\\Desktop\\Personal\\ZCode\\.tmp\\z1-native-1790264068639-fd284e\\workspace","workspacePurpose":"project"},{"kind":"local","workspacePath":"C:\\Users\\USER\\Desktop\\Personal\\ZCode\\.tmp\\z1-native-1790264068639-fd284e\\data\\.zcode\\workspace\\default","workspacePurpose":"conversation"}],"lastActiveTabIndex":0,"receivePreviewUpdates":false,"autoDownloadAndInstallUpdates":false,"skippedElectronUpdateVersions":{},"settingsSyncFirstRunPromptHandled":true}
[Z1 child] [2026-09-24 23:34:35.249] [pid:42140] [zcode-host] [rpc:call] graphEngineering.getWorkspace OK (1.3ms)
[2026-09-24 23:34:35.249] [pid:4656] [main] [host-log] (local-1) [host] [2026-09-24 23:34:35.249] [pid:42140] [zcode-host] [rpc:call] graphEngineering.getWorkspace OK (1.3ms)
[Z1 child] [2026-09-24 23:34:35.332] [pid:42140] [zcode-host] [rpc:call] graphWorkflow.instantiate OK (4.2ms)
[2026-09-24 23:34:35.333] [pid:4656] [main] [host-log] (local-1) [host] [2026-09-24 23:34:35.332] [pid:42140] [zcode-host] [rpc:call] graphWorkflow.instantiate OK (4.2ms)
[2026-09-24 23:34:35.334] [pid:4656] [main] [host-log] (local-1) [host] [2026-09-24 23:34:35.334] [pid:42140] [zcode-host] [rpc:call] graphEngineering.getWorkspace OK (1.1ms)
[Z1 child] [2026-09-24 23:34:35.333] [pid:42140] [settingService] reading settings from: C:\Users\USER\Desktop\Personal\ZCode\.tmp\z1-native-1790264068639-fd284e\home\.zcode\v2\setting.json
[2026-09-24 23:34:35.333] [pid:42140] [settingService] read result: {"recentProjects":[],"locale":"zh-CN","localePreference":"en-US","terminalInheritSystemProfile":true,"embeddedBrowserAllowInsecureCertificates":false,"embeddedBrowserViewportPreference":{"mode":"normal","viewport":{"width":393,"height":852},"zoom":"fit"},"computerUseComposerEntryHidden":true,"taskAutoArchiveEnabled":false,"taskAutoArchiveOlderThanDays":7,"closeToTrayOnWindows":false,"closeToTrayOnWindowsMigrationInitialized":true,"keepAwakeWhileRunning":false,"desktopWindowSize":{"width":1600,"height":1000,"maximized":false},"desktopChromiumHardwareAccelerationEnabled":true,"messageStreamShowReasoning":true,"messageStreamShowReasoningMigrationInitialized":true,"messageStreamShowTodos":false,"toolGroupingExploreEnabled":true,"toolGroupingTerminalEnabled":true,"toolGroupingChangesEnabled":false,"zcodeInteractionBehavior":"queue","askUserQuestionAutoResolutionEnabled":false,"modelIoFullRetentionEnabled":false,"startPlanRecommendationDismissed":false,"providerFamilyConnectionSelections":{},"providerFamilyDomain":"zai","providerFamilyDomainUpdatedAt":1790264072876,"providerFamilyDomainMigrated":true,"nativeSearchEnhancementsEnabled":true,"memoryEnabled":false,"lastWorkspaceSession":[{"kind":"local","workspacePath":"C:\\Users\\USER\\Desktop\\Personal\\ZCode\\.tmp\\z1-native-1790264068639-fd284e\\workspace","workspacePurpose":"project"},{"kind":"local","workspacePath":"C:\\Users\\USER\\Desktop\\Personal\\ZCode\\.tmp\\z1-native-1790264068639-fd284e\\data\\.zcode\\workspace\\default","workspacePurpose":"conversation"}],"lastActiveTabIndex":0,"receivePreviewUpdates":false,"autoDownloadAndInstallUpdates":false,"skippedElectronUpdateVersions":{},"settingsSyncFirstRunPromptHandled":true}
[2026-09-24 23:34:35.334] [pid:42140] [zcode-host] [rpc:call] graphEngineering.getWorkspace OK (1.1ms)
[2026-09-24 23:34:35.334] [pid:42140] [settingService] reading settings from: C:\Users\USER\Desktop\Personal\ZCode\.tmp\z1-native-1790264068639-fd284e\home\.zcode\v2\setting.json
[2026-09-24 23:34:35.334] [pid:42140] [settingService] read result: {"recentProjects":[],"locale":"zh-CN","localePreference":"en-US","terminalInheritSystemProfile":true,"embeddedBrowserAllowInsecureCertificates":false,"embeddedBrowserViewportPreference":{"mode":"normal","viewport":{"width":393,"height":852},"zoom":"fit"},"computerUseComposerEntryHidden":true,"taskAutoArchiveEnabled":false,"taskAutoArchiveOlderThanDays":7,"closeToTrayOnWindows":false,"closeToTrayOnWindowsMigrationInitialized":true,"keepAwakeWhileRunning":false,"desktopWindowSize":{"width":1600,"height":1000,"maximized":false},"desktopChromiumHardwareAccelerationEnabled":true,"messageStreamShowReasoning":true,"messageStreamShowReasoningMigrationInitialized":true,"messageStreamShowTodos":false,"toolGroupingExploreEnabled":true,"toolGroupingTerminalEnabled":true,"toolGroupingChangesEnabled":false,"zcodeInteractionBehavior":"queue","askUserQuestionAutoResolutionEnabled":false,"modelIoFullRetentionEnabled":false,"startPlanRecommendationDismissed":false,"providerFamilyConnectionSelections":{},"providerFamilyDomain":"zai","providerFamilyDomainUpdatedAt":1790264072876,"providerFamilyDomainMigrated":true,"nativeSearchEnhancementsEnabled":true,"memoryEnabled":false,"lastWorkspaceSession":[{"kind":"local","workspacePath":"C:\\Users\\USER\\Desktop\\Personal\\ZCode\\.tmp\\z1-native-1790264068639-fd284e\\workspace","workspacePurpose":"project"},{"kind":"local","workspacePath":"C:\\Users\\USER\\Desktop\\Personal\\ZCode\\.tmp\\z1-native-1790264068639-fd284e\\data\\.zcode\\workspace\\default","workspacePurpose":"conversation"}],"lastActiveTabIndex":0,"receivePreviewUpdates":false,"autoDownloadAndInstallUpdates":false,"skippedElectronUpdateVersions":{},"settingsSyncFirstRunPromptHandled":true}
[2026-09-24 23:34:35.335] [pid:42140] [zcode-host] [rpc:call] graphEngineering.getWorkspace OK (1.8ms)
[2026-09-24 23:34:35.335] [pid:4656] [main] [host-log] (local-1) [host] [2026-09-24 23:34:35.335] [pid:42140] [zcode-host] [rpc:call] graphEngineering.getWorkspace OK (1.8ms)
[Z1 child] [2026-09-24 23:34:35.339] [pid:42140] [zcode-host] [rpc:call] graphEngineering.validateDefinition OK (0.2ms)
[2026-09-24 23:34:35.339] [pid:4656] [main] [host-log] (local-1) [host] [2026-09-24 23:34:35.339] [pid:42140] [zcode-host] [rpc:call] graphEngineering.validateDefinition OK (0.2ms)
[Z1 child] [2026-09-24 23:34:35.348] [pid:42140] [zcode-host] [rpc:call] graphEngineering.validateDefinition OK (0.2ms)
[2026-09-24 23:34:35.348] [pid:4656] [main] [host-log] (local-1) [host] [2026-09-24 23:34:35.348] [pid:42140] [zcode-host] [rpc:call] graphEngineering.validateDefinition OK (0.2ms)
[Z1 child] [2026-09-24 23:34:35.456] [pid:42140] [zcode-host] [rpc:call] graphWorkflow.list OK (0.9ms)
[2026-09-24 23:34:35.456] [pid:4656] [main] [host-log] (local-1) [host] [2026-09-24 23:34:35.456] [pid:42140] [zcode-host] [rpc:call] graphWorkflow.list OK (0.9ms)
[Z1 child] [2026-09-24 23:34:35.695] [pid:42140] [zcode-host] [rpc:call] graphWorkflow.preview OK (1.4ms)
[2026-09-24 23:34:35.695] [pid:4656] [main] [host-log] (local-1) [host] [2026-09-24 23:34:35.695] [pid:42140] [zcode-host] [rpc:call] graphWorkflow.preview OK (1.4ms)
[Z1 child] [2026-09-24 23:34:35.959] [pid:42140] [zcode-host] [rpc:call] graphWorkflow.preview OK (0.6ms)
[2026-09-24 23:34:35.959] [pid:4656] [main] [host-log] (local-1) [host] [2026-09-24 23:34:35.959] [pid:42140] [zcode-host] [rpc:call] graphWorkflow.preview OK (0.6ms)
[Z1 child] [2026-09-24 23:34:36.006] [pid:42140] [zcode-host] [rpc:call] graphWorkflow.mutate OK (8.8ms)
[2026-09-24 23:34:36.006] [pid:4656] [main] [host-log] (local-1) [host] [2026-09-24 23:34:36.006] [pid:42140] [zcode-host] [rpc:call] graphWorkflow.mutate OK (8.8ms)
[Z1 child] [2026-09-24 23:34:36.396] [pid:42140] [zcode-host] [rpc:call] graphEngineering.validateDefinition OK (0.5ms)
[2026-09-24 23:34:36.396] [pid:4656] [main] [host-log] (local-1) [host] [2026-09-24 23:34:36.396] [pid:42140] [zcode-host] [rpc:call] graphEngineering.validateDefinition OK (0.5ms)
[Z1 child] [2026-09-24 23:34:36.427] [pid:42140] [zcode-host] [rpc:call] graphWorkflow.list OK (2.0ms)
[2026-09-24 23:34:36.427] [pid:4656] [main] [host-log] (local-1) [host] [2026-09-24 23:34:36.427] [pid:42140] [zcode-host] [rpc:call] graphWorkflow.list OK (2.0ms)
[Z1 child] [2026-09-24 23:34:36.691] [pid:42140] [zcode-host] [rpc:call] graphWorkflow.preview OK (0.1ms)
[2026-09-24 23:34:36.691] [pid:4656] [main] [host-log] (local-1) [host] [2026-09-24 23:34:36.691] [pid:42140] [zcode-host] [rpc:call] graphWorkflow.preview OK (0.1ms)
[Z1 child] [2026-09-24 23:34:36.934] [pid:42140] [zcode-host] [rpc:call] graphWorkflow.preview OK (0.5ms)
[2026-09-24 23:34:36.934] [pid:4656] [main] [host-log] (local-1) [host] [2026-09-24 23:34:36.934] [pid:42140] [zcode-host] [rpc:call] graphWorkflow.preview OK (0.5ms)
[Z1 child] [2026-09-24 23:34:37.032] [pid:42140] [zcode-host] [rpc:call] graphWorkflow.preview OK (0.4ms)
[2026-09-24 23:34:37.032] [pid:4656] [main] [host-log] (local-1) [host] [2026-09-24 23:34:37.032] [pid:42140] [zcode-host] [rpc:call] graphWorkflow.preview OK (0.4ms)
[Z1 child] [2026-09-24 23:34:37.138] [pid:42140] [zcode-host] [rpc:call] graphWorkflow.preview OK (0.4ms)
[2026-09-24 23:34:37.138] [pid:4656] [main] [host-log] (local-1) [host] [2026-09-24 23:34:37.138] [pid:42140] [zcode-host] [rpc:call] graphWorkflow.preview OK (0.4ms)
[Z1 child] [2026-09-24 23:34:37.333] [pid:42140] [zcode-host] [rpc:call] graphWorkflow.list OK (1.1ms)
[2026-09-24 23:34:37.333] [pid:4656] [main] [host-log] (local-1) [host] [2026-09-24 23:34:37.333] [pid:42140] [zcode-host] [rpc:call] graphWorkflow.list OK (1.1ms)
[Z1 child] [2026-09-24 23:34:37.579] [pid:42140] [zcode-host] [rpc:call] graphEngineering.recipes OK (3.5ms)
[2026-09-24 23:34:37.579] [pid:4656] [main] [host-log] (local-1) [host] [2026-09-24 23:34:37.579] [pid:42140] [zcode-host] [rpc:call] graphEngineering.recipes OK (3.5ms)
[Z1 child] [2026-09-24 23:34:37.586] [pid:42140] [settingService] reading settings from: C:\Users\USER\Desktop\Personal\ZCode\.tmp\z1-native-1790264068639-fd284e\home\.zcode\v2\setting.json
[Z1 child] [2026-09-24 23:34:37.587] [pid:42140] [settingService] read result: {"recentProjects":[],"locale":"zh-CN","localePreference":"en-US","terminalInheritSystemProfile":true,"embeddedBrowserAllowInsecureCertificates":false,"embeddedBrowserViewportPreference":{"mode":"normal","viewport":{"width":393,"height":852},"zoom":"fit"},"computerUseComposerEntryHidden":true,"taskAutoArchiveEnabled":false,"taskAutoArchiveOlderThanDays":7,"closeToTrayOnWindows":false,"closeToTrayOnWindowsMigrationInitialized":true,"keepAwakeWhileRunning":false,"desktopWindowSize":{"width":1600,"height":1000,"maximized":false},"desktopChromiumHardwareAccelerationEnabled":true,"messageStreamShowReasoning":true,"messageStreamShowReasoningMigrationInitialized":true,"messageStreamShowTodos":false,"toolGroupingExploreEnabled":true,"toolGroupingTerminalEnabled":true,"toolGroupingChangesEnabled":false,"zcodeInteractionBehavior":"queue","askUserQuestionAutoResolutionEnabled":false,"modelIoFullRetentionEnabled":false,"startPlanRecommendationDismissed":false,"providerFamilyConnectionSelections":{},"providerFamilyDomain":"zai","providerFamilyDomainUpdatedAt":1790264072876,"providerFamilyDomainMigrated":true,"nativeSearchEnhancementsEnabled":true,"memoryEnabled":false,"lastWorkspaceSession":[{"kind":"local","workspacePath":"C:\\Users\\USER\\Desktop\\Personal\\ZCode\\.tmp\\z1-native-1790264068639-fd284e\\workspace","workspacePurpose":"project"},{"kind":"local","workspacePath":"C:\\Users\\USER\\Desktop\\Personal\\ZCode\\.tmp\\z1-native-1790264068639-fd284e\\data\\.zcode\\workspace\\default","workspacePurpose":"conversation"}],"lastActiveTabIndex":0,"receivePreviewUpdates":false,"autoDownloadAndInstallUpdates":false,"skippedElectronUpdateVersions":{},"settingsSyncFirstRunPromptHandled":true}
[Z1 child] [2026-09-24 23:34:37.587] [pid:42140] [zcode-host] [rpc:call] graphEngineering.getWorkspace OK (0.9ms)
[2026-09-24 23:34:37.587] [pid:4656] [main] [host-log] (local-1) [host] [2026-09-24 23:34:37.587] [pid:42140] [zcode-host] [rpc:call] graphEngineering.getWorkspace OK (0.9ms)
[Z1 child] [2026-09-24 23:34:37.742] [pid:42140] [zcode-host] [rpc:call] graphWorkflow.instantiate OK (3.6ms)
[2026-09-24 23:34:37.742] [pid:4656] [main] [host-log] (local-1) [host] [2026-09-24 23:34:37.742] [pid:42140] [zcode-host] [rpc:call] graphWorkflow.instantiate OK (3.6ms)
[Z1 child] [2026-09-24 23:34:37.743] [pid:42140] [settingService] reading settings from: C:\Users\USER\Desktop\Personal\ZCode\.tmp\z1-native-1790264068639-fd284e\home\.zcode\v2\setting.json
[2026-09-24 23:34:37.743] [pid:42140] [settingService] read result: {"recentProjects":[],"locale":"zh-CN","localePreference":"en-US","terminalInheritSystemProfile":true,"embeddedBrowserAllowInsecureCertificates":false,"embeddedBrowserViewportPreference":{"mode":"normal","viewport":{"width":393,"height":852},"zoom":"fit"},"computerUseComposerEntryHidden":true,"taskAutoArchiveEnabled":false,"taskAutoArchiveOlderThanDays":7,"closeToTrayOnWindows":false,"closeToTrayOnWindowsMigrationInitialized":true,"keepAwakeWhileRunning":false,"desktopWindowSize":{"width":1600,"height":1000,"maximized":false},"desktopChromiumHardwareAccelerationEnabled":true,"messageStreamShowReasoning":true,"messageStreamShowReasoningMigrationInitialized":true,"messageStreamShowTodos":false,"toolGroupingExploreEnabled":true,"toolGroupingTerminalEnabled":true,"toolGroupingChangesEnabled":false,"zcodeInteractionBehavior":"queue","askUserQuestionAutoResolutionEnabled":false,"modelIoFullRetentionEnabled":false,"startPlanRecommendationDismissed":false,"providerFamilyConnectionSelections":{},"providerFamilyDomain":"zai","providerFamilyDomainUpdatedAt":1790264072876,"providerFamilyDomainMigrated":true,"nativeSearchEnhancementsEnabled":true,"memoryEnabled":false,"lastWorkspaceSession":[{"kind":"local","workspacePath":"C:\\Users\\USER\\Desktop\\Personal\\ZCode\\.tmp\\z1-native-1790264068639-fd284e\\workspace","workspacePurpose":"project"},{"kind":"local","workspacePath":"C:\\Users\\USER\\Desktop\\Personal\\ZCode\\.tmp\\z1-native-1790264068639-fd284e\\data\\.zcode\\workspace\\default","workspacePurpose":"conversation"}],"lastActiveTabIndex":0,"receivePreviewUpdates":false,"autoDownloadAndInstallUpdates":false,"skippedElectronUpdateVersions":{},"settingsSyncFirstRunPromptHandled":true}
[Z1 child] [2026-09-24 23:34:37.744] [pid:42140] [zcode-host] [rpc:call] graphEngineering.getWorkspace OK (1.0ms)
[2026-09-24 23:34:37.743] [pid:4656] [main] [host-log] (local-1) [host] [2026-09-24 23:34:37.744] [pid:42140] [zcode-host] [rpc:call] graphEngineering.getWorkspace OK (1.0ms)
[Z1 child] [2026-09-24 23:34:37.744] [pid:42140] [settingService] reading settings from: C:\Users\USER\Desktop\Personal\ZCode\.tmp\z1-native-1790264068639-fd284e\home\.zcode\v2\setting.json
[2026-09-24 23:34:37.744] [pid:42140] [settingService] read result: {"recentProjects":[],"locale":"zh-CN","localePreference":"en-US","terminalInheritSystemProfile":true,"embeddedBrowserAllowInsecureCertificates":false,"embeddedBrowserViewportPreference":{"mode":"normal","viewport":{"width":393,"height":852},"zoom":"fit"},"computerUseComposerEntryHidden":true,"taskAutoArchiveEnabled":false,"taskAutoArchiveOlderThanDays":7,"closeToTrayOnWindows":false,"closeToTrayOnWindowsMigrationInitialized":true,"keepAwakeWhileRunning":false,"desktopWindowSize":{"width":1600,"height":1000,"maximized":false},"desktopChromiumHardwareAccelerationEnabled":true,"messageStreamShowReasoning":true,"messageStreamShowReasoningMigrationInitialized":true,"messageStreamShowTodos":false,"toolGroupingExploreEnabled":true,"toolGroupingTerminalEnabled":true,"toolGroupingChangesEnabled":false,"zcodeInteractionBehavior":"queue","askUserQuestionAutoResolutionEnabled":false,"modelIoFullRetentionEnabled":false,"startPlanRecommendationDismissed":false,"providerFamilyConnectionSelections":{},"providerFamilyDomain":"zai","providerFamilyDomainUpdatedAt":1790264072876,"providerFamilyDomainMigrated":true,"nativeSearchEnhancementsEnabled":true,"memoryEnabled":false,"lastWorkspaceSession":[{"kind":"local","workspacePath":"C:\\Users\\USER\\Desktop\\Personal\\ZCode\\.tmp\\z1-native-1790264068639-fd284e\\workspace","workspacePurpose":"project"},{"kind":"local","workspacePath":"C:\\Users\\USER\\Desktop\\Personal\\ZCode\\.tmp\\z1-native-1790264068639-fd284e\\data\\.zcode\\workspace\\default","workspacePurpose":"conversation"}],"lastActiveTabIndex":0,"receivePreviewUpdates":false,"autoDownloadAndInstallUpdates":false,"skippedElectronUpdateVersions":{},"settingsSyncFirstRunPromptHandled":true}
[Z1 child] [2026-09-24 23:34:37.745] [pid:42140] [zcode-host] [rpc:call] graphEngineering.getWorkspace OK (1.9ms)
[2026-09-24 23:34:37.744] [pid:4656] [main] [host-log] (local-1) [host] [2026-09-24 23:34:37.745] [pid:42140] [zcode-host] [rpc:call] graphEngineering.getWorkspace OK (1.9ms)
[Z1 child] [2026-09-24 23:34:37.749] [pid:42140] [zcode-host] [rpc:call] graphEngineering.validateDefinition OK (0.2ms)
[2026-09-24 23:34:37.748] [pid:4656] [main] [host-log] (local-1) [host] [2026-09-24 23:34:37.749] [pid:42140] [zcode-host] [rpc:call] graphEngineering.validateDefinition OK (0.2ms)
[Z1 child] [2026-09-24 23:34:37.758] [pid:42140] [zcode-host] [rpc:call] graphEngineering.validateDefinition OK (0.2ms)
[2026-09-24 23:34:37.758] [pid:4656] [main] [host-log] (local-1) [host] [2026-09-24 23:34:37.758] [pid:42140] [zcode-host] [rpc:call] graphEngineering.validateDefinition OK (0.2ms)
[Z1 child] [2026-09-24 23:34:37.876] [pid:42140] [zcode-host] [rpc:call] graphWorkflow.list OK (1.0ms)
[2026-09-24 23:34:37.876] [pid:4656] [main] [host-log] (local-1) [host] [2026-09-24 23:34:37.876] [pid:42140] [zcode-host] [rpc:call] graphWorkflow.list OK (1.0ms)
[Z1 child] [2026-09-24 23:34:38.106] [pid:42140] [zcode-host] [rpc:call] graphWorkflow.mutate OK (11.4ms)
[2026-09-24 23:34:38.106] [pid:4656] [main] [host-log] (local-1) [host] [2026-09-24 23:34:38.106] [pid:42140] [zcode-host] [rpc:call] graphWorkflow.mutate OK (11.4ms)
[Z1 child] [2026-09-24 23:34:38.354] [pid:42140] [zcode-host] [rpc:call] graphWorkflow.mutate OK (10.9ms)
[2026-09-24 23:34:38.353] [pid:4656] [main] [host-log] (local-1) [host] [2026-09-24 23:34:38.354] [pid:42140] [zcode-host] [rpc:call] graphWorkflow.mutate OK (10.9ms)
[Z1 child] [2026-09-24 23:34:39.005] [pid:42140] [zcode-host] [rpc:call] broadcast.send OK (0.5ms)
[2026-09-24 23:34:39.005] [pid:4656] [main] [host-log] (local-1) [host] [2026-09-24 23:34:39.005] [pid:42140] [zcode-host] [rpc:call] broadcast.send OK (0.5ms)
[2026-09-24 23:34:39.054] [pid:4656] [main] [createWindow] window closed, killing host process (local-1)
[2026-09-24 23:34:39.055] [pid:4656] [main] [disposeHostProcess] disposing host process (local-1:window-closed), pid=42140
[2026-09-24 23:34:39.057] [pid:4656] [main] [host-log] (local-1) [host] [2026-09-24 23:34:39.054] [pid:42140] [cua-pip-session] [cua-pip-session] event delivery dropped {"kind":"focus-changed","revision":4,"sessionId":null,"sourceWindowId":"window-1","skipReason":"service-disabled"}
Debugger ending on ws://127.0.0.1:56785/279bcd57-fb66-4c00-b7d2-b7bff66e0cb6
For help, see: https://nodejs.org/en/docs/inspector
[Z1 child] [2026-09-24 23:34:39.056] [pid:42140] [zcode-host] disposing host resources, reason=parent dispose
[Z1 child] [2026-09-24 23:34:39.054] [pid:42140] [cua-pip-session] [cua-pip-session] event delivery dropped {
  kind: 'focus-changed',
  revision: 4,
  sessionId: null,
  sourceWindowId: 'window-1',
  skipReason: 'service-disabled'
}
[2026-09-24 23:34:39.061] [pid:4656] [main] [host-log] (local-1) [host] [2026-09-24 23:34:39.056] [pid:42140] [zcode-host] disposing host resources, reason=parent dispose
[2026-09-24 23:34:39.063] [pid:4656] [main] [task-realtime] unregistered host { hostId: '52660874-11a3-4b5e-a1eb-4a5acece36b4', windowId: 1 }
[2026-09-24 23:34:39.064] [pid:4656] [main] [spawnHostProcess] host process (local-1) exited with code 0
[2026-09-24 23:34:39.069] [pid:4656] [main] [cron-scheduler] scheduler process exited code=0
[2026-09-24 23:34:40.721] [pid:43336] [main] [desktop-network] renderer proxy mode=direct bypass=disabled customCa=disabled insecureCerts=rejected
[2026-09-24 23:34:40.721] [pid:43336] [main] [desktop-network] renderer proxy mode=system bypass=disabled customCa=disabled insecureCerts=rejected
[2026-09-24 23:34:40.723] [pid:43336] [main] [auto-update] disabled for this desktop product flavor
[Z1 isolation] blocked recent-document mutation
[2026-09-24 23:34:40.735] [pid:43336] [main] [resource] sampling started interval=10000ms report=60000ms
[2026-09-24 23:34:40.735] [pid:43336] [main] [network] reporting started interval=60000ms
[2026-09-24 23:34:40.736] [pid:43336] [main] [force-update] Preview 跳过远端强制升级检查
[2026-09-24 23:34:40.736] [pid:43336] [main] [startup] 创建主窗口
[2026-09-24 23:34:40.737] [pid:43336] [main] [primary-window] creating main window (app-ready)
[2026-09-24 23:34:40.739] [pid:43336] [main] [startup-workspace] using explicit open workspace: C:\Users\USER\Desktop\Personal\ZCode\.tmp\z1-native-1790264068639-fd284e\workspace
[2026-09-24 23:34:40.817] [pid:43336] [main] [desktop-context-prompt] config refreshed { enabled: false, configVersion: undefined }
[2026-09-24 23:34:41.157] [pid:43336] [main] [createWindow] dom-ready fired (local-1)
[2026-09-24 23:34:41.160] [pid:43336] [main] [desktop-context-prompt] first host spawn decision resolved { enabled: false, configVersion: undefined }
[2026-09-24 23:34:41.164] [pid:43336] [main] [spawnHostProcess] forked host process for (local-1), pid=undefined
[2026-09-24 23:34:41.165] [pid:43336] [main] [spawnHostProcess] host module path: C:\Users\USER\Desktop\Personal\ZCode\packages\desktop\out\host\index.js
[2026-09-24 23:34:41.165] [pid:43336] [main] [spawnHostProcess] glm binary path: <not found>
[2026-09-24 23:34:41.166] [pid:43336] [main] [spawnHostProcess] BIGMODEL_OAUTH_APP_SECRET source: fallback
[2026-09-24 23:34:41.167] [pid:43336] [main] [task-realtime] registered host {
  hostId: 'de8fcbf8-ef41-4926-8203-4b70391f6f90',
  windowId: 1,
  workspaceKeyCount: 0,
  deliveryKind: 'desktop_window'
}
[2026-09-24 23:34:41.172] [pid:43336] [main] [renderer-action-trace] config refreshed { enabled: false, configVersion: 'disabled' }
[Z1 child] (node:43828) ExperimentalWarning: SQLite is an experimental feature and might change at any time
(Use `electron --trace-warnings ...` to show where the warning was created)
[Z1 child] [2026-09-24 23:34:41.480] [pid:43828] [zcode-host] ExperimentalWarning: SQLite is an experimental feature and might change at any time
[2026-09-24 23:34:41.482] [pid:43336] [main] [host-log] (local-1) [host] [2026-09-24 23:34:41.480] [pid:43828] [zcode-host] ExperimentalWarning: SQLite is an experimental feature and might change at any time
[2026-09-24 23:34:41.485] [pid:43336] [main] [host-log] (local-1) [host] [2026-09-24 23:34:41.484] [pid:43828] [zcode-host] [cua-pip-session] focus event dropped: service unavailable
[Z1 child] [2026-09-24 23:34:41.484] [pid:43828] [zcode-host] [cua-pip-session] focus event dropped: service unavailable
[Z1 child] (node:43828) ExperimentalWarning: SQLite is an experimental feature and might change at any time
(Use `electron --trace-warnings ...` to show where the warning was created)
[Z1 child] [2026-09-24 23:34:43.116] [pid:43828] [zcode-host] initializing local services
[2026-09-24 23:34:43.117] [pid:43336] [main] [host-log] (local-1) [host] [2026-09-24 23:34:43.116] [pid:43828] [zcode-host] initializing local services
[Z1 child] [2026-09-24 23:34:43.122] [pid:43828] [cua-pip-session] [cua-pip-session] wiring resolved {
  enabled: false,
  platform: 'win32',
  serviceAuthorityMode: 'desktop-local',
  lifecycleWired: true
}
[2026-09-24 23:34:43.123] [pid:43336] [main] [host-log] (local-1) [host] [2026-09-24 23:34:43.122] [pid:43828] [cua-pip-session] [cua-pip-session] wiring resolved {"enabled":false,"platform":"win32","serviceAuthorityMode":"desktop-local","lifecycleWired":true}
[Z1 child] [2026-09-24 23:34:43.128] [pid:43828] [settingService] reading settings from: C:\Users\USER\Desktop\Personal\ZCode\.tmp\z1-native-1790264068639-fd284e\home\.zcode\v2\setting.json
[Z1 child] [2026-09-24 23:34:43.129] [pid:43828] [zcode-agent-service] 开始初始化 ZCode agent {
  workspaceKey: 'C:\\Users\\USER\\Desktop\\Personal\\ZCode\\.tmp\\z1-native-1790264068639-fd284e\\workspace',
  workspacePath: 'C:\\Users\\USER\\Desktop\\Personal\\ZCode\\.tmp\\z1-native-1790264068639-fd284e\\workspace'
}
[2026-09-24 23:34:43.129] [pid:43336] [main] [host-log] (local-1) [host] [2026-09-24 23:34:43.129] [pid:43828] [zcode-agent-service] 开始初始化 ZCode agent {"workspaceKey":"C:\\Users\\USER\\Desktop\\Personal\\ZCode\\.tmp\\z1-native-1790264068639-fd284e\\workspace","workspacePath":"C:\\Users\\USER\\Desktop\\Personal\\ZCode\\.tmp\\z1-native-1790264068639-fd284e\\workspace"}
[2026-09-24 23:34:43.130] [pid:43336] [main] [host-log] (local-1) [host] [2026-09-24 23:34:43.129] [pid:43828] [zcode-host] exposing services on ChannelServer...
[2026-09-24 23:34:43.130] [pid:43336] [main] [host-log] (local-1) [host] [2026-09-24 23:34:43.129] [pid:43828] [zcode-host] creating ChannelServer (deferInit=false)
[2026-09-24 23:34:43.131] [pid:43336] [main] [host-log] (local-1) [host] [2026-09-24 23:34:43.130] [pid:43828] [zcode-host] [rpc:register] channel "graphEngineering"
[2026-09-24 23:34:43.132] [pid:43336] [main] [host-log] (local-1) [host] [2026-09-24 23:34:43.130] [pid:43828] [zcode-host] [rpc:register] channel "graphWorkflow"
[2026-09-24 23:34:43.133] [pid:43336] [main] [host-log] (local-1) [host] [2026-09-24 23:34:43.130] [pid:43828] [zcode-host] [rpc:register] channel "file"
[2026-09-24 23:34:43.133] [pid:43336] [main] [host-log] (local-1) [host] [2026-09-24 23:34:43.130] [pid:43828] [zcode-host] [rpc:register] channel "media-preview"
[2026-09-24 23:34:43.134] [pid:43336] [main] [host-log] (local-1) [host] [2026-09-24 23:34:43.130] [pid:43828] [zcode-host] [rpc:register] channel "git"
[2026-09-24 23:34:43.135] [pid:43336] [main] [host-log] (local-1) [host] [2026-09-24 23:34:43.130] [pid:43828] [zcode-host] [rpc:register] channel "git-checkpoint"
[2026-09-24 23:34:43.135] [pid:43336] [main] [host-log] (local-1) [host] [2026-09-24 23:34:43.130] [pid:43828] [zcode-host] [rpc:register] channel "system"
[Z1 child] [2026-09-24 23:34:43.129] [pid:43828] [zcode-host] exposing services on ChannelServer...
[2026-09-24 23:34:43.129] [pid:43828] [zcode-host] creating ChannelServer (deferInit=false)
[2026-09-24 23:34:43.130] [pid:43828] [zcode-host] [rpc:register] channel "graphEngineering"
[2026-09-24 23:34:43.130] [pid:43828] [zcode-host] [rpc:register] channel "graphWorkflow"
[2026-09-24 23:34:43.130] [pid:43828] [zcode-host] [rpc:register] channel "file"
[2026-09-24 23:34:43.130] [pid:43828] [zcode-host] [rpc:register] channel "media-preview"
[2026-09-24 23:34:43.130] [pid:43828] [zcode-host] [rpc:register] channel "git"
[2026-09-24 23:34:43.130] [pid:43828] [zcode-host] [rpc:register] channel "git-checkpoint"
[2026-09-24 23:34:43.130] [pid:43828] [zcode-host] [rpc:register] channel "system"
[2026-09-24 23:34:43.130] [pid:43828] [zcode-host] [rpc:register] channel "terminal"
[2026-09-24 23:34:43.130] [pid:43828] [zcode-host] [rpc:register] channel "setting"
[2026-09-24 23:34:43.130] [pid:43828] [zcode-host] [rpc:register] channel "onboarding-record"
[2026-09-24 23:34:43.130] [pid:43828] [zcode-host] [rpc:register] channel "credential"
[2026-09-24 23:34:43.130] [pid:43828] [zcode-host] [rpc:register] channel "broadcast"
[2026-09-24 23:34:43.131] [pid:43828] [zcode-host] [rpc:register] channel "zcode-task"
[2026-09-24 23:34:43.131] [pid:43828] [zcode-host] [rpc:register] channel "zcode-agent"
[2026-09-24 23:34:43.131] [pid:43828] [zcode-host] [rpc:register] channel "zcode-session"
[2026-09-24 23:34:43.131] [pid:43828] [zcode-host] [rpc:register] channel "cua-permission"
[2026-09-24 23:34:43.131] [pid:43828] [zcode-host] [rpc:register] channel "cua-pip-session"
[2026-09-24 23:34:43.131] [pid:43828] [zcode-host] [rpc:register] channel "conversation-share"
[2026-09-24 23:34:43.131] [pid:43828] [zcode-host] [rpc:register] channel "bots"
[2026-09-24 23:34:43.131] [pid:43828] [zcode-host] [rpc:register] channel "file-watcher"
[2026-09-24 23:34:43.131] [pid:43828] [zcode-host] [rpc:register] channel "oauth"
[2026-09-24 23:34:43.131] [pid:43828] [zcode-host] [rpc:register] channel "usage-stats"
[2026-09-24 23:34:43.131] [pid:43828] [zcode-host] [rpc:register] channel "coding-plan-subscription"
[2026-09-24 23:34:43.131] [pid:43828] [zcode-host] [rpc:register] channel "client-config"
[2026-09-24 23:34:43.131] [pid:43828] [zcode-host] [rpc:register] channel "client-scenes"
[2026-09-24 23:34:43.131] [pid:43828] [zcode-host] [rpc:register] channel "off-peak-task"
[2026-09-24 23:34:43.131] [pid:43828] [zcode-host] [rpc:register] channel "skills"
[2026-09-24 23:34:43.131] [pid:43828] [zcode-host] [rpc:register] channel "skill-sync"
[2026-09-24 23:34:43.131] [pid:43828] [zcode-host] [rpc:register] channel "mcp-sync"
[2026-09-24 23:34:43.131] [pid:43828] [zcode-host] [rpc:register] channel "plugin-sync"
[2026-09-24 23:34:43.131] [pid:43828] [zcode-host] [rpc:register] channel "plugins"
[2026-09-24 23:34:43.131] [pid:43828] [zcode-host] [rpc:register] channel "plugin-management"
[2026-09-24 23:34:43.131] [pid:43828] [zcode-host] [rpc:register] channel "subagents"
[2026-09-24 23:34:43.131] [pid:43828] [zcode-host] [rpc:register] channel "commands"
[2026-09-24 23:34:43.131] [pid:43828] [zcode-host] [rpc:register] channel "hooks"
[2026-09-24 23:34:43.131] [pid:43828] [zcode-host] [rpc:register] channel "memory"
[2026-09-24 23:34:43.131] [pid:43828] [zcode-host] [rpc:register] channel "settings-sync"
[2026-09-24 23:34:43.131] [pid:43828] [zcode-host] [rpc:register] channel "feedback"
[2026-09-24 23:34:43.131] [pid:43828] [zcode-host] [rpc:register] channel "prompt-attachment-transfer"
[2026-09-24 23:34:43.131] [pid:43828] [zcode-host] [rpc:register] channel "provider-settings"
[2026-09-24 23:34:43.131] [pid:43828] [zcode-host] [rpc:register] channel "model-selection"
[2026-09-24 23:34:43.131] [pid:43828] [zcode-host] [rpc:register] channel "window-controller"
[2026-09-24 23:34:43.132] [pid:43828] [zcode-host] service connection ready mode=desktop-continuous
[2026-09-24 23:34:43.132] [pid:43828] [zcode-host] window Host topology, reason=base-attachment-ready, pid=43828, connections=0, logicalSessions=0, attachments=1
[2026-09-24 23:34:43.136] [pid:43336] [main] [host-log] (local-1) [host] [2026-09-24 23:34:43.130] [pid:43828] [zcode-host] [rpc:register] channel "terminal"
[2026-09-24 23:34:43.137] [pid:43336] [main] [host-log] (local-1) [host] [2026-09-24 23:34:43.130] [pid:43828] [zcode-host] [rpc:register] channel "setting"
[2026-09-24 23:34:43.138] [pid:43336] [main] [host-log] (local-1) [host] [2026-09-24 23:34:43.130] [pid:43828] [zcode-host] [rpc:register] channel "onboarding-record"
[2026-09-24 23:34:43.139] [pid:43336] [main] [host-log] (local-1) [host] [2026-09-24 23:34:43.130] [pid:43828] [zcode-host] [rpc:register] channel "credential"
[2026-09-24 23:34:43.139] [pid:43336] [main] [host-log] (local-1) [host] [2026-09-24 23:34:43.130] [pid:43828] [zcode-host] [rpc:register] channel "broadcast"
[2026-09-24 23:34:43.140] [pid:43336] [main] [host-log] (local-1) [host] [2026-09-24 23:34:43.131] [pid:43828] [zcode-host] [rpc:register] channel "zcode-task"
[2026-09-24 23:34:43.141] [pid:43336] [main] [host-log] (local-1) [host] [2026-09-24 23:34:43.131] [pid:43828] [zcode-host] [rpc:register] channel "zcode-agent"
[2026-09-24 23:34:43.142] [pid:43336] [main] [host-log] (local-1) [host] [2026-09-24 23:34:43.131] [pid:43828] [zcode-host] [rpc:register] channel "zcode-session"
[2026-09-24 23:34:43.142] [pid:43336] [main] [host-log] (local-1) [host] [2026-09-24 23:34:43.131] [pid:43828] [zcode-host] [rpc:register] channel "cua-permission"
[2026-09-24 23:34:43.143] [pid:43336] [main] [host-log] (local-1) [host] [2026-09-24 23:34:43.131] [pid:43828] [zcode-host] [rpc:register] channel "cua-pip-session"
[2026-09-24 23:34:43.144] [pid:43336] [main] [host-log] (local-1) [host] [2026-09-24 23:34:43.131] [pid:43828] [zcode-host] [rpc:register] channel "conversation-share"
[2026-09-24 23:34:43.144] [pid:43336] [main] [host-log] (local-1) [host] [2026-09-24 23:34:43.131] [pid:43828] [zcode-host] [rpc:register] channel "bots"
[2026-09-24 23:34:43.145] [pid:43336] [main] [host-log] (local-1) [host] [2026-09-24 23:34:43.131] [pid:43828] [zcode-host] [rpc:register] channel "file-watcher"
[2026-09-24 23:34:43.146] [pid:43336] [main] [host-log] (local-1) [host] [2026-09-24 23:34:43.131] [pid:43828] [zcode-host] [rpc:register] channel "oauth"
[2026-09-24 23:34:43.147] [pid:43336] [main] [host-log] (local-1) [host] [2026-09-24 23:34:43.131] [pid:43828] [zcode-host] [rpc:register] channel "usage-stats"
[2026-09-24 23:34:43.147] [pid:43336] [main] [host-log] (local-1) [host] [2026-09-24 23:34:43.131] [pid:43828] [zcode-host] [rpc:register] channel "coding-plan-subscription"
[2026-09-24 23:34:43.148] [pid:43336] [main] [host-log] (local-1) [host] [2026-09-24 23:34:43.131] [pid:43828] [zcode-host] [rpc:register] channel "client-config"
[2026-09-24 23:34:43.149] [pid:43336] [main] [host-log] (local-1) [host] [2026-09-24 23:34:43.131] [pid:43828] [zcode-host] [rpc:register] channel "client-scenes"
[2026-09-24 23:34:43.150] [pid:43336] [main] [host-log] (local-1) [host] [2026-09-24 23:34:43.131] [pid:43828] [zcode-host] [rpc:register] channel "off-peak-task"
[2026-09-24 23:34:43.150] [pid:43336] [main] [host-log] (local-1) [host] [2026-09-24 23:34:43.131] [pid:43828] [zcode-host] [rpc:register] channel "skills"
[2026-09-24 23:34:43.151] [pid:43336] [main] [host-log] (local-1) [host] [2026-09-24 23:34:43.131] [pid:43828] [zcode-host] [rpc:register] channel "skill-sync"
[2026-09-24 23:34:43.152] [pid:43336] [main] [host-log] (local-1) [host] [2026-09-24 23:34:43.131] [pid:43828] [zcode-host] [rpc:register] channel "mcp-sync"
[2026-09-24 23:34:43.152] [pid:43336] [main] [host-log] (local-1) [host] [2026-09-24 23:34:43.131] [pid:43828] [zcode-host] [rpc:register] channel "plugin-sync"
[2026-09-24 23:34:43.153] [pid:43336] [main] [host-log] (local-1) [host] [2026-09-24 23:34:43.131] [pid:43828] [zcode-host] [rpc:register] channel "plugins"
[2026-09-24 23:34:43.154] [pid:43336] [main] [host-log] (local-1) [host] [2026-09-24 23:34:43.131] [pid:43828] [zcode-host] [rpc:register] channel "plugin-management"
[2026-09-24 23:34:43.155] [pid:43336] [main] [host-log] (local-1) [host] [2026-09-24 23:34:43.131] [pid:43828] [zcode-host] [rpc:register] channel "subagents"
[2026-09-24 23:34:43.156] [pid:43336] [main] [host-log] (local-1) [host] [2026-09-24 23:34:43.131] [pid:43828] [zcode-host] [rpc:register] channel "commands"
[2026-09-24 23:34:43.156] [pid:43336] [main] [host-log] (local-1) [host] [2026-09-24 23:34:43.131] [pid:43828] [zcode-host] [rpc:register] channel "hooks"
[2026-09-24 23:34:43.157] [pid:43336] [main] [host-log] (local-1) [host] [2026-09-24 23:34:43.131] [pid:43828] [zcode-host] [rpc:register] channel "memory"
[2026-09-24 23:34:43.158] [pid:43336] [main] [host-log] (local-1) [host] [2026-09-24 23:34:43.131] [pid:43828] [zcode-host] [rpc:register] channel "settings-sync"
[2026-09-24 23:34:43.158] [pid:43336] [main] [host-log] (local-1) [host] [2026-09-24 23:34:43.131] [pid:43828] [zcode-host] [rpc:register] channel "feedback"
[2026-09-24 23:34:43.159] [pid:43336] [main] [host-log] (local-1) [host] [2026-09-24 23:34:43.131] [pid:43828] [zcode-host] [rpc:register] channel "prompt-attachment-transfer"
[2026-09-24 23:34:43.160] [pid:43336] [main] [host-log] (local-1) [host] [2026-09-24 23:34:43.131] [pid:43828] [zcode-host] [rpc:register] channel "provider-settings"
[2026-09-24 23:34:43.160] [pid:43336] [main] [host-log] (local-1) [host] [2026-09-24 23:34:43.131] [pid:43828] [zcode-host] [rpc:register] channel "model-selection"
[2026-09-24 23:34:43.161] [pid:43336] [main] [host-log] (local-1) [host] [2026-09-24 23:34:43.131] [pid:43828] [zcode-host] [rpc:register] channel "window-controller"
[2026-09-24 23:34:43.162] [pid:43336] [main] [host-log] (local-1) [host] [2026-09-24 23:34:43.132] [pid:43828] [zcode-host] service connection ready mode=desktop-continuous
[2026-09-24 23:34:43.162] [pid:43336] [main] [host-log] (local-1) [host] [2026-09-24 23:34:43.132] [pid:43828] [zcode-host] window Host topology, reason=base-attachment-ready, pid=43828, connections=0, logicalSessions=0, attachments=1
[2026-09-24 23:34:43.163] [pid:43336] [main] [host-log] (local-1) [host] [2026-09-24 23:34:43.136] [pid:43828] [zcode-host] local services ready, all channels registered
[2026-09-24 23:34:43.164] [pid:43336] [main] [database-startup] terminal {
  attemptId: '1e9e3195-f9f3-473f-b56e-7a3ba122d3ce',
  status: 'ready',
  durationMs: 1654,
  errorCode: undefined,
  disk: [
    {
      scopeId: '9319b000c8e74f2867e1e7bd121ddaf54b120dc84ca6297ecd939a191d9c2c40',
      observedAvailableDropPeakBytes: 0,
      minAvailableBytes: 267541164032,
      quality: 'complete',
      sampledAt: 1790264082084
    }
  ]
}
[2026-09-24 23:34:43.166] [pid:43336] [main] [cron-scheduler] forked scheduler process pid=undefined
[Z1 child] [2026-09-24 23:34:43.136] [pid:43828] [zcode-host] local services ready, all channels registered
[2026-09-24 23:34:43.145] [pid:43828] [settingService] read result: {"recentProjects":[],"locale":"zh-CN","localePreference":"zh-CN","terminalInheritSystemProfile":true,"embeddedBrowserAllowInsecureCertificates":false,"embeddedBrowserViewportPreference":{"mode":"normal","viewport":{"width":393,"height":852},"zoom":"fit"},"computerUseComposerEntryHidden":true,"taskAutoArchiveEnabled":false,"taskAutoArchiveOlderThanDays":7,"closeToTrayOnWindows":false,"closeToTrayOnWindowsMigrationInitialized":true,"keepAwakeWhileRunning":false,"desktopWindowSize":{"width":1600,"height":1000,"maximized":false},"desktopChromiumHardwareAccelerationEnabled":true,"messageStreamShowReasoning":true,"messageStreamShowReasoningMigrationInitialized":true,"messageStreamShowTodos":false,"toolGroupingExploreEnabled":true,"toolGroupingTerminalEnabled":true,"toolGroupingChangesEnabled":false,"zcodeInteractionBehavior":"queue","askUserQuestionAutoResolutionEnabled":false,"modelIoFullRetentionEnabled":false,"startPlanRecommendationDismissed":false,"providerFamilyConnectionSelections":{},"providerFamilyDomain":"zai","providerFamilyDomainUpdatedAt":1790264072876,"providerFamilyDomainMigrated":true,"nativeSearchEnhancementsEnabled":true,"memoryEnabled":false,"lastWorkspaceSession":[{"kind":"local","workspacePath":"C:\\Users\\USER\\Desktop\\Personal\\ZCode\\.tmp\\z1-native-1790264068639-fd284e\\workspace","workspacePurpose":"project"},{"kind":"local","workspacePath":"C:\\Users\\USER\\Desktop\\Personal\\ZCode\\.tmp\\z1-native-1790264068639-fd284e\\data\\.zcode\\workspace\\default","workspacePurpose":"conversation"}],"lastActiveTabIndex":0,"receivePreviewUpdates":false,"autoDownloadAndInstallUpdates":false,"skippedElectronUpdateVersions":{},"settingsSyncFirstRunPromptHandled":true}
[2026-09-24 23:34:43.178] [pid:43336] [main] [task-realtime] updated host workspace scopes {
  hostId: 'de8fcbf8-ef41-4926-8203-4b70391f6f90',
  workspaceKeyCount: 0
}
[2026-09-24 23:34:43.180] [pid:43336] [main] [open-folder] Windows Explorer 右键菜单安装失败 { error: '[Z1 isolation] registry access blocked' }
[Z1 child] [2026-09-24 23:34:43.179] [pid:43828] [zcode-host] [rpc:listen] broadcast.onMessage subscribed
[2026-09-24 23:34:43.179] [pid:43828] [zcode-host] [rpc:listen] zcode-agent.onDynamicCuaPermissionObservation subscribed
[2026-09-24 23:34:43.180] [pid:43828] [settingService] reading settings from: C:\Users\USER\Desktop\Personal\ZCode\.tmp\z1-native-1790264068639-fd284e\home\.zcode\v2\setting.json
[2026-09-24 23:34:43.180] [pid:43828] [settingService] reading settings from: C:\Users\USER\Desktop\Personal\ZCode\.tmp\z1-native-1790264068639-fd284e\home\.zcode\v2\setting.json
[2026-09-24 23:34:43.180] [pid:43828] [zcode-host] [rpc:listen] model-selection.onDidChange subscribed
[2026-09-24 23:34:43.180] [pid:43828] [zcode-host] [rpc:listen] broadcast.onMessage subscribed
[2026-09-24 23:34:43.180] [pid:43828] [zcode-host] [rpc:listen] provider-settings.onDidChange subscribed
[2026-09-24 23:34:43.181] [pid:43828] [settingService] reading settings from: C:\Users\USER\Desktop\Personal\ZCode\.tmp\z1-native-1790264068639-fd284e\home\.zcode\v2\setting.json
[2026-09-24 23:34:43.181] [pid:43828] [zcode-host] [rpc:listen] broadcast.onMessage subscribed
[2026-09-24 23:34:43.181] [pid:43828] [zcode-host] [rpc:listen] provider-settings.onDidChange subscribed
[2026-09-24 23:34:43.181] [pid:43828] [zcode-host] [rpc:listen] broadcast.onMessage subscribed
[2026-09-24 23:34:43.181] [pid:43828] [settingService] reading settings from: C:\Users\USER\Desktop\Personal\ZCode\.tmp\z1-native-1790264068639-fd284e\home\.zcode\v2\setting.json
[2026-09-24 23:34:43.181] [pid:43828] [zcode-host] [rpc:listen] broadcast.onMessage subscribed
[2026-09-24 23:34:43.184] [pid:43336] [main] [host-log] (local-1) [host] [2026-09-24 23:34:43.179] [pid:43828] [zcode-host] [rpc:listen] broadcast.onMessage subscribed
[2026-09-24 23:34:43.184] [pid:43336] [main] [host-log] (local-1) [host] [2026-09-24 23:34:43.179] [pid:43828] [zcode-host] [rpc:listen] zcode-agent.onDynamicCuaPermissionObservation subscribed
[2026-09-24 23:34:43.185] [pid:43336] [main] [host-log] (local-1) [host] [2026-09-24 23:34:43.180] [pid:43828] [zcode-host] [rpc:listen] model-selection.onDidChange subscribed
[2026-09-24 23:34:43.186] [pid:43336] [main] [host-log] (local-1) [host] [2026-09-24 23:34:43.180] [pid:43828] [zcode-host] [rpc:listen] broadcast.onMessage subscribed
[2026-09-24 23:34:43.187] [pid:43336] [main] [host-log] (local-1) [host] [2026-09-24 23:34:43.180] [pid:43828] [zcode-host] [rpc:listen] provider-settings.onDidChange subscribed
[2026-09-24 23:34:43.187] [pid:43336] [main] [host-log] (local-1) [host] [2026-09-24 23:34:43.181] [pid:43828] [zcode-host] [rpc:listen] broadcast.onMessage subscribed
[2026-09-24 23:34:43.188] [pid:43336] [main] [host-log] (local-1) [host] [2026-09-24 23:34:43.181] [pid:43828] [zcode-host] [rpc:listen] provider-settings.onDidChange subscribed
[2026-09-24 23:34:43.189] [pid:43336] [main] [host-log] (local-1) [host] [2026-09-24 23:34:43.181] [pid:43828] [zcode-host] [rpc:listen] broadcast.onMessage subscribed
[2026-09-24 23:34:43.189] [pid:43336] [main] [host-log] (local-1) [host] [2026-09-24 23:34:43.181] [pid:43828] [zcode-host] [rpc:listen] broadcast.onMessage subscribed
[2026-09-24 23:34:43.190] [pid:43336] [main] [host-log] (local-1) [host] [2026-09-24 23:34:43.184] [pid:43828] [cua-pip-session] [cua-pip-session] event delivery dropped {"kind":"focus-changed","revision":3,"sessionId":null,"sourceWindowId":"window-1","skipReason":"service-disabled"}
[Z1 child] [2026-09-24 23:34:43.184] [pid:43828] [cua-pip-session] [cua-pip-session] event delivery dropped {
  kind: 'focus-changed',
  revision: 3,
  sessionId: null,
  sourceWindowId: 'window-1',
  skipReason: 'service-disabled'
}
[Z1 child] [2026-09-24 23:34:43.185] [pid:43828] [oauthService] restoreCachedSession skipped: no active provider
[2026-09-24 23:34:43.185] [pid:43828] [zcode-host] [rpc:call] oauth.restoreCachedSessionState OK (4.0ms)
[2026-09-24 23:34:43.186] [pid:43828] [settingService] read result: {"recentProjects":[],"locale":"zh-CN","localePreference":"zh-CN","terminalInheritSystemProfile":true,"embeddedBrowserAllowInsecureCertificates":false,"embeddedBrowserViewportPreference":{"mode":"normal","viewport":{"width":393,"height":852},"zoom":"fit"},"computerUseComposerEntryHidden":true,"taskAutoArchiveEnabled":false,"taskAutoArchiveOlderThanDays":7,"closeToTrayOnWindows":false,"closeToTrayOnWindowsMigrationInitialized":true,"keepAwakeWhileRunning":false,"desktopWindowSize":{"width":1600,"height":1000,"maximized":false},"desktopChromiumHardwareAccelerationEnabled":true,"messageStreamShowReasoning":true,"messageStreamShowReasoningMigrationInitialized":true,"messageStreamShowTodos":false,"toolGroupingExploreEnabled":true,"toolGroupingTerminalEnabled":true,"toolGroupingChangesEnabled":false,"zcodeInteractionBehavior":"queue","askUserQuestionAutoResolutionEnabled":false,"modelIoFullRetentionEnabled":false,"startPlanRecommendationDismissed":false,"providerFamilyConnectionSelections":{},"providerFamilyDomain":"zai","providerFamilyDomainUpdatedAt":1790264072876,"providerFamilyDomainMigrated":true,"nativeSearchEnhancementsEnabled":true,"memoryEnabled":false,"lastWorkspaceSession":[{"kind":"local","workspacePath":"C:\\Users\\USER\\Desktop\\Personal\\ZCode\\.tmp\\z1-native-1790264068639-fd284e\\workspace","workspacePurpose":"project"},{"kind":"local","workspacePath":"C:\\Users\\USER\\Desktop\\Personal\\ZCode\\.tmp\\z1-native-1790264068639-fd284e\\data\\.zcode\\workspace\\default","workspacePurpose":"conversation"}],"lastActiveTabIndex":0,"receivePreviewUpdates":false,"autoDownloadAndInstallUpdates":false,"skippedElectronUpdateVersions":{},"settingsSyncFirstRunPromptHandled":true}
[2026-09-24 23:34:43.188] [pid:43828] [node-api-client] zcode endpoint request headers prepared {
  headerKeys: [
    'http-referer',
    'user-agent',
    'x-client-language',
    'x-client-timezone',
    'x-device-mid',
    'x-os-category',
    'x-os-version',
    'x-platform',
    'x-release-channel',
    'x-request-id',
    'x-title',
    'x-zcode-app-version'
  ],
  method: 'GET',
  url: 'http://127.0.0.1:56784/api/v1/client/configs?app_version=3.14.0&platform=win32-x64'
}
[2026-09-24 23:34:43.188] [pid:43828] [settingService] reading settings from: C:\Users\USER\Desktop\Personal\ZCode\.tmp\z1-native-1790264068639-fd284e\home\.zcode\v2\setting.json
[2026-09-24 23:34:43.189] [pid:43828] [settingService] read result: {"recentProjects":[],"locale":"zh-CN","localePreference":"zh-CN","terminalInheritSystemProfile":true,"embeddedBrowserAllowInsecureCertificates":false,"embeddedBrowserViewportPreference":{"mode":"normal","viewport":{"width":393,"height":852},"zoom":"fit"},"computerUseComposerEntryHidden":true,"taskAutoArchiveEnabled":false,"taskAutoArchiveOlderThanDays":7,"closeToTrayOnWindows":false,"closeToTrayOnWindowsMigrationInitialized":true,"keepAwakeWhileRunning":false,"desktopWindowSize":{"width":1600,"height":1000,"maximized":false},"desktopChromiumHardwareAccelerationEnabled":true,"messageStreamShowReasoning":true,"messageStreamShowReasoningMigrationInitialized":true,"messageStreamShowTodos":false,"toolGroupingExploreEnabled":true,"toolGroupingTerminalEnabled":true,"toolGroupingChangesEnabled":false,"zcodeInteractionBehavior":"queue","askUserQuestionAutoResolutionEnabled":false,"modelIoFullRetentionEnabled":false,"startPlanRecommendationDismissed":false,"providerFamilyConnectionSelections":{},"providerFamilyDomain":"zai","providerFamilyDomainUpdatedAt":1790264072876,"providerFamilyDomainMigrated":true,"nativeSearchEnhancementsEnabled":true,"memoryEnabled":false,"lastWorkspaceSession":[{"kind":"local","workspacePath":"C:\\Users\\USER\\Desktop\\Personal\\ZCode\\.tmp\\z1-native-1790264068639-fd284e\\workspace","workspacePurpose":"project"},{"kind":"local","workspacePath":"C:\\Users\\USER\\Desktop\\Personal\\ZCode\\.tmp\\z1-native-1790264068639-fd284e\\data\\.zcode\\workspace\\default","workspacePurpose":"conversation"}],"lastActiveTabIndex":0,"receivePreviewUpdates":false,"autoDownloadAndInstallUpdates":false,"skippedElectronUpdateVersions":{},"settingsSyncFirstRunPromptHandled":true}
[2026-09-24 23:34:43.192] [pid:43336] [main] [host-log] (local-1) [host] [2026-09-24 23:34:43.185] [pid:43828] [oauthService] restoreCachedSession skipped: no active provider
[2026-09-24 23:34:43.192] [pid:43336] [main] [host-log] (local-1) [host] [2026-09-24 23:34:43.185] [pid:43828] [zcode-host] [rpc:call] oauth.restoreCachedSessionState OK (4.0ms)
[Z1 child] [2026-09-24 23:34:43.191] [pid:43828] [zcode-host] [rpc:call] setting.get OK (11.3ms)
[2026-09-24 23:34:43.192] [pid:43828] [settingService] read result: {"recentProjects":[],"locale":"zh-CN","localePreference":"zh-CN","terminalInheritSystemProfile":true,"embeddedBrowserAllowInsecureCertificates":false,"embeddedBrowserViewportPreference":{"mode":"normal","viewport":{"width":393,"height":852},"zoom":"fit"},"computerUseComposerEntryHidden":true,"taskAutoArchiveEnabled":false,"taskAutoArchiveOlderThanDays":7,"closeToTrayOnWindows":false,"closeToTrayOnWindowsMigrationInitialized":true,"keepAwakeWhileRunning":false,"desktopWindowSize":{"width":1600,"height":1000,"maximized":false},"desktopChromiumHardwareAccelerationEnabled":true,"messageStreamShowReasoning":true,"messageStreamShowReasoningMigrationInitialized":true,"messageStreamShowTodos":false,"toolGroupingExploreEnabled":true,"toolGroupingTerminalEnabled":true,"toolGroupingChangesEnabled":false,"zcodeInteractionBehavior":"queue","askUserQuestionAutoResolutionEnabled":false,"modelIoFullRetentionEnabled":false,"startPlanRecommendationDismissed":false,"providerFamilyConnectionSelections":{},"providerFamilyDomain":"zai","providerFamilyDomainUpdatedAt":1790264072876,"providerFamilyDomainMigrated":true,"nativeSearchEnhancementsEnabled":true,"memoryEnabled":false,"lastWorkspaceSession":[{"kind":"local","workspacePath":"C:\\Users\\USER\\Desktop\\Personal\\ZCode\\.tmp\\z1-native-1790264068639-fd284e\\workspace","workspacePurpose":"project"},{"kind":"local","workspacePath":"C:\\Users\\USER\\Desktop\\Personal\\ZCode\\.tmp\\z1-native-1790264068639-fd284e\\data\\.zcode\\workspace\\default","workspacePurpose":"conversation"}],"lastActiveTabIndex":0,"receivePreviewUpdates":false,"autoDownloadAndInstallUpdates":false,"skippedElectronUpdateVersions":{},"settingsSyncFirstRunPromptHandled":true}
[2026-09-24 23:34:43.192] [pid:43828] [zcode-host] [rpc:call] setting.get OK (11.3ms)
[2026-09-24 23:34:43.192] [pid:43828] [settingService] read result: {"recentProjects":[],"locale":"zh-CN","localePreference":"zh-CN","terminalInheritSystemProfile":true,"embeddedBrowserAllowInsecureCertificates":false,"embeddedBrowserViewportPreference":{"mode":"normal","viewport":{"width":393,"height":852},"zoom":"fit"},"computerUseComposerEntryHidden":true,"taskAutoArchiveEnabled":false,"taskAutoArchiveOlderThanDays":7,"closeToTrayOnWindows":false,"closeToTrayOnWindowsMigrationInitialized":true,"keepAwakeWhileRunning":false,"desktopWindowSize":{"width":1600,"height":1000,"maximized":false},"desktopChromiumHardwareAccelerationEnabled":true,"messageStreamShowReasoning":true,"messageStreamShowReasoningMigrationInitialized":true,"messageStreamShowTodos":false,"toolGroupingExploreEnabled":true,"toolGroupingTerminalEnabled":true,"toolGroupingChangesEnabled":false,"zcodeInteractionBehavior":"queue","askUserQuestionAutoResolutionEnabled":false,"modelIoFullRetentionEnabled":false,"startPlanRecommendationDismissed":false,"providerFamilyConnectionSelections":{},"providerFamilyDomain":"zai","providerFamilyDomainUpdatedAt":1790264072876,"providerFamilyDomainMigrated":true,"nativeSearchEnhancementsEnabled":true,"memoryEnabled":false,"lastWorkspaceSession":[{"kind":"local","workspacePath":"C:\\Users\\USER\\Desktop\\Personal\\ZCode\\.tmp\\z1-native-1790264068639-fd284e\\workspace","workspacePurpose":"project"},{"kind":"local","workspacePath":"C:\\Users\\USER\\Desktop\\Personal\\ZCode\\.tmp\\z1-native-1790264068639-fd284e\\data\\.zcode\\workspace\\default","workspacePurpose":"conversation"}],"lastActiveTabIndex":0,"receivePreviewUpdates":false,"autoDownloadAndInstallUpdates":false,"skippedElectronUpdateVersions":{},"settingsSyncFirstRunPromptHandled":true}
[2026-09-24 23:34:43.192] [pid:43828] [zcode-host] [rpc:call] setting.get OK (11.0ms)
[2026-09-24 23:34:43.193] [pid:43336] [main] [host-log] (local-1) [host] [2026-09-24 23:34:43.191] [pid:43828] [zcode-host] [rpc:call] setting.get OK (11.3ms)
[2026-09-24 23:34:43.194] [pid:43336] [main] [host-log] (local-1) [host] [2026-09-24 23:34:43.192] [pid:43828] [zcode-host] [rpc:call] setting.get OK (11.3ms)
[2026-09-24 23:34:43.195] [pid:43336] [main] [host-log] (local-1) [host] [2026-09-24 23:34:43.192] [pid:43828] [zcode-host] [rpc:call] setting.get OK (11.0ms)
[Z1 child] [2026-09-24 23:34:43.195] [pid:43828] [settingService] reading settings from: C:\Users\USER\Desktop\Personal\ZCode\.tmp\z1-native-1790264068639-fd284e\home\.zcode\v2\setting.json
[2026-09-24 23:34:43.195] [pid:43828] [zcode-host] [rpc:call] zcode-agent.syncAppRuntimePreferences OK (0.1ms)
[2026-09-24 23:34:43.195] [pid:43828] [zcode-host] [rpc:call] bots.syncAppRuntimePreferences OK (0.1ms)
[2026-09-24 23:34:43.195] [pid:43828] [zcode-host] [rpc:listen] zcode-agent.onDynamicCuaPermissionObservation subscribed
[2026-09-24 23:34:43.195] [pid:43828] [zcode-host] [rpc:listen] broadcast.onMessage subscribed
[2026-09-24 23:34:43.196] [pid:43828] [oauthService] restoreCachedSession skipped: no active provider
[2026-09-24 23:34:43.196] [pid:43828] [zcode-host] [rpc:call] oauth.restoreCachedSessionState OK (0.3ms)
[2026-09-24 23:34:43.196] [pid:43828] [settingService] read result: {"recentProjects":[],"locale":"zh-CN","localePreference":"zh-CN","terminalInheritSystemProfile":true,"embeddedBrowserAllowInsecureCertificates":false,"embeddedBrowserViewportPreference":{"mode":"normal","viewport":{"width":393,"height":852},"zoom":"fit"},"computerUseComposerEntryHidden":true,"taskAutoArchiveEnabled":false,"taskAutoArchiveOlderThanDays":7,"closeToTrayOnWindows":false,"closeToTrayOnWindowsMigrationInitialized":true,"keepAwakeWhileRunning":false,"desktopWindowSize":{"width":1600,"height":1000,"maximized":false},"desktopChromiumHardwareAccelerationEnabled":true,"messageStreamShowReasoning":true,"messageStreamShowReasoningMigrationInitialized":true,"messageStreamShowTodos":false,"toolGroupingExploreEnabled":true,"toolGroupingTerminalEnabled":true,"toolGroupingChangesEnabled":false,"zcodeInteractionBehavior":"queue","askUserQuestionAutoResolutionEnabled":false,"modelIoFullRetentionEnabled":false,"startPlanRecommendationDismissed":false,"providerFamilyConnectionSelections":{},"providerFamilyDomain":"zai","providerFamilyDomainUpdatedAt":1790264072876,"providerFamilyDomainMigrated":true,"nativeSearchEnhancementsEnabled":true,"memoryEnabled":false,"lastWorkspaceSession":[{"kind":"local","workspacePath":"C:\\Users\\USER\\Desktop\\Personal\\ZCode\\.tmp\\z1-native-1790264068639-fd284e\\workspace","workspacePurpose":"project"},{"kind":"local","workspacePath":"C:\\Users\\USER\\Desktop\\Personal\\ZCode\\.tmp\\z1-native-1790264068639-fd284e\\data\\.zcode\\workspace\\default","workspacePurpose":"conversation"}],"lastActiveTabIndex":0,"receivePreviewUpdates":false,"autoDownloadAndInstallUpdates":false,"skippedElectronUpdateVersions":{},"settingsSyncFirstRunPromptHandled":true}
[2026-09-24 23:34:43.198] [pid:43336] [main] [open-folder] Windows Explorer 右键菜单安装失败 { error: '[Z1 isolation] registry access blocked' }
[2026-09-24 23:34:43.198] [pid:43336] [main] [host-log] (local-1) [host] [2026-09-24 23:34:43.195] [pid:43828] [zcode-host] [rpc:call] zcode-agent.syncAppRuntimePreferences OK (0.1ms)
[2026-09-24 23:34:43.199] [pid:43336] [main] [host-log] (local-1) [host] [2026-09-24 23:34:43.195] [pid:43828] [zcode-host] [rpc:call] bots.syncAppRuntimePreferences OK (0.1ms)
[2026-09-24 23:34:43.200] [pid:43336] [main] [host-log] (local-1) [host] [2026-09-24 23:34:43.195] [pid:43828] [zcode-host] [rpc:listen] zcode-agent.onDynamicCuaPermissionObservation subscribed
[2026-09-24 23:34:43.200] [pid:43336] [main] [host-log] (local-1) [host] [2026-09-24 23:34:43.195] [pid:43828] [zcode-host] [rpc:listen] broadcast.onMessage subscribed
[2026-09-24 23:34:43.201] [pid:43336] [main] [host-log] (local-1) [host] [2026-09-24 23:34:43.196] [pid:43828] [oauthService] restoreCachedSession skipped: no active provider
[2026-09-24 23:34:43.202] [pid:43336] [main] [host-log] (local-1) [host] [2026-09-24 23:34:43.196] [pid:43828] [zcode-host] [rpc:call] oauth.restoreCachedSessionState OK (0.3ms)
[Z1 child] [2026-09-24 23:34:43.202] [pid:43828] [settingService] read result: {"recentProjects":[],"locale":"zh-CN","localePreference":"zh-CN","terminalInheritSystemProfile":true,"embeddedBrowserAllowInsecureCertificates":false,"embeddedBrowserViewportPreference":{"mode":"normal","viewport":{"width":393,"height":852},"zoom":"fit"},"computerUseComposerEntryHidden":true,"taskAutoArchiveEnabled":false,"taskAutoArchiveOlderThanDays":7,"closeToTrayOnWindows":false,"closeToTrayOnWindowsMigrationInitialized":true,"keepAwakeWhileRunning":false,"desktopWindowSize":{"width":1600,"height":1000,"maximized":false},"desktopChromiumHardwareAccelerationEnabled":true,"messageStreamShowReasoning":true,"messageStreamShowReasoningMigrationInitialized":true,"messageStreamShowTodos":false,"toolGroupingExploreEnabled":true,"toolGroupingTerminalEnabled":true,"toolGroupingChangesEnabled":false,"zcodeInteractionBehavior":"queue","askUserQuestionAutoResolutionEnabled":false,"modelIoFullRetentionEnabled":false,"startPlanRecommendationDismissed":false,"providerFamilyConnectionSelections":{},"providerFamilyDomain":"zai","providerFamilyDomainUpdatedAt":1790264072876,"providerFamilyDomainMigrated":true,"nativeSearchEnhancementsEnabled":true,"memoryEnabled":false,"lastWorkspaceSession":[{"kind":"local","workspacePath":"C:\\Users\\USER\\Desktop\\Personal\\ZCode\\.tmp\\z1-native-1790264068639-fd284e\\workspace","workspacePurpose":"project"},{"kind":"local","workspacePath":"C:\\Users\\USER\\Desktop\\Personal\\ZCode\\.tmp\\z1-native-1790264068639-fd284e\\data\\.zcode\\workspace\\default","workspacePurpose":"conversation"}],"lastActiveTabIndex":0,"receivePreviewUpdates":false,"autoDownloadAndInstallUpdates":false,"skippedElectronUpdateVersions":{},"settingsSyncFirstRunPromptHandled":true}
[2026-09-24 23:34:43.202] [pid:43828] [zcode-host] [rpc:call] setting.get OK (7.3ms)
[2026-09-24 23:34:43.203] [pid:43336] [main] [host-log] (local-1) [host] [2026-09-24 23:34:43.202] [pid:43828] [zcode-host] [rpc:call] setting.get OK (7.3ms)
[2026-09-24 23:34:43.207] [pid:43336] [main] [host-log] (local-1) [host] [2026-09-24 23:34:43.207] [pid:43828] [zcode-host] [rpc:call] coding-plan-subscription.getDynamicWorkflowClientConfig OK (27.1ms)
[Z1 child] [2026-09-24 23:34:43.207] [pid:43828] [zcode-host] [rpc:call] coding-plan-subscription.getDynamicWorkflowClientConfig OK (27.1ms)
[Z1 child] [2026-09-24 23:34:43.226] [pid:43828] [settingService] reading settings from: C:\Users\USER\Desktop\Personal\ZCode\.tmp\z1-native-1790264068639-fd284e\home\.zcode\v2\setting.json
[Z1 child] [2026-09-24 23:34:43.228] [pid:43828] [settingService] read result: {"recentProjects":[],"locale":"zh-CN","localePreference":"zh-CN","terminalInheritSystemProfile":true,"embeddedBrowserAllowInsecureCertificates":false,"embeddedBrowserViewportPreference":{"mode":"normal","viewport":{"width":393,"height":852},"zoom":"fit"},"computerUseComposerEntryHidden":true,"taskAutoArchiveEnabled":false,"taskAutoArchiveOlderThanDays":7,"closeToTrayOnWindows":false,"closeToTrayOnWindowsMigrationInitialized":true,"keepAwakeWhileRunning":false,"desktopWindowSize":{"width":1600,"height":1000,"maximized":false},"desktopChromiumHardwareAccelerationEnabled":true,"messageStreamShowReasoning":true,"messageStreamShowReasoningMigrationInitialized":true,"messageStreamShowTodos":false,"toolGroupingExploreEnabled":true,"toolGroupingTerminalEnabled":true,"toolGroupingChangesEnabled":false,"zcodeInteractionBehavior":"queue","askUserQuestionAutoResolutionEnabled":false,"modelIoFullRetentionEnabled":false,"startPlanRecommendationDismissed":false,"providerFamilyConnectionSelections":{},"providerFamilyDomain":"zai","providerFamilyDomainUpdatedAt":1790264072876,"providerFamilyDomainMigrated":true,"nativeSearchEnhancementsEnabled":true,"memoryEnabled":false,"lastWorkspaceSession":[{"kind":"local","workspacePath":"C:\\Users\\USER\\Desktop\\Personal\\ZCode\\.tmp\\z1-native-1790264068639-fd284e\\workspace","workspacePurpose":"project"},{"kind":"local","workspacePath":"C:\\Users\\USER\\Desktop\\Personal\\ZCode\\.tmp\\z1-native-1790264068639-fd284e\\data\\.zcode\\workspace\\default","workspacePurpose":"conversation"}],"lastActiveTabIndex":0,"receivePreviewUpdates":false,"autoDownloadAndInstallUpdates":false,"skippedElectronUpdateVersions":{},"settingsSyncFirstRunPromptHandled":true}
[Z1 child] [2026-09-24 23:34:43.228] [pid:43828] [settingService] reading settings from: C:\Users\USER\Desktop\Personal\ZCode\.tmp\z1-native-1790264068639-fd284e\home\.zcode\v2\setting.json
[Z1 child] [2026-09-24 23:34:43.229] [pid:43828] [settingService] read result: {"recentProjects":[],"locale":"zh-CN","localePreference":"zh-CN","terminalInheritSystemProfile":true,"embeddedBrowserAllowInsecureCertificates":false,"embeddedBrowserViewportPreference":{"mode":"normal","viewport":{"width":393,"height":852},"zoom":"fit"},"computerUseComposerEntryHidden":true,"taskAutoArchiveEnabled":false,"taskAutoArchiveOlderThanDays":7,"closeToTrayOnWindows":false,"closeToTrayOnWindowsMigrationInitialized":true,"keepAwakeWhileRunning":false,"desktopWindowSize":{"width":1600,"height":1000,"maximized":false},"desktopChromiumHardwareAccelerationEnabled":true,"messageStreamShowReasoning":true,"messageStreamShowReasoningMigrationInitialized":true,"messageStreamShowTodos":false,"toolGroupingExploreEnabled":true,"toolGroupingTerminalEnabled":true,"toolGroupingChangesEnabled":false,"zcodeInteractionBehavior":"queue","askUserQuestionAutoResolutionEnabled":false,"modelIoFullRetentionEnabled":false,"startPlanRecommendationDismissed":false,"providerFamilyConnectionSelections":{},"providerFamilyDomain":"zai","providerFamilyDomainUpdatedAt":1790264072876,"providerFamilyDomainMigrated":true,"nativeSearchEnhancementsEnabled":true,"memoryEnabled":false,"lastWorkspaceSession":[{"kind":"local","workspacePath":"C:\\Users\\USER\\Desktop\\Personal\\ZCode\\.tmp\\z1-native-1790264068639-fd284e\\workspace","workspacePurpose":"project"},{"kind":"local","workspacePath":"C:\\Users\\USER\\Desktop\\Personal\\ZCode\\.tmp\\z1-native-1790264068639-fd284e\\data\\.zcode\\workspace\\default","workspacePurpose":"conversation"}],"lastActiveTabIndex":0,"receivePreviewUpdates":false,"autoDownloadAndInstallUpdates":false,"skippedElectronUpdateVersions":{},"settingsSyncFirstRunPromptHandled":true}
[Z1 child] [2026-09-24 23:34:43.249] [pid:43828] [provider-config] ZCode Built-in 刷新检查 { result: 'skipped', reason: 'not-due' }
[Z1 child] [2026-09-24 23:34:43.275] [pid:43828] [settingService] reading settings from: C:\Users\USER\Desktop\Personal\ZCode\.tmp\z1-native-1790264068639-fd284e\home\.zcode\v2\setting.json
[Z1 child] [2026-09-24 23:34:43.276] [pid:43828] [settingService] read result: {"recentProjects":[],"locale":"zh-CN","localePreference":"zh-CN","terminalInheritSystemProfile":true,"embeddedBrowserAllowInsecureCertificates":false,"embeddedBrowserViewportPreference":{"mode":"normal","viewport":{"width":393,"height":852},"zoom":"fit"},"computerUseComposerEntryHidden":true,"taskAutoArchiveEnabled":false,"taskAutoArchiveOlderThanDays":7,"closeToTrayOnWindows":false,"closeToTrayOnWindowsMigrationInitialized":true,"keepAwakeWhileRunning":false,"desktopWindowSize":{"width":1600,"height":1000,"maximized":false},"desktopChromiumHardwareAccelerationEnabled":true,"messageStreamShowReasoning":true,"messageStreamShowReasoningMigrationInitialized":true,"messageStreamShowTodos":false,"toolGroupingExploreEnabled":true,"toolGroupingTerminalEnabled":true,"toolGroupingChangesEnabled":false,"zcodeInteractionBehavior":"queue","askUserQuestionAutoResolutionEnabled":false,"modelIoFullRetentionEnabled":false,"startPlanRecommendationDismissed":false,"providerFamilyConnectionSelections":{},"providerFamilyDomain":"zai","providerFamilyDomainUpdatedAt":1790264072876,"providerFamilyDomainMigrated":true,"nativeSearchEnhancementsEnabled":true,"memoryEnabled":false,"lastWorkspaceSession":[{"kind":"local","workspacePath":"C:\\Users\\USER\\Desktop\\Personal\\ZCode\\.tmp\\z1-native-1790264068639-fd284e\\workspace","workspacePurpose":"project"},{"kind":"local","workspacePath":"C:\\Users\\USER\\Desktop\\Personal\\ZCode\\.tmp\\z1-native-1790264068639-fd284e\\data\\.zcode\\workspace\\default","workspacePurpose":"conversation"}],"lastActiveTabIndex":0,"receivePreviewUpdates":false,"autoDownloadAndInstallUpdates":false,"skippedElectronUpdateVersions":{},"settingsSyncFirstRunPromptHandled":true}
[Z1 child] [2026-09-24 23:34:43.276] [pid:43828] [settingService] reading settings from: C:\Users\USER\Desktop\Personal\ZCode\.tmp\z1-native-1790264068639-fd284e\home\.zcode\v2\setting.json
[Z1 child] [2026-09-24 23:34:43.277] [pid:43828] [settingService] read result: {"recentProjects":[],"locale":"zh-CN","localePreference":"zh-CN","terminalInheritSystemProfile":true,"embeddedBrowserAllowInsecureCertificates":false,"embeddedBrowserViewportPreference":{"mode":"normal","viewport":{"width":393,"height":852},"zoom":"fit"},"computerUseComposerEntryHidden":true,"taskAutoArchiveEnabled":false,"taskAutoArchiveOlderThanDays":7,"closeToTrayOnWindows":false,"closeToTrayOnWindowsMigrationInitialized":true,"keepAwakeWhileRunning":false,"desktopWindowSize":{"width":1600,"height":1000,"maximized":false},"desktopChromiumHardwareAccelerationEnabled":true,"messageStreamShowReasoning":true,"messageStreamShowReasoningMigrationInitialized":true,"messageStreamShowTodos":false,"toolGroupingExploreEnabled":true,"toolGroupingTerminalEnabled":true,"toolGroupingChangesEnabled":false,"zcodeInteractionBehavior":"queue","askUserQuestionAutoResolutionEnabled":false,"modelIoFullRetentionEnabled":false,"startPlanRecommendationDismissed":false,"providerFamilyConnectionSelections":{},"providerFamilyDomain":"zai","providerFamilyDomainUpdatedAt":1790264072876,"providerFamilyDomainMigrated":true,"nativeSearchEnhancementsEnabled":true,"memoryEnabled":false,"lastWorkspaceSession":[{"kind":"local","workspacePath":"C:\\Users\\USER\\Desktop\\Personal\\ZCode\\.tmp\\z1-native-1790264068639-fd284e\\workspace","workspacePurpose":"project"},{"kind":"local","workspacePath":"C:\\Users\\USER\\Desktop\\Personal\\ZCode\\.tmp\\z1-native-1790264068639-fd284e\\data\\.zcode\\workspace\\default","workspacePurpose":"conversation"}],"lastActiveTabIndex":0,"receivePreviewUpdates":false,"autoDownloadAndInstallUpdates":false,"skippedElectronUpdateVersions":{},"settingsSyncFirstRunPromptHandled":true}
[Z1 child] [2026-09-24 23:34:43.278] [pid:43828] [settingService] reading settings from: C:\Users\USER\Desktop\Personal\ZCode\.tmp\z1-native-1790264068639-fd284e\home\.zcode\v2\setting.json
[Z1 child] [2026-09-24 23:34:43.278] [pid:43828] [settingService] read result: {"recentProjects":[],"locale":"zh-CN","localePreference":"zh-CN","terminalInheritSystemProfile":true,"embeddedBrowserAllowInsecureCertificates":false,"embeddedBrowserViewportPreference":{"mode":"normal","viewport":{"width":393,"height":852},"zoom":"fit"},"computerUseComposerEntryHidden":true,"taskAutoArchiveEnabled":false,"taskAutoArchiveOlderThanDays":7,"closeToTrayOnWindows":false,"closeToTrayOnWindowsMigrationInitialized":true,"keepAwakeWhileRunning":false,"desktopWindowSize":{"width":1600,"height":1000,"maximized":false},"desktopChromiumHardwareAccelerationEnabled":true,"messageStreamShowReasoning":true,"messageStreamShowReasoningMigrationInitialized":true,"messageStreamShowTodos":false,"toolGroupingExploreEnabled":true,"toolGroupingTerminalEnabled":true,"toolGroupingChangesEnabled":false,"zcodeInteractionBehavior":"queue","askUserQuestionAutoResolutionEnabled":false,"modelIoFullRetentionEnabled":false,"startPlanRecommendationDismissed":false,"providerFamilyConnectionSelections":{},"providerFamilyDomain":"zai","providerFamilyDomainUpdatedAt":1790264072876,"providerFamilyDomainMigrated":true,"nativeSearchEnhancementsEnabled":true,"memoryEnabled":false,"lastWorkspaceSession":[{"kind":"local","workspacePath":"C:\\Users\\USER\\Desktop\\Personal\\ZCode\\.tmp\\z1-native-1790264068639-fd284e\\workspace","workspacePurpose":"project"},{"kind":"local","workspacePath":"C:\\Users\\USER\\Desktop\\Personal\\ZCode\\.tmp\\z1-native-1790264068639-fd284e\\data\\.zcode\\workspace\\default","workspacePurpose":"conversation"}],"lastActiveTabIndex":0,"receivePreviewUpdates":false,"autoDownloadAndInstallUpdates":false,"skippedElectronUpdateVersions":{},"settingsSyncFirstRunPromptHandled":true}
[Z1 child] [2026-09-24 23:34:43.279] [pid:43828] [settingService] reading settings from: C:\Users\USER\Desktop\Personal\ZCode\.tmp\z1-native-1790264068639-fd284e\home\.zcode\v2\setting.json
[Z1 child] [2026-09-24 23:34:43.280] [pid:43828] [settingService] read result: {"recentProjects":[],"locale":"zh-CN","localePreference":"zh-CN","terminalInheritSystemProfile":true,"embeddedBrowserAllowInsecureCertificates":false,"embeddedBrowserViewportPreference":{"mode":"normal","viewport":{"width":393,"height":852},"zoom":"fit"},"computerUseComposerEntryHidden":true,"taskAutoArchiveEnabled":false,"taskAutoArchiveOlderThanDays":7,"closeToTrayOnWindows":false,"closeToTrayOnWindowsMigrationInitialized":true,"keepAwakeWhileRunning":false,"desktopWindowSize":{"width":1600,"height":1000,"maximized":false},"desktopChromiumHardwareAccelerationEnabled":true,"messageStreamShowReasoning":true,"messageStreamShowReasoningMigrationInitialized":true,"messageStreamShowTodos":false,"toolGroupingExploreEnabled":true,"toolGroupingTerminalEnabled":true,"toolGroupingChangesEnabled":false,"zcodeInteractionBehavior":"queue","askUserQuestionAutoResolutionEnabled":false,"modelIoFullRetentionEnabled":false,"startPlanRecommendationDismissed":false,"providerFamilyConnectionSelections":{},"providerFamilyDomain":"zai","providerFamilyDomainUpdatedAt":1790264072876,"providerFamilyDomainMigrated":true,"nativeSearchEnhancementsEnabled":true,"memoryEnabled":false,"lastWorkspaceSession":[{"kind":"local","workspacePath":"C:\\Users\\USER\\Desktop\\Personal\\ZCode\\.tmp\\z1-native-1790264068639-fd284e\\workspace","workspacePurpose":"project"},{"kind":"local","workspacePath":"C:\\Users\\USER\\Desktop\\Personal\\ZCode\\.tmp\\z1-native-1790264068639-fd284e\\data\\.zcode\\workspace\\default","workspacePurpose":"conversation"}],"lastActiveTabIndex":0,"receivePreviewUpdates":false,"autoDownloadAndInstallUpdates":false,"skippedElectronUpdateVersions":{},"settingsSyncFirstRunPromptHandled":true}
[Z1 child] [2026-09-24 23:34:43.298] [pid:43828] [provider-runtime][trace:Provider Registry 已就绪] {
  configRevision: '["zcode-builtin:30:bdfc02495843e52b8fd7cab464627aac30268a606dd11c83bfce8088e3cd2caa","2915b997aefbd6c7fe8ccfc87153713dc11851987034eec5a515e9660ac81b0e"]',
  providerCount: 0
}
[2026-09-24 23:34:43.298] [pid:43336] [main] [host-log] (local-1) [host] [2026-09-24 23:34:43.298] [pid:43828] [provider-runtime][trace:Provider Registry 已就绪] {"configRevision":"[\"zcode-builtin:30:bdfc02495843e52b8fd7cab464627aac30268a606dd11c83bfce8088e3cd2caa\",\"2915b997aefbd6c7fe8ccfc87153713dc11851987034eec5a515e9660ac81b0e\"]","providerCount":0}
[2026-09-24 23:34:43.299] [pid:43336] [main] [host-log] (local-1) [host] [2026-09-24 23:34:43.299] [pid:43828] [zcode-host] [rpc:call] provider-settings.getView OK (118.3ms)
[2026-09-24 23:34:43.300] [pid:43336] [main] [host-log] (local-1) [host] [2026-09-24 23:34:43.299] [pid:43828] [zcode-host] [rpc:call] provider-settings.getView OK (118.1ms)
[Z1 child] [2026-09-24 23:34:43.299] [pid:43828] [settingService] reading settings from: C:\Users\USER\Desktop\Personal\ZCode\.tmp\z1-native-1790264068639-fd284e\home\.zcode\v2\setting.json
[2026-09-24 23:34:43.299] [pid:43828] [zcode-host] [rpc:call] provider-settings.getView OK (118.3ms)
[2026-09-24 23:34:43.299] [pid:43828] [zcode-host] [rpc:call] provider-settings.getView OK (118.1ms)
[2026-09-24 23:34:43.300] [pid:43828] [settingService] read result: {"recentProjects":[],"locale":"zh-CN","localePreference":"zh-CN","terminalInheritSystemProfile":true,"embeddedBrowserAllowInsecureCertificates":false,"embeddedBrowserViewportPreference":{"mode":"normal","viewport":{"width":393,"height":852},"zoom":"fit"},"computerUseComposerEntryHidden":true,"taskAutoArchiveEnabled":false,"taskAutoArchiveOlderThanDays":7,"closeToTrayOnWindows":false,"closeToTrayOnWindowsMigrationInitialized":true,"keepAwakeWhileRunning":false,"desktopWindowSize":{"width":1600,"height":1000,"maximized":false},"desktopChromiumHardwareAccelerationEnabled":true,"messageStreamShowReasoning":true,"messageStreamShowReasoningMigrationInitialized":true,"messageStreamShowTodos":false,"toolGroupingExploreEnabled":true,"toolGroupingTerminalEnabled":true,"toolGroupingChangesEnabled":false,"zcodeInteractionBehavior":"queue","askUserQuestionAutoResolutionEnabled":false,"modelIoFullRetentionEnabled":false,"startPlanRecommendationDismissed":false,"providerFamilyConnectionSelections":{},"providerFamilyDomain":"zai","providerFamilyDomainUpdatedAt":1790264072876,"providerFamilyDomainMigrated":true,"nativeSearchEnhancementsEnabled":true,"memoryEnabled":false,"lastWorkspaceSession":[{"kind":"local","workspacePath":"C:\\Users\\USER\\Desktop\\Personal\\ZCode\\.tmp\\z1-native-1790264068639-fd284e\\workspace","workspacePurpose":"project"},{"kind":"local","workspacePath":"C:\\Users\\USER\\Desktop\\Personal\\ZCode\\.tmp\\z1-native-1790264068639-fd284e\\data\\.zcode\\workspace\\default","workspacePurpose":"conversation"}],"lastActiveTabIndex":0,"receivePreviewUpdates":false,"autoDownloadAndInstallUpdates":false,"skippedElectronUpdateVersions":{},"settingsSyncFirstRunPromptHandled":true}
[2026-09-24 23:34:43.300] [pid:43828] [settingService] reading settings from: C:\Users\USER\Desktop\Personal\ZCode\.tmp\z1-native-1790264068639-fd284e\home\.zcode\v2\setting.json
[2026-09-24 23:34:43.301] [pid:43828] [zcode-agent-service] provider/model 尚未就绪，ZCode agent 保持未启动 {
  providerCount: 0,
  revision: 'model-selection:1',
  workspaceKey: 'C:\\Users\\USER\\Desktop\\Personal\\ZCode\\.tmp\\z1-native-1790264068639-fd284e\\workspace',
  workspacePath: 'C:\\Users\\USER\\Desktop\\Personal\\ZCode\\.tmp\\z1-native-1790264068639-fd284e\\workspace'
}
[2026-09-24 23:34:43.301] [pid:43336] [main] [host-log] (local-1) [host] [2026-09-24 23:34:43.301] [pid:43828] [zcode-agent-service] provider/model 尚未就绪，ZCode agent 保持未启动 {"providerCount":0,"revision":"model-selection:1","workspaceKey":"C:\\Users\\USER\\Desktop\\Personal\\ZCode\\.tmp\\z1-native-1790264068639-fd284e\\workspace","workspacePath":"C:\\Users\\USER\\Desktop\\Personal\\ZCode\\.tmp\\z1-native-1790264068639-fd284e\\workspace"}
[Z1 child] [2026-09-24 23:34:43.301] [pid:43828] [zcode-agent-service] ZCode agent 等待 provider/model 就绪 {
  durationMs: 172,
  message: '当前没有可用的模型供应商和模型，请先登录或配置 API Key。',
  workspaceKey: 'C:\\Users\\USER\\Desktop\\Personal\\ZCode\\.tmp\\z1-native-1790264068639-fd284e\\workspace',
  workspacePath: 'C:\\Users\\USER\\Desktop\\Personal\\ZCode\\.tmp\\z1-native-1790264068639-fd284e\\workspace'
}
[2026-09-24 23:34:43.301] [pid:43828] [zcode-host] ZCode agent warmup waiting for provider/model (local host init (1/1)) workspace=C:\Users\USER\Desktop\Personal\ZCode\.tmp\z1-native-1790264068639-fd284e\workspace
[2026-09-24 23:34:43.302] [pid:43828] [zcode-host] [rpc:call] model-selection.getView OK (121.2ms)
[2026-09-24 23:34:43.302] [pid:43336] [main] [host-log] (local-1) [host] [2026-09-24 23:34:43.301] [pid:43828] [zcode-agent-service] ZCode agent 等待 provider/model 就绪 {"durationMs":172,"message":"当前没有可用的模型供应商和模型，请先登录或配置 API Key。","workspaceKey":"C:\\Users\\USER\\Desktop\\Personal\\ZCode\\.tmp\\z1-native-1790264068639-fd284e\\workspace","workspacePath":"C:\\Users\\USER\\Desktop\\Personal\\ZCode\\.tmp\\z1-native-1790264068639-fd284e\\workspace"}
[2026-09-24 23:34:43.302] [pid:43336] [main] [host-log] (local-1) [host] [2026-09-24 23:34:43.301] [pid:43828] [zcode-host] ZCode agent warmup waiting for provider/model (local host init (1/1)) workspace=C:\Users\USER\Desktop\Personal\ZCode\.tmp\z1-native-1790264068639-fd284e\workspace
[Z1 child] [2026-09-24 23:34:43.302] [pid:43828] [zcode-host] [rpc:call] credential.load OK (0.5ms)
[2026-09-24 23:34:43.302] [pid:43828] [zcode-host] [rpc:call] credential.load OK (0.5ms)
[2026-09-24 23:34:43.302] [pid:43828] [settingService] read result: {"recentProjects":[],"locale":"zh-CN","localePreference":"zh-CN","terminalInheritSystemProfile":true,"embeddedBrowserAllowInsecureCertificates":false,"embeddedBrowserViewportPreference":{"mode":"normal","viewport":{"width":393,"height":852},"zoom":"fit"},"computerUseComposerEntryHidden":true,"taskAutoArchiveEnabled":false,"taskAutoArchiveOlderThanDays":7,"closeToTrayOnWindows":false,"closeToTrayOnWindowsMigrationInitialized":true,"keepAwakeWhileRunning":false,"desktopWindowSize":{"width":1600,"height":1000,"maximized":false},"desktopChromiumHardwareAccelerationEnabled":true,"messageStreamShowReasoning":true,"messageStreamShowReasoningMigrationInitialized":true,"messageStreamShowTodos":false,"toolGroupingExploreEnabled":true,"toolGroupingTerminalEnabled":true,"toolGroupingChangesEnabled":false,"zcodeInteractionBehavior":"queue","askUserQuestionAutoResolutionEnabled":false,"modelIoFullRetentionEnabled":false,"startPlanRecommendationDismissed":false,"providerFamilyConnectionSelections":{},"providerFamilyDomain":"zai","providerFamilyDomainUpdatedAt":1790264072876,"providerFamilyDomainMigrated":true,"nativeSearchEnhancementsEnabled":true,"memoryEnabled":false,"lastWorkspaceSession":[{"kind":"local","workspacePath":"C:\\Users\\USER\\Desktop\\Personal\\ZCode\\.tmp\\z1-native-1790264068639-fd284e\\workspace","workspacePurpose":"project"},{"kind":"local","workspacePath":"C:\\Users\\USER\\Desktop\\Personal\\ZCode\\.tmp\\z1-native-1790264068639-fd284e\\data\\.zcode\\workspace\\default","workspacePurpose":"conversation"}],"lastActiveTabIndex":0,"receivePreviewUpdates":false,"autoDownloadAndInstallUpdates":false,"skippedElectronUpdateVersions":{},"settingsSyncFirstRunPromptHandled":true}
[2026-09-24 23:34:43.303] [pid:43336] [main] [host-log] (local-1) [host] [2026-09-24 23:34:43.302] [pid:43828] [zcode-host] [rpc:call] model-selection.getView OK (121.2ms)
[2026-09-24 23:34:43.304] [pid:43336] [main] [host-log] (local-1) [host] [2026-09-24 23:34:43.302] [pid:43828] [zcode-host] [rpc:call] credential.load OK (0.5ms)
[2026-09-24 23:34:43.305] [pid:43336] [main] [host-log] (local-1) [host] [2026-09-24 23:34:43.302] [pid:43828] [zcode-host] [rpc:call] credential.load OK (0.5ms)
[Z1 child] [2026-09-24 23:34:43.308] [pid:43828] [zcode-host] [rpc:call] oauth.getProviders OK (0.1ms)
[2026-09-24 23:34:43.308] [pid:43336] [main] [host-log] (local-1) [host] [2026-09-24 23:34:43.308] [pid:43828] [zcode-host] [rpc:call] oauth.getProviders OK (0.1ms)
[2026-09-24 23:34:43.309] [pid:43336] [main] [host-log] (local-1) [host] [2026-09-24 23:34:43.308] [pid:43828] [zcode-host] [rpc:call] oauth.getProviders OK (0.0ms)
[Z1 child] [2026-09-24 23:34:43.308] [pid:43828] [zcode-host] [rpc:call] oauth.getProviders OK (0.0ms)
[Z1 child] [2026-09-24 23:34:43.320] [pid:43828] [settingService] reading settings from: C:\Users\USER\Desktop\Personal\ZCode\.tmp\z1-native-1790264068639-fd284e\home\.zcode\v2\setting.json
[Z1 child] [2026-09-24 23:34:43.322] [pid:43828] [settingService] read result: {"recentProjects":[],"locale":"zh-CN","localePreference":"zh-CN","terminalInheritSystemProfile":true,"embeddedBrowserAllowInsecureCertificates":false,"embeddedBrowserViewportPreference":{"mode":"normal","viewport":{"width":393,"height":852},"zoom":"fit"},"computerUseComposerEntryHidden":true,"taskAutoArchiveEnabled":false,"taskAutoArchiveOlderThanDays":7,"closeToTrayOnWindows":false,"closeToTrayOnWindowsMigrationInitialized":true,"keepAwakeWhileRunning":false,"desktopWindowSize":{"width":1600,"height":1000,"maximized":false},"desktopChromiumHardwareAccelerationEnabled":true,"messageStreamShowReasoning":true,"messageStreamShowReasoningMigrationInitialized":true,"messageStreamShowTodos":false,"toolGroupingExploreEnabled":true,"toolGroupingTerminalEnabled":true,"toolGroupingChangesEnabled":false,"zcodeInteractionBehavior":"queue","askUserQuestionAutoResolutionEnabled":false,"modelIoFullRetentionEnabled":false,"startPlanRecommendationDismissed":false,"providerFamilyConnectionSelections":{},"providerFamilyDomain":"zai","providerFamilyDomainUpdatedAt":1790264072876,"providerFamilyDomainMigrated":true,"nativeSearchEnhancementsEnabled":true,"memoryEnabled":false,"lastWorkspaceSession":[{"kind":"local","workspacePath":"C:\\Users\\USER\\Desktop\\Personal\\ZCode\\.tmp\\z1-native-1790264068639-fd284e\\workspace","workspacePurpose":"project"},{"kind":"local","workspacePath":"C:\\Users\\USER\\Desktop\\Personal\\ZCode\\.tmp\\z1-native-1790264068639-fd284e\\data\\.zcode\\workspace\\default","workspacePurpose":"conversation"}],"lastActiveTabIndex":0,"receivePreviewUpdates":false,"autoDownloadAndInstallUpdates":false,"skippedElectronUpdateVersions":{},"settingsSyncFirstRunPromptHandled":true}
[Z1 child] [2026-09-24 23:34:43.323] [pid:43828] [settingService] reading settings from: C:\Users\USER\Desktop\Personal\ZCode\.tmp\z1-native-1790264068639-fd284e\home\.zcode\v2\setting.json
[Z1 child] [2026-09-24 23:34:43.324] [pid:43828] [settingService] read result: {"recentProjects":[],"locale":"zh-CN","localePreference":"zh-CN","terminalInheritSystemProfile":true,"embeddedBrowserAllowInsecureCertificates":false,"embeddedBrowserViewportPreference":{"mode":"normal","viewport":{"width":393,"height":852},"zoom":"fit"},"computerUseComposerEntryHidden":true,"taskAutoArchiveEnabled":false,"taskAutoArchiveOlderThanDays":7,"closeToTrayOnWindows":false,"closeToTrayOnWindowsMigrationInitialized":true,"keepAwakeWhileRunning":false,"desktopWindowSize":{"width":1600,"height":1000,"maximized":false},"desktopChromiumHardwareAccelerationEnabled":true,"messageStreamShowReasoning":true,"messageStreamShowReasoningMigrationInitialized":true,"messageStreamShowTodos":false,"toolGroupingExploreEnabled":true,"toolGroupingTerminalEnabled":true,"toolGroupingChangesEnabled":false,"zcodeInteractionBehavior":"queue","askUserQuestionAutoResolutionEnabled":false,"modelIoFullRetentionEnabled":false,"startPlanRecommendationDismissed":false,"providerFamilyConnectionSelections":{},"providerFamilyDomain":"zai","providerFamilyDomainUpdatedAt":1790264072876,"providerFamilyDomainMigrated":true,"nativeSearchEnhancementsEnabled":true,"memoryEnabled":false,"lastWorkspaceSession":[{"kind":"local","workspacePath":"C:\\Users\\USER\\Desktop\\Personal\\ZCode\\.tmp\\z1-native-1790264068639-fd284e\\workspace","workspacePurpose":"project"},{"kind":"local","workspacePath":"C:\\Users\\USER\\Desktop\\Personal\\ZCode\\.tmp\\z1-native-1790264068639-fd284e\\data\\.zcode\\workspace\\default","workspacePurpose":"conversation"}],"lastActiveTabIndex":0,"receivePreviewUpdates":false,"autoDownloadAndInstallUpdates":false,"skippedElectronUpdateVersions":{},"settingsSyncFirstRunPromptHandled":true}
[Z1 child] [2026-09-24 23:34:43.324] [pid:43828] [settingService] reading settings from: C:\Users\USER\Desktop\Personal\ZCode\.tmp\z1-native-1790264068639-fd284e\home\.zcode\v2\setting.json
[Z1 child] [2026-09-24 23:34:43.325] [pid:43828] [settingService] reading settings from: C:\Users\USER\Desktop\Personal\ZCode\.tmp\z1-native-1790264068639-fd284e\home\.zcode\v2\setting.json
[Z1 child] [2026-09-24 23:34:43.325] [pid:43828] [settingService] read result: {"recentProjects":[],"locale":"zh-CN","localePreference":"zh-CN","terminalInheritSystemProfile":true,"embeddedBrowserAllowInsecureCertificates":false,"embeddedBrowserViewportPreference":{"mode":"normal","viewport":{"width":393,"height":852},"zoom":"fit"},"computerUseComposerEntryHidden":true,"taskAutoArchiveEnabled":false,"taskAutoArchiveOlderThanDays":7,"closeToTrayOnWindows":false,"closeToTrayOnWindowsMigrationInitialized":true,"keepAwakeWhileRunning":false,"desktopWindowSize":{"width":1600,"height":1000,"maximized":false},"desktopChromiumHardwareAccelerationEnabled":true,"messageStreamShowReasoning":true,"messageStreamShowReasoningMigrationInitialized":true,"messageStreamShowTodos":false,"toolGroupingExploreEnabled":true,"toolGroupingTerminalEnabled":true,"toolGroupingChangesEnabled":false,"zcodeInteractionBehavior":"queue","askUserQuestionAutoResolutionEnabled":false,"modelIoFullRetentionEnabled":false,"startPlanRecommendationDismissed":false,"providerFamilyConnectionSelections":{},"providerFamilyDomain":"zai","providerFamilyDomainUpdatedAt":1790264072876,"providerFamilyDomainMigrated":true,"nativeSearchEnhancementsEnabled":true,"memoryEnabled":false,"lastWorkspaceSession":[{"kind":"local","workspacePath":"C:\\Users\\USER\\Desktop\\Personal\\ZCode\\.tmp\\z1-native-1790264068639-fd284e\\workspace","workspacePurpose":"project"},{"kind":"local","workspacePath":"C:\\Users\\USER\\Desktop\\Personal\\ZCode\\.tmp\\z1-native-1790264068639-fd284e\\data\\.zcode\\workspace\\default","workspacePurpose":"conversation"}],"lastActiveTabIndex":0,"receivePreviewUpdates":false,"autoDownloadAndInstallUpdates":false,"skippedElectronUpdateVersions":{},"settingsSyncFirstRunPromptHandled":true}
[Z1 child] [2026-09-24 23:34:43.325] [pid:43828] [settingService] read result: {"recentProjects":[],"locale":"zh-CN","localePreference":"zh-CN","terminalInheritSystemProfile":true,"embeddedBrowserAllowInsecureCertificates":false,"embeddedBrowserViewportPreference":{"mode":"normal","viewport":{"width":393,"height":852},"zoom":"fit"},"computerUseComposerEntryHidden":true,"taskAutoArchiveEnabled":false,"taskAutoArchiveOlderThanDays":7,"closeToTrayOnWindows":false,"closeToTrayOnWindowsMigrationInitialized":true,"keepAwakeWhileRunning":false,"desktopWindowSize":{"width":1600,"height":1000,"maximized":false},"desktopChromiumHardwareAccelerationEnabled":true,"messageStreamShowReasoning":true,"messageStreamShowReasoningMigrationInitialized":true,"messageStreamShowTodos":false,"toolGroupingExploreEnabled":true,"toolGroupingTerminalEnabled":true,"toolGroupingChangesEnabled":false,"zcodeInteractionBehavior":"queue","askUserQuestionAutoResolutionEnabled":false,"modelIoFullRetentionEnabled":false,"startPlanRecommendationDismissed":false,"providerFamilyConnectionSelections":{},"providerFamilyDomain":"zai","providerFamilyDomainUpdatedAt":1790264072876,"providerFamilyDomainMigrated":true,"nativeSearchEnhancementsEnabled":true,"memoryEnabled":false,"lastWorkspaceSession":[{"kind":"local","workspacePath":"C:\\Users\\USER\\Desktop\\Personal\\ZCode\\.tmp\\z1-native-1790264068639-fd284e\\workspace","workspacePurpose":"project"},{"kind":"local","workspacePath":"C:\\Users\\USER\\Desktop\\Personal\\ZCode\\.tmp\\z1-native-1790264068639-fd284e\\data\\.zcode\\workspace\\default","workspacePurpose":"conversation"}],"lastActiveTabIndex":0,"receivePreviewUpdates":false,"autoDownloadAndInstallUpdates":false,"skippedElectronUpdateVersions":{},"settingsSyncFirstRunPromptHandled":true}
[Z1 child] [2026-09-24 23:34:43.326] [pid:43828] [node-api-client] zcode endpoint request headers prepared {
  headerKeys: [
    'http-referer',
    'user-agent',
    'x-client-language',
    'x-client-timezone',
    'x-device-mid',
    'x-os-category',
    'x-os-version',
    'x-platform',
    'x-release-channel',
    'x-request-id',
    'x-title',
    'x-zcode-app-version'
  ],
  method: 'GET',
  url: 'http://127.0.0.1:56784/api/v1/client/configs?app_version=3.14.0&platform=windows-x86_64'
}
[Z1 child] [2026-09-24 23:34:43.330] [pid:43828] [settingService] reading settings from: C:\Users\USER\Desktop\Personal\ZCode\.tmp\z1-native-1790264068639-fd284e\home\.zcode\v2\setting.json
[Z1 child] [2026-09-24 23:34:43.330] [pid:43828] [settingService] read result: {"recentProjects":[],"locale":"zh-CN","localePreference":"zh-CN","terminalInheritSystemProfile":true,"embeddedBrowserAllowInsecureCertificates":false,"embeddedBrowserViewportPreference":{"mode":"normal","viewport":{"width":393,"height":852},"zoom":"fit"},"computerUseComposerEntryHidden":true,"taskAutoArchiveEnabled":false,"taskAutoArchiveOlderThanDays":7,"closeToTrayOnWindows":false,"closeToTrayOnWindowsMigrationInitialized":true,"keepAwakeWhileRunning":false,"desktopWindowSize":{"width":1600,"height":1000,"maximized":false},"desktopChromiumHardwareAccelerationEnabled":true,"messageStreamShowReasoning":true,"messageStreamShowReasoningMigrationInitialized":true,"messageStreamShowTodos":false,"toolGroupingExploreEnabled":true,"toolGroupingTerminalEnabled":true,"toolGroupingChangesEnabled":false,"zcodeInteractionBehavior":"queue","askUserQuestionAutoResolutionEnabled":false,"modelIoFullRetentionEnabled":false,"startPlanRecommendationDismissed":false,"providerFamilyConnectionSelections":{},"providerFamilyDomain":"zai","providerFamilyDomainUpdatedAt":1790264072876,"providerFamilyDomainMigrated":true,"nativeSearchEnhancementsEnabled":true,"memoryEnabled":false,"lastWorkspaceSession":[{"kind":"local","workspacePath":"C:\\Users\\USER\\Desktop\\Personal\\ZCode\\.tmp\\z1-native-1790264068639-fd284e\\workspace","workspacePurpose":"project"},{"kind":"local","workspacePath":"C:\\Users\\USER\\Desktop\\Personal\\ZCode\\.tmp\\z1-native-1790264068639-fd284e\\data\\.zcode\\workspace\\default","workspacePurpose":"conversation"}],"lastActiveTabIndex":0,"receivePreviewUpdates":false,"autoDownloadAndInstallUpdates":false,"skippedElectronUpdateVersions":{},"settingsSyncFirstRunPromptHandled":true}
[Z1 child] [2026-09-24 23:34:43.345] [pid:43828] [settingService] reading settings from: C:\Users\USER\Desktop\Personal\ZCode\.tmp\z1-native-1790264068639-fd284e\home\.zcode\v2\setting.json
[Z1 child] [2026-09-24 23:34:43.349] [pid:43828] [settingService] read result: {"recentProjects":[],"locale":"zh-CN","localePreference":"zh-CN","terminalInheritSystemProfile":true,"embeddedBrowserAllowInsecureCertificates":false,"embeddedBrowserViewportPreference":{"mode":"normal","viewport":{"width":393,"height":852},"zoom":"fit"},"computerUseComposerEntryHidden":true,"taskAutoArchiveEnabled":false,"taskAutoArchiveOlderThanDays":7,"closeToTrayOnWindows":false,"closeToTrayOnWindowsMigrationInitialized":true,"keepAwakeWhileRunning":false,"desktopWindowSize":{"width":1600,"height":1000,"maximized":false},"desktopChromiumHardwareAccelerationEnabled":true,"messageStreamShowReasoning":true,"messageStreamShowReasoningMigrationInitialized":true,"messageStreamShowTodos":false,"toolGroupingExploreEnabled":true,"toolGroupingTerminalEnabled":true,"toolGroupingChangesEnabled":false,"zcodeInteractionBehavior":"queue","askUserQuestionAutoResolutionEnabled":false,"modelIoFullRetentionEnabled":false,"startPlanRecommendationDismissed":false,"providerFamilyConnectionSelections":{},"providerFamilyDomain":"zai","providerFamilyDomainUpdatedAt":1790264072876,"providerFamilyDomainMigrated":true,"nativeSearchEnhancementsEnabled":true,"memoryEnabled":false,"lastWorkspaceSession":[{"kind":"local","workspacePath":"C:\\Users\\USER\\Desktop\\Personal\\ZCode\\.tmp\\z1-native-1790264068639-fd284e\\workspace","workspacePurpose":"project"},{"kind":"local","workspacePath":"C:\\Users\\USER\\Desktop\\Personal\\ZCode\\.tmp\\z1-native-1790264068639-fd284e\\data\\.zcode\\workspace\\default","workspacePurpose":"conversation"}],"lastActiveTabIndex":0,"receivePreviewUpdates":false,"autoDownloadAndInstallUpdates":false,"skippedElectronUpdateVersions":{},"settingsSyncFirstRunPromptHandled":true}
[Z1 child] [2026-09-24 23:34:43.351] [pid:43828] [provider-config] ZCode Built-in 刷新检查 { result: 'missing' }
[Z1 child] [2026-09-24 23:34:43.353] [pid:43828] [zcode-host] [rpc:call] oauth.getActiveProvider OK (0.2ms)
[2026-09-24 23:34:43.354] [pid:43336] [main] [host-log] (local-1) [host] [2026-09-24 23:34:43.353] [pid:43828] [zcode-host] [rpc:call] oauth.getActiveProvider OK (0.2ms)
[Z1 child] [2026-09-24 23:34:43.354] [pid:43828] [zcode-host] [rpc:call] oauth.getActiveProvider OK (0.3ms)
[2026-09-24 23:34:43.355] [pid:43336] [main] [host-log] (local-1) [host] [2026-09-24 23:34:43.354] [pid:43828] [zcode-host] [rpc:call] oauth.getActiveProvider OK (0.3ms)
[Z1 child] [2026-09-24 23:34:43.364] [pid:43828] [settingService] reading settings from: C:\Users\USER\Desktop\Personal\ZCode\.tmp\z1-native-1790264068639-fd284e\home\.zcode\v2\setting.json
[Z1 child] [2026-09-24 23:34:43.364] [pid:43828] [settingService] read result: {"recentProjects":[],"locale":"zh-CN","localePreference":"zh-CN","terminalInheritSystemProfile":true,"embeddedBrowserAllowInsecureCertificates":false,"embeddedBrowserViewportPreference":{"mode":"normal","viewport":{"width":393,"height":852},"zoom":"fit"},"computerUseComposerEntryHidden":true,"taskAutoArchiveEnabled":false,"taskAutoArchiveOlderThanDays":7,"closeToTrayOnWindows":false,"closeToTrayOnWindowsMigrationInitialized":true,"keepAwakeWhileRunning":false,"desktopWindowSize":{"width":1600,"height":1000,"maximized":false},"desktopChromiumHardwareAccelerationEnabled":true,"messageStreamShowReasoning":true,"messageStreamShowReasoningMigrationInitialized":true,"messageStreamShowTodos":false,"toolGroupingExploreEnabled":true,"toolGroupingTerminalEnabled":true,"toolGroupingChangesEnabled":false,"zcodeInteractionBehavior":"queue","askUserQuestionAutoResolutionEnabled":false,"modelIoFullRetentionEnabled":false,"startPlanRecommendationDismissed":false,"providerFamilyConnectionSelections":{},"providerFamilyDomain":"zai","providerFamilyDomainUpdatedAt":1790264072876,"providerFamilyDomainMigrated":true,"nativeSearchEnhancementsEnabled":true,"memoryEnabled":false,"lastWorkspaceSession":[{"kind":"local","workspacePath":"C:\\Users\\USER\\Desktop\\Personal\\ZCode\\.tmp\\z1-native-1790264068639-fd284e\\workspace","workspacePurpose":"project"},{"kind":"local","workspacePath":"C:\\Users\\USER\\Desktop\\Personal\\ZCode\\.tmp\\z1-native-1790264068639-fd284e\\data\\.zcode\\workspace\\default","workspacePurpose":"conversation"}],"lastActiveTabIndex":0,"receivePreviewUpdates":false,"autoDownloadAndInstallUpdates":false,"skippedElectronUpdateVersions":{},"settingsSyncFirstRunPromptHandled":true}
[Z1 child] [2026-09-24 23:34:43.365] [pid:43828] [settingService] reading settings from: C:\Users\USER\Desktop\Personal\ZCode\.tmp\z1-native-1790264068639-fd284e\home\.zcode\v2\setting.json
[Z1 child] [2026-09-24 23:34:43.365] [pid:43828] [settingService] read result: {"recentProjects":[],"locale":"zh-CN","localePreference":"zh-CN","terminalInheritSystemProfile":true,"embeddedBrowserAllowInsecureCertificates":false,"embeddedBrowserViewportPreference":{"mode":"normal","viewport":{"width":393,"height":852},"zoom":"fit"},"computerUseComposerEntryHidden":true,"taskAutoArchiveEnabled":false,"taskAutoArchiveOlderThanDays":7,"closeToTrayOnWindows":false,"closeToTrayOnWindowsMigrationInitialized":true,"keepAwakeWhileRunning":false,"desktopWindowSize":{"width":1600,"height":1000,"maximized":false},"desktopChromiumHardwareAccelerationEnabled":true,"messageStreamShowReasoning":true,"messageStreamShowReasoningMigrationInitialized":true,"messageStreamShowTodos":false,"toolGroupingExploreEnabled":true,"toolGroupingTerminalEnabled":true,"toolGroupingChangesEnabled":false,"zcodeInteractionBehavior":"queue","askUserQuestionAutoResolutionEnabled":false,"modelIoFullRetentionEnabled":false,"startPlanRecommendationDismissed":false,"providerFamilyConnectionSelections":{},"providerFamilyDomain":"zai","providerFamilyDomainUpdatedAt":1790264072876,"providerFamilyDomainMigrated":true,"nativeSearchEnhancementsEnabled":true,"memoryEnabled":false,"lastWorkspaceSession":[{"kind":"local","workspacePath":"C:\\Users\\USER\\Desktop\\Personal\\ZCode\\.tmp\\z1-native-1790264068639-fd284e\\workspace","workspacePurpose":"project"},{"kind":"local","workspacePath":"C:\\Users\\USER\\Desktop\\Personal\\ZCode\\.tmp\\z1-native-1790264068639-fd284e\\data\\.zcode\\workspace\\default","workspacePurpose":"conversation"}],"lastActiveTabIndex":0,"receivePreviewUpdates":false,"autoDownloadAndInstallUpdates":false,"skippedElectronUpdateVersions":{},"settingsSyncFirstRunPromptHandled":true}
[Z1 child] [2026-09-24 23:34:43.365] [pid:43828] [settingService] reading settings from: C:\Users\USER\Desktop\Personal\ZCode\.tmp\z1-native-1790264068639-fd284e\home\.zcode\v2\setting.json
[Z1 child] [2026-09-24 23:34:43.366] [pid:43828] [settingService] read result: {"recentProjects":[],"locale":"zh-CN","localePreference":"zh-CN","terminalInheritSystemProfile":true,"embeddedBrowserAllowInsecureCertificates":false,"embeddedBrowserViewportPreference":{"mode":"normal","viewport":{"width":393,"height":852},"zoom":"fit"},"computerUseComposerEntryHidden":true,"taskAutoArchiveEnabled":false,"taskAutoArchiveOlderThanDays":7,"closeToTrayOnWindows":false,"closeToTrayOnWindowsMigrationInitialized":true,"keepAwakeWhileRunning":false,"desktopWindowSize":{"width":1600,"height":1000,"maximized":false},"desktopChromiumHardwareAccelerationEnabled":true,"messageStreamShowReasoning":true,"messageStreamShowReasoningMigrationInitialized":true,"messageStreamShowTodos":false,"toolGroupingExploreEnabled":true,"toolGroupingTerminalEnabled":true,"toolGroupingChangesEnabled":false,"zcodeInteractionBehavior":"queue","askUserQuestionAutoResolutionEnabled":false,"modelIoFullRetentionEnabled":false,"startPlanRecommendationDismissed":false,"providerFamilyConnectionSelections":{},"providerFamilyDomain":"zai","providerFamilyDomainUpdatedAt":1790264072876,"providerFamilyDomainMigrated":true,"nativeSearchEnhancementsEnabled":true,"memoryEnabled":false,"lastWorkspaceSession":[{"kind":"local","workspacePath":"C:\\Users\\USER\\Desktop\\Personal\\ZCode\\.tmp\\z1-native-1790264068639-fd284e\\workspace","workspacePurpose":"project"},{"kind":"local","workspacePath":"C:\\Users\\USER\\Desktop\\Personal\\ZCode\\.tmp\\z1-native-1790264068639-fd284e\\data\\.zcode\\workspace\\default","workspacePurpose":"conversation"}],"lastActiveTabIndex":0,"receivePreviewUpdates":false,"autoDownloadAndInstallUpdates":false,"skippedElectronUpdateVersions":{},"settingsSyncFirstRunPromptHandled":true}
[Z1 child] [2026-09-24 23:34:43.376] [pid:43828] [settingService] reading settings from: C:\Users\USER\Desktop\Personal\ZCode\.tmp\z1-native-1790264068639-fd284e\home\.zcode\v2\setting.json
[Z1 child] [2026-09-24 23:34:43.376] [pid:43828] [settingService] read result: {"recentProjects":[],"locale":"zh-CN","localePreference":"zh-CN","terminalInheritSystemProfile":true,"embeddedBrowserAllowInsecureCertificates":false,"embeddedBrowserViewportPreference":{"mode":"normal","viewport":{"width":393,"height":852},"zoom":"fit"},"computerUseComposerEntryHidden":true,"taskAutoArchiveEnabled":false,"taskAutoArchiveOlderThanDays":7,"closeToTrayOnWindows":false,"closeToTrayOnWindowsMigrationInitialized":true,"keepAwakeWhileRunning":false,"desktopWindowSize":{"width":1600,"height":1000,"maximized":false},"desktopChromiumHardwareAccelerationEnabled":true,"messageStreamShowReasoning":true,"messageStreamShowReasoningMigrationInitialized":true,"messageStreamShowTodos":false,"toolGroupingExploreEnabled":true,"toolGroupingTerminalEnabled":true,"toolGroupingChangesEnabled":false,"zcodeInteractionBehavior":"queue","askUserQuestionAutoResolutionEnabled":false,"modelIoFullRetentionEnabled":false,"startPlanRecommendationDismissed":false,"providerFamilyConnectionSelections":{},"providerFamilyDomain":"zai","providerFamilyDomainUpdatedAt":1790264072876,"providerFamilyDomainMigrated":true,"nativeSearchEnhancementsEnabled":true,"memoryEnabled":false,"lastWorkspaceSession":[{"kind":"local","workspacePath":"C:\\Users\\USER\\Desktop\\Personal\\ZCode\\.tmp\\z1-native-1790264068639-fd284e\\workspace","workspacePurpose":"project"},{"kind":"local","workspacePath":"C:\\Users\\USER\\Desktop\\Personal\\ZCode\\.tmp\\z1-native-1790264068639-fd284e\\data\\.zcode\\workspace\\default","workspacePurpose":"conversation"}],"lastActiveTabIndex":0,"receivePreviewUpdates":false,"autoDownloadAndInstallUpdates":false,"skippedElectronUpdateVersions":{},"settingsSyncFirstRunPromptHandled":true}
[Z1 child] [2026-09-24 23:34:43.387] [pid:43828] [settingService] reading settings from: C:\Users\USER\Desktop\Personal\ZCode\.tmp\z1-native-1790264068639-fd284e\home\.zcode\v2\setting.json
[Z1 child] [2026-09-24 23:34:43.387] [pid:43828] [settingService] read result: {"recentProjects":[],"locale":"zh-CN","localePreference":"zh-CN","terminalInheritSystemProfile":true,"embeddedBrowserAllowInsecureCertificates":false,"embeddedBrowserViewportPreference":{"mode":"normal","viewport":{"width":393,"height":852},"zoom":"fit"},"computerUseComposerEntryHidden":true,"taskAutoArchiveEnabled":false,"taskAutoArchiveOlderThanDays":7,"closeToTrayOnWindows":false,"closeToTrayOnWindowsMigrationInitialized":true,"keepAwakeWhileRunning":false,"desktopWindowSize":{"width":1600,"height":1000,"maximized":false},"desktopChromiumHardwareAccelerationEnabled":true,"messageStreamShowReasoning":true,"messageStreamShowReasoningMigrationInitialized":true,"messageStreamShowTodos":false,"toolGroupingExploreEnabled":true,"toolGroupingTerminalEnabled":true,"toolGroupingChangesEnabled":false,"zcodeInteractionBehavior":"queue","askUserQuestionAutoResolutionEnabled":false,"modelIoFullRetentionEnabled":false,"startPlanRecommendationDismissed":false,"providerFamilyConnectionSelections":{},"providerFamilyDomain":"zai","providerFamilyDomainUpdatedAt":1790264072876,"providerFamilyDomainMigrated":true,"nativeSearchEnhancementsEnabled":true,"memoryEnabled":false,"lastWorkspaceSession":[{"kind":"local","workspacePath":"C:\\Users\\USER\\Desktop\\Personal\\ZCode\\.tmp\\z1-native-1790264068639-fd284e\\workspace","workspacePurpose":"project"},{"kind":"local","workspacePath":"C:\\Users\\USER\\Desktop\\Personal\\ZCode\\.tmp\\z1-native-1790264068639-fd284e\\data\\.zcode\\workspace\\default","workspacePurpose":"conversation"}],"lastActiveTabIndex":0,"receivePreviewUpdates":false,"autoDownloadAndInstallUpdates":false,"skippedElectronUpdateVersions":{},"settingsSyncFirstRunPromptHandled":true}
[Z1 child] [2026-09-24 23:34:43.398] [pid:43828] [zcode-host] [rpc:call] provider-settings.refresh OK (212.2ms)
[2026-09-24 23:34:43.398] [pid:43828] [zcode-host] [rpc:call] provider-settings.refresh OK (197.6ms)
[2026-09-24 23:34:43.398] [pid:43336] [main] [host-log] (local-1) [host] [2026-09-24 23:34:43.398] [pid:43828] [zcode-host] [rpc:call] provider-settings.refresh OK (212.2ms)
[2026-09-24 23:34:43.399] [pid:43336] [main] [host-log] (local-1) [host] [2026-09-24 23:34:43.398] [pid:43828] [zcode-host] [rpc:call] provider-settings.refresh OK (197.6ms)
[2026-09-24 23:34:43.399] [pid:43336] [main] [host-log] (local-1) [host] [2026-09-24 23:34:43.398] [pid:43828] [zcode-host] [rpc:call] provider-settings.refresh OK (190.6ms)
[Z1 child] [2026-09-24 23:34:43.398] [pid:43828] [zcode-host] [rpc:call] provider-settings.refresh OK (190.6ms)
[Z1 child] (node:34252) ExperimentalWarning: SQLite is an experimental feature and might change at any time
(Use `electron --trace-warnings ...` to show where the warning was created)
[2026-09-24 23:34:43.508] [pid:43336] [main] [cron-scheduler] cron scheduler started
[Z1 child] [2026-09-24 23:34:43.575] [pid:43828] [settingService] reading settings from: C:\Users\USER\Desktop\Personal\ZCode\.tmp\z1-native-1790264068639-fd284e\home\.zcode\v2\setting.json
[Z1 child] [2026-09-24 23:34:43.576] [pid:43828] [settingService] read result: {"recentProjects":[],"locale":"zh-CN","localePreference":"zh-CN","terminalInheritSystemProfile":true,"embeddedBrowserAllowInsecureCertificates":false,"embeddedBrowserViewportPreference":{"mode":"normal","viewport":{"width":393,"height":852},"zoom":"fit"},"computerUseComposerEntryHidden":true,"taskAutoArchiveEnabled":false,"taskAutoArchiveOlderThanDays":7,"closeToTrayOnWindows":false,"closeToTrayOnWindowsMigrationInitialized":true,"keepAwakeWhileRunning":false,"desktopWindowSize":{"width":1600,"height":1000,"maximized":false},"desktopChromiumHardwareAccelerationEnabled":true,"messageStreamShowReasoning":true,"messageStreamShowReasoningMigrationInitialized":true,"messageStreamShowTodos":false,"toolGroupingExploreEnabled":true,"toolGroupingTerminalEnabled":true,"toolGroupingChangesEnabled":false,"zcodeInteractionBehavior":"queue","askUserQuestionAutoResolutionEnabled":false,"modelIoFullRetentionEnabled":false,"startPlanRecommendationDismissed":false,"providerFamilyConnectionSelections":{},"providerFamilyDomain":"zai","providerFamilyDomainUpdatedAt":1790264072876,"providerFamilyDomainMigrated":true,"nativeSearchEnhancementsEnabled":true,"memoryEnabled":false,"lastWorkspaceSession":[{"kind":"local","workspacePath":"C:\\Users\\USER\\Desktop\\Personal\\ZCode\\.tmp\\z1-native-1790264068639-fd284e\\workspace","workspacePurpose":"project"},{"kind":"local","workspacePath":"C:\\Users\\USER\\Desktop\\Personal\\ZCode\\.tmp\\z1-native-1790264068639-fd284e\\data\\.zcode\\workspace\\default","workspacePurpose":"conversation"}],"lastActiveTabIndex":0,"receivePreviewUpdates":false,"autoDownloadAndInstallUpdates":false,"skippedElectronUpdateVersions":{},"settingsSyncFirstRunPromptHandled":true}
[Z1 child] [2026-09-24 23:34:43.576] [pid:43828] [settingService] writing settings to: C:\Users\USER\Desktop\Personal\ZCode\.tmp\z1-native-1790264068639-fd284e\home\.zcode\v2\setting.json {"recentProjects":[],"locale":"zh-CN","localePreference":"zh-CN","terminalInheritSystemProfile":true,"embeddedBrowserAllowInsecureCertificates":false,"embeddedBrowserViewportPreference":{"mode":"normal","viewport":{"width":393,"height":852},"zoom":"fit"},"computerUseComposerEntryHidden":true,"taskAutoArchiveEnabled":false,"taskAutoArchiveOlderThanDays":7,"closeToTrayOnWindows":false,"closeToTrayOnWindowsMigrationInitialized":true,"keepAwakeWhileRunning":false,"desktopWindowSize":{"width":1600,"height":1000,"maximized":false},"desktopChromiumHardwareAccelerationEnabled":true,"messageStreamShowReasoning":true,"messageStreamShowReasoningMigrationInitialized":true,"messageStreamShowTodos":false,"toolGroupingExploreEnabled":true,"toolGroupingTerminalEnabled":true,"toolGroupingChangesEnabled":false,"zcodeInteractionBehavior":"queue","askUserQuestionAutoResolutionEnabled":false,"modelIoFullRetentionEnabled":false,"startPlanRecommendationDismissed":false,"providerFamilyConnectionSelections":{},"providerFamilyDomain":"bigmodel","providerFamilyDomainUpdatedAt":1790264083572,"providerFamilyDomainMigrated":true,"nativeSearchEnhancementsEnabled":true,"memoryEnabled":false,"lastWorkspaceSession":[{"kind":"local","workspacePath":"C:\\Users\\USER\\Desktop\\Personal\\ZCode\\.tmp\\z1-native-1790264068639-fd284e\\workspace","workspacePurpose":"project"},{"kind":"local","workspacePath":"C:\\Users\\USER\\Desktop\\Personal\\ZCode\\.tmp\\z1-native-1790264068639-fd284e\\data\\.zcode\\workspace\\default","workspacePurpose":"conversation"}],"lastActiveTabIndex":0,"receivePreviewUpdates":false,"autoDownloadAndInstallUpdates":false,"skippedElectronUpdateVersions":{},"settingsSyncFirstRunPromptHandled":true}
[2026-09-24 23:34:43.576] [pid:43336] [main] [host-log] (local-1) [host] [2026-09-24 23:34:43.576] [pid:43828] [settingService] writing settings to: C:\Users\USER\Desktop\Personal\ZCode\.tmp\z1-native-1790264068639-fd284e\home\.zcode\v2\setting.json {"recentProjects":[],"locale":"zh-CN","localePreference":"zh-CN","terminalInheritSystemProfile":true,"embeddedBrowserAllowInsecureCertificates":false,"embeddedBrowserViewportPreference":{"mode":"normal","viewport":{"width":393,"height":852},"zoom":"fit"},"computerUseComposerEntryHidden":true,"taskAutoArchiveEnabled":false,"taskAutoArchiveOlderThanDays":7,"closeToTrayOnWindows":false,"closeToTrayOnWindowsMigrationInitialized":true,"keepAwakeWhileRunning":false,"desktopWindowSize":{"width":1600,"height":1000,"maximized":false},"desktopChromiumHardwareAccelerationEnabled":true,"messageStreamShowReasoning":true,"messageStreamShowReasoningMigrationInitialized":true,"messageStreamShowTodos":false,"toolGroupingExploreEnabled":true,"toolGroupingTerminalEnabled":true,"toolGroupingChangesEnabled":false,"zcodeInteractionBehavior":"queue","askUserQuestionAutoResolutionEnabled":false,"modelIoFullRetentionEnabled":false,"startPlanRecommendationDismissed":false,"providerFamilyConnectionSelections":{},"providerFamilyDomain":"bigmodel","providerFamilyDomainUpdatedAt":1790264083572,"providerFamilyDomainMigrated":true,"nativeSearchEnhancementsEnabled":true,"memoryEnabled":false,"lastWorkspaceSession":[{"kind":"local","workspacePath":"C:\\Users\\USER\\Desktop\\Personal\\ZCode\\.tmp\\z1-native-1790264068639-fd284e\\workspace","workspacePurpose":"project"},{"kind":"local","workspacePath":"C:\\Users\\USER\\Desktop\\Personal\\ZCode\\.tmp\\z1-native-1790264068639-fd284e\\data\\.zcode\\workspace\\default","workspacePurpose":"conversation"}],"lastActiveTabIndex":0,"receivePreviewUpdates":false,"autoDownloadAndInstallUpdates":false,"skippedElectronUpdateVersions":{},"settingsSyncFirstRunPromptHandled":true}
[Z1 child] [2026-09-24 23:34:43.581] [pid:43828] [settingService] write done
[2026-09-24 23:34:43.581] [pid:43336] [main] [host-log] (local-1) [host] [2026-09-24 23:34:43.581] [pid:43828] [settingService] write done
[2026-09-24 23:34:43.582] [pid:43336] [main] [host-log] (local-1) [host] [2026-09-24 23:34:43.581] [pid:43828] [zcode-host] [rpc:call] setting.update OK (9.0ms)
[Z1 child] [2026-09-24 23:34:43.581] [pid:43828] [settingService] reading settings from: C:\Users\USER\Desktop\Personal\ZCode\.tmp\z1-native-1790264068639-fd284e\home\.zcode\v2\setting.json
[2026-09-24 23:34:43.581] [pid:43828] [zcode-host] [rpc:call] setting.update OK (9.0ms)
[2026-09-24 23:34:43.581] [pid:43828] [settingService] reading settings from: C:\Users\USER\Desktop\Personal\ZCode\.tmp\z1-native-1790264068639-fd284e\home\.zcode\v2\setting.json
[Z1 child] [2026-09-24 23:34:43.584] [pid:43828] [settingService] read result: {"recentProjects":[],"locale":"zh-CN","localePreference":"zh-CN","terminalInheritSystemProfile":true,"embeddedBrowserAllowInsecureCertificates":false,"embeddedBrowserViewportPreference":{"mode":"normal","viewport":{"width":393,"height":852},"zoom":"fit"},"computerUseComposerEntryHidden":true,"taskAutoArchiveEnabled":false,"taskAutoArchiveOlderThanDays":7,"closeToTrayOnWindows":false,"closeToTrayOnWindowsMigrationInitialized":true,"keepAwakeWhileRunning":false,"desktopWindowSize":{"width":1600,"height":1000,"maximized":false},"desktopChromiumHardwareAccelerationEnabled":true,"messageStreamShowReasoning":true,"messageStreamShowReasoningMigrationInitialized":true,"messageStreamShowTodos":false,"toolGroupingExploreEnabled":true,"toolGroupingTerminalEnabled":true,"toolGroupingChangesEnabled":false,"zcodeInteractionBehavior":"queue","askUserQuestionAutoResolutionEnabled":false,"modelIoFullRetentionEnabled":false,"startPlanRecommendationDismissed":false,"providerFamilyConnectionSelections":{},"providerFamilyDomain":"bigmodel","providerFamilyDomainUpdatedAt":1790264083572,"providerFamilyDomainMigrated":true,"nativeSearchEnhancementsEnabled":true,"memoryEnabled":false,"lastWorkspaceSession":[{"kind":"local","workspacePath":"C:\\Users\\USER\\Desktop\\Personal\\ZCode\\.tmp\\z1-native-1790264068639-fd284e\\workspace","workspacePurpose":"project"},{"kind":"local","workspacePath":"C:\\Users\\USER\\Desktop\\Personal\\ZCode\\.tmp\\z1-native-1790264068639-fd284e\\data\\.zcode\\workspace\\default","workspacePurpose":"conversation"}],"lastActiveTabIndex":0,"receivePreviewUpdates":false,"autoDownloadAndInstallUpdates":false,"skippedElectronUpdateVersions":{},"settingsSyncFirstRunPromptHandled":true}
[Z1 child] [2026-09-24 23:34:43.584] [pid:43828] [settingService] read result: {"recentProjects":[],"locale":"zh-CN","localePreference":"zh-CN","terminalInheritSystemProfile":true,"embeddedBrowserAllowInsecureCertificates":false,"embeddedBrowserViewportPreference":{"mode":"normal","viewport":{"width":393,"height":852},"zoom":"fit"},"computerUseComposerEntryHidden":true,"taskAutoArchiveEnabled":false,"taskAutoArchiveOlderThanDays":7,"closeToTrayOnWindows":false,"closeToTrayOnWindowsMigrationInitialized":true,"keepAwakeWhileRunning":false,"desktopWindowSize":{"width":1600,"height":1000,"maximized":false},"desktopChromiumHardwareAccelerationEnabled":true,"messageStreamShowReasoning":true,"messageStreamShowReasoningMigrationInitialized":true,"messageStreamShowTodos":false,"toolGroupingExploreEnabled":true,"toolGroupingTerminalEnabled":true,"toolGroupingChangesEnabled":false,"zcodeInteractionBehavior":"queue","askUserQuestionAutoResolutionEnabled":false,"modelIoFullRetentionEnabled":false,"startPlanRecommendationDismissed":false,"providerFamilyConnectionSelections":{},"providerFamilyDomain":"bigmodel","providerFamilyDomainUpdatedAt":1790264083572,"providerFamilyDomainMigrated":true,"nativeSearchEnhancementsEnabled":true,"memoryEnabled":false,"lastWorkspaceSession":[{"kind":"local","workspacePath":"C:\\Users\\USER\\Desktop\\Personal\\ZCode\\.tmp\\z1-native-1790264068639-fd284e\\workspace","workspacePurpose":"project"},{"kind":"local","workspacePath":"C:\\Users\\USER\\Desktop\\Personal\\ZCode\\.tmp\\z1-native-1790264068639-fd284e\\data\\.zcode\\workspace\\default","workspacePurpose":"conversation"}],"lastActiveTabIndex":0,"receivePreviewUpdates":false,"autoDownloadAndInstallUpdates":false,"skippedElectronUpdateVersions":{},"settingsSyncFirstRunPromptHandled":true}
[2026-09-24 23:34:43.584] [pid:43828] [zcode-host] [rpc:call] setting.get OK (2.5ms)
[2026-09-24 23:34:43.584] [pid:43336] [main] [host-log] (local-1) [host] [2026-09-24 23:34:43.584] [pid:43828] [zcode-host] [rpc:call] setting.get OK (2.5ms)
[Z1 child] [2026-09-24 23:34:43.585] [pid:43828] [zcode-host] [rpc:call] file.ensureConversationWorkspace OK (0.5ms)
[2026-09-24 23:34:43.585] [pid:43336] [main] [host-log] (local-1) [host] [2026-09-24 23:34:43.585] [pid:43828] [zcode-host] [rpc:call] file.ensureConversationWorkspace OK (0.5ms)
[2026-09-24 23:34:43.586] [pid:43336] [main] [task-realtime] updated host workspace scopes {
  hostId: 'de8fcbf8-ef41-4926-8203-4b70391f6f90',
  workspaceKeyCount: 1
}
[Z1 child] [2026-09-24 23:34:43.588] [pid:43828] [settingService] reading settings from: C:\Users\USER\Desktop\Personal\ZCode\.tmp\z1-native-1790264068639-fd284e\home\.zcode\v2\setting.json
[Z1 child] [2026-09-24 23:34:43.589] [pid:43828] [settingService] read result: {"recentProjects":[],"locale":"zh-CN","localePreference":"zh-CN","terminalInheritSystemProfile":true,"embeddedBrowserAllowInsecureCertificates":false,"embeddedBrowserViewportPreference":{"mode":"normal","viewport":{"width":393,"height":852},"zoom":"fit"},"computerUseComposerEntryHidden":true,"taskAutoArchiveEnabled":false,"taskAutoArchiveOlderThanDays":7,"closeToTrayOnWindows":false,"closeToTrayOnWindowsMigrationInitialized":true,"keepAwakeWhileRunning":false,"desktopWindowSize":{"width":1600,"height":1000,"maximized":false},"desktopChromiumHardwareAccelerationEnabled":true,"messageStreamShowReasoning":true,"messageStreamShowReasoningMigrationInitialized":true,"messageStreamShowTodos":false,"toolGroupingExploreEnabled":true,"toolGroupingTerminalEnabled":true,"toolGroupingChangesEnabled":false,"zcodeInteractionBehavior":"queue","askUserQuestionAutoResolutionEnabled":false,"modelIoFullRetentionEnabled":false,"startPlanRecommendationDismissed":false,"providerFamilyConnectionSelections":{},"providerFamilyDomain":"bigmodel","providerFamilyDomainUpdatedAt":1790264083572,"providerFamilyDomainMigrated":true,"nativeSearchEnhancementsEnabled":true,"memoryEnabled":false,"lastWorkspaceSession":[{"kind":"local","workspacePath":"C:\\Users\\USER\\Desktop\\Personal\\ZCode\\.tmp\\z1-native-1790264068639-fd284e\\workspace","workspacePurpose":"project"},{"kind":"local","workspacePath":"C:\\Users\\USER\\Desktop\\Personal\\ZCode\\.tmp\\z1-native-1790264068639-fd284e\\data\\.zcode\\workspace\\default","workspacePurpose":"conversation"}],"lastActiveTabIndex":0,"receivePreviewUpdates":false,"autoDownloadAndInstallUpdates":false,"skippedElectronUpdateVersions":{},"settingsSyncFirstRunPromptHandled":true}
[2026-09-24 23:34:43.589] [pid:43828] [zcode-host] [rpc:call] setting.get OK (0.5ms)
[2026-09-24 23:34:43.589] [pid:43336] [main] [host-log] (local-1) [host] [2026-09-24 23:34:43.589] [pid:43828] [zcode-host] [rpc:call] setting.get OK (0.5ms)
[Z1 child] [2026-09-24 23:34:43.595] [pid:43828] [zcode-host] [rpc:call] file.ensureConversationWorkspace OK (0.3ms)
[2026-09-24 23:34:43.595] [pid:43336] [main] [host-log] (local-1) [host] [2026-09-24 23:34:43.595] [pid:43828] [zcode-host] [rpc:call] file.ensureConversationWorkspace OK (0.3ms)
[Z1 child] [2026-09-24 23:34:43.595] [pid:43828] [settingService] reading settings from: C:\Users\USER\Desktop\Personal\ZCode\.tmp\z1-native-1790264068639-fd284e\home\.zcode\v2\setting.json
[2026-09-24 23:34:43.596] [pid:43828] [settingService] read result: {"recentProjects":[],"locale":"zh-CN","localePreference":"zh-CN","terminalInheritSystemProfile":true,"embeddedBrowserAllowInsecureCertificates":false,"embeddedBrowserViewportPreference":{"mode":"normal","viewport":{"width":393,"height":852},"zoom":"fit"},"computerUseComposerEntryHidden":true,"taskAutoArchiveEnabled":false,"taskAutoArchiveOlderThanDays":7,"closeToTrayOnWindows":false,"closeToTrayOnWindowsMigrationInitialized":true,"keepAwakeWhileRunning":false,"desktopWindowSize":{"width":1600,"height":1000,"maximized":false},"desktopChromiumHardwareAccelerationEnabled":true,"messageStreamShowReasoning":true,"messageStreamShowReasoningMigrationInitialized":true,"messageStreamShowTodos":false,"toolGroupingExploreEnabled":true,"toolGroupingTerminalEnabled":true,"toolGroupingChangesEnabled":false,"zcodeInteractionBehavior":"queue","askUserQuestionAutoResolutionEnabled":false,"modelIoFullRetentionEnabled":false,"startPlanRecommendationDismissed":false,"providerFamilyConnectionSelections":{},"providerFamilyDomain":"bigmodel","providerFamilyDomainUpdatedAt":1790264083572,"providerFamilyDomainMigrated":true,"nativeSearchEnhancementsEnabled":true,"memoryEnabled":false,"lastWorkspaceSession":[{"kind":"local","workspacePath":"C:\\Users\\USER\\Desktop\\Personal\\ZCode\\.tmp\\z1-native-1790264068639-fd284e\\workspace","workspacePurpose":"project"},{"kind":"local","workspacePath":"C:\\Users\\USER\\Desktop\\Personal\\ZCode\\.tmp\\z1-native-1790264068639-fd284e\\data\\.zcode\\workspace\\default","workspacePurpose":"conversation"}],"lastActiveTabIndex":0,"receivePreviewUpdates":false,"autoDownloadAndInstallUpdates":false,"skippedElectronUpdateVersions":{},"settingsSyncFirstRunPromptHandled":true}
[Z1 child] [2026-09-24 23:34:43.596] [pid:43828] [settingService] reading settings from: C:\Users\USER\Desktop\Personal\ZCode\.tmp\z1-native-1790264068639-fd284e\home\.zcode\v2\setting.json
[Z1 child] [2026-09-24 23:34:43.597] [pid:43828] [settingService] read result: {"recentProjects":[],"locale":"zh-CN","localePreference":"zh-CN","terminalInheritSystemProfile":true,"embeddedBrowserAllowInsecureCertificates":false,"embeddedBrowserViewportPreference":{"mode":"normal","viewport":{"width":393,"height":852},"zoom":"fit"},"computerUseComposerEntryHidden":true,"taskAutoArchiveEnabled":false,"taskAutoArchiveOlderThanDays":7,"closeToTrayOnWindows":false,"closeToTrayOnWindowsMigrationInitialized":true,"keepAwakeWhileRunning":false,"desktopWindowSize":{"width":1600,"height":1000,"maximized":false},"desktopChromiumHardwareAccelerationEnabled":true,"messageStreamShowReasoning":true,"messageStreamShowReasoningMigrationInitialized":true,"messageStreamShowTodos":false,"toolGroupingExploreEnabled":true,"toolGroupingTerminalEnabled":true,"toolGroupingChangesEnabled":false,"zcodeInteractionBehavior":"queue","askUserQuestionAutoResolutionEnabled":false,"modelIoFullRetentionEnabled":false,"startPlanRecommendationDismissed":false,"providerFamilyConnectionSelections":{},"providerFamilyDomain":"bigmodel","providerFamilyDomainUpdatedAt":1790264083572,"providerFamilyDomainMigrated":true,"nativeSearchEnhancementsEnabled":true,"memoryEnabled":false,"lastWorkspaceSession":[{"kind":"local","workspacePath":"C:\\Users\\USER\\Desktop\\Personal\\ZCode\\.tmp\\z1-native-1790264068639-fd284e\\workspace","workspacePurpose":"project"},{"kind":"local","workspacePath":"C:\\Users\\USER\\Desktop\\Personal\\ZCode\\.tmp\\z1-native-1790264068639-fd284e\\data\\.zcode\\workspace\\default","workspacePurpose":"conversation"}],"lastActiveTabIndex":0,"receivePreviewUpdates":false,"autoDownloadAndInstallUpdates":false,"skippedElectronUpdateVersions":{},"settingsSyncFirstRunPromptHandled":true}
[Z1 child] [2026-09-24 23:34:43.597] [pid:43828] [settingService] writing settings to: C:\Users\USER\Desktop\Personal\ZCode\.tmp\z1-native-1790264068639-fd284e\home\.zcode\v2\setting.json {"recentProjects":["C:\\Users\\USER\\Desktop\\Personal\\ZCode\\.tmp\\z1-native-1790264068639-fd284e\\workspace"],"locale":"zh-CN","localePreference":"zh-CN","terminalInheritSystemProfile":true,"embeddedBrowserAllowInsecureCertificates":false,"embeddedBrowserViewportPreference":{"mode":"normal","viewport":{"width":393,"height":852},"zoom":"fit"},"computerUseComposerEntryHidden":true,"taskAutoArchiveEnabled":false,"taskAutoArchiveOlderThanDays":7,"closeToTrayOnWindows":false,"closeToTrayOnWindowsMigrationInitialized":true,"keepAwakeWhileRunning":false,"desktopWindowSize":{"width":1600,"height":1000,"maximized":false},"desktopChromiumHardwareAccelerationEnabled":true,"messageStreamShowReasoning":true,"messageStreamShowReasoningMigrationInitialized":true,"messageStreamShowTodos":false,"toolGroupingExploreEnabled":true,"toolGroupingTerminalEnabled":true,"toolGroupingChangesEnabled":false,"zcodeInteractionBehavior":"queue","askUserQuestionAutoResolutionEnabled":false,"modelIoFullRetentionEnabled":false,"startPlanRecommendationDismissed":false,"providerFamilyConnectionSelections":{},"providerFamilyDomain":"bigmodel","providerFamilyDomainUpdatedAt":1790264083572,"providerFamilyDomainMigrated":true,"nativeSearchEnhancementsEnabled":true,"memoryEnabled":false,"lastWorkspaceSession":[{"kind":"local","workspacePath":"C:\\Users\\USER\\Desktop\\Personal\\ZCode\\.tmp\\z1-native-1790264068639-fd284e\\workspace","workspacePurpose":"project"},{"kind":"local","workspacePath":"C:\\Users\\USER\\Desktop\\Personal\\ZCode\\.tmp\\z1-native-1790264068639-fd284e\\data\\.zcode\\workspace\\default","workspacePurpose":"conversation"}],"lastActiveTabIndex":0,"receivePreviewUpdates":false,"autoDownloadAndInstallUpdates":false,"skippedElectronUpdateVersions":{},"settingsSyncFirstRunPromptHandled":true}
[2026-09-24 23:34:43.597] [pid:43336] [main] [host-log] (local-1) [host] [2026-09-24 23:34:43.597] [pid:43828] [settingService] writing settings to: C:\Users\USER\Desktop\Personal\ZCode\.tmp\z1-native-1790264068639-fd284e\home\.zcode\v2\setting.json {"recentProjects":["C:\\Users\\USER\\Desktop\\Personal\\ZCode\\.tmp\\z1-native-1790264068639-fd284e\\workspace"],"locale":"zh-CN","localePreference":"zh-CN","terminalInheritSystemProfile":true,"embeddedBrowserAllowInsecureCertificates":false,"embeddedBrowserViewportPreference":{"mode":"normal","viewport":{"width":393,"height":852},"zoom":"fit"},"computerUseComposerEntryHidden":true,"taskAutoArchiveEnabled":false,"taskAutoArchiveOlderThanDays":7,"closeToTrayOnWindows":false,"closeToTrayOnWindowsMigrationInitialized":true,"keepAwakeWhileRunning":false,"desktopWindowSize":{"width":1600,"height":1000,"maximized":false},"desktopChromiumHardwareAccelerationEnabled":true,"messageStreamShowReasoning":true,"messageStreamShowReasoningMigrationInitialized":true,"messageStreamShowTodos":false,"toolGroupingExploreEnabled":true,"toolGroupingTerminalEnabled":true,"toolGroupingChangesEnabled":false,"zcodeInteractionBehavior":"queue","askUserQuestionAutoResolutionEnabled":false,"modelIoFullRetentionEnabled":false,"startPlanRecommendationDismissed":false,"providerFamilyConnectionSelections":{},"providerFamilyDomain":"bigmodel","providerFamilyDomainUpdatedAt":1790264083572,"providerFamilyDomainMigrated":true,"nativeSearchEnhancementsEnabled":true,"memoryEnabled":false,"lastWorkspaceSession":[{"kind":"local","workspacePath":"C:\\Users\\USER\\Desktop\\Personal\\ZCode\\.tmp\\z1-native-1790264068639-fd284e\\workspace","workspacePurpose":"project"},{"kind":"local","workspacePath":"C:\\Users\\USER\\Desktop\\Personal\\ZCode\\.tmp\\z1-native-1790264068639-fd284e\\data\\.zcode\\workspace\\default","workspacePurpose":"conversation"}],"lastActiveTabIndex":0,"receivePreviewUpdates":false,"autoDownloadAndInstallUpdates":false,"skippedElectronUpdateVersions":{},"settingsSyncFirstRunPromptHandled":true}
[Z1 child] [2026-09-24 23:34:43.598] [pid:43828] [zcode-host] [rpc:call] onboarding-record.claimAnonymousRecord OK (0.2ms)
[2026-09-24 23:34:43.599] [pid:43336] [main] [host-log] (local-1) [host] [2026-09-24 23:34:43.598] [pid:43828] [zcode-host] [rpc:call] onboarding-record.claimAnonymousRecord OK (0.2ms)
[2026-09-24 23:34:43.602] [pid:43336] [main] [host-log] (local-1) [host] [2026-09-24 23:34:43.599] [pid:43828] [zcode-host] [rpc:call] onboarding-record.getLatestEntry OK (1.2ms)
[Z1 child] [2026-09-24 23:34:43.599] [pid:43828] [zcode-host] [rpc:call] onboarding-record.getLatestEntry OK (1.2ms)
[2026-09-24 23:34:43.600] [pid:43828] [zcode-host] [rpc:call] onboarding-record.shouldOnboard OK (0.6ms)
[2026-09-24 23:34:43.602] [pid:43828] [settingService] write done
[2026-09-24 23:34:43.602] [pid:43828] [settingService] reading settings from: C:\Users\USER\Desktop\Personal\ZCode\.tmp\z1-native-1790264068639-fd284e\home\.zcode\v2\setting.json
[2026-09-24 23:34:43.602] [pid:43828] [settingService] reading settings from: C:\Users\USER\Desktop\Personal\ZCode\.tmp\z1-native-1790264068639-fd284e\home\.zcode\v2\setting.json
[2026-09-24 23:34:43.602] [pid:43828] [zcode-host] [rpc:call] setting.update OK (5.7ms)
[2026-09-24 23:34:43.603] [pid:43336] [main] [task-realtime] updated host workspace scopes {
  hostId: 'de8fcbf8-ef41-4926-8203-4b70391f6f90',
  workspaceKeyCount: 2
}
[2026-09-24 23:34:43.603] [pid:43336] [main] [host-log] (local-1) [host] [2026-09-24 23:34:43.600] [pid:43828] [zcode-host] [rpc:call] onboarding-record.shouldOnboard OK (0.6ms)
[2026-09-24 23:34:43.604] [pid:43336] [main] [host-log] (local-1) [host] [2026-09-24 23:34:43.602] [pid:43828] [settingService] write done
[2026-09-24 23:34:43.604] [pid:43336] [main] [host-log] (local-1) [host] [2026-09-24 23:34:43.602] [pid:43828] [zcode-host] [rpc:call] setting.update OK (5.7ms)
[2026-09-24 23:34:43.605] [pid:43336] [main] [host-log] (local-1) [host] [2026-09-24 23:34:43.604] [pid:43828] [zcode-host] [rpc:call] setting.get OK (6.6ms)
[Z1 child] [2026-09-24 23:34:43.604] [pid:43828] [settingService] read result: {"recentProjects":["C:\\Users\\USER\\Desktop\\Personal\\ZCode\\.tmp\\z1-native-1790264068639-fd284e\\workspace"],"locale":"zh-CN","localePreference":"zh-CN","terminalInheritSystemProfile":true,"embeddedBrowserAllowInsecureCertificates":false,"embeddedBrowserViewportPreference":{"mode":"normal","viewport":{"width":393,"height":852},"zoom":"fit"},"computerUseComposerEntryHidden":true,"taskAutoArchiveEnabled":false,"taskAutoArchiveOlderThanDays":7,"closeToTrayOnWindows":false,"closeToTrayOnWindowsMigrationInitialized":true,"keepAwakeWhileRunning":false,"desktopWindowSize":{"width":1600,"height":1000,"maximized":false},"desktopChromiumHardwareAccelerationEnabled":true,"messageStreamShowReasoning":true,"messageStreamShowReasoningMigrationInitialized":true,"messageStreamShowTodos":false,"toolGroupingExploreEnabled":true,"toolGroupingTerminalEnabled":true,"toolGroupingChangesEnabled":false,"zcodeInteractionBehavior":"queue","askUserQuestionAutoResolutionEnabled":false,"modelIoFullRetentionEnabled":false,"startPlanRecommendationDismissed":false,"providerFamilyConnectionSelections":{},"providerFamilyDomain":"bigmodel","providerFamilyDomainUpdatedAt":1790264083572,"providerFamilyDomainMigrated":true,"nativeSearchEnhancementsEnabled":true,"memoryEnabled":false,"lastWorkspaceSession":[{"kind":"local","workspacePath":"C:\\Users\\USER\\Desktop\\Personal\\ZCode\\.tmp\\z1-native-1790264068639-fd284e\\workspace","workspacePurpose":"project"},{"kind":"local","workspacePath":"C:\\Users\\USER\\Desktop\\Personal\\ZCode\\.tmp\\z1-native-1790264068639-fd284e\\data\\.zcode\\workspace\\default","workspacePurpose":"conversation"}],"lastActiveTabIndex":0,"receivePreviewUpdates":false,"autoDownloadAndInstallUpdates":false,"skippedElectronUpdateVersions":{},"settingsSyncFirstRunPromptHandled":true}
[2026-09-24 23:34:43.604] [pid:43828] [zcode-host] [rpc:call] setting.get OK (6.6ms)
[2026-09-24 23:34:43.605] [pid:43828] [settingService] read result: {"recentProjects":["C:\\Users\\USER\\Desktop\\Personal\\ZCode\\.tmp\\z1-native-1790264068639-fd284e\\workspace"],"locale":"zh-CN","localePreference":"zh-CN","terminalInheritSystemProfile":true,"embeddedBrowserAllowInsecureCertificates":false,"embeddedBrowserViewportPreference":{"mode":"normal","viewport":{"width":393,"height":852},"zoom":"fit"},"computerUseComposerEntryHidden":true,"taskAutoArchiveEnabled":false,"taskAutoArchiveOlderThanDays":7,"closeToTrayOnWindows":false,"closeToTrayOnWindowsMigrationInitialized":true,"keepAwakeWhileRunning":false,"desktopWindowSize":{"width":1600,"height":1000,"maximized":false},"desktopChromiumHardwareAccelerationEnabled":true,"messageStreamShowReasoning":true,"messageStreamShowReasoningMigrationInitialized":true,"messageStreamShowTodos":false,"toolGroupingExploreEnabled":true,"toolGroupingTerminalEnabled":true,"toolGroupingChangesEnabled":false,"zcodeInteractionBehavior":"queue","askUserQuestionAutoResolutionEnabled":false,"modelIoFullRetentionEnabled":false,"startPlanRecommendationDismissed":false,"providerFamilyConnectionSelections":{},"providerFamilyDomain":"bigmodel","providerFamilyDomainUpdatedAt":1790264083572,"providerFamilyDomainMigrated":true,"nativeSearchEnhancementsEnabled":true,"memoryEnabled":false,"lastWorkspaceSession":[{"kind":"local","workspacePath":"C:\\Users\\USER\\Desktop\\Personal\\ZCode\\.tmp\\z1-native-1790264068639-fd284e\\workspace","workspacePurpose":"project"},{"kind":"local","workspacePath":"C:\\Users\\USER\\Desktop\\Personal\\ZCode\\.tmp\\z1-native-1790264068639-fd284e\\data\\.zcode\\workspace\\default","workspacePurpose":"conversation"}],"lastActiveTabIndex":0,"receivePreviewUpdates":false,"autoDownloadAndInstallUpdates":false,"skippedElectronUpdateVersions":{},"settingsSyncFirstRunPromptHandled":true}
[2026-09-24 23:34:43.605] [pid:43828] [settingService] reading settings from: C:\Users\USER\Desktop\Personal\ZCode\.tmp\z1-native-1790264068639-fd284e\home\.zcode\v2\setting.json
[2026-09-24 23:34:43.605] [pid:43828] [settingService] read result: {"recentProjects":["C:\\Users\\USER\\Desktop\\Personal\\ZCode\\.tmp\\z1-native-1790264068639-fd284e\\workspace"],"locale":"zh-CN","localePreference":"zh-CN","terminalInheritSystemProfile":true,"embeddedBrowserAllowInsecureCertificates":false,"embeddedBrowserViewportPreference":{"mode":"normal","viewport":{"width":393,"height":852},"zoom":"fit"},"computerUseComposerEntryHidden":true,"taskAutoArchiveEnabled":false,"taskAutoArchiveOlderThanDays":7,"closeToTrayOnWindows":false,"closeToTrayOnWindowsMigrationInitialized":true,"keepAwakeWhileRunning":false,"desktopWindowSize":{"width":1600,"height":1000,"maximized":false},"desktopChromiumHardwareAccelerationEnabled":true,"messageStreamShowReasoning":true,"messageStreamShowReasoningMigrationInitialized":true,"messageStreamShowTodos":false,"toolGroupingExploreEnabled":true,"toolGroupingTerminalEnabled":true,"toolGroupingChangesEnabled":false,"zcodeInteractionBehavior":"queue","askUserQuestionAutoResolutionEnabled":false,"modelIoFullRetentionEnabled":false,"startPlanRecommendationDismissed":false,"providerFamilyConnectionSelections":{},"providerFamilyDomain":"bigmodel","providerFamilyDomainUpdatedAt":1790264083572,"providerFamilyDomainMigrated":true,"nativeSearchEnhancementsEnabled":true,"memoryEnabled":false,"lastWorkspaceSession":[{"kind":"local","workspacePath":"C:\\Users\\USER\\Desktop\\Personal\\ZCode\\.tmp\\z1-native-1790264068639-fd284e\\workspace","workspacePurpose":"project"},{"kind":"local","workspacePath":"C:\\Users\\USER\\Desktop\\Personal\\ZCode\\.tmp\\z1-native-1790264068639-fd284e\\data\\.zcode\\workspace\\default","workspacePurpose":"conversation"}],"lastActiveTabIndex":0,"receivePreviewUpdates":false,"autoDownloadAndInstallUpdates":false,"skippedElectronUpdateVersions":{},"settingsSyncFirstRunPromptHandled":true}
[2026-09-24 23:34:43.628] [pid:43336] [renderer] v4 conversation frame upstream attached {
  workspaceKey: 'C:\\Users\\USER\\Desktop\\Personal\\ZCode\\.tmp\\z1-native-1790264068639-fd284e\\workspace',
  workspacePath: 'C:\\Users\\USER\\Desktop\\Personal\\ZCode\\.tmp\\z1-native-1790264068639-fd284e\\workspace',
  event: 'v4.conversation.frames.upstream_attached',
  listenerCount: 1,
  module: 'ui.v4.conversation_transport',
  runtimeGeneration: 0,
  status: 'completed'
}
[2026-09-24 23:34:43.628] [pid:43336] [renderer] v4 workspace connection created {
  event: 'v4.workspace_connection.created',
  isRemote: false,
  key: '__base__ C:\\Users\\USER\\Desktop\\Personal\\ZCode\\.tmp\\z1-native-1790264068639-fd284e\\workspace',
  module: 'ui.v4.workspace_connection_registry',
  refCount: 1,
  serviceGeneration: 1,
  status: 'completed'
}
[Z1 child] [2026-09-24 23:34:43.628] [pid:43828] [zcode-host] [rpc:listen] zcode-agent.onDynamicLocalTtftFacts subscribed
[2026-09-24 23:34:43.628] [pid:43828] [zcode-host] [rpc:listen] zcode-agent.onDynamicConversationFrame subscribed
[2026-09-24 23:34:43.629] [pid:43336] [main] [host-log] (local-1) [host] [2026-09-24 23:34:43.628] [pid:43828] [zcode-host] [rpc:listen] zcode-agent.onDynamicLocalTtftFacts subscribed
[2026-09-24 23:34:43.630] [pid:43336] [main] [host-log] (local-1) [host] [2026-09-24 23:34:43.628] [pid:43828] [zcode-host] [rpc:listen] zcode-agent.onDynamicConversationFrame subscribed
[Z1 child] [2026-09-24 23:34:43.675] [pid:43828] [settingService] reading settings from: C:\Users\USER\Desktop\Personal\ZCode\.tmp\z1-native-1790264068639-fd284e\home\.zcode\v2\setting.json
[Z1 child] [2026-09-24 23:34:43.676] [pid:43828] [settingService] read result: {"recentProjects":["C:\\Users\\USER\\Desktop\\Personal\\ZCode\\.tmp\\z1-native-1790264068639-fd284e\\workspace"],"locale":"zh-CN","localePreference":"zh-CN","terminalInheritSystemProfile":true,"embeddedBrowserAllowInsecureCertificates":false,"embeddedBrowserViewportPreference":{"mode":"normal","viewport":{"width":393,"height":852},"zoom":"fit"},"computerUseComposerEntryHidden":true,"taskAutoArchiveEnabled":false,"taskAutoArchiveOlderThanDays":7,"closeToTrayOnWindows":false,"closeToTrayOnWindowsMigrationInitialized":true,"keepAwakeWhileRunning":false,"desktopWindowSize":{"width":1600,"height":1000,"maximized":false},"desktopChromiumHardwareAccelerationEnabled":true,"messageStreamShowReasoning":true,"messageStreamShowReasoningMigrationInitialized":true,"messageStreamShowTodos":false,"toolGroupingExploreEnabled":true,"toolGroupingTerminalEnabled":true,"toolGroupingChangesEnabled":false,"zcodeInteractionBehavior":"queue","askUserQuestionAutoResolutionEnabled":false,"modelIoFullRetentionEnabled":false,"startPlanRecommendationDismissed":false,"providerFamilyConnectionSelections":{},"providerFamilyDomain":"bigmodel","providerFamilyDomainUpdatedAt":1790264083572,"providerFamilyDomainMigrated":true,"nativeSearchEnhancementsEnabled":true,"memoryEnabled":false,"lastWorkspaceSession":[{"kind":"local","workspacePath":"C:\\Users\\USER\\Desktop\\Personal\\ZCode\\.tmp\\z1-native-1790264068639-fd284e\\workspace","workspacePurpose":"project"},{"kind":"local","workspacePath":"C:\\Users\\USER\\Desktop\\Personal\\ZCode\\.tmp\\z1-native-1790264068639-fd284e\\data\\.zcode\\workspace\\default","workspacePurpose":"conversation"}],"lastActiveTabIndex":0,"receivePreviewUpdates":false,"autoDownloadAndInstallUpdates":false,"skippedElectronUpdateVersions":{},"settingsSyncFirstRunPromptHandled":true}
[Z1 child] [2026-09-24 23:34:43.676] [pid:43828] [node-api-client] zcode endpoint request headers prepared {
  headerKeys: [
    'http-referer',
    'user-agent',
    'x-client-language',
    'x-client-timezone',
    'x-device-mid',
    'x-os-category',
    'x-os-version',
    'x-platform',
    'x-release-channel',
    'x-request-id',
    'x-title',
    'x-zcode-app-version'
  ],
  method: 'GET',
  url: 'http://127.0.0.1:56784/api/v1/client/scenes'
}
[Z1 child] [2026-09-24 23:34:43.677] [pid:43828] [zcode-host] [rpc:call] client-scenes.list OK (1.9ms)
[2026-09-24 23:34:43.677] [pid:43336] [main] [host-log] (local-1) [host] [2026-09-24 23:34:43.677] [pid:43828] [zcode-host] [rpc:call] client-scenes.list OK (1.9ms)
[2026-09-24 23:34:43.678] [pid:43336] [main] [host-log] (local-1) [host] [2026-09-24 23:34:43.678] [pid:43828] [zcode-host] [rpc:listen] window-controller.onDynamicControllerFrame subscribed
[2026-09-24 23:34:43.679] [pid:43336] [main] [host-log] (local-1) [host] [2026-09-24 23:34:43.678] [pid:43828] [zcode-host] [rpc:call] window-controller.subscribeControllerV4 OK (0.2ms)
[2026-09-24 23:34:43.679] [pid:43336] [main] [host-log] (local-1) [host] [2026-09-24 23:34:43.678] [pid:43828] [zcode-host] [rpc:call] window-controller.subscribeControllerV4 OK (0.0ms)
[Z1 child] [2026-09-24 23:34:43.678] [pid:43828] [zcode-host] [rpc:listen] window-controller.onDynamicControllerFrame subscribed
[2026-09-24 23:34:43.678] [pid:43828] [zcode-host] [rpc:call] window-controller.subscribeControllerV4 OK (0.2ms)
[2026-09-24 23:34:43.678] [pid:43828] [zcode-host] [rpc:call] window-controller.subscribeControllerV4 OK (0.0ms)
[Z1 child] [2026-09-24 23:34:43.681] [pid:43828] [zcode-host] [rpc:call] window-controller.listTaskList OK (2.7ms)
[2026-09-24 23:34:43.681] [pid:43828] [zcode-host] [rpc:call] window-controller.listTaskList OK (1.8ms)
[2026-09-24 23:34:43.681] [pid:43336] [main] [host-log] (local-1) [host] [2026-09-24 23:34:43.681] [pid:43828] [zcode-host] [rpc:call] window-controller.listTaskList OK (2.7ms)
[Z1 child] [2026-09-24 23:34:43.681] [pid:43828] [zcode-host] [rpc:listen] zcode-agent.onDynamicSessionsIndexFrame subscribed
[2026-09-24 23:34:43.681] [pid:43828] [zcode-host] [rpc:listen] zcode-agent.onAgentRuntimeLifecycle subscribed
[2026-09-24 23:34:43.681] [pid:43828] [zcode-host] [rpc:call] zcode-agent.helloConversationV4 OK (0.1ms)
[2026-09-24 23:34:43.681] [pid:43828] [zcode-host] [rpc:call] zcode-task.listPinnedTaskIds OK (0.1ms)
[2026-09-24 23:34:43.682] [pid:43828] [zcode-host] [rpc:call] zcode-task.listArchivedTasks OK (0.1ms)
[2026-09-24 23:34:43.682] [pid:43336] [main] [host-log] (local-1) [host] [2026-09-24 23:34:43.681] [pid:43828] [zcode-host] [rpc:call] window-controller.listTaskList OK (1.8ms)
[2026-09-24 23:34:43.683] [pid:43336] [main] [host-log] (local-1) [host] [2026-09-24 23:34:43.681] [pid:43828] [zcode-host] [rpc:listen] zcode-agent.onDynamicSessionsIndexFrame subscribed
[2026-09-24 23:34:43.683] [pid:43336] [main] [host-log] (local-1) [host] [2026-09-24 23:34:43.681] [pid:43828] [zcode-host] [rpc:listen] zcode-agent.onAgentRuntimeLifecycle subscribed
[2026-09-24 23:34:43.684] [pid:43336] [main] [host-log] (local-1) [host] [2026-09-24 23:34:43.681] [pid:43828] [zcode-host] [rpc:call] zcode-agent.helloConversationV4 OK (0.1ms)
[2026-09-24 23:34:43.685] [pid:43336] [main] [host-log] (local-1) [host] [2026-09-24 23:34:43.681] [pid:43828] [zcode-host] [rpc:call] zcode-task.listPinnedTaskIds OK (0.1ms)
[2026-09-24 23:34:43.685] [pid:43336] [main] [host-log] (local-1) [host] [2026-09-24 23:34:43.682] [pid:43828] [zcode-host] [rpc:call] zcode-task.listArchivedTasks OK (0.1ms)
[2026-09-24 23:34:43.686] [pid:43336] [main] [host-log] (local-1) [host] [2026-09-24 23:34:43.682] [pid:43828] [zcode-host] [rpc:call] zcode-task.listTasks OK (0.1ms)
[2026-09-24 23:34:43.686] [pid:43336] [main] [host-log] (local-1) [host] [2026-09-24 23:34:43.682] [pid:43828] [zcode-host] [rpc:call] zcode-task.listPinnedTasks OK (0.1ms)
[2026-09-24 23:34:43.687] [pid:43336] [main] [host-log] (local-1) [host] [2026-09-24 23:34:43.682] [pid:43828] [zcode-host] [rpc:call] zcode-task.listDeletedTaskIds OK (0.1ms)
[2026-09-24 23:34:43.687] [pid:43336] [main] [host-log] (local-1) [host] [2026-09-24 23:34:43.682] [pid:43828] [zcode-host] [rpc:listen] zcode-task.onDynamicWorkspaceEvent subscribed
[Z1 child] [2026-09-24 23:34:43.682] [pid:43828] [zcode-host] [rpc:call] zcode-task.listTasks OK (0.1ms)
[2026-09-24 23:34:43.682] [pid:43828] [zcode-host] [rpc:call] zcode-task.listPinnedTasks OK (0.1ms)
[2026-09-24 23:34:43.682] [pid:43828] [zcode-host] [rpc:call] zcode-task.listDeletedTaskIds OK (0.1ms)
[2026-09-24 23:34:43.682] [pid:43828] [zcode-host] [rpc:listen] zcode-task.onDynamicWorkspaceEvent subscribed
[2026-09-24 23:34:43.684] [pid:43828] [zcode-host] [rpc:listen] zcode-agent.onAgentRuntimeLifecycle subscribed
[2026-09-24 23:34:43.685] [pid:43828] [zcode-host] [rpc:call] subagents.list OK (2.3ms)
[2026-09-24 23:34:43.685] [pid:43828] [zcode-host] [rpc:call] system.info OK (0.0ms)
[2026-09-24 23:34:43.685] [pid:43828] [zcode-host] [rpc:listen] model-selection.onDidChange subscribed
[2026-09-24 23:34:43.685] [pid:43828] [zcode-host] [rpc:listen] model-selection.onDidChange subscribed
[2026-09-24 23:34:43.686] [pid:43828] [zcode-host] [rpc:call] model-selection.getView OK (0.4ms)
[2026-09-24 23:34:43.686] [pid:43828] [zcode-host] [rpc:call] model-selection.getView OK (0.6ms)
[2026-09-24 23:34:43.686] [pid:43828] [zcode-host] [rpc:listen] zcode-agent.onDynamicConversationTelemetryFact subscribed
[2026-09-24 23:34:43.688] [pid:43828] [zcode-host] [rpc:call] off-peak-task.list OK (0.3ms)
[2026-09-24 23:34:43.688] [pid:43336] [main] [host-log] (local-1) [host] [2026-09-24 23:34:43.684] [pid:43828] [zcode-host] [rpc:listen] zcode-agent.onAgentRuntimeLifecycle subscribed
[2026-09-24 23:34:43.689] [pid:43336] [main] [host-log] (local-1) [host] [2026-09-24 23:34:43.685] [pid:43828] [zcode-host] [rpc:call] subagents.list OK (2.3ms)
[2026-09-24 23:34:43.690] [pid:43336] [main] [host-log] (local-1) [host] [2026-09-24 23:34:43.685] [pid:43828] [zcode-host] [rpc:call] system.info OK (0.0ms)
[2026-09-24 23:34:43.690] [pid:43336] [main] [host-log] (local-1) [host] [2026-09-24 23:34:43.685] [pid:43828] [zcode-host] [rpc:listen] model-selection.onDidChange subscribed
[2026-09-24 23:34:43.691] [pid:43336] [main] [host-log] (local-1) [host] [2026-09-24 23:34:43.685] [pid:43828] [zcode-host] [rpc:listen] model-selection.onDidChange subscribed
[2026-09-24 23:34:43.691] [pid:43336] [main] [host-log] (local-1) [host] [2026-09-24 23:34:43.686] [pid:43828] [zcode-host] [rpc:call] model-selection.getView OK (0.4ms)
[2026-09-24 23:34:43.692] [pid:43336] [main] [host-log] (local-1) [host] [2026-09-24 23:34:43.686] [pid:43828] [zcode-host] [rpc:call] model-selection.getView OK (0.6ms)
[2026-09-24 23:34:43.693] [pid:43336] [main] [host-log] (local-1) [host] [2026-09-24 23:34:43.686] [pid:43828] [zcode-host] [rpc:listen] zcode-agent.onDynamicConversationTelemetryFact subscribed
[2026-09-24 23:34:43.693] [pid:43336] [main] [host-log] (local-1) [host] [2026-09-24 23:34:43.688] [pid:43828] [zcode-host] [rpc:call] off-peak-task.list OK (0.3ms)
[Z1 child] [2026-09-24 23:34:43.698] [pid:43828] [settingService] reading settings from: C:\Users\USER\Desktop\Personal\ZCode\.tmp\z1-native-1790264068639-fd284e\home\.zcode\v2\setting.json
[Z1 child] [2026-09-24 23:34:43.699] [pid:43828] [settingService] read result: {"recentProjects":["C:\\Users\\USER\\Desktop\\Personal\\ZCode\\.tmp\\z1-native-1790264068639-fd284e\\workspace"],"locale":"zh-CN","localePreference":"zh-CN","terminalInheritSystemProfile":true,"embeddedBrowserAllowInsecureCertificates":false,"embeddedBrowserViewportPreference":{"mode":"normal","viewport":{"width":393,"height":852},"zoom":"fit"},"computerUseComposerEntryHidden":true,"taskAutoArchiveEnabled":false,"taskAutoArchiveOlderThanDays":7,"closeToTrayOnWindows":false,"closeToTrayOnWindowsMigrationInitialized":true,"keepAwakeWhileRunning":false,"desktopWindowSize":{"width":1600,"height":1000,"maximized":false},"desktopChromiumHardwareAccelerationEnabled":true,"messageStreamShowReasoning":true,"messageStreamShowReasoningMigrationInitialized":true,"messageStreamShowTodos":false,"toolGroupingExploreEnabled":true,"toolGroupingTerminalEnabled":true,"toolGroupingChangesEnabled":false,"zcodeInteractionBehavior":"queue","askUserQuestionAutoResolutionEnabled":false,"modelIoFullRetentionEnabled":false,"startPlanRecommendationDismissed":false,"providerFamilyConnectionSelections":{},"providerFamilyDomain":"bigmodel","providerFamilyDomainUpdatedAt":1790264083572,"providerFamilyDomainMigrated":true,"nativeSearchEnhancementsEnabled":true,"memoryEnabled":false,"lastWorkspaceSession":[{"kind":"local","workspacePath":"C:\\Users\\USER\\Desktop\\Personal\\ZCode\\.tmp\\z1-native-1790264068639-fd284e\\workspace","workspacePurpose":"project"},{"kind":"local","workspacePath":"C:\\Users\\USER\\Desktop\\Personal\\ZCode\\.tmp\\z1-native-1790264068639-fd284e\\data\\.zcode\\workspace\\default","workspacePurpose":"conversation"}],"lastActiveTabIndex":0,"receivePreviewUpdates":false,"autoDownloadAndInstallUpdates":false,"skippedElectronUpdateVersions":{},"settingsSyncFirstRunPromptHandled":true}
[2026-09-24 23:34:43.699] [pid:43828] [zcode-host] [rpc:call] settings-sync.getFirstRunPromptState OK (0.5ms)
[2026-09-24 23:34:43.699] [pid:43336] [main] [host-log] (local-1) [host] [2026-09-24 23:34:43.699] [pid:43828] [zcode-host] [rpc:call] settings-sync.getFirstRunPromptState OK (0.5ms)
[2026-09-24 23:34:43.702] [pid:43336] [main] [community] failed to fetch remote config: ZodError: [
  {
    "expected": "object",
    "code": "invalid_type",
    "path": [
      "data",
      "configs",
      "feedbackUrl"
    ],
    "message": "Invalid input: expected object, received undefined"
  }
]
    at file:///C:/Users/USER/Desktop/Personal/ZCode/packages/desktop/out/main/chunk-IHGYFX7Q.js:64:122510
    at process.processTicksAndRejections (node:internal/process/task_queues:104:5)
    at async file:///C:/Users/USER/Desktop/Personal/ZCode/packages/desktop/out/main/chunk-IHGYFX7Q.js:64:122616
    at async resolveCommunityUrl (file:///C:/Users/USER/Desktop/Personal/ZCode/packages/desktop/out/main/index.js:606:21172)
    at async file:///C:/Users/USER/Desktop/Personal/ZCode/packages/desktop/out/main/index.js:1337:10297
    at async Session.<anonymous> (node:electron/js2c/browser_init:2:116791)
[Z1 child] [2026-09-24 23:34:43.734] [pid:43828] [zcode-host] [rpc:call] window-controller.listTaskList OK (0.0ms)
[2026-09-24 23:34:43.734] [pid:43336] [main] [host-log] (local-1) [host] [2026-09-24 23:34:43.734] [pid:43828] [zcode-host] [rpc:call] window-controller.listTaskList OK (0.0ms)
[2026-09-24 23:34:43.735] [pid:43336] [main] [host-log] (local-1) [host] [2026-09-24 23:34:43.734] [pid:43828] [zcode-host] [rpc:call] window-controller.listTaskList OK (0.0ms)
[Z1 child] [2026-09-24 23:34:43.734] [pid:43828] [zcode-host] [rpc:call] window-controller.listTaskList OK (0.0ms)
[2026-09-24 23:34:43.736] [pid:43828] [zcode-host] [rpc:call] zcode-agent.initializeConversationV4 OK (0.6ms)
[2026-09-24 23:34:43.736] [pid:43336] [main] [host-log] (local-1) [host] [2026-09-24 23:34:43.736] [pid:43828] [zcode-host] [rpc:call] zcode-agent.initializeConversationV4 OK (0.6ms)
[Z1 child] [2026-09-24 23:34:43.749] [pid:43828] [zcode-host] [rpc:call] zcode-agent.subscribeSessionsIndexV4 FAIL (0.2ms) Error: ZCode Agent runtime is not running.
    at createRuntimeUnavailableError (file:///C:/Users/USER/Desktop/Personal/ZCode/packages/desktop/out/host/index.js:106:32510)
    at getReadOnlyClient (file:///C:/Users/USER/Desktop/Personal/ZCode/packages/desktop/out/host/index.js:106:65862)
    at Object.subscribeSessionsIndexV4 (file:///C:/Users/USER/Desktop/Personal/ZCode/packages/desktop/out/host/index.js:106:105703)
    at Proxy.subscribeSessionsIndexV4 (file:///C:/Users/USER/Desktop/Personal/ZCode/packages/desktop/out/host/chunk-75Q53Y4T.js:1:81221)
    at Object.call (file:///C:/Users/USER/Desktop/Personal/ZCode/packages/desktop/out/host/chunk-XPU7OCSY.js:3:4653)
    at NetworkTelemetryServerChannel.call (file:///C:/Users/USER/Desktop/Personal/ZCode/packages/desktop/out/host/chunk-XPU7OCSY.js:3:3900)
    at LoggingServerChannel.call (file:///C:/Users/USER/Desktop/Personal/ZCode/packages/desktop/out/host/chunk-XPU7OCSY.js:3:2335)
    at ChannelServer.onPromise (file:///C:/Users/USER/Desktop/Personal/ZCode/packages/desktop/out/host/chunk-XPU7OCSY.js:1:9500)
    at ChannelServer.onRawMessage (file:///C:/Users/USER/Desktop/Personal/ZCode/packages/desktop/out/host/chunk-XPU7OCSY.js:1:9170)
    at file:///C:/Users/USER/Desktop/Personal/ZCode/packages/desktop/out/host/chunk-XPU7OCSY.js:1:8527 {
  code: 'ZCODE_AGENT_RUNTIME_UNAVAILABLE',
  workspaceKey: 'C:\\Users\\USER\\Desktop\\Personal\\ZCode\\.tmp\\z1-native-1790264068639-fd284e\\workspace'
}
[2026-09-24 23:34:43.749] [pid:43336] [main] [host-log] (local-1) [host] [2026-09-24 23:34:43.749] [pid:43828] [zcode-host] [rpc:call] zcode-agent.subscribeSessionsIndexV4 FAIL (0.2ms) {"name":"Error","message":"ZCode Agent runtime is not running.","stack":"Error: ZCode Agent runtime is not running.\n    at createRuntimeUnavailableError (file:///C:/Users/USER/Desktop/Personal/ZCode/packages/desktop/out/host/index.js:106:32510)\n    at getReadOnlyClient (file:///C:/Users/USER/Desktop/Personal/ZCode/packages/desktop/out/host/index.js:106:65862)\n    at Object.subscribeSessionsIndexV4 (file:///C:/Users/USER/Desktop/Personal/ZCode/packages/desktop/out/host/index.js:106:105703)\n    at Proxy.subscribeSessionsIndexV4 (file:///C:/Users/USER/Desktop/Personal/ZCode/packages/desktop/out/host/chunk-75Q53Y4T.js:1:81221)\n    at Object.call (file:///C:/Users/USER/Desktop/Personal/ZCode/packages/desktop/out/host/chunk-XPU7OCSY.js:3:4653)\n    at NetworkTelemetryServerChannel.call (file:///C:/Users/USER/Desktop/Personal/ZCode/packages/desktop/out/host/chunk-XPU7OCSY.js:3:3900)\n    at LoggingServerChannel.call (file:///C:/Users/USER/Desktop/Personal/ZCode/packages/desktop/out/host/chunk-XPU7OCSY.js:3:2335)\n    at ChannelServer.onPromise (file:///C:/Users/USER/Desktop/Personal/ZCode/packages/desktop/out/host/chunk-XPU7OCSY.js:1:9500)\n    at ChannelServer.onRawMessage (file:///C:/Users/USER/Desktop/Personal/ZCode/packages/desktop/out/host/chunk-XPU7OCSY.js:1:9170)\n    at file:///C:/Users/USER/Desktop/Personal/ZCode/packages/desktop/out/host/chunk-XPU7OCSY.js:1:8527"}
[2026-09-24 23:34:43.825] [pid:43336] [renderer] v4 workspace connection lease released {
  event: 'v4.workspace_connection.release',
  keepWarmMs: 30000,
  key: '__base__ C:\\Users\\USER\\Desktop\\Personal\\ZCode\\.tmp\\z1-native-1790264068639-fd284e\\workspace',
  module: 'ui.v4.workspace_connection_registry',
  refCount: 0,
  status: 'keep_warm'
}
[Z1 child] [2026-09-24 23:34:43.835] [pid:43828] [zcode-host] [rpc:call] git.refresh OK (146.9ms)
[2026-09-24 23:34:43.835] [pid:43336] [main] [host-log] (local-1) [host] [2026-09-24 23:34:43.835] [pid:43828] [zcode-host] [rpc:call] git.refresh OK (146.9ms)
[Z1 child] [2026-09-24 23:34:43.864] [pid:43828] [zcode-host] [rpc:call] system.info OK (0.0ms)
[2026-09-24 23:34:43.864] [pid:43336] [main] [host-log] (local-1) [host] [2026-09-24 23:34:43.864] [pid:43828] [zcode-host] [rpc:call] system.info OK (0.0ms)
[Z1 child] [2026-09-24 23:34:43.865] [pid:43828] [zcode-host] [rpc:call] file-watcher.watch OK (0.7ms)
[2026-09-24 23:34:43.865] [pid:43336] [main] [host-log] (local-1) [host] [2026-09-24 23:34:43.865] [pid:43828] [zcode-host] [rpc:call] file-watcher.watch OK (0.7ms)
[Z1 child] [2026-09-24 23:34:43.867] [pid:43828] [zcode-host] [rpc:call] file-watcher.watch OK (1.4ms)
[2026-09-24 23:34:43.867] [pid:43336] [main] [host-log] (local-1) [host] [2026-09-24 23:34:43.867] [pid:43828] [zcode-host] [rpc:call] file-watcher.watch OK (1.4ms)
[2026-09-24 23:34:43.867] [pid:43336] [main] [host-log] (local-1) [host] [2026-09-24 23:34:43.867] [pid:43828] [zcode-host] [rpc:listen] file-watcher.onDynamicChange subscribed
[2026-09-24 23:34:43.868] [pid:43336] [main] [host-log] (local-1) [host] [2026-09-24 23:34:43.867] [pid:43828] [zcode-host] [rpc:call] file-watcher.unwatch OK (0.1ms)
[Z1 child] [2026-09-24 23:34:43.867] [pid:43828] [zcode-host] [rpc:listen] file-watcher.onDynamicChange subscribed
[2026-09-24 23:34:43.867] [pid:43828] [zcode-host] [rpc:call] file-watcher.unwatch OK (0.1ms)
[2026-09-24 23:34:43.868] [pid:43828] [zcode-host] [rpc:call] file-watcher.watch OK (1.0ms)
[2026-09-24 23:34:43.869] [pid:43828] [zcode-host] [rpc:call] file-watcher.watch OK (0.8ms)
[2026-09-24 23:34:43.870] [pid:43336] [main] [host-log] (local-1) [host] [2026-09-24 23:34:43.868] [pid:43828] [zcode-host] [rpc:call] file-watcher.watch OK (1.0ms)
[2026-09-24 23:34:43.871] [pid:43336] [main] [host-log] (local-1) [host] [2026-09-24 23:34:43.869] [pid:43828] [zcode-host] [rpc:call] file-watcher.watch OK (0.8ms)
[2026-09-24 23:34:43.872] [pid:43336] [main] [host-log] (local-1) [host] [2026-09-24 23:34:43.870] [pid:43828] [zcode-host] [rpc:call] file-watcher.watch OK (1.0ms)
[2026-09-24 23:34:43.873] [pid:43336] [main] [host-log] (local-1) [host] [2026-09-24 23:34:43.870] [pid:43828] [zcode-host] [rpc:call] file-watcher.unwatch OK (0.0ms)
[2026-09-24 23:34:43.874] [pid:43336] [main] [host-log] (local-1) [host] [2026-09-24 23:34:43.871] [pid:43828] [zcode-host] [rpc:listen] file-watcher.onDynamicChange subscribed
[2026-09-24 23:34:43.874] [pid:43336] [main] [host-log] (local-1) [host] [2026-09-24 23:34:43.871] [pid:43828] [zcode-host] [rpc:listen] file-watcher.onDynamicChange subscribed
[2026-09-24 23:34:43.875] [pid:43336] [main] [host-log] (local-1) [host] [2026-09-24 23:34:43.871] [pid:43828] [zcode-host] [rpc:listen] file-watcher.onDynamicChange subscribed
[Z1 child] [2026-09-24 23:34:43.870] [pid:43828] [zcode-host] [rpc:call] file-watcher.watch OK (1.0ms)
[2026-09-24 23:34:43.870] [pid:43828] [zcode-host] [rpc:call] file-watcher.unwatch OK (0.0ms)
[2026-09-24 23:34:43.871] [pid:43828] [zcode-host] [rpc:listen] file-watcher.onDynamicChange subscribed
[2026-09-24 23:34:43.871] [pid:43828] [zcode-host] [rpc:listen] file-watcher.onDynamicChange subscribed
[2026-09-24 23:34:43.871] [pid:43828] [zcode-host] [rpc:listen] file-watcher.onDynamicChange subscribed
[Z1 child] [2026-09-24 23:34:43.902] [pid:43828] [settingService] reading settings from: C:\Users\USER\Desktop\Personal\ZCode\.tmp\z1-native-1790264068639-fd284e\home\.zcode\v2\setting.json
[Z1 child] [2026-09-24 23:34:43.902] [pid:43828] [settingService] read result: {"recentProjects":["C:\\Users\\USER\\Desktop\\Personal\\ZCode\\.tmp\\z1-native-1790264068639-fd284e\\workspace"],"locale":"zh-CN","localePreference":"zh-CN","terminalInheritSystemProfile":true,"embeddedBrowserAllowInsecureCertificates":false,"embeddedBrowserViewportPreference":{"mode":"normal","viewport":{"width":393,"height":852},"zoom":"fit"},"computerUseComposerEntryHidden":true,"taskAutoArchiveEnabled":false,"taskAutoArchiveOlderThanDays":7,"closeToTrayOnWindows":false,"closeToTrayOnWindowsMigrationInitialized":true,"keepAwakeWhileRunning":false,"desktopWindowSize":{"width":1600,"height":1000,"maximized":false},"desktopChromiumHardwareAccelerationEnabled":true,"messageStreamShowReasoning":true,"messageStreamShowReasoningMigrationInitialized":true,"messageStreamShowTodos":false,"toolGroupingExploreEnabled":true,"toolGroupingTerminalEnabled":true,"toolGroupingChangesEnabled":false,"zcodeInteractionBehavior":"queue","askUserQuestionAutoResolutionEnabled":false,"modelIoFullRetentionEnabled":false,"startPlanRecommendationDismissed":false,"providerFamilyConnectionSelections":{},"providerFamilyDomain":"bigmodel","providerFamilyDomainUpdatedAt":1790264083572,"providerFamilyDomainMigrated":true,"nativeSearchEnhancementsEnabled":true,"memoryEnabled":false,"lastWorkspaceSession":[{"kind":"local","workspacePath":"C:\\Users\\USER\\Desktop\\Personal\\ZCode\\.tmp\\z1-native-1790264068639-fd284e\\workspace","workspacePurpose":"project"},{"kind":"local","workspacePath":"C:\\Users\\USER\\Desktop\\Personal\\ZCode\\.tmp\\z1-native-1790264068639-fd284e\\data\\.zcode\\workspace\\default","workspacePurpose":"conversation"}],"lastActiveTabIndex":0,"receivePreviewUpdates":false,"autoDownloadAndInstallUpdates":false,"skippedElectronUpdateVersions":{},"settingsSyncFirstRunPromptHandled":true}
[2026-09-24 23:34:43.903] [pid:43828] [settingService] writing settings to: C:\Users\USER\Desktop\Personal\ZCode\.tmp\z1-native-1790264068639-fd284e\home\.zcode\v2\setting.json {"recentProjects":["C:\\Users\\USER\\Desktop\\Personal\\ZCode\\.tmp\\z1-native-1790264068639-fd284e\\workspace"],"locale":"zh-CN","localePreference":"zh-CN","terminalInheritSystemProfile":true,"embeddedBrowserAllowInsecureCertificates":false,"embeddedBrowserViewportPreference":{"mode":"normal","viewport":{"width":393,"height":852},"zoom":"fit"},"computerUseComposerEntryHidden":true,"taskAutoArchiveEnabled":false,"taskAutoArchiveOlderThanDays":7,"closeToTrayOnWindows":false,"closeToTrayOnWindowsMigrationInitialized":true,"keepAwakeWhileRunning":false,"desktopWindowSize":{"width":1600,"height":1000,"maximized":false},"desktopChromiumHardwareAccelerationEnabled":true,"messageStreamShowReasoning":true,"messageStreamShowReasoningMigrationInitialized":true,"messageStreamShowTodos":false,"toolGroupingExploreEnabled":true,"toolGroupingTerminalEnabled":true,"toolGroupingChangesEnabled":false,"zcodeInteractionBehavior":"queue","askUserQuestionAutoResolutionEnabled":false,"modelIoFullRetentionEnabled":false,"startPlanRecommendationDismissed":false,"providerFamilyConnectionSelections":{},"providerFamilyDomain":"bigmodel","providerFamilyDomainUpdatedAt":1790264083572,"providerFamilyDomainMigrated":true,"nativeSearchEnhancementsEnabled":true,"memoryEnabled":false,"lastWorkspaceSession":[{"kind":"local","workspacePath":"C:\\Users\\USER\\Desktop\\Personal\\ZCode\\.tmp\\z1-native-1790264068639-fd284e\\workspace","workspacePurpose":"project"},{"kind":"local","workspacePath":"C:\\Users\\USER\\Desktop\\Personal\\ZCode\\.tmp\\z1-native-1790264068639-fd284e\\data\\.zcode\\workspace\\default","workspacePurpose":"conversation"}],"lastActiveTabIndex":0,"receivePreviewUpdates":false,"autoDownloadAndInstallUpdates":false,"skippedElectronUpdateVersions":{},"settingsSyncFirstRunPromptHandled":true}
[2026-09-24 23:34:43.903] [pid:43336] [main] [host-log] (local-1) [host] [2026-09-24 23:34:43.903] [pid:43828] [settingService] writing settings to: C:\Users\USER\Desktop\Personal\ZCode\.tmp\z1-native-1790264068639-fd284e\home\.zcode\v2\setting.json {"recentProjects":["C:\\Users\\USER\\Desktop\\Personal\\ZCode\\.tmp\\z1-native-1790264068639-fd284e\\workspace"],"locale":"zh-CN","localePreference":"zh-CN","terminalInheritSystemProfile":true,"embeddedBrowserAllowInsecureCertificates":false,"embeddedBrowserViewportPreference":{"mode":"normal","viewport":{"width":393,"height":852},"zoom":"fit"},"computerUseComposerEntryHidden":true,"taskAutoArchiveEnabled":false,"taskAutoArchiveOlderThanDays":7,"closeToTrayOnWindows":false,"closeToTrayOnWindowsMigrationInitialized":true,"keepAwakeWhileRunning":false,"desktopWindowSize":{"width":1600,"height":1000,"maximized":false},"desktopChromiumHardwareAccelerationEnabled":true,"messageStreamShowReasoning":true,"messageStreamShowReasoningMigrationInitialized":true,"messageStreamShowTodos":false,"toolGroupingExploreEnabled":true,"toolGroupingTerminalEnabled":true,"toolGroupingChangesEnabled":false,"zcodeInteractionBehavior":"queue","askUserQuestionAutoResolutionEnabled":false,"modelIoFullRetentionEnabled":false,"startPlanRecommendationDismissed":false,"providerFamilyConnectionSelections":{},"providerFamilyDomain":"bigmodel","providerFamilyDomainUpdatedAt":1790264083572,"providerFamilyDomainMigrated":true,"nativeSearchEnhancementsEnabled":true,"memoryEnabled":false,"lastWorkspaceSession":[{"kind":"local","workspacePath":"C:\\Users\\USER\\Desktop\\Personal\\ZCode\\.tmp\\z1-native-1790264068639-fd284e\\workspace","workspacePurpose":"project"},{"kind":"local","workspacePath":"C:\\Users\\USER\\Desktop\\Personal\\ZCode\\.tmp\\z1-native-1790264068639-fd284e\\data\\.zcode\\workspace\\default","workspacePurpose":"conversation"}],"lastActiveTabIndex":0,"receivePreviewUpdates":false,"autoDownloadAndInstallUpdates":false,"skippedElectronUpdateVersions":{},"settingsSyncFirstRunPromptHandled":true}
[Z1 child] [2026-09-24 23:34:43.907] [pid:43828] [settingService] write done
[2026-09-24 23:34:43.907] [pid:43828] [zcode-host] [rpc:call] setting.update OK (5.1ms)
[2026-09-24 23:34:43.907] [pid:43336] [main] [host-log] (local-1) [host] [2026-09-24 23:34:43.907] [pid:43828] [settingService] write done
[2026-09-24 23:34:43.908] [pid:43336] [main] [host-log] (local-1) [host] [2026-09-24 23:34:43.907] [pid:43828] [zcode-host] [rpc:call] setting.update OK (5.1ms)
[Z1 child] [2026-09-24 23:34:44.142] [pid:43828] [zcode-host] [rpc:listen] graphEngineering.onDidChange subscribed
[2026-09-24 23:34:44.142] [pid:43336] [main] [host-log] (local-1) [host] [2026-09-24 23:34:44.142] [pid:43828] [zcode-host] [rpc:listen] graphEngineering.onDidChange subscribed
[Z1 child] [2026-09-24 23:34:44.151] [pid:43828] [settingService] reading settings from: C:\Users\USER\Desktop\Personal\ZCode\.tmp\z1-native-1790264068639-fd284e\home\.zcode\v2\setting.json
[Z1 child] [2026-09-24 23:34:44.151] [pid:43828] [settingService] read result: {"recentProjects":["C:\\Users\\USER\\Desktop\\Personal\\ZCode\\.tmp\\z1-native-1790264068639-fd284e\\workspace"],"locale":"zh-CN","localePreference":"zh-CN","terminalInheritSystemProfile":true,"embeddedBrowserAllowInsecureCertificates":false,"embeddedBrowserViewportPreference":{"mode":"normal","viewport":{"width":393,"height":852},"zoom":"fit"},"computerUseComposerEntryHidden":true,"taskAutoArchiveEnabled":false,"taskAutoArchiveOlderThanDays":7,"closeToTrayOnWindows":false,"closeToTrayOnWindowsMigrationInitialized":true,"keepAwakeWhileRunning":false,"desktopWindowSize":{"width":1600,"height":1000,"maximized":false},"desktopChromiumHardwareAccelerationEnabled":true,"messageStreamShowReasoning":true,"messageStreamShowReasoningMigrationInitialized":true,"messageStreamShowTodos":false,"toolGroupingExploreEnabled":true,"toolGroupingTerminalEnabled":true,"toolGroupingChangesEnabled":false,"zcodeInteractionBehavior":"queue","askUserQuestionAutoResolutionEnabled":false,"modelIoFullRetentionEnabled":false,"startPlanRecommendationDismissed":false,"providerFamilyConnectionSelections":{},"providerFamilyDomain":"bigmodel","providerFamilyDomainUpdatedAt":1790264083572,"providerFamilyDomainMigrated":true,"nativeSearchEnhancementsEnabled":true,"memoryEnabled":false,"lastWorkspaceSession":[{"kind":"local","workspacePath":"C:\\Users\\USER\\Desktop\\Personal\\ZCode\\.tmp\\z1-native-1790264068639-fd284e\\workspace","workspacePurpose":"project"},{"kind":"local","workspacePath":"C:\\Users\\USER\\Desktop\\Personal\\ZCode\\.tmp\\z1-native-1790264068639-fd284e\\data\\.zcode\\workspace\\default","workspacePurpose":"conversation"}],"lastActiveTabIndex":0,"receivePreviewUpdates":false,"autoDownloadAndInstallUpdates":false,"skippedElectronUpdateVersions":{},"settingsSyncFirstRunPromptHandled":true}
[Z1 child] [2026-09-24 23:34:44.152] [pid:43828] [zcode-host] [rpc:call] graphEngineering.getWorkspace OK (9.6ms)
[2026-09-24 23:34:44.152] [pid:43336] [main] [host-log] (local-1) [host] [2026-09-24 23:34:44.152] [pid:43828] [zcode-host] [rpc:call] graphEngineering.getWorkspace OK (9.6ms)
[Z1 child] [2026-09-24 23:34:44.164] [pid:43828] [settingService] reading settings from: C:\Users\USER\Desktop\Personal\ZCode\.tmp\z1-native-1790264068639-fd284e\home\.zcode\v2\setting.json
[Z1 child] [2026-09-24 23:34:44.165] [pid:43828] [settingService] read result: {"recentProjects":["C:\\Users\\USER\\Desktop\\Personal\\ZCode\\.tmp\\z1-native-1790264068639-fd284e\\workspace"],"locale":"zh-CN","localePreference":"zh-CN","terminalInheritSystemProfile":true,"embeddedBrowserAllowInsecureCertificates":false,"embeddedBrowserViewportPreference":{"mode":"normal","viewport":{"width":393,"height":852},"zoom":"fit"},"computerUseComposerEntryHidden":true,"taskAutoArchiveEnabled":false,"taskAutoArchiveOlderThanDays":7,"closeToTrayOnWindows":false,"closeToTrayOnWindowsMigrationInitialized":true,"keepAwakeWhileRunning":false,"desktopWindowSize":{"width":1600,"height":1000,"maximized":false},"desktopChromiumHardwareAccelerationEnabled":true,"messageStreamShowReasoning":true,"messageStreamShowReasoningMigrationInitialized":true,"messageStreamShowTodos":false,"toolGroupingExploreEnabled":true,"toolGroupingTerminalEnabled":true,"toolGroupingChangesEnabled":false,"zcodeInteractionBehavior":"queue","askUserQuestionAutoResolutionEnabled":false,"modelIoFullRetentionEnabled":false,"startPlanRecommendationDismissed":false,"providerFamilyConnectionSelections":{},"providerFamilyDomain":"bigmodel","providerFamilyDomainUpdatedAt":1790264083572,"providerFamilyDomainMigrated":true,"nativeSearchEnhancementsEnabled":true,"memoryEnabled":false,"lastWorkspaceSession":[{"kind":"local","workspacePath":"C:\\Users\\USER\\Desktop\\Personal\\ZCode\\.tmp\\z1-native-1790264068639-fd284e\\workspace","workspacePurpose":"project"},{"kind":"local","workspacePath":"C:\\Users\\USER\\Desktop\\Personal\\ZCode\\.tmp\\z1-native-1790264068639-fd284e\\data\\.zcode\\workspace\\default","workspacePurpose":"conversation"}],"lastActiveTabIndex":0,"receivePreviewUpdates":false,"autoDownloadAndInstallUpdates":false,"skippedElectronUpdateVersions":{},"settingsSyncFirstRunPromptHandled":true}
[2026-09-24 23:34:44.165] [pid:43828] [zcode-host] [rpc:call] setting.get OK (0.4ms)
[2026-09-24 23:34:44.165] [pid:43336] [main] [host-log] (local-1) [host] [2026-09-24 23:34:44.165] [pid:43828] [zcode-host] [rpc:call] setting.get OK (0.4ms)
[Z1 child] [2026-09-24 23:34:44.188] [pid:43828] [zcode-host] [rpc:listen] model-selection.onDidChange subscribed
[2026-09-24 23:34:44.188] [pid:43336] [main] [host-log] (local-1) [host] [2026-09-24 23:34:44.188] [pid:43828] [zcode-host] [rpc:listen] model-selection.onDidChange subscribed
[2026-09-24 23:34:44.189] [pid:43336] [main] [host-log] (local-1) [host] [2026-09-24 23:34:44.188] [pid:43828] [zcode-host] [rpc:listen] model-selection.onDidChange subscribed
[Z1 child] [2026-09-24 23:34:44.188] [pid:43828] [zcode-host] [rpc:listen] model-selection.onDidChange subscribed
[Z1 child] [2026-09-24 23:34:44.190] [pid:43828] [zcode-host] [rpc:call] graphEngineering.validateDefinition OK (1.1ms)
[2026-09-24 23:34:44.191] [pid:43336] [main] [host-log] (local-1) [host] [2026-09-24 23:34:44.190] [pid:43828] [zcode-host] [rpc:call] graphEngineering.validateDefinition OK (1.1ms)
[2026-09-24 23:34:44.191] [pid:43336] [main] [host-log] (local-1) [host] [2026-09-24 23:34:44.191] [pid:43828] [zcode-host] [rpc:call] model-selection.getView OK (2.7ms)
[2026-09-24 23:34:44.192] [pid:43336] [main] [host-log] (local-1) [host] [2026-09-24 23:34:44.191] [pid:43828] [zcode-host] [rpc:call] model-selection.getView OK (2.7ms)
[Z1 child] [2026-09-24 23:34:44.191] [pid:43828] [zcode-host] [rpc:call] model-selection.getView OK (2.7ms)
[2026-09-24 23:34:44.191] [pid:43828] [zcode-host] [rpc:call] model-selection.getView OK (2.7ms)
[2026-09-24 23:34:44.372] [pid:43336] [main] [stability] perf_app_start reported
[Z1 child] [2026-09-24 23:34:44.699] [pid:43828] [zcode-host] [rpc:call] graphWorkflow.list OK (3.3ms)
[2026-09-24 23:34:44.700] [pid:43336] [main] [host-log] (local-1) [host] [2026-09-24 23:34:44.699] [pid:43828] [zcode-host] [rpc:call] graphWorkflow.list OK (3.3ms)
[2026-09-24 23:34:44.935] [pid:43336] [settingService] writing settings to: C:\Users\USER\Desktop\Personal\ZCode\.tmp\z1-native-1790264068639-fd284e\home\.zcode\v2\setting.json {"recentProjects":["C:\\Users\\USER\\Desktop\\Personal\\ZCode\\.tmp\\z1-native-1790264068639-fd284e\\workspace"],"locale":"zh-CN","localePreference":"zh-CN","terminalInheritSystemProfile":true,"embeddedBrowserAllowInsecureCertificates":false,"embeddedBrowserViewportPreference":{"mode":"normal","viewport":{"width":393,"height":852},"zoom":"fit"},"computerUseComposerEntryHidden":true,"taskAutoArchiveEnabled":false,"taskAutoArchiveOlderThanDays":7,"closeToTrayOnWindows":false,"closeToTrayOnWindowsMigrationInitialized":true,"keepAwakeWhileRunning":false,"desktopWindowSize":{"width":760,"height":1000,"maximized":false},"desktopChromiumHardwareAccelerationEnabled":true,"messageStreamShowReasoning":true,"messageStreamShowReasoningMigrationInitialized":true,"messageStreamShowTodos":false,"toolGroupingExploreEnabled":true,"toolGroupingTerminalEnabled":true,"toolGroupingChangesEnabled":false,"zcodeInteractionBehavior":"queue","askUserQuestionAutoResolutionEnabled":false,"modelIoFullRetentionEnabled":false,"startPlanRecommendationDismissed":false,"providerFamilyConnectionSelections":{},"providerFamilyDomain":"bigmodel","providerFamilyDomainUpdatedAt":1790264083572,"providerFamilyDomainMigrated":true,"nativeSearchEnhancementsEnabled":true,"memoryEnabled":false,"lastWorkspaceSession":[{"kind":"local","workspacePath":"C:\\Users\\USER\\Desktop\\Personal\\ZCode\\.tmp\\z1-native-1790264068639-fd284e\\workspace","workspacePurpose":"project"},{"kind":"local","workspacePath":"C:\\Users\\USER\\Desktop\\Personal\\ZCode\\.tmp\\z1-native-1790264068639-fd284e\\data\\.zcode\\workspace\\default","workspacePurpose":"conversation"}],"lastActiveTabIndex":0,"receivePreviewUpdates":false,"autoDownloadAndInstallUpdates":false,"skippedElectronUpdateVersions":{},"settingsSyncFirstRunPromptHandled":true}
[2026-09-24 23:34:44.941] [pid:43336] [settingService] write done
