[2026-09-28 16:07:38.005] [pid:19508] [settingService] write done
[2026-09-28 16:07:38.017] [pid:19508] [main] [open-folder] Windows Explorer 右键菜单安装失败 { error: '[Z1 isolation] registry access blocked' }
[2026-09-28 16:07:38.024] [pid:19508] [main] [desktop-network] renderer proxy mode=direct bypass=disabled customCa=disabled insecureCerts=rejected
[2026-09-28 16:07:38.025] [pid:19508] [main] [desktop-network] renderer proxy mode=system bypass=disabled customCa=disabled insecureCerts=rejected
[Z1 isolation] blocked recent-document mutation
[2026-09-28 16:07:38.059] [pid:19508] [main] [resource] sampling started interval=10000ms report=60000ms
[2026-09-28 16:07:38.060] [pid:19508] [main] [network] reporting started interval=60000ms
[2026-09-28 16:07:38.060] [pid:19508] [main] [force-update] 本地 dev 构建（未打包）跳过远端强制升级检查
[2026-09-28 16:07:38.061] [pid:19508] [main] [startup] 创建主窗口
[2026-09-28 16:07:38.061] [pid:19508] [main] [primary-window] creating main window (app-ready)
[2026-09-28 16:07:38.063] [pid:19508] [main] [startup-workspace] using explicit open workspace: D:\Playground\ZCode\.tmp\z1-native-1790582855405-f6850e\workspace
[2026-09-28 16:07:38.354] [pid:19508] [main] [desktop-context-prompt] config refreshed { enabled: false, configVersion: undefined }
[2026-09-28 16:07:39.406] [pid:19508] [main] [createWindow] dom-ready fired (local-1)
[2026-09-28 16:07:39.408] [pid:19508] [main] [desktop-context-prompt] first host spawn decision resolved { enabled: false, configVersion: undefined }
[2026-09-28 16:07:39.411] [pid:19508] [main] [spawnHostProcess] forked host process for (local-1), pid=undefined
[2026-09-28 16:07:39.412] [pid:19508] [main] [spawnHostProcess] host module path: D:\Playground\ZCode\packages\desktop\out\host\index.js
[2026-09-28 16:07:39.412] [pid:19508] [main] [spawnHostProcess] glm binary path: <not found>
[2026-09-28 16:07:39.412] [pid:19508] [main] [spawnHostProcess] BIGMODEL_OAUTH_APP_SECRET source: fallback
[2026-09-28 16:07:39.413] [pid:19508] [main] [task-realtime] registered host {
  hostId: 'ca01d8bb-ecd5-4c4a-8f7e-7671e3f9f09d',
  windowId: 1,
  workspaceKeyCount: 0,
  deliveryKind: 'desktop_window'
}
[2026-09-28 16:07:39.418] [pid:19508] [main] [renderer-action-trace] config refreshed { enabled: false, configVersion: 'disabled' }
[Z1 child] (node:20368) ExperimentalWarning: SQLite is an experimental feature and might change at any time
(Use `electron --trace-warnings ...` to show where the warning was created)
[Z1 child] [2026-09-28 16:07:39.935] [pid:20368] [zcode-host] ExperimentalWarning: SQLite is an experimental feature and might change at any time
[2026-09-28 16:07:39.940] [pid:19508] [main] [host-log] (local-1) [host] [2026-09-28 16:07:39.935] [pid:20368] [zcode-host] ExperimentalWarning: SQLite is an experimental feature and might change at any time
[Z1 child] [2026-09-28 16:07:39.943] [pid:20368] [zcode-host] [cua-pip-session] focus event dropped: service unavailable
[2026-09-28 16:07:39.945] [pid:19508] [main] [host-log] (local-1) [host] [2026-09-28 16:07:39.943] [pid:20368] [zcode-host] [cua-pip-session] focus event dropped: service unavailable
[Z1 child] (node:20368) ExperimentalWarning: SQLite is an experimental feature and might change at any time
(Use `electron --trace-warnings ...` to show where the warning was created)
[Z1 child] [2026-09-28 16:07:42.306] [pid:20368] [zcode-host] initializing local services
[2026-09-28 16:07:42.307] [pid:19508] [main] [host-log] (local-1) [host] [2026-09-28 16:07:42.306] [pid:20368] [zcode-host] initializing local services
[Z1 child] [2026-09-28 16:07:42.427] [pid:20368] [cua-pip-session] [cua-pip-session] wiring resolved {
  enabled: false,
  platform: 'win32',
  serviceAuthorityMode: 'desktop-local',
  lifecycleWired: true
}
[2026-09-28 16:07:42.429] [pid:19508] [main] [host-log] (local-1) [host] [2026-09-28 16:07:42.427] [pid:20368] [cua-pip-session] [cua-pip-session] wiring resolved {"enabled":false,"platform":"win32","serviceAuthorityMode":"desktop-local","lifecycleWired":true}
[Z1 child] [2026-09-28 16:07:42.437] [pid:20368] [settingService] reading settings from: D:\Playground\ZCode\.tmp\z1-native-1790582855405-f6850e\home\.zcode\v2\setting.json
[Z1 child] [2026-09-28 16:07:42.438] [pid:20368] [zcode-agent-service] 开始初始化 ZCode agent {
  workspaceKey: 'D:\\Playground\\ZCode\\.tmp\\z1-native-1790582855405-f6850e\\workspace',
  workspacePath: 'D:\\Playground\\ZCode\\.tmp\\z1-native-1790582855405-f6850e\\workspace'
}
[2026-09-28 16:07:42.438] [pid:19508] [main] [host-log] (local-1) [host] [2026-09-28 16:07:42.438] [pid:20368] [zcode-agent-service] 开始初始化 ZCode agent {"workspaceKey":"D:\\Playground\\ZCode\\.tmp\\z1-native-1790582855405-f6850e\\workspace","workspacePath":"D:\\Playground\\ZCode\\.tmp\\z1-native-1790582855405-f6850e\\workspace"}
[Z1 child] [2026-09-28 16:07:42.438] [pid:20368] [zcode-host] exposing services on ChannelServer...
[2026-09-28 16:07:42.438] [pid:20368] [zcode-host] creating ChannelServer (deferInit=false)
[2026-09-28 16:07:42.439] [pid:19508] [main] [host-log] (local-1) [host] [2026-09-28 16:07:42.438] [pid:20368] [zcode-host] exposing services on ChannelServer...
[2026-09-28 16:07:42.440] [pid:19508] [main] [host-log] (local-1) [host] [2026-09-28 16:07:42.438] [pid:20368] [zcode-host] creating ChannelServer (deferInit=false)
[2026-09-28 16:07:42.440] [pid:19508] [main] [host-log] (local-1) [host] [2026-09-28 16:07:42.439] [pid:20368] [zcode-host] [rpc:register] channel "graphEngineering"
[2026-09-28 16:07:42.441] [pid:19508] [main] [host-log] (local-1) [host] [2026-09-28 16:07:42.440] [pid:20368] [zcode-host] [rpc:register] channel "graphWorkflow"
[2026-09-28 16:07:42.441] [pid:19508] [main] [host-log] (local-1) [host] [2026-09-28 16:07:42.440] [pid:20368] [zcode-host] [rpc:register] channel "graphParallel"
[2026-09-28 16:07:42.442] [pid:19508] [main] [host-log] (local-1) [host] [2026-09-28 16:07:42.440] [pid:20368] [zcode-host] [rpc:register] channel "file"
[2026-09-28 16:07:42.442] [pid:19508] [main] [host-log] (local-1) [host] [2026-09-28 16:07:42.440] [pid:20368] [zcode-host] [rpc:register] channel "media-preview"
[2026-09-28 16:07:42.442] [pid:19508] [main] [host-log] (local-1) [host] [2026-09-28 16:07:42.440] [pid:20368] [zcode-host] [rpc:register] channel "git"
[2026-09-28 16:07:42.443] [pid:19508] [main] [host-log] (local-1) [host] [2026-09-28 16:07:42.440] [pid:20368] [zcode-host] [rpc:register] channel "git-checkpoint"
[2026-09-28 16:07:42.443] [pid:19508] [main] [host-log] (local-1) [host] [2026-09-28 16:07:42.440] [pid:20368] [zcode-host] [rpc:register] channel "system"
[2026-09-28 16:07:42.443] [pid:19508] [main] [host-log] (local-1) [host] [2026-09-28 16:07:42.440] [pid:20368] [zcode-host] [rpc:register] channel "terminal"
[2026-09-28 16:07:42.444] [pid:19508] [main] [host-log] (local-1) [host] [2026-09-28 16:07:42.440] [pid:20368] [zcode-host] [rpc:register] channel "setting"
[2026-09-28 16:07:42.444] [pid:19508] [main] [host-log] (local-1) [host] [2026-09-28 16:07:42.440] [pid:20368] [zcode-host] [rpc:register] channel "onboarding-record"
[2026-09-28 16:07:42.444] [pid:19508] [main] [host-log] (local-1) [host] [2026-09-28 16:07:42.440] [pid:20368] [zcode-host] [rpc:register] channel "credential"
[2026-09-28 16:07:42.445] [pid:19508] [main] [host-log] (local-1) [host] [2026-09-28 16:07:42.440] [pid:20368] [zcode-host] [rpc:register] channel "broadcast"
[2026-09-28 16:07:42.445] [pid:19508] [main] [host-log] (local-1) [host] [2026-09-28 16:07:42.441] [pid:20368] [zcode-host] [rpc:register] channel "zcode-task"
[2026-09-28 16:07:42.446] [pid:19508] [main] [host-log] (local-1) [host] [2026-09-28 16:07:42.441] [pid:20368] [zcode-host] [rpc:register] channel "zcode-agent"
[2026-09-28 16:07:42.446] [pid:19508] [main] [host-log] (local-1) [host] [2026-09-28 16:07:42.441] [pid:20368] [zcode-host] [rpc:register] channel "zcode-session"
[2026-09-28 16:07:42.446] [pid:19508] [main] [host-log] (local-1) [host] [2026-09-28 16:07:42.441] [pid:20368] [zcode-host] [rpc:register] channel "cua-permission"
[2026-09-28 16:07:42.447] [pid:19508] [main] [host-log] (local-1) [host] [2026-09-28 16:07:42.441] [pid:20368] [zcode-host] [rpc:register] channel "cua-pip-session"
[2026-09-28 16:07:42.447] [pid:19508] [main] [host-log] (local-1) [host] [2026-09-28 16:07:42.441] [pid:20368] [zcode-host] [rpc:register] channel "conversation-share"
[2026-09-28 16:07:42.447] [pid:19508] [main] [host-log] (local-1) [host] [2026-09-28 16:07:42.441] [pid:20368] [zcode-host] [rpc:register] channel "bots"
[2026-09-28 16:07:42.448] [pid:19508] [main] [host-log] (local-1) [host] [2026-09-28 16:07:42.441] [pid:20368] [zcode-host] [rpc:register] channel "file-watcher"
[2026-09-28 16:07:42.448] [pid:19508] [main] [host-log] (local-1) [host] [2026-09-28 16:07:42.441] [pid:20368] [zcode-host] [rpc:register] channel "oauth"
[2026-09-28 16:07:42.448] [pid:19508] [main] [host-log] (local-1) [host] [2026-09-28 16:07:42.441] [pid:20368] [zcode-host] [rpc:register] channel "usage-stats"
[2026-09-28 16:07:42.449] [pid:19508] [main] [host-log] (local-1) [host] [2026-09-28 16:07:42.441] [pid:20368] [zcode-host] [rpc:register] channel "coding-plan-subscription"
[2026-09-28 16:07:42.449] [pid:19508] [main] [host-log] (local-1) [host] [2026-09-28 16:07:42.441] [pid:20368] [zcode-host] [rpc:register] channel "client-config"
[2026-09-28 16:07:42.449] [pid:19508] [main] [host-log] (local-1) [host] [2026-09-28 16:07:42.441] [pid:20368] [zcode-host] [rpc:register] channel "client-scenes"
[2026-09-28 16:07:42.450] [pid:19508] [main] [host-log] (local-1) [host] [2026-09-28 16:07:42.441] [pid:20368] [zcode-host] [rpc:register] channel "off-peak-task"
[2026-09-28 16:07:42.450] [pid:19508] [main] [host-log] (local-1) [host] [2026-09-28 16:07:42.441] [pid:20368] [zcode-host] [rpc:register] channel "skills"
[2026-09-28 16:07:42.450] [pid:19508] [main] [host-log] (local-1) [host] [2026-09-28 16:07:42.441] [pid:20368] [zcode-host] [rpc:register] channel "skill-sync"
[2026-09-28 16:07:42.451] [pid:19508] [main] [host-log] (local-1) [host] [2026-09-28 16:07:42.441] [pid:20368] [zcode-host] [rpc:register] channel "mcp-sync"
[2026-09-28 16:07:42.451] [pid:19508] [main] [host-log] (local-1) [host] [2026-09-28 16:07:42.441] [pid:20368] [zcode-host] [rpc:register] channel "plugin-sync"
[2026-09-28 16:07:42.452] [pid:19508] [main] [host-log] (local-1) [host] [2026-09-28 16:07:42.441] [pid:20368] [zcode-host] [rpc:register] channel "plugins"
[2026-09-28 16:07:42.452] [pid:19508] [main] [host-log] (local-1) [host] [2026-09-28 16:07:42.441] [pid:20368] [zcode-host] [rpc:register] channel "plugin-management"
[2026-09-28 16:07:42.452] [pid:19508] [main] [host-log] (local-1) [host] [2026-09-28 16:07:42.441] [pid:20368] [zcode-host] [rpc:register] channel "subagents"
[2026-09-28 16:07:42.453] [pid:19508] [main] [host-log] (local-1) [host] [2026-09-28 16:07:42.441] [pid:20368] [zcode-host] [rpc:register] channel "commands"
[2026-09-28 16:07:42.453] [pid:19508] [main] [host-log] (local-1) [host] [2026-09-28 16:07:42.441] [pid:20368] [zcode-host] [rpc:register] channel "hooks"
[2026-09-28 16:07:42.453] [pid:19508] [main] [host-log] (local-1) [host] [2026-09-28 16:07:42.441] [pid:20368] [zcode-host] [rpc:register] channel "memory"
[2026-09-28 16:07:42.454] [pid:19508] [main] [host-log] (local-1) [host] [2026-09-28 16:07:42.441] [pid:20368] [zcode-host] [rpc:register] channel "settings-sync"
[2026-09-28 16:07:42.454] [pid:19508] [main] [host-log] (local-1) [host] [2026-09-28 16:07:42.442] [pid:20368] [zcode-host] [rpc:register] channel "feedback"
[2026-09-28 16:07:42.454] [pid:19508] [main] [host-log] (local-1) [host] [2026-09-28 16:07:42.442] [pid:20368] [zcode-host] [rpc:register] channel "prompt-attachment-transfer"
[2026-09-28 16:07:42.455] [pid:19508] [main] [host-log] (local-1) [host] [2026-09-28 16:07:42.442] [pid:20368] [zcode-host] [rpc:register] channel "provider-settings"
[2026-09-28 16:07:42.455] [pid:19508] [main] [host-log] (local-1) [host] [2026-09-28 16:07:42.442] [pid:20368] [zcode-host] [rpc:register] channel "model-selection"
[2026-09-28 16:07:42.455] [pid:19508] [main] [host-log] (local-1) [host] [2026-09-28 16:07:42.442] [pid:20368] [zcode-host] [rpc:register] channel "window-controller"
[2026-09-28 16:07:42.456] [pid:19508] [main] [host-log] (local-1) [host] [2026-09-28 16:07:42.442] [pid:20368] [zcode-host] service connection ready mode=desktop-continuous
[2026-09-28 16:07:42.456] [pid:19508] [main] [host-log] (local-1) [host] [2026-09-28 16:07:42.442] [pid:20368] [zcode-host] window Host topology, reason=base-attachment-ready, pid=20368, connections=0, logicalSessions=0, attachments=1
[Z1 child] [2026-09-28 16:07:42.439] [pid:20368] [zcode-host] [rpc:register] channel "graphEngineering"
[2026-09-28 16:07:42.440] [pid:20368] [zcode-host] [rpc:register] channel "graphWorkflow"
[2026-09-28 16:07:42.440] [pid:20368] [zcode-host] [rpc:register] channel "graphParallel"
[2026-09-28 16:07:42.440] [pid:20368] [zcode-host] [rpc:register] channel "file"
[2026-09-28 16:07:42.440] [pid:20368] [zcode-host] [rpc:register] channel "media-preview"
[2026-09-28 16:07:42.440] [pid:20368] [zcode-host] [rpc:register] channel "git"
[2026-09-28 16:07:42.440] [pid:20368] [zcode-host] [rpc:register] channel "git-checkpoint"
[2026-09-28 16:07:42.440] [pid:20368] [zcode-host] [rpc:register] channel "system"
[2026-09-28 16:07:42.440] [pid:20368] [zcode-host] [rpc:register] channel "terminal"
[2026-09-28 16:07:42.440] [pid:20368] [zcode-host] [rpc:register] channel "setting"
[2026-09-28 16:07:42.440] [pid:20368] [zcode-host] [rpc:register] channel "onboarding-record"
[2026-09-28 16:07:42.440] [pid:20368] [zcode-host] [rpc:register] channel "credential"
[2026-09-28 16:07:42.440] [pid:20368] [zcode-host] [rpc:register] channel "broadcast"
[2026-09-28 16:07:42.441] [pid:20368] [zcode-host] [rpc:register] channel "zcode-task"
[2026-09-28 16:07:42.441] [pid:20368] [zcode-host] [rpc:register] channel "zcode-agent"
[2026-09-28 16:07:42.441] [pid:20368] [zcode-host] [rpc:register] channel "zcode-session"
[2026-09-28 16:07:42.441] [pid:20368] [zcode-host] [rpc:register] channel "cua-permission"
[2026-09-28 16:07:42.441] [pid:20368] [zcode-host] [rpc:register] channel "cua-pip-session"
[2026-09-28 16:07:42.441] [pid:20368] [zcode-host] [rpc:register] channel "conversation-share"
[2026-09-28 16:07:42.441] [pid:20368] [zcode-host] [rpc:register] channel "bots"
[2026-09-28 16:07:42.441] [pid:20368] [zcode-host] [rpc:register] channel "file-watcher"
[2026-09-28 16:07:42.441] [pid:20368] [zcode-host] [rpc:register] channel "oauth"
[2026-09-28 16:07:42.441] [pid:20368] [zcode-host] [rpc:register] channel "usage-stats"
[2026-09-28 16:07:42.441] [pid:20368] [zcode-host] [rpc:register] channel "coding-plan-subscription"
[2026-09-28 16:07:42.441] [pid:20368] [zcode-host] [rpc:register] channel "client-config"
[2026-09-28 16:07:42.441] [pid:20368] [zcode-host] [rpc:register] channel "client-scenes"
[2026-09-28 16:07:42.441] [pid:20368] [zcode-host] [rpc:register] channel "off-peak-task"
[2026-09-28 16:07:42.441] [pid:20368] [zcode-host] [rpc:register] channel "skills"
[2026-09-28 16:07:42.441] [pid:20368] [zcode-host] [rpc:register] channel "skill-sync"
[2026-09-28 16:07:42.441] [pid:20368] [zcode-host] [rpc:register] channel "mcp-sync"
[2026-09-28 16:07:42.441] [pid:20368] [zcode-host] [rpc:register] channel "plugin-sync"
[2026-09-28 16:07:42.441] [pid:20368] [zcode-host] [rpc:register] channel "plugins"
[2026-09-28 16:07:42.441] [pid:20368] [zcode-host] [rpc:register] channel "plugin-management"
[2026-09-28 16:07:42.441] [pid:20368] [zcode-host] [rpc:register] channel "subagents"
[2026-09-28 16:07:42.441] [pid:20368] [zcode-host] [rpc:register] channel "commands"
[2026-09-28 16:07:42.441] [pid:20368] [zcode-host] [rpc:register] channel "hooks"
[2026-09-28 16:07:42.441] [pid:20368] [zcode-host] [rpc:register] channel "memory"
[2026-09-28 16:07:42.441] [pid:20368] [zcode-host] [rpc:register] channel "settings-sync"
[2026-09-28 16:07:42.442] [pid:20368] [zcode-host] [rpc:register] channel "feedback"
[2026-09-28 16:07:42.442] [pid:20368] [zcode-host] [rpc:register] channel "prompt-attachment-transfer"
[2026-09-28 16:07:42.442] [pid:20368] [zcode-host] [rpc:register] channel "provider-settings"
[2026-09-28 16:07:42.442] [pid:20368] [zcode-host] [rpc:register] channel "model-selection"
[2026-09-28 16:07:42.442] [pid:20368] [zcode-host] [rpc:register] channel "window-controller"
[2026-09-28 16:07:42.442] [pid:20368] [zcode-host] service connection ready mode=desktop-continuous
[2026-09-28 16:07:42.442] [pid:20368] [zcode-host] window Host topology, reason=base-attachment-ready, pid=20368, connections=0, logicalSessions=0, attachments=1
[2026-09-28 16:07:42.442] [pid:20368] [zcode-host] local services ready, all channels registered
[2026-09-28 16:07:42.457] [pid:19508] [main] [host-log] (local-1) [host] [2026-09-28 16:07:42.442] [pid:20368] [zcode-host] local services ready, all channels registered
[2026-09-28 16:07:42.458] [pid:19508] [main] [database-startup] terminal {
  attemptId: '763c3ef1-5495-47f3-8123-0154bf526496',
  status: 'ready',
  durationMs: 2516,
  errorCode: undefined,
  disk: [
    {
      scopeId: '5882ba27b8362687630362a1bdbbb60eec824a17f70591b197c6dd84d6b2c78b',
      observedAvailableDropPeakBytes: 589824,
      minAvailableBytes: 132094558208,
      quality: 'complete',
      sampledAt: 1790582861948
    }
  ]
}
[2026-09-28 16:07:42.460] [pid:19508] [main] [cron-scheduler] forked scheduler process pid=undefined
[Z1 child] [2026-09-28 16:07:42.468] [pid:20368] [settingService] read result: {"recentProjects":[],"locale":"zh-CN","localePreference":"en-US","terminalInheritSystemProfile":true,"embeddedBrowserAllowInsecureCertificates":false,"embeddedBrowserViewportPreference":{"mode":"normal","viewport":{"width":393,"height":852},"zoom":"fit"},"computerUseComposerEntryHidden":true,"taskAutoArchiveEnabled":false,"taskAutoArchiveOlderThanDays":7,"closeToTrayOnWindows":false,"closeToTrayOnWindowsMigrationInitialized":true,"keepAwakeWhileRunning":false,"desktopChromiumHardwareAccelerationEnabled":true,"messageStreamShowReasoning":true,"messageStreamShowReasoningMigrationInitialized":true,"messageStreamShowTodos":false,"toolGroupingExploreEnabled":true,"toolGroupingTerminalEnabled":true,"toolGroupingChangesEnabled":false,"zcodeInteractionBehavior":"queue","askUserQuestionAutoResolutionEnabled":false,"modelIoFullRetentionEnabled":false,"startPlanRecommendationDismissed":false,"providerFamilyConnectionSelections":{},"providerFamilyDomain":"zai","providerFamilyDomainMigrated":true,"nativeSearchEnhancementsEnabled":true,"memoryEnabled":false,"lastWorkspaceSession":[],"lastActiveTabIndex":0,"receivePreviewUpdates":false,"autoDownloadAndInstallUpdates":false,"skippedElectronUpdateVersions":{}}
[2026-09-28 16:07:42.470] [pid:19508] [main] [host-log] (local-1) [host] [2026-09-28 16:07:42.470] [pid:20368] [zcode-host] [rpc:listen] broadcast.onMessage subscribed
[Z1 child] [2026-09-28 16:07:42.470] [pid:20368] [zcode-host] [rpc:listen] broadcast.onMessage subscribed
[Z1 child] [2026-09-28 16:07:42.477] [pid:20368] [zcode-host] [rpc:listen] zcode-agent.onDynamicCuaPermissionObservation subscribed
[2026-09-28 16:07:42.477] [pid:19508] [main] [host-log] (local-1) [host] [2026-09-28 16:07:42.477] [pid:20368] [zcode-host] [rpc:listen] zcode-agent.onDynamicCuaPermissionObservation subscribed
[Z1 child] [2026-09-28 16:07:42.478] [pid:20368] [settingService] reading settings from: D:\Playground\ZCode\.tmp\z1-native-1790582855405-f6850e\home\.zcode\v2\setting.json
[Z1 child] [2026-09-28 16:07:42.478] [pid:20368] [settingService] reading settings from: D:\Playground\ZCode\.tmp\z1-native-1790582855405-f6850e\home\.zcode\v2\setting.json
[2026-09-28 16:07:42.479] [pid:19508] [main] [host-log] (local-1) [host] [2026-09-28 16:07:42.478] [pid:20368] [zcode-host] [rpc:listen] model-selection.onDidChange subscribed
[Z1 child] [2026-09-28 16:07:42.478] [pid:20368] [zcode-host] [rpc:listen] model-selection.onDidChange subscribed
[2026-09-28 16:07:42.478] [pid:20368] [zcode-host] [rpc:listen] broadcast.onMessage subscribed
[2026-09-28 16:07:42.478] [pid:20368] [zcode-host] [rpc:listen] provider-settings.onDidChange subscribed
[2026-09-28 16:07:42.479] [pid:20368] [settingService] reading settings from: D:\Playground\ZCode\.tmp\z1-native-1790582855405-f6850e\home\.zcode\v2\setting.json
[2026-09-28 16:07:42.479] [pid:19508] [main] [host-log] (local-1) [host] [2026-09-28 16:07:42.478] [pid:20368] [zcode-host] [rpc:listen] broadcast.onMessage subscribed
[2026-09-28 16:07:42.480] [pid:19508] [main] [host-log] (local-1) [host] [2026-09-28 16:07:42.478] [pid:20368] [zcode-host] [rpc:listen] provider-settings.onDidChange subscribed
[2026-09-28 16:07:42.480] [pid:19508] [main] [task-realtime] updated host workspace scopes {
  hostId: 'ca01d8bb-ecd5-4c4a-8f7e-7671e3f9f09d',
  workspaceKeyCount: 0
}
[2026-09-28 16:07:42.482] [pid:19508] [main] [open-folder] Windows Explorer 右键菜单安装失败 { error: '[Z1 isolation] registry access blocked' }
[2026-09-28 16:07:42.483] [pid:19508] [main] [host-log] (local-1) [host] [2026-09-28 16:07:42.479] [pid:20368] [zcode-host] [rpc:listen] broadcast.onMessage subscribed
[2026-09-28 16:07:42.483] [pid:19508] [main] [host-log] (local-1) [host] [2026-09-28 16:07:42.479] [pid:20368] [zcode-host] [rpc:listen] provider-settings.onDidChange subscribed
[Z1 child] [2026-09-28 16:07:42.479] [pid:20368] [zcode-host] [rpc:listen] broadcast.onMessage subscribed
[2026-09-28 16:07:42.479] [pid:20368] [zcode-host] [rpc:listen] provider-settings.onDidChange subscribed
[2026-09-28 16:07:42.480] [pid:20368] [zcode-host] [rpc:listen] broadcast.onMessage subscribed
[2026-09-28 16:07:42.480] [pid:20368] [oauthService] restoreCachedSession skipped: no active provider
[2026-09-28 16:07:42.481] [pid:20368] [zcode-host] [rpc:call] oauth.restoreCachedSessionState OK (1.0ms)
[2026-09-28 16:07:42.481] [pid:20368] [settingService] reading settings from: D:\Playground\ZCode\.tmp\z1-native-1790582855405-f6850e\home\.zcode\v2\setting.json
[2026-09-28 16:07:42.481] [pid:20368] [zcode-host] [rpc:listen] broadcast.onMessage subscribed
[Z1 child] [2026-09-28 16:07:42.484] [pid:20368] [cua-pip-session] [cua-pip-session] event delivery dropped {
  kind: 'focus-changed',
  revision: 3,
  sessionId: null,
  sourceWindowId: 'window-1',
  skipReason: 'service-disabled'
}
[2026-09-28 16:07:42.486] [pid:19508] [main] [host-log] (local-1) [host] [2026-09-28 16:07:42.480] [pid:20368] [zcode-host] [rpc:listen] broadcast.onMessage subscribed
[2026-09-28 16:07:42.487] [pid:19508] [main] [host-log] (local-1) [host] [2026-09-28 16:07:42.480] [pid:20368] [oauthService] restoreCachedSession skipped: no active provider
[2026-09-28 16:07:42.487] [pid:19508] [main] [host-log] (local-1) [host] [2026-09-28 16:07:42.481] [pid:20368] [zcode-host] [rpc:call] oauth.restoreCachedSessionState OK (1.0ms)
[2026-09-28 16:07:42.488] [pid:19508] [main] [host-log] (local-1) [host] [2026-09-28 16:07:42.481] [pid:20368] [zcode-host] [rpc:listen] broadcast.onMessage subscribed
[2026-09-28 16:07:42.488] [pid:19508] [main] [host-log] (local-1) [host] [2026-09-28 16:07:42.484] [pid:20368] [cua-pip-session] [cua-pip-session] event delivery dropped {"kind":"focus-changed","revision":3,"sessionId":null,"sourceWindowId":"window-1","skipReason":"service-disabled"}
[Z1 child] [2026-09-28 16:07:42.487] [pid:20368] [settingService] read result: {"recentProjects":[],"locale":"zh-CN","localePreference":"en-US","terminalInheritSystemProfile":true,"embeddedBrowserAllowInsecureCertificates":false,"embeddedBrowserViewportPreference":{"mode":"normal","viewport":{"width":393,"height":852},"zoom":"fit"},"computerUseComposerEntryHidden":true,"taskAutoArchiveEnabled":false,"taskAutoArchiveOlderThanDays":7,"closeToTrayOnWindows":false,"closeToTrayOnWindowsMigrationInitialized":true,"keepAwakeWhileRunning":false,"desktopChromiumHardwareAccelerationEnabled":true,"messageStreamShowReasoning":true,"messageStreamShowReasoningMigrationInitialized":true,"messageStreamShowTodos":false,"toolGroupingExploreEnabled":true,"toolGroupingTerminalEnabled":true,"toolGroupingChangesEnabled":false,"zcodeInteractionBehavior":"queue","askUserQuestionAutoResolutionEnabled":false,"modelIoFullRetentionEnabled":false,"startPlanRecommendationDismissed":false,"providerFamilyConnectionSelections":{},"providerFamilyDomain":"zai","providerFamilyDomainMigrated":true,"nativeSearchEnhancementsEnabled":true,"memoryEnabled":false,"lastWorkspaceSession":[],"lastActiveTabIndex":0,"receivePreviewUpdates":false,"autoDownloadAndInstallUpdates":false,"skippedElectronUpdateVersions":{}}
[2026-09-28 16:07:42.491] [pid:19508] [main] [host-log] (local-1) [host] [2026-09-28 16:07:42.490] [pid:20368] [zcode-host] [rpc:call] setting.get OK (12.4ms)
[2026-09-28 16:07:42.492] [pid:19508] [main] [host-log] (local-1) [host] [2026-09-28 16:07:42.491] [pid:20368] [zcode-host] [rpc:call] setting.get OK (12.2ms)
[Z1 child] [2026-09-28 16:07:42.489] [pid:20368] [node-api-client] zcode endpoint request headers prepared {
  headerKeys: [
    'http-referer',
    'user-agent',
    'x-client-language',
    'x-client-timezone',
    'x-device-mid',
    'x-os-category',
    'x-os-version',
    'x-platform',
    'x-release-channel',
    'x-request-id',
    'x-title',
    'x-zcode-app-version'
  ],
  method: 'GET',
  url: 'http://127.0.0.1:55514/api/v1/client/configs?app_version=3.14.0&platform=win32-x64'
}
[2026-09-28 16:07:42.490] [pid:20368] [settingService] reading settings from: D:\Playground\ZCode\.tmp\z1-native-1790582855405-f6850e\home\.zcode\v2\setting.json
[2026-09-28 16:07:42.490] [pid:20368] [settingService] read result: {"recentProjects":[],"locale":"zh-CN","localePreference":"en-US","terminalInheritSystemProfile":true,"embeddedBrowserAllowInsecureCertificates":false,"embeddedBrowserViewportPreference":{"mode":"normal","viewport":{"width":393,"height":852},"zoom":"fit"},"computerUseComposerEntryHidden":true,"taskAutoArchiveEnabled":false,"taskAutoArchiveOlderThanDays":7,"closeToTrayOnWindows":false,"closeToTrayOnWindowsMigrationInitialized":true,"keepAwakeWhileRunning":false,"desktopChromiumHardwareAccelerationEnabled":true,"messageStreamShowReasoning":true,"messageStreamShowReasoningMigrationInitialized":true,"messageStreamShowTodos":false,"toolGroupingExploreEnabled":true,"toolGroupingTerminalEnabled":true,"toolGroupingChangesEnabled":false,"zcodeInteractionBehavior":"queue","askUserQuestionAutoResolutionEnabled":false,"modelIoFullRetentionEnabled":false,"startPlanRecommendationDismissed":false,"providerFamilyConnectionSelections":{},"providerFamilyDomain":"zai","providerFamilyDomainMigrated":true,"nativeSearchEnhancementsEnabled":true,"memoryEnabled":false,"lastWorkspaceSession":[],"lastActiveTabIndex":0,"receivePreviewUpdates":false,"autoDownloadAndInstallUpdates":false,"skippedElectronUpdateVersions":{}}
[2026-09-28 16:07:42.490] [pid:20368] [zcode-host] [rpc:call] setting.get OK (12.4ms)
[2026-09-28 16:07:42.491] [pid:20368] [settingService] read result: {"recentProjects":[],"locale":"zh-CN","localePreference":"en-US","terminalInheritSystemProfile":true,"embeddedBrowserAllowInsecureCertificates":false,"embeddedBrowserViewportPreference":{"mode":"normal","viewport":{"width":393,"height":852},"zoom":"fit"},"computerUseComposerEntryHidden":true,"taskAutoArchiveEnabled":false,"taskAutoArchiveOlderThanDays":7,"closeToTrayOnWindows":false,"closeToTrayOnWindowsMigrationInitialized":true,"keepAwakeWhileRunning":false,"desktopChromiumHardwareAccelerationEnabled":true,"messageStreamShowReasoning":true,"messageStreamShowReasoningMigrationInitialized":true,"messageStreamShowTodos":false,"toolGroupingExploreEnabled":true,"toolGroupingTerminalEnabled":true,"toolGroupingChangesEnabled":false,"zcodeInteractionBehavior":"queue","askUserQuestionAutoResolutionEnabled":false,"modelIoFullRetentionEnabled":false,"startPlanRecommendationDismissed":false,"providerFamilyConnectionSelections":{},"providerFamilyDomain":"zai","providerFamilyDomainMigrated":true,"nativeSearchEnhancementsEnabled":true,"memoryEnabled":false,"lastWorkspaceSession":[],"lastActiveTabIndex":0,"receivePreviewUpdates":false,"autoDownloadAndInstallUpdates":false,"skippedElectronUpdateVersions":{}}
[2026-09-28 16:07:42.491] [pid:20368] [zcode-host] [rpc:call] setting.get OK (12.2ms)
[2026-09-28 16:07:42.498] [pid:19508] [main] [host-log] (local-1) [host] [2026-09-28 16:07:42.493] [pid:20368] [zcode-host] [rpc:call] setting.get OK (11.4ms)
[Z1 child] [2026-09-28 16:07:42.493] [pid:20368] [settingService] read result: {"recentProjects":[],"locale":"zh-CN","localePreference":"en-US","terminalInheritSystemProfile":true,"embeddedBrowserAllowInsecureCertificates":false,"embeddedBrowserViewportPreference":{"mode":"normal","viewport":{"width":393,"height":852},"zoom":"fit"},"computerUseComposerEntryHidden":true,"taskAutoArchiveEnabled":false,"taskAutoArchiveOlderThanDays":7,"closeToTrayOnWindows":false,"closeToTrayOnWindowsMigrationInitialized":true,"keepAwakeWhileRunning":false,"desktopChromiumHardwareAccelerationEnabled":true,"messageStreamShowReasoning":true,"messageStreamShowReasoningMigrationInitialized":true,"messageStreamShowTodos":false,"toolGroupingExploreEnabled":true,"toolGroupingTerminalEnabled":true,"toolGroupingChangesEnabled":false,"zcodeInteractionBehavior":"queue","askUserQuestionAutoResolutionEnabled":false,"modelIoFullRetentionEnabled":false,"startPlanRecommendationDismissed":false,"providerFamilyConnectionSelections":{},"providerFamilyDomain":"zai","providerFamilyDomainMigrated":true,"nativeSearchEnhancementsEnabled":true,"memoryEnabled":false,"lastWorkspaceSession":[],"lastActiveTabIndex":0,"receivePreviewUpdates":false,"autoDownloadAndInstallUpdates":false,"skippedElectronUpdateVersions":{}}
[2026-09-28 16:07:42.493] [pid:20368] [zcode-host] [rpc:call] setting.get OK (11.4ms)
[2026-09-28 16:07:42.493] [pid:20368] [settingService] read result: {"recentProjects":[],"locale":"zh-CN","localePreference":"en-US","terminalInheritSystemProfile":true,"embeddedBrowserAllowInsecureCertificates":false,"embeddedBrowserViewportPreference":{"mode":"normal","viewport":{"width":393,"height":852},"zoom":"fit"},"computerUseComposerEntryHidden":true,"taskAutoArchiveEnabled":false,"taskAutoArchiveOlderThanDays":7,"closeToTrayOnWindows":false,"closeToTrayOnWindowsMigrationInitialized":true,"keepAwakeWhileRunning":false,"desktopChromiumHardwareAccelerationEnabled":true,"messageStreamShowReasoning":true,"messageStreamShowReasoningMigrationInitialized":true,"messageStreamShowTodos":false,"toolGroupingExploreEnabled":true,"toolGroupingTerminalEnabled":true,"toolGroupingChangesEnabled":false,"zcodeInteractionBehavior":"queue","askUserQuestionAutoResolutionEnabled":false,"modelIoFullRetentionEnabled":false,"startPlanRecommendationDismissed":false,"providerFamilyConnectionSelections":{},"providerFamilyDomain":"zai","providerFamilyDomainMigrated":true,"nativeSearchEnhancementsEnabled":true,"memoryEnabled":false,"lastWorkspaceSession":[],"lastActiveTabIndex":0,"receivePreviewUpdates":false,"autoDownloadAndInstallUpdates":false,"skippedElectronUpdateVersions":{}}
[Z1 child] [2026-09-28 16:07:42.502] [pid:20368] [settingService] reading settings from: D:\Playground\ZCode\.tmp\z1-native-1790582855405-f6850e\home\.zcode\v2\setting.json
[2026-09-28 16:07:42.502] [pid:20368] [zcode-host] [rpc:call] zcode-agent.syncAppRuntimePreferences OK (0.2ms)
[Z1 child] [2026-09-28 16:07:42.504] [pid:20368] [zcode-host] [rpc:call] bots.syncAppRuntimePreferences OK (0.2ms)
[2026-09-28 16:07:42.505] [pid:19508] [main] [host-log] (local-1) [host] [2026-09-28 16:07:42.502] [pid:20368] [zcode-host] [rpc:call] zcode-agent.syncAppRuntimePreferences OK (0.2ms)
[2026-09-28 16:07:42.506] [pid:19508] [main] [host-log] (local-1) [host] [2026-09-28 16:07:42.504] [pid:20368] [zcode-host] [rpc:call] bots.syncAppRuntimePreferences OK (0.2ms)
[Z1 child] [2026-09-28 16:07:42.526] [pid:20368] [zcode-host] [rpc:call] coding-plan-subscription.getDynamicWorkflowClientConfig OK (49.0ms)
[2026-09-28 16:07:42.527] [pid:19508] [main] [host-log] (local-1) [host] [2026-09-28 16:07:42.526] [pid:20368] [zcode-host] [rpc:call] coding-plan-subscription.getDynamicWorkflowClientConfig OK (49.0ms)
[Z1 child] [2026-09-28 16:07:42.528] [pid:20368] [settingService] read result: {"recentProjects":[],"locale":"zh-CN","localePreference":"en-US","terminalInheritSystemProfile":true,"embeddedBrowserAllowInsecureCertificates":false,"embeddedBrowserViewportPreference":{"mode":"normal","viewport":{"width":393,"height":852},"zoom":"fit"},"computerUseComposerEntryHidden":true,"taskAutoArchiveEnabled":false,"taskAutoArchiveOlderThanDays":7,"closeToTrayOnWindows":false,"closeToTrayOnWindowsMigrationInitialized":true,"keepAwakeWhileRunning":false,"desktopChromiumHardwareAccelerationEnabled":true,"messageStreamShowReasoning":true,"messageStreamShowReasoningMigrationInitialized":true,"messageStreamShowTodos":false,"toolGroupingExploreEnabled":true,"toolGroupingTerminalEnabled":true,"toolGroupingChangesEnabled":false,"zcodeInteractionBehavior":"queue","askUserQuestionAutoResolutionEnabled":false,"modelIoFullRetentionEnabled":false,"startPlanRecommendationDismissed":false,"providerFamilyConnectionSelections":{},"providerFamilyDomain":"zai","providerFamilyDomainMigrated":true,"nativeSearchEnhancementsEnabled":true,"memoryEnabled":false,"lastWorkspaceSession":[],"lastActiveTabIndex":0,"receivePreviewUpdates":false,"autoDownloadAndInstallUpdates":false,"skippedElectronUpdateVersions":{}}
[2026-09-28 16:07:42.528] [pid:20368] [zcode-host] [rpc:call] setting.get OK (26.3ms)
[2026-09-28 16:07:42.529] [pid:19508] [main] [host-log] (local-1) [host] [2026-09-28 16:07:42.528] [pid:20368] [zcode-host] [rpc:call] setting.get OK (26.3ms)
[2026-09-28 16:07:42.616] [pid:19508] [main] [stability] perf_app_start reported
[Z1 child] [2026-09-28 16:07:42.641] [pid:20368] [settingService] reading settings from: D:\Playground\ZCode\.tmp\z1-native-1790582855405-f6850e\home\.zcode\v2\setting.json
[Z1 child] [2026-09-28 16:07:42.642] [pid:20368] [settingService] read result: {"recentProjects":[],"locale":"zh-CN","localePreference":"en-US","terminalInheritSystemProfile":true,"embeddedBrowserAllowInsecureCertificates":false,"embeddedBrowserViewportPreference":{"mode":"normal","viewport":{"width":393,"height":852},"zoom":"fit"},"computerUseComposerEntryHidden":true,"taskAutoArchiveEnabled":false,"taskAutoArchiveOlderThanDays":7,"closeToTrayOnWindows":false,"closeToTrayOnWindowsMigrationInitialized":true,"keepAwakeWhileRunning":false,"desktopChromiumHardwareAccelerationEnabled":true,"messageStreamShowReasoning":true,"messageStreamShowReasoningMigrationInitialized":true,"messageStreamShowTodos":false,"toolGroupingExploreEnabled":true,"toolGroupingTerminalEnabled":true,"toolGroupingChangesEnabled":false,"zcodeInteractionBehavior":"queue","askUserQuestionAutoResolutionEnabled":false,"modelIoFullRetentionEnabled":false,"startPlanRecommendationDismissed":false,"providerFamilyConnectionSelections":{},"providerFamilyDomain":"zai","providerFamilyDomainMigrated":true,"nativeSearchEnhancementsEnabled":true,"memoryEnabled":false,"lastWorkspaceSession":[],"lastActiveTabIndex":0,"receivePreviewUpdates":false,"autoDownloadAndInstallUpdates":false,"skippedElectronUpdateVersions":{}}
[Z1 child] [2026-09-28 16:07:42.643] [pid:20368] [settingService] reading settings from: D:\Playground\ZCode\.tmp\z1-native-1790582855405-f6850e\home\.zcode\v2\setting.json
[Z1 child] [2026-09-28 16:07:42.644] [pid:20368] [settingService] read result: {"recentProjects":[],"locale":"zh-CN","localePreference":"en-US","terminalInheritSystemProfile":true,"embeddedBrowserAllowInsecureCertificates":false,"embeddedBrowserViewportPreference":{"mode":"normal","viewport":{"width":393,"height":852},"zoom":"fit"},"computerUseComposerEntryHidden":true,"taskAutoArchiveEnabled":false,"taskAutoArchiveOlderThanDays":7,"closeToTrayOnWindows":false,"closeToTrayOnWindowsMigrationInitialized":true,"keepAwakeWhileRunning":false,"desktopChromiumHardwareAccelerationEnabled":true,"messageStreamShowReasoning":true,"messageStreamShowReasoningMigrationInitialized":true,"messageStreamShowTodos":false,"toolGroupingExploreEnabled":true,"toolGroupingTerminalEnabled":true,"toolGroupingChangesEnabled":false,"zcodeInteractionBehavior":"queue","askUserQuestionAutoResolutionEnabled":false,"modelIoFullRetentionEnabled":false,"startPlanRecommendationDismissed":false,"providerFamilyConnectionSelections":{},"providerFamilyDomain":"zai","providerFamilyDomainMigrated":true,"nativeSearchEnhancementsEnabled":true,"memoryEnabled":false,"lastWorkspaceSession":[],"lastActiveTabIndex":0,"receivePreviewUpdates":false,"autoDownloadAndInstallUpdates":false,"skippedElectronUpdateVersions":{}}
[Z1 child] [2026-09-28 16:07:42.662] [pid:20368] [settingService] reading settings from: D:\Playground\ZCode\.tmp\z1-native-1790582855405-f6850e\home\.zcode\v2\setting.json
[Z1 child] [2026-09-28 16:07:42.665] [pid:20368] [settingService] reading settings from: D:\Playground\ZCode\.tmp\z1-native-1790582855405-f6850e\home\.zcode\v2\setting.json
[Z1 child] [2026-09-28 16:07:42.666] [pid:20368] [settingService] read result: {"recentProjects":[],"locale":"zh-CN","localePreference":"en-US","terminalInheritSystemProfile":true,"embeddedBrowserAllowInsecureCertificates":false,"embeddedBrowserViewportPreference":{"mode":"normal","viewport":{"width":393,"height":852},"zoom":"fit"},"computerUseComposerEntryHidden":true,"taskAutoArchiveEnabled":false,"taskAutoArchiveOlderThanDays":7,"closeToTrayOnWindows":false,"closeToTrayOnWindowsMigrationInitialized":true,"keepAwakeWhileRunning":false,"desktopChromiumHardwareAccelerationEnabled":true,"messageStreamShowReasoning":true,"messageStreamShowReasoningMigrationInitialized":true,"messageStreamShowTodos":false,"toolGroupingExploreEnabled":true,"toolGroupingTerminalEnabled":true,"toolGroupingChangesEnabled":false,"zcodeInteractionBehavior":"queue","askUserQuestionAutoResolutionEnabled":false,"modelIoFullRetentionEnabled":false,"startPlanRecommendationDismissed":false,"providerFamilyConnectionSelections":{},"providerFamilyDomain":"zai","providerFamilyDomainMigrated":true,"nativeSearchEnhancementsEnabled":true,"memoryEnabled":false,"lastWorkspaceSession":[],"lastActiveTabIndex":0,"receivePreviewUpdates":false,"autoDownloadAndInstallUpdates":false,"skippedElectronUpdateVersions":{}}
[Z1 child] [2026-09-28 16:07:42.667] [pid:20368] [settingService] read result: {"recentProjects":[],"locale":"zh-CN","localePreference":"en-US","terminalInheritSystemProfile":true,"embeddedBrowserAllowInsecureCertificates":false,"embeddedBrowserViewportPreference":{"mode":"normal","viewport":{"width":393,"height":852},"zoom":"fit"},"computerUseComposerEntryHidden":true,"taskAutoArchiveEnabled":false,"taskAutoArchiveOlderThanDays":7,"closeToTrayOnWindows":false,"closeToTrayOnWindowsMigrationInitialized":true,"keepAwakeWhileRunning":false,"desktopChromiumHardwareAccelerationEnabled":true,"messageStreamShowReasoning":true,"messageStreamShowReasoningMigrationInitialized":true,"messageStreamShowTodos":false,"toolGroupingExploreEnabled":true,"toolGroupingTerminalEnabled":true,"toolGroupingChangesEnabled":false,"zcodeInteractionBehavior":"queue","askUserQuestionAutoResolutionEnabled":false,"modelIoFullRetentionEnabled":false,"startPlanRecommendationDismissed":false,"providerFamilyConnectionSelections":{},"providerFamilyDomain":"zai","providerFamilyDomainMigrated":true,"nativeSearchEnhancementsEnabled":true,"memoryEnabled":false,"lastWorkspaceSession":[],"lastActiveTabIndex":0,"receivePreviewUpdates":false,"autoDownloadAndInstallUpdates":false,"skippedElectronUpdateVersions":{}}
[Z1 child] [2026-09-28 16:07:42.667] [pid:20368] [node-api-client] zcode endpoint request headers prepared {
  headerKeys: [
    'http-referer',
    'user-agent',
    'x-client-language',
    'x-client-timezone',
    'x-device-mid',
    'x-os-category',
    'x-os-version',
    'x-platform',
    'x-release-channel',
    'x-request-id',
    'x-title',
    'x-zcode-app-version'
  ],
  method: 'GET',
  url: 'http://127.0.0.1:55514/api/v1/client/configs?app_version=3.14.0&platform=windows-x86_64'
}
[Z1 child] [2026-09-28 16:07:42.668] [pid:20368] [settingService] reading settings from: D:\Playground\ZCode\.tmp\z1-native-1790582855405-f6850e\home\.zcode\v2\setting.json
[Z1 child] [2026-09-28 16:07:42.673] [pid:20368] [settingService] reading settings from: D:\Playground\ZCode\.tmp\z1-native-1790582855405-f6850e\home\.zcode\v2\setting.json
[Z1 child] [2026-09-28 16:07:42.673] [pid:20368] [settingService] read result: {"recentProjects":[],"locale":"zh-CN","localePreference":"en-US","terminalInheritSystemProfile":true,"embeddedBrowserAllowInsecureCertificates":false,"embeddedBrowserViewportPreference":{"mode":"normal","viewport":{"width":393,"height":852},"zoom":"fit"},"computerUseComposerEntryHidden":true,"taskAutoArchiveEnabled":false,"taskAutoArchiveOlderThanDays":7,"closeToTrayOnWindows":false,"closeToTrayOnWindowsMigrationInitialized":true,"keepAwakeWhileRunning":false,"desktopChromiumHardwareAccelerationEnabled":true,"messageStreamShowReasoning":true,"messageStreamShowReasoningMigrationInitialized":true,"messageStreamShowTodos":false,"toolGroupingExploreEnabled":true,"toolGroupingTerminalEnabled":true,"toolGroupingChangesEnabled":false,"zcodeInteractionBehavior":"queue","askUserQuestionAutoResolutionEnabled":false,"modelIoFullRetentionEnabled":false,"startPlanRecommendationDismissed":false,"providerFamilyConnectionSelections":{},"providerFamilyDomain":"zai","providerFamilyDomainMigrated":true,"nativeSearchEnhancementsEnabled":true,"memoryEnabled":false,"lastWorkspaceSession":[],"lastActiveTabIndex":0,"receivePreviewUpdates":false,"autoDownloadAndInstallUpdates":false,"skippedElectronUpdateVersions":{}}
[Z1 child] [2026-09-28 16:07:42.674] [pid:20368] [settingService] read result: {"recentProjects":[],"locale":"zh-CN","localePreference":"en-US","terminalInheritSystemProfile":true,"embeddedBrowserAllowInsecureCertificates":false,"embeddedBrowserViewportPreference":{"mode":"normal","viewport":{"width":393,"height":852},"zoom":"fit"},"computerUseComposerEntryHidden":true,"taskAutoArchiveEnabled":false,"taskAutoArchiveOlderThanDays":7,"closeToTrayOnWindows":false,"closeToTrayOnWindowsMigrationInitialized":true,"keepAwakeWhileRunning":false,"desktopChromiumHardwareAccelerationEnabled":true,"messageStreamShowReasoning":true,"messageStreamShowReasoningMigrationInitialized":true,"messageStreamShowTodos":false,"toolGroupingExploreEnabled":true,"toolGroupingTerminalEnabled":true,"toolGroupingChangesEnabled":false,"zcodeInteractionBehavior":"queue","askUserQuestionAutoResolutionEnabled":false,"modelIoFullRetentionEnabled":false,"startPlanRecommendationDismissed":false,"providerFamilyConnectionSelections":{},"providerFamilyDomain":"zai","providerFamilyDomainMigrated":true,"nativeSearchEnhancementsEnabled":true,"memoryEnabled":false,"lastWorkspaceSession":[],"lastActiveTabIndex":0,"receivePreviewUpdates":false,"autoDownloadAndInstallUpdates":false,"skippedElectronUpdateVersions":{}}
[Z1 child] [2026-09-28 16:07:42.675] [pid:20368] [settingService] reading settings from: D:\Playground\ZCode\.tmp\z1-native-1790582855405-f6850e\home\.zcode\v2\setting.json
[Z1 child] [2026-09-28 16:07:42.691] [pid:20368] [settingService] read result: {"recentProjects":[],"locale":"zh-CN","localePreference":"en-US","terminalInheritSystemProfile":true,"embeddedBrowserAllowInsecureCertificates":false,"embeddedBrowserViewportPreference":{"mode":"normal","viewport":{"width":393,"height":852},"zoom":"fit"},"computerUseComposerEntryHidden":true,"taskAutoArchiveEnabled":false,"taskAutoArchiveOlderThanDays":7,"closeToTrayOnWindows":false,"closeToTrayOnWindowsMigrationInitialized":true,"keepAwakeWhileRunning":false,"desktopChromiumHardwareAccelerationEnabled":true,"messageStreamShowReasoning":true,"messageStreamShowReasoningMigrationInitialized":true,"messageStreamShowTodos":false,"toolGroupingExploreEnabled":true,"toolGroupingTerminalEnabled":true,"toolGroupingChangesEnabled":false,"zcodeInteractionBehavior":"queue","askUserQuestionAutoResolutionEnabled":false,"modelIoFullRetentionEnabled":false,"startPlanRecommendationDismissed":false,"providerFamilyConnectionSelections":{},"providerFamilyDomain":"zai","providerFamilyDomainMigrated":true,"nativeSearchEnhancementsEnabled":true,"memoryEnabled":false,"lastWorkspaceSession":[],"lastActiveTabIndex":0,"receivePreviewUpdates":false,"autoDownloadAndInstallUpdates":false,"skippedElectronUpdateVersions":{}}
[Z1 child] [2026-09-28 16:07:42.693] [pid:20368] [settingService] reading settings from: D:\Playground\ZCode\.tmp\z1-native-1790582855405-f6850e\home\.zcode\v2\setting.json
[Z1 child] [2026-09-28 16:07:42.695] [pid:20368] [settingService] read result: {"recentProjects":[],"locale":"zh-CN","localePreference":"en-US","terminalInheritSystemProfile":true,"embeddedBrowserAllowInsecureCertificates":false,"embeddedBrowserViewportPreference":{"mode":"normal","viewport":{"width":393,"height":852},"zoom":"fit"},"computerUseComposerEntryHidden":true,"taskAutoArchiveEnabled":false,"taskAutoArchiveOlderThanDays":7,"closeToTrayOnWindows":false,"closeToTrayOnWindowsMigrationInitialized":true,"keepAwakeWhileRunning":false,"desktopChromiumHardwareAccelerationEnabled":true,"messageStreamShowReasoning":true,"messageStreamShowReasoningMigrationInitialized":true,"messageStreamShowTodos":false,"toolGroupingExploreEnabled":true,"toolGroupingTerminalEnabled":true,"toolGroupingChangesEnabled":false,"zcodeInteractionBehavior":"queue","askUserQuestionAutoResolutionEnabled":false,"modelIoFullRetentionEnabled":false,"startPlanRecommendationDismissed":false,"providerFamilyConnectionSelections":{},"providerFamilyDomain":"zai","providerFamilyDomainMigrated":true,"nativeSearchEnhancementsEnabled":true,"memoryEnabled":false,"lastWorkspaceSession":[],"lastActiveTabIndex":0,"receivePreviewUpdates":false,"autoDownloadAndInstallUpdates":false,"skippedElectronUpdateVersions":{}}
[Z1 child] [2026-09-28 16:07:42.714] [pid:20368] [provider-config] ZCode Built-in 刷新检查 { result: 'missing' }
[Z1 child] [2026-09-28 16:07:42.750] [pid:20368] [provider-runtime][trace:Provider Registry 已就绪] {
  configRevision: '["zcode-builtin:30:ed33a6724cee2fd13fefdde1062d693f8ebf3786b4dda527be6fb2e69df328c5","6ce59c036502d4651508d5be079babe92d65c27881b82e6a1e19e589c9ee0c55"]',
  providerCount: 1
}
[2026-09-28 16:07:42.751] [pid:19508] [main] [host-log] (local-1) [host] [2026-09-28 16:07:42.750] [pid:20368] [provider-runtime][trace:Provider Registry 已就绪] {"configRevision":"[\"zcode-builtin:30:ed33a6724cee2fd13fefdde1062d693f8ebf3786b4dda527be6fb2e69df328c5\",\"6ce59c036502d4651508d5be079babe92d65c27881b82e6a1e19e589c9ee0c55\"]","providerCount":1}
[Z1 child] [2026-09-28 16:07:42.751] [pid:20368] [settingService] reading settings from: D:\Playground\ZCode\.tmp\z1-native-1790582855405-f6850e\home\.zcode\v2\setting.json
[2026-09-28 16:07:42.751] [pid:20368] [zcode-host] [rpc:call] provider-settings.getView OK (272.9ms)
[2026-09-28 16:07:42.752] [pid:19508] [main] [host-log] (local-1) [host] [2026-09-28 16:07:42.751] [pid:20368] [zcode-host] [rpc:call] provider-settings.getView OK (272.9ms)
[2026-09-28 16:07:42.752] [pid:19508] [main] [host-log] (local-1) [host] [2026-09-28 16:07:42.752] [pid:20368] [zcode-host] [rpc:call] provider-settings.getView OK (272.2ms)
[Z1 child] [2026-09-28 16:07:42.752] [pid:20368] [zcode-host] [rpc:call] provider-settings.getView OK (272.2ms)
[Z1 child] [2026-09-28 16:07:42.754] [pid:20368] [zcode-host] [rpc:call] credential.load OK (0.4ms)
[2026-09-28 16:07:42.754] [pid:19508] [main] [host-log] (local-1) [host] [2026-09-28 16:07:42.754] [pid:20368] [zcode-host] [rpc:call] credential.load OK (0.4ms)
[2026-09-28 16:07:42.755] [pid:19508] [main] [host-log] (local-1) [host] [2026-09-28 16:07:42.754] [pid:20368] [zcode-host] [rpc:call] credential.load OK (0.8ms)
[Z1 child] [2026-09-28 16:07:42.754] [pid:20368] [zcode-host] [rpc:call] credential.load OK (0.8ms)
[Z1 child] [2026-09-28 16:07:42.756] [pid:20368] [zcode-agent] ZCode agent command resolved {
  workspaceKey: 'D:\\Playground\\ZCode\\.tmp\\z1-native-1790582855405-f6850e\\workspace',
  command: 'D:\\Playground\\ZCode\\node_modules\\electron\\dist\\electron.exe',
  effectiveCommand: 'D:\\Playground\\ZCode\\node_modules\\electron\\dist\\electron.exe',
  resolveCommandDurationMs: 0
}
[2026-09-28 16:07:42.757] [pid:19508] [main] [host-log] (local-1) [host] [2026-09-28 16:07:42.756] [pid:20368] [zcode-agent] ZCode agent command resolved {"workspaceKey":"D:\\Playground\\ZCode\\.tmp\\z1-native-1790582855405-f6850e\\workspace","command":"D:\\Playground\\ZCode\\node_modules\\electron\\dist\\electron.exe","effectiveCommand":"D:\\Playground\\ZCode\\node_modules\\electron\\dist\\electron.exe","resolveCommandDurationMs":0}
[Z1 child] [2026-09-28 16:07:42.757] [pid:20368] [settingService] reading settings from: D:\Playground\ZCode\.tmp\z1-native-1790582855405-f6850e\home\.zcode\v2\setting.json
[2026-09-28 16:07:42.757] [pid:20368] [settingService] read result: {"recentProjects":[],"locale":"zh-CN","localePreference":"en-US","terminalInheritSystemProfile":true,"embeddedBrowserAllowInsecureCertificates":false,"embeddedBrowserViewportPreference":{"mode":"normal","viewport":{"width":393,"height":852},"zoom":"fit"},"computerUseComposerEntryHidden":true,"taskAutoArchiveEnabled":false,"taskAutoArchiveOlderThanDays":7,"closeToTrayOnWindows":false,"closeToTrayOnWindowsMigrationInitialized":true,"keepAwakeWhileRunning":false,"desktopChromiumHardwareAccelerationEnabled":true,"messageStreamShowReasoning":true,"messageStreamShowReasoningMigrationInitialized":true,"messageStreamShowTodos":false,"toolGroupingExploreEnabled":true,"toolGroupingTerminalEnabled":true,"toolGroupingChangesEnabled":false,"zcodeInteractionBehavior":"queue","askUserQuestionAutoResolutionEnabled":false,"modelIoFullRetentionEnabled":false,"startPlanRecommendationDismissed":false,"providerFamilyConnectionSelections":{},"providerFamilyDomain":"zai","providerFamilyDomainMigrated":true,"nativeSearchEnhancementsEnabled":true,"memoryEnabled":false,"lastWorkspaceSession":[],"lastActiveTabIndex":0,"receivePreviewUpdates":false,"autoDownloadAndInstallUpdates":false,"skippedElectronUpdateVersions":{}}
[Z1 child] [2026-09-28 16:07:42.757] [pid:20368] [settingService] reading settings from: D:\Playground\ZCode\.tmp\z1-native-1790582855405-f6850e\home\.zcode\v2\setting.json
[Z1 child] [2026-09-28 16:07:42.758] [pid:20368] [zcode-host] [rpc:call] model-selection.getView OK (279.5ms)
[2026-09-28 16:07:42.758] [pid:19508] [main] [host-log] (local-1) [host] [2026-09-28 16:07:42.758] [pid:20368] [zcode-host] [rpc:call] model-selection.getView OK (279.5ms)
[Z1 child] [2026-09-28 16:07:42.759] [pid:20368] [settingService] read result: {"recentProjects":[],"locale":"zh-CN","localePreference":"en-US","terminalInheritSystemProfile":true,"embeddedBrowserAllowInsecureCertificates":false,"embeddedBrowserViewportPreference":{"mode":"normal","viewport":{"width":393,"height":852},"zoom":"fit"},"computerUseComposerEntryHidden":true,"taskAutoArchiveEnabled":false,"taskAutoArchiveOlderThanDays":7,"closeToTrayOnWindows":false,"closeToTrayOnWindowsMigrationInitialized":true,"keepAwakeWhileRunning":false,"desktopChromiumHardwareAccelerationEnabled":true,"messageStreamShowReasoning":true,"messageStreamShowReasoningMigrationInitialized":true,"messageStreamShowTodos":false,"toolGroupingExploreEnabled":true,"toolGroupingTerminalEnabled":true,"toolGroupingChangesEnabled":false,"zcodeInteractionBehavior":"queue","askUserQuestionAutoResolutionEnabled":false,"modelIoFullRetentionEnabled":false,"startPlanRecommendationDismissed":false,"providerFamilyConnectionSelections":{},"providerFamilyDomain":"zai","providerFamilyDomainMigrated":true,"nativeSearchEnhancementsEnabled":true,"memoryEnabled":false,"lastWorkspaceSession":[],"lastActiveTabIndex":0,"receivePreviewUpdates":false,"autoDownloadAndInstallUpdates":false,"skippedElectronUpdateVersions":{}}
[Z1 child] [2026-09-28 16:07:42.760] [pid:20368] [settingService] read result: {"recentProjects":[],"locale":"zh-CN","localePreference":"en-US","terminalInheritSystemProfile":true,"embeddedBrowserAllowInsecureCertificates":false,"embeddedBrowserViewportPreference":{"mode":"normal","viewport":{"width":393,"height":852},"zoom":"fit"},"computerUseComposerEntryHidden":true,"taskAutoArchiveEnabled":false,"taskAutoArchiveOlderThanDays":7,"closeToTrayOnWindows":false,"closeToTrayOnWindowsMigrationInitialized":true,"keepAwakeWhileRunning":false,"desktopChromiumHardwareAccelerationEnabled":true,"messageStreamShowReasoning":true,"messageStreamShowReasoningMigrationInitialized":true,"messageStreamShowTodos":false,"toolGroupingExploreEnabled":true,"toolGroupingTerminalEnabled":true,"toolGroupingChangesEnabled":false,"zcodeInteractionBehavior":"queue","askUserQuestionAutoResolutionEnabled":false,"modelIoFullRetentionEnabled":false,"startPlanRecommendationDismissed":false,"providerFamilyConnectionSelections":{},"providerFamilyDomain":"zai","providerFamilyDomainMigrated":true,"nativeSearchEnhancementsEnabled":true,"memoryEnabled":false,"lastWorkspaceSession":[],"lastActiveTabIndex":0,"receivePreviewUpdates":false,"autoDownloadAndInstallUpdates":false,"skippedElectronUpdateVersions":{}}
[Z1 child] [2026-09-28 16:07:42.760] [pid:20368] [zcode-agent] ZCode agent process start already in progress {
  workspaceKey: 'D:\\Playground\\ZCode\\.tmp\\z1-native-1790582855405-f6850e\\workspace'
}
[2026-09-28 16:07:42.761] [pid:19508] [main] [host-log] (local-1) [host] [2026-09-28 16:07:42.760] [pid:20368] [zcode-agent] ZCode agent process start already in progress {"workspaceKey":"D:\\Playground\\ZCode\\.tmp\\z1-native-1790582855405-f6850e\\workspace"}
[Z1 child] [2026-09-28 16:07:42.763] [pid:20368] [cua-product-helper] Windows CUA Helper runtime resolution failed {
  reason: 'invalid-runtime-manifest',
  artifact: 'runtime-manifest.json',
  errorName: 'WindowsCuaDevRuntimeResolutionError',
  message: 'Windows CUA packaged runtime has an invalid runtime-manifest.json.'
}
[2026-09-28 16:07:42.764] [pid:19508] [main] [host-log] (local-1) [host] [2026-09-28 16:07:42.763] [pid:20368] [cua-product-helper] Windows CUA Helper runtime resolution failed {"reason":"invalid-runtime-manifest","artifact":"runtime-manifest.json","errorName":"WindowsCuaDevRuntimeResolutionError","message":"Windows CUA packaged runtime has an invalid runtime-manifest.json."}
[2026-09-28 16:07:42.764] [pid:19508] [main] [host-log] (local-1) [host] [2026-09-28 16:07:42.763] [pid:20368] [cua-product-helper] Computer Use Helper broker_unavailable; disabling workspace zcode-cua MCP server for this agent spawn (Windows CUA packaged runtime has an invalid runtime-manifest.json.)
[Z1 child] [2026-09-28 16:07:42.763] [pid:20368] [cua-product-helper] Computer Use Helper broker_unavailable; disabling workspace zcode-cua MCP server for this agent spawn (Windows CUA packaged runtime has an invalid runtime-manifest.json.)
[Z1 child] [2026-09-28 16:07:42.764] [pid:20368] [settingService] reading settings from: D:\Playground\ZCode\.tmp\z1-native-1790582855405-f6850e\home\.zcode\v2\setting.json
[2026-09-28 16:07:42.764] [pid:20368] [settingService] reading settings from: D:\Playground\ZCode\.tmp\z1-native-1790582855405-f6850e\home\.zcode\v2\setting.json
[Z1 child] [2026-09-28 16:07:42.765] [pid:20368] [settingService] read result: {"recentProjects":[],"locale":"zh-CN","localePreference":"en-US","terminalInheritSystemProfile":true,"embeddedBrowserAllowInsecureCertificates":false,"embeddedBrowserViewportPreference":{"mode":"normal","viewport":{"width":393,"height":852},"zoom":"fit"},"computerUseComposerEntryHidden":true,"taskAutoArchiveEnabled":false,"taskAutoArchiveOlderThanDays":7,"closeToTrayOnWindows":false,"closeToTrayOnWindowsMigrationInitialized":true,"keepAwakeWhileRunning":false,"desktopChromiumHardwareAccelerationEnabled":true,"messageStreamShowReasoning":true,"messageStreamShowReasoningMigrationInitialized":true,"messageStreamShowTodos":false,"toolGroupingExploreEnabled":true,"toolGroupingTerminalEnabled":true,"toolGroupingChangesEnabled":false,"zcodeInteractionBehavior":"queue","askUserQuestionAutoResolutionEnabled":false,"modelIoFullRetentionEnabled":false,"startPlanRecommendationDismissed":false,"providerFamilyConnectionSelections":{},"providerFamilyDomain":"zai","providerFamilyDomainMigrated":true,"nativeSearchEnhancementsEnabled":true,"memoryEnabled":false,"lastWorkspaceSession":[],"lastActiveTabIndex":0,"receivePreviewUpdates":false,"autoDownloadAndInstallUpdates":false,"skippedElectronUpdateVersions":{}}
[Z1 child] [2026-09-28 16:07:42.765] [pid:20368] [settingService] reading settings from: D:\Playground\ZCode\.tmp\z1-native-1790582855405-f6850e\home\.zcode\v2\setting.json
[Z1 child] [2026-09-28 16:07:42.766] [pid:20368] [settingService] read result: {"recentProjects":[],"locale":"zh-CN","localePreference":"en-US","terminalInheritSystemProfile":true,"embeddedBrowserAllowInsecureCertificates":false,"embeddedBrowserViewportPreference":{"mode":"normal","viewport":{"width":393,"height":852},"zoom":"fit"},"computerUseComposerEntryHidden":true,"taskAutoArchiveEnabled":false,"taskAutoArchiveOlderThanDays":7,"closeToTrayOnWindows":false,"closeToTrayOnWindowsMigrationInitialized":true,"keepAwakeWhileRunning":false,"desktopChromiumHardwareAccelerationEnabled":true,"messageStreamShowReasoning":true,"messageStreamShowReasoningMigrationInitialized":true,"messageStreamShowTodos":false,"toolGroupingExploreEnabled":true,"toolGroupingTerminalEnabled":true,"toolGroupingChangesEnabled":false,"zcodeInteractionBehavior":"queue","askUserQuestionAutoResolutionEnabled":false,"modelIoFullRetentionEnabled":false,"startPlanRecommendationDismissed":false,"providerFamilyConnectionSelections":{},"providerFamilyDomain":"zai","providerFamilyDomainMigrated":true,"nativeSearchEnhancementsEnabled":true,"memoryEnabled":false,"lastWorkspaceSession":[],"lastActiveTabIndex":0,"receivePreviewUpdates":false,"autoDownloadAndInstallUpdates":false,"skippedElectronUpdateVersions":{}}
[2026-09-28 16:07:42.766] [pid:20368] [zcode-host] [rpc:call] setting.get OK (2.0ms)
[2026-09-28 16:07:42.766] [pid:19508] [main] [host-log] (local-1) [host] [2026-09-28 16:07:42.766] [pid:20368] [zcode-host] [rpc:call] setting.get OK (2.0ms)
[Z1 child] [2026-09-28 16:07:42.780] [pid:20368] [settingService] read result: {"recentProjects":[],"locale":"zh-CN","localePreference":"en-US","terminalInheritSystemProfile":true,"embeddedBrowserAllowInsecureCertificates":false,"embeddedBrowserViewportPreference":{"mode":"normal","viewport":{"width":393,"height":852},"zoom":"fit"},"computerUseComposerEntryHidden":true,"taskAutoArchiveEnabled":false,"taskAutoArchiveOlderThanDays":7,"closeToTrayOnWindows":false,"closeToTrayOnWindowsMigrationInitialized":true,"keepAwakeWhileRunning":false,"desktopChromiumHardwareAccelerationEnabled":true,"messageStreamShowReasoning":true,"messageStreamShowReasoningMigrationInitialized":true,"messageStreamShowTodos":false,"toolGroupingExploreEnabled":true,"toolGroupingTerminalEnabled":true,"toolGroupingChangesEnabled":false,"zcodeInteractionBehavior":"queue","askUserQuestionAutoResolutionEnabled":false,"modelIoFullRetentionEnabled":false,"startPlanRecommendationDismissed":false,"providerFamilyConnectionSelections":{},"providerFamilyDomain":"zai","providerFamilyDomainMigrated":true,"nativeSearchEnhancementsEnabled":true,"memoryEnabled":false,"lastWorkspaceSession":[],"lastActiveTabIndex":0,"receivePreviewUpdates":false,"autoDownloadAndInstallUpdates":false,"skippedElectronUpdateVersions":{}}
[Z1 child] [2026-09-28 16:07:42.781] [pid:20368] [zcode-host] [rpc:call] file.ensureConversationWorkspace OK (13.9ms)
[2026-09-28 16:07:42.781] [pid:19508] [main] [host-log] (local-1) [host] [2026-09-28 16:07:42.781] [pid:20368] [zcode-host] [rpc:call] file.ensureConversationWorkspace OK (13.9ms)
[Z1 child] [2026-09-28 16:07:42.781] [pid:20368] [zcode-agent] ZCode agent spawn preflight {
  workspaceKey: 'D:\\Playground\\ZCode\\.tmp\\z1-native-1790582855405-f6850e\\workspace',
  spawnPreflight: {
    command: 'D:\\Playground\\ZCode\\node_modules\\electron\\dist\\electron.exe',
    args: [
      'D:\\Playground\\ZCode\\apps\\zcode-cli\\packages\\cli\\dist\\zcode.cjs',
      'app-server',
      '--stdio'
    ],
    requestedCwd: 'D:\\Playground\\ZCode\\.tmp\\z1-native-1790582855405-f6850e\\workspace',
    cwd: 'D:\\Playground\\ZCode\\.tmp\\z1-native-1790582855405-f6850e\\workspace',
    cwdSource: 'command',
    commandPathKind: 'absolute',
    commandExists: true,
    cwdExists: true
  }
}
[2026-09-28 16:07:42.782] [pid:19508] [main] [host-log] (local-1) [host] [2026-09-28 16:07:42.781] [pid:20368] [zcode-agent] ZCode agent spawn preflight {"workspaceKey":"D:\\Playground\\ZCode\\.tmp\\z1-native-1790582855405-f6850e\\workspace","spawnPreflight":{"command":"D:\\Playground\\ZCode\\node_modules\\electron\\dist\\electron.exe","args":["D:\\Playground\\ZCode\\apps\\zcode-cli\\packages\\cli\\dist\\zcode.cjs","app-server","--stdio"],"requestedCwd":"D:\\Playground\\ZCode\\.tmp\\z1-native-1790582855405-f6850e\\workspace","cwd":"D:\\Playground\\ZCode\\.tmp\\z1-native-1790582855405-f6850e\\workspace","cwdSource":"command","commandPathKind":"absolute","commandExists":true,"cwdExists":true}}
[2026-09-28 16:07:42.787] [pid:19508] [main] [task-realtime] updated host workspace scopes {
  hostId: 'ca01d8bb-ecd5-4c4a-8f7e-7671e3f9f09d',
  workspaceKeyCount: 1
}
[2026-09-28 16:07:42.792] [pid:19508] [main] [task-realtime] updated host workspace scopes {
  hostId: 'ca01d8bb-ecd5-4c4a-8f7e-7671e3f9f09d',
  workspaceKeyCount: 2
}
[Z1 child] [2026-09-28 16:07:42.805] [pid:20368] [zcode-agent] ZCode agent process start wait completed {
  workspaceKey: 'D:\\Playground\\ZCode\\.tmp\\z1-native-1790582855405-f6850e\\workspace',
  durationMs: 45
}
[2026-09-28 16:07:42.806] [pid:19508] [main] [host-log] (local-1) [host] [2026-09-28 16:07:42.805] [pid:20368] [zcode-agent] ZCode agent process start wait completed {"workspaceKey":"D:\\Playground\\ZCode\\.tmp\\z1-native-1790582855405-f6850e\\workspace","durationMs":45}
[2026-09-28 16:07:42.809] [pid:19508] [main] [stability] perf_agent_start reported {
  pid: 17444,
  runtimeGeneration: 1,
  runtimeInstanceId: 'agent-e2801eaf-5879-402b-9a48-324ccac5b28e'
}
[Z1 child] [2026-09-28 16:07:42.808] [pid:20368] [zcode-agent] ZCode agent process started {
  workspaceKey: 'D:\\Playground\\ZCode\\.tmp\\z1-native-1790582855405-f6850e\\workspace',
  command: 'D:\\Playground\\ZCode\\node_modules\\electron\\dist\\electron.exe',
  cwd: 'D:\\Playground\\ZCode\\.tmp\\z1-native-1790582855405-f6850e\\workspace',
  pid: 17444,
  durationMs: 52
}
[2026-09-28 16:07:42.808] [pid:20368] [settingService] reading settings from: D:\Playground\ZCode\.tmp\z1-native-1790582855405-f6850e\home\.zcode\v2\setting.json
[2026-09-28 16:07:42.809] [pid:20368] [zcode-host] [rpc:call] onboarding-record.claimAnonymousRecord OK (0.9ms)
[2026-09-28 16:07:42.810] [pid:19508] [main] [host-log] (local-1) [host] [2026-09-28 16:07:42.808] [pid:20368] [zcode-agent] ZCode agent process started {"workspaceKey":"D:\\Playground\\ZCode\\.tmp\\z1-native-1790582855405-f6850e\\workspace","command":"D:\\Playground\\ZCode\\node_modules\\electron\\dist\\electron.exe","cwd":"D:\\Playground\\ZCode\\.tmp\\z1-native-1790582855405-f6850e\\workspace","pid":17444,"durationMs":52}
[Z1 child] [2026-09-28 16:07:42.810] [pid:20368] [zcode-host] [rpc:call] onboarding-record.getLatestEntry OK (1.1ms)
[2026-09-28 16:07:42.811] [pid:19508] [main] [host-log] (local-1) [host] [2026-09-28 16:07:42.809] [pid:20368] [zcode-host] [rpc:call] onboarding-record.claimAnonymousRecord OK (0.9ms)
[2026-09-28 16:07:42.811] [pid:19508] [main] [host-log] (local-1) [host] [2026-09-28 16:07:42.810] [pid:20368] [zcode-host] [rpc:call] onboarding-record.getLatestEntry OK (1.1ms)
[Z1 child] [2026-09-28 16:07:42.811] [pid:20368] [settingService] reading settings from: D:\Playground\ZCode\.tmp\z1-native-1790582855405-f6850e\home\.zcode\v2\setting.json
[Z1 child] [2026-09-28 16:07:42.811] [pid:20368] [settingService] read result: {"recentProjects":[],"locale":"zh-CN","localePreference":"en-US","terminalInheritSystemProfile":true,"embeddedBrowserAllowInsecureCertificates":false,"embeddedBrowserViewportPreference":{"mode":"normal","viewport":{"width":393,"height":852},"zoom":"fit"},"computerUseComposerEntryHidden":true,"taskAutoArchiveEnabled":false,"taskAutoArchiveOlderThanDays":7,"closeToTrayOnWindows":false,"closeToTrayOnWindowsMigrationInitialized":true,"keepAwakeWhileRunning":false,"desktopChromiumHardwareAccelerationEnabled":true,"messageStreamShowReasoning":true,"messageStreamShowReasoningMigrationInitialized":true,"messageStreamShowTodos":false,"toolGroupingExploreEnabled":true,"toolGroupingTerminalEnabled":true,"toolGroupingChangesEnabled":false,"zcodeInteractionBehavior":"queue","askUserQuestionAutoResolutionEnabled":false,"modelIoFullRetentionEnabled":false,"startPlanRecommendationDismissed":false,"providerFamilyConnectionSelections":{},"providerFamilyDomain":"zai","providerFamilyDomainMigrated":true,"nativeSearchEnhancementsEnabled":true,"memoryEnabled":false,"lastWorkspaceSession":[],"lastActiveTabIndex":0,"receivePreviewUpdates":false,"autoDownloadAndInstallUpdates":false,"skippedElectronUpdateVersions":{}}
[2026-09-28 16:07:42.811] [pid:20368] [zcode-host] [rpc:call] setting.get OK (3.2ms)
[2026-09-28 16:07:42.812] [pid:19508] [main] [host-log] (local-1) [host] [2026-09-28 16:07:42.811] [pid:20368] [zcode-host] [rpc:call] setting.get OK (3.2ms)
[Z1 child] [2026-09-28 16:07:42.813] [pid:20368] [zcode-host] [rpc:call] onboarding-record.shouldOnboard OK (3.0ms)
[2026-09-28 16:07:42.814] [pid:19508] [main] [host-log] (local-1) [host] [2026-09-28 16:07:42.813] [pid:20368] [zcode-host] [rpc:call] onboarding-record.shouldOnboard OK (3.0ms)
[Z1 child] [2026-09-28 16:07:42.814] [pid:20368] [settingService] read result: {"recentProjects":[],"locale":"zh-CN","localePreference":"en-US","terminalInheritSystemProfile":true,"embeddedBrowserAllowInsecureCertificates":false,"embeddedBrowserViewportPreference":{"mode":"normal","viewport":{"width":393,"height":852},"zoom":"fit"},"computerUseComposerEntryHidden":true,"taskAutoArchiveEnabled":false,"taskAutoArchiveOlderThanDays":7,"closeToTrayOnWindows":false,"closeToTrayOnWindowsMigrationInitialized":true,"keepAwakeWhileRunning":false,"desktopChromiumHardwareAccelerationEnabled":true,"messageStreamShowReasoning":true,"messageStreamShowReasoningMigrationInitialized":true,"messageStreamShowTodos":false,"toolGroupingExploreEnabled":true,"toolGroupingTerminalEnabled":true,"toolGroupingChangesEnabled":false,"zcodeInteractionBehavior":"queue","askUserQuestionAutoResolutionEnabled":false,"modelIoFullRetentionEnabled":false,"startPlanRecommendationDismissed":false,"providerFamilyConnectionSelections":{},"providerFamilyDomain":"zai","providerFamilyDomainMigrated":true,"nativeSearchEnhancementsEnabled":true,"memoryEnabled":false,"lastWorkspaceSession":[],"lastActiveTabIndex":0,"receivePreviewUpdates":false,"autoDownloadAndInstallUpdates":false,"skippedElectronUpdateVersions":{}}
[Z1 child] [2026-09-28 16:07:42.817] [pid:20368] [settingService] reading settings from: D:\Playground\ZCode\.tmp\z1-native-1790582855405-f6850e\home\.zcode\v2\setting.json
[Z1 child] [2026-09-28 16:07:42.817] [pid:20368] [settingService] reading settings from: D:\Playground\ZCode\.tmp\z1-native-1790582855405-f6850e\home\.zcode\v2\setting.json
[Z1 child] [2026-09-28 16:07:42.818] [pid:20368] [settingService] read result: {"recentProjects":[],"locale":"zh-CN","localePreference":"en-US","terminalInheritSystemProfile":true,"embeddedBrowserAllowInsecureCertificates":false,"embeddedBrowserViewportPreference":{"mode":"normal","viewport":{"width":393,"height":852},"zoom":"fit"},"computerUseComposerEntryHidden":true,"taskAutoArchiveEnabled":false,"taskAutoArchiveOlderThanDays":7,"closeToTrayOnWindows":false,"closeToTrayOnWindowsMigrationInitialized":true,"keepAwakeWhileRunning":false,"desktopChromiumHardwareAccelerationEnabled":true,"messageStreamShowReasoning":true,"messageStreamShowReasoningMigrationInitialized":true,"messageStreamShowTodos":false,"toolGroupingExploreEnabled":true,"toolGroupingTerminalEnabled":true,"toolGroupingChangesEnabled":false,"zcodeInteractionBehavior":"queue","askUserQuestionAutoResolutionEnabled":false,"modelIoFullRetentionEnabled":false,"startPlanRecommendationDismissed":false,"providerFamilyConnectionSelections":{},"providerFamilyDomain":"zai","providerFamilyDomainMigrated":true,"nativeSearchEnhancementsEnabled":true,"memoryEnabled":false,"lastWorkspaceSession":[],"lastActiveTabIndex":0,"receivePreviewUpdates":false,"autoDownloadAndInstallUpdates":false,"skippedElectronUpdateVersions":{}}
[Z1 child] [2026-09-28 16:07:42.818] [pid:20368] [settingService] reading settings from: D:\Playground\ZCode\.tmp\z1-native-1790582855405-f6850e\home\.zcode\v2\setting.json
[Z1 child] [2026-09-28 16:07:42.820] [pid:20368] [settingService] read result: {"recentProjects":[],"locale":"zh-CN","localePreference":"en-US","terminalInheritSystemProfile":true,"embeddedBrowserAllowInsecureCertificates":false,"embeddedBrowserViewportPreference":{"mode":"normal","viewport":{"width":393,"height":852},"zoom":"fit"},"computerUseComposerEntryHidden":true,"taskAutoArchiveEnabled":false,"taskAutoArchiveOlderThanDays":7,"closeToTrayOnWindows":false,"closeToTrayOnWindowsMigrationInitialized":true,"keepAwakeWhileRunning":false,"desktopChromiumHardwareAccelerationEnabled":true,"messageStreamShowReasoning":true,"messageStreamShowReasoningMigrationInitialized":true,"messageStreamShowTodos":false,"toolGroupingExploreEnabled":true,"toolGroupingTerminalEnabled":true,"toolGroupingChangesEnabled":false,"zcodeInteractionBehavior":"queue","askUserQuestionAutoResolutionEnabled":false,"modelIoFullRetentionEnabled":false,"startPlanRecommendationDismissed":false,"providerFamilyConnectionSelections":{},"providerFamilyDomain":"zai","providerFamilyDomainMigrated":true,"nativeSearchEnhancementsEnabled":true,"memoryEnabled":false,"lastWorkspaceSession":[],"lastActiveTabIndex":0,"receivePreviewUpdates":false,"autoDownloadAndInstallUpdates":false,"skippedElectronUpdateVersions":{}}
[Z1 child] [2026-09-28 16:07:42.821] [pid:20368] [node-api-client] zcode endpoint request headers prepared {
  headerKeys: [
    'http-referer',
    'user-agent',
    'x-client-language',
    'x-client-timezone',
    'x-device-mid',
    'x-os-category',
    'x-os-version',
    'x-platform',
    'x-release-channel',
    'x-request-id',
    'x-title',
    'x-zcode-app-version'
  ],
  method: 'GET',
  url: 'http://127.0.0.1:55514/api/v1/client/configs?app_version=3.14.0&platform=windows-x86_64'
}
[Z1 child] [2026-09-28 16:07:42.822] [pid:20368] [settingService] read result: {"recentProjects":[],"locale":"zh-CN","localePreference":"en-US","terminalInheritSystemProfile":true,"embeddedBrowserAllowInsecureCertificates":false,"embeddedBrowserViewportPreference":{"mode":"normal","viewport":{"width":393,"height":852},"zoom":"fit"},"computerUseComposerEntryHidden":true,"taskAutoArchiveEnabled":false,"taskAutoArchiveOlderThanDays":7,"closeToTrayOnWindows":false,"closeToTrayOnWindowsMigrationInitialized":true,"keepAwakeWhileRunning":false,"desktopChromiumHardwareAccelerationEnabled":true,"messageStreamShowReasoning":true,"messageStreamShowReasoningMigrationInitialized":true,"messageStreamShowTodos":false,"toolGroupingExploreEnabled":true,"toolGroupingTerminalEnabled":true,"toolGroupingChangesEnabled":false,"zcodeInteractionBehavior":"queue","askUserQuestionAutoResolutionEnabled":false,"modelIoFullRetentionEnabled":false,"startPlanRecommendationDismissed":false,"providerFamilyConnectionSelections":{},"providerFamilyDomain":"zai","providerFamilyDomainMigrated":true,"nativeSearchEnhancementsEnabled":true,"memoryEnabled":false,"lastWorkspaceSession":[],"lastActiveTabIndex":0,"receivePreviewUpdates":false,"autoDownloadAndInstallUpdates":false,"skippedElectronUpdateVersions":{}}
[Z1 child] [2026-09-28 16:07:42.824] [pid:20368] [settingService] reading settings from: D:\Playground\ZCode\.tmp\z1-native-1790582855405-f6850e\home\.zcode\v2\setting.json
[Z1 child] [2026-09-28 16:07:42.826] [pid:20368] [settingService] read result: {"recentProjects":[],"locale":"zh-CN","localePreference":"en-US","terminalInheritSystemProfile":true,"embeddedBrowserAllowInsecureCertificates":false,"embeddedBrowserViewportPreference":{"mode":"normal","viewport":{"width":393,"height":852},"zoom":"fit"},"computerUseComposerEntryHidden":true,"taskAutoArchiveEnabled":false,"taskAutoArchiveOlderThanDays":7,"closeToTrayOnWindows":false,"closeToTrayOnWindowsMigrationInitialized":true,"keepAwakeWhileRunning":false,"desktopChromiumHardwareAccelerationEnabled":true,"messageStreamShowReasoning":true,"messageStreamShowReasoningMigrationInitialized":true,"messageStreamShowTodos":false,"toolGroupingExploreEnabled":true,"toolGroupingTerminalEnabled":true,"toolGroupingChangesEnabled":false,"zcodeInteractionBehavior":"queue","askUserQuestionAutoResolutionEnabled":false,"modelIoFullRetentionEnabled":false,"startPlanRecommendationDismissed":false,"providerFamilyConnectionSelections":{},"providerFamilyDomain":"zai","providerFamilyDomainMigrated":true,"nativeSearchEnhancementsEnabled":true,"memoryEnabled":false,"lastWorkspaceSession":[],"lastActiveTabIndex":0,"receivePreviewUpdates":false,"autoDownloadAndInstallUpdates":false,"skippedElectronUpdateVersions":{}}
[Z1 child] [2026-09-28 16:07:42.842] [pid:20368] [settingService] reading settings from: D:\Playground\ZCode\.tmp\z1-native-1790582855405-f6850e\home\.zcode\v2\setting.json
[Z1 child] [2026-09-28 16:07:42.844] [pid:20368] [settingService] read result: {"recentProjects":[],"locale":"zh-CN","localePreference":"en-US","terminalInheritSystemProfile":true,"embeddedBrowserAllowInsecureCertificates":false,"embeddedBrowserViewportPreference":{"mode":"normal","viewport":{"width":393,"height":852},"zoom":"fit"},"computerUseComposerEntryHidden":true,"taskAutoArchiveEnabled":false,"taskAutoArchiveOlderThanDays":7,"closeToTrayOnWindows":false,"closeToTrayOnWindowsMigrationInitialized":true,"keepAwakeWhileRunning":false,"desktopChromiumHardwareAccelerationEnabled":true,"messageStreamShowReasoning":true,"messageStreamShowReasoningMigrationInitialized":true,"messageStreamShowTodos":false,"toolGroupingExploreEnabled":true,"toolGroupingTerminalEnabled":true,"toolGroupingChangesEnabled":false,"zcodeInteractionBehavior":"queue","askUserQuestionAutoResolutionEnabled":false,"modelIoFullRetentionEnabled":false,"startPlanRecommendationDismissed":false,"providerFamilyConnectionSelections":{},"providerFamilyDomain":"zai","providerFamilyDomainMigrated":true,"nativeSearchEnhancementsEnabled":true,"memoryEnabled":false,"lastWorkspaceSession":[],"lastActiveTabIndex":0,"receivePreviewUpdates":false,"autoDownloadAndInstallUpdates":false,"skippedElectronUpdateVersions":{}}
[Z1 child] [2026-09-28 16:07:42.845] [pid:20368] [provider-config] ZCode Built-in 刷新检查 { result: 'missing' }
[Z1 child] [2026-09-28 16:07:42.867] [pid:20368] [settingService] reading settings from: D:\Playground\ZCode\.tmp\z1-native-1790582855405-f6850e\home\.zcode\v2\setting.json
[Z1 child] [2026-09-28 16:07:42.868] [pid:20368] [settingService] read result: {"recentProjects":[],"locale":"zh-CN","localePreference":"en-US","terminalInheritSystemProfile":true,"embeddedBrowserAllowInsecureCertificates":false,"embeddedBrowserViewportPreference":{"mode":"normal","viewport":{"width":393,"height":852},"zoom":"fit"},"computerUseComposerEntryHidden":true,"taskAutoArchiveEnabled":false,"taskAutoArchiveOlderThanDays":7,"closeToTrayOnWindows":false,"closeToTrayOnWindowsMigrationInitialized":true,"keepAwakeWhileRunning":false,"desktopChromiumHardwareAccelerationEnabled":true,"messageStreamShowReasoning":true,"messageStreamShowReasoningMigrationInitialized":true,"messageStreamShowTodos":false,"toolGroupingExploreEnabled":true,"toolGroupingTerminalEnabled":true,"toolGroupingChangesEnabled":false,"zcodeInteractionBehavior":"queue","askUserQuestionAutoResolutionEnabled":false,"modelIoFullRetentionEnabled":false,"startPlanRecommendationDismissed":false,"providerFamilyConnectionSelections":{},"providerFamilyDomain":"zai","providerFamilyDomainMigrated":true,"nativeSearchEnhancementsEnabled":true,"memoryEnabled":false,"lastWorkspaceSession":[],"lastActiveTabIndex":0,"receivePreviewUpdates":false,"autoDownloadAndInstallUpdates":false,"skippedElectronUpdateVersions":{}}
[Z1 child] [2026-09-28 16:07:42.869] [pid:20368] [settingService] reading settings from: D:\Playground\ZCode\.tmp\z1-native-1790582855405-f6850e\home\.zcode\v2\setting.json
[Z1 child] [2026-09-28 16:07:42.870] [pid:20368] [settingService] read result: {"recentProjects":[],"locale":"zh-CN","localePreference":"en-US","terminalInheritSystemProfile":true,"embeddedBrowserAllowInsecureCertificates":false,"embeddedBrowserViewportPreference":{"mode":"normal","viewport":{"width":393,"height":852},"zoom":"fit"},"computerUseComposerEntryHidden":true,"taskAutoArchiveEnabled":false,"taskAutoArchiveOlderThanDays":7,"closeToTrayOnWindows":false,"closeToTrayOnWindowsMigrationInitialized":true,"keepAwakeWhileRunning":false,"desktopChromiumHardwareAccelerationEnabled":true,"messageStreamShowReasoning":true,"messageStreamShowReasoningMigrationInitialized":true,"messageStreamShowTodos":false,"toolGroupingExploreEnabled":true,"toolGroupingTerminalEnabled":true,"toolGroupingChangesEnabled":false,"zcodeInteractionBehavior":"queue","askUserQuestionAutoResolutionEnabled":false,"modelIoFullRetentionEnabled":false,"startPlanRecommendationDismissed":false,"providerFamilyConnectionSelections":{},"providerFamilyDomain":"zai","providerFamilyDomainMigrated":true,"nativeSearchEnhancementsEnabled":true,"memoryEnabled":false,"lastWorkspaceSession":[],"lastActiveTabIndex":0,"receivePreviewUpdates":false,"autoDownloadAndInstallUpdates":false,"skippedElectronUpdateVersions":{}}
[Z1 child] [2026-09-28 16:07:42.870] [pid:20368] [settingService] reading settings from: D:\Playground\ZCode\.tmp\z1-native-1790582855405-f6850e\home\.zcode\v2\setting.json
[Z1 child] [2026-09-28 16:07:42.871] [pid:20368] [settingService] read result: {"recentProjects":[],"locale":"zh-CN","localePreference":"en-US","terminalInheritSystemProfile":true,"embeddedBrowserAllowInsecureCertificates":false,"embeddedBrowserViewportPreference":{"mode":"normal","viewport":{"width":393,"height":852},"zoom":"fit"},"computerUseComposerEntryHidden":true,"taskAutoArchiveEnabled":false,"taskAutoArchiveOlderThanDays":7,"closeToTrayOnWindows":false,"closeToTrayOnWindowsMigrationInitialized":true,"keepAwakeWhileRunning":false,"desktopChromiumHardwareAccelerationEnabled":true,"messageStreamShowReasoning":true,"messageStreamShowReasoningMigrationInitialized":true,"messageStreamShowTodos":false,"toolGroupingExploreEnabled":true,"toolGroupingTerminalEnabled":true,"toolGroupingChangesEnabled":false,"zcodeInteractionBehavior":"queue","askUserQuestionAutoResolutionEnabled":false,"modelIoFullRetentionEnabled":false,"startPlanRecommendationDismissed":false,"providerFamilyConnectionSelections":{},"providerFamilyDomain":"zai","providerFamilyDomainMigrated":true,"nativeSearchEnhancementsEnabled":true,"memoryEnabled":false,"lastWorkspaceSession":[],"lastActiveTabIndex":0,"receivePreviewUpdates":false,"autoDownloadAndInstallUpdates":false,"skippedElectronUpdateVersions":{}}
[Z1 child] [2026-09-28 16:07:42.889] [pid:20368] [settingService] reading settings from: D:\Playground\ZCode\.tmp\z1-native-1790582855405-f6850e\home\.zcode\v2\setting.json
[Z1 child] [2026-09-28 16:07:42.890] [pid:20368] [settingService] read result: {"recentProjects":[],"locale":"zh-CN","localePreference":"en-US","terminalInheritSystemProfile":true,"embeddedBrowserAllowInsecureCertificates":false,"embeddedBrowserViewportPreference":{"mode":"normal","viewport":{"width":393,"height":852},"zoom":"fit"},"computerUseComposerEntryHidden":true,"taskAutoArchiveEnabled":false,"taskAutoArchiveOlderThanDays":7,"closeToTrayOnWindows":false,"closeToTrayOnWindowsMigrationInitialized":true,"keepAwakeWhileRunning":false,"desktopChromiumHardwareAccelerationEnabled":true,"messageStreamShowReasoning":true,"messageStreamShowReasoningMigrationInitialized":true,"messageStreamShowTodos":false,"toolGroupingExploreEnabled":true,"toolGroupingTerminalEnabled":true,"toolGroupingChangesEnabled":false,"zcodeInteractionBehavior":"queue","askUserQuestionAutoResolutionEnabled":false,"modelIoFullRetentionEnabled":false,"startPlanRecommendationDismissed":false,"providerFamilyConnectionSelections":{},"providerFamilyDomain":"zai","providerFamilyDomainMigrated":true,"nativeSearchEnhancementsEnabled":true,"memoryEnabled":false,"lastWorkspaceSession":[],"lastActiveTabIndex":0,"receivePreviewUpdates":false,"autoDownloadAndInstallUpdates":false,"skippedElectronUpdateVersions":{}}
[Z1 child] [2026-09-28 16:07:42.906] [pid:20368] [settingService] reading settings from: D:\Playground\ZCode\.tmp\z1-native-1790582855405-f6850e\home\.zcode\v2\setting.json
[Z1 child] [2026-09-28 16:07:42.907] [pid:20368] [settingService] read result: {"recentProjects":[],"locale":"zh-CN","localePreference":"en-US","terminalInheritSystemProfile":true,"embeddedBrowserAllowInsecureCertificates":false,"embeddedBrowserViewportPreference":{"mode":"normal","viewport":{"width":393,"height":852},"zoom":"fit"},"computerUseComposerEntryHidden":true,"taskAutoArchiveEnabled":false,"taskAutoArchiveOlderThanDays":7,"closeToTrayOnWindows":false,"closeToTrayOnWindowsMigrationInitialized":true,"keepAwakeWhileRunning":false,"desktopChromiumHardwareAccelerationEnabled":true,"messageStreamShowReasoning":true,"messageStreamShowReasoningMigrationInitialized":true,"messageStreamShowTodos":false,"toolGroupingExploreEnabled":true,"toolGroupingTerminalEnabled":true,"toolGroupingChangesEnabled":false,"zcodeInteractionBehavior":"queue","askUserQuestionAutoResolutionEnabled":false,"modelIoFullRetentionEnabled":false,"startPlanRecommendationDismissed":false,"providerFamilyConnectionSelections":{},"providerFamilyDomain":"zai","providerFamilyDomainMigrated":true,"nativeSearchEnhancementsEnabled":true,"memoryEnabled":false,"lastWorkspaceSession":[],"lastActiveTabIndex":0,"receivePreviewUpdates":false,"autoDownloadAndInstallUpdates":false,"skippedElectronUpdateVersions":{}}
[Z1 child] [2026-09-28 16:07:42.927] [pid:20368] [zcode-host] [rpc:call] provider-settings.refresh OK (441.2ms)
[2026-09-28 16:07:42.928] [pid:19508] [main] [host-log] (local-1) [host] [2026-09-28 16:07:42.927] [pid:20368] [zcode-host] [rpc:call] provider-settings.refresh OK (441.2ms)
[2026-09-28 16:07:42.928] [pid:19508] [main] [host-log] (local-1) [host] [2026-09-28 16:07:42.927] [pid:20368] [zcode-host] [rpc:call] provider-settings.refresh OK (362.6ms)
[Z1 child] [2026-09-28 16:07:42.927] [pid:20368] [zcode-host] [rpc:call] provider-settings.refresh OK (362.6ms)
[Z1 child] (node:19500) ExperimentalWarning: SQLite is an experimental feature and might change at any time
(Use `electron --trace-warnings ...` to show where the warning was created)
[2026-09-28 16:07:43.053] [pid:19508] [main] [cron-scheduler] cron scheduler started
[Z1 child] [2026-09-28 16:07:43.062] [pid:20368] [zcode-host] [rpc:call] onboarding-record.dismissOnboarding OK (4.4ms)
[2026-09-28 16:07:43.063] [pid:19508] [main] [host-log] (local-1) [host] [2026-09-28 16:07:43.062] [pid:20368] [zcode-host] [rpc:call] onboarding-record.dismissOnboarding OK (4.4ms)
[2026-09-28 16:07:43.108] [pid:19508] [renderer] v4 conversation frame upstream attached {
  workspaceKey: 'D:\\Playground\\ZCode\\.tmp\\z1-native-1790582855405-f6850e\\workspace',
  workspacePath: 'D:\\Playground\\ZCode\\.tmp\\z1-native-1790582855405-f6850e\\workspace',
  event: 'v4.conversation.frames.upstream_attached',
  listenerCount: 1,
  module: 'ui.v4.conversation_transport',
  runtimeGeneration: 0,
  status: 'completed'
}
[2026-09-28 16:07:43.109] [pid:19508] [renderer] v4 workspace connection created {
  event: 'v4.workspace_connection.created',
  isRemote: false,
  key: '__base__ D:\\Playground\\ZCode\\.tmp\\z1-native-1790582855405-f6850e\\workspace',
  module: 'ui.v4.workspace_connection_registry',
  refCount: 1,
  serviceGeneration: 1,
  status: 'completed'
}
[Z1 child] [2026-09-28 16:07:43.108] [pid:20368] [zcode-host] [rpc:listen] zcode-agent.onDynamicLocalTtftFacts subscribed
[2026-09-28 16:07:43.108] [pid:20368] [zcode-host] [rpc:listen] zcode-agent.onDynamicConversationFrame subscribed
[2026-09-28 16:07:43.110] [pid:19508] [main] [host-log] (local-1) [host] [2026-09-28 16:07:43.108] [pid:20368] [zcode-host] [rpc:listen] zcode-agent.onDynamicLocalTtftFacts subscribed
[2026-09-28 16:07:43.110] [pid:19508] [main] [host-log] (local-1) [host] [2026-09-28 16:07:43.108] [pid:20368] [zcode-host] [rpc:listen] zcode-agent.onDynamicConversationFrame subscribed
[Z1 child] [2026-09-28 16:07:43.204] [pid:20368] [settingService] reading settings from: D:\Playground\ZCode\.tmp\z1-native-1790582855405-f6850e\home\.zcode\v2\setting.json
[Z1 child] [2026-09-28 16:07:43.205] [pid:20368] [settingService] read result: {"recentProjects":[],"locale":"zh-CN","localePreference":"en-US","terminalInheritSystemProfile":true,"embeddedBrowserAllowInsecureCertificates":false,"embeddedBrowserViewportPreference":{"mode":"normal","viewport":{"width":393,"height":852},"zoom":"fit"},"computerUseComposerEntryHidden":true,"taskAutoArchiveEnabled":false,"taskAutoArchiveOlderThanDays":7,"closeToTrayOnWindows":false,"closeToTrayOnWindowsMigrationInitialized":true,"keepAwakeWhileRunning":false,"desktopChromiumHardwareAccelerationEnabled":true,"messageStreamShowReasoning":true,"messageStreamShowReasoningMigrationInitialized":true,"messageStreamShowTodos":false,"toolGroupingExploreEnabled":true,"toolGroupingTerminalEnabled":true,"toolGroupingChangesEnabled":false,"zcodeInteractionBehavior":"queue","askUserQuestionAutoResolutionEnabled":false,"modelIoFullRetentionEnabled":false,"startPlanRecommendationDismissed":false,"providerFamilyConnectionSelections":{},"providerFamilyDomain":"zai","providerFamilyDomainMigrated":true,"nativeSearchEnhancementsEnabled":true,"memoryEnabled":false,"lastWorkspaceSession":[],"lastActiveTabIndex":0,"receivePreviewUpdates":false,"autoDownloadAndInstallUpdates":false,"skippedElectronUpdateVersions":{}}
[Z1 child] [2026-09-28 16:07:43.206] [pid:20368] [node-api-client] zcode endpoint request headers prepared {
  headerKeys: [
    'http-referer',
    'user-agent',
    'x-client-language',
    'x-client-timezone',
    'x-device-mid',
    'x-os-category',
    'x-os-version',
    'x-platform',
    'x-release-channel',
    'x-request-id',
    'x-title',
    'x-zcode-app-version'
  ],
  method: 'GET',
  url: 'http://127.0.0.1:55514/api/v1/client/scenes'
}
[Z1 child] [2026-09-28 16:07:43.208] [pid:20368] [zcode-host] [rpc:call] client-scenes.list OK (3.8ms)
[2026-09-28 16:07:43.209] [pid:19508] [main] [host-log] (local-1) [host] [2026-09-28 16:07:43.208] [pid:20368] [zcode-host] [rpc:call] client-scenes.list OK (3.8ms)
[Z1 child] [2026-09-28 16:07:43.209] [pid:20368] [zcode-host] [rpc:listen] window-controller.onDynamicControllerFrame subscribed
[2026-09-28 16:07:43.210] [pid:19508] [main] [host-log] (local-1) [host] [2026-09-28 16:07:43.209] [pid:20368] [zcode-host] [rpc:listen] window-controller.onDynamicControllerFrame subscribed
[2026-09-28 16:07:43.211] [pid:19508] [main] [host-log] (local-1) [host] [2026-09-28 16:07:43.210] [pid:20368] [zcode-host] [rpc:call] window-controller.subscribeControllerV4 OK (0.4ms)
[2026-09-28 16:07:43.211] [pid:19508] [main] [host-log] (local-1) [host] [2026-09-28 16:07:43.210] [pid:20368] [zcode-host] [rpc:call] window-controller.subscribeControllerV4 OK (0.1ms)
[Z1 child] [2026-09-28 16:07:43.210] [pid:20368] [zcode-host] [rpc:call] window-controller.subscribeControllerV4 OK (0.4ms)
[2026-09-28 16:07:43.210] [pid:20368] [zcode-host] [rpc:call] window-controller.subscribeControllerV4 OK (0.1ms)
[2026-09-28 16:07:43.210] [pid:20368] [settingService] reading settings from: D:\Playground\ZCode\.tmp\z1-native-1790582855405-f6850e\home\.zcode\v2\setting.json
[Z1 child] [2026-09-28 16:07:43.213] [pid:20368] [zcode-host] [rpc:call] window-controller.listTaskList OK (0.1ms)
[2026-09-28 16:07:43.214] [pid:19508] [main] [host-log] (local-1) [host] [2026-09-28 16:07:43.213] [pid:20368] [zcode-host] [rpc:call] window-controller.listTaskList OK (0.1ms)
[2026-09-28 16:07:43.214] [pid:19508] [main] [host-log] (local-1) [host] [2026-09-28 16:07:43.213] [pid:20368] [zcode-host] [rpc:call] setting.get OK (2.9ms)
[Z1 child] [2026-09-28 16:07:43.213] [pid:20368] [settingService] read result: {"recentProjects":[],"locale":"zh-CN","localePreference":"en-US","terminalInheritSystemProfile":true,"embeddedBrowserAllowInsecureCertificates":false,"embeddedBrowserViewportPreference":{"mode":"normal","viewport":{"width":393,"height":852},"zoom":"fit"},"computerUseComposerEntryHidden":true,"taskAutoArchiveEnabled":false,"taskAutoArchiveOlderThanDays":7,"closeToTrayOnWindows":false,"closeToTrayOnWindowsMigrationInitialized":true,"keepAwakeWhileRunning":false,"desktopChromiumHardwareAccelerationEnabled":true,"messageStreamShowReasoning":true,"messageStreamShowReasoningMigrationInitialized":true,"messageStreamShowTodos":false,"toolGroupingExploreEnabled":true,"toolGroupingTerminalEnabled":true,"toolGroupingChangesEnabled":false,"zcodeInteractionBehavior":"queue","askUserQuestionAutoResolutionEnabled":false,"modelIoFullRetentionEnabled":false,"startPlanRecommendationDismissed":false,"providerFamilyConnectionSelections":{},"providerFamilyDomain":"zai","providerFamilyDomainMigrated":true,"nativeSearchEnhancementsEnabled":true,"memoryEnabled":false,"lastWorkspaceSession":[],"lastActiveTabIndex":0,"receivePreviewUpdates":false,"autoDownloadAndInstallUpdates":false,"skippedElectronUpdateVersions":{}}
[2026-09-28 16:07:43.213] [pid:20368] [zcode-host] [rpc:call] setting.get OK (2.9ms)
[Z1 child] [2026-09-28 16:07:43.215] [pid:20368] [zcode-host] [rpc:listen] zcode-agent.onDynamicSessionsIndexFrame subscribed
[2026-09-28 16:07:43.216] [pid:19508] [main] [host-log] (local-1) [host] [2026-09-28 16:07:43.215] [pid:20368] [zcode-host] [rpc:listen] zcode-agent.onDynamicSessionsIndexFrame subscribed
[2026-09-28 16:07:43.216] [pid:19508] [main] [host-log] (local-1) [host] [2026-09-28 16:07:43.215] [pid:20368] [zcode-host] [rpc:listen] zcode-agent.onAgentRuntimeLifecycle subscribed
[Z1 child] [2026-09-28 16:07:43.215] [pid:20368] [zcode-host] [rpc:listen] zcode-agent.onAgentRuntimeLifecycle subscribed
[2026-09-28 16:07:43.216] [pid:20368] [zcode-host] [rpc:call] zcode-agent.helloConversationV4 OK (0.1ms)
[2026-09-28 16:07:43.217] [pid:19508] [main] [host-log] (local-1) [host] [2026-09-28 16:07:43.216] [pid:20368] [zcode-host] [rpc:call] zcode-agent.helloConversationV4 OK (0.1ms)
[Z1 child] [2026-09-28 16:07:43.217] [pid:20368] [zcode-host] [rpc:call] zcode-task.listPinnedTaskIds OK (0.5ms)
[2026-09-28 16:07:43.217] [pid:19508] [main] [host-log] (local-1) [host] [2026-09-28 16:07:43.217] [pid:20368] [zcode-host] [rpc:call] zcode-task.listPinnedTaskIds OK (0.5ms)
[2026-09-28 16:07:43.218] [pid:19508] [main] [host-log] (local-1) [host] [2026-09-28 16:07:43.217] [pid:20368] [zcode-host] [rpc:call] zcode-task.listArchivedTasks OK (0.2ms)
[Z1 child] [2026-09-28 16:07:43.217] [pid:20368] [zcode-host] [rpc:call] zcode-task.listArchivedTasks OK (0.2ms)
[2026-09-28 16:07:43.218] [pid:20368] [zcode-host] [rpc:call] zcode-task.listTasks OK (0.1ms)
[2026-09-28 16:07:43.218] [pid:20368] [zcode-host] [rpc:call] zcode-task.listPinnedTasks OK (0.1ms)
[2026-09-28 16:07:43.218] [pid:20368] [zcode-host] [rpc:call] zcode-task.listDeletedTaskIds OK (0.2ms)
[2026-09-28 16:07:43.219] [pid:19508] [main] [host-log] (local-1) [host] [2026-09-28 16:07:43.218] [pid:20368] [zcode-host] [rpc:call] zcode-task.listTasks OK (0.1ms)
[2026-09-28 16:07:43.219] [pid:19508] [main] [host-log] (local-1) [host] [2026-09-28 16:07:43.218] [pid:20368] [zcode-host] [rpc:call] zcode-task.listPinnedTasks OK (0.1ms)
[2026-09-28 16:07:43.220] [pid:19508] [main] [host-log] (local-1) [host] [2026-09-28 16:07:43.218] [pid:20368] [zcode-host] [rpc:call] zcode-task.listDeletedTaskIds OK (0.2ms)
[2026-09-28 16:07:43.220] [pid:19508] [main] [host-log] (local-1) [host] [2026-09-28 16:07:43.218] [pid:20368] [zcode-host] [rpc:listen] zcode-task.onDynamicWorkspaceEvent subscribed
[Z1 child] [2026-09-28 16:07:43.218] [pid:20368] [zcode-host] [rpc:listen] zcode-task.onDynamicWorkspaceEvent subscribed
[Z1 child] [2026-09-28 16:07:43.223] [pid:20368] [zcode-host] [rpc:listen] zcode-agent.onAgentRuntimeLifecycle subscribed
[2026-09-28 16:07:43.224] [pid:19508] [main] [host-log] (local-1) [host] [2026-09-28 16:07:43.223] [pid:20368] [zcode-host] [rpc:listen] zcode-agent.onAgentRuntimeLifecycle subscribed
[2026-09-28 16:07:43.224] [pid:19508] [main] [host-log] (local-1) [host] [2026-09-28 16:07:43.224] [pid:20368] [zcode-host] [rpc:call] subagents.list OK (3.0ms)
[Z1 child] [2026-09-28 16:07:43.224] [pid:20368] [zcode-host] [rpc:call] subagents.list OK (3.0ms)
[Z1 child] [2026-09-28 16:07:43.227] [pid:20368] [zcode-host] [rpc:call] system.info OK (0.1ms)
[2026-09-28 16:07:43.227] [pid:19508] [main] [host-log] (local-1) [host] [2026-09-28 16:07:43.227] [pid:20368] [zcode-host] [rpc:call] system.info OK (0.1ms)
[2026-09-28 16:07:43.228] [pid:19508] [main] [host-log] (local-1) [host] [2026-09-28 16:07:43.227] [pid:20368] [zcode-host] [rpc:listen] model-selection.onDidChange subscribed
[2026-09-28 16:07:43.228] [pid:19508] [main] [host-log] (local-1) [host] [2026-09-28 16:07:43.228] [pid:20368] [zcode-host] [rpc:listen] model-selection.onDidChange subscribed
[Z1 child] [2026-09-28 16:07:43.227] [pid:20368] [zcode-host] [rpc:listen] model-selection.onDidChange subscribed
[2026-09-28 16:07:43.228] [pid:20368] [zcode-host] [rpc:listen] model-selection.onDidChange subscribed
[2026-09-28 16:07:43.229] [pid:20368] [zcode-host] [rpc:call] model-selection.getView OK (1.1ms)
[2026-09-28 16:07:43.229] [pid:20368] [zcode-host] [rpc:listen] zcode-agent.onDynamicConversationTelemetryFact subscribed
[2026-09-28 16:07:43.230] [pid:19508] [main] [host-log] (local-1) [host] [2026-09-28 16:07:43.229] [pid:20368] [zcode-host] [rpc:call] model-selection.getView OK (1.1ms)
[2026-09-28 16:07:43.230] [pid:19508] [main] [host-log] (local-1) [host] [2026-09-28 16:07:43.229] [pid:20368] [zcode-host] [rpc:listen] zcode-agent.onDynamicConversationTelemetryFact subscribed
[2026-09-28 16:07:43.231] [pid:19508] [main] [host-log] (local-1) [host] [2026-09-28 16:07:43.230] [pid:20368] [zcode-host] [rpc:call] model-selection.getView OK (1.9ms)
[Z1 child] [2026-09-28 16:07:43.230] [pid:20368] [zcode-host] [rpc:call] model-selection.getView OK (1.9ms)
[Z1 child] [2026-09-28 16:07:43.234] [pid:20368] [zcode-host] [rpc:call] off-peak-task.list OK (0.5ms)
[2026-09-28 16:07:43.235] [pid:19508] [main] [host-log] (local-1) [host] [2026-09-28 16:07:43.234] [pid:20368] [zcode-host] [rpc:call] off-peak-task.list OK (0.5ms)
[Z1 child] [2026-09-28 16:07:43.243] [pid:20368] [settingService] reading settings from: D:\Playground\ZCode\.tmp\z1-native-1790582855405-f6850e\home\.zcode\v2\setting.json
[2026-09-28 16:07:43.244] [pid:20368] [settingService] read result: {"recentProjects":[],"locale":"zh-CN","localePreference":"en-US","terminalInheritSystemProfile":true,"embeddedBrowserAllowInsecureCertificates":false,"embeddedBrowserViewportPreference":{"mode":"normal","viewport":{"width":393,"height":852},"zoom":"fit"},"computerUseComposerEntryHidden":true,"taskAutoArchiveEnabled":false,"taskAutoArchiveOlderThanDays":7,"closeToTrayOnWindows":false,"closeToTrayOnWindowsMigrationInitialized":true,"keepAwakeWhileRunning":false,"desktopChromiumHardwareAccelerationEnabled":true,"messageStreamShowReasoning":true,"messageStreamShowReasoningMigrationInitialized":true,"messageStreamShowTodos":false,"toolGroupingExploreEnabled":true,"toolGroupingTerminalEnabled":true,"toolGroupingChangesEnabled":false,"zcodeInteractionBehavior":"queue","askUserQuestionAutoResolutionEnabled":false,"modelIoFullRetentionEnabled":false,"startPlanRecommendationDismissed":false,"providerFamilyConnectionSelections":{},"providerFamilyDomain":"zai","providerFamilyDomainMigrated":true,"nativeSearchEnhancementsEnabled":true,"memoryEnabled":false,"lastWorkspaceSession":[],"lastActiveTabIndex":0,"receivePreviewUpdates":false,"autoDownloadAndInstallUpdates":false,"skippedElectronUpdateVersions":{}}
[2026-09-28 16:07:43.244] [pid:20368] [zcode-host] [rpc:call] settings-sync.getFirstRunPromptState OK (0.8ms)
[2026-09-28 16:07:43.246] [pid:19508] [main] [host-log] (local-1) [host] [2026-09-28 16:07:43.244] [pid:20368] [zcode-host] [rpc:call] settings-sync.getFirstRunPromptState OK (0.8ms)
[2026-09-28 16:07:43.248] [pid:19508] [main] [community] failed to fetch remote config: ZodError: [
  {
    "expected": "object",
    "code": "invalid_type",
    "path": [
      "data",
      "configs",
      "feedbackUrl"
    ],
    "message": "Invalid input: expected object, received undefined"
  }
]
    at file:///D:/Playground/ZCode/packages/desktop/out/main/chunk-QCHGRVK7.js:64:122510
    at process.processTicksAndRejections (node:internal/process/task_queues:104:5)
    at async file:///D:/Playground/ZCode/packages/desktop/out/main/chunk-QCHGRVK7.js:64:122616
    at async resolveCommunityUrl (file:///D:/Playground/ZCode/packages/desktop/out/main/index.js:606:21172)
    at async file:///D:/Playground/ZCode/packages/desktop/out/main/index.js:1337:10297
    at async Session.<anonymous> (node:electron/js2c/browser_init:2:116791)
[Z1 child] [2026-09-28 16:07:43.304] [pid:20368] [settingService] reading settings from: D:\Playground\ZCode\.tmp\z1-native-1790582855405-f6850e\home\.zcode\v2\setting.json
[Z1 child] [2026-09-28 16:07:43.305] [pid:20368] [settingService] read result: {"recentProjects":[],"locale":"zh-CN","localePreference":"en-US","terminalInheritSystemProfile":true,"embeddedBrowserAllowInsecureCertificates":false,"embeddedBrowserViewportPreference":{"mode":"normal","viewport":{"width":393,"height":852},"zoom":"fit"},"computerUseComposerEntryHidden":true,"taskAutoArchiveEnabled":false,"taskAutoArchiveOlderThanDays":7,"closeToTrayOnWindows":false,"closeToTrayOnWindowsMigrationInitialized":true,"keepAwakeWhileRunning":false,"desktopChromiumHardwareAccelerationEnabled":true,"messageStreamShowReasoning":true,"messageStreamShowReasoningMigrationInitialized":true,"messageStreamShowTodos":false,"toolGroupingExploreEnabled":true,"toolGroupingTerminalEnabled":true,"toolGroupingChangesEnabled":false,"zcodeInteractionBehavior":"queue","askUserQuestionAutoResolutionEnabled":false,"modelIoFullRetentionEnabled":false,"startPlanRecommendationDismissed":false,"providerFamilyConnectionSelections":{},"providerFamilyDomain":"zai","providerFamilyDomainMigrated":true,"nativeSearchEnhancementsEnabled":true,"memoryEnabled":false,"lastWorkspaceSession":[],"lastActiveTabIndex":0,"receivePreviewUpdates":false,"autoDownloadAndInstallUpdates":false,"skippedElectronUpdateVersions":{}}
[Z1 child] [2026-09-28 16:07:43.305] [pid:20368] [settingService] writing settings to: D:\Playground\ZCode\.tmp\z1-native-1790582855405-f6850e\home\.zcode\v2\setting.json {"recentProjects":[],"locale":"zh-CN","localePreference":"en-US","terminalInheritSystemProfile":true,"embeddedBrowserAllowInsecureCertificates":false,"embeddedBrowserViewportPreference":{"mode":"normal","viewport":{"width":393,"height":852},"zoom":"fit"},"computerUseComposerEntryHidden":true,"taskAutoArchiveEnabled":false,"taskAutoArchiveOlderThanDays":7,"closeToTrayOnWindows":false,"closeToTrayOnWindowsMigrationInitialized":true,"keepAwakeWhileRunning":false,"desktopChromiumHardwareAccelerationEnabled":true,"messageStreamShowReasoning":true,"messageStreamShowReasoningMigrationInitialized":true,"messageStreamShowTodos":false,"toolGroupingExploreEnabled":true,"toolGroupingTerminalEnabled":true,"toolGroupingChangesEnabled":false,"zcodeInteractionBehavior":"queue","askUserQuestionAutoResolutionEnabled":false,"modelIoFullRetentionEnabled":false,"startPlanRecommendationDismissed":false,"providerFamilyConnectionSelections":{},"providerFamilyDomain":"zai","providerFamilyDomainMigrated":true,"nativeSearchEnhancementsEnabled":true,"memoryEnabled":false,"lastWorkspaceSession":[{"kind":"local","workspacePath":"D:\\Playground\\ZCode\\.tmp\\z1-native-1790582855405-f6850e\\workspace","workspacePurpose":"project"},{"kind":"local","workspacePath":"D:\\Playground\\ZCode\\.tmp\\z1-native-1790582855405-f6850e\\data\\.zcode\\workspace\\default","workspacePurpose":"conversation"}],"lastActiveTabIndex":0,"receivePreviewUpdates":false,"autoDownloadAndInstallUpdates":false,"skippedElectronUpdateVersions":{}}
[2026-09-28 16:07:43.306] [pid:19508] [main] [host-log] (local-1) [host] [2026-09-28 16:07:43.305] [pid:20368] [settingService] writing settings to: D:\Playground\ZCode\.tmp\z1-native-1790582855405-f6850e\home\.zcode\v2\setting.json {"recentProjects":[],"locale":"zh-CN","localePreference":"en-US","terminalInheritSystemProfile":true,"embeddedBrowserAllowInsecureCertificates":false,"embeddedBrowserViewportPreference":{"mode":"normal","viewport":{"width":393,"height":852},"zoom":"fit"},"computerUseComposerEntryHidden":true,"taskAutoArchiveEnabled":false,"taskAutoArchiveOlderThanDays":7,"closeToTrayOnWindows":false,"closeToTrayOnWindowsMigrationInitialized":true,"keepAwakeWhileRunning":false,"desktopChromiumHardwareAccelerationEnabled":true,"messageStreamShowReasoning":true,"messageStreamShowReasoningMigrationInitialized":true,"messageStreamShowTodos":false,"toolGroupingExploreEnabled":true,"toolGroupingTerminalEnabled":true,"toolGroupingChangesEnabled":false,"zcodeInteractionBehavior":"queue","askUserQuestionAutoResolutionEnabled":false,"modelIoFullRetentionEnabled":false,"startPlanRecommendationDismissed":false,"providerFamilyConnectionSelections":{},"providerFamilyDomain":"zai","providerFamilyDomainMigrated":true,"nativeSearchEnhancementsEnabled":true,"memoryEnabled":false,"lastWorkspaceSession":[{"kind":"local","workspacePath":"D:\\Playground\\ZCode\\.tmp\\z1-native-1790582855405-f6850e\\workspace","workspacePurpose":"project"},{"kind":"local","workspacePath":"D:\\Playground\\ZCode\\.tmp\\z1-native-1790582855405-f6850e\\data\\.zcode\\workspace\\default","workspacePurpose":"conversation"}],"lastActiveTabIndex":0,"receivePreviewUpdates":false,"autoDownloadAndInstallUpdates":false,"skippedElectronUpdateVersions":{}}
[Z1 child] [2026-09-28 16:07:43.310] [pid:20368] [settingService] write done
[2026-09-28 16:07:43.310] [pid:19508] [main] [host-log] (local-1) [host] [2026-09-28 16:07:43.310] [pid:20368] [settingService] write done
[2026-09-28 16:07:43.311] [pid:19508] [main] [host-log] (local-1) [host] [2026-09-28 16:07:43.310] [pid:20368] [zcode-host] [rpc:call] setting.update OK (9.3ms)
[Z1 child] [2026-09-28 16:07:43.310] [pid:20368] [zcode-host] [rpc:call] setting.update OK (9.3ms)
[Z1 child] [2026-09-28 16:07:43.343] [pid:20368] [zcode-host] [rpc:call] window-controller.listTaskList OK (0.1ms)
[2026-09-28 16:07:43.344] [pid:19508] [main] [host-log] (local-1) [host] [2026-09-28 16:07:43.343] [pid:20368] [zcode-host] [rpc:call] window-controller.listTaskList OK (0.1ms)
[2026-09-28 16:07:43.345] [pid:19508] [main] [host-log] (local-1) [host] [2026-09-28 16:07:43.344] [pid:20368] [zcode-host] [rpc:call] zcode-agent.initializeConversationV4 OK (0.7ms)
[2026-09-28 16:07:43.345] [pid:19508] [main] [host-log] (local-1) [host] [2026-09-28 16:07:43.344] [pid:20368] [zcode-host] [rpc:call] settings-sync.detect OK (0.1ms)
[Z1 child] [2026-09-28 16:07:43.344] [pid:20368] [zcode-host] [rpc:call] zcode-agent.initializeConversationV4 OK (0.7ms)
[2026-09-28 16:07:43.344] [pid:20368] [zcode-host] [rpc:call] settings-sync.detect OK (0.1ms)
[Z1 child] [2026-09-28 16:07:43.354] [pid:20368] [zcode-host] [rpc:listen] model-selection.onDidChange subscribed
[2026-09-28 16:07:43.354] [pid:19508] [main] [host-log] (local-1) [host] [2026-09-28 16:07:43.354] [pid:20368] [zcode-host] [rpc:listen] model-selection.onDidChange subscribed
[Z1 child] [2026-09-28 16:07:43.355] [pid:20368] [zcode-agent-service] 开始请求 ZCode Protocol workspace/readPresentation {
  workspaceKey: 'D:\\Playground\\ZCode\\.tmp\\z1-native-1790582855405-f6850e\\workspace',
  workspacePath: 'D:\\Playground\\ZCode\\.tmp\\z1-native-1790582855405-f6850e\\workspace'
}
[2026-09-28 16:07:43.355] [pid:19508] [main] [host-log] (local-1) [host] [2026-09-28 16:07:43.355] [pid:20368] [zcode-agent-service] 开始请求 ZCode Protocol workspace/readPresentation {"workspaceKey":"D:\\Playground\\ZCode\\.tmp\\z1-native-1790582855405-f6850e\\workspace","workspacePath":"D:\\Playground\\ZCode\\.tmp\\z1-native-1790582855405-f6850e\\workspace"}
[Z1 child] [2026-09-28 16:07:43.356] [pid:20368] [zcode-host] [rpc:call] model-selection.getView OK (1.6ms)
[2026-09-28 16:07:43.356] [pid:19508] [main] [host-log] (local-1) [host] [2026-09-28 16:07:43.356] [pid:20368] [zcode-host] [rpc:call] model-selection.getView OK (1.6ms)
[Z1 child] [2026-09-28 16:07:43.369] [pid:20368] [settingService] reading settings from: D:\Playground\ZCode\.tmp\z1-native-1790582855405-f6850e\home\.zcode\v2\setting.json
[Z1 child] [2026-09-28 16:07:43.370] [pid:20368] [settingService] read result: {"recentProjects":[],"locale":"zh-CN","localePreference":"en-US","terminalInheritSystemProfile":true,"embeddedBrowserAllowInsecureCertificates":false,"embeddedBrowserViewportPreference":{"mode":"normal","viewport":{"width":393,"height":852},"zoom":"fit"},"computerUseComposerEntryHidden":true,"taskAutoArchiveEnabled":false,"taskAutoArchiveOlderThanDays":7,"closeToTrayOnWindows":false,"closeToTrayOnWindowsMigrationInitialized":true,"keepAwakeWhileRunning":false,"desktopChromiumHardwareAccelerationEnabled":true,"messageStreamShowReasoning":true,"messageStreamShowReasoningMigrationInitialized":true,"messageStreamShowTodos":false,"toolGroupingExploreEnabled":true,"toolGroupingTerminalEnabled":true,"toolGroupingChangesEnabled":false,"zcodeInteractionBehavior":"queue","askUserQuestionAutoResolutionEnabled":false,"modelIoFullRetentionEnabled":false,"startPlanRecommendationDismissed":false,"providerFamilyConnectionSelections":{},"providerFamilyDomain":"zai","providerFamilyDomainMigrated":true,"nativeSearchEnhancementsEnabled":true,"memoryEnabled":false,"lastWorkspaceSession":[{"kind":"local","workspacePath":"D:\\Playground\\ZCode\\.tmp\\z1-native-1790582855405-f6850e\\workspace","workspacePurpose":"project"},{"kind":"local","workspacePath":"D:\\Playground\\ZCode\\.tmp\\z1-native-1790582855405-f6850e\\data\\.zcode\\workspace\\default","workspacePurpose":"conversation"}],"lastActiveTabIndex":0,"receivePreviewUpdates":false,"autoDownloadAndInstallUpdates":false,"skippedElectronUpdateVersions":{}}
[2026-09-28 16:07:43.371] [pid:20368] [settingService] writing settings to: D:\Playground\ZCode\.tmp\z1-native-1790582855405-f6850e\home\.zcode\v2\setting.json {"recentProjects":[],"locale":"zh-CN","localePreference":"en-US","terminalInheritSystemProfile":true,"embeddedBrowserAllowInsecureCertificates":false,"embeddedBrowserViewportPreference":{"mode":"normal","viewport":{"width":393,"height":852},"zoom":"fit"},"computerUseComposerEntryHidden":true,"taskAutoArchiveEnabled":false,"taskAutoArchiveOlderThanDays":7,"closeToTrayOnWindows":false,"closeToTrayOnWindowsMigrationInitialized":true,"keepAwakeWhileRunning":false,"desktopChromiumHardwareAccelerationEnabled":true,"messageStreamShowReasoning":true,"messageStreamShowReasoningMigrationInitialized":true,"messageStreamShowTodos":false,"toolGroupingExploreEnabled":true,"toolGroupingTerminalEnabled":true,"toolGroupingChangesEnabled":false,"zcodeInteractionBehavior":"queue","askUserQuestionAutoResolutionEnabled":false,"modelIoFullRetentionEnabled":false,"startPlanRecommendationDismissed":false,"providerFamilyConnectionSelections":{},"providerFamilyDomain":"zai","providerFamilyDomainMigrated":true,"nativeSearchEnhancementsEnabled":true,"memoryEnabled":false,"lastWorkspaceSession":[{"kind":"local","workspacePath":"D:\\Playground\\ZCode\\.tmp\\z1-native-1790582855405-f6850e\\workspace","workspacePurpose":"project"},{"kind":"local","workspacePath":"D:\\Playground\\ZCode\\.tmp\\z1-native-1790582855405-f6850e\\data\\.zcode\\workspace\\default","workspacePurpose":"conversation"}],"lastActiveTabIndex":0,"receivePreviewUpdates":false,"autoDownloadAndInstallUpdates":false,"skippedElectronUpdateVersions":{},"settingsSyncFirstRunPromptHandled":true}
[2026-09-28 16:07:43.372] [pid:19508] [main] [host-log] (local-1) [host] [2026-09-28 16:07:43.371] [pid:20368] [settingService] writing settings to: D:\Playground\ZCode\.tmp\z1-native-1790582855405-f6850e\home\.zcode\v2\setting.json {"recentProjects":[],"locale":"zh-CN","localePreference":"en-US","terminalInheritSystemProfile":true,"embeddedBrowserAllowInsecureCertificates":false,"embeddedBrowserViewportPreference":{"mode":"normal","viewport":{"width":393,"height":852},"zoom":"fit"},"computerUseComposerEntryHidden":true,"taskAutoArchiveEnabled":false,"taskAutoArchiveOlderThanDays":7,"closeToTrayOnWindows":false,"closeToTrayOnWindowsMigrationInitialized":true,"keepAwakeWhileRunning":false,"desktopChromiumHardwareAccelerationEnabled":true,"messageStreamShowReasoning":true,"messageStreamShowReasoningMigrationInitialized":true,"messageStreamShowTodos":false,"toolGroupingExploreEnabled":true,"toolGroupingTerminalEnabled":true,"toolGroupingChangesEnabled":false,"zcodeInteractionBehavior":"queue","askUserQuestionAutoResolutionEnabled":false,"modelIoFullRetentionEnabled":false,"startPlanRecommendationDismissed":false,"providerFamilyConnectionSelections":{},"providerFamilyDomain":"zai","providerFamilyDomainMigrated":true,"nativeSearchEnhancementsEnabled":true,"memoryEnabled":false,"lastWorkspaceSession":[{"kind":"local","workspacePath":"D:\\Playground\\ZCode\\.tmp\\z1-native-1790582855405-f6850e\\workspace","workspacePurpose":"project"},{"kind":"local","workspacePath":"D:\\Playground\\ZCode\\.tmp\\z1-native-1790582855405-f6850e\\data\\.zcode\\workspace\\default","workspacePurpose":"conversation"}],"lastActiveTabIndex":0,"receivePreviewUpdates":false,"autoDownloadAndInstallUpdates":false,"skippedElectronUpdateVersions":{},"settingsSyncFirstRunPromptHandled":true}
[Z1 child] [2026-09-28 16:07:43.375] [pid:20368] [settingService] write done
[2026-09-28 16:07:43.375] [pid:19508] [main] [host-log] (local-1) [host] [2026-09-28 16:07:43.375] [pid:20368] [settingService] write done
[2026-09-28 16:07:43.376] [pid:19508] [main] [host-log] (local-1) [host] [2026-09-28 16:07:43.375] [pid:20368] [zcode-host] [rpc:call] settings-sync.markFirstRunPromptHandled OK (5.5ms)
[Z1 child] [2026-09-28 16:07:43.375] [pid:20368] [zcode-host] [rpc:call] settings-sync.markFirstRunPromptHandled OK (5.5ms)
[Z1 child] [2026-09-28 16:07:43.387] [pid:20368] [zcode-host] [rpc:call] git.refresh OK (152.0ms)
[2026-09-28 16:07:43.388] [pid:19508] [main] [host-log] (local-1) [host] [2026-09-28 16:07:43.387] [pid:20368] [zcode-host] [rpc:call] git.refresh OK (152.0ms)
[Z1 child] [2026-09-28 16:07:43.426] [pid:20368] [zcode-host] [rpc:call] system.info OK (0.0ms)
[2026-09-28 16:07:43.427] [pid:19508] [main] [host-log] (local-1) [host] [2026-09-28 16:07:43.426] [pid:20368] [zcode-host] [rpc:call] system.info OK (0.0ms)
[2026-09-28 16:07:43.428] [pid:19508] [main] [host-log] (local-1) [host] [2026-09-28 16:07:43.427] [pid:20368] [zcode-host] [rpc:call] file-watcher.watch OK (0.4ms)
[2026-09-28 16:07:43.428] [pid:19508] [main] [host-log] (local-1) [host] [2026-09-28 16:07:43.427] [pid:20368] [zcode-host] [rpc:call] file-watcher.watch OK (0.1ms)
[Z1 child] [2026-09-28 16:07:43.427] [pid:20368] [zcode-host] [rpc:call] file-watcher.watch OK (0.4ms)
[2026-09-28 16:07:43.427] [pid:20368] [zcode-host] [rpc:call] file-watcher.watch OK (0.1ms)
[Z1 child] [2026-09-28 16:07:43.431] [pid:20368] [zcode-host] [rpc:listen] file-watcher.onDynamicChange subscribed
[2026-09-28 16:07:43.433] [pid:19508] [main] [host-log] (local-1) [host] [2026-09-28 16:07:43.431] [pid:20368] [zcode-host] [rpc:listen] file-watcher.onDynamicChange subscribed
[Z1 child] [2026-09-28 16:07:43.433] [pid:20368] [zcode-host] [rpc:listen] file-watcher.onDynamicChange subscribed
[2026-09-28 16:07:43.433] [pid:19508] [main] [host-log] (local-1) [host] [2026-09-28 16:07:43.433] [pid:20368] [zcode-host] [rpc:listen] file-watcher.onDynamicChange subscribed
[2026-09-28 16:07:43.434] [pid:19508] [main] [host-log] (local-1) [host] [2026-09-28 16:07:43.433] [pid:20368] [zcode-host] [rpc:call] file-watcher.unwatch OK (0.2ms)
[2026-09-28 16:07:43.434] [pid:19508] [main] [host-log] (local-1) [host] [2026-09-28 16:07:43.433] [pid:20368] [zcode-host] [rpc:call] file-watcher.unwatch OK (0.0ms)
[2026-09-28 16:07:43.435] [pid:19508] [main] [host-log] (local-1) [host] [2026-09-28 16:07:43.434] [pid:20368] [zcode-host] [rpc:call] file-watcher.watch OK (0.2ms)
[2026-09-28 16:07:43.435] [pid:19508] [main] [host-log] (local-1) [host] [2026-09-28 16:07:43.434] [pid:20368] [zcode-host] [rpc:call] file-watcher.watch OK (0.1ms)
[2026-09-28 16:07:43.435] [pid:19508] [main] [host-log] (local-1) [host] [2026-09-28 16:07:43.435] [pid:20368] [zcode-host] [rpc:call] file-watcher.watch OK (0.2ms)
[Z1 child] [2026-09-28 16:07:43.433] [pid:20368] [zcode-host] [rpc:call] file-watcher.unwatch OK (0.2ms)
[2026-09-28 16:07:43.433] [pid:20368] [zcode-host] [rpc:call] file-watcher.unwatch OK (0.0ms)
[2026-09-28 16:07:43.434] [pid:20368] [zcode-host] [rpc:call] file-watcher.watch OK (0.2ms)
[2026-09-28 16:07:43.434] [pid:20368] [zcode-host] [rpc:call] file-watcher.watch OK (0.1ms)
[2026-09-28 16:07:43.435] [pid:20368] [zcode-host] [rpc:call] file-watcher.watch OK (0.2ms)
[2026-09-28 16:07:43.435] [pid:20368] [zcode-host] [rpc:listen] file-watcher.onDynamicChange subscribed
[2026-09-28 16:07:43.436] [pid:19508] [main] [host-log] (local-1) [host] [2026-09-28 16:07:43.435] [pid:20368] [zcode-host] [rpc:listen] file-watcher.onDynamicChange subscribed
[2026-09-28 16:07:43.436] [pid:19508] [main] [host-log] (local-1) [host] [2026-09-28 16:07:43.436] [pid:20368] [zcode-host] [rpc:listen] file-watcher.onDynamicChange subscribed
[Z1 child] [2026-09-28 16:07:43.436] [pid:20368] [zcode-host] [rpc:listen] file-watcher.onDynamicChange subscribed
[Z1 child] [2026-09-28 16:07:43.439] [pid:20368] [zcode-host] [rpc:listen] file-watcher.onDynamicChange subscribed
[2026-09-28 16:07:43.440] [pid:19508] [main] [host-log] (local-1) [host] [2026-09-28 16:07:43.439] [pid:20368] [zcode-host] [rpc:listen] file-watcher.onDynamicChange subscribed
[2026-09-28 16:07:43.481] [pid:19508] [renderer] v4 workspace connection lease released {
  event: 'v4.workspace_connection.release',
  keepWarmMs: 30000,
  key: '__base__ D:\\Playground\\ZCode\\.tmp\\z1-native-1790582855405-f6850e\\workspace',
  module: 'ui.v4.workspace_connection_registry',
  refCount: 0,
  status: 'keep_warm'
}
[Z1 child] [2026-09-28 16:07:43.797] [pid:20368] [zcode-host] [rpc:listen] graphEngineering.onDidChange subscribed
[2026-09-28 16:07:43.799] [pid:19508] [main] [host-log] (local-1) [host] [2026-09-28 16:07:43.797] [pid:20368] [zcode-host] [rpc:listen] graphEngineering.onDidChange subscribed
[Z1 child] [2026-09-28 16:07:43.803] [pid:20368] [settingService] reading settings from: D:\Playground\ZCode\.tmp\z1-native-1790582855405-f6850e\home\.zcode\v2\setting.json
[Z1 child] [2026-09-28 16:07:43.804] [pid:20368] [settingService] read result: {"recentProjects":[],"locale":"zh-CN","localePreference":"en-US","terminalInheritSystemProfile":true,"embeddedBrowserAllowInsecureCertificates":false,"embeddedBrowserViewportPreference":{"mode":"normal","viewport":{"width":393,"height":852},"zoom":"fit"},"computerUseComposerEntryHidden":true,"taskAutoArchiveEnabled":false,"taskAutoArchiveOlderThanDays":7,"closeToTrayOnWindows":false,"closeToTrayOnWindowsMigrationInitialized":true,"keepAwakeWhileRunning":false,"desktopChromiumHardwareAccelerationEnabled":true,"messageStreamShowReasoning":true,"messageStreamShowReasoningMigrationInitialized":true,"messageStreamShowTodos":false,"toolGroupingExploreEnabled":true,"toolGroupingTerminalEnabled":true,"toolGroupingChangesEnabled":false,"zcodeInteractionBehavior":"queue","askUserQuestionAutoResolutionEnabled":false,"modelIoFullRetentionEnabled":false,"startPlanRecommendationDismissed":false,"providerFamilyConnectionSelections":{},"providerFamilyDomain":"zai","providerFamilyDomainMigrated":true,"nativeSearchEnhancementsEnabled":true,"memoryEnabled":false,"lastWorkspaceSession":[{"kind":"local","workspacePath":"D:\\Playground\\ZCode\\.tmp\\z1-native-1790582855405-f6850e\\workspace","workspacePurpose":"project"},{"kind":"local","workspacePath":"D:\\Playground\\ZCode\\.tmp\\z1-native-1790582855405-f6850e\\data\\.zcode\\workspace\\default","workspacePurpose":"conversation"}],"lastActiveTabIndex":0,"receivePreviewUpdates":false,"autoDownloadAndInstallUpdates":false,"skippedElectronUpdateVersions":{},"settingsSyncFirstRunPromptHandled":true}
[Z1 child] [2026-09-28 16:07:43.805] [pid:20368] [zcode-host] [rpc:call] graphEngineering.getWorkspace OK (7.0ms)
[2026-09-28 16:07:43.806] [pid:19508] [main] [host-log] (local-1) [host] [2026-09-28 16:07:43.805] [pid:20368] [zcode-host] [rpc:call] graphEngineering.getWorkspace OK (7.0ms)
[Z1 child] [2026-09-28 16:07:43.823] [pid:20368] [settingService] reading settings from: D:\Playground\ZCode\.tmp\z1-native-1790582855405-f6850e\home\.zcode\v2\setting.json
[Z1 child] [2026-09-28 16:07:43.824] [pid:20368] [settingService] read result: {"recentProjects":[],"locale":"zh-CN","localePreference":"en-US","terminalInheritSystemProfile":true,"embeddedBrowserAllowInsecureCertificates":false,"embeddedBrowserViewportPreference":{"mode":"normal","viewport":{"width":393,"height":852},"zoom":"fit"},"computerUseComposerEntryHidden":true,"taskAutoArchiveEnabled":false,"taskAutoArchiveOlderThanDays":7,"closeToTrayOnWindows":false,"closeToTrayOnWindowsMigrationInitialized":true,"keepAwakeWhileRunning":false,"desktopChromiumHardwareAccelerationEnabled":true,"messageStreamShowReasoning":true,"messageStreamShowReasoningMigrationInitialized":true,"messageStreamShowTodos":false,"toolGroupingExploreEnabled":true,"toolGroupingTerminalEnabled":true,"toolGroupingChangesEnabled":false,"zcodeInteractionBehavior":"queue","askUserQuestionAutoResolutionEnabled":false,"modelIoFullRetentionEnabled":false,"startPlanRecommendationDismissed":false,"providerFamilyConnectionSelections":{},"providerFamilyDomain":"zai","providerFamilyDomainMigrated":true,"nativeSearchEnhancementsEnabled":true,"memoryEnabled":false,"lastWorkspaceSession":[{"kind":"local","workspacePath":"D:\\Playground\\ZCode\\.tmp\\z1-native-1790582855405-f6850e\\workspace","workspacePurpose":"project"},{"kind":"local","workspacePath":"D:\\Playground\\ZCode\\.tmp\\z1-native-1790582855405-f6850e\\data\\.zcode\\workspace\\default","workspacePurpose":"conversation"}],"lastActiveTabIndex":0,"receivePreviewUpdates":false,"autoDownloadAndInstallUpdates":false,"skippedElectronUpdateVersions":{},"settingsSyncFirstRunPromptHandled":true}
[2026-09-28 16:07:43.824] [pid:20368] [zcode-host] [rpc:call] setting.get OK (0.9ms)
[2026-09-28 16:07:43.825] [pid:19508] [main] [host-log] (local-1) [host] [2026-09-28 16:07:43.824] [pid:20368] [zcode-host] [rpc:call] setting.get OK (0.9ms)
[Z1 child] [2026-09-28 16:07:43.837] [pid:20368] [zcode-host] [rpc:listen] model-selection.onDidChange subscribed
[2026-09-28 16:07:43.837] [pid:19508] [main] [host-log] (local-1) [host] [2026-09-28 16:07:43.837] [pid:20368] [zcode-host] [rpc:listen] model-selection.onDidChange subscribed
[Z1 child] [2026-09-28 16:07:43.839] [pid:20368] [zcode-host] [rpc:call] graphEngineering.validateDefinition OK (1.6ms)
[2026-09-28 16:07:43.839] [pid:19508] [main] [host-log] (local-1) [host] [2026-09-28 16:07:43.839] [pid:20368] [zcode-host] [rpc:call] graphEngineering.validateDefinition OK (1.6ms)
[Z1 child] [2026-09-28 16:07:43.840] [pid:20368] [zcode-host] [rpc:call] model-selection.getView OK (3.0ms)
[2026-09-28 16:07:43.840] [pid:19508] [main] [host-log] (local-1) [host] [2026-09-28 16:07:43.840] [pid:20368] [zcode-host] [rpc:call] model-selection.getView OK (3.0ms)
[Z1 child] [2026-09-28 16:07:43.917] [pid:20368] [zcode-host] [rpc:call] graphWorkflow.list OK (4.2ms)
[2026-09-28 16:07:43.918] [pid:19508] [main] [host-log] (local-1) [host] [2026-09-28 16:07:43.917] [pid:20368] [zcode-host] [rpc:call] graphWorkflow.list OK (4.2ms)
[Z1 child] [2026-09-28 16:07:43.926] [pid:20368] [zcode-host] [rpc:call] graphEngineering.recipes OK (12.8ms)
[2026-09-28 16:07:43.927] [pid:19508] [main] [host-log] (local-1) [host] [2026-09-28 16:07:43.926] [pid:20368] [zcode-host] [rpc:call] graphEngineering.recipes OK (12.8ms)
[Z1 child] [2026-09-28 16:07:44.168] [pid:20368] [zcode-host] [rpc:call] graphEngineering.recipes OK (10.6ms)
[2026-09-28 16:07:44.169] [pid:19508] [main] [host-log] (local-1) [host] [2026-09-28 16:07:44.168] [pid:20368] [zcode-host] [rpc:call] graphEngineering.recipes OK (10.6ms)
[Z1 child] [2026-09-28 16:07:44.279] [pid:20368] [zcode-host] [rpc:call] zcode-agent.subscribeSessionsIndexV4 OK (910.4ms)
[2026-09-28 16:07:44.280] [pid:19508] [main] [host-log] (local-1) [host] [2026-09-28 16:07:44.279] [pid:20368] [zcode-host] [rpc:call] zcode-agent.subscribeSessionsIndexV4 OK (910.4ms)
[2026-09-28 16:07:44.281] [pid:19508] [main] [host-log] (local-1) [host] [2026-09-28 16:07:44.280] [pid:20368] [zcode-host] [rpc:call] window-controller.listTaskList OK (1069.0ms)
[2026-09-28 16:07:44.281] [pid:19508] [main] [host-log] (local-1) [host] [2026-09-28 16:07:44.280] [pid:20368] [zcode-host] [rpc:call] window-controller.listTaskList OK (966.2ms)
[2026-09-28 16:07:44.281] [pid:19508] [main] [host-log] (local-1) [host] [2026-09-28 16:07:44.280] [pid:20368] [zcode-agent-service] 为只读会话控制面启动 ZCode agent {"workspaceKey":"D:\\Playground\\ZCode\\.tmp\\z1-native-1790582855405-f6850e\\workspace","workspacePath":"D:\\Playground\\ZCode\\.tmp\\z1-native-1790582855405-f6850e\\workspace"}
[2026-09-28 16:07:44.282] [pid:19508] [main] [stability] perf_agent_ready reported {
  pid: 17444,
  runtimeGeneration: 1,
  runtimeInstanceId: 'agent-e2801eaf-5879-402b-9a48-324ccac5b28e',
  startupDurationMs: 1475
}
[2026-09-28 16:07:44.283] [pid:19508] [main] [host-log] (local-1) [host] [2026-09-28 16:07:44.280] [pid:20368] [zcode-agent-service] provider/model 就绪，允许 ZCode agent 模型执行 {"modelId":"z1-fixture","providerId":"z1-local-fixture","revision":"model-selection:1","workspaceKey":"D:\\Playground\\ZCode\\.tmp\\z1-native-1790582855405-f6850e\\workspace","workspacePath":"D:\\Playground\\ZCode\\.tmp\\z1-native-1790582855405-f6850e\\workspace"}
[2026-09-28 16:07:44.283] [pid:19508] [main] [host-log] (local-1) [host] [2026-09-28 16:07:44.280] [pid:20368] [zcode-agent-service] provider/model 就绪，允许 ZCode agent 模型执行 {"modelId":"z1-fixture","providerId":"z1-local-fixture","revision":"model-selection:1","workspaceKey":"D:\\Playground\\ZCode\\.tmp\\z1-native-1790582855405-f6850e\\workspace","workspacePath":"D:\\Playground\\ZCode\\.tmp\\z1-native-1790582855405-f6850e\\workspace"}
[2026-09-28 16:07:44.284] [pid:19508] [main] [host-log] (local-1) [host] [2026-09-28 16:07:44.281] [pid:20368] [zcode-agent-service] provider/model 就绪，允许 ZCode agent 模型执行 {"modelId":"z1-fixture","providerId":"z1-local-fixture","revision":"model-selection:1","workspaceKey":"D:\\Playground\\ZCode\\.tmp\\z1-native-1790582855405-f6850e\\workspace","workspacePath":"D:\\Playground\\ZCode\\.tmp\\z1-native-1790582855405-f6850e\\workspace"}
[2026-09-28 16:07:44.284] [pid:19508] [main] [host-log] (local-1) [host] [2026-09-28 16:07:44.281] [pid:20368] [zcode-agent-service] ZCode agent 初始化完成 {"durationMs":1843,"transportKind":"stdio","workspaceKey":"D:\\Playground\\ZCode\\.tmp\\z1-native-1790582855405-f6850e\\workspace","workspacePath":"D:\\Playground\\ZCode\\.tmp\\z1-native-1790582855405-f6850e\\workspace"}
[2026-09-28 16:07:44.284] [pid:19508] [main] [host-log] (local-1) [host] [2026-09-28 16:07:44.281] [pid:20368] [zcode-host] ZCode agent warmup ready (local host init (1/1)) workspace=D:\Playground\ZCode\.tmp\z1-native-1790582855405-f6850e\workspace transport=stdio
[Z1 child] [2026-09-28 16:07:44.280] [pid:20368] [zcode-host] [rpc:call] window-controller.listTaskList OK (1069.0ms)
[2026-09-28 16:07:44.280] [pid:20368] [zcode-host] [rpc:call] window-controller.listTaskList OK (966.2ms)
[2026-09-28 16:07:44.280] [pid:20368] [zcode-agent-service] 为只读会话控制面启动 ZCode agent {
  workspaceKey: 'D:\\Playground\\ZCode\\.tmp\\z1-native-1790582855405-f6850e\\workspace',
  workspacePath: 'D:\\Playground\\ZCode\\.tmp\\z1-native-1790582855405-f6850e\\workspace'
}
[2026-09-28 16:07:44.280] [pid:20368] [zcode-agent-service] provider/model 就绪，允许 ZCode agent 模型执行 {
  modelId: 'z1-fixture',
  providerId: 'z1-local-fixture',
  revision: 'model-selection:1',
  workspaceKey: 'D:\\Playground\\ZCode\\.tmp\\z1-native-1790582855405-f6850e\\workspace',
  workspacePath: 'D:\\Playground\\ZCode\\.tmp\\z1-native-1790582855405-f6850e\\workspace'
}
[2026-09-28 16:07:44.280] [pid:20368] [zcode-agent-service] provider/model 就绪，允许 ZCode agent 模型执行 {
  modelId: 'z1-fixture',
  providerId: 'z1-local-fixture',
  revision: 'model-selection:1',
  workspaceKey: 'D:\\Playground\\ZCode\\.tmp\\z1-native-1790582855405-f6850e\\workspace',
  workspacePath: 'D:\\Playground\\ZCode\\.tmp\\z1-native-1790582855405-f6850e\\workspace'
}
[2026-09-28 16:07:44.281] [pid:20368] [zcode-agent-service] provider/model 就绪，允许 ZCode agent 模型执行 {
  modelId: 'z1-fixture',
  providerId: 'z1-local-fixture',
  revision: 'model-selection:1',
  workspaceKey: 'D:\\Playground\\ZCode\\.tmp\\z1-native-1790582855405-f6850e\\workspace',
  workspacePath: 'D:\\Playground\\ZCode\\.tmp\\z1-native-1790582855405-f6850e\\workspace'
}
[2026-09-28 16:07:44.281] [pid:20368] [zcode-agent-service] ZCode agent 初始化完成 {
  durationMs: 1843,
  transportKind: 'stdio',
  workspaceKey: 'D:\\Playground\\ZCode\\.tmp\\z1-native-1790582855405-f6850e\\workspace',
  workspacePath: 'D:\\Playground\\ZCode\\.tmp\\z1-native-1790582855405-f6850e\\workspace'
}
[2026-09-28 16:07:44.281] [pid:20368] [zcode-host] ZCode agent warmup ready (local host init (1/1)) workspace=D:\Playground\ZCode\.tmp\z1-native-1790582855405-f6850e\workspace transport=stdio
[Z1 child] [2026-09-28 16:07:44.310] [pid:20368] [zcode-agent-service] account provider config 已交付到 ZCode agent {
  providerCount: 8,
  reason: 'startup_ready:model_selection_changed',
  receivedRevision: 'account:["zcode-builtin:30:ed33a6724cee2fd13fefdde1062d693f8ebf3786b4dda527be6fb2e69df328c5",[{"providerId":"account:zai-individual-coding-plan","config":{"access":{"type":"zhipu-account","entitled":false}}},{"providerId":"account:zai-team-coding-plan","config":{"access":{"type":"zhipu-account","entitled":false}}},{"providerId":"account:zai-start-plan","config":{"access":{"type":"zhipu-account","entitled":false}}},{"providerId":"account:bigmodel-individual-coding-plan","config":{"access":{"type":"zhipu-account","entitled":false}}},{"providerId":"account:bigmodel-team-coding-plan","config":{"access":{"type":"zhipu-account","entitled":false}}},{"providerId":"account:bigmodel-start-plan","config":{"access":{"type":"zhipu-account","entitled":false}}},{"providerId":"account:zai-offpeak-idle-plan","config":{"access":{"type":"zhipu-account","entitled":false}}},{"providerId":"account:bigmodel-offpeak-idle-plan","config":{"access":{"type":"zhipu-account","entitled":false}}}],{"account:zai-individual-coding-plan":{"availability":"unavailable","entitled":false,"unavailableReason":"not-connected","current":false,"connectionKey":"41717a7a173a5e88981ed3b30d6c754715277dce3b302a8e7b1386cdf57b9b4c"},"account:zai-team-coding-plan":{"availability":"unavailable","entitled":false,"unavailableReason":"not-connected","current":false,"connectionKey":"41717a7a173a5e88981ed3b30d6c754715277dce3b302a8e7b1386cdf57b9b4c"},"account:zai-start-plan":{"availability":"unavailable","entitled":false,"unavailableReason":"not-connected","current":false,"connectionKey":"b20a8f39ea1865b9bdbc4f21e0774500034895a93cdf0c737917b6532ebedcea"},"account:bigmodel-individual-coding-plan":{"availability":"unavailable","entitled":false,"unavailableReason":"not-connected","current":false,"connectionKey":"145736c8450a04bf4ba21aee47794f53d87ea79c5dc4cc5b9f27fbf5b6038d53"},"account:bigmodel-team-coding-plan":{"availability":"unavailable","entitled":false,"unavailableReason":"not-connected","current":false,"connectionKey":"145736c8450a04bf4ba21aee47794f53d87ea79c5dc4cc5b9f27fbf5b6038d53"},"account:bigmodel-start-plan":{"availability":"unavailable","entitled":false,"unavailableReason":"not-connected","current":false,"connectionKey":"116fde2fcda0bb10f88164a63caadb0a0ec8611edcf75b35a9924684f9ba84bd"},"account:zai-offpeak-idle-plan":{"availability":"unavailable","entitled":false},"account:bigmodel-offpeak-idle-plan":{"availability":"unavailable","entitled":false}}]',
  status: 'received'
}
[2026-09-28 16:07:44.311] [pid:19508] [main] [host-log] (local-1) [host] [2026-09-28 16:07:44.310] [pid:20368] [zcode-agent-service] account provider config 已交付到 ZCode agent {"providerCount":8,"reason":"startup_ready:model_selection_changed","receivedRevision":"account:[\"zcode-builtin:30:ed33a6724cee2fd13fefdde1062d693f8ebf3786b4dda527be6fb2e69df328c5\",[{\"providerId\":\"account:zai-individual-coding-plan\",\"config\":{\"access\":{\"type\":\"zhipu-account\",\"entitled\":false}}},{\"providerId\":\"account:zai-team-coding-plan\",\"config\":{\"access\":{\"type\":\"zhipu-account\",\"entitled\":false}}},{\"providerId\":\"account:zai-start-plan\",\"config\":{\"access\":{\"type\":\"zhipu-account\",\"entitled\":false}}},{\"providerId\":\"account:bigmodel-individual-coding-plan\",\"config\":{\"access\":{\"type\":\"zhipu-account\",\"entitled\":false}}},{\"providerId\":\"account:bigmodel-team-coding-plan\",\"config\":{\"access\":{\"type\":\"zhipu-account\",\"entitled\":false}}},{\"providerId\":\"account:bigmodel-start-plan\",\"config\":{\"access\":{\"type\":\"zhipu-account\",\"entitled\":false}}},{\"providerId\":\"account:zai-offpeak-idle-plan\",\"config\":{\"access\":{\"type\":\"zhipu-account\",\"entitled\":false}}},{\"providerId\":\"account:bigmodel-offpeak-idle-plan\",\"config\":{\"access\":{\"type\":\"zhipu-account\",\"entitled\":false}}}],{\"account:zai-individual-coding-plan\":{\"availability\":\"unavailable\",\"entitled\":false,\"unavailableReason\":\"not-connected\",\"current\":false,\"connectionKey\":\"41717a7a173a5e88981ed3b30d6c754715277dce3b302a8e7b1386cdf57b9b4c\"},\"account:zai-team-coding-plan\":{\"availability\":\"unavailable\",\"entitled\":false,\"unavailableReason\":\"not-connected\",\"current\":false,\"connectionKey\":\"41717a7a173a5e88981ed3b30d6c754715277dce3b302a8e7b1386cdf57b9b4c\"},\"account:zai-start-plan\":{\"availability\":\"unavailable\",\"entitled\":false,\"unavailableReason\":\"not-connected\",\"current\":false,\"connectionKey\":\"b20a8f39ea1865b9bdbc4f21e0774500034895a93cdf0c737917b6532ebedcea\"},\"account:bigmodel-individual-coding-plan\":{\"availability\":\"unavailable\",\"entitled\":false,\"unavailableReason\":\"not-connected\",\"current\":false,\"connectionKey\":\"145736c8450a04bf4ba21aee47794f53d87ea79c5dc4cc5b9f27fbf5b6038d53\"},\"account:bigmodel-team-coding-plan\":{\"availability\":\"unavailable\",\"entitled\":false,\"unavailableReason\":\"not-connected\",\"current\":false,\"connectionKey\":\"145736c8450a04bf4ba21aee47794f53d87ea79c5dc4cc5b9f27fbf5b6038d53\"},\"account:bigmodel-start-plan\":{\"availability\":\"unavailable\",\"entitled\":false,\"unavailableReason\":\"not-connected\",\"current\":false,\"connectionKey\":\"116fde2fcda0bb10f88164a63caadb0a0ec8611edcf75b35a9924684f9ba84bd\"},\"account:zai-offpeak-idle-plan\":{\"availability\":\"unavailable\",\"entitled\":false},\"account:bigmodel-offpeak-idle-plan\":{\"availability\":\"unavailable\",\"entitled\":false}}]","status":"received"}
[2026-09-28 16:07:44.311] [pid:19508] [main] [host-log] (local-1) [host] [2026-09-28 16:07:44.310] [pid:20368] [zcode-agent-service] provider/model 就绪后已启动等待中的 ZCode agent {"providerCount":1,"reason":"model_selection_changed","revision":"model-selection:1","workspaceKey":"D:\\Playground\\ZCode\\.tmp\\z1-native-1790582855405-f6850e\\workspace","workspacePath":"D:\\Playground\\ZCode\\.tmp\\z1-native-1790582855405-f6850e\\workspace"}
[Z1 child] [2026-09-28 16:07:44.310] [pid:20368] [zcode-agent-service] provider/model 就绪后已启动等待中的 ZCode agent {
  providerCount: 1,
  reason: 'model_selection_changed',
  revision: 'model-selection:1',
  workspaceKey: 'D:\\Playground\\ZCode\\.tmp\\z1-native-1790582855405-f6850e\\workspace',
  workspacePath: 'D:\\Playground\\ZCode\\.tmp\\z1-native-1790582855405-f6850e\\workspace'
}
[Z1 child] [2026-09-28 16:07:44.367] [pid:20368] [zcode-agent-service] ZCode Protocol workspace/readPresentation 完成 {
  durationMs: 1012,
  slashCommandCount: 4,
  workspaceKey: 'D:\\Playground\\ZCode\\.tmp\\z1-native-1790582855405-f6850e\\workspace',
  workspacePath: 'D:\\Playground\\ZCode\\.tmp\\z1-native-1790582855405-f6850e\\workspace'
}
[Z1 child] [2026-09-28 16:07:44.367] [pid:20368] [zcode-host] [rpc:call] zcode-session.readWorkspacePresentation OK (1012.5ms)
[2026-09-28 16:07:44.368] [pid:19508] [main] [host-log] (local-1) [host] [2026-09-28 16:07:44.367] [pid:20368] [zcode-agent-service] ZCode Protocol workspace/readPresentation 完成 {"durationMs":1012,"slashCommandCount":4,"workspaceKey":"D:\\Playground\\ZCode\\.tmp\\z1-native-1790582855405-f6850e\\workspace","workspacePath":"D:\\Playground\\ZCode\\.tmp\\z1-native-1790582855405-f6850e\\workspace"}
[2026-09-28 16:07:44.369] [pid:19508] [main] [host-log] (local-1) [host] [2026-09-28 16:07:44.367] [pid:20368] [zcode-host] [rpc:call] zcode-session.readWorkspacePresentation OK (1012.5ms)
[Z1 child] [2026-09-28 16:07:44.374] [pid:20368] [settingService] reading settings from: D:\Playground\ZCode\.tmp\z1-native-1790582855405-f6850e\home\.zcode\v2\setting.json
[Z1 child] [2026-09-28 16:07:44.374] [pid:20368] [settingService] read result: {"recentProjects":[],"locale":"zh-CN","localePreference":"en-US","terminalInheritSystemProfile":true,"embeddedBrowserAllowInsecureCertificates":false,"embeddedBrowserViewportPreference":{"mode":"normal","viewport":{"width":393,"height":852},"zoom":"fit"},"computerUseComposerEntryHidden":true,"taskAutoArchiveEnabled":false,"taskAutoArchiveOlderThanDays":7,"closeToTrayOnWindows":false,"closeToTrayOnWindowsMigrationInitialized":true,"keepAwakeWhileRunning":false,"desktopChromiumHardwareAccelerationEnabled":true,"messageStreamShowReasoning":true,"messageStreamShowReasoningMigrationInitialized":true,"messageStreamShowTodos":false,"toolGroupingExploreEnabled":true,"toolGroupingTerminalEnabled":true,"toolGroupingChangesEnabled":false,"zcodeInteractionBehavior":"queue","askUserQuestionAutoResolutionEnabled":false,"modelIoFullRetentionEnabled":false,"startPlanRecommendationDismissed":false,"providerFamilyConnectionSelections":{},"providerFamilyDomain":"zai","providerFamilyDomainMigrated":true,"nativeSearchEnhancementsEnabled":true,"memoryEnabled":false,"lastWorkspaceSession":[{"kind":"local","workspacePath":"D:\\Playground\\ZCode\\.tmp\\z1-native-1790582855405-f6850e\\workspace","workspacePurpose":"project"},{"kind":"local","workspacePath":"D:\\Playground\\ZCode\\.tmp\\z1-native-1790582855405-f6850e\\data\\.zcode\\workspace\\default","workspacePurpose":"conversation"}],"lastActiveTabIndex":0,"receivePreviewUpdates":false,"autoDownloadAndInstallUpdates":false,"skippedElectronUpdateVersions":{},"settingsSyncFirstRunPromptHandled":true}
[Z1 child] [2026-09-28 16:07:44.447] [pid:20368] [zcode-host] [rpc:call] zcode-agent.sendConversationCommandV4 OK (1077.9ms)
[2026-09-28 16:07:44.448] [pid:19508] [main] [host-log] (local-1) [host] [2026-09-28 16:07:44.447] [pid:20368] [zcode-host] [rpc:call] zcode-agent.sendConversationCommandV4 OK (1077.9ms)
[Z1 child] [2026-09-28 16:07:44.489] [pid:20368] [zcode-host] [rpc:call] zcode-agent.sendConversationCommandV4 OK (30.1ms)
[2026-09-28 16:07:44.490] [pid:19508] [main] [host-log] (local-1) [host] [2026-09-28 16:07:44.489] [pid:20368] [zcode-host] [rpc:call] zcode-agent.sendConversationCommandV4 OK (30.1ms)
[Z1 child] [2026-09-28 16:07:44.674] [pid:20368] [zcode-host] [rpc:call] graphWorkflow.instantiate OK (31.2ms)
[2026-09-28 16:07:44.675] [pid:19508] [main] [host-log] (local-1) [host] [2026-09-28 16:07:44.674] [pid:20368] [zcode-host] [rpc:call] graphWorkflow.instantiate OK (31.2ms)
[Z1 child] [2026-09-28 16:07:44.674] [pid:20368] [settingService] reading settings from: D:\Playground\ZCode\.tmp\z1-native-1790582855405-f6850e\home\.zcode\v2\setting.json
[Z1 child] [2026-09-28 16:07:44.675] [pid:20368] [settingService] read result: {"recentProjects":[],"locale":"zh-CN","localePreference":"en-US","terminalInheritSystemProfile":true,"embeddedBrowserAllowInsecureCertificates":false,"embeddedBrowserViewportPreference":{"mode":"normal","viewport":{"width":393,"height":852},"zoom":"fit"},"computerUseComposerEntryHidden":true,"taskAutoArchiveEnabled":false,"taskAutoArchiveOlderThanDays":7,"closeToTrayOnWindows":false,"closeToTrayOnWindowsMigrationInitialized":true,"keepAwakeWhileRunning":false,"desktopChromiumHardwareAccelerationEnabled":true,"messageStreamShowReasoning":true,"messageStreamShowReasoningMigrationInitialized":true,"messageStreamShowTodos":false,"toolGroupingExploreEnabled":true,"toolGroupingTerminalEnabled":true,"toolGroupingChangesEnabled":false,"zcodeInteractionBehavior":"queue","askUserQuestionAutoResolutionEnabled":false,"modelIoFullRetentionEnabled":false,"startPlanRecommendationDismissed":false,"providerFamilyConnectionSelections":{},"providerFamilyDomain":"zai","providerFamilyDomainMigrated":true,"nativeSearchEnhancementsEnabled":true,"memoryEnabled":false,"lastWorkspaceSession":[{"kind":"local","workspacePath":"D:\\Playground\\ZCode\\.tmp\\z1-native-1790582855405-f6850e\\workspace","workspacePurpose":"project"},{"kind":"local","workspacePath":"D:\\Playground\\ZCode\\.tmp\\z1-native-1790582855405-f6850e\\data\\.zcode\\workspace\\default","workspacePurpose":"conversation"}],"lastActiveTabIndex":0,"receivePreviewUpdates":false,"autoDownloadAndInstallUpdates":false,"skippedElectronUpdateVersions":{},"settingsSyncFirstRunPromptHandled":true}
[Z1 child] [2026-09-28 16:07:44.676] [pid:20368] [zcode-host] [rpc:call] graphEngineering.getWorkspace OK (1.8ms)
[2026-09-28 16:07:44.677] [pid:19508] [main] [host-log] (local-1) [host] [2026-09-28 16:07:44.676] [pid:20368] [zcode-host] [rpc:call] graphEngineering.getWorkspace OK (1.8ms)
[Z1 child] [2026-09-28 16:07:44.676] [pid:20368] [settingService] reading settings from: D:\Playground\ZCode\.tmp\z1-native-1790582855405-f6850e\home\.zcode\v2\setting.json
[2026-09-28 16:07:44.677] [pid:20368] [settingService] read result: {"recentProjects":[],"locale":"zh-CN","localePreference":"en-US","terminalInheritSystemProfile":true,"embeddedBrowserAllowInsecureCertificates":false,"embeddedBrowserViewportPreference":{"mode":"normal","viewport":{"width":393,"height":852},"zoom":"fit"},"computerUseComposerEntryHidden":true,"taskAutoArchiveEnabled":false,"taskAutoArchiveOlderThanDays":7,"closeToTrayOnWindows":false,"closeToTrayOnWindowsMigrationInitialized":true,"keepAwakeWhileRunning":false,"desktopChromiumHardwareAccelerationEnabled":true,"messageStreamShowReasoning":true,"messageStreamShowReasoningMigrationInitialized":true,"messageStreamShowTodos":false,"toolGroupingExploreEnabled":true,"toolGroupingTerminalEnabled":true,"toolGroupingChangesEnabled":false,"zcodeInteractionBehavior":"queue","askUserQuestionAutoResolutionEnabled":false,"modelIoFullRetentionEnabled":false,"startPlanRecommendationDismissed":false,"providerFamilyConnectionSelections":{},"providerFamilyDomain":"zai","providerFamilyDomainMigrated":true,"nativeSearchEnhancementsEnabled":true,"memoryEnabled":false,"lastWorkspaceSession":[{"kind":"local","workspacePath":"D:\\Playground\\ZCode\\.tmp\\z1-native-1790582855405-f6850e\\workspace","workspacePurpose":"project"},{"kind":"local","workspacePath":"D:\\Playground\\ZCode\\.tmp\\z1-native-1790582855405-f6850e\\data\\.zcode\\workspace\\default","workspacePurpose":"conversation"}],"lastActiveTabIndex":0,"receivePreviewUpdates":false,"autoDownloadAndInstallUpdates":false,"skippedElectronUpdateVersions":{},"settingsSyncFirstRunPromptHandled":true}
[Z1 child] [2026-09-28 16:07:44.678] [pid:20368] [zcode-host] [rpc:call] graphEngineering.getWorkspace OK (2.4ms)
[2026-09-28 16:07:44.679] [pid:19508] [main] [host-log] (local-1) [host] [2026-09-28 16:07:44.678] [pid:20368] [zcode-host] [rpc:call] graphEngineering.getWorkspace OK (2.4ms)
[Z1 child] [2026-09-28 16:07:44.702] [pid:20368] [settingService] reading settings from: D:\Playground\ZCode\.tmp\z1-native-1790582855405-f6850e\home\.zcode\v2\setting.json
[Z1 child] [2026-09-28 16:07:44.703] [pid:20368] [settingService] read result: {"recentProjects":[],"locale":"zh-CN","localePreference":"en-US","terminalInheritSystemProfile":true,"embeddedBrowserAllowInsecureCertificates":false,"embeddedBrowserViewportPreference":{"mode":"normal","viewport":{"width":393,"height":852},"zoom":"fit"},"computerUseComposerEntryHidden":true,"taskAutoArchiveEnabled":false,"taskAutoArchiveOlderThanDays":7,"closeToTrayOnWindows":false,"closeToTrayOnWindowsMigrationInitialized":true,"keepAwakeWhileRunning":false,"desktopChromiumHardwareAccelerationEnabled":true,"messageStreamShowReasoning":true,"messageStreamShowReasoningMigrationInitialized":true,"messageStreamShowTodos":false,"toolGroupingExploreEnabled":true,"toolGroupingTerminalEnabled":true,"toolGroupingChangesEnabled":false,"zcodeInteractionBehavior":"queue","askUserQuestionAutoResolutionEnabled":false,"modelIoFullRetentionEnabled":false,"startPlanRecommendationDismissed":false,"providerFamilyConnectionSelections":{},"providerFamilyDomain":"zai","providerFamilyDomainMigrated":true,"nativeSearchEnhancementsEnabled":true,"memoryEnabled":false,"lastWorkspaceSession":[{"kind":"local","workspacePath":"D:\\Playground\\ZCode\\.tmp\\z1-native-1790582855405-f6850e\\workspace","workspacePurpose":"project"},{"kind":"local","workspacePath":"D:\\Playground\\ZCode\\.tmp\\z1-native-1790582855405-f6850e\\data\\.zcode\\workspace\\default","workspacePurpose":"conversation"}],"lastActiveTabIndex":0,"receivePreviewUpdates":false,"autoDownloadAndInstallUpdates":false,"skippedElectronUpdateVersions":{},"settingsSyncFirstRunPromptHandled":true}
[2026-09-28 16:07:44.703] [pid:20368] [zcode-host] [rpc:call] setting.get OK (1.1ms)
[2026-09-28 16:07:44.704] [pid:19508] [main] [host-log] (local-1) [host] [2026-09-28 16:07:44.703] [pid:20368] [zcode-host] [rpc:call] setting.get OK (1.1ms)
[Z1 child] [2026-09-28 16:07:44.715] [pid:20368] [zcode-host] [rpc:call] graphEngineering.validateDefinition OK (1.8ms)
[2026-09-28 16:07:44.716] [pid:19508] [main] [host-log] (local-1) [host] [2026-09-28 16:07:44.715] [pid:20368] [zcode-host] [rpc:call] graphEngineering.validateDefinition OK (1.8ms)
[Z1 child] [2026-09-28 16:07:44.835] [pid:20368] [zcode-host] [rpc:call] graphWorkflow.list OK (1.2ms)
[2026-09-28 16:07:44.836] [pid:19508] [main] [host-log] (local-1) [host] [2026-09-28 16:07:44.835] [pid:20368] [zcode-host] [rpc:call] graphWorkflow.list OK (1.2ms)
[2026-09-28 16:07:45.145] [pid:19508] [settingService] writing settings to: D:\Playground\ZCode\.tmp\z1-native-1790582855405-f6850e\home\.zcode\v2\setting.json {"recentProjects":[],"locale":"zh-CN","localePreference":"en-US","terminalInheritSystemProfile":true,"embeddedBrowserAllowInsecureCertificates":false,"embeddedBrowserViewportPreference":{"mode":"normal","viewport":{"width":393,"height":852},"zoom":"fit"},"computerUseComposerEntryHidden":true,"taskAutoArchiveEnabled":false,"taskAutoArchiveOlderThanDays":7,"closeToTrayOnWindows":false,"closeToTrayOnWindowsMigrationInitialized":true,"keepAwakeWhileRunning":false,"desktopWindowSize":{"width":1280,"height":720,"maximized":false},"desktopChromiumHardwareAccelerationEnabled":true,"messageStreamShowReasoning":true,"messageStreamShowReasoningMigrationInitialized":true,"messageStreamShowTodos":false,"toolGroupingExploreEnabled":true,"toolGroupingTerminalEnabled":true,"toolGroupingChangesEnabled":false,"zcodeInteractionBehavior":"queue","askUserQuestionAutoResolutionEnabled":false,"modelIoFullRetentionEnabled":false,"startPlanRecommendationDismissed":false,"providerFamilyConnectionSelections":{},"providerFamilyDomain":"zai","providerFamilyDomainMigrated":true,"nativeSearchEnhancementsEnabled":true,"memoryEnabled":false,"lastWorkspaceSession":[{"kind":"local","workspacePath":"D:\\Playground\\ZCode\\.tmp\\z1-native-1790582855405-f6850e\\workspace","workspacePurpose":"project"},{"kind":"local","workspacePath":"D:\\Playground\\ZCode\\.tmp\\z1-native-1790582855405-f6850e\\data\\.zcode\\workspace\\default","workspacePurpose":"conversation"}],"lastActiveTabIndex":0,"receivePreviewUpdates":false,"autoDownloadAndInstallUpdates":false,"skippedElectronUpdateVersions":{},"settingsSyncFirstRunPromptHandled":true}
[2026-09-28 16:07:45.151] [pid:19508] [settingService] write done
[2026-09-28 16:07:45.416] [pid:19508] [settingService] writing settings to: D:\Playground\ZCode\.tmp\z1-native-1790582855405-f6850e\home\.zcode\v2\setting.json {"recentProjects":[],"locale":"zh-CN","localePreference":"en-US","terminalInheritSystemProfile":true,"embeddedBrowserAllowInsecureCertificates":false,"embeddedBrowserViewportPreference":{"mode":"normal","viewport":{"width":393,"height":852},"zoom":"fit"},"computerUseComposerEntryHidden":true,"taskAutoArchiveEnabled":false,"taskAutoArchiveOlderThanDays":7,"closeToTrayOnWindows":false,"closeToTrayOnWindowsMigrationInitialized":true,"keepAwakeWhileRunning":false,"desktopWindowSize":{"width":1920,"height":1080,"maximized":false},"desktopChromiumHardwareAccelerationEnabled":true,"messageStreamShowReasoning":true,"messageStreamShowReasoningMigrationInitialized":true,"messageStreamShowTodos":false,"toolGroupingExploreEnabled":true,"toolGroupingTerminalEnabled":true,"toolGroupingChangesEnabled":false,"zcodeInteractionBehavior":"queue","askUserQuestionAutoResolutionEnabled":false,"modelIoFullRetentionEnabled":false,"startPlanRecommendationDismissed":false,"providerFamilyConnectionSelections":{},"providerFamilyDomain":"zai","providerFamilyDomainMigrated":true,"nativeSearchEnhancementsEnabled":true,"memoryEnabled":false,"lastWorkspaceSession":[{"kind":"local","workspacePath":"D:\\Playground\\ZCode\\.tmp\\z1-native-1790582855405-f6850e\\workspace","workspacePurpose":"project"},{"kind":"local","workspacePath":"D:\\Playground\\ZCode\\.tmp\\z1-native-1790582855405-f6850e\\data\\.zcode\\workspace\\default","workspacePurpose":"conversation"}],"lastActiveTabIndex":0,"receivePreviewUpdates":false,"autoDownloadAndInstallUpdates":false,"skippedElectronUpdateVersions":{},"settingsSyncFirstRunPromptHandled":true}
[2026-09-28 16:07:45.420] [pid:19508] [settingService] write done
[Z1 child] [2026-09-28 16:07:45.559] [pid:20368] [zcode-host] [rpc:call] graphWorkflow.projectSetup OK (0.7ms)
[2026-09-28 16:07:45.561] [pid:19508] [main] [host-log] (local-1) [host] [2026-09-28 16:07:45.559] [pid:20368] [zcode-host] [rpc:call] graphWorkflow.projectSetup OK (0.7ms)
[Z1 child] [2026-09-28 16:07:45.594] [pid:20368] [zcode-host] [rpc:call] graphEngineering.recipes OK (22.6ms)
[2026-09-28 16:07:45.595] [pid:19508] [main] [host-log] (local-1) [host] [2026-09-28 16:07:45.594] [pid:20368] [zcode-host] [rpc:call] graphEngineering.recipes OK (22.6ms)
[Z1 child] [2026-09-28 16:07:45.595] [pid:20368] [settingService] reading settings from: D:\Playground\ZCode\.tmp\z1-native-1790582855405-f6850e\home\.zcode\v2\setting.json
[Z1 child] [2026-09-28 16:07:45.596] [pid:20368] [settingService] read result: {"recentProjects":[],"locale":"zh-CN","localePreference":"en-US","terminalInheritSystemProfile":true,"embeddedBrowserAllowInsecureCertificates":false,"embeddedBrowserViewportPreference":{"mode":"normal","viewport":{"width":393,"height":852},"zoom":"fit"},"computerUseComposerEntryHidden":true,"taskAutoArchiveEnabled":false,"taskAutoArchiveOlderThanDays":7,"closeToTrayOnWindows":false,"closeToTrayOnWindowsMigrationInitialized":true,"keepAwakeWhileRunning":false,"desktopWindowSize":{"width":1920,"height":1080,"maximized":false},"desktopChromiumHardwareAccelerationEnabled":true,"messageStreamShowReasoning":true,"messageStreamShowReasoningMigrationInitialized":true,"messageStreamShowTodos":false,"toolGroupingExploreEnabled":true,"toolGroupingTerminalEnabled":true,"toolGroupingChangesEnabled":false,"zcodeInteractionBehavior":"queue","askUserQuestionAutoResolutionEnabled":false,"modelIoFullRetentionEnabled":false,"startPlanRecommendationDismissed":false,"providerFamilyConnectionSelections":{},"providerFamilyDomain":"zai","providerFamilyDomainMigrated":true,"nativeSearchEnhancementsEnabled":true,"memoryEnabled":false,"lastWorkspaceSession":[{"kind":"local","workspacePath":"D:\\Playground\\ZCode\\.tmp\\z1-native-1790582855405-f6850e\\workspace","workspacePurpose":"project"},{"kind":"local","workspacePath":"D:\\Playground\\ZCode\\.tmp\\z1-native-1790582855405-f6850e\\data\\.zcode\\workspace\\default","workspacePurpose":"conversation"}],"lastActiveTabIndex":0,"receivePreviewUpdates":false,"autoDownloadAndInstallUpdates":false,"skippedElectronUpdateVersions":{},"settingsSyncFirstRunPromptHandled":true}
[Z1 child] [2026-09-28 16:07:45.597] [pid:20368] [zcode-host] [rpc:call] graphEngineering.getWorkspace OK (2.2ms)
[2026-09-28 16:07:45.597] [pid:19508] [main] [host-log] (local-1) [host] [2026-09-28 16:07:45.597] [pid:20368] [zcode-host] [rpc:call] graphEngineering.getWorkspace OK (2.2ms)
[Z1 child] [2026-09-28 16:07:45.694] [pid:20368] [zcode-host] [rpc:call] graphWorkflow.projectSetup OK (0.4ms)
[2026-09-28 16:07:45.695] [pid:19508] [main] [host-log] (local-1) [host] [2026-09-28 16:07:45.694] [pid:20368] [zcode-host] [rpc:call] graphWorkflow.projectSetup OK (0.4ms)
[Z1 child] [2026-09-28 16:07:45.728] [pid:20368] [zcode-host] [rpc:call] graphEngineering.recipes OK (25.1ms)
[2026-09-28 16:07:45.729] [pid:19508] [main] [host-log] (local-1) [host] [2026-09-28 16:07:45.728] [pid:20368] [zcode-host] [rpc:call] graphEngineering.recipes OK (25.1ms)
[Z1 child] [2026-09-28 16:07:45.729] [pid:20368] [settingService] reading settings from: D:\Playground\ZCode\.tmp\z1-native-1790582855405-f6850e\home\.zcode\v2\setting.json
[Z1 child] [2026-09-28 16:07:45.730] [pid:20368] [settingService] read result: {"recentProjects":[],"locale":"zh-CN","localePreference":"en-US","terminalInheritSystemProfile":true,"embeddedBrowserAllowInsecureCertificates":false,"embeddedBrowserViewportPreference":{"mode":"normal","viewport":{"width":393,"height":852},"zoom":"fit"},"computerUseComposerEntryHidden":true,"taskAutoArchiveEnabled":false,"taskAutoArchiveOlderThanDays":7,"closeToTrayOnWindows":false,"closeToTrayOnWindowsMigrationInitialized":true,"keepAwakeWhileRunning":false,"desktopWindowSize":{"width":1920,"height":1080,"maximized":false},"desktopChromiumHardwareAccelerationEnabled":true,"messageStreamShowReasoning":true,"messageStreamShowReasoningMigrationInitialized":true,"messageStreamShowTodos":false,"toolGroupingExploreEnabled":true,"toolGroupingTerminalEnabled":true,"toolGroupingChangesEnabled":false,"zcodeInteractionBehavior":"queue","askUserQuestionAutoResolutionEnabled":false,"modelIoFullRetentionEnabled":false,"startPlanRecommendationDismissed":false,"providerFamilyConnectionSelections":{},"providerFamilyDomain":"zai","providerFamilyDomainMigrated":true,"nativeSearchEnhancementsEnabled":true,"memoryEnabled":false,"lastWorkspaceSession":[{"kind":"local","workspacePath":"D:\\Playground\\ZCode\\.tmp\\z1-native-1790582855405-f6850e\\workspace","workspacePurpose":"project"},{"kind":"local","workspacePath":"D:\\Playground\\ZCode\\.tmp\\z1-native-1790582855405-f6850e\\data\\.zcode\\workspace\\default","workspacePurpose":"conversation"}],"lastActiveTabIndex":0,"receivePreviewUpdates":false,"autoDownloadAndInstallUpdates":false,"skippedElectronUpdateVersions":{},"settingsSyncFirstRunPromptHandled":true}
[Z1 child] [2026-09-28 16:07:45.730] [pid:20368] [zcode-host] [rpc:call] graphEngineering.getWorkspace OK (1.7ms)
[2026-09-28 16:07:45.731] [pid:19508] [main] [host-log] (local-1) [host] [2026-09-28 16:07:45.730] [pid:20368] [zcode-host] [rpc:call] graphEngineering.getWorkspace OK (1.7ms)
[Z1 child] [2026-09-28 16:07:46.514] [pid:20368] [settingService] reading settings from: D:\Playground\ZCode\.tmp\z1-native-1790582855405-f6850e\home\.zcode\v2\setting.json
[Z1 child] [2026-09-28 16:07:46.516] [pid:20368] [settingService] read result: {"recentProjects":[],"locale":"zh-CN","localePreference":"en-US","terminalInheritSystemProfile":true,"embeddedBrowserAllowInsecureCertificates":false,"embeddedBrowserViewportPreference":{"mode":"normal","viewport":{"width":393,"height":852},"zoom":"fit"},"computerUseComposerEntryHidden":true,"taskAutoArchiveEnabled":false,"taskAutoArchiveOlderThanDays":7,"closeToTrayOnWindows":false,"closeToTrayOnWindowsMigrationInitialized":true,"keepAwakeWhileRunning":false,"desktopWindowSize":{"width":1920,"height":1080,"maximized":false},"desktopChromiumHardwareAccelerationEnabled":true,"messageStreamShowReasoning":true,"messageStreamShowReasoningMigrationInitialized":true,"messageStreamShowTodos":false,"toolGroupingExploreEnabled":true,"toolGroupingTerminalEnabled":true,"toolGroupingChangesEnabled":false,"zcodeInteractionBehavior":"queue","askUserQuestionAutoResolutionEnabled":false,"modelIoFullRetentionEnabled":false,"startPlanRecommendationDismissed":false,"providerFamilyConnectionSelections":{},"providerFamilyDomain":"zai","providerFamilyDomainMigrated":true,"nativeSearchEnhancementsEnabled":true,"memoryEnabled":false,"lastWorkspaceSession":[{"kind":"local","workspacePath":"D:\\Playground\\ZCode\\.tmp\\z1-native-1790582855405-f6850e\\workspace","workspacePurpose":"project"},{"kind":"local","workspacePath":"D:\\Playground\\ZCode\\.tmp\\z1-native-1790582855405-f6850e\\data\\.zcode\\workspace\\default","workspacePurpose":"conversation"}],"lastActiveTabIndex":0,"receivePreviewUpdates":false,"autoDownloadAndInstallUpdates":false,"skippedElectronUpdateVersions":{},"settingsSyncFirstRunPromptHandled":true}
[2026-09-28 16:07:46.516] [pid:20368] [zcode-host] [rpc:call] setting.get OK (2.3ms)
[2026-09-28 16:07:46.518] [pid:19508] [main] [host-log] (local-1) [host] [2026-09-28 16:07:46.516] [pid:20368] [zcode-host] [rpc:call] setting.get OK (2.3ms)
[2026-09-28 16:07:46.534] [pid:19508] [settingService] writing settings to: D:\Playground\ZCode\.tmp\z1-native-1790582855405-f6850e\home\.zcode\v2\setting.json {"recentProjects":[],"locale":"zh-CN","localePreference":"en-US","terminalInheritSystemProfile":true,"embeddedBrowserAllowInsecureCertificates":false,"embeddedBrowserViewportPreference":{"mode":"normal","viewport":{"width":393,"height":852},"zoom":"fit"},"computerUseComposerEntryHidden":true,"taskAutoArchiveEnabled":false,"taskAutoArchiveOlderThanDays":7,"closeToTrayOnWindows":false,"closeToTrayOnWindowsMigrationInitialized":true,"keepAwakeWhileRunning":false,"desktopWindowSize":{"width":1920,"height":1080,"maximized":false},"desktopChromiumHardwareAccelerationEnabled":true,"messageStreamShowReasoning":true,"messageStreamShowReasoningMigrationInitialized":true,"messageStreamShowTodos":false,"toolGroupingExploreEnabled":true,"toolGroupingTerminalEnabled":true,"toolGroupingChangesEnabled":false,"zcodeInteractionBehavior":"queue","askUserQuestionAutoResolutionEnabled":false,"modelIoFullRetentionEnabled":false,"startPlanRecommendationDismissed":false,"providerFamilyConnectionSelections":{},"providerFamilyDomain":"zai","providerFamilyDomainMigrated":true,"nativeSearchEnhancementsEnabled":true,"memoryEnabled":false,"lastWorkspaceSession":[{"kind":"local","workspacePath":"D:\\Playground\\ZCode\\.tmp\\z1-native-1790582855405-f6850e\\workspace","workspacePurpose":"project"},{"kind":"local","workspacePath":"D:\\Playground\\ZCode\\.tmp\\z1-native-1790582855405-f6850e\\data\\.zcode\\workspace\\default","workspacePurpose":"conversation"}],"lastActiveTabIndex":0,"receivePreviewUpdates":false,"autoDownloadAndInstallUpdates":false,"skippedElectronUpdateVersions":{},"settingsSyncFirstRunPromptHandled":true}
[2026-09-28 16:07:46.541] [pid:19508] [settingService] write done
[2026-09-28 16:07:47.267] [pid:19508] [settingService] writing settings to: D:\Playground\ZCode\.tmp\z1-native-1790582855405-f6850e\home\.zcode\v2\setting.json {"recentProjects":[],"locale":"zh-CN","localePreference":"en-US","terminalInheritSystemProfile":true,"embeddedBrowserAllowInsecureCertificates":false,"embeddedBrowserViewportPreference":{"mode":"normal","viewport":{"width":393,"height":852},"zoom":"fit"},"computerUseComposerEntryHidden":true,"taskAutoArchiveEnabled":false,"taskAutoArchiveOlderThanDays":7,"closeToTrayOnWindows":false,"closeToTrayOnWindowsMigrationInitialized":true,"keepAwakeWhileRunning":false,"desktopWindowSize":{"width":1280,"height":720,"maximized":false},"desktopChromiumHardwareAccelerationEnabled":true,"messageStreamShowReasoning":true,"messageStreamShowReasoningMigrationInitialized":true,"messageStreamShowTodos":false,"toolGroupingExploreEnabled":true,"toolGroupingTerminalEnabled":true,"toolGroupingChangesEnabled":false,"zcodeInteractionBehavior":"queue","askUserQuestionAutoResolutionEnabled":false,"modelIoFullRetentionEnabled":false,"startPlanRecommendationDismissed":false,"providerFamilyConnectionSelections":{},"providerFamilyDomain":"zai","providerFamilyDomainMigrated":true,"nativeSearchEnhancementsEnabled":true,"memoryEnabled":false,"lastWorkspaceSession":[{"kind":"local","workspacePath":"D:\\Playground\\ZCode\\.tmp\\z1-native-1790582855405-f6850e\\workspace","workspacePurpose":"project"},{"kind":"local","workspacePath":"D:\\Playground\\ZCode\\.tmp\\z1-native-1790582855405-f6850e\\data\\.zcode\\workspace\\default","workspacePurpose":"conversation"}],"lastActiveTabIndex":0,"receivePreviewUpdates":false,"autoDownloadAndInstallUpdates":false,"skippedElectronUpdateVersions":{},"settingsSyncFirstRunPromptHandled":true}
[2026-09-28 16:07:47.273] [pid:19508] [settingService] write done
[2026-09-28 16:07:47.568] [pid:19508] [settingService] writing settings to: D:\Playground\ZCode\.tmp\z1-native-1790582855405-f6850e\home\.zcode\v2\setting.json {"recentProjects":[],"locale":"zh-CN","localePreference":"en-US","terminalInheritSystemProfile":true,"embeddedBrowserAllowInsecureCertificates":false,"embeddedBrowserViewportPreference":{"mode":"normal","viewport":{"width":393,"height":852},"zoom":"fit"},"computerUseComposerEntryHidden":true,"taskAutoArchiveEnabled":false,"taskAutoArchiveOlderThanDays":7,"closeToTrayOnWindows":false,"closeToTrayOnWindowsMigrationInitialized":true,"keepAwakeWhileRunning":false,"desktopWindowSize":{"width":1920,"height":1080,"maximized":false},"desktopChromiumHardwareAccelerationEnabled":true,"messageStreamShowReasoning":true,"messageStreamShowReasoningMigrationInitialized":true,"messageStreamShowTodos":false,"toolGroupingExploreEnabled":true,"toolGroupingTerminalEnabled":true,"toolGroupingChangesEnabled":false,"zcodeInteractionBehavior":"queue","askUserQuestionAutoResolutionEnabled":false,"modelIoFullRetentionEnabled":false,"startPlanRecommendationDismissed":false,"providerFamilyConnectionSelections":{},"providerFamilyDomain":"zai","providerFamilyDomainMigrated":true,"nativeSearchEnhancementsEnabled":true,"memoryEnabled":false,"lastWorkspaceSession":[{"kind":"local","workspacePath":"D:\\Playground\\ZCode\\.tmp\\z1-native-1790582855405-f6850e\\workspace","workspacePurpose":"project"},{"kind":"local","workspacePath":"D:\\Playground\\ZCode\\.tmp\\z1-native-1790582855405-f6850e\\data\\.zcode\\workspace\\default","workspacePurpose":"conversation"}],"lastActiveTabIndex":0,"receivePreviewUpdates":false,"autoDownloadAndInstallUpdates":false,"skippedElectronUpdateVersions":{},"settingsSyncFirstRunPromptHandled":true}
[2026-09-28 16:07:47.575] [pid:19508] [settingService] write done
[Z1 child] [2026-09-28 16:07:47.612] [pid:20368] [zcode-host] [rpc:call] graphEngineering.saveDefinition OK (3.5ms)
[2026-09-28 16:07:47.614] [pid:19508] [main] [host-log] (local-1) [host] [2026-09-28 16:07:47.612] [pid:20368] [zcode-host] [rpc:call] graphEngineering.saveDefinition OK (3.5ms)
[Z1 child] [2026-09-28 16:07:47.627] [pid:20368] [settingService] reading settings from: D:\Playground\ZCode\.tmp\z1-native-1790582855405-f6850e\home\.zcode\v2\setting.json
[Z1 child] [2026-09-28 16:07:47.629] [pid:20368] [settingService] read result: {"recentProjects":[],"locale":"zh-CN","localePreference":"en-US","terminalInheritSystemProfile":true,"embeddedBrowserAllowInsecureCertificates":false,"embeddedBrowserViewportPreference":{"mode":"normal","viewport":{"width":393,"height":852},"zoom":"fit"},"computerUseComposerEntryHidden":true,"taskAutoArchiveEnabled":false,"taskAutoArchiveOlderThanDays":7,"closeToTrayOnWindows":false,"closeToTrayOnWindowsMigrationInitialized":true,"keepAwakeWhileRunning":false,"desktopWindowSize":{"width":1920,"height":1080,"maximized":false},"desktopChromiumHardwareAccelerationEnabled":true,"messageStreamShowReasoning":true,"messageStreamShowReasoningMigrationInitialized":true,"messageStreamShowTodos":false,"toolGroupingExploreEnabled":true,"toolGroupingTerminalEnabled":true,"toolGroupingChangesEnabled":false,"zcodeInteractionBehavior":"queue","askUserQuestionAutoResolutionEnabled":false,"modelIoFullRetentionEnabled":false,"startPlanRecommendationDismissed":false,"providerFamilyConnectionSelections":{},"providerFamilyDomain":"zai","providerFamilyDomainMigrated":true,"nativeSearchEnhancementsEnabled":true,"memoryEnabled":false,"lastWorkspaceSession":[{"kind":"local","workspacePath":"D:\\Playground\\ZCode\\.tmp\\z1-native-1790582855405-f6850e\\workspace","workspacePurpose":"project"},{"kind":"local","workspacePath":"D:\\Playground\\ZCode\\.tmp\\z1-native-1790582855405-f6850e\\data\\.zcode\\workspace\\default","workspacePurpose":"conversation"}],"lastActiveTabIndex":0,"receivePreviewUpdates":false,"autoDownloadAndInstallUpdates":false,"skippedElectronUpdateVersions":{},"settingsSyncFirstRunPromptHandled":true}
[Z1 child] [2026-09-28 16:07:47.630] [pid:20368] [zcode-host] [rpc:call] graphEngineering.getWorkspace OK (3.4ms)
[2026-09-28 16:07:47.631] [pid:19508] [main] [host-log] (local-1) [host] [2026-09-28 16:07:47.630] [pid:20368] [zcode-host] [rpc:call] graphEngineering.getWorkspace OK (3.4ms)
[Z1 child] [2026-09-28 16:07:47.631] [pid:20368] [settingService] reading settings from: D:\Playground\ZCode\.tmp\z1-native-1790582855405-f6850e\home\.zcode\v2\setting.json
[Z1 child] [2026-09-28 16:07:47.633] [pid:20368] [settingService] read result: {"recentProjects":[],"locale":"zh-CN","localePreference":"en-US","terminalInheritSystemProfile":true,"embeddedBrowserAllowInsecureCertificates":false,"embeddedBrowserViewportPreference":{"mode":"normal","viewport":{"width":393,"height":852},"zoom":"fit"},"computerUseComposerEntryHidden":true,"taskAutoArchiveEnabled":false,"taskAutoArchiveOlderThanDays":7,"closeToTrayOnWindows":false,"closeToTrayOnWindowsMigrationInitialized":true,"keepAwakeWhileRunning":false,"desktopWindowSize":{"width":1920,"height":1080,"maximized":false},"desktopChromiumHardwareAccelerationEnabled":true,"messageStreamShowReasoning":true,"messageStreamShowReasoningMigrationInitialized":true,"messageStreamShowTodos":false,"toolGroupingExploreEnabled":true,"toolGroupingTerminalEnabled":true,"toolGroupingChangesEnabled":false,"zcodeInteractionBehavior":"queue","askUserQuestionAutoResolutionEnabled":false,"modelIoFullRetentionEnabled":false,"startPlanRecommendationDismissed":false,"providerFamilyConnectionSelections":{},"providerFamilyDomain":"zai","providerFamilyDomainMigrated":true,"nativeSearchEnhancementsEnabled":true,"memoryEnabled":false,"lastWorkspaceSession":[{"kind":"local","workspacePath":"D:\\Playground\\ZCode\\.tmp\\z1-native-1790582855405-f6850e\\workspace","workspacePurpose":"project"},{"kind":"local","workspacePath":"D:\\Playground\\ZCode\\.tmp\\z1-native-1790582855405-f6850e\\data\\.zcode\\workspace\\default","workspacePurpose":"conversation"}],"lastActiveTabIndex":0,"receivePreviewUpdates":false,"autoDownloadAndInstallUpdates":false,"skippedElectronUpdateVersions":{},"settingsSyncFirstRunPromptHandled":true}
[Z1 child] [2026-09-28 16:07:47.640] [pid:20368] [zcode-host] [rpc:call] graphEngineering.validateDefinition OK (0.6ms)
[2026-09-28 16:07:47.641] [pid:19508] [main] [host-log] (local-1) [host] [2026-09-28 16:07:47.640] [pid:20368] [zcode-host] [rpc:call] graphEngineering.validateDefinition OK (0.6ms)
[Z1 child] [2026-09-28 16:07:47.708] [pid:20368] [zcode-host] [rpc:call] graphWorkflow.prepare OK (80.2ms)
[2026-09-28 16:07:47.709] [pid:19508] [main] [host-log] (local-1) [host] [2026-09-28 16:07:47.708] [pid:20368] [zcode-host] [rpc:call] graphWorkflow.prepare OK (80.2ms)
[Z1 child] [2026-09-28 16:07:47.709] [pid:20368] [settingService] reading settings from: D:\Playground\ZCode\.tmp\z1-native-1790582855405-f6850e\home\.zcode\v2\setting.json
[Z1 child] [2026-09-28 16:07:47.710] [pid:20368] [settingService] read result: {"recentProjects":[],"locale":"zh-CN","localePreference":"en-US","terminalInheritSystemProfile":true,"embeddedBrowserAllowInsecureCertificates":false,"embeddedBrowserViewportPreference":{"mode":"normal","viewport":{"width":393,"height":852},"zoom":"fit"},"computerUseComposerEntryHidden":true,"taskAutoArchiveEnabled":false,"taskAutoArchiveOlderThanDays":7,"closeToTrayOnWindows":false,"closeToTrayOnWindowsMigrationInitialized":true,"keepAwakeWhileRunning":false,"desktopWindowSize":{"width":1920,"height":1080,"maximized":false},"desktopChromiumHardwareAccelerationEnabled":true,"messageStreamShowReasoning":true,"messageStreamShowReasoningMigrationInitialized":true,"messageStreamShowTodos":false,"toolGroupingExploreEnabled":true,"toolGroupingTerminalEnabled":true,"toolGroupingChangesEnabled":false,"zcodeInteractionBehavior":"queue","askUserQuestionAutoResolutionEnabled":false,"modelIoFullRetentionEnabled":false,"startPlanRecommendationDismissed":false,"providerFamilyConnectionSelections":{},"providerFamilyDomain":"zai","providerFamilyDomainMigrated":true,"nativeSearchEnhancementsEnabled":true,"memoryEnabled":false,"lastWorkspaceSession":[{"kind":"local","workspacePath":"D:\\Playground\\ZCode\\.tmp\\z1-native-1790582855405-f6850e\\workspace","workspacePurpose":"project"},{"kind":"local","workspacePath":"D:\\Playground\\ZCode\\.tmp\\z1-native-1790582855405-f6850e\\data\\.zcode\\workspace\\default","workspacePurpose":"conversation"}],"lastActiveTabIndex":0,"receivePreviewUpdates":false,"autoDownloadAndInstallUpdates":false,"skippedElectronUpdateVersions":{},"settingsSyncFirstRunPromptHandled":true}
[Z1 child] [2026-09-28 16:07:47.711] [pid:20368] [zcode-host] [rpc:call] graphEngineering.getWorkspace OK (1.7ms)
[2026-09-28 16:07:47.712] [pid:19508] [main] [host-log] (local-1) [host] [2026-09-28 16:07:47.711] [pid:20368] [zcode-host] [rpc:call] graphEngineering.getWorkspace OK (1.7ms)
[Z1 child] [2026-09-28 16:07:48.643] [pid:20368] [settingService] reading settings from: D:\Playground\ZCode\.tmp\z1-native-1790582855405-f6850e\home\.zcode\v2\setting.json
[Z1 child] [2026-09-28 16:07:48.644] [pid:20368] [settingService] read result: {"recentProjects":[],"locale":"zh-CN","localePreference":"en-US","terminalInheritSystemProfile":true,"embeddedBrowserAllowInsecureCertificates":false,"embeddedBrowserViewportPreference":{"mode":"normal","viewport":{"width":393,"height":852},"zoom":"fit"},"computerUseComposerEntryHidden":true,"taskAutoArchiveEnabled":false,"taskAutoArchiveOlderThanDays":7,"closeToTrayOnWindows":false,"closeToTrayOnWindowsMigrationInitialized":true,"keepAwakeWhileRunning":false,"desktopWindowSize":{"width":1920,"height":1080,"maximized":false},"desktopChromiumHardwareAccelerationEnabled":true,"messageStreamShowReasoning":true,"messageStreamShowReasoningMigrationInitialized":true,"messageStreamShowTodos":false,"toolGroupingExploreEnabled":true,"toolGroupingTerminalEnabled":true,"toolGroupingChangesEnabled":false,"zcodeInteractionBehavior":"queue","askUserQuestionAutoResolutionEnabled":false,"modelIoFullRetentionEnabled":false,"startPlanRecommendationDismissed":false,"providerFamilyConnectionSelections":{},"providerFamilyDomain":"zai","providerFamilyDomainMigrated":true,"nativeSearchEnhancementsEnabled":true,"memoryEnabled":false,"lastWorkspaceSession":[{"kind":"local","workspacePath":"D:\\Playground\\ZCode\\.tmp\\z1-native-1790582855405-f6850e\\workspace","workspacePurpose":"project"},{"kind":"local","workspacePath":"D:\\Playground\\ZCode\\.tmp\\z1-native-1790582855405-f6850e\\data\\.zcode\\workspace\\default","workspacePurpose":"conversation"}],"lastActiveTabIndex":0,"receivePreviewUpdates":false,"autoDownloadAndInstallUpdates":false,"skippedElectronUpdateVersions":{},"settingsSyncFirstRunPromptHandled":true}
[Z1 child] [2026-09-28 16:07:48.991] [pid:20368] [zcode-agent-service] 开始初始化 ZCode agent {
  workspaceKey: 'D:\\Playground\\ZCode\\.tmp\\z1-native-1790582855405-f6850e\\workspace',
  workspacePath: 'D:\\Playground\\ZCode\\.tmp\\z1-native-1790582855405-f6850e\\workspace'
}
[2026-09-28 16:07:48.992] [pid:19508] [main] [host-log] (local-1) [host] [2026-09-28 16:07:48.991] [pid:20368] [zcode-agent-service] 开始初始化 ZCode agent {"workspaceKey":"D:\\Playground\\ZCode\\.tmp\\z1-native-1790582855405-f6850e\\workspace","workspacePath":"D:\\Playground\\ZCode\\.tmp\\z1-native-1790582855405-f6850e\\workspace"}
[2026-09-28 16:07:48.992] [pid:19508] [main] [host-log] (local-1) [host] [2026-09-28 16:07:48.991] [pid:20368] [zcode-agent-service] ZCode agent 初始化完成 {"durationMs":0,"transportKind":"stdio","workspaceKey":"D:\\Playground\\ZCode\\.tmp\\z1-native-1790582855405-f6850e\\workspace","workspacePath":"D:\\Playground\\ZCode\\.tmp\\z1-native-1790582855405-f6850e\\workspace"}
[2026-09-28 16:07:48.993] [pid:19508] [main] [host-log] (local-1) [host] [2026-09-28 16:07:48.992] [pid:20368] [zcode-session-service][trace:b0e57777-5149-4c99-929b-b33a54b95db8] [zcode-session-service] createSession 分配 session trace {"persistence":"deferred","workspacePath":"D:\\Playground\\ZCode\\.tmp\\z1-native-1790582855405-f6850e\\workspace"}
[2026-09-28 16:07:48.993] [pid:19508] [main] [host-log] (local-1) [host] [2026-09-28 16:07:48.992] [pid:20368] [zcode-agent-service][trace:b0e57777-5149-4c99-929b-b33a54b95db8] 开始请求 ZCode Protocol session/create {"hasInitialModel":true,"hasInitialThoughtLevel":false,"initialModel":"z1-local-fixture/z1-fixture$enabled","mcpServerCount":0,"mcpServerNames":[],"persistence":"deferred","workspaceKey":"D:\\Playground\\ZCode\\.tmp\\z1-native-1790582855405-f6850e\\workspace","workspacePath":"D:\\Playground\\ZCode\\.tmp\\z1-native-1790582855405-f6850e\\workspace"}
[Z1 child] [2026-09-28 16:07:48.991] [pid:20368] [zcode-agent-service] ZCode agent 初始化完成 {
  durationMs: 0,
  transportKind: 'stdio',
  workspaceKey: 'D:\\Playground\\ZCode\\.tmp\\z1-native-1790582855405-f6850e\\workspace',
  workspacePath: 'D:\\Playground\\ZCode\\.tmp\\z1-native-1790582855405-f6850e\\workspace'
}
[2026-09-28 16:07:48.992] [pid:20368] [zcode-session-service][trace:b0e57777-5149-4c99-929b-b33a54b95db8] [zcode-session-service] createSession 分配 session trace {
  persistence: 'deferred',
  workspaceIdentity: undefined,
  workspacePath: 'D:\\Playground\\ZCode\\.tmp\\z1-native-1790582855405-f6850e\\workspace'
}
[2026-09-28 16:07:48.992] [pid:20368] [zcode-agent-service][trace:b0e57777-5149-4c99-929b-b33a54b95db8] 开始请求 ZCode Protocol session/create {
  hasInitialModel: true,
  hasInitialThoughtLevel: false,
  initialModel: 'z1-local-fixture/z1-fixture$enabled',
  mcpServerCount: 0,
  mcpServerNames: [],
  persistence: 'deferred',
  workspaceKey: 'D:\\Playground\\ZCode\\.tmp\\z1-native-1790582855405-f6850e\\workspace',
  workspacePath: 'D:\\Playground\\ZCode\\.tmp\\z1-native-1790582855405-f6850e\\workspace'
}
[Z1 child] [2026-09-28 16:07:48.994] [pid:20368] [settingService] reading settings from: D:\Playground\ZCode\.tmp\z1-native-1790582855405-f6850e\home\.zcode\v2\setting.json
[Z1 child] [2026-09-28 16:07:48.995] [pid:20368] [settingService] read result: {"recentProjects":[],"locale":"zh-CN","localePreference":"en-US","terminalInheritSystemProfile":true,"embeddedBrowserAllowInsecureCertificates":false,"embeddedBrowserViewportPreference":{"mode":"normal","viewport":{"width":393,"height":852},"zoom":"fit"},"computerUseComposerEntryHidden":true,"taskAutoArchiveEnabled":false,"taskAutoArchiveOlderThanDays":7,"closeToTrayOnWindows":false,"closeToTrayOnWindowsMigrationInitialized":true,"keepAwakeWhileRunning":false,"desktopWindowSize":{"width":1920,"height":1080,"maximized":false},"desktopChromiumHardwareAccelerationEnabled":true,"messageStreamShowReasoning":true,"messageStreamShowReasoningMigrationInitialized":true,"messageStreamShowTodos":false,"toolGroupingExploreEnabled":true,"toolGroupingTerminalEnabled":true,"toolGroupingChangesEnabled":false,"zcodeInteractionBehavior":"queue","askUserQuestionAutoResolutionEnabled":false,"modelIoFullRetentionEnabled":false,"startPlanRecommendationDismissed":false,"providerFamilyConnectionSelections":{},"providerFamilyDomain":"zai","providerFamilyDomainMigrated":true,"nativeSearchEnhancementsEnabled":true,"memoryEnabled":false,"lastWorkspaceSession":[{"kind":"local","workspacePath":"D:\\Playground\\ZCode\\.tmp\\z1-native-1790582855405-f6850e\\workspace","workspacePurpose":"project"},{"kind":"local","workspacePath":"D:\\Playground\\ZCode\\.tmp\\z1-native-1790582855405-f6850e\\data\\.zcode\\workspace\\default","workspacePurpose":"conversation"}],"lastActiveTabIndex":0,"receivePreviewUpdates":false,"autoDownloadAndInstallUpdates":false,"skippedElectronUpdateVersions":{},"settingsSyncFirstRunPromptHandled":true}
[Z1 child] [2026-09-28 16:07:49.044] [pid:20368] [zcode-agent-service][trace:b0e57777-5149-4c99-929b-b33a54b95db8] ZCode Protocol session/create 完成 {
  durationMs: 52,
  messageCount: 0,
  modelCurrent: 'z1-local-fixture/z1-fixture',
  mcpServerCount: 0,
  persistence: 'deferred',
  sessionId: 'sess_647da79c-b129-458d-891f-483972624a42',
  snapshotTraceId: 'b0e57777-5149-4c99-929b-b33a54b95db8',
  workspaceKey: 'D:\\Playground\\ZCode\\.tmp\\z1-native-1790582855405-f6850e\\workspace',
  workspacePath: 'D:\\Playground\\ZCode\\.tmp\\z1-native-1790582855405-f6850e\\workspace'
}
[2026-09-28 16:07:49.045] [pid:19508] [main] [host-log] (local-1) [host] [2026-09-28 16:07:49.044] [pid:20368] [zcode-agent-service][trace:b0e57777-5149-4c99-929b-b33a54b95db8] ZCode Protocol session/create 完成 {"durationMs":52,"messageCount":0,"modelCurrent":"z1-local-fixture/z1-fixture","mcpServerCount":0,"persistence":"deferred","sessionId":"sess_647da79c-b129-458d-891f-483972624a42","snapshotTraceId":"b0e57777-5149-4c99-929b-b33a54b95db8","workspaceKey":"D:\\Playground\\ZCode\\.tmp\\z1-native-1790582855405-f6850e\\workspace","workspacePath":"D:\\Playground\\ZCode\\.tmp\\z1-native-1790582855405-f6850e\\workspace"}
[2026-09-28 16:07:49.045] [pid:19508] [main] [host-log] (local-1) [host] [2026-09-28 16:07:49.044] [pid:20368] [zcode-session-service][trace:b0e57777-5149-4c99-929b-b33a54b95db8] [zcode-session-service] createSession agent 返回 {"durationMs":53,"mcpServerCount":0,"persistence":"deferred","snapshotTraceId":"b0e57777-5149-4c99-929b-b33a54b95db8","sessionId":"sess_647da79c-b129-458d-891f-483972624a42","workspacePath":"D:\\Playground\\ZCode\\.tmp\\z1-native-1790582855405-f6850e\\workspace"}
[Z1 child] [2026-09-28 16:07:49.044] [pid:20368] [zcode-session-service][trace:b0e57777-5149-4c99-929b-b33a54b95db8] [zcode-session-service] createSession agent 返回 {
  durationMs: 53,
  mcpServerCount: 0,
  persistence: 'deferred',
  snapshotTraceId: 'b0e57777-5149-4c99-929b-b33a54b95db8',
  sessionId: 'sess_647da79c-b129-458d-891f-483972624a42',
  workspaceIdentity: undefined,
  workspacePath: 'D:\\Playground\\ZCode\\.tmp\\z1-native-1790582855405-f6850e\\workspace'
}
[2026-09-28 16:07:49.133] [pid:19508] [main] [browser-use] execute start browserId=iab:9775e11c-c9df-4b18-a50f-666e3c70e3f8 sessionId=sess_647da79c-b129-458d-891f-483972624a42 method=list
[2026-09-28 16:07:49.134] [pid:19508] [main] [browser-use] execute requestId=d79b853e-20d8-4f68-bbde-ffef1e87bfcc browserId=iab:9775e11c-c9df-4b18-a50f-666e3c70e3f8 generation=1790582859932 windowId=1 sessionId=sess_647da79c-b129-458d-891f-483972624a42 method=list
[2026-09-28 16:07:49.135] [pid:19508] [main] [browser-use] execute done sessionId=sess_647da79c-b129-458d-891f-483972624a42 method=list ok=true elapsedMs=0
[2026-09-28 16:07:49.136] [pid:19508] [main] [browser-use] execute start browserId=iab:9775e11c-c9df-4b18-a50f-666e3c70e3f8 sessionId=sess_647da79c-b129-458d-891f-483972624a42 method=listUserTabs
[2026-09-28 16:07:49.137] [pid:19508] [main] [browser-use] execute requestId=a5eb8a61-31b1-433a-92e5-a4d824e855d9 browserId=iab:9775e11c-c9df-4b18-a50f-666e3c70e3f8 generation=1790582859932 windowId=1 sessionId=sess_647da79c-b129-458d-891f-483972624a42 method=listUserTabs
[2026-09-28 16:07:49.137] [pid:19508] [main] [browser-use] execute done sessionId=sess_647da79c-b129-458d-891f-483972624a42 method=listUserTabs ok=true elapsedMs=0
[Z1 child] [2026-09-28 16:07:49.155] [pid:20368] [settingService] reading settings from: D:\Playground\ZCode\.tmp\z1-native-1790582855405-f6850e\home\.zcode\v2\setting.json
[Z1 child] [2026-09-28 16:07:49.156] [pid:20368] [settingService] read result: {"recentProjects":[],"locale":"zh-CN","localePreference":"en-US","terminalInheritSystemProfile":true,"embeddedBrowserAllowInsecureCertificates":false,"embeddedBrowserViewportPreference":{"mode":"normal","viewport":{"width":393,"height":852},"zoom":"fit"},"computerUseComposerEntryHidden":true,"taskAutoArchiveEnabled":false,"taskAutoArchiveOlderThanDays":7,"closeToTrayOnWindows":false,"closeToTrayOnWindowsMigrationInitialized":true,"keepAwakeWhileRunning":false,"desktopWindowSize":{"width":1920,"height":1080,"maximized":false},"desktopChromiumHardwareAccelerationEnabled":true,"messageStreamShowReasoning":true,"messageStreamShowReasoningMigrationInitialized":true,"messageStreamShowTodos":false,"toolGroupingExploreEnabled":true,"toolGroupingTerminalEnabled":true,"toolGroupingChangesEnabled":false,"zcodeInteractionBehavior":"queue","askUserQuestionAutoResolutionEnabled":false,"modelIoFullRetentionEnabled":false,"startPlanRecommendationDismissed":false,"providerFamilyConnectionSelections":{},"providerFamilyDomain":"zai","providerFamilyDomainMigrated":true,"nativeSearchEnhancementsEnabled":true,"memoryEnabled":false,"lastWorkspaceSession":[{"kind":"local","workspacePath":"D:\\Playground\\ZCode\\.tmp\\z1-native-1790582855405-f6850e\\workspace","workspacePurpose":"project"},{"kind":"local","workspacePath":"D:\\Playground\\ZCode\\.tmp\\z1-native-1790582855405-f6850e\\data\\.zcode\\workspace\\default","workspacePurpose":"conversation"}],"lastActiveTabIndex":0,"receivePreviewUpdates":false,"autoDownloadAndInstallUpdates":false,"skippedElectronUpdateVersions":{},"settingsSyncFirstRunPromptHandled":true}
[Z1 child] [2026-09-28 16:07:49.168] [pid:20368] [zcode-host] [rpc:call] graphEngineering.run OK (526.0ms)
[2026-09-28 16:07:49.169] [pid:20368] [settingService] reading settings from: D:\Playground\ZCode\.tmp\z1-native-1790582855405-f6850e\home\.zcode\v2\setting.json
[2026-09-28 16:07:49.169] [pid:19508] [main] [host-log] (local-1) [host] [2026-09-28 16:07:49.168] [pid:20368] [zcode-host] [rpc:call] graphEngineering.run OK (526.0ms)
[Z1 child] [2026-09-28 16:07:49.169] [pid:20368] [settingService] read result: {"recentProjects":[],"locale":"zh-CN","localePreference":"en-US","terminalInheritSystemProfile":true,"embeddedBrowserAllowInsecureCertificates":false,"embeddedBrowserViewportPreference":{"mode":"normal","viewport":{"width":393,"height":852},"zoom":"fit"},"computerUseComposerEntryHidden":true,"taskAutoArchiveEnabled":false,"taskAutoArchiveOlderThanDays":7,"closeToTrayOnWindows":false,"closeToTrayOnWindowsMigrationInitialized":true,"keepAwakeWhileRunning":false,"desktopWindowSize":{"width":1920,"height":1080,"maximized":false},"desktopChromiumHardwareAccelerationEnabled":true,"messageStreamShowReasoning":true,"messageStreamShowReasoningMigrationInitialized":true,"messageStreamShowTodos":false,"toolGroupingExploreEnabled":true,"toolGroupingTerminalEnabled":true,"toolGroupingChangesEnabled":false,"zcodeInteractionBehavior":"queue","askUserQuestionAutoResolutionEnabled":false,"modelIoFullRetentionEnabled":false,"startPlanRecommendationDismissed":false,"providerFamilyConnectionSelections":{},"providerFamilyDomain":"zai","providerFamilyDomainMigrated":true,"nativeSearchEnhancementsEnabled":true,"memoryEnabled":false,"lastWorkspaceSession":[{"kind":"local","workspacePath":"D:\\Playground\\ZCode\\.tmp\\z1-native-1790582855405-f6850e\\workspace","workspacePurpose":"project"},{"kind":"local","workspacePath":"D:\\Playground\\ZCode\\.tmp\\z1-native-1790582855405-f6850e\\data\\.zcode\\workspace\\default","workspacePurpose":"conversation"}],"lastActiveTabIndex":0,"receivePreviewUpdates":false,"autoDownloadAndInstallUpdates":false,"skippedElectronUpdateVersions":{},"settingsSyncFirstRunPromptHandled":true}
[Z1 child] [2026-09-28 16:07:49.170] [pid:20368] [zcode-host] [rpc:call] graphEngineering.getWorkspace OK (421.4ms)
[2026-09-28 16:07:49.171] [pid:19508] [main] [host-log] (local-1) [host] [2026-09-28 16:07:49.170] [pid:20368] [zcode-host] [rpc:call] graphEngineering.getWorkspace OK (421.4ms)
[Z1 child] [2026-09-28 16:07:49.171] [pid:20368] [settingService] reading settings from: D:\Playground\ZCode\.tmp\z1-native-1790582855405-f6850e\home\.zcode\v2\setting.json
[Z1 child] [2026-09-28 16:07:49.171] [pid:20368] [settingService] read result: {"recentProjects":[],"locale":"zh-CN","localePreference":"en-US","terminalInheritSystemProfile":true,"embeddedBrowserAllowInsecureCertificates":false,"embeddedBrowserViewportPreference":{"mode":"normal","viewport":{"width":393,"height":852},"zoom":"fit"},"computerUseComposerEntryHidden":true,"taskAutoArchiveEnabled":false,"taskAutoArchiveOlderThanDays":7,"closeToTrayOnWindows":false,"closeToTrayOnWindowsMigrationInitialized":true,"keepAwakeWhileRunning":false,"desktopWindowSize":{"width":1920,"height":1080,"maximized":false},"desktopChromiumHardwareAccelerationEnabled":true,"messageStreamShowReasoning":true,"messageStreamShowReasoningMigrationInitialized":true,"messageStreamShowTodos":false,"toolGroupingExploreEnabled":true,"toolGroupingTerminalEnabled":true,"toolGroupingChangesEnabled":false,"zcodeInteractionBehavior":"queue","askUserQuestionAutoResolutionEnabled":false,"modelIoFullRetentionEnabled":false,"startPlanRecommendationDismissed":false,"providerFamilyConnectionSelections":{},"providerFamilyDomain":"zai","providerFamilyDomainMigrated":true,"nativeSearchEnhancementsEnabled":true,"memoryEnabled":false,"lastWorkspaceSession":[{"kind":"local","workspacePath":"D:\\Playground\\ZCode\\.tmp\\z1-native-1790582855405-f6850e\\workspace","workspacePurpose":"project"},{"kind":"local","workspacePath":"D:\\Playground\\ZCode\\.tmp\\z1-native-1790582855405-f6850e\\data\\.zcode\\workspace\\default","workspacePurpose":"conversation"}],"lastActiveTabIndex":0,"receivePreviewUpdates":false,"autoDownloadAndInstallUpdates":false,"skippedElectronUpdateVersions":{},"settingsSyncFirstRunPromptHandled":true}
[Z1 child] [2026-09-28 16:07:49.172] [pid:20368] [zcode-host] [rpc:call] graphEngineering.getWorkspace OK (181.6ms)
[2026-09-28 16:07:49.173] [pid:19508] [main] [host-log] (local-1) [host] [2026-09-28 16:07:49.172] [pid:20368] [zcode-host] [rpc:call] graphEngineering.getWorkspace OK (181.6ms)
[Z1 child] [2026-09-28 16:07:49.173] [pid:20368] [settingService] reading settings from: D:\Playground\ZCode\.tmp\z1-native-1790582855405-f6850e\home\.zcode\v2\setting.json
[Z1 child] [2026-09-28 16:07:49.173] [pid:20368] [settingService] read result: {"recentProjects":[],"locale":"zh-CN","localePreference":"en-US","terminalInheritSystemProfile":true,"embeddedBrowserAllowInsecureCertificates":false,"embeddedBrowserViewportPreference":{"mode":"normal","viewport":{"width":393,"height":852},"zoom":"fit"},"computerUseComposerEntryHidden":true,"taskAutoArchiveEnabled":false,"taskAutoArchiveOlderThanDays":7,"closeToTrayOnWindows":false,"closeToTrayOnWindowsMigrationInitialized":true,"keepAwakeWhileRunning":false,"desktopWindowSize":{"width":1920,"height":1080,"maximized":false},"desktopChromiumHardwareAccelerationEnabled":true,"messageStreamShowReasoning":true,"messageStreamShowReasoningMigrationInitialized":true,"messageStreamShowTodos":false,"toolGroupingExploreEnabled":true,"toolGroupingTerminalEnabled":true,"toolGroupingChangesEnabled":false,"zcodeInteractionBehavior":"queue","askUserQuestionAutoResolutionEnabled":false,"modelIoFullRetentionEnabled":false,"startPlanRecommendationDismissed":false,"providerFamilyConnectionSelections":{},"providerFamilyDomain":"zai","providerFamilyDomainMigrated":true,"nativeSearchEnhancementsEnabled":true,"memoryEnabled":false,"lastWorkspaceSession":[{"kind":"local","workspacePath":"D:\\Playground\\ZCode\\.tmp\\z1-native-1790582855405-f6850e\\workspace","workspacePurpose":"project"},{"kind":"local","workspacePath":"D:\\Playground\\ZCode\\.tmp\\z1-native-1790582855405-f6850e\\data\\.zcode\\workspace\\default","workspacePurpose":"conversation"}],"lastActiveTabIndex":0,"receivePreviewUpdates":false,"autoDownloadAndInstallUpdates":false,"skippedElectronUpdateVersions":{},"settingsSyncFirstRunPromptHandled":true}
[Z1 child] [2026-09-28 16:07:49.174] [pid:20368] [zcode-host] [rpc:call] graphEngineering.getWorkspace OK (123.8ms)
[2026-09-28 16:07:49.175] [pid:19508] [main] [host-log] (local-1) [host] [2026-09-28 16:07:49.174] [pid:20368] [zcode-host] [rpc:call] graphEngineering.getWorkspace OK (123.8ms)
[Z1 child] [2026-09-28 16:07:49.174] [pid:20368] [settingService] reading settings from: D:\Playground\ZCode\.tmp\z1-native-1790582855405-f6850e\home\.zcode\v2\setting.json
[Z1 child] [2026-09-28 16:07:49.175] [pid:20368] [settingService] read result: {"recentProjects":[],"locale":"zh-CN","localePreference":"en-US","terminalInheritSystemProfile":true,"embeddedBrowserAllowInsecureCertificates":false,"embeddedBrowserViewportPreference":{"mode":"normal","viewport":{"width":393,"height":852},"zoom":"fit"},"computerUseComposerEntryHidden":true,"taskAutoArchiveEnabled":false,"taskAutoArchiveOlderThanDays":7,"closeToTrayOnWindows":false,"closeToTrayOnWindowsMigrationInitialized":true,"keepAwakeWhileRunning":false,"desktopWindowSize":{"width":1920,"height":1080,"maximized":false},"desktopChromiumHardwareAccelerationEnabled":true,"messageStreamShowReasoning":true,"messageStreamShowReasoningMigrationInitialized":true,"messageStreamShowTodos":false,"toolGroupingExploreEnabled":true,"toolGroupingTerminalEnabled":true,"toolGroupingChangesEnabled":false,"zcodeInteractionBehavior":"queue","askUserQuestionAutoResolutionEnabled":false,"modelIoFullRetentionEnabled":false,"startPlanRecommendationDismissed":false,"providerFamilyConnectionSelections":{},"providerFamilyDomain":"zai","providerFamilyDomainMigrated":true,"nativeSearchEnhancementsEnabled":true,"memoryEnabled":false,"lastWorkspaceSession":[{"kind":"local","workspacePath":"D:\\Playground\\ZCode\\.tmp\\z1-native-1790582855405-f6850e\\workspace","workspacePurpose":"project"},{"kind":"local","workspacePath":"D:\\Playground\\ZCode\\.tmp\\z1-native-1790582855405-f6850e\\data\\.zcode\\workspace\\default","workspacePurpose":"conversation"}],"lastActiveTabIndex":0,"receivePreviewUpdates":false,"autoDownloadAndInstallUpdates":false,"skippedElectronUpdateVersions":{},"settingsSyncFirstRunPromptHandled":true}
[Z1 child] [2026-09-28 16:07:49.175] [pid:20368] [zcode-host] [rpc:call] graphEngineering.getWorkspace OK (48.4ms)
[2026-09-28 16:07:49.176] [pid:19508] [main] [host-log] (local-1) [host] [2026-09-28 16:07:49.175] [pid:20368] [zcode-host] [rpc:call] graphEngineering.getWorkspace OK (48.4ms)
[Z1 child] [2026-09-28 16:07:49.176] [pid:20368] [settingService] reading settings from: D:\Playground\ZCode\.tmp\z1-native-1790582855405-f6850e\home\.zcode\v2\setting.json
[2026-09-28 16:07:49.176] [pid:20368] [settingService] read result: {"recentProjects":[],"locale":"zh-CN","localePreference":"en-US","terminalInheritSystemProfile":true,"embeddedBrowserAllowInsecureCertificates":false,"embeddedBrowserViewportPreference":{"mode":"normal","viewport":{"width":393,"height":852},"zoom":"fit"},"computerUseComposerEntryHidden":true,"taskAutoArchiveEnabled":false,"taskAutoArchiveOlderThanDays":7,"closeToTrayOnWindows":false,"closeToTrayOnWindowsMigrationInitialized":true,"keepAwakeWhileRunning":false,"desktopWindowSize":{"width":1920,"height":1080,"maximized":false},"desktopChromiumHardwareAccelerationEnabled":true,"messageStreamShowReasoning":true,"messageStreamShowReasoningMigrationInitialized":true,"messageStreamShowTodos":false,"toolGroupingExploreEnabled":true,"toolGroupingTerminalEnabled":true,"toolGroupingChangesEnabled":false,"zcodeInteractionBehavior":"queue","askUserQuestionAutoResolutionEnabled":false,"modelIoFullRetentionEnabled":false,"startPlanRecommendationDismissed":false,"providerFamilyConnectionSelections":{},"providerFamilyDomain":"zai","providerFamilyDomainMigrated":true,"nativeSearchEnhancementsEnabled":true,"memoryEnabled":false,"lastWorkspaceSession":[{"kind":"local","workspacePath":"D:\\Playground\\ZCode\\.tmp\\z1-native-1790582855405-f6850e\\workspace","workspacePurpose":"project"},{"kind":"local","workspacePath":"D:\\Playground\\ZCode\\.tmp\\z1-native-1790582855405-f6850e\\data\\.zcode\\workspace\\default","workspacePurpose":"conversation"}],"lastActiveTabIndex":0,"receivePreviewUpdates":false,"autoDownloadAndInstallUpdates":false,"skippedElectronUpdateVersions":{},"settingsSyncFirstRunPromptHandled":true}
[Z1 child] [2026-09-28 16:07:49.177] [pid:20368] [zcode-host] [rpc:call] graphEngineering.getWorkspace OK (8.2ms)
[2026-09-28 16:07:49.178] [pid:19508] [main] [host-log] (local-1) [host] [2026-09-28 16:07:49.177] [pid:20368] [zcode-host] [rpc:call] graphEngineering.getWorkspace OK (8.2ms)
[Z1 child] [2026-09-28 16:07:49.178] [pid:20368] [settingService] reading settings from: D:\Playground\ZCode\.tmp\z1-native-1790582855405-f6850e\home\.zcode\v2\setting.json
[Z1 child] [2026-09-28 16:07:49.178] [pid:20368] [settingService] read result: {"recentProjects":[],"locale":"zh-CN","localePreference":"en-US","terminalInheritSystemProfile":true,"embeddedBrowserAllowInsecureCertificates":false,"embeddedBrowserViewportPreference":{"mode":"normal","viewport":{"width":393,"height":852},"zoom":"fit"},"computerUseComposerEntryHidden":true,"taskAutoArchiveEnabled":false,"taskAutoArchiveOlderThanDays":7,"closeToTrayOnWindows":false,"closeToTrayOnWindowsMigrationInitialized":true,"keepAwakeWhileRunning":false,"desktopWindowSize":{"width":1920,"height":1080,"maximized":false},"desktopChromiumHardwareAccelerationEnabled":true,"messageStreamShowReasoning":true,"messageStreamShowReasoningMigrationInitialized":true,"messageStreamShowTodos":false,"toolGroupingExploreEnabled":true,"toolGroupingTerminalEnabled":true,"toolGroupingChangesEnabled":false,"zcodeInteractionBehavior":"queue","askUserQuestionAutoResolutionEnabled":false,"modelIoFullRetentionEnabled":false,"startPlanRecommendationDismissed":false,"providerFamilyConnectionSelections":{},"providerFamilyDomain":"zai","providerFamilyDomainMigrated":true,"nativeSearchEnhancementsEnabled":true,"memoryEnabled":false,"lastWorkspaceSession":[{"kind":"local","workspacePath":"D:\\Playground\\ZCode\\.tmp\\z1-native-1790582855405-f6850e\\workspace","workspacePurpose":"project"},{"kind":"local","workspacePath":"D:\\Playground\\ZCode\\.tmp\\z1-native-1790582855405-f6850e\\data\\.zcode\\workspace\\default","workspacePurpose":"conversation"}],"lastActiveTabIndex":0,"receivePreviewUpdates":false,"autoDownloadAndInstallUpdates":false,"skippedElectronUpdateVersions":{},"settingsSyncFirstRunPromptHandled":true}
[Z1 child] [2026-09-28 16:07:49.179] [pid:20368] [zcode-host] [rpc:call] graphEngineering.getWorkspace OK (7.6ms)
[2026-09-28 16:07:49.179] [pid:19508] [main] [host-log] (local-1) [host] [2026-09-28 16:07:49.179] [pid:20368] [zcode-host] [rpc:call] graphEngineering.getWorkspace OK (7.6ms)
[Z1 child] [2026-09-28 16:07:49.574] [pid:20368] [cua-pip-session] [cua-pip-session] event delivery dropped {
  eventId: '56f13a84-3d27-407f-be55-5a1c00f5f6f0',
  kind: 'turn-started',
  sequenceNumber: 3,
  sessionId: 'sess_647da79c-b129-458d-891f-483972624a42',
  turnId: 'turn_285ac64c-61fa-4bc8-ac77-eb0a5a1dca0a',
  skipReason: 'service-disabled'
}
[2026-09-28 16:07:49.574] [pid:19508] [main] [host-log] (local-1) [host] [2026-09-28 16:07:49.574] [pid:20368] [cua-pip-session] [cua-pip-session] event delivery dropped {"eventId":"56f13a84-3d27-407f-be55-5a1c00f5f6f0","kind":"turn-started","sequenceNumber":3,"sessionId":"sess_647da79c-b129-458d-891f-483972624a42","turnId":"turn_285ac64c-61fa-4bc8-ac77-eb0a5a1dca0a","skipReason":"service-disabled"}
[Z1 child] [2026-09-28 16:07:49.666] [pid:20368] [settingService] reading settings from: D:\Playground\ZCode\.tmp\z1-native-1790582855405-f6850e\home\.zcode\v2\setting.json
[Z1 child] [2026-09-28 16:07:49.667] [pid:20368] [settingService] read result: {"recentProjects":[],"locale":"zh-CN","localePreference":"en-US","terminalInheritSystemProfile":true,"embeddedBrowserAllowInsecureCertificates":false,"embeddedBrowserViewportPreference":{"mode":"normal","viewport":{"width":393,"height":852},"zoom":"fit"},"computerUseComposerEntryHidden":true,"taskAutoArchiveEnabled":false,"taskAutoArchiveOlderThanDays":7,"closeToTrayOnWindows":false,"closeToTrayOnWindowsMigrationInitialized":true,"keepAwakeWhileRunning":false,"desktopWindowSize":{"width":1920,"height":1080,"maximized":false},"desktopChromiumHardwareAccelerationEnabled":true,"messageStreamShowReasoning":true,"messageStreamShowReasoningMigrationInitialized":true,"messageStreamShowTodos":false,"toolGroupingExploreEnabled":true,"toolGroupingTerminalEnabled":true,"toolGroupingChangesEnabled":false,"zcodeInteractionBehavior":"queue","askUserQuestionAutoResolutionEnabled":false,"modelIoFullRetentionEnabled":false,"startPlanRecommendationDismissed":false,"providerFamilyConnectionSelections":{},"providerFamilyDomain":"zai","providerFamilyDomainMigrated":true,"nativeSearchEnhancementsEnabled":true,"memoryEnabled":false,"lastWorkspaceSession":[{"kind":"local","workspacePath":"D:\\Playground\\ZCode\\.tmp\\z1-native-1790582855405-f6850e\\workspace","workspacePurpose":"project"},{"kind":"local","workspacePath":"D:\\Playground\\ZCode\\.tmp\\z1-native-1790582855405-f6850e\\data\\.zcode\\workspace\\default","workspacePurpose":"conversation"}],"lastActiveTabIndex":0,"receivePreviewUpdates":false,"autoDownloadAndInstallUpdates":false,"skippedElectronUpdateVersions":{},"settingsSyncFirstRunPromptHandled":true}
[Z1 child] [2026-09-28 16:07:49.668] [pid:20368] [zcode-host] [rpc:call] graphEngineering.getWorkspace OK (2.1ms)
[2026-09-28 16:07:49.669] [pid:19508] [main] [host-log] (local-1) [host] [2026-09-28 16:07:49.668] [pid:20368] [zcode-host] [rpc:call] graphEngineering.getWorkspace OK (2.1ms)
[Z1 child] [2026-09-28 16:07:49.683] [pid:20368] [zcode-task-index-syncer] [list-refresh-trace] emitWorkspaceTaskListChanged reason=task_created taskId=sess_647da79c-b129-458d-891f-483972624a42 workspace=D:\Playground\ZCode\.tmp\z1-native-1790582855405-f6850e\workspace hasMeta=true
[Z1 child] [2026-09-28 16:07:49.692] [pid:20368] [zcode-host] [rpc:call] zcode-task.listPinnedTaskIds OK (0.4ms)
[2026-09-28 16:07:49.693] [pid:20368] [zcode-host] [rpc:call] zcode-task.listArchivedTasks OK (0.4ms)
[2026-09-28 16:07:49.693] [pid:19508] [main] [host-log] (local-1) [host] [2026-09-28 16:07:49.692] [pid:20368] [zcode-host] [rpc:call] zcode-task.listPinnedTaskIds OK (0.4ms)
[Z1 child] [2026-09-28 16:07:49.693] [pid:20368] [zcode-host] [rpc:call] zcode-task.listTasks OK (0.3ms)
[2026-09-28 16:07:49.694] [pid:19508] [main] [host-log] (local-1) [host] [2026-09-28 16:07:49.693] [pid:20368] [zcode-host] [rpc:call] zcode-task.listArchivedTasks OK (0.4ms)
[2026-09-28 16:07:49.695] [pid:19508] [main] [host-log] (local-1) [host] [2026-09-28 16:07:49.693] [pid:20368] [zcode-host] [rpc:call] zcode-task.listTasks OK (0.3ms)
[2026-09-28 16:07:49.695] [pid:19508] [main] [host-log] (local-1) [host] [2026-09-28 16:07:49.694] [pid:20368] [zcode-host] [rpc:call] zcode-task.listPinnedTasks OK (0.2ms)
[2026-09-28 16:07:49.695] [pid:19508] [main] [host-log] (local-1) [host] [2026-09-28 16:07:49.694] [pid:20368] [zcode-host] [rpc:call] zcode-task.listDeletedTaskIds OK (0.1ms)
[Z1 child] [2026-09-28 16:07:49.694] [pid:20368] [zcode-host] [rpc:call] zcode-task.listPinnedTasks OK (0.2ms)
[2026-09-28 16:07:49.694] [pid:20368] [zcode-host] [rpc:call] zcode-task.listDeletedTaskIds OK (0.1ms)
[Z1 child] [2026-09-28 16:07:49.696] [pid:20368] [zcode-host] [rpc:call] window-controller.listTaskList OK (0.2ms)
[2026-09-28 16:07:49.697] [pid:19508] [main] [host-log] (local-1) [host] [2026-09-28 16:07:49.696] [pid:20368] [zcode-host] [rpc:call] window-controller.listTaskList OK (0.2ms)
[Z1 child] [2026-09-28 16:07:49.806] [pid:20368] [settingService] reading settings from: D:\Playground\ZCode\.tmp\z1-native-1790582855405-f6850e\home\.zcode\v2\setting.json
[Z1 child] [2026-09-28 16:07:49.807] [pid:20368] [settingService] read result: {"recentProjects":[],"locale":"zh-CN","localePreference":"en-US","terminalInheritSystemProfile":true,"embeddedBrowserAllowInsecureCertificates":false,"embeddedBrowserViewportPreference":{"mode":"normal","viewport":{"width":393,"height":852},"zoom":"fit"},"computerUseComposerEntryHidden":true,"taskAutoArchiveEnabled":false,"taskAutoArchiveOlderThanDays":7,"closeToTrayOnWindows":false,"closeToTrayOnWindowsMigrationInitialized":true,"keepAwakeWhileRunning":false,"desktopWindowSize":{"width":1920,"height":1080,"maximized":false},"desktopChromiumHardwareAccelerationEnabled":true,"messageStreamShowReasoning":true,"messageStreamShowReasoningMigrationInitialized":true,"messageStreamShowTodos":false,"toolGroupingExploreEnabled":true,"toolGroupingTerminalEnabled":true,"toolGroupingChangesEnabled":false,"zcodeInteractionBehavior":"queue","askUserQuestionAutoResolutionEnabled":false,"modelIoFullRetentionEnabled":false,"startPlanRecommendationDismissed":false,"providerFamilyConnectionSelections":{},"providerFamilyDomain":"zai","providerFamilyDomainMigrated":true,"nativeSearchEnhancementsEnabled":true,"memoryEnabled":false,"lastWorkspaceSession":[{"kind":"local","workspacePath":"D:\\Playground\\ZCode\\.tmp\\z1-native-1790582855405-f6850e\\workspace","workspacePurpose":"project"},{"kind":"local","workspacePath":"D:\\Playground\\ZCode\\.tmp\\z1-native-1790582855405-f6850e\\data\\.zcode\\workspace\\default","workspacePurpose":"conversation"}],"lastActiveTabIndex":0,"receivePreviewUpdates":false,"autoDownloadAndInstallUpdates":false,"skippedElectronUpdateVersions":{},"settingsSyncFirstRunPromptHandled":true}
[Z1 child] [2026-09-28 16:07:49.809] [pid:20368] [zcode-host] [rpc:call] graphEngineering.getWorkspace OK (3.3ms)
[2026-09-28 16:07:49.809] [pid:19508] [main] [host-log] (local-1) [host] [2026-09-28 16:07:49.809] [pid:20368] [zcode-host] [rpc:call] graphEngineering.getWorkspace OK (3.3ms)
[2026-09-28 16:07:49.847] [pid:19508] [main] [host-log] (local-1) [host] [2026-09-28 16:07:49.847] [pid:20368] [cua-pip-session] [cua-pip-session] event delivery dropped {"eventId":"194f7586-34a0-49df-9212-f258c53fd7db","kind":"turn-ended","sequenceNumber":33,"sessionId":"sess_647da79c-b129-458d-891f-483972624a42","turnId":"turn_285ac64c-61fa-4bc8-ac77-eb0a5a1dca0a","outcome":"completed","skipReason":"service-disabled"}
[Z1 child] [2026-09-28 16:07:49.847] [pid:20368] [cua-pip-session] [cua-pip-session] event delivery dropped {
  eventId: '194f7586-34a0-49df-9212-f258c53fd7db',
  kind: 'turn-ended',
  sequenceNumber: 33,
  sessionId: 'sess_647da79c-b129-458d-891f-483972624a42',
  turnId: 'turn_285ac64c-61fa-4bc8-ac77-eb0a5a1dca0a',
  outcome: 'completed',
  skipReason: 'service-disabled'
}
[Z1 child] [2026-09-28 16:07:49.851] [pid:20368] [zcode-task-index-syncer] task 终态未读裁决 {
  goalStatus: null,
  phase: 'completedSuccess',
  taskId: 'sess_647da79c-b129-458d-891f-483972624a42',
  unreadSignal: 'background_terminal'
}
[Z1 child] [2026-09-28 16:07:49.852] [pid:20368] [zcode-task-index-syncer] [list-refresh-trace] emitWorkspaceTaskListChanged reason=task_status_changed taskId=sess_647da79c-b129-458d-891f-483972624a42 workspace=D:\Playground\ZCode\.tmp\z1-native-1790582855405-f6850e\workspace hasMeta=true
[Z1 child] [2026-09-28 16:07:49.867] [pid:20368] [settingService] reading settings from: D:\Playground\ZCode\.tmp\z1-native-1790582855405-f6850e\home\.zcode\v2\setting.json
[Z1 child] [2026-09-28 16:07:49.868] [pid:20368] [settingService] read result: {"recentProjects":[],"locale":"zh-CN","localePreference":"en-US","terminalInheritSystemProfile":true,"embeddedBrowserAllowInsecureCertificates":false,"embeddedBrowserViewportPreference":{"mode":"normal","viewport":{"width":393,"height":852},"zoom":"fit"},"computerUseComposerEntryHidden":true,"taskAutoArchiveEnabled":false,"taskAutoArchiveOlderThanDays":7,"closeToTrayOnWindows":false,"closeToTrayOnWindowsMigrationInitialized":true,"keepAwakeWhileRunning":false,"desktopWindowSize":{"width":1920,"height":1080,"maximized":false},"desktopChromiumHardwareAccelerationEnabled":true,"messageStreamShowReasoning":true,"messageStreamShowReasoningMigrationInitialized":true,"messageStreamShowTodos":false,"toolGroupingExploreEnabled":true,"toolGroupingTerminalEnabled":true,"toolGroupingChangesEnabled":false,"zcodeInteractionBehavior":"queue","askUserQuestionAutoResolutionEnabled":false,"modelIoFullRetentionEnabled":false,"startPlanRecommendationDismissed":false,"providerFamilyConnectionSelections":{},"providerFamilyDomain":"zai","providerFamilyDomainMigrated":true,"nativeSearchEnhancementsEnabled":true,"memoryEnabled":false,"lastWorkspaceSession":[{"kind":"local","workspacePath":"D:\\Playground\\ZCode\\.tmp\\z1-native-1790582855405-f6850e\\workspace","workspacePurpose":"project"},{"kind":"local","workspacePath":"D:\\Playground\\ZCode\\.tmp\\z1-native-1790582855405-f6850e\\data\\.zcode\\workspace\\default","workspacePurpose":"conversation"}],"lastActiveTabIndex":0,"receivePreviewUpdates":false,"autoDownloadAndInstallUpdates":false,"skippedElectronUpdateVersions":{},"settingsSyncFirstRunPromptHandled":true}
[Z1 child] [2026-09-28 16:07:49.869] [pid:20368] [zcode-host] [rpc:call] graphEngineering.getWorkspace OK (2.6ms)
[2026-09-28 16:07:49.870] [pid:19508] [main] [host-log] (local-1) [host] [2026-09-28 16:07:49.869] [pid:20368] [zcode-host] [rpc:call] graphEngineering.getWorkspace OK (2.6ms)
[Z1 child] [2026-09-28 16:07:49.895] [pid:20368] [zcode-task-index-syncer] [list-refresh-trace] emitWorkspaceTaskListChanged reason=task_meta_changed taskId=sess_647da79c-b129-458d-891f-483972624a42 workspace=D:\Playground\ZCode\.tmp\z1-native-1790582855405-f6850e\workspace hasMeta=true
[Z1 child] [2026-09-28 16:07:49.896] [pid:20368] [zcode-host] [rpc:call] zcode-task.setTaskUnread OK (2.4ms)
[2026-09-28 16:07:49.897] [pid:19508] [main] [host-log] (local-1) [host] [2026-09-28 16:07:49.896] [pid:20368] [zcode-host] [rpc:call] zcode-task.setTaskUnread OK (2.4ms)
[Z1 child] [2026-09-28 16:07:49.909] [pid:20368] [zcode-task-index-syncer] [list-refresh-trace] emitWorkspaceTaskListChanged reason=task_title_changed taskId=sess_647da79c-b129-458d-891f-483972624a42 workspace=D:\Playground\ZCode\.tmp\z1-native-1790582855405-f6850e\workspace hasMeta=true
[Z1 child] [2026-09-28 16:07:49.916] [pid:20368] [zcode-task-index-syncer] [list-refresh-trace] emitWorkspaceTaskListChanged reason=task_status_changed taskId=sess_647da79c-b129-458d-891f-483972624a42 workspace=D:\Playground\ZCode\.tmp\z1-native-1790582855405-f6850e\workspace hasMeta=true
[Z1 child] [2026-09-28 16:07:49.929] [pid:20368] [zcode-host] [rpc:call] zcode-task.listPinnedTaskIds OK (0.4ms)
[2026-09-28 16:07:49.930] [pid:19508] [main] [host-log] (local-1) [host] [2026-09-28 16:07:49.929] [pid:20368] [zcode-host] [rpc:call] zcode-task.listPinnedTaskIds OK (0.4ms)
[Z1 child] [2026-09-28 16:07:49.933] [pid:20368] [zcode-host] [rpc:call] zcode-task.listArchivedTasks OK (0.5ms)
[2026-09-28 16:07:49.934] [pid:19508] [main] [host-log] (local-1) [host] [2026-09-28 16:07:49.933] [pid:20368] [zcode-host] [rpc:call] zcode-task.listArchivedTasks OK (0.5ms)
[Z1 child] [2026-09-28 16:07:49.936] [pid:20368] [zcode-host] [rpc:call] zcode-task.listTasks OK (1.9ms)
[2026-09-28 16:07:49.937] [pid:19508] [main] [host-log] (local-1) [host] [2026-09-28 16:07:49.936] [pid:20368] [zcode-host] [rpc:call] zcode-task.listTasks OK (1.9ms)
[2026-09-28 16:07:49.937] [pid:19508] [main] [host-log] (local-1) [host] [2026-09-28 16:07:49.937] [pid:20368] [zcode-host] [rpc:call] zcode-task.listPinnedTasks OK (0.3ms)
[2026-09-28 16:07:49.938] [pid:19508] [main] [host-log] (local-1) [host] [2026-09-28 16:07:49.937] [pid:20368] [zcode-host] [rpc:call] zcode-task.listDeletedTaskIds OK (0.1ms)
[Z1 child] [2026-09-28 16:07:49.937] [pid:20368] [zcode-host] [rpc:call] zcode-task.listPinnedTasks OK (0.3ms)
[2026-09-28 16:07:49.937] [pid:20368] [zcode-host] [rpc:call] zcode-task.listDeletedTaskIds OK (0.1ms)
[Z1 child] [2026-09-28 16:07:50.152] [pid:20368] [zcode-agent-service] 开始初始化 ZCode agent {
  workspaceKey: 'D:\\Playground\\ZCode\\.tmp\\z1-native-1790582855405-f6850e\\workspace',
  workspacePath: 'D:\\Playground\\ZCode\\.tmp\\z1-native-1790582855405-f6850e\\workspace'
}
[2026-09-28 16:07:50.153] [pid:19508] [main] [host-log] (local-1) [host] [2026-09-28 16:07:50.152] [pid:20368] [zcode-agent-service] 开始初始化 ZCode agent {"workspaceKey":"D:\\Playground\\ZCode\\.tmp\\z1-native-1790582855405-f6850e\\workspace","workspacePath":"D:\\Playground\\ZCode\\.tmp\\z1-native-1790582855405-f6850e\\workspace"}
[2026-09-28 16:07:50.154] [pid:19508] [main] [host-log] (local-1) [host] [2026-09-28 16:07:50.152] [pid:20368] [zcode-agent-service] ZCode agent 初始化完成 {"durationMs":0,"transportKind":"stdio","workspaceKey":"D:\\Playground\\ZCode\\.tmp\\z1-native-1790582855405-f6850e\\workspace","workspacePath":"D:\\Playground\\ZCode\\.tmp\\z1-native-1790582855405-f6850e\\workspace"}
[2026-09-28 16:07:50.154] [pid:19508] [main] [host-log] (local-1) [host] [2026-09-28 16:07:50.153] [pid:20368] [zcode-session-service][trace:c5d2b74f-f634-4e48-94bd-5279f1b065c0] [zcode-session-service] createSession 分配 session trace {"persistence":"deferred","workspacePath":"D:\\Playground\\ZCode\\.tmp\\z1-native-1790582855405-f6850e\\workspace"}
[2026-09-28 16:07:50.154] [pid:19508] [main] [host-log] (local-1) [host] [2026-09-28 16:07:50.153] [pid:20368] [zcode-agent-service][trace:c5d2b74f-f634-4e48-94bd-5279f1b065c0] 开始请求 ZCode Protocol session/create {"hasInitialModel":true,"hasInitialThoughtLevel":false,"initialModel":"z1-local-fixture/z1-fixture$enabled","mcpServerCount":0,"mcpServerNames":[],"persistence":"deferred","workspaceKey":"D:\\Playground\\ZCode\\.tmp\\z1-native-1790582855405-f6850e\\workspace","workspacePath":"D:\\Playground\\ZCode\\.tmp\\z1-native-1790582855405-f6850e\\workspace"}
[Z1 child] [2026-09-28 16:07:50.152] [pid:20368] [zcode-agent-service] ZCode agent 初始化完成 {
  durationMs: 0,
  transportKind: 'stdio',
  workspaceKey: 'D:\\Playground\\ZCode\\.tmp\\z1-native-1790582855405-f6850e\\workspace',
  workspacePath: 'D:\\Playground\\ZCode\\.tmp\\z1-native-1790582855405-f6850e\\workspace'
}
[2026-09-28 16:07:50.153] [pid:20368] [zcode-session-service][trace:c5d2b74f-f634-4e48-94bd-5279f1b065c0] [zcode-session-service] createSession 分配 session trace {
  persistence: 'deferred',
  workspaceIdentity: undefined,
  workspacePath: 'D:\\Playground\\ZCode\\.tmp\\z1-native-1790582855405-f6850e\\workspace'
}
[2026-09-28 16:07:50.153] [pid:20368] [zcode-agent-service][trace:c5d2b74f-f634-4e48-94bd-5279f1b065c0] 开始请求 ZCode Protocol session/create {
  hasInitialModel: true,
  hasInitialThoughtLevel: false,
  initialModel: 'z1-local-fixture/z1-fixture$enabled',
  mcpServerCount: 0,
  mcpServerNames: [],
  persistence: 'deferred',
  workspaceKey: 'D:\\Playground\\ZCode\\.tmp\\z1-native-1790582855405-f6850e\\workspace',
  workspacePath: 'D:\\Playground\\ZCode\\.tmp\\z1-native-1790582855405-f6850e\\workspace'
}
[2026-09-28 16:07:50.154] [pid:20368] [settingService] reading settings from: D:\Playground\ZCode\.tmp\z1-native-1790582855405-f6850e\home\.zcode\v2\setting.json
[Z1 child] [2026-09-28 16:07:50.155] [pid:20368] [settingService] read result: {"recentProjects":[],"locale":"zh-CN","localePreference":"en-US","terminalInheritSystemProfile":true,"embeddedBrowserAllowInsecureCertificates":false,"embeddedBrowserViewportPreference":{"mode":"normal","viewport":{"width":393,"height":852},"zoom":"fit"},"computerUseComposerEntryHidden":true,"taskAutoArchiveEnabled":false,"taskAutoArchiveOlderThanDays":7,"closeToTrayOnWindows":false,"closeToTrayOnWindowsMigrationInitialized":true,"keepAwakeWhileRunning":false,"desktopWindowSize":{"width":1920,"height":1080,"maximized":false},"desktopChromiumHardwareAccelerationEnabled":true,"messageStreamShowReasoning":true,"messageStreamShowReasoningMigrationInitialized":true,"messageStreamShowTodos":false,"toolGroupingExploreEnabled":true,"toolGroupingTerminalEnabled":true,"toolGroupingChangesEnabled":false,"zcodeInteractionBehavior":"queue","askUserQuestionAutoResolutionEnabled":false,"modelIoFullRetentionEnabled":false,"startPlanRecommendationDismissed":false,"providerFamilyConnectionSelections":{},"providerFamilyDomain":"zai","providerFamilyDomainMigrated":true,"nativeSearchEnhancementsEnabled":true,"memoryEnabled":false,"lastWorkspaceSession":[{"kind":"local","workspacePath":"D:\\Playground\\ZCode\\.tmp\\z1-native-1790582855405-f6850e\\workspace","workspacePurpose":"project"},{"kind":"local","workspacePath":"D:\\Playground\\ZCode\\.tmp\\z1-native-1790582855405-f6850e\\data\\.zcode\\workspace\\default","workspacePurpose":"conversation"}],"lastActiveTabIndex":0,"receivePreviewUpdates":false,"autoDownloadAndInstallUpdates":false,"skippedElectronUpdateVersions":{},"settingsSyncFirstRunPromptHandled":true}
[Z1 child] [2026-09-28 16:07:50.190] [pid:20368] [zcode-agent-service][trace:c5d2b74f-f634-4e48-94bd-5279f1b065c0] ZCode Protocol session/create 完成 {
  durationMs: 37,
  messageCount: 0,
  modelCurrent: 'z1-local-fixture/z1-fixture',
  mcpServerCount: 0,
  persistence: 'deferred',
  sessionId: 'sess_71443bce-3f8c-4019-8699-7f59e22e6c79',
  snapshotTraceId: 'c5d2b74f-f634-4e48-94bd-5279f1b065c0',
  workspaceKey: 'D:\\Playground\\ZCode\\.tmp\\z1-native-1790582855405-f6850e\\workspace',
  workspacePath: 'D:\\Playground\\ZCode\\.tmp\\z1-native-1790582855405-f6850e\\workspace'
}
[2026-09-28 16:07:50.190] [pid:20368] [zcode-session-service][trace:c5d2b74f-f634-4e48-94bd-5279f1b065c0] [zcode-session-service] createSession agent 返回 {
  durationMs: 37,
  mcpServerCount: 0,
  persistence: 'deferred',
  snapshotTraceId: 'c5d2b74f-f634-4e48-94bd-5279f1b065c0',
  sessionId: 'sess_71443bce-3f8c-4019-8699-7f59e22e6c79',
  workspaceIdentity: undefined,
  workspacePath: 'D:\\Playground\\ZCode\\.tmp\\z1-native-1790582855405-f6850e\\workspace'
}
[2026-09-28 16:07:50.191] [pid:19508] [main] [host-log] (local-1) [host] [2026-09-28 16:07:50.190] [pid:20368] [zcode-agent-service][trace:c5d2b74f-f634-4e48-94bd-5279f1b065c0] ZCode Protocol session/create 完成 {"durationMs":37,"messageCount":0,"modelCurrent":"z1-local-fixture/z1-fixture","mcpServerCount":0,"persistence":"deferred","sessionId":"sess_71443bce-3f8c-4019-8699-7f59e22e6c79","snapshotTraceId":"c5d2b74f-f634-4e48-94bd-5279f1b065c0","workspaceKey":"D:\\Playground\\ZCode\\.tmp\\z1-native-1790582855405-f6850e\\workspace","workspacePath":"D:\\Playground\\ZCode\\.tmp\\z1-native-1790582855405-f6850e\\workspace"}
[2026-09-28 16:07:50.192] [pid:19508] [main] [host-log] (local-1) [host] [2026-09-28 16:07:50.190] [pid:20368] [zcode-session-service][trace:c5d2b74f-f634-4e48-94bd-5279f1b065c0] [zcode-session-service] createSession agent 返回 {"durationMs":37,"mcpServerCount":0,"persistence":"deferred","snapshotTraceId":"c5d2b74f-f634-4e48-94bd-5279f1b065c0","sessionId":"sess_71443bce-3f8c-4019-8699-7f59e22e6c79","workspacePath":"D:\\Playground\\ZCode\\.tmp\\z1-native-1790582855405-f6850e\\workspace"}
[2026-09-28 16:07:50.261] [pid:19508] [main] [browser-use] execute start browserId=iab:9775e11c-c9df-4b18-a50f-666e3c70e3f8 sessionId=sess_71443bce-3f8c-4019-8699-7f59e22e6c79 method=list
[2026-09-28 16:07:50.262] [pid:19508] [main] [browser-use] execute requestId=c1c394f0-1e81-488d-8f6b-b1e214ff2e97 browserId=iab:9775e11c-c9df-4b18-a50f-666e3c70e3f8 generation=1790582859932 windowId=1 sessionId=sess_71443bce-3f8c-4019-8699-7f59e22e6c79 method=list
[2026-09-28 16:07:50.262] [pid:19508] [main] [browser-use] execute done sessionId=sess_71443bce-3f8c-4019-8699-7f59e22e6c79 method=list ok=true elapsedMs=0
[2026-09-28 16:07:50.263] [pid:19508] [main] [browser-use] execute start browserId=iab:9775e11c-c9df-4b18-a50f-666e3c70e3f8 sessionId=sess_71443bce-3f8c-4019-8699-7f59e22e6c79 method=listUserTabs
[2026-09-28 16:07:50.263] [pid:19508] [main] [browser-use] execute requestId=eca77198-98bc-439e-b0f0-e094920590ad browserId=iab:9775e11c-c9df-4b18-a50f-666e3c70e3f8 generation=1790582859932 windowId=1 sessionId=sess_71443bce-3f8c-4019-8699-7f59e22e6c79 method=listUserTabs
[2026-09-28 16:07:50.264] [pid:19508] [main] [browser-use] execute done sessionId=sess_71443bce-3f8c-4019-8699-7f59e22e6c79 method=listUserTabs ok=true elapsedMs=0
[Z1 child] [2026-09-28 16:07:50.272] [pid:20368] [settingService] reading settings from: D:\Playground\ZCode\.tmp\z1-native-1790582855405-f6850e\home\.zcode\v2\setting.json
[Z1 child] [2026-09-28 16:07:50.273] [pid:20368] [settingService] read result: {"recentProjects":[],"locale":"zh-CN","localePreference":"en-US","terminalInheritSystemProfile":true,"embeddedBrowserAllowInsecureCertificates":false,"embeddedBrowserViewportPreference":{"mode":"normal","viewport":{"width":393,"height":852},"zoom":"fit"},"computerUseComposerEntryHidden":true,"taskAutoArchiveEnabled":false,"taskAutoArchiveOlderThanDays":7,"closeToTrayOnWindows":false,"closeToTrayOnWindowsMigrationInitialized":true,"keepAwakeWhileRunning":false,"desktopWindowSize":{"width":1920,"height":1080,"maximized":false},"desktopChromiumHardwareAccelerationEnabled":true,"messageStreamShowReasoning":true,"messageStreamShowReasoningMigrationInitialized":true,"messageStreamShowTodos":false,"toolGroupingExploreEnabled":true,"toolGroupingTerminalEnabled":true,"toolGroupingChangesEnabled":false,"zcodeInteractionBehavior":"queue","askUserQuestionAutoResolutionEnabled":false,"modelIoFullRetentionEnabled":false,"startPlanRecommendationDismissed":false,"providerFamilyConnectionSelections":{},"providerFamilyDomain":"zai","providerFamilyDomainMigrated":true,"nativeSearchEnhancementsEnabled":true,"memoryEnabled":false,"lastWorkspaceSession":[{"kind":"local","workspacePath":"D:\\Playground\\ZCode\\.tmp\\z1-native-1790582855405-f6850e\\workspace","workspacePurpose":"project"},{"kind":"local","workspacePath":"D:\\Playground\\ZCode\\.tmp\\z1-native-1790582855405-f6850e\\data\\.zcode\\workspace\\default","workspacePurpose":"conversation"}],"lastActiveTabIndex":0,"receivePreviewUpdates":false,"autoDownloadAndInstallUpdates":false,"skippedElectronUpdateVersions":{},"settingsSyncFirstRunPromptHandled":true}
[Z1 child] [2026-09-28 16:07:50.280] [pid:20368] [settingService] reading settings from: D:\Playground\ZCode\.tmp\z1-native-1790582855405-f6850e\home\.zcode\v2\setting.json
[Z1 child] [2026-09-28 16:07:50.280] [pid:20368] [settingService] read result: {"recentProjects":[],"locale":"zh-CN","localePreference":"en-US","terminalInheritSystemProfile":true,"embeddedBrowserAllowInsecureCertificates":false,"embeddedBrowserViewportPreference":{"mode":"normal","viewport":{"width":393,"height":852},"zoom":"fit"},"computerUseComposerEntryHidden":true,"taskAutoArchiveEnabled":false,"taskAutoArchiveOlderThanDays":7,"closeToTrayOnWindows":false,"closeToTrayOnWindowsMigrationInitialized":true,"keepAwakeWhileRunning":false,"desktopWindowSize":{"width":1920,"height":1080,"maximized":false},"desktopChromiumHardwareAccelerationEnabled":true,"messageStreamShowReasoning":true,"messageStreamShowReasoningMigrationInitialized":true,"messageStreamShowTodos":false,"toolGroupingExploreEnabled":true,"toolGroupingTerminalEnabled":true,"toolGroupingChangesEnabled":false,"zcodeInteractionBehavior":"queue","askUserQuestionAutoResolutionEnabled":false,"modelIoFullRetentionEnabled":false,"startPlanRecommendationDismissed":false,"providerFamilyConnectionSelections":{},"providerFamilyDomain":"zai","providerFamilyDomainMigrated":true,"nativeSearchEnhancementsEnabled":true,"memoryEnabled":false,"lastWorkspaceSession":[{"kind":"local","workspacePath":"D:\\Playground\\ZCode\\.tmp\\z1-native-1790582855405-f6850e\\workspace","workspacePurpose":"project"},{"kind":"local","workspacePath":"D:\\Playground\\ZCode\\.tmp\\z1-native-1790582855405-f6850e\\data\\.zcode\\workspace\\default","workspacePurpose":"conversation"}],"lastActiveTabIndex":0,"receivePreviewUpdates":false,"autoDownloadAndInstallUpdates":false,"skippedElectronUpdateVersions":{},"settingsSyncFirstRunPromptHandled":true}
[Z1 child] [2026-09-28 16:07:50.282] [pid:20368] [zcode-host] [rpc:call] graphEngineering.getWorkspace OK (295.0ms)
[2026-09-28 16:07:50.283] [pid:19508] [main] [host-log] (local-1) [host] [2026-09-28 16:07:50.282] [pid:20368] [zcode-host] [rpc:call] graphEngineering.getWorkspace OK (295.0ms)
[Z1 child] [2026-09-28 16:07:50.283] [pid:20368] [settingService] reading settings from: D:\Playground\ZCode\.tmp\z1-native-1790582855405-f6850e\home\.zcode\v2\setting.json
[Z1 child] [2026-09-28 16:07:50.284] [pid:20368] [settingService] read result: {"recentProjects":[],"locale":"zh-CN","localePreference":"en-US","terminalInheritSystemProfile":true,"embeddedBrowserAllowInsecureCertificates":false,"embeddedBrowserViewportPreference":{"mode":"normal","viewport":{"width":393,"height":852},"zoom":"fit"},"computerUseComposerEntryHidden":true,"taskAutoArchiveEnabled":false,"taskAutoArchiveOlderThanDays":7,"closeToTrayOnWindows":false,"closeToTrayOnWindowsMigrationInitialized":true,"keepAwakeWhileRunning":false,"desktopWindowSize":{"width":1920,"height":1080,"maximized":false},"desktopChromiumHardwareAccelerationEnabled":true,"messageStreamShowReasoning":true,"messageStreamShowReasoningMigrationInitialized":true,"messageStreamShowTodos":false,"toolGroupingExploreEnabled":true,"toolGroupingTerminalEnabled":true,"toolGroupingChangesEnabled":false,"zcodeInteractionBehavior":"queue","askUserQuestionAutoResolutionEnabled":false,"modelIoFullRetentionEnabled":false,"startPlanRecommendationDismissed":false,"providerFamilyConnectionSelections":{},"providerFamilyDomain":"zai","providerFamilyDomainMigrated":true,"nativeSearchEnhancementsEnabled":true,"memoryEnabled":false,"lastWorkspaceSession":[{"kind":"local","workspacePath":"D:\\Playground\\ZCode\\.tmp\\z1-native-1790582855405-f6850e\\workspace","workspacePurpose":"project"},{"kind":"local","workspacePath":"D:\\Playground\\ZCode\\.tmp\\z1-native-1790582855405-f6850e\\data\\.zcode\\workspace\\default","workspacePurpose":"conversation"}],"lastActiveTabIndex":0,"receivePreviewUpdates":false,"autoDownloadAndInstallUpdates":false,"skippedElectronUpdateVersions":{},"settingsSyncFirstRunPromptHandled":true}
[Z1 child] [2026-09-28 16:07:50.285] [pid:20368] [zcode-host] [rpc:call] graphEngineering.getWorkspace OK (133.2ms)
[2026-09-28 16:07:50.286] [pid:19508] [main] [host-log] (local-1) [host] [2026-09-28 16:07:50.285] [pid:20368] [zcode-host] [rpc:call] graphEngineering.getWorkspace OK (133.2ms)
[Z1 child] [2026-09-28 16:07:50.286] [pid:20368] [settingService] reading settings from: D:\Playground\ZCode\.tmp\z1-native-1790582855405-f6850e\home\.zcode\v2\setting.json
[Z1 child] [2026-09-28 16:07:50.286] [pid:20368] [settingService] read result: {"recentProjects":[],"locale":"zh-CN","localePreference":"en-US","terminalInheritSystemProfile":true,"embeddedBrowserAllowInsecureCertificates":false,"embeddedBrowserViewportPreference":{"mode":"normal","viewport":{"width":393,"height":852},"zoom":"fit"},"computerUseComposerEntryHidden":true,"taskAutoArchiveEnabled":false,"taskAutoArchiveOlderThanDays":7,"closeToTrayOnWindows":false,"closeToTrayOnWindowsMigrationInitialized":true,"keepAwakeWhileRunning":false,"desktopWindowSize":{"width":1920,"height":1080,"maximized":false},"desktopChromiumHardwareAccelerationEnabled":true,"messageStreamShowReasoning":true,"messageStreamShowReasoningMigrationInitialized":true,"messageStreamShowTodos":false,"toolGroupingExploreEnabled":true,"toolGroupingTerminalEnabled":true,"toolGroupingChangesEnabled":false,"zcodeInteractionBehavior":"queue","askUserQuestionAutoResolutionEnabled":false,"modelIoFullRetentionEnabled":false,"startPlanRecommendationDismissed":false,"providerFamilyConnectionSelections":{},"providerFamilyDomain":"zai","providerFamilyDomainMigrated":true,"nativeSearchEnhancementsEnabled":true,"memoryEnabled":false,"lastWorkspaceSession":[{"kind":"local","workspacePath":"D:\\Playground\\ZCode\\.tmp\\z1-native-1790582855405-f6850e\\workspace","workspacePurpose":"project"},{"kind":"local","workspacePath":"D:\\Playground\\ZCode\\.tmp\\z1-native-1790582855405-f6850e\\data\\.zcode\\workspace\\default","workspacePurpose":"conversation"}],"lastActiveTabIndex":0,"receivePreviewUpdates":false,"autoDownloadAndInstallUpdates":false,"skippedElectronUpdateVersions":{},"settingsSyncFirstRunPromptHandled":true}
[Z1 child] [2026-09-28 16:07:50.287] [pid:20368] [zcode-host] [rpc:call] graphEngineering.getWorkspace OK (93.1ms)
[2026-09-28 16:07:50.288] [pid:19508] [main] [host-log] (local-1) [host] [2026-09-28 16:07:50.287] [pid:20368] [zcode-host] [rpc:call] graphEngineering.getWorkspace OK (93.1ms)
[Z1 child] [2026-09-28 16:07:50.288] [pid:20368] [settingService] reading settings from: D:\Playground\ZCode\.tmp\z1-native-1790582855405-f6850e\home\.zcode\v2\setting.json
[Z1 child] [2026-09-28 16:07:50.288] [pid:20368] [settingService] read result: {"recentProjects":[],"locale":"zh-CN","localePreference":"en-US","terminalInheritSystemProfile":true,"embeddedBrowserAllowInsecureCertificates":false,"embeddedBrowserViewportPreference":{"mode":"normal","viewport":{"width":393,"height":852},"zoom":"fit"},"computerUseComposerEntryHidden":true,"taskAutoArchiveEnabled":false,"taskAutoArchiveOlderThanDays":7,"closeToTrayOnWindows":false,"closeToTrayOnWindowsMigrationInitialized":true,"keepAwakeWhileRunning":false,"desktopWindowSize":{"width":1920,"height":1080,"maximized":false},"desktopChromiumHardwareAccelerationEnabled":true,"messageStreamShowReasoning":true,"messageStreamShowReasoningMigrationInitialized":true,"messageStreamShowTodos":false,"toolGroupingExploreEnabled":true,"toolGroupingTerminalEnabled":true,"toolGroupingChangesEnabled":false,"zcodeInteractionBehavior":"queue","askUserQuestionAutoResolutionEnabled":false,"modelIoFullRetentionEnabled":false,"startPlanRecommendationDismissed":false,"providerFamilyConnectionSelections":{},"providerFamilyDomain":"zai","providerFamilyDomainMigrated":true,"nativeSearchEnhancementsEnabled":true,"memoryEnabled":false,"lastWorkspaceSession":[{"kind":"local","workspacePath":"D:\\Playground\\ZCode\\.tmp\\z1-native-1790582855405-f6850e\\workspace","workspacePurpose":"project"},{"kind":"local","workspacePath":"D:\\Playground\\ZCode\\.tmp\\z1-native-1790582855405-f6850e\\data\\.zcode\\workspace\\default","workspacePurpose":"conversation"}],"lastActiveTabIndex":0,"receivePreviewUpdates":false,"autoDownloadAndInstallUpdates":false,"skippedElectronUpdateVersions":{},"settingsSyncFirstRunPromptHandled":true}
[Z1 child] [2026-09-28 16:07:50.289] [pid:20368] [zcode-host] [rpc:call] graphEngineering.getWorkspace OK (29.3ms)
[2026-09-28 16:07:50.289] [pid:19508] [main] [host-log] (local-1) [host] [2026-09-28 16:07:50.289] [pid:20368] [zcode-host] [rpc:call] graphEngineering.getWorkspace OK (29.3ms)
[Z1 child] [2026-09-28 16:07:50.290] [pid:20368] [settingService] reading settings from: D:\Playground\ZCode\.tmp\z1-native-1790582855405-f6850e\home\.zcode\v2\setting.json
[Z1 child] [2026-09-28 16:07:50.290] [pid:20368] [settingService] read result: {"recentProjects":[],"locale":"zh-CN","localePreference":"en-US","terminalInheritSystemProfile":true,"embeddedBrowserAllowInsecureCertificates":false,"embeddedBrowserViewportPreference":{"mode":"normal","viewport":{"width":393,"height":852},"zoom":"fit"},"computerUseComposerEntryHidden":true,"taskAutoArchiveEnabled":false,"taskAutoArchiveOlderThanDays":7,"closeToTrayOnWindows":false,"closeToTrayOnWindowsMigrationInitialized":true,"keepAwakeWhileRunning":false,"desktopWindowSize":{"width":1920,"height":1080,"maximized":false},"desktopChromiumHardwareAccelerationEnabled":true,"messageStreamShowReasoning":true,"messageStreamShowReasoningMigrationInitialized":true,"messageStreamShowTodos":false,"toolGroupingExploreEnabled":true,"toolGroupingTerminalEnabled":true,"toolGroupingChangesEnabled":false,"zcodeInteractionBehavior":"queue","askUserQuestionAutoResolutionEnabled":false,"modelIoFullRetentionEnabled":false,"startPlanRecommendationDismissed":false,"providerFamilyConnectionSelections":{},"providerFamilyDomain":"zai","providerFamilyDomainMigrated":true,"nativeSearchEnhancementsEnabled":true,"memoryEnabled":false,"lastWorkspaceSession":[{"kind":"local","workspacePath":"D:\\Playground\\ZCode\\.tmp\\z1-native-1790582855405-f6850e\\workspace","workspacePurpose":"project"},{"kind":"local","workspacePath":"D:\\Playground\\ZCode\\.tmp\\z1-native-1790582855405-f6850e\\data\\.zcode\\workspace\\default","workspacePurpose":"conversation"}],"lastActiveTabIndex":0,"receivePreviewUpdates":false,"autoDownloadAndInstallUpdates":false,"skippedElectronUpdateVersions":{},"settingsSyncFirstRunPromptHandled":true}
[Z1 child] [2026-09-28 16:07:50.291] [pid:20368] [zcode-host] [rpc:call] graphEngineering.getWorkspace OK (10.9ms)
[2026-09-28 16:07:50.291] [pid:19508] [main] [host-log] (local-1) [host] [2026-09-28 16:07:50.291] [pid:20368] [zcode-host] [rpc:call] graphEngineering.getWorkspace OK (10.9ms)
[2026-09-28 16:07:50.678] [pid:19508] [main] [host-log] (local-1) [host] [2026-09-28 16:07:50.677] [pid:20368] [cua-pip-session] [cua-pip-session] event delivery dropped {"eventId":"f385d04a-3851-4b34-8b13-b6cab162aa20","kind":"turn-started","sequenceNumber":3,"sessionId":"sess_71443bce-3f8c-4019-8699-7f59e22e6c79","turnId":"turn_6916a9c1-bd2b-4da6-9edb-954422692413","skipReason":"service-disabled"}
[Z1 child] [2026-09-28 16:07:50.677] [pid:20368] [cua-pip-session] [cua-pip-session] event delivery dropped {
  eventId: 'f385d04a-3851-4b34-8b13-b6cab162aa20',
  kind: 'turn-started',
  sequenceNumber: 3,
  sessionId: 'sess_71443bce-3f8c-4019-8699-7f59e22e6c79',
  turnId: 'turn_6916a9c1-bd2b-4da6-9edb-954422692413',
  skipReason: 'service-disabled'
}
[Z1 child] [2026-09-28 16:07:50.718] [pid:20368] [settingService] reading settings from: D:\Playground\ZCode\.tmp\z1-native-1790582855405-f6850e\home\.zcode\v2\setting.json
[Z1 child] [2026-09-28 16:07:50.719] [pid:20368] [settingService] read result: {"recentProjects":[],"locale":"zh-CN","localePreference":"en-US","terminalInheritSystemProfile":true,"embeddedBrowserAllowInsecureCertificates":false,"embeddedBrowserViewportPreference":{"mode":"normal","viewport":{"width":393,"height":852},"zoom":"fit"},"computerUseComposerEntryHidden":true,"taskAutoArchiveEnabled":false,"taskAutoArchiveOlderThanDays":7,"closeToTrayOnWindows":false,"closeToTrayOnWindowsMigrationInitialized":true,"keepAwakeWhileRunning":false,"desktopWindowSize":{"width":1920,"height":1080,"maximized":false},"desktopChromiumHardwareAccelerationEnabled":true,"messageStreamShowReasoning":true,"messageStreamShowReasoningMigrationInitialized":true,"messageStreamShowTodos":false,"toolGroupingExploreEnabled":true,"toolGroupingTerminalEnabled":true,"toolGroupingChangesEnabled":false,"zcodeInteractionBehavior":"queue","askUserQuestionAutoResolutionEnabled":false,"modelIoFullRetentionEnabled":false,"startPlanRecommendationDismissed":false,"providerFamilyConnectionSelections":{},"providerFamilyDomain":"zai","providerFamilyDomainMigrated":true,"nativeSearchEnhancementsEnabled":true,"memoryEnabled":false,"lastWorkspaceSession":[{"kind":"local","workspacePath":"D:\\Playground\\ZCode\\.tmp\\z1-native-1790582855405-f6850e\\workspace","workspacePurpose":"project"},{"kind":"local","workspacePath":"D:\\Playground\\ZCode\\.tmp\\z1-native-1790582855405-f6850e\\data\\.zcode\\workspace\\default","workspacePurpose":"conversation"}],"lastActiveTabIndex":0,"receivePreviewUpdates":false,"autoDownloadAndInstallUpdates":false,"skippedElectronUpdateVersions":{},"settingsSyncFirstRunPromptHandled":true}
[Z1 child] [2026-09-28 16:07:50.719] [pid:20368] [zcode-host] [rpc:call] graphEngineering.getWorkspace OK (1.7ms)
[2026-09-28 16:07:50.720] [pid:19508] [main] [host-log] (local-1) [host] [2026-09-28 16:07:50.719] [pid:20368] [zcode-host] [rpc:call] graphEngineering.getWorkspace OK (1.7ms)
[Z1 child] [2026-09-28 16:07:50.742] [pid:20368] [zcode-task-index-syncer] [list-refresh-trace] emitWorkspaceTaskListChanged reason=task_created taskId=sess_71443bce-3f8c-4019-8699-7f59e22e6c79 workspace=D:\Playground\ZCode\.tmp\z1-native-1790582855405-f6850e\workspace hasMeta=true
[Z1 child] [2026-09-28 16:07:50.760] [pid:20368] [zcode-host] [rpc:call] zcode-task.listPinnedTaskIds OK (0.2ms)
[2026-09-28 16:07:50.760] [pid:19508] [main] [host-log] (local-1) [host] [2026-09-28 16:07:50.760] [pid:20368] [zcode-host] [rpc:call] zcode-task.listPinnedTaskIds OK (0.2ms)
[Z1 child] [2026-09-28 16:07:50.760] [pid:20368] [zcode-host] [rpc:call] zcode-task.listArchivedTasks OK (0.1ms)
[2026-09-28 16:07:50.760] [pid:20368] [zcode-host] [rpc:call] zcode-task.listTasks OK (0.3ms)
[2026-09-28 16:07:50.761] [pid:20368] [zcode-host] [rpc:call] zcode-task.listPinnedTasks OK (0.2ms)
[2026-09-28 16:07:50.761] [pid:19508] [main] [host-log] (local-1) [host] [2026-09-28 16:07:50.760] [pid:20368] [zcode-host] [rpc:call] zcode-task.listArchivedTasks OK (0.1ms)
[2026-09-28 16:07:50.762] [pid:19508] [main] [host-log] (local-1) [host] [2026-09-28 16:07:50.760] [pid:20368] [zcode-host] [rpc:call] zcode-task.listTasks OK (0.3ms)
[2026-09-28 16:07:50.762] [pid:19508] [main] [host-log] (local-1) [host] [2026-09-28 16:07:50.761] [pid:20368] [zcode-host] [rpc:call] zcode-task.listPinnedTasks OK (0.2ms)
[2026-09-28 16:07:50.763] [pid:19508] [main] [host-log] (local-1) [host] [2026-09-28 16:07:50.761] [pid:20368] [zcode-host] [rpc:call] zcode-task.listDeletedTaskIds OK (0.1ms)
[Z1 child] [2026-09-28 16:07:50.761] [pid:20368] [zcode-host] [rpc:call] zcode-task.listDeletedTaskIds OK (0.1ms)
[2026-09-28 16:07:50.762] [pid:20368] [zcode-host] [rpc:call] window-controller.listTaskList OK (0.1ms)
[2026-09-28 16:07:50.763] [pid:19508] [main] [host-log] (local-1) [host] [2026-09-28 16:07:50.762] [pid:20368] [zcode-host] [rpc:call] window-controller.listTaskList OK (0.1ms)
[Z1 child] [2026-09-28 16:07:50.789] [pid:20368] [settingService] reading settings from: D:\Playground\ZCode\.tmp\z1-native-1790582855405-f6850e\home\.zcode\v2\setting.json
[Z1 child] [2026-09-28 16:07:50.791] [pid:20368] [settingService] read result: {"recentProjects":[],"locale":"zh-CN","localePreference":"en-US","terminalInheritSystemProfile":true,"embeddedBrowserAllowInsecureCertificates":false,"embeddedBrowserViewportPreference":{"mode":"normal","viewport":{"width":393,"height":852},"zoom":"fit"},"computerUseComposerEntryHidden":true,"taskAutoArchiveEnabled":false,"taskAutoArchiveOlderThanDays":7,"closeToTrayOnWindows":false,"closeToTrayOnWindowsMigrationInitialized":true,"keepAwakeWhileRunning":false,"desktopWindowSize":{"width":1920,"height":1080,"maximized":false},"desktopChromiumHardwareAccelerationEnabled":true,"messageStreamShowReasoning":true,"messageStreamShowReasoningMigrationInitialized":true,"messageStreamShowTodos":false,"toolGroupingExploreEnabled":true,"toolGroupingTerminalEnabled":true,"toolGroupingChangesEnabled":false,"zcodeInteractionBehavior":"queue","askUserQuestionAutoResolutionEnabled":false,"modelIoFullRetentionEnabled":false,"startPlanRecommendationDismissed":false,"providerFamilyConnectionSelections":{},"providerFamilyDomain":"zai","providerFamilyDomainMigrated":true,"nativeSearchEnhancementsEnabled":true,"memoryEnabled":false,"lastWorkspaceSession":[{"kind":"local","workspacePath":"D:\\Playground\\ZCode\\.tmp\\z1-native-1790582855405-f6850e\\workspace","workspacePurpose":"project"},{"kind":"local","workspacePath":"D:\\Playground\\ZCode\\.tmp\\z1-native-1790582855405-f6850e\\data\\.zcode\\workspace\\default","workspacePurpose":"conversation"}],"lastActiveTabIndex":0,"receivePreviewUpdates":false,"autoDownloadAndInstallUpdates":false,"skippedElectronUpdateVersions":{},"settingsSyncFirstRunPromptHandled":true}
[Z1 child] [2026-09-28 16:07:50.792] [pid:20368] [zcode-host] [rpc:call] graphEngineering.getWorkspace OK (3.5ms)
[2026-09-28 16:07:50.793] [pid:19508] [main] [host-log] (local-1) [host] [2026-09-28 16:07:50.792] [pid:20368] [zcode-host] [rpc:call] graphEngineering.getWorkspace OK (3.5ms)
[Z1 child] [2026-09-28 16:07:50.866] [pid:20368] [settingService] reading settings from: D:\Playground\ZCode\.tmp\z1-native-1790582855405-f6850e\home\.zcode\v2\setting.json
[Z1 child] [2026-09-28 16:07:50.869] [pid:20368] [settingService] read result: {"recentProjects":[],"locale":"zh-CN","localePreference":"en-US","terminalInheritSystemProfile":true,"embeddedBrowserAllowInsecureCertificates":false,"embeddedBrowserViewportPreference":{"mode":"normal","viewport":{"width":393,"height":852},"zoom":"fit"},"computerUseComposerEntryHidden":true,"taskAutoArchiveEnabled":false,"taskAutoArchiveOlderThanDays":7,"closeToTrayOnWindows":false,"closeToTrayOnWindowsMigrationInitialized":true,"keepAwakeWhileRunning":false,"desktopWindowSize":{"width":1920,"height":1080,"maximized":false},"desktopChromiumHardwareAccelerationEnabled":true,"messageStreamShowReasoning":true,"messageStreamShowReasoningMigrationInitialized":true,"messageStreamShowTodos":false,"toolGroupingExploreEnabled":true,"toolGroupingTerminalEnabled":true,"toolGroupingChangesEnabled":false,"zcodeInteractionBehavior":"queue","askUserQuestionAutoResolutionEnabled":false,"modelIoFullRetentionEnabled":false,"startPlanRecommendationDismissed":false,"providerFamilyConnectionSelections":{},"providerFamilyDomain":"zai","providerFamilyDomainMigrated":true,"nativeSearchEnhancementsEnabled":true,"memoryEnabled":false,"lastWorkspaceSession":[{"kind":"local","workspacePath":"D:\\Playground\\ZCode\\.tmp\\z1-native-1790582855405-f6850e\\workspace","workspacePurpose":"project"},{"kind":"local","workspacePath":"D:\\Playground\\ZCode\\.tmp\\z1-native-1790582855405-f6850e\\data\\.zcode\\workspace\\default","workspacePurpose":"conversation"}],"lastActiveTabIndex":0,"receivePreviewUpdates":false,"autoDownloadAndInstallUpdates":false,"skippedElectronUpdateVersions":{},"settingsSyncFirstRunPromptHandled":true}
[Z1 child] [2026-09-28 16:07:50.870] [pid:20368] [zcode-host] [rpc:call] graphEngineering.getWorkspace OK (3.6ms)
[2026-09-28 16:07:50.870] [pid:19508] [main] [host-log] (local-1) [host] [2026-09-28 16:07:50.870] [pid:20368] [zcode-host] [rpc:call] graphEngineering.getWorkspace OK (3.6ms)
[Z1 child] [2026-09-28 16:07:51.158] [pid:20368] [cua-pip-session] [cua-pip-session] event delivery dropped {
  kind: 'focus-changed',
  revision: 4,
  sessionId: 'sess_71443bce-3f8c-4019-8699-7f59e22e6c79',
  sourceWindowId: 'window-1',
  skipReason: 'service-disabled'
}
[2026-09-28 16:07:51.159] [pid:19508] [main] [host-log] (local-1) [host] [2026-09-28 16:07:51.158] [pid:20368] [cua-pip-session] [cua-pip-session] event delivery dropped {"kind":"focus-changed","revision":4,"sessionId":"sess_71443bce-3f8c-4019-8699-7f59e22e6c79","sourceWindowId":"window-1","skipReason":"service-disabled"}
[2026-09-28 16:07:51.167] [pid:19508] [renderer] v4 workspace connection reused {
  event: 'v4.workspace_connection.reused',
  isRemote: false,
  key: '__base__ D:\\Playground\\ZCode\\.tmp\\z1-native-1790582855405-f6850e\\workspace',
  module: 'ui.v4.workspace_connection_registry',
  refCount: 1,
  serviceGeneration: 1,
  status: 'completed'
}
INFO: Could not find files for the given pattern(s).
INFO: Could not find files for the given pattern(s).
[Z1 child] [2026-09-28 16:07:51.198] [pid:20368] [zcode-host] [rpc:call] zcode-task.getTaskSessionFilePath OK (0.1ms)
[2026-09-28 16:07:51.199] [pid:20368] [zcode-host] [rpc:call] zcode-task.getTaskNativeSessionLogFile OK (0.4ms)
[2026-09-28 16:07:51.199] [pid:20368] [settingService] reading settings from: D:\Playground\ZCode\.tmp\z1-native-1790582855405-f6850e\home\.zcode\v2\setting.json
[2026-09-28 16:07:51.200] [pid:20368] [settingService] read result: {"recentProjects":[],"locale":"zh-CN","localePreference":"en-US","terminalInheritSystemProfile":true,"embeddedBrowserAllowInsecureCertificates":false,"embeddedBrowserViewportPreference":{"mode":"normal","viewport":{"width":393,"height":852},"zoom":"fit"},"computerUseComposerEntryHidden":true,"taskAutoArchiveEnabled":false,"taskAutoArchiveOlderThanDays":7,"closeToTrayOnWindows":false,"closeToTrayOnWindowsMigrationInitialized":true,"keepAwakeWhileRunning":false,"desktopWindowSize":{"width":1920,"height":1080,"maximized":false},"desktopChromiumHardwareAccelerationEnabled":true,"messageStreamShowReasoning":true,"messageStreamShowReasoningMigrationInitialized":true,"messageStreamShowTodos":false,"toolGroupingExploreEnabled":true,"toolGroupingTerminalEnabled":true,"toolGroupingChangesEnabled":false,"zcodeInteractionBehavior":"queue","askUserQuestionAutoResolutionEnabled":false,"modelIoFullRetentionEnabled":false,"startPlanRecommendationDismissed":false,"providerFamilyConnectionSelections":{},"providerFamilyDomain":"zai","providerFamilyDomainMigrated":true,"nativeSearchEnhancementsEnabled":true,"memoryEnabled":false,"lastWorkspaceSession":[{"kind":"local","workspacePath":"D:\\Playground\\ZCode\\.tmp\\z1-native-1790582855405-f6850e\\workspace","workspacePurpose":"project"},{"kind":"local","workspacePath":"D:\\Playground\\ZCode\\.tmp\\z1-native-1790582855405-f6850e\\data\\.zcode\\workspace\\default","workspacePurpose":"conversation"}],"lastActiveTabIndex":0,"receivePreviewUpdates":false,"autoDownloadAndInstallUpdates":false,"skippedElectronUpdateVersions":{},"settingsSyncFirstRunPromptHandled":true}
[2026-09-28 16:07:51.200] [pid:20368] [zcode-host] [rpc:call] setting.get OK (0.8ms)
[2026-09-28 16:07:51.200] [pid:20368] [zcode-host] [rpc:listen] zcode-agent.onAgentRuntimeLifecycle subscribed
[2026-09-28 16:07:51.200] [pid:20368] [zcode-host] [rpc:listen] graphEngineering.onDidChange subscribed
[2026-09-28 16:07:51.201] [pid:20368] [zcode-host] [rpc:call] graphEngineering.isSessionOwned OK (0.1ms)
[2026-09-28 16:07:51.201] [pid:20368] [zcode-host] [rpc:listen] model-selection.onDidChange subscribed
[2026-09-28 16:07:51.201] [pid:20368] [zcode-host] [rpc:listen] zcode-agent.onAgentRuntimeRestarted subscribed
[2026-09-28 16:07:51.202] [pid:20368] [zcode-host] [rpc:call] model-selection.getView OK (0.8ms)
[2026-09-28 16:07:51.202] [pid:20368] [zcode-host] [rpc:call] zcode-task.getTaskNativeSessionLogFile OK (0.1ms)
[2026-09-28 16:07:51.202] [pid:20368] [zcode-host] [rpc:call] zcode-task.getTaskSessionFilePath OK (0.0ms)
[2026-09-28 16:07:51.221] [pid:20368] [zcode-host] [rpc:call] zcode-agent.conversationWorkflowRunsV4 OK (2.0ms)
[2026-09-28 16:07:51.222] [pid:20368] [zcode-host] [rpc:call] zcode-agent.subscribeConversationV4 OK (2.4ms)
[2026-09-28 16:07:51.310] [pid:20368] [zcode-host] [rpc:listen] model-selection.onDidChange subscribed
[2026-09-28 16:07:51.311] [pid:20368] [zcode-host] [rpc:call] model-selection.getView OK (1.1ms)
[2026-09-28 16:07:51.327] [pid:20368] [zcode-host] [rpc:call] zcode-agent.conversationPlansV4 OK (1.7ms)
[2026-09-28 16:07:51.626] [pid:19508] [main] [host-log] (local-1) [host] [2026-09-28 16:07:51.198] [pid:20368] [zcode-host] [rpc:call] zcode-task.getTaskSessionFilePath OK (0.1ms)
[2026-09-28 16:07:51.626] [pid:19508] [renderer] v4 conversation store connect started {
  event: 'v4.conversation.store.connect.started',
  generation: 1,
  hasBase: false,
  module: 'ui.v4.conversation_projection_store',
  status: 'started',
  topic: 'conversation/sess_71443bce-3f8c-4019-8699-7f59e22e6c79'
}
[2026-09-28 16:07:51.627] [pid:19508] [renderer] v4 conversation subscription started {
  workspaceKey: 'D:\\Playground\\ZCode\\.tmp\\z1-native-1790582855405-f6850e\\workspace',
  workspacePath: 'D:\\Playground\\ZCode\\.tmp\\z1-native-1790582855405-f6850e\\workspace',
  event: 'v4.conversation.subscribe.started',
  module: 'ui.v4.conversation_transport',
  runtimeGeneration: 0,
  sessionId: 'sess_71443bce-3f8c-4019-8699-7f59e22e6c79',
  status: 'started',
  topic: 'conversation/sess_71443bce-3f8c-4019-8699-7f59e22e6c79'
}
[2026-09-28 16:07:51.627] [pid:19508] [renderer] v4 session data lease acquired {
  event: 'v4.session_data.acquire',
  keepWarm: false,
  module: 'ui.v4.session_data_layer',
  openKind: 'cold',
  refCount: 1,
  sessionId: 'sess_71443bce-3f8c-4019-8699-7f59e22e6c79',
  status: 'completed',
  topic: 'conversation/sess_71443bce-3f8c-4019-8699-7f59e22e6c79'
}
[2026-09-28 16:07:51.628] [pid:19508] [renderer] v4 conversation subscription acknowledged {
  workspaceKey: 'D:\\Playground\\ZCode\\.tmp\\z1-native-1790582855405-f6850e\\workspace',
  workspacePath: 'D:\\Playground\\ZCode\\.tmp\\z1-native-1790582855405-f6850e\\workspace',
  durationMs: 28,
  event: 'v4.conversation.subscribe.acknowledged',
  module: 'ui.v4.conversation_transport',
  runtimeGeneration: 0,
  sessionId: 'sess_71443bce-3f8c-4019-8699-7f59e22e6c79',
  status: 'completed',
  subscriptionId: 'sub-mukyt50z-zxtplyzw-2',
  topic: 'conversation/sess_71443bce-3f8c-4019-8699-7f59e22e6c79'
}
[2026-09-28 16:07:51.628] [pid:19508] [renderer] v4 conversation subscription activated {
  workspaceKey: 'D:\\Playground\\ZCode\\.tmp\\z1-native-1790582855405-f6850e\\workspace',
  workspacePath: 'D:\\Playground\\ZCode\\.tmp\\z1-native-1790582855405-f6850e\\workspace',
  event: 'v4.conversation.subscribe.activated',
  module: 'ui.v4.conversation_transport',
  runtimeGeneration: 0,
  status: 'completed',
  subscriptionId: 'sub-mukyt50z-zxtplyzw-2',
  topic: 'conversation/sess_71443bce-3f8c-4019-8699-7f59e22e6c79'
}
[2026-09-28 16:07:51.628] [pid:19508] [renderer] v4 conversation store connect completed {
  durationMs: 28,
  event: 'v4.conversation.store.connect.completed',
  generation: 1,
  logEpoch: 'mukyt50z-zxtplyzw',
  mode: 'snapshot',
  module: 'ui.v4.conversation_projection_store',
  status: 'completed',
  subscriptionId: 'sub-mukyt50z-zxtplyzw-2',
  topic: 'conversation/sess_71443bce-3f8c-4019-8699-7f59e22e6c79'
}
[2026-09-28 16:07:51.629] [pid:19508] [main] [host-log] (local-1) [host] [2026-09-28 16:07:51.199] [pid:20368] [zcode-host] [rpc:call] zcode-task.getTaskNativeSessionLogFile OK (0.4ms)
[2026-09-28 16:07:51.630] [pid:19508] [main] [host-log] (local-1) [host] [2026-09-28 16:07:51.200] [pid:20368] [zcode-host] [rpc:call] setting.get OK (0.8ms)
[2026-09-28 16:07:51.630] [pid:19508] [main] [host-log] (local-1) [host] [2026-09-28 16:07:51.200] [pid:20368] [zcode-host] [rpc:listen] zcode-agent.onAgentRuntimeLifecycle subscribed
[2026-09-28 16:07:51.631] [pid:19508] [main] [host-log] (local-1) [host] [2026-09-28 16:07:51.200] [pid:20368] [zcode-host] [rpc:listen] graphEngineering.onDidChange subscribed
[2026-09-28 16:07:51.631] [pid:19508] [main] [host-log] (local-1) [host] [2026-09-28 16:07:51.201] [pid:20368] [zcode-host] [rpc:call] graphEngineering.isSessionOwned OK (0.1ms)
[2026-09-28 16:07:51.634] [pid:19508] [main] [host-log] (local-1) [host] [2026-09-28 16:07:51.201] [pid:20368] [zcode-host] [rpc:listen] model-selection.onDidChange subscribed
[2026-09-28 16:07:51.635] [pid:19508] [main] [host-log] (local-1) [host] [2026-09-28 16:07:51.201] [pid:20368] [zcode-host] [rpc:listen] zcode-agent.onAgentRuntimeRestarted subscribed
[2026-09-28 16:07:51.635] [pid:19508] [main] [host-log] (local-1) [host] [2026-09-28 16:07:51.202] [pid:20368] [zcode-host] [rpc:call] model-selection.getView OK (0.8ms)
[2026-09-28 16:07:51.636] [pid:19508] [main] [host-log] (local-1) [host] [2026-09-28 16:07:51.202] [pid:20368] [zcode-host] [rpc:call] zcode-task.getTaskNativeSessionLogFile OK (0.1ms)
[2026-09-28 16:07:51.636] [pid:19508] [main] [host-log] (local-1) [host] [2026-09-28 16:07:51.202] [pid:20368] [zcode-host] [rpc:call] zcode-task.getTaskSessionFilePath OK (0.0ms)
[2026-09-28 16:07:51.637] [pid:19508] [main] [host-log] (local-1) [host] [2026-09-28 16:07:51.221] [pid:20368] [zcode-host] [rpc:call] zcode-agent.conversationWorkflowRunsV4 OK (2.0ms)
[2026-09-28 16:07:51.637] [pid:19508] [main] [host-log] (local-1) [host] [2026-09-28 16:07:51.222] [pid:20368] [zcode-host] [rpc:call] zcode-agent.subscribeConversationV4 OK (2.4ms)
[2026-09-28 16:07:51.638] [pid:19508] [main] [host-log] (local-1) [host] [2026-09-28 16:07:51.310] [pid:20368] [zcode-host] [rpc:listen] model-selection.onDidChange subscribed
[2026-09-28 16:07:51.638] [pid:19508] [main] [host-log] (local-1) [host] [2026-09-28 16:07:51.311] [pid:20368] [zcode-host] [rpc:call] model-selection.getView OK (1.1ms)
[2026-09-28 16:07:51.638] [pid:19508] [main] [host-log] (local-1) [host] [2026-09-28 16:07:51.327] [pid:20368] [zcode-host] [rpc:call] zcode-agent.conversationPlansV4 OK (1.7ms)
[Z1 child] [2026-09-28 16:07:51.630] [pid:20368] [settingService] reading settings from: D:\Playground\ZCode\.tmp\z1-native-1790582855405-f6850e\home\.zcode\v2\setting.json
[2026-09-28 16:07:51.631] [pid:20368] [settingService] read result: {"recentProjects":[],"locale":"zh-CN","localePreference":"en-US","terminalInheritSystemProfile":true,"embeddedBrowserAllowInsecureCertificates":false,"embeddedBrowserViewportPreference":{"mode":"normal","viewport":{"width":393,"height":852},"zoom":"fit"},"computerUseComposerEntryHidden":true,"taskAutoArchiveEnabled":false,"taskAutoArchiveOlderThanDays":7,"closeToTrayOnWindows":false,"closeToTrayOnWindowsMigrationInitialized":true,"keepAwakeWhileRunning":false,"desktopWindowSize":{"width":1920,"height":1080,"maximized":false},"desktopChromiumHardwareAccelerationEnabled":true,"messageStreamShowReasoning":true,"messageStreamShowReasoningMigrationInitialized":true,"messageStreamShowTodos":false,"toolGroupingExploreEnabled":true,"toolGroupingTerminalEnabled":true,"toolGroupingChangesEnabled":false,"zcodeInteractionBehavior":"queue","askUserQuestionAutoResolutionEnabled":false,"modelIoFullRetentionEnabled":false,"startPlanRecommendationDismissed":false,"providerFamilyConnectionSelections":{},"providerFamilyDomain":"zai","providerFamilyDomainMigrated":true,"nativeSearchEnhancementsEnabled":true,"memoryEnabled":false,"lastWorkspaceSession":[{"kind":"local","workspacePath":"D:\\Playground\\ZCode\\.tmp\\z1-native-1790582855405-f6850e\\workspace","workspacePurpose":"project"},{"kind":"local","workspacePath":"D:\\Playground\\ZCode\\.tmp\\z1-native-1790582855405-f6850e\\data\\.zcode\\workspace\\default","workspacePurpose":"conversation"}],"lastActiveTabIndex":0,"receivePreviewUpdates":false,"autoDownloadAndInstallUpdates":false,"skippedElectronUpdateVersions":{},"settingsSyncFirstRunPromptHandled":true}
[2026-09-28 16:07:51.631] [pid:20368] [settingService] writing settings to: D:\Playground\ZCode\.tmp\z1-native-1790582855405-f6850e\home\.zcode\v2\setting.json {"recentProjects":[],"locale":"zh-CN","localePreference":"en-US","terminalInheritSystemProfile":true,"embeddedBrowserAllowInsecureCertificates":false,"embeddedBrowserViewportPreference":{"mode":"normal","viewport":{"width":393,"height":852},"zoom":"fit"},"computerUseComposerEntryHidden":true,"taskAutoArchiveEnabled":false,"taskAutoArchiveOlderThanDays":7,"closeToTrayOnWindows":false,"closeToTrayOnWindowsMigrationInitialized":true,"keepAwakeWhileRunning":false,"desktopWindowSize":{"width":1920,"height":1080,"maximized":false},"desktopChromiumHardwareAccelerationEnabled":true,"messageStreamShowReasoning":true,"messageStreamShowReasoningMigrationInitialized":true,"messageStreamShowTodos":false,"toolGroupingExploreEnabled":true,"toolGroupingTerminalEnabled":true,"toolGroupingChangesEnabled":false,"zcodeInteractionBehavior":"queue","askUserQuestionAutoResolutionEnabled":false,"modelIoFullRetentionEnabled":false,"startPlanRecommendationDismissed":false,"providerFamilyConnectionSelections":{},"providerFamilyDomain":"zai","providerFamilyDomainMigrated":true,"nativeSearchEnhancementsEnabled":true,"memoryEnabled":false,"lastWorkspaceSession":[{"kind":"local","workspacePath":"D:\\Playground\\ZCode\\.tmp\\z1-native-1790582855405-f6850e\\workspace","workspacePurpose":"project"},{"kind":"local","workspacePath":"D:\\Playground\\ZCode\\.tmp\\z1-native-1790582855405-f6850e\\data\\.zcode\\workspace\\default","workspacePurpose":"conversation"}],"lastActiveTabIndex":0,"receivePreviewUpdates":false,"autoDownloadAndInstallUpdates":false,"skippedElectronUpdateVersions":{},"settingsSyncFirstRunPromptHandled":true}
[2026-09-28 16:07:51.638] [pid:20368] [settingService] write done
[2026-09-28 16:07:51.639] [pid:20368] [zcode-host] [rpc:call] setting.update OK (9.1ms)
[2026-09-28 16:07:51.640] [pid:19508] [main] [host-log] (local-1) [host] [2026-09-28 16:07:51.631] [pid:20368] [settingService] writing settings to: D:\Playground\ZCode\.tmp\z1-native-1790582855405-f6850e\home\.zcode\v2\setting.json {"recentProjects":[],"locale":"zh-CN","localePreference":"en-US","terminalInheritSystemProfile":true,"embeddedBrowserAllowInsecureCertificates":false,"embeddedBrowserViewportPreference":{"mode":"normal","viewport":{"width":393,"height":852},"zoom":"fit"},"computerUseComposerEntryHidden":true,"taskAutoArchiveEnabled":false,"taskAutoArchiveOlderThanDays":7,"closeToTrayOnWindows":false,"closeToTrayOnWindowsMigrationInitialized":true,"keepAwakeWhileRunning":false,"desktopWindowSize":{"width":1920,"height":1080,"maximized":false},"desktopChromiumHardwareAccelerationEnabled":true,"messageStreamShowReasoning":true,"messageStreamShowReasoningMigrationInitialized":true,"messageStreamShowTodos":false,"toolGroupingExploreEnabled":true,"toolGroupingTerminalEnabled":true,"toolGroupingChangesEnabled":false,"zcodeInteractionBehavior":"queue","askUserQuestionAutoResolutionEnabled":false,"modelIoFullRetentionEnabled":false,"startPlanRecommendationDismissed":false,"providerFamilyConnectionSelections":{},"providerFamilyDomain":"zai","providerFamilyDomainMigrated":true,"nativeSearchEnhancementsEnabled":true,"memoryEnabled":false,"lastWorkspaceSession":[{"kind":"local","workspacePath":"D:\\Playground\\ZCode\\.tmp\\z1-native-1790582855405-f6850e\\workspace","workspacePurpose":"project"},{"kind":"local","workspacePath":"D:\\Playground\\ZCode\\.tmp\\z1-native-1790582855405-f6850e\\data\\.zcode\\workspace\\default","workspacePurpose":"conversation"}],"lastActiveTabIndex":0,"receivePreviewUpdates":false,"autoDownloadAndInstallUpdates":false,"skippedElectronUpdateVersions":{},"settingsSyncFirstRunPromptHandled":true}
[2026-09-28 16:07:51.641] [pid:19508] [main] [host-log] (local-1) [host] [2026-09-28 16:07:51.638] [pid:20368] [settingService] write done
[2026-09-28 16:07:51.641] [pid:19508] [main] [host-log] (local-1) [host] [2026-09-28 16:07:51.639] [pid:20368] [zcode-host] [rpc:call] setting.update OK (9.1ms)
[Z1 child] [2026-09-28 16:07:51.869] [pid:20368] [zcode-host] [rpc:call] zcode-agent.sendConversationCommandV4 OK (5.8ms)
[2026-09-28 16:07:51.870] [pid:19508] [main] [host-log] (local-1) [host] [2026-09-28 16:07:51.869] [pid:20368] [zcode-host] [rpc:call] zcode-agent.sendConversationCommandV4 OK (5.8ms)
[2026-09-28 16:07:51.931] [pid:19508] [settingService] writing settings to: D:\Playground\ZCode\.tmp\z1-native-1790582855405-f6850e\home\.zcode\v2\setting.json {"recentProjects":[],"locale":"zh-CN","localePreference":"en-US","terminalInheritSystemProfile":true,"embeddedBrowserAllowInsecureCertificates":false,"embeddedBrowserViewportPreference":{"mode":"normal","viewport":{"width":393,"height":852},"zoom":"fit"},"computerUseComposerEntryHidden":true,"taskAutoArchiveEnabled":false,"taskAutoArchiveOlderThanDays":7,"closeToTrayOnWindows":false,"closeToTrayOnWindowsMigrationInitialized":true,"keepAwakeWhileRunning":false,"desktopWindowSize":{"width":1600,"height":1000,"maximized":false},"desktopChromiumHardwareAccelerationEnabled":true,"messageStreamShowReasoning":true,"messageStreamShowReasoningMigrationInitialized":true,"messageStreamShowTodos":false,"toolGroupingExploreEnabled":true,"toolGroupingTerminalEnabled":true,"toolGroupingChangesEnabled":false,"zcodeInteractionBehavior":"queue","askUserQuestionAutoResolutionEnabled":false,"modelIoFullRetentionEnabled":false,"startPlanRecommendationDismissed":false,"providerFamilyConnectionSelections":{},"providerFamilyDomain":"zai","providerFamilyDomainMigrated":true,"nativeSearchEnhancementsEnabled":true,"memoryEnabled":false,"lastWorkspaceSession":[{"kind":"local","workspacePath":"D:\\Playground\\ZCode\\.tmp\\z1-native-1790582855405-f6850e\\workspace","workspacePurpose":"project"},{"kind":"local","workspacePath":"D:\\Playground\\ZCode\\.tmp\\z1-native-1790582855405-f6850e\\data\\.zcode\\workspace\\default","workspacePurpose":"conversation"}],"lastActiveTabIndex":0,"receivePreviewUpdates":false,"autoDownloadAndInstallUpdates":false,"skippedElectronUpdateVersions":{},"settingsSyncFirstRunPromptHandled":true}
[Z1 child] [2026-09-28 16:07:51.934] [pid:20368] [cua-pip-session] [cua-pip-session] event delivery dropped {
  eventId: 'df24ad2e-06be-4c56-abf8-a99df68f6e49',
  kind: 'turn-ended',
  sequenceNumber: 55,
  sessionId: 'sess_71443bce-3f8c-4019-8699-7f59e22e6c79',
  turnId: 'turn_6916a9c1-bd2b-4da6-9edb-954422692413',
  outcome: 'completed',
  skipReason: 'service-disabled'
}
[2026-09-28 16:07:51.935] [pid:19508] [main] [host-log] (local-1) [host] [2026-09-28 16:07:51.934] [pid:20368] [cua-pip-session] [cua-pip-session] event delivery dropped {"eventId":"df24ad2e-06be-4c56-abf8-a99df68f6e49","kind":"turn-ended","sequenceNumber":55,"sessionId":"sess_71443bce-3f8c-4019-8699-7f59e22e6c79","turnId":"turn_6916a9c1-bd2b-4da6-9edb-954422692413","outcome":"completed","skipReason":"service-disabled"}
[Z1 child] [2026-09-28 16:07:51.935] [pid:20368] [zcode-task-index-syncer] task 终态未读裁决 {
  goalStatus: null,
  phase: 'completedSuccess',
  taskId: 'sess_71443bce-3f8c-4019-8699-7f59e22e6c79',
  unreadSignal: 'background_terminal'
}
[Z1 child] [2026-09-28 16:07:51.936] [pid:20368] [zcode-task-index-syncer] [list-refresh-trace] emitWorkspaceTaskListChanged reason=task_status_changed taskId=sess_71443bce-3f8c-4019-8699-7f59e22e6c79 workspace=D:\Playground\ZCode\.tmp\z1-native-1790582855405-f6850e\workspace hasMeta=true
[2026-09-28 16:07:51.937] [pid:19508] [settingService] write done
[Z1 child] [2026-09-28 16:07:51.990] [pid:20368] [zcode-task-index-syncer] [list-refresh-trace] emitWorkspaceTaskListChanged reason=task_title_changed taskId=sess_71443bce-3f8c-4019-8699-7f59e22e6c79 workspace=D:\Playground\ZCode\.tmp\z1-native-1790582855405-f6850e\workspace hasMeta=true
[Z1 child] [2026-09-28 16:07:51.992] [pid:20368] [zcode-task-index-syncer] [list-refresh-trace] emitWorkspaceTaskListChanged reason=task_status_changed taskId=sess_71443bce-3f8c-4019-8699-7f59e22e6c79 workspace=D:\Playground\ZCode\.tmp\z1-native-1790582855405-f6850e\workspace hasMeta=true
[Z1 child] [2026-09-28 16:07:52.062] [pid:20368] [zcode-host] [rpc:call] graphEngineering.isSessionOwned OK (0.0ms)
[2026-09-28 16:07:52.063] [pid:19508] [main] [host-log] (local-1) [host] [2026-09-28 16:07:52.062] [pid:20368] [zcode-host] [rpc:call] graphEngineering.isSessionOwned OK (0.0ms)
[Z1 child] [2026-09-28 16:07:52.252] [pid:20368] [zcode-agent-service] 开始初始化 ZCode agent {
  workspaceKey: 'D:\\Playground\\ZCode\\.tmp\\z1-native-1790582855405-f6850e\\workspace',
  workspacePath: 'D:\\Playground\\ZCode\\.tmp\\z1-native-1790582855405-f6850e\\workspace'
}
[2026-09-28 16:07:52.252] [pid:20368] [zcode-agent-service] ZCode agent 初始化完成 {
  durationMs: 0,
  transportKind: 'stdio',
  workspaceKey: 'D:\\Playground\\ZCode\\.tmp\\z1-native-1790582855405-f6850e\\workspace',
  workspacePath: 'D:\\Playground\\ZCode\\.tmp\\z1-native-1790582855405-f6850e\\workspace'
}
[2026-09-28 16:07:52.253] [pid:20368] [zcode-session-service][trace:aff19af5-3f19-4545-8447-a7459326d840] [zcode-session-service] createSession 分配 session trace {
  persistence: 'deferred',
  workspaceIdentity: undefined,
  workspacePath: 'D:\\Playground\\ZCode\\.tmp\\z1-native-1790582855405-f6850e\\workspace'
}
[2026-09-28 16:07:52.253] [pid:20368] [zcode-agent-service][trace:aff19af5-3f19-4545-8447-a7459326d840] 开始请求 ZCode Protocol session/create {
  hasInitialModel: false,
  hasInitialThoughtLevel: false,
  initialModel: null,
  mcpServerCount: 0,
  mcpServerNames: [],
  persistence: 'deferred',
  workspaceKey: 'D:\\Playground\\ZCode\\.tmp\\z1-native-1790582855405-f6850e\\workspace',
  workspacePath: 'D:\\Playground\\ZCode\\.tmp\\z1-native-1790582855405-f6850e\\workspace'
}
[2026-09-28 16:07:52.254] [pid:19508] [main] [host-log] (local-1) [host] [2026-09-28 16:07:52.252] [pid:20368] [zcode-agent-service] 开始初始化 ZCode agent {"workspaceKey":"D:\\Playground\\ZCode\\.tmp\\z1-native-1790582855405-f6850e\\workspace","workspacePath":"D:\\Playground\\ZCode\\.tmp\\z1-native-1790582855405-f6850e\\workspace"}
[2026-09-28 16:07:52.255] [pid:19508] [main] [host-log] (local-1) [host] [2026-09-28 16:07:52.252] [pid:20368] [zcode-agent-service] ZCode agent 初始化完成 {"durationMs":0,"transportKind":"stdio","workspaceKey":"D:\\Playground\\ZCode\\.tmp\\z1-native-1790582855405-f6850e\\workspace","workspacePath":"D:\\Playground\\ZCode\\.tmp\\z1-native-1790582855405-f6850e\\workspace"}
[2026-09-28 16:07:52.255] [pid:19508] [main] [host-log] (local-1) [host] [2026-09-28 16:07:52.253] [pid:20368] [zcode-session-service][trace:aff19af5-3f19-4545-8447-a7459326d840] [zcode-session-service] createSession 分配 session trace {"persistence":"deferred","workspacePath":"D:\\Playground\\ZCode\\.tmp\\z1-native-1790582855405-f6850e\\workspace"}
[2026-09-28 16:07:52.255] [pid:19508] [main] [host-log] (local-1) [host] [2026-09-28 16:07:52.253] [pid:20368] [zcode-agent-service][trace:aff19af5-3f19-4545-8447-a7459326d840] 开始请求 ZCode Protocol session/create {"hasInitialModel":false,"hasInitialThoughtLevel":false,"initialModel":null,"mcpServerCount":0,"mcpServerNames":[],"persistence":"deferred","workspaceKey":"D:\\Playground\\ZCode\\.tmp\\z1-native-1790582855405-f6850e\\workspace","workspacePath":"D:\\Playground\\ZCode\\.tmp\\z1-native-1790582855405-f6850e\\workspace"}
[Z1 child] [2026-09-28 16:07:52.255] [pid:20368] [settingService] reading settings from: D:\Playground\ZCode\.tmp\z1-native-1790582855405-f6850e\home\.zcode\v2\setting.json
[Z1 child] [2026-09-28 16:07:52.256] [pid:20368] [settingService] read result: {"recentProjects":[],"locale":"zh-CN","localePreference":"en-US","terminalInheritSystemProfile":true,"embeddedBrowserAllowInsecureCertificates":false,"embeddedBrowserViewportPreference":{"mode":"normal","viewport":{"width":393,"height":852},"zoom":"fit"},"computerUseComposerEntryHidden":true,"taskAutoArchiveEnabled":false,"taskAutoArchiveOlderThanDays":7,"closeToTrayOnWindows":false,"closeToTrayOnWindowsMigrationInitialized":true,"keepAwakeWhileRunning":false,"desktopWindowSize":{"width":1600,"height":1000,"maximized":false},"desktopChromiumHardwareAccelerationEnabled":true,"messageStreamShowReasoning":true,"messageStreamShowReasoningMigrationInitialized":true,"messageStreamShowTodos":false,"toolGroupingExploreEnabled":true,"toolGroupingTerminalEnabled":true,"toolGroupingChangesEnabled":false,"zcodeInteractionBehavior":"queue","askUserQuestionAutoResolutionEnabled":false,"modelIoFullRetentionEnabled":false,"startPlanRecommendationDismissed":false,"providerFamilyConnectionSelections":{},"providerFamilyDomain":"zai","providerFamilyDomainMigrated":true,"nativeSearchEnhancementsEnabled":true,"memoryEnabled":false,"lastWorkspaceSession":[{"kind":"local","workspacePath":"D:\\Playground\\ZCode\\.tmp\\z1-native-1790582855405-f6850e\\workspace","workspacePurpose":"project"},{"kind":"local","workspacePath":"D:\\Playground\\ZCode\\.tmp\\z1-native-1790582855405-f6850e\\data\\.zcode\\workspace\\default","workspacePurpose":"conversation"}],"lastActiveTabIndex":0,"receivePreviewUpdates":false,"autoDownloadAndInstallUpdates":false,"skippedElectronUpdateVersions":{},"settingsSyncFirstRunPromptHandled":true}
[Z1 child] [2026-09-28 16:07:52.269] [pid:20368] [zcode-host] [rpc:call] graphEngineering.isSessionOwned OK (0.0ms)
[2026-09-28 16:07:52.269] [pid:19508] [main] [host-log] (local-1) [host] [2026-09-28 16:07:52.269] [pid:20368] [zcode-host] [rpc:call] graphEngineering.isSessionOwned OK (0.0ms)
[Z1 child] [2026-09-28 16:07:52.272] [pid:20368] [zcode-host] [rpc:call] graphEngineering.isSessionOwned OK (0.0ms)
[2026-09-28 16:07:52.273] [pid:19508] [main] [host-log] (local-1) [host] [2026-09-28 16:07:52.272] [pid:20368] [zcode-host] [rpc:call] graphEngineering.isSessionOwned OK (0.0ms)
[Z1 child] [2026-09-28 16:07:52.294] [pid:20368] [zcode-agent-service][trace:aff19af5-3f19-4545-8447-a7459326d840] ZCode Protocol session/create 完成 {
  durationMs: 41,
  messageCount: 0,
  modelCurrent: 'z1-local-fixture/z1-fixture$enabled',
  mcpServerCount: 0,
  persistence: 'deferred',
  sessionId: 'sess_720384e1-5e0f-4a7a-bba6-bdf1e033cd19',
  snapshotTraceId: 'aff19af5-3f19-4545-8447-a7459326d840',
  workspaceKey: 'D:\\Playground\\ZCode\\.tmp\\z1-native-1790582855405-f6850e\\workspace',
  workspacePath: 'D:\\Playground\\ZCode\\.tmp\\z1-native-1790582855405-f6850e\\workspace'
}
[2026-09-28 16:07:52.295] [pid:19508] [main] [host-log] (local-1) [host] [2026-09-28 16:07:52.294] [pid:20368] [zcode-agent-service][trace:aff19af5-3f19-4545-8447-a7459326d840] ZCode Protocol session/create 完成 {"durationMs":41,"messageCount":0,"modelCurrent":"z1-local-fixture/z1-fixture$enabled","mcpServerCount":0,"persistence":"deferred","sessionId":"sess_720384e1-5e0f-4a7a-bba6-bdf1e033cd19","snapshotTraceId":"aff19af5-3f19-4545-8447-a7459326d840","workspaceKey":"D:\\Playground\\ZCode\\.tmp\\z1-native-1790582855405-f6850e\\workspace","workspacePath":"D:\\Playground\\ZCode\\.tmp\\z1-native-1790582855405-f6850e\\workspace"}
[2026-09-28 16:07:52.296] [pid:19508] [main] [host-log] (local-1) [host] [2026-09-28 16:07:52.295] [pid:20368] [zcode-session-service][trace:aff19af5-3f19-4545-8447-a7459326d840] [zcode-session-service] createSession agent 返回 {"durationMs":42,"mcpServerCount":0,"persistence":"deferred","snapshotTraceId":"aff19af5-3f19-4545-8447-a7459326d840","sessionId":"sess_720384e1-5e0f-4a7a-bba6-bdf1e033cd19","workspacePath":"D:\\Playground\\ZCode\\.tmp\\z1-native-1790582855405-f6850e\\workspace"}
[Z1 child] [2026-09-28 16:07:52.295] [pid:20368] [zcode-session-service][trace:aff19af5-3f19-4545-8447-a7459326d840] [zcode-session-service] createSession agent 返回 {
  durationMs: 42,
  mcpServerCount: 0,
  persistence: 'deferred',
  snapshotTraceId: 'aff19af5-3f19-4545-8447-a7459326d840',
  sessionId: 'sess_720384e1-5e0f-4a7a-bba6-bdf1e033cd19',
  workspaceIdentity: undefined,
  workspacePath: 'D:\\Playground\\ZCode\\.tmp\\z1-native-1790582855405-f6850e\\workspace'
}
[Z1 child] [2026-09-28 16:07:52.302] [pid:20368] [zcode-host] [rpc:call] graphEngineering.isSessionOwned OK (0.0ms)
[2026-09-28 16:07:52.303] [pid:19508] [main] [host-log] (local-1) [host] [2026-09-28 16:07:52.302] [pid:20368] [zcode-host] [rpc:call] graphEngineering.isSessionOwned OK (0.0ms)
[2026-09-28 16:07:52.319] [pid:19508] [renderer] v4 workspace connection lease released {
  event: 'v4.workspace_connection.release',
  keepWarmMs: 30000,
  key: '__base__ D:\\Playground\\ZCode\\.tmp\\z1-native-1790582855405-f6850e\\workspace',
  module: 'ui.v4.workspace_connection_registry',
  refCount: 0,
  status: 'keep_warm'
}
[2026-09-28 16:07:52.320] [pid:19508] [renderer] v4 session data lease released {
  event: 'v4.session_data.release',
  keepWarmMs: 30000,
  module: 'ui.v4.session_data_layer',
  refCount: 0,
  status: 'keep_warm',
  topic: 'conversation/sess_71443bce-3f8c-4019-8699-7f59e22e6c79'
}
[2026-09-28 16:07:52.322] [pid:19508] [main] [host-log] (local-1) [host] [2026-09-28 16:07:52.321] [pid:20368] [zcode-host] [rpc:listen] graphEngineering.onDidChange subscribed
[Z1 child] [2026-09-28 16:07:52.321] [pid:20368] [zcode-host] [rpc:listen] graphEngineering.onDidChange subscribed
[Z1 child] [2026-09-28 16:07:52.387] [pid:20368] [settingService] reading settings from: D:\Playground\ZCode\.tmp\z1-native-1790582855405-f6850e\home\.zcode\v2\setting.json
[Z1 child] [2026-09-28 16:07:52.388] [pid:20368] [settingService] read result: {"recentProjects":[],"locale":"zh-CN","localePreference":"en-US","terminalInheritSystemProfile":true,"embeddedBrowserAllowInsecureCertificates":false,"embeddedBrowserViewportPreference":{"mode":"normal","viewport":{"width":393,"height":852},"zoom":"fit"},"computerUseComposerEntryHidden":true,"taskAutoArchiveEnabled":false,"taskAutoArchiveOlderThanDays":7,"closeToTrayOnWindows":false,"closeToTrayOnWindowsMigrationInitialized":true,"keepAwakeWhileRunning":false,"desktopWindowSize":{"width":1600,"height":1000,"maximized":false},"desktopChromiumHardwareAccelerationEnabled":true,"messageStreamShowReasoning":true,"messageStreamShowReasoningMigrationInitialized":true,"messageStreamShowTodos":false,"toolGroupingExploreEnabled":true,"toolGroupingTerminalEnabled":true,"toolGroupingChangesEnabled":false,"zcodeInteractionBehavior":"queue","askUserQuestionAutoResolutionEnabled":false,"modelIoFullRetentionEnabled":false,"startPlanRecommendationDismissed":false,"providerFamilyConnectionSelections":{},"providerFamilyDomain":"zai","providerFamilyDomainMigrated":true,"nativeSearchEnhancementsEnabled":true,"memoryEnabled":false,"lastWorkspaceSession":[{"kind":"local","workspacePath":"D:\\Playground\\ZCode\\.tmp\\z1-native-1790582855405-f6850e\\workspace","workspacePurpose":"project"},{"kind":"local","workspacePath":"D:\\Playground\\ZCode\\.tmp\\z1-native-1790582855405-f6850e\\data\\.zcode\\workspace\\default","workspacePurpose":"conversation"}],"lastActiveTabIndex":0,"receivePreviewUpdates":false,"autoDownloadAndInstallUpdates":false,"skippedElectronUpdateVersions":{},"settingsSyncFirstRunPromptHandled":true}
[Z1 child] [2026-09-28 16:07:52.389] [pid:20368] [zcode-host] [rpc:call] graphEngineering.getWorkspace OK (67.6ms)
[2026-09-28 16:07:52.389] [pid:20368] [settingService] reading settings from: D:\Playground\ZCode\.tmp\z1-native-1790582855405-f6850e\home\.zcode\v2\setting.json
[2026-09-28 16:07:52.391] [pid:19508] [main] [host-log] (local-1) [host] [2026-09-28 16:07:52.389] [pid:20368] [zcode-host] [rpc:call] graphEngineering.getWorkspace OK (67.6ms)
[Z1 child] [2026-09-28 16:07:52.390] [pid:20368] [settingService] read result: {"recentProjects":[],"locale":"zh-CN","localePreference":"en-US","terminalInheritSystemProfile":true,"embeddedBrowserAllowInsecureCertificates":false,"embeddedBrowserViewportPreference":{"mode":"normal","viewport":{"width":393,"height":852},"zoom":"fit"},"computerUseComposerEntryHidden":true,"taskAutoArchiveEnabled":false,"taskAutoArchiveOlderThanDays":7,"closeToTrayOnWindows":false,"closeToTrayOnWindowsMigrationInitialized":true,"keepAwakeWhileRunning":false,"desktopWindowSize":{"width":1600,"height":1000,"maximized":false},"desktopChromiumHardwareAccelerationEnabled":true,"messageStreamShowReasoning":true,"messageStreamShowReasoningMigrationInitialized":true,"messageStreamShowTodos":false,"toolGroupingExploreEnabled":true,"toolGroupingTerminalEnabled":true,"toolGroupingChangesEnabled":false,"zcodeInteractionBehavior":"queue","askUserQuestionAutoResolutionEnabled":false,"modelIoFullRetentionEnabled":false,"startPlanRecommendationDismissed":false,"providerFamilyConnectionSelections":{},"providerFamilyDomain":"zai","providerFamilyDomainMigrated":true,"nativeSearchEnhancementsEnabled":true,"memoryEnabled":false,"lastWorkspaceSession":[{"kind":"local","workspacePath":"D:\\Playground\\ZCode\\.tmp\\z1-native-1790582855405-f6850e\\workspace","workspacePurpose":"project"},{"kind":"local","workspacePath":"D:\\Playground\\ZCode\\.tmp\\z1-native-1790582855405-f6850e\\data\\.zcode\\workspace\\default","workspacePurpose":"conversation"}],"lastActiveTabIndex":0,"receivePreviewUpdates":false,"autoDownloadAndInstallUpdates":false,"skippedElectronUpdateVersions":{},"settingsSyncFirstRunPromptHandled":true}
[2026-09-28 16:07:52.391] [pid:20368] [zcode-host] [rpc:call] graphEngineering.getWorkspace OK (18.5ms)
[2026-09-28 16:07:52.392] [pid:19508] [main] [host-log] (local-1) [host] [2026-09-28 16:07:52.391] [pid:20368] [zcode-host] [rpc:call] graphEngineering.getWorkspace OK (18.5ms)
[Z1 child] [2026-09-28 16:07:52.392] [pid:20368] [settingService] reading settings from: D:\Playground\ZCode\.tmp\z1-native-1790582855405-f6850e\home\.zcode\v2\setting.json
[Z1 child] [2026-09-28 16:07:52.392] [pid:20368] [settingService] read result: {"recentProjects":[],"locale":"zh-CN","localePreference":"en-US","terminalInheritSystemProfile":true,"embeddedBrowserAllowInsecureCertificates":false,"embeddedBrowserViewportPreference":{"mode":"normal","viewport":{"width":393,"height":852},"zoom":"fit"},"computerUseComposerEntryHidden":true,"taskAutoArchiveEnabled":false,"taskAutoArchiveOlderThanDays":7,"closeToTrayOnWindows":false,"closeToTrayOnWindowsMigrationInitialized":true,"keepAwakeWhileRunning":false,"desktopWindowSize":{"width":1600,"height":1000,"maximized":false},"desktopChromiumHardwareAccelerationEnabled":true,"messageStreamShowReasoning":true,"messageStreamShowReasoningMigrationInitialized":true,"messageStreamShowTodos":false,"toolGroupingExploreEnabled":true,"toolGroupingTerminalEnabled":true,"toolGroupingChangesEnabled":false,"zcodeInteractionBehavior":"queue","askUserQuestionAutoResolutionEnabled":false,"modelIoFullRetentionEnabled":false,"startPlanRecommendationDismissed":false,"providerFamilyConnectionSelections":{},"providerFamilyDomain":"zai","providerFamilyDomainMigrated":true,"nativeSearchEnhancementsEnabled":true,"memoryEnabled":false,"lastWorkspaceSession":[{"kind":"local","workspacePath":"D:\\Playground\\ZCode\\.tmp\\z1-native-1790582855405-f6850e\\workspace","workspacePurpose":"project"},{"kind":"local","workspacePath":"D:\\Playground\\ZCode\\.tmp\\z1-native-1790582855405-f6850e\\data\\.zcode\\workspace\\default","workspacePurpose":"conversation"}],"lastActiveTabIndex":0,"receivePreviewUpdates":false,"autoDownloadAndInstallUpdates":false,"skippedElectronUpdateVersions":{},"settingsSyncFirstRunPromptHandled":true}
[Z1 child] [2026-09-28 16:07:52.393] [pid:20368] [zcode-host] [rpc:call] graphEngineering.getWorkspace OK (1.5ms)
[2026-09-28 16:07:52.394] [pid:19508] [main] [host-log] (local-1) [host] [2026-09-28 16:07:52.393] [pid:20368] [zcode-host] [rpc:call] graphEngineering.getWorkspace OK (1.5ms)
[Z1 child] [2026-09-28 16:07:52.420] [pid:20368] [settingService] reading settings from: D:\Playground\ZCode\.tmp\z1-native-1790582855405-f6850e\home\.zcode\v2\setting.json
[2026-09-28 16:07:52.420] [pid:20368] [zcode-host] [rpc:listen] model-selection.onDidChange subscribed
[2026-09-28 16:07:52.421] [pid:19508] [main] [host-log] (local-1) [host] [2026-09-28 16:07:52.420] [pid:20368] [zcode-host] [rpc:listen] model-selection.onDidChange subscribed
[Z1 child] [2026-09-28 16:07:52.421] [pid:20368] [zcode-host] [rpc:call] graphEngineering.validateDefinition OK (0.4ms)
[2026-09-28 16:07:52.422] [pid:19508] [main] [host-log] (local-1) [host] [2026-09-28 16:07:52.421] [pid:20368] [zcode-host] [rpc:call] graphEngineering.validateDefinition OK (0.4ms)
[2026-09-28 16:07:52.422] [pid:19508] [main] [host-log] (local-1) [host] [2026-09-28 16:07:52.422] [pid:20368] [zcode-host] [rpc:call] setting.get OK (2.0ms)
[2026-09-28 16:07:52.423] [pid:19508] [main] [host-log] (local-1) [host] [2026-09-28 16:07:52.422] [pid:20368] [zcode-host] [rpc:call] model-selection.getView OK (2.0ms)
[Z1 child] [2026-09-28 16:07:52.422] [pid:20368] [settingService] read result: {"recentProjects":[],"locale":"zh-CN","localePreference":"en-US","terminalInheritSystemProfile":true,"embeddedBrowserAllowInsecureCertificates":false,"embeddedBrowserViewportPreference":{"mode":"normal","viewport":{"width":393,"height":852},"zoom":"fit"},"computerUseComposerEntryHidden":true,"taskAutoArchiveEnabled":false,"taskAutoArchiveOlderThanDays":7,"closeToTrayOnWindows":false,"closeToTrayOnWindowsMigrationInitialized":true,"keepAwakeWhileRunning":false,"desktopWindowSize":{"width":1600,"height":1000,"maximized":false},"desktopChromiumHardwareAccelerationEnabled":true,"messageStreamShowReasoning":true,"messageStreamShowReasoningMigrationInitialized":true,"messageStreamShowTodos":false,"toolGroupingExploreEnabled":true,"toolGroupingTerminalEnabled":true,"toolGroupingChangesEnabled":false,"zcodeInteractionBehavior":"queue","askUserQuestionAutoResolutionEnabled":false,"modelIoFullRetentionEnabled":false,"startPlanRecommendationDismissed":false,"providerFamilyConnectionSelections":{},"providerFamilyDomain":"zai","providerFamilyDomainMigrated":true,"nativeSearchEnhancementsEnabled":true,"memoryEnabled":false,"lastWorkspaceSession":[{"kind":"local","workspacePath":"D:\\Playground\\ZCode\\.tmp\\z1-native-1790582855405-f6850e\\workspace","workspacePurpose":"project"},{"kind":"local","workspacePath":"D:\\Playground\\ZCode\\.tmp\\z1-native-1790582855405-f6850e\\data\\.zcode\\workspace\\default","workspacePurpose":"conversation"}],"lastActiveTabIndex":0,"receivePreviewUpdates":false,"autoDownloadAndInstallUpdates":false,"skippedElectronUpdateVersions":{},"settingsSyncFirstRunPromptHandled":true}
[2026-09-28 16:07:52.422] [pid:20368] [zcode-host] [rpc:call] setting.get OK (2.0ms)
[2026-09-28 16:07:52.422] [pid:20368] [zcode-host] [rpc:call] model-selection.getView OK (2.0ms)
[Z1 child] [2026-09-28 16:07:52.858] [pid:20368] [cua-pip-session] [cua-pip-session] event delivery dropped {
  kind: 'focus-changed',
  revision: 5,
  sessionId: 'sess_720384e1-5e0f-4a7a-bba6-bdf1e033cd19',
  sourceWindowId: 'window-1',
  skipReason: 'service-disabled'
}
[2026-09-28 16:07:52.858] [pid:19508] [main] [host-log] (local-1) [host] [2026-09-28 16:07:52.858] [pid:20368] [cua-pip-session] [cua-pip-session] event delivery dropped {"kind":"focus-changed","revision":5,"sessionId":"sess_720384e1-5e0f-4a7a-bba6-bdf1e033cd19","sourceWindowId":"window-1","skipReason":"service-disabled"}
[2026-09-28 16:07:52.862] [pid:19508] [renderer] v4 workspace connection reused {
  event: 'v4.workspace_connection.reused',
  isRemote: false,
  key: '__base__ D:\\Playground\\ZCode\\.tmp\\z1-native-1790582855405-f6850e\\workspace',
  module: 'ui.v4.workspace_connection_registry',
  refCount: 1,
  serviceGeneration: 1,
  status: 'completed'
}
[Z1 child] [2026-09-28 16:07:52.882] [pid:20368] [zcode-host] [rpc:call] zcode-task.getTaskSessionFilePath OK (0.2ms)
[2026-09-28 16:07:52.883] [pid:19508] [main] [host-log] (local-1) [host] [2026-09-28 16:07:52.882] [pid:20368] [zcode-host] [rpc:call] zcode-task.getTaskSessionFilePath OK (0.2ms)
[Z1 child] [2026-09-28 16:07:52.883] [pid:20368] [zcode-host] [rpc:call] zcode-task.getTaskNativeSessionLogFile OK (0.2ms)
[2026-09-28 16:07:52.884] [pid:19508] [main] [host-log] (local-1) [host] [2026-09-28 16:07:52.883] [pid:20368] [zcode-host] [rpc:call] zcode-task.getTaskNativeSessionLogFile OK (0.2ms)
[Z1 child] [2026-09-28 16:07:52.883] [pid:20368] [settingService] reading settings from: D:\Playground\ZCode\.tmp\z1-native-1790582855405-f6850e\home\.zcode\v2\setting.json
[2026-09-28 16:07:52.884] [pid:20368] [zcode-host] [rpc:listen] graphEngineering.onDidChange subscribed
[2026-09-28 16:07:52.884] [pid:20368] [zcode-host] [rpc:call] graphEngineering.isSessionOwned OK (0.0ms)
[2026-09-28 16:07:52.885] [pid:19508] [main] [host-log] (local-1) [host] [2026-09-28 16:07:52.884] [pid:20368] [zcode-host] [rpc:listen] graphEngineering.onDidChange subscribed
[2026-09-28 16:07:52.886] [pid:19508] [renderer] v4 conversation store connect started {
  event: 'v4.conversation.store.connect.started',
  generation: 1,
  hasBase: false,
  module: 'ui.v4.conversation_projection_store',
  status: 'started',
  topic: 'conversation/sess_720384e1-5e0f-4a7a-bba6-bdf1e033cd19'
}
[2026-09-28 16:07:52.886] [pid:19508] [renderer] v4 conversation subscription started {
  workspaceKey: 'D:\\Playground\\ZCode\\.tmp\\z1-native-1790582855405-f6850e\\workspace',
  workspacePath: 'D:\\Playground\\ZCode\\.tmp\\z1-native-1790582855405-f6850e\\workspace',
  event: 'v4.conversation.subscribe.started',
  module: 'ui.v4.conversation_transport',
  runtimeGeneration: 0,
  sessionId: 'sess_720384e1-5e0f-4a7a-bba6-bdf1e033cd19',
  status: 'started',
  topic: 'conversation/sess_720384e1-5e0f-4a7a-bba6-bdf1e033cd19'
}
[2026-09-28 16:07:52.887] [pid:19508] [renderer] v4 session data lease acquired {
  event: 'v4.session_data.acquire',
  keepWarm: false,
  module: 'ui.v4.session_data_layer',
  openKind: 'cold',
  refCount: 1,
  sessionId: 'sess_720384e1-5e0f-4a7a-bba6-bdf1e033cd19',
  status: 'completed',
  topic: 'conversation/sess_720384e1-5e0f-4a7a-bba6-bdf1e033cd19'
}
[Z1 child] [2026-09-28 16:07:52.884] [pid:20368] [zcode-host] [rpc:listen] model-selection.onDidChange subscribed
[2026-09-28 16:07:52.885] [pid:20368] [settingService] read result: {"recentProjects":[],"locale":"zh-CN","localePreference":"en-US","terminalInheritSystemProfile":true,"embeddedBrowserAllowInsecureCertificates":false,"embeddedBrowserViewportPreference":{"mode":"normal","viewport":{"width":393,"height":852},"zoom":"fit"},"computerUseComposerEntryHidden":true,"taskAutoArchiveEnabled":false,"taskAutoArchiveOlderThanDays":7,"closeToTrayOnWindows":false,"closeToTrayOnWindowsMigrationInitialized":true,"keepAwakeWhileRunning":false,"desktopWindowSize":{"width":1600,"height":1000,"maximized":false},"desktopChromiumHardwareAccelerationEnabled":true,"messageStreamShowReasoning":true,"messageStreamShowReasoningMigrationInitialized":true,"messageStreamShowTodos":false,"toolGroupingExploreEnabled":true,"toolGroupingTerminalEnabled":true,"toolGroupingChangesEnabled":false,"zcodeInteractionBehavior":"queue","askUserQuestionAutoResolutionEnabled":false,"modelIoFullRetentionEnabled":false,"startPlanRecommendationDismissed":false,"providerFamilyConnectionSelections":{},"providerFamilyDomain":"zai","providerFamilyDomainMigrated":true,"nativeSearchEnhancementsEnabled":true,"memoryEnabled":false,"lastWorkspaceSession":[{"kind":"local","workspacePath":"D:\\Playground\\ZCode\\.tmp\\z1-native-1790582855405-f6850e\\workspace","workspacePurpose":"project"},{"kind":"local","workspacePath":"D:\\Playground\\ZCode\\.tmp\\z1-native-1790582855405-f6850e\\data\\.zcode\\workspace\\default","workspacePurpose":"conversation"}],"lastActiveTabIndex":0,"receivePreviewUpdates":false,"autoDownloadAndInstallUpdates":false,"skippedElectronUpdateVersions":{},"settingsSyncFirstRunPromptHandled":true}
[2026-09-28 16:07:52.885] [pid:20368] [zcode-host] [rpc:call] setting.get OK (1.6ms)
[2026-09-28 16:07:52.886] [pid:20368] [zcode-host] [rpc:call] zcode-task.getTaskNativeSessionLogFile OK (0.1ms)
[2026-09-28 16:07:52.886] [pid:20368] [zcode-host] [rpc:call] zcode-task.getTaskSessionFilePath OK (0.0ms)
[2026-09-28 16:07:52.886] [pid:20368] [zcode-host] [rpc:call] model-selection.getView OK (1.7ms)
[2026-09-28 16:07:52.887] [pid:19508] [main] [host-log] (local-1) [host] [2026-09-28 16:07:52.884] [pid:20368] [zcode-host] [rpc:call] graphEngineering.isSessionOwned OK (0.0ms)
[2026-09-28 16:07:52.888] [pid:19508] [main] [host-log] (local-1) [host] [2026-09-28 16:07:52.884] [pid:20368] [zcode-host] [rpc:listen] model-selection.onDidChange subscribed
[2026-09-28 16:07:52.888] [pid:19508] [main] [host-log] (local-1) [host] [2026-09-28 16:07:52.885] [pid:20368] [zcode-host] [rpc:call] setting.get OK (1.6ms)
[2026-09-28 16:07:52.889] [pid:19508] [main] [host-log] (local-1) [host] [2026-09-28 16:07:52.886] [pid:20368] [zcode-host] [rpc:call] zcode-task.getTaskNativeSessionLogFile OK (0.1ms)
[2026-09-28 16:07:52.889] [pid:19508] [main] [host-log] (local-1) [host] [2026-09-28 16:07:52.886] [pid:20368] [zcode-host] [rpc:call] zcode-task.getTaskSessionFilePath OK (0.0ms)
[2026-09-28 16:07:52.889] [pid:19508] [main] [host-log] (local-1) [host] [2026-09-28 16:07:52.886] [pid:20368] [zcode-host] [rpc:call] model-selection.getView OK (1.7ms)
[Z1 child] [2026-09-28 16:07:52.904] [pid:20368] [zcode-session-service] [zcode-session-service] readSession 历史快照读取完成 {
  deliveryKind: undefined,
  durationMs: 19,
  messageLimit: 1,
  sessionId: 'sess_720384e1-5e0f-4a7a-bba6-bdf1e033cd19',
  snapshot: {
    activeTurnId: null,
    eventSeq: 2,
    messageCount: 0,
    pendingRequestCount: 1,
    sessionStatus: 'idle',
    stateRevision: 0
  },
  workspaceIdentity: null,
  workspacePath: 'D:\\Playground\\ZCode\\.tmp\\z1-native-1790582855405-f6850e\\workspace'
}
[2026-09-28 16:07:52.905] [pid:19508] [main] [host-log] (local-1) [host] [2026-09-28 16:07:52.904] [pid:20368] [zcode-session-service] [zcode-session-service] readSession 历史快照读取完成 {"durationMs":19,"messageLimit":1,"sessionId":"sess_720384e1-5e0f-4a7a-bba6-bdf1e033cd19","snapshot":{"activeTurnId":null,"eventSeq":2,"messageCount":0,"pendingRequestCount":1,"sessionStatus":"idle","stateRevision":0},"workspaceIdentity":null,"workspacePath":"D:\\Playground\\ZCode\\.tmp\\z1-native-1790582855405-f6850e\\workspace"}
[2026-09-28 16:07:52.905] [pid:19508] [main] [host-log] (local-1) [host] [2026-09-28 16:07:52.904] [pid:20368] [zcode-host] [rpc:call] zcode-session.readSession OK (18.8ms)
[Z1 child] [2026-09-28 16:07:52.904] [pid:20368] [zcode-host] [rpc:call] zcode-session.readSession OK (18.8ms)
[2026-09-28 16:07:52.906] [pid:19508] [main] [host-log] (local-1) [host] [2026-09-28 16:07:52.906] [pid:20368] [zcode-host] [rpc:call] zcode-agent.conversationWorkflowRunsV4 OK (1.2ms)
[Z1 child] [2026-09-28 16:07:52.906] [pid:20368] [zcode-host] [rpc:call] zcode-agent.conversationWorkflowRunsV4 OK (1.2ms)
[Z1 child] [2026-09-28 16:07:52.909] [pid:20368] [zcode-host] [rpc:call] zcode-agent.subscribeConversationV4 OK (5.0ms)
[2026-09-28 16:07:52.910] [pid:19508] [main] [host-log] (local-1) [host] [2026-09-28 16:07:52.909] [pid:20368] [zcode-host] [rpc:call] zcode-agent.subscribeConversationV4 OK (5.0ms)
[2026-09-28 16:07:52.915] [pid:19508] [renderer] v4 conversation subscription acknowledged {
  workspaceKey: 'D:\\Playground\\ZCode\\.tmp\\z1-native-1790582855405-f6850e\\workspace',
  workspacePath: 'D:\\Playground\\ZCode\\.tmp\\z1-native-1790582855405-f6850e\\workspace',
  durationMs: 30,
  event: 'v4.conversation.subscribe.acknowledged',
  module: 'ui.v4.conversation_transport',
  runtimeGeneration: 0,
  sessionId: 'sess_720384e1-5e0f-4a7a-bba6-bdf1e033cd19',
  status: 'completed',
  subscriptionId: 'sub-mukyt6po-r1x11eng-1',
  topic: 'conversation/sess_720384e1-5e0f-4a7a-bba6-bdf1e033cd19'
}
[2026-09-28 16:07:52.916] [pid:19508] [renderer] v4 conversation subscription activated {
  workspaceKey: 'D:\\Playground\\ZCode\\.tmp\\z1-native-1790582855405-f6850e\\workspace',
  workspacePath: 'D:\\Playground\\ZCode\\.tmp\\z1-native-1790582855405-f6850e\\workspace',
  event: 'v4.conversation.subscribe.activated',
  module: 'ui.v4.conversation_transport',
  runtimeGeneration: 0,
  status: 'completed',
  subscriptionId: 'sub-mukyt6po-r1x11eng-1',
  topic: 'conversation/sess_720384e1-5e0f-4a7a-bba6-bdf1e033cd19'
}
[2026-09-28 16:07:52.917] [pid:19508] [renderer] v4 conversation store connect completed {
  durationMs: 31,
  event: 'v4.conversation.store.connect.completed',
  generation: 1,
  logEpoch: 'mukyt6po-r1x11eng',
  mode: 'snapshot',
  module: 'ui.v4.conversation_projection_store',
  status: 'completed',
  subscriptionId: 'sub-mukyt6po-r1x11eng-1',
  topic: 'conversation/sess_720384e1-5e0f-4a7a-bba6-bdf1e033cd19'
}
[Z1 child] [2026-09-28 16:07:52.935] [pid:20368] [zcode-host] [rpc:listen] model-selection.onDidChange subscribed
[2026-09-28 16:07:52.936] [pid:19508] [main] [host-log] (local-1) [host] [2026-09-28 16:07:52.935] [pid:20368] [zcode-host] [rpc:listen] model-selection.onDidChange subscribed
[2026-09-28 16:07:52.937] [pid:19508] [main] [host-log] (local-1) [host] [2026-09-28 16:07:52.936] [pid:20368] [zcode-host] [rpc:call] zcode-task.getTaskNativeSessionLogFile OK (0.3ms)
[Z1 child] [2026-09-28 16:07:52.936] [pid:20368] [zcode-host] [rpc:call] zcode-task.getTaskNativeSessionLogFile OK (0.3ms)
[2026-09-28 16:07:52.937] [pid:20368] [zcode-host] [rpc:call] model-selection.getView OK (1.6ms)
[2026-09-28 16:07:52.939] [pid:19508] [main] [host-log] (local-1) [host] [2026-09-28 16:07:52.937] [pid:20368] [zcode-host] [rpc:call] model-selection.getView OK (1.6ms)
[Z1 child] [2026-09-28 16:07:52.945] [pid:20368] [zcode-host] [rpc:call] zcode-agent.conversationPlansV4 OK (0.7ms)
[2026-09-28 16:07:52.946] [pid:19508] [main] [host-log] (local-1) [host] [2026-09-28 16:07:52.945] [pid:20368] [zcode-host] [rpc:call] zcode-agent.conversationPlansV4 OK (0.7ms)
[Z1 child] [2026-09-28 16:07:53.248] [pid:20368] [settingService] reading settings from: D:\Playground\ZCode\.tmp\z1-native-1790582855405-f6850e\home\.zcode\v2\setting.json
[Z1 child] [2026-09-28 16:07:53.249] [pid:20368] [settingService] read result: {"recentProjects":[],"locale":"zh-CN","localePreference":"en-US","terminalInheritSystemProfile":true,"embeddedBrowserAllowInsecureCertificates":false,"embeddedBrowserViewportPreference":{"mode":"normal","viewport":{"width":393,"height":852},"zoom":"fit"},"computerUseComposerEntryHidden":true,"taskAutoArchiveEnabled":false,"taskAutoArchiveOlderThanDays":7,"closeToTrayOnWindows":false,"closeToTrayOnWindowsMigrationInitialized":true,"keepAwakeWhileRunning":false,"desktopWindowSize":{"width":1600,"height":1000,"maximized":false},"desktopChromiumHardwareAccelerationEnabled":true,"messageStreamShowReasoning":true,"messageStreamShowReasoningMigrationInitialized":true,"messageStreamShowTodos":false,"toolGroupingExploreEnabled":true,"toolGroupingTerminalEnabled":true,"toolGroupingChangesEnabled":false,"zcodeInteractionBehavior":"queue","askUserQuestionAutoResolutionEnabled":false,"modelIoFullRetentionEnabled":false,"startPlanRecommendationDismissed":false,"providerFamilyConnectionSelections":{},"providerFamilyDomain":"zai","providerFamilyDomainMigrated":true,"nativeSearchEnhancementsEnabled":true,"memoryEnabled":false,"lastWorkspaceSession":[{"kind":"local","workspacePath":"D:\\Playground\\ZCode\\.tmp\\z1-native-1790582855405-f6850e\\workspace","workspacePurpose":"project"},{"kind":"local","workspacePath":"D:\\Playground\\ZCode\\.tmp\\z1-native-1790582855405-f6850e\\data\\.zcode\\workspace\\default","workspacePurpose":"conversation"}],"lastActiveTabIndex":0,"receivePreviewUpdates":false,"autoDownloadAndInstallUpdates":false,"skippedElectronUpdateVersions":{},"settingsSyncFirstRunPromptHandled":true}
[2026-09-28 16:07:53.249] [pid:20368] [settingService] writing settings to: D:\Playground\ZCode\.tmp\z1-native-1790582855405-f6850e\home\.zcode\v2\setting.json {"recentProjects":[],"locale":"zh-CN","localePreference":"en-US","terminalInheritSystemProfile":true,"embeddedBrowserAllowInsecureCertificates":false,"embeddedBrowserViewportPreference":{"mode":"normal","viewport":{"width":393,"height":852},"zoom":"fit"},"computerUseComposerEntryHidden":true,"taskAutoArchiveEnabled":false,"taskAutoArchiveOlderThanDays":7,"closeToTrayOnWindows":false,"closeToTrayOnWindowsMigrationInitialized":true,"keepAwakeWhileRunning":false,"desktopWindowSize":{"width":1600,"height":1000,"maximized":false},"desktopChromiumHardwareAccelerationEnabled":true,"messageStreamShowReasoning":true,"messageStreamShowReasoningMigrationInitialized":true,"messageStreamShowTodos":false,"toolGroupingExploreEnabled":true,"toolGroupingTerminalEnabled":true,"toolGroupingChangesEnabled":false,"zcodeInteractionBehavior":"queue","askUserQuestionAutoResolutionEnabled":false,"modelIoFullRetentionEnabled":false,"startPlanRecommendationDismissed":false,"providerFamilyConnectionSelections":{},"providerFamilyDomain":"zai","providerFamilyDomainMigrated":true,"nativeSearchEnhancementsEnabled":true,"memoryEnabled":false,"lastWorkspaceSession":[{"kind":"local","workspacePath":"D:\\Playground\\ZCode\\.tmp\\z1-native-1790582855405-f6850e\\workspace","workspacePurpose":"project"},{"kind":"local","workspacePath":"D:\\Playground\\ZCode\\.tmp\\z1-native-1790582855405-f6850e\\data\\.zcode\\workspace\\default","workspacePurpose":"conversation"}],"lastActiveTabIndex":0,"receivePreviewUpdates":false,"autoDownloadAndInstallUpdates":false,"skippedElectronUpdateVersions":{},"settingsSyncFirstRunPromptHandled":true}
[2026-09-28 16:07:53.323] [pid:19508] [main] [host-log] (local-1) [host] [2026-09-28 16:07:53.249] [pid:20368] [settingService] writing settings to: D:\Playground\ZCode\.tmp\z1-native-1790582855405-f6850e\home\.zcode\v2\setting.json {"recentProjects":[],"locale":"zh-CN","localePreference":"en-US","terminalInheritSystemProfile":true,"embeddedBrowserAllowInsecureCertificates":false,"embeddedBrowserViewportPreference":{"mode":"normal","viewport":{"width":393,"height":852},"zoom":"fit"},"computerUseComposerEntryHidden":true,"taskAutoArchiveEnabled":false,"taskAutoArchiveOlderThanDays":7,"closeToTrayOnWindows":false,"closeToTrayOnWindowsMigrationInitialized":true,"keepAwakeWhileRunning":false,"desktopWindowSize":{"width":1600,"height":1000,"maximized":false},"desktopChromiumHardwareAccelerationEnabled":true,"messageStreamShowReasoning":true,"messageStreamShowReasoningMigrationInitialized":true,"messageStreamShowTodos":false,"toolGroupingExploreEnabled":true,"toolGroupingTerminalEnabled":true,"toolGroupingChangesEnabled":false,"zcodeInteractionBehavior":"queue","askUserQuestionAutoResolutionEnabled":false,"modelIoFullRetentionEnabled":false,"startPlanRecommendationDismissed":false,"providerFamilyConnectionSelections":{},"providerFamilyDomain":"zai","providerFamilyDomainMigrated":true,"nativeSearchEnhancementsEnabled":true,"memoryEnabled":false,"lastWorkspaceSession":[{"kind":"local","workspacePath":"D:\\Playground\\ZCode\\.tmp\\z1-native-1790582855405-f6850e\\workspace","workspacePurpose":"project"},{"kind":"local","workspacePath":"D:\\Playground\\ZCode\\.tmp\\z1-native-1790582855405-f6850e\\data\\.zcode\\workspace\\default","workspacePurpose":"conversation"}],"lastActiveTabIndex":0,"receivePreviewUpdates":false,"autoDownloadAndInstallUpdates":false,"skippedElectronUpdateVersions":{},"settingsSyncFirstRunPromptHandled":true}
[Z1 child] [2026-09-28 16:07:53.254] [pid:20368] [settingService] write done
[2026-09-28 16:07:53.255] [pid:20368] [zcode-host] [rpc:call] setting.update OK (6.9ms)
[2026-09-28 16:07:53.326] [pid:19508] [main] [host-log] (local-1) [host] [2026-09-28 16:07:53.254] [pid:20368] [settingService] write done
[2026-09-28 16:07:53.326] [pid:19508] [main] [host-log] (local-1) [host] [2026-09-28 16:07:53.255] [pid:20368] [zcode-host] [rpc:call] setting.update OK (6.9ms)
[Z1 child] [2026-09-28 16:07:53.355] [pid:20368] [zcode-host] [rpc:call] zcode-agent.sendConversationCommandV4 OK (3.5ms)
[2026-09-28 16:07:53.356] [pid:19508] [main] [host-log] (local-1) [host] [2026-09-28 16:07:53.355] [pid:20368] [zcode-host] [rpc:call] zcode-agent.sendConversationCommandV4 OK (3.5ms)
[Z1 child] [2026-09-28 16:07:53.444] [pid:20368] [zcode-host] [rpc:call] graphEngineering.isSessionOwned OK (0.1ms)
[2026-09-28 16:07:53.444] [pid:19508] [main] [host-log] (local-1) [host] [2026-09-28 16:07:53.444] [pid:20368] [zcode-host] [rpc:call] graphEngineering.isSessionOwned OK (0.1ms)
[2026-09-28 16:07:53.499] [pid:19508] [renderer] v4 workspace connection lease released {
  event: 'v4.workspace_connection.release',
  keepWarmMs: 30000,
  key: '__base__ D:\\Playground\\ZCode\\.tmp\\z1-native-1790582855405-f6850e\\workspace',
  module: 'ui.v4.workspace_connection_registry',
  refCount: 0,
  status: 'keep_warm'
}
[2026-09-28 16:07:53.500] [pid:19508] [renderer] v4 session data lease released {
  event: 'v4.session_data.release',
  keepWarmMs: 30000,
  module: 'ui.v4.session_data_layer',
  refCount: 0,
  status: 'keep_warm',
  topic: 'conversation/sess_720384e1-5e0f-4a7a-bba6-bdf1e033cd19'
}
[Z1 child] [2026-09-28 16:07:53.502] [pid:20368] [zcode-host] [rpc:listen] graphEngineering.onDidChange subscribed
[2026-09-28 16:07:53.503] [pid:19508] [main] [host-log] (local-1) [host] [2026-09-28 16:07:53.502] [pid:20368] [zcode-host] [rpc:listen] graphEngineering.onDidChange subscribed
[Z1 child] [2026-09-28 16:07:53.503] [pid:20368] [settingService] reading settings from: D:\Playground\ZCode\.tmp\z1-native-1790582855405-f6850e\home\.zcode\v2\setting.json
[Z1 child] [2026-09-28 16:07:53.504] [pid:20368] [settingService] read result: {"recentProjects":[],"locale":"zh-CN","localePreference":"en-US","terminalInheritSystemProfile":true,"embeddedBrowserAllowInsecureCertificates":false,"embeddedBrowserViewportPreference":{"mode":"normal","viewport":{"width":393,"height":852},"zoom":"fit"},"computerUseComposerEntryHidden":true,"taskAutoArchiveEnabled":false,"taskAutoArchiveOlderThanDays":7,"closeToTrayOnWindows":false,"closeToTrayOnWindowsMigrationInitialized":true,"keepAwakeWhileRunning":false,"desktopWindowSize":{"width":1600,"height":1000,"maximized":false},"desktopChromiumHardwareAccelerationEnabled":true,"messageStreamShowReasoning":true,"messageStreamShowReasoningMigrationInitialized":true,"messageStreamShowTodos":false,"toolGroupingExploreEnabled":true,"toolGroupingTerminalEnabled":true,"toolGroupingChangesEnabled":false,"zcodeInteractionBehavior":"queue","askUserQuestionAutoResolutionEnabled":false,"modelIoFullRetentionEnabled":false,"startPlanRecommendationDismissed":false,"providerFamilyConnectionSelections":{},"providerFamilyDomain":"zai","providerFamilyDomainMigrated":true,"nativeSearchEnhancementsEnabled":true,"memoryEnabled":false,"lastWorkspaceSession":[{"kind":"local","workspacePath":"D:\\Playground\\ZCode\\.tmp\\z1-native-1790582855405-f6850e\\workspace","workspacePurpose":"project"},{"kind":"local","workspacePath":"D:\\Playground\\ZCode\\.tmp\\z1-native-1790582855405-f6850e\\data\\.zcode\\workspace\\default","workspacePurpose":"conversation"}],"lastActiveTabIndex":0,"receivePreviewUpdates":false,"autoDownloadAndInstallUpdates":false,"skippedElectronUpdateVersions":{},"settingsSyncFirstRunPromptHandled":true}
[Z1 child] [2026-09-28 16:07:53.505] [pid:20368] [zcode-host] [rpc:call] graphEngineering.getWorkspace OK (2.4ms)
[2026-09-28 16:07:53.506] [pid:19508] [main] [host-log] (local-1) [host] [2026-09-28 16:07:53.505] [pid:20368] [zcode-host] [rpc:call] graphEngineering.getWorkspace OK (2.4ms)
[Z1 child] [2026-09-28 16:07:53.527] [pid:20368] [settingService] reading settings from: D:\Playground\ZCode\.tmp\z1-native-1790582855405-f6850e\home\.zcode\v2\setting.json
[2026-09-28 16:07:53.527] [pid:20368] [zcode-host] [rpc:listen] model-selection.onDidChange subscribed
[2026-09-28 16:07:53.529] [pid:20368] [zcode-host] [rpc:call] graphEngineering.validateDefinition OK (0.4ms)
[2026-09-28 16:07:53.529] [pid:20368] [settingService] read result: {"recentProjects":[],"locale":"zh-CN","localePreference":"en-US","terminalInheritSystemProfile":true,"embeddedBrowserAllowInsecureCertificates":false,"embeddedBrowserViewportPreference":{"mode":"normal","viewport":{"width":393,"height":852},"zoom":"fit"},"computerUseComposerEntryHidden":true,"taskAutoArchiveEnabled":false,"taskAutoArchiveOlderThanDays":7,"closeToTrayOnWindows":false,"closeToTrayOnWindowsMigrationInitialized":true,"keepAwakeWhileRunning":false,"desktopWindowSize":{"width":1600,"height":1000,"maximized":false},"desktopChromiumHardwareAccelerationEnabled":true,"messageStreamShowReasoning":true,"messageStreamShowReasoningMigrationInitialized":true,"messageStreamShowTodos":false,"toolGroupingExploreEnabled":true,"toolGroupingTerminalEnabled":true,"toolGroupingChangesEnabled":false,"zcodeInteractionBehavior":"queue","askUserQuestionAutoResolutionEnabled":false,"modelIoFullRetentionEnabled":false,"startPlanRecommendationDismissed":false,"providerFamilyConnectionSelections":{},"providerFamilyDomain":"zai","providerFamilyDomainMigrated":true,"nativeSearchEnhancementsEnabled":true,"memoryEnabled":false,"lastWorkspaceSession":[{"kind":"local","workspacePath":"D:\\Playground\\ZCode\\.tmp\\z1-native-1790582855405-f6850e\\workspace","workspacePurpose":"project"},{"kind":"local","workspacePath":"D:\\Playground\\ZCode\\.tmp\\z1-native-1790582855405-f6850e\\data\\.zcode\\workspace\\default","workspacePurpose":"conversation"}],"lastActiveTabIndex":0,"receivePreviewUpdates":false,"autoDownloadAndInstallUpdates":false,"skippedElectronUpdateVersions":{},"settingsSyncFirstRunPromptHandled":true}
[2026-09-28 16:07:53.530] [pid:19508] [main] [host-log] (local-1) [host] [2026-09-28 16:07:53.527] [pid:20368] [zcode-host] [rpc:listen] model-selection.onDidChange subscribed
[Z1 child] [2026-09-28 16:07:53.529] [pid:20368] [zcode-host] [rpc:call] setting.get OK (1.8ms)
[2026-09-28 16:07:53.530] [pid:20368] [zcode-host] [rpc:call] model-selection.getView OK (1.9ms)
[2026-09-28 16:07:53.531] [pid:19508] [main] [host-log] (local-1) [host] [2026-09-28 16:07:53.529] [pid:20368] [zcode-host] [rpc:call] graphEngineering.validateDefinition OK (0.4ms)
[2026-09-28 16:07:53.531] [pid:19508] [main] [host-log] (local-1) [host] [2026-09-28 16:07:53.529] [pid:20368] [zcode-host] [rpc:call] setting.get OK (1.8ms)
[2026-09-28 16:07:53.531] [pid:19508] [main] [host-log] (local-1) [host] [2026-09-28 16:07:53.530] [pid:20368] [zcode-host] [rpc:call] model-selection.getView OK (1.9ms)
[Z1 child] [2026-09-28 16:07:53.909] [pid:20368] [zcode-agent-service] 开始初始化 ZCode agent {
  workspaceKey: 'D:\\Playground\\ZCode\\.tmp\\z1-native-1790582855405-f6850e\\workspace',
  workspacePath: 'D:\\Playground\\ZCode\\.tmp\\z1-native-1790582855405-f6850e\\workspace'
}
[2026-09-28 16:07:53.910] [pid:19508] [main] [host-log] (local-1) [host] [2026-09-28 16:07:53.909] [pid:20368] [zcode-agent-service] 开始初始化 ZCode agent {"workspaceKey":"D:\\Playground\\ZCode\\.tmp\\z1-native-1790582855405-f6850e\\workspace","workspacePath":"D:\\Playground\\ZCode\\.tmp\\z1-native-1790582855405-f6850e\\workspace"}
[Z1 child] [2026-09-28 16:07:53.909] [pid:20368] [zcode-agent-service] ZCode agent 初始化完成 {
  durationMs: 0,
  transportKind: 'stdio',
  workspaceKey: 'D:\\Playground\\ZCode\\.tmp\\z1-native-1790582855405-f6850e\\workspace',
  workspacePath: 'D:\\Playground\\ZCode\\.tmp\\z1-native-1790582855405-f6850e\\workspace'
}
[2026-09-28 16:07:53.910] [pid:20368] [zcode-session-service][trace:f8814a6b-9bf2-4449-9006-78fb4ce32947] [zcode-session-service] createSession 分配 session trace {
  persistence: 'deferred',
  workspaceIdentity: undefined,
  workspacePath: 'D:\\Playground\\ZCode\\.tmp\\z1-native-1790582855405-f6850e\\workspace'
}
[2026-09-28 16:07:53.910] [pid:20368] [zcode-agent-service][trace:f8814a6b-9bf2-4449-9006-78fb4ce32947] 开始请求 ZCode Protocol session/create {
  hasInitialModel: false,
  hasInitialThoughtLevel: false,
  initialModel: null,
  mcpServerCount: 0,
  mcpServerNames: [],
  persistence: 'deferred',
  workspaceKey: 'D:\\Playground\\ZCode\\.tmp\\z1-native-1790582855405-f6850e\\workspace',
  workspacePath: 'D:\\Playground\\ZCode\\.tmp\\z1-native-1790582855405-f6850e\\workspace'
}
[2026-09-28 16:07:53.912] [pid:19508] [main] [host-log] (local-1) [host] [2026-09-28 16:07:53.909] [pid:20368] [zcode-agent-service] ZCode agent 初始化完成 {"durationMs":0,"transportKind":"stdio","workspaceKey":"D:\\Playground\\ZCode\\.tmp\\z1-native-1790582855405-f6850e\\workspace","workspacePath":"D:\\Playground\\ZCode\\.tmp\\z1-native-1790582855405-f6850e\\workspace"}
[2026-09-28 16:07:53.913] [pid:19508] [main] [host-log] (local-1) [host] [2026-09-28 16:07:53.910] [pid:20368] [zcode-session-service][trace:f8814a6b-9bf2-4449-9006-78fb4ce32947] [zcode-session-service] createSession 分配 session trace {"persistence":"deferred","workspacePath":"D:\\Playground\\ZCode\\.tmp\\z1-native-1790582855405-f6850e\\workspace"}
[2026-09-28 16:07:53.913] [pid:19508] [main] [host-log] (local-1) [host] [2026-09-28 16:07:53.910] [pid:20368] [zcode-agent-service][trace:f8814a6b-9bf2-4449-9006-78fb4ce32947] 开始请求 ZCode Protocol session/create {"hasInitialModel":false,"hasInitialThoughtLevel":false,"initialModel":null,"mcpServerCount":0,"mcpServerNames":[],"persistence":"deferred","workspaceKey":"D:\\Playground\\ZCode\\.tmp\\z1-native-1790582855405-f6850e\\workspace","workspacePath":"D:\\Playground\\ZCode\\.tmp\\z1-native-1790582855405-f6850e\\workspace"}
[Z1 child] [2026-09-28 16:07:53.911] [pid:20368] [settingService] reading settings from: D:\Playground\ZCode\.tmp\z1-native-1790582855405-f6850e\home\.zcode\v2\setting.json
[2026-09-28 16:07:53.911] [pid:20368] [settingService] read result: {"recentProjects":[],"locale":"zh-CN","localePreference":"en-US","terminalInheritSystemProfile":true,"embeddedBrowserAllowInsecureCertificates":false,"embeddedBrowserViewportPreference":{"mode":"normal","viewport":{"width":393,"height":852},"zoom":"fit"},"computerUseComposerEntryHidden":true,"taskAutoArchiveEnabled":false,"taskAutoArchiveOlderThanDays":7,"closeToTrayOnWindows":false,"closeToTrayOnWindowsMigrationInitialized":true,"keepAwakeWhileRunning":false,"desktopWindowSize":{"width":1600,"height":1000,"maximized":false},"desktopChromiumHardwareAccelerationEnabled":true,"messageStreamShowReasoning":true,"messageStreamShowReasoningMigrationInitialized":true,"messageStreamShowTodos":false,"toolGroupingExploreEnabled":true,"toolGroupingTerminalEnabled":true,"toolGroupingChangesEnabled":false,"zcodeInteractionBehavior":"queue","askUserQuestionAutoResolutionEnabled":false,"modelIoFullRetentionEnabled":false,"startPlanRecommendationDismissed":false,"providerFamilyConnectionSelections":{},"providerFamilyDomain":"zai","providerFamilyDomainMigrated":true,"nativeSearchEnhancementsEnabled":true,"memoryEnabled":false,"lastWorkspaceSession":[{"kind":"local","workspacePath":"D:\\Playground\\ZCode\\.tmp\\z1-native-1790582855405-f6850e\\workspace","workspacePurpose":"project"},{"kind":"local","workspacePath":"D:\\Playground\\ZCode\\.tmp\\z1-native-1790582855405-f6850e\\data\\.zcode\\workspace\\default","workspacePurpose":"conversation"}],"lastActiveTabIndex":0,"receivePreviewUpdates":false,"autoDownloadAndInstallUpdates":false,"skippedElectronUpdateVersions":{},"settingsSyncFirstRunPromptHandled":true}
[Z1 child] [2026-09-28 16:07:53.947] [pid:20368] [zcode-agent-service][trace:f8814a6b-9bf2-4449-9006-78fb4ce32947] ZCode Protocol session/create 完成 {
  durationMs: 37,
  messageCount: 0,
  modelCurrent: 'z1-local-fixture/z1-fixture$enabled',
  mcpServerCount: 0,
  persistence: 'deferred',
  sessionId: 'sess_3003da9d-6592-4d8c-add0-9ae0e1e6c1fc',
  snapshotTraceId: 'f8814a6b-9bf2-4449-9006-78fb4ce32947',
  workspaceKey: 'D:\\Playground\\ZCode\\.tmp\\z1-native-1790582855405-f6850e\\workspace',
  workspacePath: 'D:\\Playground\\ZCode\\.tmp\\z1-native-1790582855405-f6850e\\workspace'
}
[2026-09-28 16:07:53.947] [pid:20368] [zcode-session-service][trace:f8814a6b-9bf2-4449-9006-78fb4ce32947] [zcode-session-service] createSession agent 返回 {
  durationMs: 37,
  mcpServerCount: 0,
  persistence: 'deferred',
  snapshotTraceId: 'f8814a6b-9bf2-4449-9006-78fb4ce32947',
  sessionId: 'sess_3003da9d-6592-4d8c-add0-9ae0e1e6c1fc',
  workspaceIdentity: undefined,
  workspacePath: 'D:\\Playground\\ZCode\\.tmp\\z1-native-1790582855405-f6850e\\workspace'
}
[2026-09-28 16:07:53.948] [pid:19508] [main] [host-log] (local-1) [host] [2026-09-28 16:07:53.947] [pid:20368] [zcode-agent-service][trace:f8814a6b-9bf2-4449-9006-78fb4ce32947] ZCode Protocol session/create 完成 {"durationMs":37,"messageCount":0,"modelCurrent":"z1-local-fixture/z1-fixture$enabled","mcpServerCount":0,"persistence":"deferred","sessionId":"sess_3003da9d-6592-4d8c-add0-9ae0e1e6c1fc","snapshotTraceId":"f8814a6b-9bf2-4449-9006-78fb4ce32947","workspaceKey":"D:\\Playground\\ZCode\\.tmp\\z1-native-1790582855405-f6850e\\workspace","workspacePath":"D:\\Playground\\ZCode\\.tmp\\z1-native-1790582855405-f6850e\\workspace"}
[2026-09-28 16:07:53.949] [pid:19508] [main] [host-log] (local-1) [host] [2026-09-28 16:07:53.947] [pid:20368] [zcode-session-service][trace:f8814a6b-9bf2-4449-9006-78fb4ce32947] [zcode-session-service] createSession agent 返回 {"durationMs":37,"mcpServerCount":0,"persistence":"deferred","snapshotTraceId":"f8814a6b-9bf2-4449-9006-78fb4ce32947","sessionId":"sess_3003da9d-6592-4d8c-add0-9ae0e1e6c1fc","workspacePath":"D:\\Playground\\ZCode\\.tmp\\z1-native-1790582855405-f6850e\\workspace"}
[Z1 child] [2026-09-28 16:07:54.019] [pid:20368] [settingService] reading settings from: D:\Playground\ZCode\.tmp\z1-native-1790582855405-f6850e\home\.zcode\v2\setting.json
[Z1 child] [2026-09-28 16:07:54.020] [pid:20368] [settingService] read result: {"recentProjects":[],"locale":"zh-CN","localePreference":"en-US","terminalInheritSystemProfile":true,"embeddedBrowserAllowInsecureCertificates":false,"embeddedBrowserViewportPreference":{"mode":"normal","viewport":{"width":393,"height":852},"zoom":"fit"},"computerUseComposerEntryHidden":true,"taskAutoArchiveEnabled":false,"taskAutoArchiveOlderThanDays":7,"closeToTrayOnWindows":false,"closeToTrayOnWindowsMigrationInitialized":true,"keepAwakeWhileRunning":false,"desktopWindowSize":{"width":1600,"height":1000,"maximized":false},"desktopChromiumHardwareAccelerationEnabled":true,"messageStreamShowReasoning":true,"messageStreamShowReasoningMigrationInitialized":true,"messageStreamShowTodos":false,"toolGroupingExploreEnabled":true,"toolGroupingTerminalEnabled":true,"toolGroupingChangesEnabled":false,"zcodeInteractionBehavior":"queue","askUserQuestionAutoResolutionEnabled":false,"modelIoFullRetentionEnabled":false,"startPlanRecommendationDismissed":false,"providerFamilyConnectionSelections":{},"providerFamilyDomain":"zai","providerFamilyDomainMigrated":true,"nativeSearchEnhancementsEnabled":true,"memoryEnabled":false,"lastWorkspaceSession":[{"kind":"local","workspacePath":"D:\\Playground\\ZCode\\.tmp\\z1-native-1790582855405-f6850e\\workspace","workspacePurpose":"project"},{"kind":"local","workspacePath":"D:\\Playground\\ZCode\\.tmp\\z1-native-1790582855405-f6850e\\data\\.zcode\\workspace\\default","workspacePurpose":"conversation"}],"lastActiveTabIndex":0,"receivePreviewUpdates":false,"autoDownloadAndInstallUpdates":false,"skippedElectronUpdateVersions":{},"settingsSyncFirstRunPromptHandled":true}
[Z1 child] [2026-09-28 16:07:54.021] [pid:20368] [zcode-host] [rpc:call] graphEngineering.getWorkspace OK (285.6ms)
[2026-09-28 16:07:54.022] [pid:20368] [settingService] reading settings from: D:\Playground\ZCode\.tmp\z1-native-1790582855405-f6850e\home\.zcode\v2\setting.json
[2026-09-28 16:07:54.023] [pid:19508] [main] [host-log] (local-1) [host] [2026-09-28 16:07:54.021] [pid:20368] [zcode-host] [rpc:call] graphEngineering.getWorkspace OK (285.6ms)
[Z1 child] [2026-09-28 16:07:54.023] [pid:20368] [settingService] read result: {"recentProjects":[],"locale":"zh-CN","localePreference":"en-US","terminalInheritSystemProfile":true,"embeddedBrowserAllowInsecureCertificates":false,"embeddedBrowserViewportPreference":{"mode":"normal","viewport":{"width":393,"height":852},"zoom":"fit"},"computerUseComposerEntryHidden":true,"taskAutoArchiveEnabled":false,"taskAutoArchiveOlderThanDays":7,"closeToTrayOnWindows":false,"closeToTrayOnWindowsMigrationInitialized":true,"keepAwakeWhileRunning":false,"desktopWindowSize":{"width":1600,"height":1000,"maximized":false},"desktopChromiumHardwareAccelerationEnabled":true,"messageStreamShowReasoning":true,"messageStreamShowReasoningMigrationInitialized":true,"messageStreamShowTodos":false,"toolGroupingExploreEnabled":true,"toolGroupingTerminalEnabled":true,"toolGroupingChangesEnabled":false,"zcodeInteractionBehavior":"queue","askUserQuestionAutoResolutionEnabled":false,"modelIoFullRetentionEnabled":false,"startPlanRecommendationDismissed":false,"providerFamilyConnectionSelections":{},"providerFamilyDomain":"zai","providerFamilyDomainMigrated":true,"nativeSearchEnhancementsEnabled":true,"memoryEnabled":false,"lastWorkspaceSession":[{"kind":"local","workspacePath":"D:\\Playground\\ZCode\\.tmp\\z1-native-1790582855405-f6850e\\workspace","workspacePurpose":"project"},{"kind":"local","workspacePath":"D:\\Playground\\ZCode\\.tmp\\z1-native-1790582855405-f6850e\\data\\.zcode\\workspace\\default","workspacePurpose":"conversation"}],"lastActiveTabIndex":0,"receivePreviewUpdates":false,"autoDownloadAndInstallUpdates":false,"skippedElectronUpdateVersions":{},"settingsSyncFirstRunPromptHandled":true}
[Z1 child] [2026-09-28 16:07:54.023] [pid:20368] [zcode-host] [rpc:call] graphEngineering.getWorkspace OK (113.4ms)
[2026-09-28 16:07:54.024] [pid:19508] [main] [host-log] (local-1) [host] [2026-09-28 16:07:54.023] [pid:20368] [zcode-host] [rpc:call] graphEngineering.getWorkspace OK (113.4ms)
[Z1 child] [2026-09-28 16:07:54.024] [pid:20368] [settingService] reading settings from: D:\Playground\ZCode\.tmp\z1-native-1790582855405-f6850e\home\.zcode\v2\setting.json
[Z1 child] [2026-09-28 16:07:54.025] [pid:20368] [settingService] read result: {"recentProjects":[],"locale":"zh-CN","localePreference":"en-US","terminalInheritSystemProfile":true,"embeddedBrowserAllowInsecureCertificates":false,"embeddedBrowserViewportPreference":{"mode":"normal","viewport":{"width":393,"height":852},"zoom":"fit"},"computerUseComposerEntryHidden":true,"taskAutoArchiveEnabled":false,"taskAutoArchiveOlderThanDays":7,"closeToTrayOnWindows":false,"closeToTrayOnWindowsMigrationInitialized":true,"keepAwakeWhileRunning":false,"desktopWindowSize":{"width":1600,"height":1000,"maximized":false},"desktopChromiumHardwareAccelerationEnabled":true,"messageStreamShowReasoning":true,"messageStreamShowReasoningMigrationInitialized":true,"messageStreamShowTodos":false,"toolGroupingExploreEnabled":true,"toolGroupingTerminalEnabled":true,"toolGroupingChangesEnabled":false,"zcodeInteractionBehavior":"queue","askUserQuestionAutoResolutionEnabled":false,"modelIoFullRetentionEnabled":false,"startPlanRecommendationDismissed":false,"providerFamilyConnectionSelections":{},"providerFamilyDomain":"zai","providerFamilyDomainMigrated":true,"nativeSearchEnhancementsEnabled":true,"memoryEnabled":false,"lastWorkspaceSession":[{"kind":"local","workspacePath":"D:\\Playground\\ZCode\\.tmp\\z1-native-1790582855405-f6850e\\workspace","workspacePurpose":"project"},{"kind":"local","workspacePath":"D:\\Playground\\ZCode\\.tmp\\z1-native-1790582855405-f6850e\\data\\.zcode\\workspace\\default","workspacePurpose":"conversation"}],"lastActiveTabIndex":0,"receivePreviewUpdates":false,"autoDownloadAndInstallUpdates":false,"skippedElectronUpdateVersions":{},"settingsSyncFirstRunPromptHandled":true}
[Z1 child] [2026-09-28 16:07:54.025] [pid:20368] [zcode-host] [rpc:call] graphEngineering.getWorkspace OK (73.2ms)
[2026-09-28 16:07:54.026] [pid:19508] [main] [host-log] (local-1) [host] [2026-09-28 16:07:54.025] [pid:20368] [zcode-host] [rpc:call] graphEngineering.getWorkspace OK (73.2ms)
[Z1 child] [2026-09-28 16:07:54.026] [pid:20368] [settingService] reading settings from: D:\Playground\ZCode\.tmp\z1-native-1790582855405-f6850e\home\.zcode\v2\setting.json
[Z1 child] [2026-09-28 16:07:54.027] [pid:20368] [settingService] read result: {"recentProjects":[],"locale":"zh-CN","localePreference":"en-US","terminalInheritSystemProfile":true,"embeddedBrowserAllowInsecureCertificates":false,"embeddedBrowserViewportPreference":{"mode":"normal","viewport":{"width":393,"height":852},"zoom":"fit"},"computerUseComposerEntryHidden":true,"taskAutoArchiveEnabled":false,"taskAutoArchiveOlderThanDays":7,"closeToTrayOnWindows":false,"closeToTrayOnWindowsMigrationInitialized":true,"keepAwakeWhileRunning":false,"desktopWindowSize":{"width":1600,"height":1000,"maximized":false},"desktopChromiumHardwareAccelerationEnabled":true,"messageStreamShowReasoning":true,"messageStreamShowReasoningMigrationInitialized":true,"messageStreamShowTodos":false,"toolGroupingExploreEnabled":true,"toolGroupingTerminalEnabled":true,"toolGroupingChangesEnabled":false,"zcodeInteractionBehavior":"queue","askUserQuestionAutoResolutionEnabled":false,"modelIoFullRetentionEnabled":false,"startPlanRecommendationDismissed":false,"providerFamilyConnectionSelections":{},"providerFamilyDomain":"zai","providerFamilyDomainMigrated":true,"nativeSearchEnhancementsEnabled":true,"memoryEnabled":false,"lastWorkspaceSession":[{"kind":"local","workspacePath":"D:\\Playground\\ZCode\\.tmp\\z1-native-1790582855405-f6850e\\workspace","workspacePurpose":"project"},{"kind":"local","workspacePath":"D:\\Playground\\ZCode\\.tmp\\z1-native-1790582855405-f6850e\\data\\.zcode\\workspace\\default","workspacePurpose":"conversation"}],"lastActiveTabIndex":0,"receivePreviewUpdates":false,"autoDownloadAndInstallUpdates":false,"skippedElectronUpdateVersions":{},"settingsSyncFirstRunPromptHandled":true}
[Z1 child] [2026-09-28 16:07:54.027] [pid:20368] [zcode-host] [rpc:call] graphEngineering.getWorkspace OK (18.2ms)
[2026-09-28 16:07:54.028] [pid:19508] [main] [host-log] (local-1) [host] [2026-09-28 16:07:54.027] [pid:20368] [zcode-host] [rpc:call] graphEngineering.getWorkspace OK (18.2ms)
[Z1 child] [2026-09-28 16:07:54.028] [pid:20368] [settingService] reading settings from: D:\Playground\ZCode\.tmp\z1-native-1790582855405-f6850e\home\.zcode\v2\setting.json
[Z1 child] [2026-09-28 16:07:54.029] [pid:20368] [settingService] read result: {"recentProjects":[],"locale":"zh-CN","localePreference":"en-US","terminalInheritSystemProfile":true,"embeddedBrowserAllowInsecureCertificates":false,"embeddedBrowserViewportPreference":{"mode":"normal","viewport":{"width":393,"height":852},"zoom":"fit"},"computerUseComposerEntryHidden":true,"taskAutoArchiveEnabled":false,"taskAutoArchiveOlderThanDays":7,"closeToTrayOnWindows":false,"closeToTrayOnWindowsMigrationInitialized":true,"keepAwakeWhileRunning":false,"desktopWindowSize":{"width":1600,"height":1000,"maximized":false},"desktopChromiumHardwareAccelerationEnabled":true,"messageStreamShowReasoning":true,"messageStreamShowReasoningMigrationInitialized":true,"messageStreamShowTodos":false,"toolGroupingExploreEnabled":true,"toolGroupingTerminalEnabled":true,"toolGroupingChangesEnabled":false,"zcodeInteractionBehavior":"queue","askUserQuestionAutoResolutionEnabled":false,"modelIoFullRetentionEnabled":false,"startPlanRecommendationDismissed":false,"providerFamilyConnectionSelections":{},"providerFamilyDomain":"zai","providerFamilyDomainMigrated":true,"nativeSearchEnhancementsEnabled":true,"memoryEnabled":false,"lastWorkspaceSession":[{"kind":"local","workspacePath":"D:\\Playground\\ZCode\\.tmp\\z1-native-1790582855405-f6850e\\workspace","workspacePurpose":"project"},{"kind":"local","workspacePath":"D:\\Playground\\ZCode\\.tmp\\z1-native-1790582855405-f6850e\\data\\.zcode\\workspace\\default","workspacePurpose":"conversation"}],"lastActiveTabIndex":0,"receivePreviewUpdates":false,"autoDownloadAndInstallUpdates":false,"skippedElectronUpdateVersions":{},"settingsSyncFirstRunPromptHandled":true}
[Z1 child] [2026-09-28 16:07:54.029] [pid:20368] [zcode-host] [rpc:call] graphEngineering.getWorkspace OK (4.6ms)
[2026-09-28 16:07:54.030] [pid:19508] [main] [host-log] (local-1) [host] [2026-09-28 16:07:54.029] [pid:20368] [zcode-host] [rpc:call] graphEngineering.getWorkspace OK (4.6ms)
[Z1 child] [2026-09-28 16:07:54.359] [pid:20368] [cua-pip-session] [cua-pip-session] event delivery dropped {
  kind: 'focus-changed',
  revision: 6,
  sessionId: 'sess_3003da9d-6592-4d8c-add0-9ae0e1e6c1fc',
  sourceWindowId: 'window-1',
  skipReason: 'service-disabled'
}
[2026-09-28 16:07:54.360] [pid:19508] [main] [host-log] (local-1) [host] [2026-09-28 16:07:54.359] [pid:20368] [cua-pip-session] [cua-pip-session] event delivery dropped {"kind":"focus-changed","revision":6,"sessionId":"sess_3003da9d-6592-4d8c-add0-9ae0e1e6c1fc","sourceWindowId":"window-1","skipReason":"service-disabled"}
[2026-09-28 16:07:54.364] [pid:19508] [renderer] v4 workspace connection reused {
  event: 'v4.workspace_connection.reused',
  isRemote: false,
  key: '__base__ D:\\Playground\\ZCode\\.tmp\\z1-native-1790582855405-f6850e\\workspace',
  module: 'ui.v4.workspace_connection_registry',
  refCount: 1,
  serviceGeneration: 1,
  status: 'completed'
}
[Z1 child] [2026-09-28 16:07:54.383] [pid:20368] [zcode-host] [rpc:call] zcode-task.getTaskSessionFilePath OK (0.0ms)
[2026-09-28 16:07:54.384] [pid:19508] [main] [host-log] (local-1) [host] [2026-09-28 16:07:54.383] [pid:20368] [zcode-host] [rpc:call] zcode-task.getTaskSessionFilePath OK (0.0ms)
[2026-09-28 16:07:54.385] [pid:19508] [renderer] v4 conversation store connect started {
  event: 'v4.conversation.store.connect.started',
  generation: 1,
  hasBase: false,
  module: 'ui.v4.conversation_projection_store',
  status: 'started',
  topic: 'conversation/sess_3003da9d-6592-4d8c-add0-9ae0e1e6c1fc'
}
[2026-09-28 16:07:54.385] [pid:19508] [renderer] v4 conversation subscription started {
  workspaceKey: 'D:\\Playground\\ZCode\\.tmp\\z1-native-1790582855405-f6850e\\workspace',
  workspacePath: 'D:\\Playground\\ZCode\\.tmp\\z1-native-1790582855405-f6850e\\workspace',
  event: 'v4.conversation.subscribe.started',
  module: 'ui.v4.conversation_transport',
  runtimeGeneration: 0,
  sessionId: 'sess_3003da9d-6592-4d8c-add0-9ae0e1e6c1fc',
  status: 'started',
  topic: 'conversation/sess_3003da9d-6592-4d8c-add0-9ae0e1e6c1fc'
}
[2026-09-28 16:07:54.385] [pid:19508] [renderer] v4 session data lease acquired {
  event: 'v4.session_data.acquire',
  keepWarm: false,
  module: 'ui.v4.session_data_layer',
  openKind: 'cold',
  refCount: 1,
  sessionId: 'sess_3003da9d-6592-4d8c-add0-9ae0e1e6c1fc',
  status: 'completed',
  topic: 'conversation/sess_3003da9d-6592-4d8c-add0-9ae0e1e6c1fc'
}
[2026-09-28 16:07:54.386] [pid:19508] [main] [host-log] (local-1) [host] [2026-09-28 16:07:54.384] [pid:20368] [zcode-host] [rpc:call] zcode-task.getTaskNativeSessionLogFile OK (0.3ms)
[2026-09-28 16:07:54.386] [pid:19508] [main] [host-log] (local-1) [host] [2026-09-28 16:07:54.384] [pid:20368] [zcode-host] [rpc:listen] graphEngineering.onDidChange subscribed
[2026-09-28 16:07:54.387] [pid:19508] [main] [host-log] (local-1) [host] [2026-09-28 16:07:54.384] [pid:20368] [zcode-host] [rpc:call] graphEngineering.isSessionOwned OK (0.0ms)
[2026-09-28 16:07:54.387] [pid:19508] [main] [host-log] (local-1) [host] [2026-09-28 16:07:54.385] [pid:20368] [zcode-host] [rpc:listen] model-selection.onDidChange subscribed
[2026-09-28 16:07:54.387] [pid:19508] [main] [host-log] (local-1) [host] [2026-09-28 16:07:54.385] [pid:20368] [zcode-host] [rpc:call] zcode-task.getTaskNativeSessionLogFile OK (0.2ms)
[2026-09-28 16:07:54.388] [pid:19508] [main] [host-log] (local-1) [host] [2026-09-28 16:07:54.385] [pid:20368] [zcode-host] [rpc:call] zcode-task.getTaskSessionFilePath OK (0.0ms)
[2026-09-28 16:07:54.388] [pid:19508] [main] [host-log] (local-1) [host] [2026-09-28 16:07:54.386] [pid:20368] [zcode-host] [rpc:call] setting.get OK (2.2ms)
[2026-09-28 16:07:54.388] [pid:19508] [main] [host-log] (local-1) [host] [2026-09-28 16:07:54.387] [pid:20368] [zcode-host] [rpc:call] model-selection.getView OK (2.2ms)
[Z1 child] [2026-09-28 16:07:54.384] [pid:20368] [zcode-host] [rpc:call] zcode-task.getTaskNativeSessionLogFile OK (0.3ms)
[2026-09-28 16:07:54.384] [pid:20368] [settingService] reading settings from: D:\Playground\ZCode\.tmp\z1-native-1790582855405-f6850e\home\.zcode\v2\setting.json
[2026-09-28 16:07:54.384] [pid:20368] [zcode-host] [rpc:listen] graphEngineering.onDidChange subscribed
[2026-09-28 16:07:54.384] [pid:20368] [zcode-host] [rpc:call] graphEngineering.isSessionOwned OK (0.0ms)
[2026-09-28 16:07:54.385] [pid:20368] [zcode-host] [rpc:listen] model-selection.onDidChange subscribed
[2026-09-28 16:07:54.385] [pid:20368] [zcode-host] [rpc:call] zcode-task.getTaskNativeSessionLogFile OK (0.2ms)
[2026-09-28 16:07:54.385] [pid:20368] [zcode-host] [rpc:call] zcode-task.getTaskSessionFilePath OK (0.0ms)
[2026-09-28 16:07:54.386] [pid:20368] [settingService] read result: {"recentProjects":[],"locale":"zh-CN","localePreference":"en-US","terminalInheritSystemProfile":true,"embeddedBrowserAllowInsecureCertificates":false,"embeddedBrowserViewportPreference":{"mode":"normal","viewport":{"width":393,"height":852},"zoom":"fit"},"computerUseComposerEntryHidden":true,"taskAutoArchiveEnabled":false,"taskAutoArchiveOlderThanDays":7,"closeToTrayOnWindows":false,"closeToTrayOnWindowsMigrationInitialized":true,"keepAwakeWhileRunning":false,"desktopWindowSize":{"width":1600,"height":1000,"maximized":false},"desktopChromiumHardwareAccelerationEnabled":true,"messageStreamShowReasoning":true,"messageStreamShowReasoningMigrationInitialized":true,"messageStreamShowTodos":false,"toolGroupingExploreEnabled":true,"toolGroupingTerminalEnabled":true,"toolGroupingChangesEnabled":false,"zcodeInteractionBehavior":"queue","askUserQuestionAutoResolutionEnabled":false,"modelIoFullRetentionEnabled":false,"startPlanRecommendationDismissed":false,"providerFamilyConnectionSelections":{},"providerFamilyDomain":"zai","providerFamilyDomainMigrated":true,"nativeSearchEnhancementsEnabled":true,"memoryEnabled":false,"lastWorkspaceSession":[{"kind":"local","workspacePath":"D:\\Playground\\ZCode\\.tmp\\z1-native-1790582855405-f6850e\\workspace","workspacePurpose":"project"},{"kind":"local","workspacePath":"D:\\Playground\\ZCode\\.tmp\\z1-native-1790582855405-f6850e\\data\\.zcode\\workspace\\default","workspacePurpose":"conversation"}],"lastActiveTabIndex":0,"receivePreviewUpdates":false,"autoDownloadAndInstallUpdates":false,"skippedElectronUpdateVersions":{},"settingsSyncFirstRunPromptHandled":true}
[2026-09-28 16:07:54.386] [pid:20368] [zcode-host] [rpc:call] setting.get OK (2.2ms)
[2026-09-28 16:07:54.387] [pid:20368] [zcode-host] [rpc:call] model-selection.getView OK (2.2ms)
[Z1 child] [2026-09-28 16:07:54.395] [pid:20368] [zcode-host] [rpc:call] zcode-task.getTaskNativeSessionLogFile OK (0.1ms)
[2026-09-28 16:07:54.395] [pid:19508] [main] [host-log] (local-1) [host] [2026-09-28 16:07:54.395] [pid:20368] [zcode-host] [rpc:call] zcode-task.getTaskNativeSessionLogFile OK (0.1ms)
[Z1 child] [2026-09-28 16:07:54.402] [pid:20368] [zcode-session-service] [zcode-session-service] readSession 历史快照读取完成 {
  deliveryKind: undefined,
  durationMs: 17,
  messageLimit: 1,
  sessionId: 'sess_3003da9d-6592-4d8c-add0-9ae0e1e6c1fc',
  snapshot: {
    activeTurnId: null,
    eventSeq: 2,
    messageCount: 0,
    pendingRequestCount: 1,
    sessionStatus: 'idle',
    stateRevision: 0
  },
  workspaceIdentity: null,
  workspacePath: 'D:\\Playground\\ZCode\\.tmp\\z1-native-1790582855405-f6850e\\workspace'
}
[2026-09-28 16:07:54.403] [pid:19508] [main] [host-log] (local-1) [host] [2026-09-28 16:07:54.402] [pid:20368] [zcode-session-service] [zcode-session-service] readSession 历史快照读取完成 {"durationMs":17,"messageLimit":1,"sessionId":"sess_3003da9d-6592-4d8c-add0-9ae0e1e6c1fc","snapshot":{"activeTurnId":null,"eventSeq":2,"messageCount":0,"pendingRequestCount":1,"sessionStatus":"idle","stateRevision":0},"workspaceIdentity":null,"workspacePath":"D:\\Playground\\ZCode\\.tmp\\z1-native-1790582855405-f6850e\\workspace"}
[2026-09-28 16:07:54.403] [pid:19508] [main] [host-log] (local-1) [host] [2026-09-28 16:07:54.402] [pid:20368] [zcode-host] [rpc:call] zcode-session.readSession OK (17.5ms)
[Z1 child] [2026-09-28 16:07:54.402] [pid:20368] [zcode-host] [rpc:call] zcode-session.readSession OK (17.5ms)
[Z1 child] [2026-09-28 16:07:54.408] [pid:20368] [zcode-host] [rpc:call] zcode-agent.conversationWorkflowRunsV4 OK (0.8ms)
[2026-09-28 16:07:54.408] [pid:19508] [main] [host-log] (local-1) [host] [2026-09-28 16:07:54.408] [pid:20368] [zcode-host] [rpc:call] zcode-agent.conversationWorkflowRunsV4 OK (0.8ms)
[Z1 child] [2026-09-28 16:07:54.411] [pid:20368] [zcode-host] [rpc:call] zcode-agent.subscribeConversationV4 OK (3.6ms)
[2026-09-28 16:07:54.411] [pid:19508] [main] [host-log] (local-1) [host] [2026-09-28 16:07:54.411] [pid:20368] [zcode-host] [rpc:call] zcode-agent.subscribeConversationV4 OK (3.6ms)
[2026-09-28 16:07:54.417] [pid:19508] [renderer] v4 conversation subscription acknowledged {
  workspaceKey: 'D:\\Playground\\ZCode\\.tmp\\z1-native-1790582855405-f6850e\\workspace',
  workspacePath: 'D:\\Playground\\ZCode\\.tmp\\z1-native-1790582855405-f6850e\\workspace',
  durationMs: 33,
  event: 'v4.conversation.subscribe.acknowledged',
  module: 'ui.v4.conversation_transport',
  runtimeGeneration: 0,
  sessionId: 'sess_3003da9d-6592-4d8c-add0-9ae0e1e6c1fc',
  status: 'completed',
  subscriptionId: 'sub-mukyt7z3-2xwiz6zv-1',
  topic: 'conversation/sess_3003da9d-6592-4d8c-add0-9ae0e1e6c1fc'
}
[2026-09-28 16:07:54.418] [pid:19508] [renderer] v4 conversation subscription activated {
  workspaceKey: 'D:\\Playground\\ZCode\\.tmp\\z1-native-1790582855405-f6850e\\workspace',
  workspacePath: 'D:\\Playground\\ZCode\\.tmp\\z1-native-1790582855405-f6850e\\workspace',
  event: 'v4.conversation.subscribe.activated',
  module: 'ui.v4.conversation_transport',
  runtimeGeneration: 0,
  status: 'completed',
  subscriptionId: 'sub-mukyt7z3-2xwiz6zv-1',
  topic: 'conversation/sess_3003da9d-6592-4d8c-add0-9ae0e1e6c1fc'
}
[2026-09-28 16:07:54.418] [pid:19508] [renderer] v4 conversation store connect completed {
  durationMs: 33,
  event: 'v4.conversation.store.connect.completed',
  generation: 1,
  logEpoch: 'mukyt7z3-2xwiz6zv',
  mode: 'snapshot',
  module: 'ui.v4.conversation_projection_store',
  status: 'completed',
  subscriptionId: 'sub-mukyt7z3-2xwiz6zv-1',
  topic: 'conversation/sess_3003da9d-6592-4d8c-add0-9ae0e1e6c1fc'
}
[Z1 child] [2026-09-28 16:07:54.434] [pid:20368] [zcode-host] [rpc:listen] model-selection.onDidChange subscribed
[2026-09-28 16:07:54.434] [pid:19508] [main] [host-log] (local-1) [host] [2026-09-28 16:07:54.434] [pid:20368] [zcode-host] [rpc:listen] model-selection.onDidChange subscribed
[2026-09-28 16:07:54.435] [pid:19508] [main] [host-log] (local-1) [host] [2026-09-28 16:07:54.434] [pid:20368] [zcode-host] [rpc:call] zcode-task.getTaskNativeSessionLogFile OK (0.1ms)
[Z1 child] [2026-09-28 16:07:54.434] [pid:20368] [zcode-host] [rpc:call] zcode-task.getTaskNativeSessionLogFile OK (0.1ms)
[2026-09-28 16:07:54.436] [pid:19508] [main] [host-log] (local-1) [host] [2026-09-28 16:07:54.435] [pid:20368] [zcode-host] [rpc:call] model-selection.getView OK (1.2ms)
[Z1 child] [2026-09-28 16:07:54.435] [pid:20368] [zcode-host] [rpc:call] model-selection.getView OK (1.2ms)
[Z1 child] [2026-09-28 16:07:54.443] [pid:20368] [zcode-host] [rpc:call] zcode-agent.conversationPlansV4 OK (0.6ms)
[2026-09-28 16:07:54.444] [pid:19508] [main] [host-log] (local-1) [host] [2026-09-28 16:07:54.443] [pid:20368] [zcode-host] [rpc:call] zcode-agent.conversationPlansV4 OK (0.6ms)
[Z1 child] [2026-09-28 16:07:54.748] [pid:20368] [settingService] reading settings from: D:\Playground\ZCode\.tmp\z1-native-1790582855405-f6850e\home\.zcode\v2\setting.json
[Z1 child] [2026-09-28 16:07:54.749] [pid:20368] [settingService] read result: {"recentProjects":[],"locale":"zh-CN","localePreference":"en-US","terminalInheritSystemProfile":true,"embeddedBrowserAllowInsecureCertificates":false,"embeddedBrowserViewportPreference":{"mode":"normal","viewport":{"width":393,"height":852},"zoom":"fit"},"computerUseComposerEntryHidden":true,"taskAutoArchiveEnabled":false,"taskAutoArchiveOlderThanDays":7,"closeToTrayOnWindows":false,"closeToTrayOnWindowsMigrationInitialized":true,"keepAwakeWhileRunning":false,"desktopWindowSize":{"width":1600,"height":1000,"maximized":false},"desktopChromiumHardwareAccelerationEnabled":true,"messageStreamShowReasoning":true,"messageStreamShowReasoningMigrationInitialized":true,"messageStreamShowTodos":false,"toolGroupingExploreEnabled":true,"toolGroupingTerminalEnabled":true,"toolGroupingChangesEnabled":false,"zcodeInteractionBehavior":"queue","askUserQuestionAutoResolutionEnabled":false,"modelIoFullRetentionEnabled":false,"startPlanRecommendationDismissed":false,"providerFamilyConnectionSelections":{},"providerFamilyDomain":"zai","providerFamilyDomainMigrated":true,"nativeSearchEnhancementsEnabled":true,"memoryEnabled":false,"lastWorkspaceSession":[{"kind":"local","workspacePath":"D:\\Playground\\ZCode\\.tmp\\z1-native-1790582855405-f6850e\\workspace","workspacePurpose":"project"},{"kind":"local","workspacePath":"D:\\Playground\\ZCode\\.tmp\\z1-native-1790582855405-f6850e\\data\\.zcode\\workspace\\default","workspacePurpose":"conversation"}],"lastActiveTabIndex":0,"receivePreviewUpdates":false,"autoDownloadAndInstallUpdates":false,"skippedElectronUpdateVersions":{},"settingsSyncFirstRunPromptHandled":true}
[Z1 child] [2026-09-28 16:07:54.751] [pid:20368] [settingService] writing settings to: D:\Playground\ZCode\.tmp\z1-native-1790582855405-f6850e\home\.zcode\v2\setting.json {"recentProjects":[],"locale":"zh-CN","localePreference":"en-US","terminalInheritSystemProfile":true,"embeddedBrowserAllowInsecureCertificates":false,"embeddedBrowserViewportPreference":{"mode":"normal","viewport":{"width":393,"height":852},"zoom":"fit"},"computerUseComposerEntryHidden":true,"taskAutoArchiveEnabled":false,"taskAutoArchiveOlderThanDays":7,"closeToTrayOnWindows":false,"closeToTrayOnWindowsMigrationInitialized":true,"keepAwakeWhileRunning":false,"desktopWindowSize":{"width":1600,"height":1000,"maximized":false},"desktopChromiumHardwareAccelerationEnabled":true,"messageStreamShowReasoning":true,"messageStreamShowReasoningMigrationInitialized":true,"messageStreamShowTodos":false,"toolGroupingExploreEnabled":true,"toolGroupingTerminalEnabled":true,"toolGroupingChangesEnabled":false,"zcodeInteractionBehavior":"queue","askUserQuestionAutoResolutionEnabled":false,"modelIoFullRetentionEnabled":false,"startPlanRecommendationDismissed":false,"providerFamilyConnectionSelections":{},"providerFamilyDomain":"zai","providerFamilyDomainMigrated":true,"nativeSearchEnhancementsEnabled":true,"memoryEnabled":false,"lastWorkspaceSession":[{"kind":"local","workspacePath":"D:\\Playground\\ZCode\\.tmp\\z1-native-1790582855405-f6850e\\workspace","workspacePurpose":"project"},{"kind":"local","workspacePath":"D:\\Playground\\ZCode\\.tmp\\z1-native-1790582855405-f6850e\\data\\.zcode\\workspace\\default","workspacePurpose":"conversation"}],"lastActiveTabIndex":0,"receivePreviewUpdates":false,"autoDownloadAndInstallUpdates":false,"skippedElectronUpdateVersions":{},"settingsSyncFirstRunPromptHandled":true}
[2026-09-28 16:07:54.753] [pid:19508] [main] [host-log] (local-1) [host] [2026-09-28 16:07:54.751] [pid:20368] [settingService] writing settings to: D:\Playground\ZCode\.tmp\z1-native-1790582855405-f6850e\home\.zcode\v2\setting.json {"recentProjects":[],"locale":"zh-CN","localePreference":"en-US","terminalInheritSystemProfile":true,"embeddedBrowserAllowInsecureCertificates":false,"embeddedBrowserViewportPreference":{"mode":"normal","viewport":{"width":393,"height":852},"zoom":"fit"},"computerUseComposerEntryHidden":true,"taskAutoArchiveEnabled":false,"taskAutoArchiveOlderThanDays":7,"closeToTrayOnWindows":false,"closeToTrayOnWindowsMigrationInitialized":true,"keepAwakeWhileRunning":false,"desktopWindowSize":{"width":1600,"height":1000,"maximized":false},"desktopChromiumHardwareAccelerationEnabled":true,"messageStreamShowReasoning":true,"messageStreamShowReasoningMigrationInitialized":true,"messageStreamShowTodos":false,"toolGroupingExploreEnabled":true,"toolGroupingTerminalEnabled":true,"toolGroupingChangesEnabled":false,"zcodeInteractionBehavior":"queue","askUserQuestionAutoResolutionEnabled":false,"modelIoFullRetentionEnabled":false,"startPlanRecommendationDismissed":false,"providerFamilyConnectionSelections":{},"providerFamilyDomain":"zai","providerFamilyDomainMigrated":true,"nativeSearchEnhancementsEnabled":true,"memoryEnabled":false,"lastWorkspaceSession":[{"kind":"local","workspacePath":"D:\\Playground\\ZCode\\.tmp\\z1-native-1790582855405-f6850e\\workspace","workspacePurpose":"project"},{"kind":"local","workspacePath":"D:\\Playground\\ZCode\\.tmp\\z1-native-1790582855405-f6850e\\data\\.zcode\\workspace\\default","workspacePurpose":"conversation"}],"lastActiveTabIndex":0,"receivePreviewUpdates":false,"autoDownloadAndInstallUpdates":false,"skippedElectronUpdateVersions":{},"settingsSyncFirstRunPromptHandled":true}
[Z1 child] [2026-09-28 16:07:54.756] [pid:20368] [settingService] write done
[2026-09-28 16:07:54.757] [pid:19508] [main] [host-log] (local-1) [host] [2026-09-28 16:07:54.756] [pid:20368] [settingService] write done
[2026-09-28 16:07:54.758] [pid:19508] [main] [host-log] (local-1) [host] [2026-09-28 16:07:54.756] [pid:20368] [zcode-host] [rpc:call] setting.update OK (8.4ms)
[Z1 child] [2026-09-28 16:07:54.756] [pid:20368] [zcode-host] [rpc:call] setting.update OK (8.4ms)
[Z1 child] [2026-09-28 16:07:54.852] [pid:20368] [zcode-host] [rpc:call] zcode-agent.sendConversationCommandV4 OK (4.0ms)
[2026-09-28 16:07:54.853] [pid:19508] [main] [host-log] (local-1) [host] [2026-09-28 16:07:54.852] [pid:20368] [zcode-host] [rpc:call] zcode-agent.sendConversationCommandV4 OK (4.0ms)
[2026-09-28 16:07:54.963] [pid:19508] [renderer] v4 workspace connection lease released {
  event: 'v4.workspace_connection.release',
  keepWarmMs: 30000,
  key: '__base__ D:\\Playground\\ZCode\\.tmp\\z1-native-1790582855405-f6850e\\workspace',
  module: 'ui.v4.workspace_connection_registry',
  refCount: 0,
  status: 'keep_warm'
}
[2026-09-28 16:07:54.963] [pid:19508] [renderer] v4 session data lease released {
  event: 'v4.session_data.release',
  keepWarmMs: 30000,
  module: 'ui.v4.session_data_layer',
  refCount: 0,
  status: 'keep_warm',
  topic: 'conversation/sess_3003da9d-6592-4d8c-add0-9ae0e1e6c1fc'
}
[Z1 child] [2026-09-28 16:07:54.965] [pid:20368] [zcode-host] [rpc:listen] graphEngineering.onDidChange subscribed
[2026-09-28 16:07:54.966] [pid:19508] [main] [host-log] (local-1) [host] [2026-09-28 16:07:54.965] [pid:20368] [zcode-host] [rpc:listen] graphEngineering.onDidChange subscribed
[Z1 child] [2026-09-28 16:07:54.966] [pid:20368] [settingService] reading settings from: D:\Playground\ZCode\.tmp\z1-native-1790582855405-f6850e\home\.zcode\v2\setting.json
[Z1 child] [2026-09-28 16:07:54.967] [pid:20368] [settingService] read result: {"recentProjects":[],"locale":"zh-CN","localePreference":"en-US","terminalInheritSystemProfile":true,"embeddedBrowserAllowInsecureCertificates":false,"embeddedBrowserViewportPreference":{"mode":"normal","viewport":{"width":393,"height":852},"zoom":"fit"},"computerUseComposerEntryHidden":true,"taskAutoArchiveEnabled":false,"taskAutoArchiveOlderThanDays":7,"closeToTrayOnWindows":false,"closeToTrayOnWindowsMigrationInitialized":true,"keepAwakeWhileRunning":false,"desktopWindowSize":{"width":1600,"height":1000,"maximized":false},"desktopChromiumHardwareAccelerationEnabled":true,"messageStreamShowReasoning":true,"messageStreamShowReasoningMigrationInitialized":true,"messageStreamShowTodos":false,"toolGroupingExploreEnabled":true,"toolGroupingTerminalEnabled":true,"toolGroupingChangesEnabled":false,"zcodeInteractionBehavior":"queue","askUserQuestionAutoResolutionEnabled":false,"modelIoFullRetentionEnabled":false,"startPlanRecommendationDismissed":false,"providerFamilyConnectionSelections":{},"providerFamilyDomain":"zai","providerFamilyDomainMigrated":true,"nativeSearchEnhancementsEnabled":true,"memoryEnabled":false,"lastWorkspaceSession":[{"kind":"local","workspacePath":"D:\\Playground\\ZCode\\.tmp\\z1-native-1790582855405-f6850e\\workspace","workspacePurpose":"project"},{"kind":"local","workspacePath":"D:\\Playground\\ZCode\\.tmp\\z1-native-1790582855405-f6850e\\data\\.zcode\\workspace\\default","workspacePurpose":"conversation"}],"lastActiveTabIndex":0,"receivePreviewUpdates":false,"autoDownloadAndInstallUpdates":false,"skippedElectronUpdateVersions":{},"settingsSyncFirstRunPromptHandled":true}
[Z1 child] [2026-09-28 16:07:54.968] [pid:20368] [zcode-host] [rpc:call] graphEngineering.getWorkspace OK (2.3ms)
[2026-09-28 16:07:54.968] [pid:19508] [main] [host-log] (local-1) [host] [2026-09-28 16:07:54.968] [pid:20368] [zcode-host] [rpc:call] graphEngineering.getWorkspace OK (2.3ms)
[Z1 child] [2026-09-28 16:07:54.985] [pid:20368] [settingService] reading settings from: D:\Playground\ZCode\.tmp\z1-native-1790582855405-f6850e\home\.zcode\v2\setting.json
[2026-09-28 16:07:54.985] [pid:20368] [zcode-host] [rpc:listen] model-selection.onDidChange subscribed
[2026-09-28 16:07:54.988] [pid:19508] [main] [host-log] (local-1) [host] [2026-09-28 16:07:54.985] [pid:20368] [zcode-host] [rpc:listen] model-selection.onDidChange subscribed
[Z1 child] [2026-09-28 16:07:54.987] [pid:20368] [zcode-host] [rpc:call] graphEngineering.validateDefinition OK (0.4ms)
[2026-09-28 16:07:54.987] [pid:20368] [settingService] read result: {"recentProjects":[],"locale":"zh-CN","localePreference":"en-US","terminalInheritSystemProfile":true,"embeddedBrowserAllowInsecureCertificates":false,"embeddedBrowserViewportPreference":{"mode":"normal","viewport":{"width":393,"height":852},"zoom":"fit"},"computerUseComposerEntryHidden":true,"taskAutoArchiveEnabled":false,"taskAutoArchiveOlderThanDays":7,"closeToTrayOnWindows":false,"closeToTrayOnWindowsMigrationInitialized":true,"keepAwakeWhileRunning":false,"desktopWindowSize":{"width":1600,"height":1000,"maximized":false},"desktopChromiumHardwareAccelerationEnabled":true,"messageStreamShowReasoning":true,"messageStreamShowReasoningMigrationInitialized":true,"messageStreamShowTodos":false,"toolGroupingExploreEnabled":true,"toolGroupingTerminalEnabled":true,"toolGroupingChangesEnabled":false,"zcodeInteractionBehavior":"queue","askUserQuestionAutoResolutionEnabled":false,"modelIoFullRetentionEnabled":false,"startPlanRecommendationDismissed":false,"providerFamilyConnectionSelections":{},"providerFamilyDomain":"zai","providerFamilyDomainMigrated":true,"nativeSearchEnhancementsEnabled":true,"memoryEnabled":false,"lastWorkspaceSession":[{"kind":"local","workspacePath":"D:\\Playground\\ZCode\\.tmp\\z1-native-1790582855405-f6850e\\workspace","workspacePurpose":"project"},{"kind":"local","workspacePath":"D:\\Playground\\ZCode\\.tmp\\z1-native-1790582855405-f6850e\\data\\.zcode\\workspace\\default","workspacePurpose":"conversation"}],"lastActiveTabIndex":0,"receivePreviewUpdates":false,"autoDownloadAndInstallUpdates":false,"skippedElectronUpdateVersions":{},"settingsSyncFirstRunPromptHandled":true}
[2026-09-28 16:07:54.987] [pid:20368] [zcode-host] [rpc:call] setting.get OK (2.3ms)
[2026-09-28 16:07:54.988] [pid:20368] [zcode-host] [rpc:call] model-selection.getView OK (2.1ms)
[2026-09-28 16:07:54.989] [pid:19508] [main] [host-log] (local-1) [host] [2026-09-28 16:07:54.987] [pid:20368] [zcode-host] [rpc:call] graphEngineering.validateDefinition OK (0.4ms)
[2026-09-28 16:07:54.989] [pid:19508] [main] [host-log] (local-1) [host] [2026-09-28 16:07:54.987] [pid:20368] [zcode-host] [rpc:call] setting.get OK (2.3ms)
[2026-09-28 16:07:54.989] [pid:19508] [main] [host-log] (local-1) [host] [2026-09-28 16:07:54.988] [pid:20368] [zcode-host] [rpc:call] model-selection.getView OK (2.1ms)
[Z1 child] [2026-09-28 16:07:55.310] [pid:20368] [zcode-agent-service] 开始初始化 ZCode agent {
  workspaceKey: 'D:\\Playground\\ZCode\\.tmp\\z1-native-1790582855405-f6850e\\workspace',
  workspacePath: 'D:\\Playground\\ZCode\\.tmp\\z1-native-1790582855405-f6850e\\workspace'
}
[2026-09-28 16:07:55.311] [pid:19508] [main] [host-log] (local-1) [host] [2026-09-28 16:07:55.310] [pid:20368] [zcode-agent-service] 开始初始化 ZCode agent {"workspaceKey":"D:\\Playground\\ZCode\\.tmp\\z1-native-1790582855405-f6850e\\workspace","workspacePath":"D:\\Playground\\ZCode\\.tmp\\z1-native-1790582855405-f6850e\\workspace"}
[2026-09-28 16:07:55.313] [pid:19508] [main] [host-log] (local-1) [host] [2026-09-28 16:07:55.310] [pid:20368] [zcode-agent-service] ZCode agent 初始化完成 {"durationMs":0,"transportKind":"stdio","workspaceKey":"D:\\Playground\\ZCode\\.tmp\\z1-native-1790582855405-f6850e\\workspace","workspacePath":"D:\\Playground\\ZCode\\.tmp\\z1-native-1790582855405-f6850e\\workspace"}
[2026-09-28 16:07:55.313] [pid:19508] [main] [host-log] (local-1) [host] [2026-09-28 16:07:55.311] [pid:20368] [zcode-session-service][trace:f308dee8-f9b3-44ba-8227-5eed07ccf014] [zcode-session-service] createSession 分配 session trace {"persistence":"deferred","workspacePath":"D:\\Playground\\ZCode\\.tmp\\z1-native-1790582855405-f6850e\\workspace"}
[2026-09-28 16:07:55.314] [pid:19508] [main] [host-log] (local-1) [host] [2026-09-28 16:07:55.311] [pid:20368] [zcode-agent-service][trace:f308dee8-f9b3-44ba-8227-5eed07ccf014] 开始请求 ZCode Protocol session/create {"hasInitialModel":true,"hasInitialThoughtLevel":false,"initialModel":"z1-local-fixture/z1-fixture$enabled","mcpServerCount":0,"mcpServerNames":[],"persistence":"deferred","workspaceKey":"D:\\Playground\\ZCode\\.tmp\\z1-native-1790582855405-f6850e\\workspace","workspacePath":"D:\\Playground\\ZCode\\.tmp\\z1-native-1790582855405-f6850e\\workspace"}
[Z1 child] [2026-09-28 16:07:55.310] [pid:20368] [zcode-agent-service] ZCode agent 初始化完成 {
  durationMs: 0,
  transportKind: 'stdio',
  workspaceKey: 'D:\\Playground\\ZCode\\.tmp\\z1-native-1790582855405-f6850e\\workspace',
  workspacePath: 'D:\\Playground\\ZCode\\.tmp\\z1-native-1790582855405-f6850e\\workspace'
}
[2026-09-28 16:07:55.311] [pid:20368] [zcode-session-service][trace:f308dee8-f9b3-44ba-8227-5eed07ccf014] [zcode-session-service] createSession 分配 session trace {
  persistence: 'deferred',
  workspaceIdentity: undefined,
  workspacePath: 'D:\\Playground\\ZCode\\.tmp\\z1-native-1790582855405-f6850e\\workspace'
}
[2026-09-28 16:07:55.311] [pid:20368] [zcode-agent-service][trace:f308dee8-f9b3-44ba-8227-5eed07ccf014] 开始请求 ZCode Protocol session/create {
  hasInitialModel: true,
  hasInitialThoughtLevel: false,
  initialModel: 'z1-local-fixture/z1-fixture$enabled',
  mcpServerCount: 0,
  mcpServerNames: [],
  persistence: 'deferred',
  workspaceKey: 'D:\\Playground\\ZCode\\.tmp\\z1-native-1790582855405-f6850e\\workspace',
  workspacePath: 'D:\\Playground\\ZCode\\.tmp\\z1-native-1790582855405-f6850e\\workspace'
}
[2026-09-28 16:07:55.312] [pid:20368] [settingService] reading settings from: D:\Playground\ZCode\.tmp\z1-native-1790582855405-f6850e\home\.zcode\v2\setting.json
[2026-09-28 16:07:55.312] [pid:20368] [settingService] read result: {"recentProjects":[],"locale":"zh-CN","localePreference":"en-US","terminalInheritSystemProfile":true,"embeddedBrowserAllowInsecureCertificates":false,"embeddedBrowserViewportPreference":{"mode":"normal","viewport":{"width":393,"height":852},"zoom":"fit"},"computerUseComposerEntryHidden":true,"taskAutoArchiveEnabled":false,"taskAutoArchiveOlderThanDays":7,"closeToTrayOnWindows":false,"closeToTrayOnWindowsMigrationInitialized":true,"keepAwakeWhileRunning":false,"desktopWindowSize":{"width":1600,"height":1000,"maximized":false},"desktopChromiumHardwareAccelerationEnabled":true,"messageStreamShowReasoning":true,"messageStreamShowReasoningMigrationInitialized":true,"messageStreamShowTodos":false,"toolGroupingExploreEnabled":true,"toolGroupingTerminalEnabled":true,"toolGroupingChangesEnabled":false,"zcodeInteractionBehavior":"queue","askUserQuestionAutoResolutionEnabled":false,"modelIoFullRetentionEnabled":false,"startPlanRecommendationDismissed":false,"providerFamilyConnectionSelections":{},"providerFamilyDomain":"zai","providerFamilyDomainMigrated":true,"nativeSearchEnhancementsEnabled":true,"memoryEnabled":false,"lastWorkspaceSession":[{"kind":"local","workspacePath":"D:\\Playground\\ZCode\\.tmp\\z1-native-1790582855405-f6850e\\workspace","workspacePurpose":"project"},{"kind":"local","workspacePath":"D:\\Playground\\ZCode\\.tmp\\z1-native-1790582855405-f6850e\\data\\.zcode\\workspace\\default","workspacePurpose":"conversation"}],"lastActiveTabIndex":0,"receivePreviewUpdates":false,"autoDownloadAndInstallUpdates":false,"skippedElectronUpdateVersions":{},"settingsSyncFirstRunPromptHandled":true}
[Z1 child] [2026-09-28 16:07:55.345] [pid:20368] [zcode-agent-service][trace:f308dee8-f9b3-44ba-8227-5eed07ccf014] ZCode Protocol session/create 完成 {
  durationMs: 34,
  messageCount: 0,
  modelCurrent: 'z1-local-fixture/z1-fixture',
  mcpServerCount: 0,
  persistence: 'deferred',
  sessionId: 'sess_095c69a6-aba7-49e3-8a67-d4903eefd4cb',
  snapshotTraceId: 'f308dee8-f9b3-44ba-8227-5eed07ccf014',
  workspaceKey: 'D:\\Playground\\ZCode\\.tmp\\z1-native-1790582855405-f6850e\\workspace',
  workspacePath: 'D:\\Playground\\ZCode\\.tmp\\z1-native-1790582855405-f6850e\\workspace'
}
[2026-09-28 16:07:55.345] [pid:20368] [zcode-session-service][trace:f308dee8-f9b3-44ba-8227-5eed07ccf014] [zcode-session-service] createSession agent 返回 {
  durationMs: 34,
  mcpServerCount: 0,
  persistence: 'deferred',
  snapshotTraceId: 'f308dee8-f9b3-44ba-8227-5eed07ccf014',
  sessionId: 'sess_095c69a6-aba7-49e3-8a67-d4903eefd4cb',
  workspaceIdentity: undefined,
  workspacePath: 'D:\\Playground\\ZCode\\.tmp\\z1-native-1790582855405-f6850e\\workspace'
}
[2026-09-28 16:07:55.346] [pid:19508] [main] [host-log] (local-1) [host] [2026-09-28 16:07:55.345] [pid:20368] [zcode-agent-service][trace:f308dee8-f9b3-44ba-8227-5eed07ccf014] ZCode Protocol session/create 完成 {"durationMs":34,"messageCount":0,"modelCurrent":"z1-local-fixture/z1-fixture","mcpServerCount":0,"persistence":"deferred","sessionId":"sess_095c69a6-aba7-49e3-8a67-d4903eefd4cb","snapshotTraceId":"f308dee8-f9b3-44ba-8227-5eed07ccf014","workspaceKey":"D:\\Playground\\ZCode\\.tmp\\z1-native-1790582855405-f6850e\\workspace","workspacePath":"D:\\Playground\\ZCode\\.tmp\\z1-native-1790582855405-f6850e\\workspace"}
[2026-09-28 16:07:55.346] [pid:19508] [main] [host-log] (local-1) [host] [2026-09-28 16:07:55.345] [pid:20368] [zcode-session-service][trace:f308dee8-f9b3-44ba-8227-5eed07ccf014] [zcode-session-service] createSession agent 返回 {"durationMs":34,"mcpServerCount":0,"persistence":"deferred","snapshotTraceId":"f308dee8-f9b3-44ba-8227-5eed07ccf014","sessionId":"sess_095c69a6-aba7-49e3-8a67-d4903eefd4cb","workspacePath":"D:\\Playground\\ZCode\\.tmp\\z1-native-1790582855405-f6850e\\workspace"}
[2026-09-28 16:07:55.409] [pid:19508] [main] [browser-use] execute start browserId=iab:9775e11c-c9df-4b18-a50f-666e3c70e3f8 sessionId=sess_095c69a6-aba7-49e3-8a67-d4903eefd4cb method=list
[2026-09-28 16:07:55.410] [pid:19508] [main] [browser-use] execute requestId=865b867c-43c6-490a-bfec-dc4f6e26a659 browserId=iab:9775e11c-c9df-4b18-a50f-666e3c70e3f8 generation=1790582859932 windowId=1 sessionId=sess_095c69a6-aba7-49e3-8a67-d4903eefd4cb method=list
[2026-09-28 16:07:55.410] [pid:19508] [main] [browser-use] execute done sessionId=sess_095c69a6-aba7-49e3-8a67-d4903eefd4cb method=list ok=true elapsedMs=0
[2026-09-28 16:07:55.411] [pid:19508] [main] [browser-use] execute start browserId=iab:9775e11c-c9df-4b18-a50f-666e3c70e3f8 sessionId=sess_095c69a6-aba7-49e3-8a67-d4903eefd4cb method=listUserTabs
[2026-09-28 16:07:55.411] [pid:19508] [main] [browser-use] execute requestId=deebf2fc-b78a-4842-8278-d313abd0395d browserId=iab:9775e11c-c9df-4b18-a50f-666e3c70e3f8 generation=1790582859932 windowId=1 sessionId=sess_095c69a6-aba7-49e3-8a67-d4903eefd4cb method=listUserTabs
[2026-09-28 16:07:55.411] [pid:19508] [main] [browser-use] execute done sessionId=sess_095c69a6-aba7-49e3-8a67-d4903eefd4cb method=listUserTabs ok=true elapsedMs=0
[Z1 child] [2026-09-28 16:07:55.419] [pid:20368] [settingService] reading settings from: D:\Playground\ZCode\.tmp\z1-native-1790582855405-f6850e\home\.zcode\v2\setting.json
[Z1 child] [2026-09-28 16:07:55.419] [pid:20368] [settingService] read result: {"recentProjects":[],"locale":"zh-CN","localePreference":"en-US","terminalInheritSystemProfile":true,"embeddedBrowserAllowInsecureCertificates":false,"embeddedBrowserViewportPreference":{"mode":"normal","viewport":{"width":393,"height":852},"zoom":"fit"},"computerUseComposerEntryHidden":true,"taskAutoArchiveEnabled":false,"taskAutoArchiveOlderThanDays":7,"closeToTrayOnWindows":false,"closeToTrayOnWindowsMigrationInitialized":true,"keepAwakeWhileRunning":false,"desktopWindowSize":{"width":1600,"height":1000,"maximized":false},"desktopChromiumHardwareAccelerationEnabled":true,"messageStreamShowReasoning":true,"messageStreamShowReasoningMigrationInitialized":true,"messageStreamShowTodos":false,"toolGroupingExploreEnabled":true,"toolGroupingTerminalEnabled":true,"toolGroupingChangesEnabled":false,"zcodeInteractionBehavior":"queue","askUserQuestionAutoResolutionEnabled":false,"modelIoFullRetentionEnabled":false,"startPlanRecommendationDismissed":false,"providerFamilyConnectionSelections":{},"providerFamilyDomain":"zai","providerFamilyDomainMigrated":true,"nativeSearchEnhancementsEnabled":true,"memoryEnabled":false,"lastWorkspaceSession":[{"kind":"local","workspacePath":"D:\\Playground\\ZCode\\.tmp\\z1-native-1790582855405-f6850e\\workspace","workspacePurpose":"project"},{"kind":"local","workspacePath":"D:\\Playground\\ZCode\\.tmp\\z1-native-1790582855405-f6850e\\data\\.zcode\\workspace\\default","workspacePurpose":"conversation"}],"lastActiveTabIndex":0,"receivePreviewUpdates":false,"autoDownloadAndInstallUpdates":false,"skippedElectronUpdateVersions":{},"settingsSyncFirstRunPromptHandled":true}
[Z1 child] [2026-09-28 16:07:55.429] [pid:20368] [settingService] reading settings from: D:\Playground\ZCode\.tmp\z1-native-1790582855405-f6850e\home\.zcode\v2\setting.json
[Z1 child] [2026-09-28 16:07:55.430] [pid:20368] [settingService] read result: {"recentProjects":[],"locale":"zh-CN","localePreference":"en-US","terminalInheritSystemProfile":true,"embeddedBrowserAllowInsecureCertificates":false,"embeddedBrowserViewportPreference":{"mode":"normal","viewport":{"width":393,"height":852},"zoom":"fit"},"computerUseComposerEntryHidden":true,"taskAutoArchiveEnabled":false,"taskAutoArchiveOlderThanDays":7,"closeToTrayOnWindows":false,"closeToTrayOnWindowsMigrationInitialized":true,"keepAwakeWhileRunning":false,"desktopWindowSize":{"width":1600,"height":1000,"maximized":false},"desktopChromiumHardwareAccelerationEnabled":true,"messageStreamShowReasoning":true,"messageStreamShowReasoningMigrationInitialized":true,"messageStreamShowTodos":false,"toolGroupingExploreEnabled":true,"toolGroupingTerminalEnabled":true,"toolGroupingChangesEnabled":false,"zcodeInteractionBehavior":"queue","askUserQuestionAutoResolutionEnabled":false,"modelIoFullRetentionEnabled":false,"startPlanRecommendationDismissed":false,"providerFamilyConnectionSelections":{},"providerFamilyDomain":"zai","providerFamilyDomainMigrated":true,"nativeSearchEnhancementsEnabled":true,"memoryEnabled":false,"lastWorkspaceSession":[{"kind":"local","workspacePath":"D:\\Playground\\ZCode\\.tmp\\z1-native-1790582855405-f6850e\\workspace","workspacePurpose":"project"},{"kind":"local","workspacePath":"D:\\Playground\\ZCode\\.tmp\\z1-native-1790582855405-f6850e\\data\\.zcode\\workspace\\default","workspacePurpose":"conversation"}],"lastActiveTabIndex":0,"receivePreviewUpdates":false,"autoDownloadAndInstallUpdates":false,"skippedElectronUpdateVersions":{},"settingsSyncFirstRunPromptHandled":true}
[Z1 child] [2026-09-28 16:07:55.430] [pid:20368] [zcode-host] [rpc:call] graphEngineering.getWorkspace OK (277.6ms)
[2026-09-28 16:07:55.431] [pid:20368] [settingService] reading settings from: D:\Playground\ZCode\.tmp\z1-native-1790582855405-f6850e\home\.zcode\v2\setting.json
[2026-09-28 16:07:55.431] [pid:19508] [main] [host-log] (local-1) [host] [2026-09-28 16:07:55.430] [pid:20368] [zcode-host] [rpc:call] graphEngineering.getWorkspace OK (277.6ms)
[Z1 child] [2026-09-28 16:07:55.431] [pid:20368] [settingService] read result: {"recentProjects":[],"locale":"zh-CN","localePreference":"en-US","terminalInheritSystemProfile":true,"embeddedBrowserAllowInsecureCertificates":false,"embeddedBrowserViewportPreference":{"mode":"normal","viewport":{"width":393,"height":852},"zoom":"fit"},"computerUseComposerEntryHidden":true,"taskAutoArchiveEnabled":false,"taskAutoArchiveOlderThanDays":7,"closeToTrayOnWindows":false,"closeToTrayOnWindowsMigrationInitialized":true,"keepAwakeWhileRunning":false,"desktopWindowSize":{"width":1600,"height":1000,"maximized":false},"desktopChromiumHardwareAccelerationEnabled":true,"messageStreamShowReasoning":true,"messageStreamShowReasoningMigrationInitialized":true,"messageStreamShowTodos":false,"toolGroupingExploreEnabled":true,"toolGroupingTerminalEnabled":true,"toolGroupingChangesEnabled":false,"zcodeInteractionBehavior":"queue","askUserQuestionAutoResolutionEnabled":false,"modelIoFullRetentionEnabled":false,"startPlanRecommendationDismissed":false,"providerFamilyConnectionSelections":{},"providerFamilyDomain":"zai","providerFamilyDomainMigrated":true,"nativeSearchEnhancementsEnabled":true,"memoryEnabled":false,"lastWorkspaceSession":[{"kind":"local","workspacePath":"D:\\Playground\\ZCode\\.tmp\\z1-native-1790582855405-f6850e\\workspace","workspacePurpose":"project"},{"kind":"local","workspacePath":"D:\\Playground\\ZCode\\.tmp\\z1-native-1790582855405-f6850e\\data\\.zcode\\workspace\\default","workspacePurpose":"conversation"}],"lastActiveTabIndex":0,"receivePreviewUpdates":false,"autoDownloadAndInstallUpdates":false,"skippedElectronUpdateVersions":{},"settingsSyncFirstRunPromptHandled":true}
[Z1 child] [2026-09-28 16:07:55.432] [pid:20368] [zcode-host] [rpc:call] graphEngineering.getWorkspace OK (122.5ms)
[2026-09-28 16:07:55.433] [pid:19508] [main] [host-log] (local-1) [host] [2026-09-28 16:07:55.432] [pid:20368] [zcode-host] [rpc:call] graphEngineering.getWorkspace OK (122.5ms)
[Z1 child] [2026-09-28 16:07:55.433] [pid:20368] [settingService] reading settings from: D:\Playground\ZCode\.tmp\z1-native-1790582855405-f6850e\home\.zcode\v2\setting.json
[Z1 child] [2026-09-28 16:07:55.434] [pid:20368] [settingService] read result: {"recentProjects":[],"locale":"zh-CN","localePreference":"en-US","terminalInheritSystemProfile":true,"embeddedBrowserAllowInsecureCertificates":false,"embeddedBrowserViewportPreference":{"mode":"normal","viewport":{"width":393,"height":852},"zoom":"fit"},"computerUseComposerEntryHidden":true,"taskAutoArchiveEnabled":false,"taskAutoArchiveOlderThanDays":7,"closeToTrayOnWindows":false,"closeToTrayOnWindowsMigrationInitialized":true,"keepAwakeWhileRunning":false,"desktopWindowSize":{"width":1600,"height":1000,"maximized":false},"desktopChromiumHardwareAccelerationEnabled":true,"messageStreamShowReasoning":true,"messageStreamShowReasoningMigrationInitialized":true,"messageStreamShowTodos":false,"toolGroupingExploreEnabled":true,"toolGroupingTerminalEnabled":true,"toolGroupingChangesEnabled":false,"zcodeInteractionBehavior":"queue","askUserQuestionAutoResolutionEnabled":false,"modelIoFullRetentionEnabled":false,"startPlanRecommendationDismissed":false,"providerFamilyConnectionSelections":{},"providerFamilyDomain":"zai","providerFamilyDomainMigrated":true,"nativeSearchEnhancementsEnabled":true,"memoryEnabled":false,"lastWorkspaceSession":[{"kind":"local","workspacePath":"D:\\Playground\\ZCode\\.tmp\\z1-native-1790582855405-f6850e\\workspace","workspacePurpose":"project"},{"kind":"local","workspacePath":"D:\\Playground\\ZCode\\.tmp\\z1-native-1790582855405-f6850e\\data\\.zcode\\workspace\\default","workspacePurpose":"conversation"}],"lastActiveTabIndex":0,"receivePreviewUpdates":false,"autoDownloadAndInstallUpdates":false,"skippedElectronUpdateVersions":{},"settingsSyncFirstRunPromptHandled":true}
[2026-09-28 16:07:55.434] [pid:20368] [zcode-host] [rpc:call] graphEngineering.getWorkspace OK (84.2ms)
[2026-09-28 16:07:55.435] [pid:19508] [main] [host-log] (local-1) [host] [2026-09-28 16:07:55.434] [pid:20368] [zcode-host] [rpc:call] graphEngineering.getWorkspace OK (84.2ms)
[Z1 child] [2026-09-28 16:07:55.435] [pid:20368] [settingService] reading settings from: D:\Playground\ZCode\.tmp\z1-native-1790582855405-f6850e\home\.zcode\v2\setting.json
[Z1 child] [2026-09-28 16:07:55.436] [pid:20368] [settingService] read result: {"recentProjects":[],"locale":"zh-CN","localePreference":"en-US","terminalInheritSystemProfile":true,"embeddedBrowserAllowInsecureCertificates":false,"embeddedBrowserViewportPreference":{"mode":"normal","viewport":{"width":393,"height":852},"zoom":"fit"},"computerUseComposerEntryHidden":true,"taskAutoArchiveEnabled":false,"taskAutoArchiveOlderThanDays":7,"closeToTrayOnWindows":false,"closeToTrayOnWindowsMigrationInitialized":true,"keepAwakeWhileRunning":false,"desktopWindowSize":{"width":1600,"height":1000,"maximized":false},"desktopChromiumHardwareAccelerationEnabled":true,"messageStreamShowReasoning":true,"messageStreamShowReasoningMigrationInitialized":true,"messageStreamShowTodos":false,"toolGroupingExploreEnabled":true,"toolGroupingTerminalEnabled":true,"toolGroupingChangesEnabled":false,"zcodeInteractionBehavior":"queue","askUserQuestionAutoResolutionEnabled":false,"modelIoFullRetentionEnabled":false,"startPlanRecommendationDismissed":false,"providerFamilyConnectionSelections":{},"providerFamilyDomain":"zai","providerFamilyDomainMigrated":true,"nativeSearchEnhancementsEnabled":true,"memoryEnabled":false,"lastWorkspaceSession":[{"kind":"local","workspacePath":"D:\\Playground\\ZCode\\.tmp\\z1-native-1790582855405-f6850e\\workspace","workspacePurpose":"project"},{"kind":"local","workspacePath":"D:\\Playground\\ZCode\\.tmp\\z1-native-1790582855405-f6850e\\data\\.zcode\\workspace\\default","workspacePurpose":"conversation"}],"lastActiveTabIndex":0,"receivePreviewUpdates":false,"autoDownloadAndInstallUpdates":false,"skippedElectronUpdateVersions":{},"settingsSyncFirstRunPromptHandled":true}
[Z1 child] [2026-09-28 16:07:55.437] [pid:20368] [zcode-host] [rpc:call] graphEngineering.getWorkspace OK (28.8ms)
[2026-09-28 16:07:55.437] [pid:19508] [main] [host-log] (local-1) [host] [2026-09-28 16:07:55.437] [pid:20368] [zcode-host] [rpc:call] graphEngineering.getWorkspace OK (28.8ms)
[Z1 child] [2026-09-28 16:07:55.437] [pid:20368] [settingService] reading settings from: D:\Playground\ZCode\.tmp\z1-native-1790582855405-f6850e\home\.zcode\v2\setting.json
[Z1 child] [2026-09-28 16:07:55.438] [pid:20368] [settingService] read result: {"recentProjects":[],"locale":"zh-CN","localePreference":"en-US","terminalInheritSystemProfile":true,"embeddedBrowserAllowInsecureCertificates":false,"embeddedBrowserViewportPreference":{"mode":"normal","viewport":{"width":393,"height":852},"zoom":"fit"},"computerUseComposerEntryHidden":true,"taskAutoArchiveEnabled":false,"taskAutoArchiveOlderThanDays":7,"closeToTrayOnWindows":false,"closeToTrayOnWindowsMigrationInitialized":true,"keepAwakeWhileRunning":false,"desktopWindowSize":{"width":1600,"height":1000,"maximized":false},"desktopChromiumHardwareAccelerationEnabled":true,"messageStreamShowReasoning":true,"messageStreamShowReasoningMigrationInitialized":true,"messageStreamShowTodos":false,"toolGroupingExploreEnabled":true,"toolGroupingTerminalEnabled":true,"toolGroupingChangesEnabled":false,"zcodeInteractionBehavior":"queue","askUserQuestionAutoResolutionEnabled":false,"modelIoFullRetentionEnabled":false,"startPlanRecommendationDismissed":false,"providerFamilyConnectionSelections":{},"providerFamilyDomain":"zai","providerFamilyDomainMigrated":true,"nativeSearchEnhancementsEnabled":true,"memoryEnabled":false,"lastWorkspaceSession":[{"kind":"local","workspacePath":"D:\\Playground\\ZCode\\.tmp\\z1-native-1790582855405-f6850e\\workspace","workspacePurpose":"project"},{"kind":"local","workspacePath":"D:\\Playground\\ZCode\\.tmp\\z1-native-1790582855405-f6850e\\data\\.zcode\\workspace\\default","workspacePurpose":"conversation"}],"lastActiveTabIndex":0,"receivePreviewUpdates":false,"autoDownloadAndInstallUpdates":false,"skippedElectronUpdateVersions":{},"settingsSyncFirstRunPromptHandled":true}
[Z1 child] [2026-09-28 16:07:55.438] [pid:20368] [zcode-host] [rpc:call] graphEngineering.getWorkspace OK (9.5ms)
[2026-09-28 16:07:55.439] [pid:19508] [main] [host-log] (local-1) [host] [2026-09-28 16:07:55.438] [pid:20368] [zcode-host] [rpc:call] graphEngineering.getWorkspace OK (9.5ms)
[Z1 child] [2026-09-28 16:07:55.812] [pid:20368] [cua-pip-session] [cua-pip-session] event delivery dropped {
  eventId: '1d006867-df2e-4e80-b727-e234b496360e',
  kind: 'turn-started',
  sequenceNumber: 3,
  sessionId: 'sess_095c69a6-aba7-49e3-8a67-d4903eefd4cb',
  turnId: 'turn_cfd1f4e1-2a23-4a99-a766-8c539f04ee98',
  skipReason: 'service-disabled'
}
[2026-09-28 16:07:55.812] [pid:19508] [main] [host-log] (local-1) [host] [2026-09-28 16:07:55.812] [pid:20368] [cua-pip-session] [cua-pip-session] event delivery dropped {"eventId":"1d006867-df2e-4e80-b727-e234b496360e","kind":"turn-started","sequenceNumber":3,"sessionId":"sess_095c69a6-aba7-49e3-8a67-d4903eefd4cb","turnId":"turn_cfd1f4e1-2a23-4a99-a766-8c539f04ee98","skipReason":"service-disabled"}
[Z1 child] [2026-09-28 16:07:55.848] [pid:20368] [zcode-task-index-syncer] [list-refresh-trace] emitWorkspaceTaskListChanged reason=task_created taskId=sess_095c69a6-aba7-49e3-8a67-d4903eefd4cb workspace=D:\Playground\ZCode\.tmp\z1-native-1790582855405-f6850e\workspace hasMeta=true
[Z1 child] [2026-09-28 16:07:55.852] [pid:20368] [zcode-host] [rpc:call] zcode-task.listPinnedTaskIds OK (0.2ms)
[2026-09-28 16:07:55.853] [pid:19508] [main] [host-log] (local-1) [host] [2026-09-28 16:07:55.852] [pid:20368] [zcode-host] [rpc:call] zcode-task.listPinnedTaskIds OK (0.2ms)
[2026-09-28 16:07:55.853] [pid:19508] [main] [host-log] (local-1) [host] [2026-09-28 16:07:55.852] [pid:20368] [zcode-host] [rpc:call] zcode-task.listArchivedTasks OK (0.4ms)
[Z1 child] [2026-09-28 16:07:55.852] [pid:20368] [zcode-host] [rpc:call] zcode-task.listArchivedTasks OK (0.4ms)
[2026-09-28 16:07:55.854] [pid:19508] [main] [host-log] (local-1) [host] [2026-09-28 16:07:55.853] [pid:20368] [zcode-host] [rpc:call] zcode-task.listTasks OK (0.7ms)
[Z1 child] [2026-09-28 16:07:55.853] [pid:20368] [zcode-host] [rpc:call] zcode-task.listTasks OK (0.7ms)
[2026-09-28 16:07:55.854] [pid:20368] [zcode-host] [rpc:call] zcode-task.listPinnedTasks OK (0.2ms)
[2026-09-28 16:07:55.854] [pid:20368] [zcode-host] [rpc:call] zcode-task.listDeletedTaskIds OK (0.2ms)
[2026-09-28 16:07:55.855] [pid:19508] [main] [host-log] (local-1) [host] [2026-09-28 16:07:55.854] [pid:20368] [zcode-host] [rpc:call] zcode-task.listPinnedTasks OK (0.2ms)
[2026-09-28 16:07:55.855] [pid:19508] [main] [host-log] (local-1) [host] [2026-09-28 16:07:55.854] [pid:20368] [zcode-host] [rpc:call] zcode-task.listDeletedTaskIds OK (0.2ms)
[Z1 child] [2026-09-28 16:07:55.856] [pid:20368] [zcode-host] [rpc:call] window-controller.listTaskList OK (0.3ms)
[2026-09-28 16:07:55.857] [pid:20368] [settingService] reading settings from: D:\Playground\ZCode\.tmp\z1-native-1790582855405-f6850e\home\.zcode\v2\setting.json
[2026-09-28 16:07:55.859] [pid:20368] [settingService] read result: {"recentProjects":[],"locale":"zh-CN","localePreference":"en-US","terminalInheritSystemProfile":true,"embeddedBrowserAllowInsecureCertificates":false,"embeddedBrowserViewportPreference":{"mode":"normal","viewport":{"width":393,"height":852},"zoom":"fit"},"computerUseComposerEntryHidden":true,"taskAutoArchiveEnabled":false,"taskAutoArchiveOlderThanDays":7,"closeToTrayOnWindows":false,"closeToTrayOnWindowsMigrationInitialized":true,"keepAwakeWhileRunning":false,"desktopWindowSize":{"width":1600,"height":1000,"maximized":false},"desktopChromiumHardwareAccelerationEnabled":true,"messageStreamShowReasoning":true,"messageStreamShowReasoningMigrationInitialized":true,"messageStreamShowTodos":false,"toolGroupingExploreEnabled":true,"toolGroupingTerminalEnabled":true,"toolGroupingChangesEnabled":false,"zcodeInteractionBehavior":"queue","askUserQuestionAutoResolutionEnabled":false,"modelIoFullRetentionEnabled":false,"startPlanRecommendationDismissed":false,"providerFamilyConnectionSelections":{},"providerFamilyDomain":"zai","providerFamilyDomainMigrated":true,"nativeSearchEnhancementsEnabled":true,"memoryEnabled":false,"lastWorkspaceSession":[{"kind":"local","workspacePath":"D:\\Playground\\ZCode\\.tmp\\z1-native-1790582855405-f6850e\\workspace","workspacePurpose":"project"},{"kind":"local","workspacePath":"D:\\Playground\\ZCode\\.tmp\\z1-native-1790582855405-f6850e\\data\\.zcode\\workspace\\default","workspacePurpose":"conversation"}],"lastActiveTabIndex":0,"receivePreviewUpdates":false,"autoDownloadAndInstallUpdates":false,"skippedElectronUpdateVersions":{},"settingsSyncFirstRunPromptHandled":true}
[2026-09-28 16:07:55.860] [pid:20368] [zcode-host] [rpc:call] graphEngineering.getWorkspace OK (3.9ms)
[2026-09-28 16:07:55.861] [pid:19508] [main] [host-log] (local-1) [host] [2026-09-28 16:07:55.856] [pid:20368] [zcode-host] [rpc:call] window-controller.listTaskList OK (0.3ms)
[2026-09-28 16:07:55.862] [pid:19508] [main] [host-log] (local-1) [host] [2026-09-28 16:07:55.860] [pid:20368] [zcode-host] [rpc:call] graphEngineering.getWorkspace OK (3.9ms)
[Z1 child] [2026-09-28 16:07:55.866] [pid:20368] [cua-pip-session] [cua-pip-session] event delivery dropped {
  eventId: '7b53f280-b82c-4cc1-b0d9-0950554bf559',
  kind: 'turn-ended',
  sequenceNumber: 14,
  sessionId: 'sess_095c69a6-aba7-49e3-8a67-d4903eefd4cb',
  turnId: 'turn_cfd1f4e1-2a23-4a99-a766-8c539f04ee98',
  outcome: 'completed',
  skipReason: 'service-disabled'
}
[2026-09-28 16:07:55.867] [pid:19508] [main] [host-log] (local-1) [host] [2026-09-28 16:07:55.866] [pid:20368] [cua-pip-session] [cua-pip-session] event delivery dropped {"eventId":"7b53f280-b82c-4cc1-b0d9-0950554bf559","kind":"turn-ended","sequenceNumber":14,"sessionId":"sess_095c69a6-aba7-49e3-8a67-d4903eefd4cb","turnId":"turn_cfd1f4e1-2a23-4a99-a766-8c539f04ee98","outcome":"completed","skipReason":"service-disabled"}
[Z1 child] [2026-09-28 16:07:55.867] [pid:20368] [zcode-task-index-syncer] task 终态未读裁决 {
  goalStatus: null,
  phase: 'completedSuccess',
  taskId: 'sess_095c69a6-aba7-49e3-8a67-d4903eefd4cb',
  unreadSignal: 'background_terminal'
}
[Z1 child] [2026-09-28 16:07:55.868] [pid:20368] [zcode-task-index-syncer] [list-refresh-trace] emitWorkspaceTaskListChanged reason=task_status_changed taskId=sess_095c69a6-aba7-49e3-8a67-d4903eefd4cb workspace=D:\Playground\ZCode\.tmp\z1-native-1790582855405-f6850e\workspace hasMeta=true
[Z1 child] [2026-09-28 16:07:55.889] [pid:20368] [zcode-task-index-syncer] [list-refresh-trace] emitWorkspaceTaskListChanged reason=task_meta_changed taskId=sess_095c69a6-aba7-49e3-8a67-d4903eefd4cb workspace=D:\Playground\ZCode\.tmp\z1-native-1790582855405-f6850e\workspace hasMeta=true
[Z1 child] [2026-09-28 16:07:55.890] [pid:20368] [zcode-host] [rpc:call] zcode-task.setTaskUnread OK (1.5ms)
[2026-09-28 16:07:55.891] [pid:19508] [main] [host-log] (local-1) [host] [2026-09-28 16:07:55.890] [pid:20368] [zcode-host] [rpc:call] zcode-task.setTaskUnread OK (1.5ms)
[Z1 child] [2026-09-28 16:07:55.912] [pid:20368] [zcode-task-index-syncer] [list-refresh-trace] emitWorkspaceTaskListChanged reason=task_title_changed taskId=sess_095c69a6-aba7-49e3-8a67-d4903eefd4cb workspace=D:\Playground\ZCode\.tmp\z1-native-1790582855405-f6850e\workspace hasMeta=true
[Z1 child] [2026-09-28 16:07:55.915] [pid:20368] [zcode-task-index-syncer] [list-refresh-trace] emitWorkspaceTaskListChanged reason=task_status_changed taskId=sess_095c69a6-aba7-49e3-8a67-d4903eefd4cb workspace=D:\Playground\ZCode\.tmp\z1-native-1790582855405-f6850e\workspace hasMeta=true
[Z1 child] [2026-09-28 16:07:55.929] [pid:20368] [zcode-host] [rpc:call] zcode-task.listPinnedTaskIds OK (0.3ms)
[2026-09-28 16:07:55.930] [pid:19508] [main] [host-log] (local-1) [host] [2026-09-28 16:07:55.929] [pid:20368] [zcode-host] [rpc:call] zcode-task.listPinnedTaskIds OK (0.3ms)
[2026-09-28 16:07:55.930] [pid:19508] [main] [host-log] (local-1) [host] [2026-09-28 16:07:55.929] [pid:20368] [zcode-host] [rpc:call] zcode-task.listArchivedTasks OK (0.1ms)
[2026-09-28 16:07:55.931] [pid:19508] [main] [host-log] (local-1) [host] [2026-09-28 16:07:55.930] [pid:20368] [zcode-host] [rpc:call] zcode-task.listTasks OK (0.3ms)
[2026-09-28 16:07:55.931] [pid:19508] [main] [host-log] (local-1) [host] [2026-09-28 16:07:55.930] [pid:20368] [zcode-host] [rpc:call] zcode-task.listPinnedTasks OK (0.3ms)
[2026-09-28 16:07:55.932] [pid:19508] [main] [host-log] (local-1) [host] [2026-09-28 16:07:55.930] [pid:20368] [zcode-host] [rpc:call] zcode-task.listDeletedTaskIds OK (0.1ms)
[Z1 child] [2026-09-28 16:07:55.929] [pid:20368] [zcode-host] [rpc:call] zcode-task.listArchivedTasks OK (0.1ms)
[2026-09-28 16:07:55.930] [pid:20368] [zcode-host] [rpc:call] zcode-task.listTasks OK (0.3ms)
[2026-09-28 16:07:55.930] [pid:20368] [zcode-host] [rpc:call] zcode-task.listPinnedTasks OK (0.3ms)
[2026-09-28 16:07:55.930] [pid:20368] [zcode-host] [rpc:call] zcode-task.listDeletedTaskIds OK (0.1ms)
[Z1 child] [2026-09-28 16:07:56.259] [pid:20368] [settingService] reading settings from: D:\Playground\ZCode\.tmp\z1-native-1790582855405-f6850e\home\.zcode\v2\setting.json
[Z1 child] [2026-09-28 16:07:56.259] [pid:20368] [settingService] read result: {"recentProjects":[],"locale":"zh-CN","localePreference":"en-US","terminalInheritSystemProfile":true,"embeddedBrowserAllowInsecureCertificates":false,"embeddedBrowserViewportPreference":{"mode":"normal","viewport":{"width":393,"height":852},"zoom":"fit"},"computerUseComposerEntryHidden":true,"taskAutoArchiveEnabled":false,"taskAutoArchiveOlderThanDays":7,"closeToTrayOnWindows":false,"closeToTrayOnWindowsMigrationInitialized":true,"keepAwakeWhileRunning":false,"desktopWindowSize":{"width":1600,"height":1000,"maximized":false},"desktopChromiumHardwareAccelerationEnabled":true,"messageStreamShowReasoning":true,"messageStreamShowReasoningMigrationInitialized":true,"messageStreamShowTodos":false,"toolGroupingExploreEnabled":true,"toolGroupingTerminalEnabled":true,"toolGroupingChangesEnabled":false,"zcodeInteractionBehavior":"queue","askUserQuestionAutoResolutionEnabled":false,"modelIoFullRetentionEnabled":false,"startPlanRecommendationDismissed":false,"providerFamilyConnectionSelections":{},"providerFamilyDomain":"zai","providerFamilyDomainMigrated":true,"nativeSearchEnhancementsEnabled":true,"memoryEnabled":false,"lastWorkspaceSession":[{"kind":"local","workspacePath":"D:\\Playground\\ZCode\\.tmp\\z1-native-1790582855405-f6850e\\workspace","workspacePurpose":"project"},{"kind":"local","workspacePath":"D:\\Playground\\ZCode\\.tmp\\z1-native-1790582855405-f6850e\\data\\.zcode\\workspace\\default","workspacePurpose":"conversation"}],"lastActiveTabIndex":0,"receivePreviewUpdates":false,"autoDownloadAndInstallUpdates":false,"skippedElectronUpdateVersions":{},"settingsSyncFirstRunPromptHandled":true}
[Z1 child] [2026-09-28 16:07:56.260] [pid:20368] [zcode-host] [rpc:call] graphEngineering.getWorkspace OK (279.4ms)
[2026-09-28 16:07:56.261] [pid:19508] [main] [host-log] (local-1) [host] [2026-09-28 16:07:56.260] [pid:20368] [zcode-host] [rpc:call] graphEngineering.getWorkspace OK (279.4ms)
[Z1 child] [2026-09-28 16:07:56.261] [pid:20368] [settingService] reading settings from: D:\Playground\ZCode\.tmp\z1-native-1790582855405-f6850e\home\.zcode\v2\setting.json
[Z1 child] [2026-09-28 16:07:56.261] [pid:20368] [settingService] read result: {"recentProjects":[],"locale":"zh-CN","localePreference":"en-US","terminalInheritSystemProfile":true,"embeddedBrowserAllowInsecureCertificates":false,"embeddedBrowserViewportPreference":{"mode":"normal","viewport":{"width":393,"height":852},"zoom":"fit"},"computerUseComposerEntryHidden":true,"taskAutoArchiveEnabled":false,"taskAutoArchiveOlderThanDays":7,"closeToTrayOnWindows":false,"closeToTrayOnWindowsMigrationInitialized":true,"keepAwakeWhileRunning":false,"desktopWindowSize":{"width":1600,"height":1000,"maximized":false},"desktopChromiumHardwareAccelerationEnabled":true,"messageStreamShowReasoning":true,"messageStreamShowReasoningMigrationInitialized":true,"messageStreamShowTodos":false,"toolGroupingExploreEnabled":true,"toolGroupingTerminalEnabled":true,"toolGroupingChangesEnabled":false,"zcodeInteractionBehavior":"queue","askUserQuestionAutoResolutionEnabled":false,"modelIoFullRetentionEnabled":false,"startPlanRecommendationDismissed":false,"providerFamilyConnectionSelections":{},"providerFamilyDomain":"zai","providerFamilyDomainMigrated":true,"nativeSearchEnhancementsEnabled":true,"memoryEnabled":false,"lastWorkspaceSession":[{"kind":"local","workspacePath":"D:\\Playground\\ZCode\\.tmp\\z1-native-1790582855405-f6850e\\workspace","workspacePurpose":"project"},{"kind":"local","workspacePath":"D:\\Playground\\ZCode\\.tmp\\z1-native-1790582855405-f6850e\\data\\.zcode\\workspace\\default","workspacePurpose":"conversation"}],"lastActiveTabIndex":0,"receivePreviewUpdates":false,"autoDownloadAndInstallUpdates":false,"skippedElectronUpdateVersions":{},"settingsSyncFirstRunPromptHandled":true}
[Z1 child] [2026-09-28 16:07:56.262] [pid:20368] [zcode-host] [rpc:call] graphEngineering.getWorkspace OK (2.9ms)
[2026-09-28 16:07:56.262] [pid:19508] [main] [host-log] (local-1) [host] [2026-09-28 16:07:56.262] [pid:20368] [zcode-host] [rpc:call] graphEngineering.getWorkspace OK (2.9ms)
[Z1 child] [2026-09-28 16:07:56.677] [pid:20368] [zcode-host] [rpc:call] graphEngineering.artifact OK (5.3ms)
[2026-09-28 16:07:56.678] [pid:19508] [main] [host-log] (local-1) [host] [2026-09-28 16:07:56.677] [pid:20368] [zcode-host] [rpc:call] graphEngineering.artifact OK (5.3ms)
[Z1 child] [2026-09-28 16:07:57.045] [pid:20368] [zcode-host] [rpc:call] graphEngineering.artifact OK (4.9ms)
[2026-09-28 16:07:57.045] [pid:19508] [main] [host-log] (local-1) [host] [2026-09-28 16:07:57.045] [pid:20368] [zcode-host] [rpc:call] graphEngineering.artifact OK (4.9ms)
