[2026-09-28 11:30:09.155] [pid:45324] [settingService] write done
[2026-09-28 11:30:09.158] [pid:45324] [main] [open-folder] Windows Explorer 右键菜单安装失败 { error: '[Z1 isolation] registry access blocked' }
[2026-09-28 11:30:09.183] [pid:45324] [main] [desktop-network] renderer proxy mode=direct bypass=disabled customCa=disabled insecureCerts=rejected
[2026-09-28 11:30:09.184] [pid:45324] [main] [desktop-network] renderer proxy mode=system bypass=disabled customCa=disabled insecureCerts=rejected
[2026-09-28 11:30:09.187] [pid:45324] [main] [auto-update] disabled for this desktop product flavor
[Z1 isolation] blocked recent-document mutation
[2026-09-28 11:30:09.203] [pid:45324] [main] [resource] sampling started interval=10000ms report=60000ms
[2026-09-28 11:30:09.204] [pid:45324] [main] [network] reporting started interval=60000ms
[2026-09-28 11:30:09.204] [pid:45324] [main] [force-update] Preview 跳过远端强制升级检查
[2026-09-28 11:30:09.206] [pid:45324] [main] [startup] 创建主窗口
[2026-09-28 11:30:09.206] [pid:45324] [main] [primary-window] creating main window (app-ready)
[2026-09-28 11:30:09.208] [pid:45324] [main] [startup-workspace] using explicit open workspace: C:\Users\USER\Desktop\Personal\ZCode\.tmp\z1-native-1790566207584-b096d1\workspace
[2026-09-28 11:30:09.317] [pid:45324] [main] [desktop-context-prompt] config refreshed { enabled: false, configVersion: undefined }
[2026-09-28 11:30:09.689] [pid:45324] [main] [createWindow] dom-ready fired (local-1)
[2026-09-28 11:30:09.690] [pid:45324] [main] [desktop-context-prompt] first host spawn decision resolved { enabled: false, configVersion: undefined }
[2026-09-28 11:30:09.693] [pid:45324] [main] [spawnHostProcess] forked host process for (local-1), pid=undefined
[2026-09-28 11:30:09.694] [pid:45324] [main] [spawnHostProcess] host module path: C:\Users\USER\Desktop\Personal\ZCode\packages\desktop\out\host\index.js
[2026-09-28 11:30:09.694] [pid:45324] [main] [spawnHostProcess] glm binary path: <not found>
[2026-09-28 11:30:09.695] [pid:45324] [main] [spawnHostProcess] BIGMODEL_OAUTH_APP_SECRET source: fallback
[2026-09-28 11:30:09.695] [pid:45324] [main] [task-realtime] registered host {
  hostId: '7873608c-ae15-40a5-af71-ca51a2abc8ca',
  windowId: 1,
  workspaceKeyCount: 0,
  deliveryKind: 'desktop_window'
}
[2026-09-28 11:30:09.706] [pid:45324] [main] [renderer-action-trace] config refreshed { enabled: false, configVersion: 'disabled' }
[Z1 child] (node:38596) ExperimentalWarning: SQLite is an experimental feature and might change at any time
(Use `electron --trace-warnings ...` to show where the warning was created)
[Z1 child] [2026-09-28 11:30:10.054] [pid:38596] [zcode-host] ExperimentalWarning: SQLite is an experimental feature and might change at any time
[2026-09-28 11:30:10.058] [pid:45324] [main] [host-log] (local-1) [host] [2026-09-28 11:30:10.054] [pid:38596] [zcode-host] ExperimentalWarning: SQLite is an experimental feature and might change at any time
[2026-09-28 11:30:10.060] [pid:45324] [main] [host-log] (local-1) [host] [2026-09-28 11:30:10.059] [pid:38596] [zcode-host] [cua-pip-session] focus event dropped: service unavailable
[Z1 child] [2026-09-28 11:30:10.059] [pid:38596] [zcode-host] [cua-pip-session] focus event dropped: service unavailable
[Z1 child] (node:38596) ExperimentalWarning: SQLite is an experimental feature and might change at any time
(Use `electron --trace-warnings ...` to show where the warning was created)
[Z1 child] [2026-09-28 11:30:11.706] [pid:38596] [zcode-host] initializing local services
[2026-09-28 11:30:11.707] [pid:45324] [main] [host-log] (local-1) [host] [2026-09-28 11:30:11.706] [pid:38596] [zcode-host] initializing local services
[Z1 child] [2026-09-28 11:30:11.785] [pid:38596] [cua-pip-session] [cua-pip-session] wiring resolved {
  enabled: false,
  platform: 'win32',
  serviceAuthorityMode: 'desktop-local',
  lifecycleWired: true
}
[2026-09-28 11:30:11.786] [pid:45324] [main] [host-log] (local-1) [host] [2026-09-28 11:30:11.785] [pid:38596] [cua-pip-session] [cua-pip-session] wiring resolved {"enabled":false,"platform":"win32","serviceAuthorityMode":"desktop-local","lifecycleWired":true}
[Z1 child] [2026-09-28 11:30:11.790] [pid:38596] [settingService] reading settings from: C:\Users\USER\Desktop\Personal\ZCode\.tmp\z1-native-1790566207584-b096d1\home\.zcode\v2\setting.json
[Z1 child] [2026-09-28 11:30:11.790] [pid:38596] [zcode-agent-service] 开始初始化 ZCode agent {
  workspaceKey: 'C:\\Users\\USER\\Desktop\\Personal\\ZCode\\.tmp\\z1-native-1790566207584-b096d1\\workspace',
  workspacePath: 'C:\\Users\\USER\\Desktop\\Personal\\ZCode\\.tmp\\z1-native-1790566207584-b096d1\\workspace'
}
[2026-09-28 11:30:11.790] [pid:38596] [zcode-host] exposing services on ChannelServer...
[2026-09-28 11:30:11.791] [pid:45324] [main] [host-log] (local-1) [host] [2026-09-28 11:30:11.790] [pid:38596] [zcode-agent-service] 开始初始化 ZCode agent {"workspaceKey":"C:\\Users\\USER\\Desktop\\Personal\\ZCode\\.tmp\\z1-native-1790566207584-b096d1\\workspace","workspacePath":"C:\\Users\\USER\\Desktop\\Personal\\ZCode\\.tmp\\z1-native-1790566207584-b096d1\\workspace"}
[Z1 child] [2026-09-28 11:30:11.791] [pid:38596] [zcode-host] creating ChannelServer (deferInit=false)
[2026-09-28 11:30:11.791] [pid:38596] [zcode-host] [rpc:register] channel "graphEngineering"
[2026-09-28 11:30:11.791] [pid:38596] [zcode-host] [rpc:register] channel "graphWorkflow"
[2026-09-28 11:30:11.791] [pid:38596] [zcode-host] [rpc:register] channel "graphParallel"
[2026-09-28 11:30:11.791] [pid:38596] [zcode-host] [rpc:register] channel "file"
[2026-09-28 11:30:11.791] [pid:38596] [zcode-host] [rpc:register] channel "media-preview"
[2026-09-28 11:30:11.791] [pid:38596] [zcode-host] [rpc:register] channel "git"
[2026-09-28 11:30:11.791] [pid:38596] [zcode-host] [rpc:register] channel "git-checkpoint"
[2026-09-28 11:30:11.791] [pid:38596] [zcode-host] [rpc:register] channel "system"
[2026-09-28 11:30:11.791] [pid:38596] [zcode-host] [rpc:register] channel "terminal"
[2026-09-28 11:30:11.791] [pid:38596] [zcode-host] [rpc:register] channel "setting"
[2026-09-28 11:30:11.791] [pid:38596] [zcode-host] [rpc:register] channel "onboarding-record"
[2026-09-28 11:30:11.792] [pid:45324] [main] [host-log] (local-1) [host] [2026-09-28 11:30:11.790] [pid:38596] [zcode-host] exposing services on ChannelServer...
[2026-09-28 11:30:11.793] [pid:45324] [main] [host-log] (local-1) [host] [2026-09-28 11:30:11.791] [pid:38596] [zcode-host] creating ChannelServer (deferInit=false)
[2026-09-28 11:30:11.793] [pid:45324] [main] [host-log] (local-1) [host] [2026-09-28 11:30:11.791] [pid:38596] [zcode-host] [rpc:register] channel "graphEngineering"
[2026-09-28 11:30:11.794] [pid:45324] [main] [host-log] (local-1) [host] [2026-09-28 11:30:11.791] [pid:38596] [zcode-host] [rpc:register] channel "graphWorkflow"
[2026-09-28 11:30:11.796] [pid:45324] [main] [host-log] (local-1) [host] [2026-09-28 11:30:11.791] [pid:38596] [zcode-host] [rpc:register] channel "graphParallel"
[2026-09-28 11:30:11.798] [pid:45324] [main] [host-log] (local-1) [host] [2026-09-28 11:30:11.791] [pid:38596] [zcode-host] [rpc:register] channel "file"
[2026-09-28 11:30:11.798] [pid:45324] [main] [host-log] (local-1) [host] [2026-09-28 11:30:11.791] [pid:38596] [zcode-host] [rpc:register] channel "media-preview"
[2026-09-28 11:30:11.799] [pid:45324] [main] [host-log] (local-1) [host] [2026-09-28 11:30:11.791] [pid:38596] [zcode-host] [rpc:register] channel "git"
[2026-09-28 11:30:11.800] [pid:45324] [main] [host-log] (local-1) [host] [2026-09-28 11:30:11.791] [pid:38596] [zcode-host] [rpc:register] channel "git-checkpoint"
[2026-09-28 11:30:11.801] [pid:45324] [main] [host-log] (local-1) [host] [2026-09-28 11:30:11.791] [pid:38596] [zcode-host] [rpc:register] channel "system"
[2026-09-28 11:30:11.802] [pid:45324] [main] [host-log] (local-1) [host] [2026-09-28 11:30:11.791] [pid:38596] [zcode-host] [rpc:register] channel "terminal"
[2026-09-28 11:30:11.803] [pid:45324] [main] [host-log] (local-1) [host] [2026-09-28 11:30:11.791] [pid:38596] [zcode-host] [rpc:register] channel "setting"
[Z1 child] [2026-09-28 11:30:11.791] [pid:38596] [zcode-host] [rpc:register] channel "credential"
[2026-09-28 11:30:11.792] [pid:38596] [zcode-host] [rpc:register] channel "broadcast"
[2026-09-28 11:30:11.792] [pid:38596] [zcode-host] [rpc:register] channel "zcode-task"
[2026-09-28 11:30:11.792] [pid:38596] [zcode-host] [rpc:register] channel "zcode-agent"
[2026-09-28 11:30:11.792] [pid:38596] [zcode-host] [rpc:register] channel "zcode-session"
[2026-09-28 11:30:11.792] [pid:38596] [zcode-host] [rpc:register] channel "cua-permission"
[2026-09-28 11:30:11.792] [pid:38596] [zcode-host] [rpc:register] channel "cua-pip-session"
[2026-09-28 11:30:11.792] [pid:38596] [zcode-host] [rpc:register] channel "conversation-share"
[2026-09-28 11:30:11.792] [pid:38596] [zcode-host] [rpc:register] channel "bots"
[2026-09-28 11:30:11.792] [pid:38596] [zcode-host] [rpc:register] channel "file-watcher"
[2026-09-28 11:30:11.792] [pid:38596] [zcode-host] [rpc:register] channel "oauth"
[2026-09-28 11:30:11.792] [pid:38596] [zcode-host] [rpc:register] channel "usage-stats"
[2026-09-28 11:30:11.792] [pid:38596] [zcode-host] [rpc:register] channel "coding-plan-subscription"
[2026-09-28 11:30:11.792] [pid:38596] [zcode-host] [rpc:register] channel "client-config"
[2026-09-28 11:30:11.792] [pid:38596] [zcode-host] [rpc:register] channel "client-scenes"
[2026-09-28 11:30:11.792] [pid:38596] [zcode-host] [rpc:register] channel "off-peak-task"
[2026-09-28 11:30:11.792] [pid:38596] [zcode-host] [rpc:register] channel "skills"
[2026-09-28 11:30:11.792] [pid:38596] [zcode-host] [rpc:register] channel "skill-sync"
[2026-09-28 11:30:11.792] [pid:38596] [zcode-host] [rpc:register] channel "mcp-sync"
[2026-09-28 11:30:11.792] [pid:38596] [zcode-host] [rpc:register] channel "plugin-sync"
[2026-09-28 11:30:11.792] [pid:38596] [zcode-host] [rpc:register] channel "plugins"
[2026-09-28 11:30:11.792] [pid:38596] [zcode-host] [rpc:register] channel "plugin-management"
[2026-09-28 11:30:11.792] [pid:38596] [zcode-host] [rpc:register] channel "subagents"
[2026-09-28 11:30:11.792] [pid:38596] [zcode-host] [rpc:register] channel "commands"
[2026-09-28 11:30:11.792] [pid:38596] [zcode-host] [rpc:register] channel "hooks"
[2026-09-28 11:30:11.792] [pid:38596] [zcode-host] [rpc:register] channel "memory"
[2026-09-28 11:30:11.792] [pid:38596] [zcode-host] [rpc:register] channel "settings-sync"
[2026-09-28 11:30:11.792] [pid:38596] [zcode-host] [rpc:register] channel "feedback"
[2026-09-28 11:30:11.792] [pid:38596] [zcode-host] [rpc:register] channel "prompt-attachment-transfer"
[2026-09-28 11:30:11.792] [pid:38596] [zcode-host] [rpc:register] channel "provider-settings"
[2026-09-28 11:30:11.792] [pid:38596] [zcode-host] [rpc:register] channel "model-selection"
[2026-09-28 11:30:11.792] [pid:38596] [zcode-host] [rpc:register] channel "window-controller"
[2026-09-28 11:30:11.792] [pid:38596] [zcode-host] service connection ready mode=desktop-continuous
[2026-09-28 11:30:11.793] [pid:38596] [zcode-host] window Host topology, reason=base-attachment-ready, pid=38596, connections=0, logicalSessions=0, attachments=1
[2026-09-28 11:30:11.793] [pid:38596] [zcode-host] local services ready, all channels registered
[2026-09-28 11:30:11.803] [pid:38596] [settingService] read result: {"recentProjects":[],"locale":"zh-CN","localePreference":"en-US","terminalInheritSystemProfile":true,"embeddedBrowserAllowInsecureCertificates":false,"embeddedBrowserViewportPreference":{"mode":"normal","viewport":{"width":393,"height":852},"zoom":"fit"},"computerUseComposerEntryHidden":true,"taskAutoArchiveEnabled":false,"taskAutoArchiveOlderThanDays":7,"closeToTrayOnWindows":false,"closeToTrayOnWindowsMigrationInitialized":true,"keepAwakeWhileRunning":false,"desktopChromiumHardwareAccelerationEnabled":true,"messageStreamShowReasoning":true,"messageStreamShowReasoningMigrationInitialized":true,"messageStreamShowTodos":false,"toolGroupingExploreEnabled":true,"toolGroupingTerminalEnabled":true,"toolGroupingChangesEnabled":false,"zcodeInteractionBehavior":"queue","askUserQuestionAutoResolutionEnabled":false,"modelIoFullRetentionEnabled":false,"startPlanRecommendationDismissed":false,"providerFamilyConnectionSelections":{},"providerFamilyDomain":"zai","providerFamilyDomainMigrated":true,"nativeSearchEnhancementsEnabled":true,"memoryEnabled":false,"lastWorkspaceSession":[],"lastActiveTabIndex":0,"receivePreviewUpdates":false,"autoDownloadAndInstallUpdates":false,"skippedElectronUpdateVersions":{}}
[2026-09-28 11:30:11.803] [pid:45324] [main] [host-log] (local-1) [host] [2026-09-28 11:30:11.791] [pid:38596] [zcode-host] [rpc:register] channel "onboarding-record"
[2026-09-28 11:30:11.804] [pid:45324] [main] [host-log] (local-1) [host] [2026-09-28 11:30:11.791] [pid:38596] [zcode-host] [rpc:register] channel "credential"
[2026-09-28 11:30:11.805] [pid:45324] [main] [host-log] (local-1) [host] [2026-09-28 11:30:11.792] [pid:38596] [zcode-host] [rpc:register] channel "broadcast"
[2026-09-28 11:30:11.806] [pid:45324] [main] [host-log] (local-1) [host] [2026-09-28 11:30:11.792] [pid:38596] [zcode-host] [rpc:register] channel "zcode-task"
[2026-09-28 11:30:11.807] [pid:45324] [main] [host-log] (local-1) [host] [2026-09-28 11:30:11.792] [pid:38596] [zcode-host] [rpc:register] channel "zcode-agent"
[2026-09-28 11:30:11.807] [pid:45324] [main] [host-log] (local-1) [host] [2026-09-28 11:30:11.792] [pid:38596] [zcode-host] [rpc:register] channel "zcode-session"
[2026-09-28 11:30:11.808] [pid:45324] [main] [host-log] (local-1) [host] [2026-09-28 11:30:11.792] [pid:38596] [zcode-host] [rpc:register] channel "cua-permission"
[2026-09-28 11:30:11.809] [pid:45324] [main] [host-log] (local-1) [host] [2026-09-28 11:30:11.792] [pid:38596] [zcode-host] [rpc:register] channel "cua-pip-session"
[2026-09-28 11:30:11.810] [pid:45324] [main] [host-log] (local-1) [host] [2026-09-28 11:30:11.792] [pid:38596] [zcode-host] [rpc:register] channel "conversation-share"
[2026-09-28 11:30:11.810] [pid:45324] [main] [host-log] (local-1) [host] [2026-09-28 11:30:11.792] [pid:38596] [zcode-host] [rpc:register] channel "bots"
[2026-09-28 11:30:11.812] [pid:45324] [main] [host-log] (local-1) [host] [2026-09-28 11:30:11.792] [pid:38596] [zcode-host] [rpc:register] channel "file-watcher"
[2026-09-28 11:30:11.812] [pid:45324] [main] [host-log] (local-1) [host] [2026-09-28 11:30:11.792] [pid:38596] [zcode-host] [rpc:register] channel "oauth"
[2026-09-28 11:30:11.813] [pid:45324] [main] [host-log] (local-1) [host] [2026-09-28 11:30:11.792] [pid:38596] [zcode-host] [rpc:register] channel "usage-stats"
[2026-09-28 11:30:11.814] [pid:45324] [main] [host-log] (local-1) [host] [2026-09-28 11:30:11.792] [pid:38596] [zcode-host] [rpc:register] channel "coding-plan-subscription"
[2026-09-28 11:30:11.815] [pid:45324] [main] [host-log] (local-1) [host] [2026-09-28 11:30:11.792] [pid:38596] [zcode-host] [rpc:register] channel "client-config"
[2026-09-28 11:30:11.816] [pid:45324] [main] [host-log] (local-1) [host] [2026-09-28 11:30:11.792] [pid:38596] [zcode-host] [rpc:register] channel "client-scenes"
[2026-09-28 11:30:11.816] [pid:45324] [main] [host-log] (local-1) [host] [2026-09-28 11:30:11.792] [pid:38596] [zcode-host] [rpc:register] channel "off-peak-task"
[2026-09-28 11:30:11.817] [pid:45324] [main] [host-log] (local-1) [host] [2026-09-28 11:30:11.792] [pid:38596] [zcode-host] [rpc:register] channel "skills"
[2026-09-28 11:30:11.818] [pid:45324] [main] [host-log] (local-1) [host] [2026-09-28 11:30:11.792] [pid:38596] [zcode-host] [rpc:register] channel "skill-sync"
[2026-09-28 11:30:11.818] [pid:45324] [main] [host-log] (local-1) [host] [2026-09-28 11:30:11.792] [pid:38596] [zcode-host] [rpc:register] channel "mcp-sync"
[2026-09-28 11:30:11.819] [pid:45324] [main] [host-log] (local-1) [host] [2026-09-28 11:30:11.792] [pid:38596] [zcode-host] [rpc:register] channel "plugin-sync"
[2026-09-28 11:30:11.820] [pid:45324] [main] [host-log] (local-1) [host] [2026-09-28 11:30:11.792] [pid:38596] [zcode-host] [rpc:register] channel "plugins"
[2026-09-28 11:30:11.820] [pid:45324] [main] [host-log] (local-1) [host] [2026-09-28 11:30:11.792] [pid:38596] [zcode-host] [rpc:register] channel "plugin-management"
[2026-09-28 11:30:11.821] [pid:45324] [main] [host-log] (local-1) [host] [2026-09-28 11:30:11.792] [pid:38596] [zcode-host] [rpc:register] channel "subagents"
[2026-09-28 11:30:11.822] [pid:45324] [main] [host-log] (local-1) [host] [2026-09-28 11:30:11.792] [pid:38596] [zcode-host] [rpc:register] channel "commands"
[2026-09-28 11:30:11.822] [pid:45324] [main] [host-log] (local-1) [host] [2026-09-28 11:30:11.792] [pid:38596] [zcode-host] [rpc:register] channel "hooks"
[2026-09-28 11:30:11.823] [pid:45324] [main] [host-log] (local-1) [host] [2026-09-28 11:30:11.792] [pid:38596] [zcode-host] [rpc:register] channel "memory"
[2026-09-28 11:30:11.824] [pid:45324] [main] [host-log] (local-1) [host] [2026-09-28 11:30:11.792] [pid:38596] [zcode-host] [rpc:register] channel "settings-sync"
[2026-09-28 11:30:11.824] [pid:45324] [main] [host-log] (local-1) [host] [2026-09-28 11:30:11.792] [pid:38596] [zcode-host] [rpc:register] channel "feedback"
[2026-09-28 11:30:11.825] [pid:45324] [main] [host-log] (local-1) [host] [2026-09-28 11:30:11.792] [pid:38596] [zcode-host] [rpc:register] channel "prompt-attachment-transfer"
[2026-09-28 11:30:11.826] [pid:45324] [main] [host-log] (local-1) [host] [2026-09-28 11:30:11.792] [pid:38596] [zcode-host] [rpc:register] channel "provider-settings"
[2026-09-28 11:30:11.826] [pid:45324] [main] [host-log] (local-1) [host] [2026-09-28 11:30:11.792] [pid:38596] [zcode-host] [rpc:register] channel "model-selection"
[2026-09-28 11:30:11.827] [pid:45324] [main] [host-log] (local-1) [host] [2026-09-28 11:30:11.792] [pid:38596] [zcode-host] [rpc:register] channel "window-controller"
[2026-09-28 11:30:11.828] [pid:45324] [main] [host-log] (local-1) [host] [2026-09-28 11:30:11.792] [pid:38596] [zcode-host] service connection ready mode=desktop-continuous
[2026-09-28 11:30:11.828] [pid:45324] [main] [host-log] (local-1) [host] [2026-09-28 11:30:11.793] [pid:38596] [zcode-host] window Host topology, reason=base-attachment-ready, pid=38596, connections=0, logicalSessions=0, attachments=1
[2026-09-28 11:30:11.829] [pid:45324] [main] [host-log] (local-1) [host] [2026-09-28 11:30:11.793] [pid:38596] [zcode-host] local services ready, all channels registered
[2026-09-28 11:30:11.830] [pid:45324] [main] [database-startup] terminal {
  attemptId: '5e38d858-9637-467b-9f81-a32d8a224ac4',
  status: 'ready',
  durationMs: 1736,
  errorCode: undefined,
  disk: [
    {
      scopeId: '9319b000c8e74f2867e1e7bd121ddaf54b120dc84ca6297ecd939a191d9c2c40',
      observedAvailableDropPeakBytes: 151552,
      minAvailableBytes: 267608530944,
      quality: 'complete',
      sampledAt: 1790566210661
    }
  ]
}
[2026-09-28 11:30:11.832] [pid:45324] [main] [cron-scheduler] forked scheduler process pid=undefined
[Z1 child] [2026-09-28 11:30:11.833] [pid:38596] [zcode-host] [rpc:listen] broadcast.onMessage subscribed
[2026-09-28 11:30:11.834] [pid:45324] [main] [host-log] (local-1) [host] [2026-09-28 11:30:11.833] [pid:38596] [zcode-host] [rpc:listen] broadcast.onMessage subscribed
[2026-09-28 11:30:11.843] [pid:45324] [main] [task-realtime] updated host workspace scopes {
  hostId: '7873608c-ae15-40a5-af71-ca51a2abc8ca',
  workspaceKeyCount: 0
}
[2026-09-28 11:30:11.845] [pid:45324] [main] [open-folder] Windows Explorer 右键菜单安装失败 { error: '[Z1 isolation] registry access blocked' }
[Z1 child] [2026-09-28 11:30:11.843] [pid:38596] [zcode-host] [rpc:listen] zcode-agent.onDynamicCuaPermissionObservation subscribed
[2026-09-28 11:30:11.844] [pid:38596] [settingService] reading settings from: C:\Users\USER\Desktop\Personal\ZCode\.tmp\z1-native-1790566207584-b096d1\home\.zcode\v2\setting.json
[2026-09-28 11:30:11.844] [pid:38596] [settingService] reading settings from: C:\Users\USER\Desktop\Personal\ZCode\.tmp\z1-native-1790566207584-b096d1\home\.zcode\v2\setting.json
[2026-09-28 11:30:11.844] [pid:38596] [zcode-host] [rpc:listen] model-selection.onDidChange subscribed
[2026-09-28 11:30:11.844] [pid:38596] [zcode-host] [rpc:listen] broadcast.onMessage subscribed
[2026-09-28 11:30:11.844] [pid:38596] [zcode-host] [rpc:listen] provider-settings.onDidChange subscribed
[2026-09-28 11:30:11.844] [pid:38596] [settingService] reading settings from: C:\Users\USER\Desktop\Personal\ZCode\.tmp\z1-native-1790566207584-b096d1\home\.zcode\v2\setting.json
[2026-09-28 11:30:11.844] [pid:38596] [zcode-host] [rpc:listen] broadcast.onMessage subscribed
[2026-09-28 11:30:11.844] [pid:38596] [zcode-host] [rpc:listen] provider-settings.onDidChange subscribed
[2026-09-28 11:30:11.845] [pid:38596] [zcode-host] [rpc:listen] broadcast.onMessage subscribed
[2026-09-28 11:30:11.845] [pid:38596] [settingService] reading settings from: C:\Users\USER\Desktop\Personal\ZCode\.tmp\z1-native-1790566207584-b096d1\home\.zcode\v2\setting.json
[2026-09-28 11:30:11.845] [pid:38596] [zcode-host] [rpc:listen] broadcast.onMessage subscribed
[2026-09-28 11:30:11.847] [pid:45324] [main] [host-log] (local-1) [host] [2026-09-28 11:30:11.843] [pid:38596] [zcode-host] [rpc:listen] zcode-agent.onDynamicCuaPermissionObservation subscribed
[2026-09-28 11:30:11.850] [pid:45324] [main] [host-log] (local-1) [host] [2026-09-28 11:30:11.844] [pid:38596] [zcode-host] [rpc:listen] model-selection.onDidChange subscribed
[2026-09-28 11:30:11.851] [pid:45324] [main] [host-log] (local-1) [host] [2026-09-28 11:30:11.844] [pid:38596] [zcode-host] [rpc:listen] broadcast.onMessage subscribed
[2026-09-28 11:30:11.851] [pid:45324] [main] [host-log] (local-1) [host] [2026-09-28 11:30:11.844] [pid:38596] [zcode-host] [rpc:listen] provider-settings.onDidChange subscribed
[2026-09-28 11:30:11.852] [pid:45324] [main] [host-log] (local-1) [host] [2026-09-28 11:30:11.844] [pid:38596] [zcode-host] [rpc:listen] broadcast.onMessage subscribed
[2026-09-28 11:30:11.853] [pid:45324] [main] [host-log] (local-1) [host] [2026-09-28 11:30:11.844] [pid:38596] [zcode-host] [rpc:listen] provider-settings.onDidChange subscribed
[2026-09-28 11:30:11.854] [pid:45324] [main] [host-log] (local-1) [host] [2026-09-28 11:30:11.845] [pid:38596] [zcode-host] [rpc:listen] broadcast.onMessage subscribed
[2026-09-28 11:30:11.855] [pid:45324] [main] [host-log] (local-1) [host] [2026-09-28 11:30:11.845] [pid:38596] [zcode-host] [rpc:listen] broadcast.onMessage subscribed
[Z1 child] [2026-09-28 11:30:11.855] [pid:38596] [oauthService] restoreCachedSession skipped: no active provider
[2026-09-28 11:30:11.855] [pid:38596] [zcode-host] [rpc:call] oauth.restoreCachedSessionState OK (10.8ms)
[2026-09-28 11:30:11.856] [pid:45324] [main] [host-log] (local-1) [host] [2026-09-28 11:30:11.855] [pid:38596] [oauthService] restoreCachedSession skipped: no active provider
[2026-09-28 11:30:11.857] [pid:45324] [main] [host-log] (local-1) [host] [2026-09-28 11:30:11.855] [pid:38596] [zcode-host] [rpc:call] oauth.restoreCachedSessionState OK (10.8ms)
[2026-09-28 11:30:11.859] [pid:45324] [main] [host-log] (local-1) [host] [2026-09-28 11:30:11.857] [pid:38596] [cua-pip-session] [cua-pip-session] event delivery dropped {"kind":"focus-changed","revision":3,"sessionId":null,"sourceWindowId":"window-1","skipReason":"service-disabled"}
[Z1 child] [2026-09-28 11:30:11.858] [pid:38596] [settingService] read result: {"recentProjects":[],"locale":"zh-CN","localePreference":"en-US","terminalInheritSystemProfile":true,"embeddedBrowserAllowInsecureCertificates":false,"embeddedBrowserViewportPreference":{"mode":"normal","viewport":{"width":393,"height":852},"zoom":"fit"},"computerUseComposerEntryHidden":true,"taskAutoArchiveEnabled":false,"taskAutoArchiveOlderThanDays":7,"closeToTrayOnWindows":false,"closeToTrayOnWindowsMigrationInitialized":true,"keepAwakeWhileRunning":false,"desktopChromiumHardwareAccelerationEnabled":true,"messageStreamShowReasoning":true,"messageStreamShowReasoningMigrationInitialized":true,"messageStreamShowTodos":false,"toolGroupingExploreEnabled":true,"toolGroupingTerminalEnabled":true,"toolGroupingChangesEnabled":false,"zcodeInteractionBehavior":"queue","askUserQuestionAutoResolutionEnabled":false,"modelIoFullRetentionEnabled":false,"startPlanRecommendationDismissed":false,"providerFamilyConnectionSelections":{},"providerFamilyDomain":"zai","providerFamilyDomainMigrated":true,"nativeSearchEnhancementsEnabled":true,"memoryEnabled":false,"lastWorkspaceSession":[],"lastActiveTabIndex":0,"receivePreviewUpdates":false,"autoDownloadAndInstallUpdates":false,"skippedElectronUpdateVersions":{}}
[Z1 child] [2026-09-28 11:30:11.857] [pid:38596] [cua-pip-session] [cua-pip-session] event delivery dropped {
  kind: 'focus-changed',
  revision: 3,
  sessionId: null,
  sourceWindowId: 'window-1',
  skipReason: 'service-disabled'
}
[Z1 child] [2026-09-28 11:30:11.860] [pid:38596] [node-api-client] zcode endpoint request headers prepared {
  headerKeys: [
    'http-referer',
    'user-agent',
    'x-client-language',
    'x-client-timezone',
    'x-device-mid',
    'x-os-category',
    'x-os-version',
    'x-platform',
    'x-release-channel',
    'x-request-id',
    'x-title',
    'x-zcode-app-version'
  ],
  method: 'GET',
  url: 'http://127.0.0.1:53870/api/v1/client/configs?app_version=3.14.0&platform=win32-x64'
}
[Z1 child] [2026-09-28 11:30:11.861] [pid:38596] [settingService] reading settings from: C:\Users\USER\Desktop\Personal\ZCode\.tmp\z1-native-1790566207584-b096d1\home\.zcode\v2\setting.json
[Z1 child] [2026-09-28 11:30:11.861] [pid:38596] [settingService] read result: {"recentProjects":[],"locale":"zh-CN","localePreference":"en-US","terminalInheritSystemProfile":true,"embeddedBrowserAllowInsecureCertificates":false,"embeddedBrowserViewportPreference":{"mode":"normal","viewport":{"width":393,"height":852},"zoom":"fit"},"computerUseComposerEntryHidden":true,"taskAutoArchiveEnabled":false,"taskAutoArchiveOlderThanDays":7,"closeToTrayOnWindows":false,"closeToTrayOnWindowsMigrationInitialized":true,"keepAwakeWhileRunning":false,"desktopChromiumHardwareAccelerationEnabled":true,"messageStreamShowReasoning":true,"messageStreamShowReasoningMigrationInitialized":true,"messageStreamShowTodos":false,"toolGroupingExploreEnabled":true,"toolGroupingTerminalEnabled":true,"toolGroupingChangesEnabled":false,"zcodeInteractionBehavior":"queue","askUserQuestionAutoResolutionEnabled":false,"modelIoFullRetentionEnabled":false,"startPlanRecommendationDismissed":false,"providerFamilyConnectionSelections":{},"providerFamilyDomain":"zai","providerFamilyDomainMigrated":true,"nativeSearchEnhancementsEnabled":true,"memoryEnabled":false,"lastWorkspaceSession":[],"lastActiveTabIndex":0,"receivePreviewUpdates":false,"autoDownloadAndInstallUpdates":false,"skippedElectronUpdateVersions":{}}
[2026-09-28 11:30:11.861] [pid:38596] [zcode-host] [rpc:call] setting.get OK (17.0ms)
[2026-09-28 11:30:11.861] [pid:38596] [settingService] read result: {"recentProjects":[],"locale":"zh-CN","localePreference":"en-US","terminalInheritSystemProfile":true,"embeddedBrowserAllowInsecureCertificates":false,"embeddedBrowserViewportPreference":{"mode":"normal","viewport":{"width":393,"height":852},"zoom":"fit"},"computerUseComposerEntryHidden":true,"taskAutoArchiveEnabled":false,"taskAutoArchiveOlderThanDays":7,"closeToTrayOnWindows":false,"closeToTrayOnWindowsMigrationInitialized":true,"keepAwakeWhileRunning":false,"desktopChromiumHardwareAccelerationEnabled":true,"messageStreamShowReasoning":true,"messageStreamShowReasoningMigrationInitialized":true,"messageStreamShowTodos":false,"toolGroupingExploreEnabled":true,"toolGroupingTerminalEnabled":true,"toolGroupingChangesEnabled":false,"zcodeInteractionBehavior":"queue","askUserQuestionAutoResolutionEnabled":false,"modelIoFullRetentionEnabled":false,"startPlanRecommendationDismissed":false,"providerFamilyConnectionSelections":{},"providerFamilyDomain":"zai","providerFamilyDomainMigrated":true,"nativeSearchEnhancementsEnabled":true,"memoryEnabled":false,"lastWorkspaceSession":[],"lastActiveTabIndex":0,"receivePreviewUpdates":false,"autoDownloadAndInstallUpdates":false,"skippedElectronUpdateVersions":{}}
[2026-09-28 11:30:11.861] [pid:38596] [zcode-host] [rpc:call] setting.get OK (16.9ms)
[2026-09-28 11:30:11.861] [pid:38596] [settingService] read result: {"recentProjects":[],"locale":"zh-CN","localePreference":"en-US","terminalInheritSystemProfile":true,"embeddedBrowserAllowInsecureCertificates":false,"embeddedBrowserViewportPreference":{"mode":"normal","viewport":{"width":393,"height":852},"zoom":"fit"},"computerUseComposerEntryHidden":true,"taskAutoArchiveEnabled":false,"taskAutoArchiveOlderThanDays":7,"closeToTrayOnWindows":false,"closeToTrayOnWindowsMigrationInitialized":true,"keepAwakeWhileRunning":false,"desktopChromiumHardwareAccelerationEnabled":true,"messageStreamShowReasoning":true,"messageStreamShowReasoningMigrationInitialized":true,"messageStreamShowTodos":false,"toolGroupingExploreEnabled":true,"toolGroupingTerminalEnabled":true,"toolGroupingChangesEnabled":false,"zcodeInteractionBehavior":"queue","askUserQuestionAutoResolutionEnabled":false,"modelIoFullRetentionEnabled":false,"startPlanRecommendationDismissed":false,"providerFamilyConnectionSelections":{},"providerFamilyDomain":"zai","providerFamilyDomainMigrated":true,"nativeSearchEnhancementsEnabled":true,"memoryEnabled":false,"lastWorkspaceSession":[],"lastActiveTabIndex":0,"receivePreviewUpdates":false,"autoDownloadAndInstallUpdates":false,"skippedElectronUpdateVersions":{}}
[2026-09-28 11:30:11.861] [pid:38596] [zcode-host] [rpc:call] setting.get OK (16.6ms)
[2026-09-28 11:30:11.862] [pid:45324] [main] [host-log] (local-1) [host] [2026-09-28 11:30:11.861] [pid:38596] [zcode-host] [rpc:call] setting.get OK (17.0ms)
[2026-09-28 11:30:11.863] [pid:45324] [main] [host-log] (local-1) [host] [2026-09-28 11:30:11.861] [pid:38596] [zcode-host] [rpc:call] setting.get OK (16.9ms)
[2026-09-28 11:30:11.864] [pid:45324] [main] [host-log] (local-1) [host] [2026-09-28 11:30:11.861] [pid:38596] [zcode-host] [rpc:call] setting.get OK (16.6ms)
[Z1 child] [2026-09-28 11:30:11.865] [pid:38596] [settingService] reading settings from: C:\Users\USER\Desktop\Personal\ZCode\.tmp\z1-native-1790566207584-b096d1\home\.zcode\v2\setting.json
[2026-09-28 11:30:11.865] [pid:38596] [zcode-host] [rpc:call] zcode-agent.syncAppRuntimePreferences OK (0.1ms)
[2026-09-28 11:30:11.867] [pid:45324] [main] [host-log] (local-1) [host] [2026-09-28 11:30:11.865] [pid:38596] [zcode-host] [rpc:call] zcode-agent.syncAppRuntimePreferences OK (0.1ms)
[Z1 child] [2026-09-28 11:30:11.865] [pid:38596] [zcode-host] [rpc:call] bots.syncAppRuntimePreferences OK (0.0ms)
[2026-09-28 11:30:11.865] [pid:38596] [settingService] read result: {"recentProjects":[],"locale":"zh-CN","localePreference":"en-US","terminalInheritSystemProfile":true,"embeddedBrowserAllowInsecureCertificates":false,"embeddedBrowserViewportPreference":{"mode":"normal","viewport":{"width":393,"height":852},"zoom":"fit"},"computerUseComposerEntryHidden":true,"taskAutoArchiveEnabled":false,"taskAutoArchiveOlderThanDays":7,"closeToTrayOnWindows":false,"closeToTrayOnWindowsMigrationInitialized":true,"keepAwakeWhileRunning":false,"desktopChromiumHardwareAccelerationEnabled":true,"messageStreamShowReasoning":true,"messageStreamShowReasoningMigrationInitialized":true,"messageStreamShowTodos":false,"toolGroupingExploreEnabled":true,"toolGroupingTerminalEnabled":true,"toolGroupingChangesEnabled":false,"zcodeInteractionBehavior":"queue","askUserQuestionAutoResolutionEnabled":false,"modelIoFullRetentionEnabled":false,"startPlanRecommendationDismissed":false,"providerFamilyConnectionSelections":{},"providerFamilyDomain":"zai","providerFamilyDomainMigrated":true,"nativeSearchEnhancementsEnabled":true,"memoryEnabled":false,"lastWorkspaceSession":[],"lastActiveTabIndex":0,"receivePreviewUpdates":false,"autoDownloadAndInstallUpdates":false,"skippedElectronUpdateVersions":{}}
[2026-09-28 11:30:11.868] [pid:45324] [main] [host-log] (local-1) [host] [2026-09-28 11:30:11.865] [pid:38596] [zcode-host] [rpc:call] bots.syncAppRuntimePreferences OK (0.0ms)
[Z1 child] [2026-09-28 11:30:11.876] [pid:38596] [settingService] read result: {"recentProjects":[],"locale":"zh-CN","localePreference":"en-US","terminalInheritSystemProfile":true,"embeddedBrowserAllowInsecureCertificates":false,"embeddedBrowserViewportPreference":{"mode":"normal","viewport":{"width":393,"height":852},"zoom":"fit"},"computerUseComposerEntryHidden":true,"taskAutoArchiveEnabled":false,"taskAutoArchiveOlderThanDays":7,"closeToTrayOnWindows":false,"closeToTrayOnWindowsMigrationInitialized":true,"keepAwakeWhileRunning":false,"desktopChromiumHardwareAccelerationEnabled":true,"messageStreamShowReasoning":true,"messageStreamShowReasoningMigrationInitialized":true,"messageStreamShowTodos":false,"toolGroupingExploreEnabled":true,"toolGroupingTerminalEnabled":true,"toolGroupingChangesEnabled":false,"zcodeInteractionBehavior":"queue","askUserQuestionAutoResolutionEnabled":false,"modelIoFullRetentionEnabled":false,"startPlanRecommendationDismissed":false,"providerFamilyConnectionSelections":{},"providerFamilyDomain":"zai","providerFamilyDomainMigrated":true,"nativeSearchEnhancementsEnabled":true,"memoryEnabled":false,"lastWorkspaceSession":[],"lastActiveTabIndex":0,"receivePreviewUpdates":false,"autoDownloadAndInstallUpdates":false,"skippedElectronUpdateVersions":{}}
[2026-09-28 11:30:11.876] [pid:38596] [zcode-host] [rpc:call] setting.get OK (11.4ms)
[2026-09-28 11:30:11.877] [pid:45324] [main] [host-log] (local-1) [host] [2026-09-28 11:30:11.876] [pid:38596] [zcode-host] [rpc:call] setting.get OK (11.4ms)
[Z1 child] [2026-09-28 11:30:11.882] [pid:38596] [zcode-host] [rpc:call] coding-plan-subscription.getDynamicWorkflowClientConfig OK (38.1ms)
[2026-09-28 11:30:11.882] [pid:45324] [main] [host-log] (local-1) [host] [2026-09-28 11:30:11.882] [pid:38596] [zcode-host] [rpc:call] coding-plan-subscription.getDynamicWorkflowClientConfig OK (38.1ms)
[Z1 child] [2026-09-28 11:30:11.895] [pid:38596] [settingService] reading settings from: C:\Users\USER\Desktop\Personal\ZCode\.tmp\z1-native-1790566207584-b096d1\home\.zcode\v2\setting.json
[Z1 child] [2026-09-28 11:30:11.896] [pid:38596] [settingService] read result: {"recentProjects":[],"locale":"zh-CN","localePreference":"en-US","terminalInheritSystemProfile":true,"embeddedBrowserAllowInsecureCertificates":false,"embeddedBrowserViewportPreference":{"mode":"normal","viewport":{"width":393,"height":852},"zoom":"fit"},"computerUseComposerEntryHidden":true,"taskAutoArchiveEnabled":false,"taskAutoArchiveOlderThanDays":7,"closeToTrayOnWindows":false,"closeToTrayOnWindowsMigrationInitialized":true,"keepAwakeWhileRunning":false,"desktopChromiumHardwareAccelerationEnabled":true,"messageStreamShowReasoning":true,"messageStreamShowReasoningMigrationInitialized":true,"messageStreamShowTodos":false,"toolGroupingExploreEnabled":true,"toolGroupingTerminalEnabled":true,"toolGroupingChangesEnabled":false,"zcodeInteractionBehavior":"queue","askUserQuestionAutoResolutionEnabled":false,"modelIoFullRetentionEnabled":false,"startPlanRecommendationDismissed":false,"providerFamilyConnectionSelections":{},"providerFamilyDomain":"zai","providerFamilyDomainMigrated":true,"nativeSearchEnhancementsEnabled":true,"memoryEnabled":false,"lastWorkspaceSession":[],"lastActiveTabIndex":0,"receivePreviewUpdates":false,"autoDownloadAndInstallUpdates":false,"skippedElectronUpdateVersions":{}}
[Z1 child] [2026-09-28 11:30:11.896] [pid:38596] [settingService] reading settings from: C:\Users\USER\Desktop\Personal\ZCode\.tmp\z1-native-1790566207584-b096d1\home\.zcode\v2\setting.json
[Z1 child] [2026-09-28 11:30:11.897] [pid:38596] [settingService] read result: {"recentProjects":[],"locale":"zh-CN","localePreference":"en-US","terminalInheritSystemProfile":true,"embeddedBrowserAllowInsecureCertificates":false,"embeddedBrowserViewportPreference":{"mode":"normal","viewport":{"width":393,"height":852},"zoom":"fit"},"computerUseComposerEntryHidden":true,"taskAutoArchiveEnabled":false,"taskAutoArchiveOlderThanDays":7,"closeToTrayOnWindows":false,"closeToTrayOnWindowsMigrationInitialized":true,"keepAwakeWhileRunning":false,"desktopChromiumHardwareAccelerationEnabled":true,"messageStreamShowReasoning":true,"messageStreamShowReasoningMigrationInitialized":true,"messageStreamShowTodos":false,"toolGroupingExploreEnabled":true,"toolGroupingTerminalEnabled":true,"toolGroupingChangesEnabled":false,"zcodeInteractionBehavior":"queue","askUserQuestionAutoResolutionEnabled":false,"modelIoFullRetentionEnabled":false,"startPlanRecommendationDismissed":false,"providerFamilyConnectionSelections":{},"providerFamilyDomain":"zai","providerFamilyDomainMigrated":true,"nativeSearchEnhancementsEnabled":true,"memoryEnabled":false,"lastWorkspaceSession":[],"lastActiveTabIndex":0,"receivePreviewUpdates":false,"autoDownloadAndInstallUpdates":false,"skippedElectronUpdateVersions":{}}
[Z1 child] [2026-09-28 11:30:11.921] [pid:38596] [settingService] reading settings from: C:\Users\USER\Desktop\Personal\ZCode\.tmp\z1-native-1790566207584-b096d1\home\.zcode\v2\setting.json
[Z1 child] [2026-09-28 11:30:11.923] [pid:38596] [settingService] read result: {"recentProjects":[],"locale":"zh-CN","localePreference":"en-US","terminalInheritSystemProfile":true,"embeddedBrowserAllowInsecureCertificates":false,"embeddedBrowserViewportPreference":{"mode":"normal","viewport":{"width":393,"height":852},"zoom":"fit"},"computerUseComposerEntryHidden":true,"taskAutoArchiveEnabled":false,"taskAutoArchiveOlderThanDays":7,"closeToTrayOnWindows":false,"closeToTrayOnWindowsMigrationInitialized":true,"keepAwakeWhileRunning":false,"desktopChromiumHardwareAccelerationEnabled":true,"messageStreamShowReasoning":true,"messageStreamShowReasoningMigrationInitialized":true,"messageStreamShowTodos":false,"toolGroupingExploreEnabled":true,"toolGroupingTerminalEnabled":true,"toolGroupingChangesEnabled":false,"zcodeInteractionBehavior":"queue","askUserQuestionAutoResolutionEnabled":false,"modelIoFullRetentionEnabled":false,"startPlanRecommendationDismissed":false,"providerFamilyConnectionSelections":{},"providerFamilyDomain":"zai","providerFamilyDomainMigrated":true,"nativeSearchEnhancementsEnabled":true,"memoryEnabled":false,"lastWorkspaceSession":[],"lastActiveTabIndex":0,"receivePreviewUpdates":false,"autoDownloadAndInstallUpdates":false,"skippedElectronUpdateVersions":{}}
[Z1 child] [2026-09-28 11:30:11.924] [pid:38596] [node-api-client] zcode endpoint request headers prepared {
  headerKeys: [
    'http-referer',
    'user-agent',
    'x-client-language',
    'x-client-timezone',
    'x-device-mid',
    'x-os-category',
    'x-os-version',
    'x-platform',
    'x-release-channel',
    'x-request-id',
    'x-title',
    'x-zcode-app-version'
  ],
  method: 'GET',
  url: 'http://127.0.0.1:53870/api/v1/client/configs?app_version=3.14.0&platform=windows-x86_64'
}
[Z1 child] [2026-09-28 11:30:11.928] [pid:38596] [settingService] reading settings from: C:\Users\USER\Desktop\Personal\ZCode\.tmp\z1-native-1790566207584-b096d1\home\.zcode\v2\setting.json
[Z1 child] [2026-09-28 11:30:11.937] [pid:38596] [settingService] read result: {"recentProjects":[],"locale":"zh-CN","localePreference":"en-US","terminalInheritSystemProfile":true,"embeddedBrowserAllowInsecureCertificates":false,"embeddedBrowserViewportPreference":{"mode":"normal","viewport":{"width":393,"height":852},"zoom":"fit"},"computerUseComposerEntryHidden":true,"taskAutoArchiveEnabled":false,"taskAutoArchiveOlderThanDays":7,"closeToTrayOnWindows":false,"closeToTrayOnWindowsMigrationInitialized":true,"keepAwakeWhileRunning":false,"desktopChromiumHardwareAccelerationEnabled":true,"messageStreamShowReasoning":true,"messageStreamShowReasoningMigrationInitialized":true,"messageStreamShowTodos":false,"toolGroupingExploreEnabled":true,"toolGroupingTerminalEnabled":true,"toolGroupingChangesEnabled":false,"zcodeInteractionBehavior":"queue","askUserQuestionAutoResolutionEnabled":false,"modelIoFullRetentionEnabled":false,"startPlanRecommendationDismissed":false,"providerFamilyConnectionSelections":{},"providerFamilyDomain":"zai","providerFamilyDomainMigrated":true,"nativeSearchEnhancementsEnabled":true,"memoryEnabled":false,"lastWorkspaceSession":[],"lastActiveTabIndex":0,"receivePreviewUpdates":false,"autoDownloadAndInstallUpdates":false,"skippedElectronUpdateVersions":{}}
[Z1 child] [2026-09-28 11:30:11.939] [pid:38596] [settingService] reading settings from: C:\Users\USER\Desktop\Personal\ZCode\.tmp\z1-native-1790566207584-b096d1\home\.zcode\v2\setting.json
[Z1 child] [2026-09-28 11:30:11.940] [pid:38596] [settingService] read result: {"recentProjects":[],"locale":"zh-CN","localePreference":"en-US","terminalInheritSystemProfile":true,"embeddedBrowserAllowInsecureCertificates":false,"embeddedBrowserViewportPreference":{"mode":"normal","viewport":{"width":393,"height":852},"zoom":"fit"},"computerUseComposerEntryHidden":true,"taskAutoArchiveEnabled":false,"taskAutoArchiveOlderThanDays":7,"closeToTrayOnWindows":false,"closeToTrayOnWindowsMigrationInitialized":true,"keepAwakeWhileRunning":false,"desktopChromiumHardwareAccelerationEnabled":true,"messageStreamShowReasoning":true,"messageStreamShowReasoningMigrationInitialized":true,"messageStreamShowTodos":false,"toolGroupingExploreEnabled":true,"toolGroupingTerminalEnabled":true,"toolGroupingChangesEnabled":false,"zcodeInteractionBehavior":"queue","askUserQuestionAutoResolutionEnabled":false,"modelIoFullRetentionEnabled":false,"startPlanRecommendationDismissed":false,"providerFamilyConnectionSelections":{},"providerFamilyDomain":"zai","providerFamilyDomainMigrated":true,"nativeSearchEnhancementsEnabled":true,"memoryEnabled":false,"lastWorkspaceSession":[],"lastActiveTabIndex":0,"receivePreviewUpdates":false,"autoDownloadAndInstallUpdates":false,"skippedElectronUpdateVersions":{}}
[Z1 child] [2026-09-28 11:30:11.942] [pid:38596] [settingService] reading settings from: C:\Users\USER\Desktop\Personal\ZCode\.tmp\z1-native-1790566207584-b096d1\home\.zcode\v2\setting.json
[Z1 child] [2026-09-28 11:30:11.944] [pid:38596] [settingService] read result: {"recentProjects":[],"locale":"zh-CN","localePreference":"en-US","terminalInheritSystemProfile":true,"embeddedBrowserAllowInsecureCertificates":false,"embeddedBrowserViewportPreference":{"mode":"normal","viewport":{"width":393,"height":852},"zoom":"fit"},"computerUseComposerEntryHidden":true,"taskAutoArchiveEnabled":false,"taskAutoArchiveOlderThanDays":7,"closeToTrayOnWindows":false,"closeToTrayOnWindowsMigrationInitialized":true,"keepAwakeWhileRunning":false,"desktopChromiumHardwareAccelerationEnabled":true,"messageStreamShowReasoning":true,"messageStreamShowReasoningMigrationInitialized":true,"messageStreamShowTodos":false,"toolGroupingExploreEnabled":true,"toolGroupingTerminalEnabled":true,"toolGroupingChangesEnabled":false,"zcodeInteractionBehavior":"queue","askUserQuestionAutoResolutionEnabled":false,"modelIoFullRetentionEnabled":false,"startPlanRecommendationDismissed":false,"providerFamilyConnectionSelections":{},"providerFamilyDomain":"zai","providerFamilyDomainMigrated":true,"nativeSearchEnhancementsEnabled":true,"memoryEnabled":false,"lastWorkspaceSession":[],"lastActiveTabIndex":0,"receivePreviewUpdates":false,"autoDownloadAndInstallUpdates":false,"skippedElectronUpdateVersions":{}}
[Z1 child] [2026-09-28 11:30:11.945] [pid:38596] [settingService] reading settings from: C:\Users\USER\Desktop\Personal\ZCode\.tmp\z1-native-1790566207584-b096d1\home\.zcode\v2\setting.json
[Z1 child] [2026-09-28 11:30:11.953] [pid:38596] [settingService] read result: {"recentProjects":[],"locale":"zh-CN","localePreference":"en-US","terminalInheritSystemProfile":true,"embeddedBrowserAllowInsecureCertificates":false,"embeddedBrowserViewportPreference":{"mode":"normal","viewport":{"width":393,"height":852},"zoom":"fit"},"computerUseComposerEntryHidden":true,"taskAutoArchiveEnabled":false,"taskAutoArchiveOlderThanDays":7,"closeToTrayOnWindows":false,"closeToTrayOnWindowsMigrationInitialized":true,"keepAwakeWhileRunning":false,"desktopChromiumHardwareAccelerationEnabled":true,"messageStreamShowReasoning":true,"messageStreamShowReasoningMigrationInitialized":true,"messageStreamShowTodos":false,"toolGroupingExploreEnabled":true,"toolGroupingTerminalEnabled":true,"toolGroupingChangesEnabled":false,"zcodeInteractionBehavior":"queue","askUserQuestionAutoResolutionEnabled":false,"modelIoFullRetentionEnabled":false,"startPlanRecommendationDismissed":false,"providerFamilyConnectionSelections":{},"providerFamilyDomain":"zai","providerFamilyDomainMigrated":true,"nativeSearchEnhancementsEnabled":true,"memoryEnabled":false,"lastWorkspaceSession":[],"lastActiveTabIndex":0,"receivePreviewUpdates":false,"autoDownloadAndInstallUpdates":false,"skippedElectronUpdateVersions":{}}
[Z1 child] [2026-09-28 11:30:11.954] [pid:38596] [settingService] reading settings from: C:\Users\USER\Desktop\Personal\ZCode\.tmp\z1-native-1790566207584-b096d1\home\.zcode\v2\setting.json
[Z1 child] [2026-09-28 11:30:11.956] [pid:38596] [settingService] read result: {"recentProjects":[],"locale":"zh-CN","localePreference":"en-US","terminalInheritSystemProfile":true,"embeddedBrowserAllowInsecureCertificates":false,"embeddedBrowserViewportPreference":{"mode":"normal","viewport":{"width":393,"height":852},"zoom":"fit"},"computerUseComposerEntryHidden":true,"taskAutoArchiveEnabled":false,"taskAutoArchiveOlderThanDays":7,"closeToTrayOnWindows":false,"closeToTrayOnWindowsMigrationInitialized":true,"keepAwakeWhileRunning":false,"desktopChromiumHardwareAccelerationEnabled":true,"messageStreamShowReasoning":true,"messageStreamShowReasoningMigrationInitialized":true,"messageStreamShowTodos":false,"toolGroupingExploreEnabled":true,"toolGroupingTerminalEnabled":true,"toolGroupingChangesEnabled":false,"zcodeInteractionBehavior":"queue","askUserQuestionAutoResolutionEnabled":false,"modelIoFullRetentionEnabled":false,"startPlanRecommendationDismissed":false,"providerFamilyConnectionSelections":{},"providerFamilyDomain":"zai","providerFamilyDomainMigrated":true,"nativeSearchEnhancementsEnabled":true,"memoryEnabled":false,"lastWorkspaceSession":[],"lastActiveTabIndex":0,"receivePreviewUpdates":false,"autoDownloadAndInstallUpdates":false,"skippedElectronUpdateVersions":{}}
[Z1 child] [2026-09-28 11:30:11.958] [pid:38596] [provider-config] ZCode Built-in 刷新检查 { result: 'missing' }
[Z1 child] [2026-09-28 11:30:11.975] [pid:38596] [provider-runtime][trace:Provider Registry 已就绪] {
  configRevision: '["zcode-builtin:30:65fea18870489c8f22ee7720efe16915560ff7a029780327c7a3956ae6ddbd87","1b4e7ae516f7c4d882542565c3688ffcf5456a5b6c6dbde267166b2600dd6b78"]',
  providerCount: 1
}
[2026-09-28 11:30:11.976] [pid:45324] [main] [host-log] (local-1) [host] [2026-09-28 11:30:11.975] [pid:38596] [provider-runtime][trace:Provider Registry 已就绪] {"configRevision":"[\"zcode-builtin:30:65fea18870489c8f22ee7720efe16915560ff7a029780327c7a3956ae6ddbd87\",\"1b4e7ae516f7c4d882542565c3688ffcf5456a5b6c6dbde267166b2600dd6b78\"]","providerCount":1}
[Z1 child] [2026-09-28 11:30:11.976] [pid:38596] [settingService] reading settings from: C:\Users\USER\Desktop\Personal\ZCode\.tmp\z1-native-1790566207584-b096d1\home\.zcode\v2\setting.json
[2026-09-28 11:30:11.976] [pid:38596] [zcode-host] [rpc:call] provider-settings.getView OK (131.7ms)
[2026-09-28 11:30:11.976] [pid:38596] [zcode-host] [rpc:call] provider-settings.getView OK (131.5ms)
[2026-09-28 11:30:11.977] [pid:45324] [main] [host-log] (local-1) [host] [2026-09-28 11:30:11.976] [pid:38596] [zcode-host] [rpc:call] provider-settings.getView OK (131.7ms)
[2026-09-28 11:30:11.978] [pid:45324] [main] [host-log] (local-1) [host] [2026-09-28 11:30:11.976] [pid:38596] [zcode-host] [rpc:call] provider-settings.getView OK (131.5ms)
[2026-09-28 11:30:11.978] [pid:45324] [main] [host-log] (local-1) [host] [2026-09-28 11:30:11.977] [pid:38596] [zcode-host] [rpc:call] model-selection.getView OK (132.9ms)
[Z1 child] [2026-09-28 11:30:11.977] [pid:38596] [zcode-host] [rpc:call] model-selection.getView OK (132.9ms)
[2026-09-28 11:30:11.977] [pid:38596] [settingService] read result: {"recentProjects":[],"locale":"zh-CN","localePreference":"en-US","terminalInheritSystemProfile":true,"embeddedBrowserAllowInsecureCertificates":false,"embeddedBrowserViewportPreference":{"mode":"normal","viewport":{"width":393,"height":852},"zoom":"fit"},"computerUseComposerEntryHidden":true,"taskAutoArchiveEnabled":false,"taskAutoArchiveOlderThanDays":7,"closeToTrayOnWindows":false,"closeToTrayOnWindowsMigrationInitialized":true,"keepAwakeWhileRunning":false,"desktopChromiumHardwareAccelerationEnabled":true,"messageStreamShowReasoning":true,"messageStreamShowReasoningMigrationInitialized":true,"messageStreamShowTodos":false,"toolGroupingExploreEnabled":true,"toolGroupingTerminalEnabled":true,"toolGroupingChangesEnabled":false,"zcodeInteractionBehavior":"queue","askUserQuestionAutoResolutionEnabled":false,"modelIoFullRetentionEnabled":false,"startPlanRecommendationDismissed":false,"providerFamilyConnectionSelections":{},"providerFamilyDomain":"zai","providerFamilyDomainMigrated":true,"nativeSearchEnhancementsEnabled":true,"memoryEnabled":false,"lastWorkspaceSession":[],"lastActiveTabIndex":0,"receivePreviewUpdates":false,"autoDownloadAndInstallUpdates":false,"skippedElectronUpdateVersions":{}}
[2026-09-28 11:30:11.977] [pid:38596] [settingService] reading settings from: C:\Users\USER\Desktop\Personal\ZCode\.tmp\z1-native-1790566207584-b096d1\home\.zcode\v2\setting.json
[2026-09-28 11:30:11.979] [pid:38596] [zcode-agent] ZCode agent command resolved {
  workspaceKey: 'C:\\Users\\USER\\Desktop\\Personal\\ZCode\\.tmp\\z1-native-1790566207584-b096d1\\workspace',
  command: 'C:\\Users\\USER\\Desktop\\Personal\\ZCode\\node_modules\\electron\\dist\\electron.exe',
  effectiveCommand: 'C:\\Users\\USER\\Desktop\\Personal\\ZCode\\node_modules\\electron\\dist\\electron.exe',
  resolveCommandDurationMs: 0
}
[2026-09-28 11:30:11.979] [pid:38596] [settingService] reading settings from: C:\Users\USER\Desktop\Personal\ZCode\.tmp\z1-native-1790566207584-b096d1\home\.zcode\v2\setting.json
[2026-09-28 11:30:11.979] [pid:45324] [main] [host-log] (local-1) [host] [2026-09-28 11:30:11.979] [pid:38596] [zcode-agent] ZCode agent command resolved {"workspaceKey":"C:\\Users\\USER\\Desktop\\Personal\\ZCode\\.tmp\\z1-native-1790566207584-b096d1\\workspace","command":"C:\\Users\\USER\\Desktop\\Personal\\ZCode\\node_modules\\electron\\dist\\electron.exe","effectiveCommand":"C:\\Users\\USER\\Desktop\\Personal\\ZCode\\node_modules\\electron\\dist\\electron.exe","resolveCommandDurationMs":0}
[2026-09-28 11:30:11.980] [pid:45324] [main] [host-log] (local-1) [host] [2026-09-28 11:30:11.980] [pid:38596] [zcode-host] [rpc:call] credential.load OK (0.2ms)
[Z1 child] [2026-09-28 11:30:11.980] [pid:38596] [zcode-host] [rpc:call] credential.load OK (0.2ms)
[2026-09-28 11:30:11.980] [pid:38596] [zcode-host] [rpc:call] credential.load OK (0.3ms)
[2026-09-28 11:30:11.980] [pid:38596] [settingService] read result: {"recentProjects":[],"locale":"zh-CN","localePreference":"en-US","terminalInheritSystemProfile":true,"embeddedBrowserAllowInsecureCertificates":false,"embeddedBrowserViewportPreference":{"mode":"normal","viewport":{"width":393,"height":852},"zoom":"fit"},"computerUseComposerEntryHidden":true,"taskAutoArchiveEnabled":false,"taskAutoArchiveOlderThanDays":7,"closeToTrayOnWindows":false,"closeToTrayOnWindowsMigrationInitialized":true,"keepAwakeWhileRunning":false,"desktopChromiumHardwareAccelerationEnabled":true,"messageStreamShowReasoning":true,"messageStreamShowReasoningMigrationInitialized":true,"messageStreamShowTodos":false,"toolGroupingExploreEnabled":true,"toolGroupingTerminalEnabled":true,"toolGroupingChangesEnabled":false,"zcodeInteractionBehavior":"queue","askUserQuestionAutoResolutionEnabled":false,"modelIoFullRetentionEnabled":false,"startPlanRecommendationDismissed":false,"providerFamilyConnectionSelections":{},"providerFamilyDomain":"zai","providerFamilyDomainMigrated":true,"nativeSearchEnhancementsEnabled":true,"memoryEnabled":false,"lastWorkspaceSession":[],"lastActiveTabIndex":0,"receivePreviewUpdates":false,"autoDownloadAndInstallUpdates":false,"skippedElectronUpdateVersions":{}}
[2026-09-28 11:30:11.980] [pid:38596] [zcode-agent] ZCode agent process start already in progress {
  workspaceKey: 'C:\\Users\\USER\\Desktop\\Personal\\ZCode\\.tmp\\z1-native-1790566207584-b096d1\\workspace'
}
[2026-09-28 11:30:11.980] [pid:38596] [settingService] read result: {"recentProjects":[],"locale":"zh-CN","localePreference":"en-US","terminalInheritSystemProfile":true,"embeddedBrowserAllowInsecureCertificates":false,"embeddedBrowserViewportPreference":{"mode":"normal","viewport":{"width":393,"height":852},"zoom":"fit"},"computerUseComposerEntryHidden":true,"taskAutoArchiveEnabled":false,"taskAutoArchiveOlderThanDays":7,"closeToTrayOnWindows":false,"closeToTrayOnWindowsMigrationInitialized":true,"keepAwakeWhileRunning":false,"desktopChromiumHardwareAccelerationEnabled":true,"messageStreamShowReasoning":true,"messageStreamShowReasoningMigrationInitialized":true,"messageStreamShowTodos":false,"toolGroupingExploreEnabled":true,"toolGroupingTerminalEnabled":true,"toolGroupingChangesEnabled":false,"zcodeInteractionBehavior":"queue","askUserQuestionAutoResolutionEnabled":false,"modelIoFullRetentionEnabled":false,"startPlanRecommendationDismissed":false,"providerFamilyConnectionSelections":{},"providerFamilyDomain":"zai","providerFamilyDomainMigrated":true,"nativeSearchEnhancementsEnabled":true,"memoryEnabled":false,"lastWorkspaceSession":[],"lastActiveTabIndex":0,"receivePreviewUpdates":false,"autoDownloadAndInstallUpdates":false,"skippedElectronUpdateVersions":{}}
[2026-09-28 11:30:11.981] [pid:45324] [main] [host-log] (local-1) [host] [2026-09-28 11:30:11.980] [pid:38596] [zcode-host] [rpc:call] credential.load OK (0.3ms)
[2026-09-28 11:30:11.982] [pid:45324] [main] [host-log] (local-1) [host] [2026-09-28 11:30:11.980] [pid:38596] [zcode-agent] ZCode agent process start already in progress {"workspaceKey":"C:\\Users\\USER\\Desktop\\Personal\\ZCode\\.tmp\\z1-native-1790566207584-b096d1\\workspace"}
[Z1 child] [2026-09-28 11:30:11.983] [pid:38596] [settingService] reading settings from: C:\Users\USER\Desktop\Personal\ZCode\.tmp\z1-native-1790566207584-b096d1\home\.zcode\v2\setting.json
[Z1 child] [2026-09-28 11:30:11.985] [pid:38596] [cua-product-helper] Windows CUA Helper runtime resolution failed {
  reason: 'invalid-runtime-manifest',
  artifact: 'runtime-manifest.json',
  errorName: 'WindowsCuaDevRuntimeResolutionError',
  message: 'Windows CUA packaged runtime has an invalid runtime-manifest.json.'
}
[2026-09-28 11:30:11.985] [pid:38596] [cua-product-helper] Computer Use Helper broker_unavailable; disabling workspace zcode-cua MCP server for this agent spawn (Windows CUA packaged runtime has an invalid runtime-manifest.json.)
[2026-09-28 11:30:11.985] [pid:45324] [main] [host-log] (local-1) [host] [2026-09-28 11:30:11.985] [pid:38596] [cua-product-helper] Windows CUA Helper runtime resolution failed {"reason":"invalid-runtime-manifest","artifact":"runtime-manifest.json","errorName":"WindowsCuaDevRuntimeResolutionError","message":"Windows CUA packaged runtime has an invalid runtime-manifest.json."}
[2026-09-28 11:30:11.986] [pid:45324] [main] [host-log] (local-1) [host] [2026-09-28 11:30:11.985] [pid:38596] [cua-product-helper] Computer Use Helper broker_unavailable; disabling workspace zcode-cua MCP server for this agent spawn (Windows CUA packaged runtime has an invalid runtime-manifest.json.)
[Z1 child] [2026-09-28 11:30:11.985] [pid:38596] [settingService] reading settings from: C:\Users\USER\Desktop\Personal\ZCode\.tmp\z1-native-1790566207584-b096d1\home\.zcode\v2\setting.json
[2026-09-28 11:30:11.986] [pid:38596] [settingService] read result: {"recentProjects":[],"locale":"zh-CN","localePreference":"en-US","terminalInheritSystemProfile":true,"embeddedBrowserAllowInsecureCertificates":false,"embeddedBrowserViewportPreference":{"mode":"normal","viewport":{"width":393,"height":852},"zoom":"fit"},"computerUseComposerEntryHidden":true,"taskAutoArchiveEnabled":false,"taskAutoArchiveOlderThanDays":7,"closeToTrayOnWindows":false,"closeToTrayOnWindowsMigrationInitialized":true,"keepAwakeWhileRunning":false,"desktopChromiumHardwareAccelerationEnabled":true,"messageStreamShowReasoning":true,"messageStreamShowReasoningMigrationInitialized":true,"messageStreamShowTodos":false,"toolGroupingExploreEnabled":true,"toolGroupingTerminalEnabled":true,"toolGroupingChangesEnabled":false,"zcodeInteractionBehavior":"queue","askUserQuestionAutoResolutionEnabled":false,"modelIoFullRetentionEnabled":false,"startPlanRecommendationDismissed":false,"providerFamilyConnectionSelections":{},"providerFamilyDomain":"zai","providerFamilyDomainMigrated":true,"nativeSearchEnhancementsEnabled":true,"memoryEnabled":false,"lastWorkspaceSession":[],"lastActiveTabIndex":0,"receivePreviewUpdates":false,"autoDownloadAndInstallUpdates":false,"skippedElectronUpdateVersions":{}}
[2026-09-28 11:30:11.986] [pid:38596] [zcode-host] [rpc:call] setting.get OK (3.3ms)
[2026-09-28 11:30:11.987] [pid:45324] [main] [host-log] (local-1) [host] [2026-09-28 11:30:11.986] [pid:38596] [zcode-host] [rpc:call] setting.get OK (3.3ms)
[Z1 child] [2026-09-28 11:30:11.986] [pid:38596] [settingService] read result: {"recentProjects":[],"locale":"zh-CN","localePreference":"en-US","terminalInheritSystemProfile":true,"embeddedBrowserAllowInsecureCertificates":false,"embeddedBrowserViewportPreference":{"mode":"normal","viewport":{"width":393,"height":852},"zoom":"fit"},"computerUseComposerEntryHidden":true,"taskAutoArchiveEnabled":false,"taskAutoArchiveOlderThanDays":7,"closeToTrayOnWindows":false,"closeToTrayOnWindowsMigrationInitialized":true,"keepAwakeWhileRunning":false,"desktopChromiumHardwareAccelerationEnabled":true,"messageStreamShowReasoning":true,"messageStreamShowReasoningMigrationInitialized":true,"messageStreamShowTodos":false,"toolGroupingExploreEnabled":true,"toolGroupingTerminalEnabled":true,"toolGroupingChangesEnabled":false,"zcodeInteractionBehavior":"queue","askUserQuestionAutoResolutionEnabled":false,"modelIoFullRetentionEnabled":false,"startPlanRecommendationDismissed":false,"providerFamilyConnectionSelections":{},"providerFamilyDomain":"zai","providerFamilyDomainMigrated":true,"nativeSearchEnhancementsEnabled":true,"memoryEnabled":false,"lastWorkspaceSession":[],"lastActiveTabIndex":0,"receivePreviewUpdates":false,"autoDownloadAndInstallUpdates":false,"skippedElectronUpdateVersions":{}}
[2026-09-28 11:30:11.987] [pid:38596] [settingService] reading settings from: C:\Users\USER\Desktop\Personal\ZCode\.tmp\z1-native-1790566207584-b096d1\home\.zcode\v2\setting.json
[Z1 child] [2026-09-28 11:30:11.988] [pid:38596] [settingService] read result: {"recentProjects":[],"locale":"zh-CN","localePreference":"en-US","terminalInheritSystemProfile":true,"embeddedBrowserAllowInsecureCertificates":false,"embeddedBrowserViewportPreference":{"mode":"normal","viewport":{"width":393,"height":852},"zoom":"fit"},"computerUseComposerEntryHidden":true,"taskAutoArchiveEnabled":false,"taskAutoArchiveOlderThanDays":7,"closeToTrayOnWindows":false,"closeToTrayOnWindowsMigrationInitialized":true,"keepAwakeWhileRunning":false,"desktopChromiumHardwareAccelerationEnabled":true,"messageStreamShowReasoning":true,"messageStreamShowReasoningMigrationInitialized":true,"messageStreamShowTodos":false,"toolGroupingExploreEnabled":true,"toolGroupingTerminalEnabled":true,"toolGroupingChangesEnabled":false,"zcodeInteractionBehavior":"queue","askUserQuestionAutoResolutionEnabled":false,"modelIoFullRetentionEnabled":false,"startPlanRecommendationDismissed":false,"providerFamilyConnectionSelections":{},"providerFamilyDomain":"zai","providerFamilyDomainMigrated":true,"nativeSearchEnhancementsEnabled":true,"memoryEnabled":false,"lastWorkspaceSession":[],"lastActiveTabIndex":0,"receivePreviewUpdates":false,"autoDownloadAndInstallUpdates":false,"skippedElectronUpdateVersions":{}}
[Z1 child] [2026-09-28 11:30:11.988] [pid:38596] [zcode-host] [rpc:call] file.ensureConversationWorkspace OK (1.6ms)
[2026-09-28 11:30:11.989] [pid:45324] [main] [host-log] (local-1) [host] [2026-09-28 11:30:11.988] [pid:38596] [zcode-host] [rpc:call] file.ensureConversationWorkspace OK (1.6ms)
[Z1 child] [2026-09-28 11:30:11.989] [pid:38596] [zcode-agent] ZCode agent spawn preflight {
  workspaceKey: 'C:\\Users\\USER\\Desktop\\Personal\\ZCode\\.tmp\\z1-native-1790566207584-b096d1\\workspace',
  spawnPreflight: {
    command: 'C:\\Users\\USER\\Desktop\\Personal\\ZCode\\node_modules\\electron\\dist\\electron.exe',
    args: [
      'C:\\Users\\USER\\Desktop\\Personal\\ZCode\\apps\\zcode-cli\\packages\\cli\\dist\\zcode.cjs',
      'app-server',
      '--stdio'
    ],
    requestedCwd: 'C:\\Users\\USER\\Desktop\\Personal\\ZCode\\.tmp\\z1-native-1790566207584-b096d1\\workspace',
    cwd: 'C:\\Users\\USER\\Desktop\\Personal\\ZCode\\.tmp\\z1-native-1790566207584-b096d1\\workspace',
    cwdSource: 'command',
    commandPathKind: 'absolute',
    commandExists: true,
    cwdExists: true
  }
}
[2026-09-28 11:30:11.990] [pid:45324] [main] [host-log] (local-1) [host] [2026-09-28 11:30:11.989] [pid:38596] [zcode-agent] ZCode agent spawn preflight {"workspaceKey":"C:\\Users\\USER\\Desktop\\Personal\\ZCode\\.tmp\\z1-native-1790566207584-b096d1\\workspace","spawnPreflight":{"command":"C:\\Users\\USER\\Desktop\\Personal\\ZCode\\node_modules\\electron\\dist\\electron.exe","args":["C:\\Users\\USER\\Desktop\\Personal\\ZCode\\apps\\zcode-cli\\packages\\cli\\dist\\zcode.cjs","app-server","--stdio"],"requestedCwd":"C:\\Users\\USER\\Desktop\\Personal\\ZCode\\.tmp\\z1-native-1790566207584-b096d1\\workspace","cwd":"C:\\Users\\USER\\Desktop\\Personal\\ZCode\\.tmp\\z1-native-1790566207584-b096d1\\workspace","cwdSource":"command","commandPathKind":"absolute","commandExists":true,"cwdExists":true}}
[2026-09-28 11:30:11.992] [pid:45324] [main] [task-realtime] updated host workspace scopes {
  hostId: '7873608c-ae15-40a5-af71-ca51a2abc8ca',
  workspaceKeyCount: 1
}
[2026-09-28 11:30:11.995] [pid:45324] [main] [task-realtime] updated host workspace scopes {
  hostId: '7873608c-ae15-40a5-af71-ca51a2abc8ca',
  workspaceKeyCount: 2
}
[Z1 child] [2026-09-28 11:30:12.000] [pid:38596] [zcode-agent] ZCode agent process start wait completed {
  workspaceKey: 'C:\\Users\\USER\\Desktop\\Personal\\ZCode\\.tmp\\z1-native-1790566207584-b096d1\\workspace',
  durationMs: 20
}
[2026-09-28 11:30:12.001] [pid:45324] [main] [host-log] (local-1) [host] [2026-09-28 11:30:12.000] [pid:38596] [zcode-agent] ZCode agent process start wait completed {"workspaceKey":"C:\\Users\\USER\\Desktop\\Personal\\ZCode\\.tmp\\z1-native-1790566207584-b096d1\\workspace","durationMs":20}
[2026-09-28 11:30:12.003] [pid:45324] [main] [stability] perf_agent_start reported {
  pid: 8988,
  runtimeGeneration: 1,
  runtimeInstanceId: 'agent-0a2dd919-d8e3-41ab-a11c-b81405252c6b'
}
[Z1 child] [2026-09-28 11:30:12.002] [pid:38596] [zcode-agent] ZCode agent process started {
  workspaceKey: 'C:\\Users\\USER\\Desktop\\Personal\\ZCode\\.tmp\\z1-native-1790566207584-b096d1\\workspace',
  command: 'C:\\Users\\USER\\Desktop\\Personal\\ZCode\\node_modules\\electron\\dist\\electron.exe',
  cwd: 'C:\\Users\\USER\\Desktop\\Personal\\ZCode\\.tmp\\z1-native-1790566207584-b096d1\\workspace',
  pid: 8988,
  durationMs: 24
}
[2026-09-28 11:30:12.002] [pid:38596] [settingService] reading settings from: C:\Users\USER\Desktop\Personal\ZCode\.tmp\z1-native-1790566207584-b096d1\home\.zcode\v2\setting.json
[2026-09-28 11:30:12.003] [pid:38596] [zcode-host] [rpc:call] onboarding-record.claimAnonymousRecord OK (0.4ms)
[2026-09-28 11:30:12.003] [pid:38596] [zcode-host] [rpc:call] onboarding-record.getLatestEntry OK (0.9ms)
[2026-09-28 11:30:12.004] [pid:45324] [main] [host-log] (local-1) [host] [2026-09-28 11:30:12.002] [pid:38596] [zcode-agent] ZCode agent process started {"workspaceKey":"C:\\Users\\USER\\Desktop\\Personal\\ZCode\\.tmp\\z1-native-1790566207584-b096d1\\workspace","command":"C:\\Users\\USER\\Desktop\\Personal\\ZCode\\node_modules\\electron\\dist\\electron.exe","cwd":"C:\\Users\\USER\\Desktop\\Personal\\ZCode\\.tmp\\z1-native-1790566207584-b096d1\\workspace","pid":8988,"durationMs":24}
[2026-09-28 11:30:12.004] [pid:45324] [main] [host-log] (local-1) [host] [2026-09-28 11:30:12.003] [pid:38596] [zcode-host] [rpc:call] onboarding-record.claimAnonymousRecord OK (0.4ms)
[2026-09-28 11:30:12.005] [pid:45324] [main] [host-log] (local-1) [host] [2026-09-28 11:30:12.003] [pid:38596] [zcode-host] [rpc:call] onboarding-record.getLatestEntry OK (0.9ms)
[Z1 child] [2026-09-28 11:30:12.011] [pid:38596] [settingService] read result: {"recentProjects":[],"locale":"zh-CN","localePreference":"en-US","terminalInheritSystemProfile":true,"embeddedBrowserAllowInsecureCertificates":false,"embeddedBrowserViewportPreference":{"mode":"normal","viewport":{"width":393,"height":852},"zoom":"fit"},"computerUseComposerEntryHidden":true,"taskAutoArchiveEnabled":false,"taskAutoArchiveOlderThanDays":7,"closeToTrayOnWindows":false,"closeToTrayOnWindowsMigrationInitialized":true,"keepAwakeWhileRunning":false,"desktopChromiumHardwareAccelerationEnabled":true,"messageStreamShowReasoning":true,"messageStreamShowReasoningMigrationInitialized":true,"messageStreamShowTodos":false,"toolGroupingExploreEnabled":true,"toolGroupingTerminalEnabled":true,"toolGroupingChangesEnabled":false,"zcodeInteractionBehavior":"queue","askUserQuestionAutoResolutionEnabled":false,"modelIoFullRetentionEnabled":false,"startPlanRecommendationDismissed":false,"providerFamilyConnectionSelections":{},"providerFamilyDomain":"zai","providerFamilyDomainMigrated":true,"nativeSearchEnhancementsEnabled":true,"memoryEnabled":false,"lastWorkspaceSession":[],"lastActiveTabIndex":0,"receivePreviewUpdates":false,"autoDownloadAndInstallUpdates":false,"skippedElectronUpdateVersions":{}}
[2026-09-28 11:30:12.011] [pid:38596] [zcode-host] [rpc:call] setting.get OK (8.8ms)
[2026-09-28 11:30:12.011] [pid:45324] [main] [host-log] (local-1) [host] [2026-09-28 11:30:12.011] [pid:38596] [zcode-host] [rpc:call] setting.get OK (8.8ms)
[Z1 child] [2026-09-28 11:30:12.016] [pid:38596] [zcode-host] [rpc:call] onboarding-record.shouldOnboard OK (12.6ms)
[2026-09-28 11:30:12.016] [pid:45324] [main] [host-log] (local-1) [host] [2026-09-28 11:30:12.016] [pid:38596] [zcode-host] [rpc:call] onboarding-record.shouldOnboard OK (12.6ms)
[Z1 child] [2026-09-28 11:30:12.019] [pid:38596] [settingService] reading settings from: C:\Users\USER\Desktop\Personal\ZCode\.tmp\z1-native-1790566207584-b096d1\home\.zcode\v2\setting.json
[Z1 child] [2026-09-28 11:30:12.021] [pid:38596] [settingService] read result: {"recentProjects":[],"locale":"zh-CN","localePreference":"en-US","terminalInheritSystemProfile":true,"embeddedBrowserAllowInsecureCertificates":false,"embeddedBrowserViewportPreference":{"mode":"normal","viewport":{"width":393,"height":852},"zoom":"fit"},"computerUseComposerEntryHidden":true,"taskAutoArchiveEnabled":false,"taskAutoArchiveOlderThanDays":7,"closeToTrayOnWindows":false,"closeToTrayOnWindowsMigrationInitialized":true,"keepAwakeWhileRunning":false,"desktopChromiumHardwareAccelerationEnabled":true,"messageStreamShowReasoning":true,"messageStreamShowReasoningMigrationInitialized":true,"messageStreamShowTodos":false,"toolGroupingExploreEnabled":true,"toolGroupingTerminalEnabled":true,"toolGroupingChangesEnabled":false,"zcodeInteractionBehavior":"queue","askUserQuestionAutoResolutionEnabled":false,"modelIoFullRetentionEnabled":false,"startPlanRecommendationDismissed":false,"providerFamilyConnectionSelections":{},"providerFamilyDomain":"zai","providerFamilyDomainMigrated":true,"nativeSearchEnhancementsEnabled":true,"memoryEnabled":false,"lastWorkspaceSession":[],"lastActiveTabIndex":0,"receivePreviewUpdates":false,"autoDownloadAndInstallUpdates":false,"skippedElectronUpdateVersions":{}}
[Z1 child] [2026-09-28 11:30:12.022] [pid:38596] [settingService] reading settings from: C:\Users\USER\Desktop\Personal\ZCode\.tmp\z1-native-1790566207584-b096d1\home\.zcode\v2\setting.json
[2026-09-28 11:30:12.022] [pid:38596] [settingService] reading settings from: C:\Users\USER\Desktop\Personal\ZCode\.tmp\z1-native-1790566207584-b096d1\home\.zcode\v2\setting.json
[Z1 child] [2026-09-28 11:30:12.023] [pid:38596] [settingService] read result: {"recentProjects":[],"locale":"zh-CN","localePreference":"en-US","terminalInheritSystemProfile":true,"embeddedBrowserAllowInsecureCertificates":false,"embeddedBrowserViewportPreference":{"mode":"normal","viewport":{"width":393,"height":852},"zoom":"fit"},"computerUseComposerEntryHidden":true,"taskAutoArchiveEnabled":false,"taskAutoArchiveOlderThanDays":7,"closeToTrayOnWindows":false,"closeToTrayOnWindowsMigrationInitialized":true,"keepAwakeWhileRunning":false,"desktopChromiumHardwareAccelerationEnabled":true,"messageStreamShowReasoning":true,"messageStreamShowReasoningMigrationInitialized":true,"messageStreamShowTodos":false,"toolGroupingExploreEnabled":true,"toolGroupingTerminalEnabled":true,"toolGroupingChangesEnabled":false,"zcodeInteractionBehavior":"queue","askUserQuestionAutoResolutionEnabled":false,"modelIoFullRetentionEnabled":false,"startPlanRecommendationDismissed":false,"providerFamilyConnectionSelections":{},"providerFamilyDomain":"zai","providerFamilyDomainMigrated":true,"nativeSearchEnhancementsEnabled":true,"memoryEnabled":false,"lastWorkspaceSession":[],"lastActiveTabIndex":0,"receivePreviewUpdates":false,"autoDownloadAndInstallUpdates":false,"skippedElectronUpdateVersions":{}}
[Z1 child] [2026-09-28 11:30:12.023] [pid:38596] [node-api-client] zcode endpoint request headers prepared {
  headerKeys: [
    'http-referer',
    'user-agent',
    'x-client-language',
    'x-client-timezone',
    'x-device-mid',
    'x-os-category',
    'x-os-version',
    'x-platform',
    'x-release-channel',
    'x-request-id',
    'x-title',
    'x-zcode-app-version'
  ],
  method: 'GET',
  url: 'http://127.0.0.1:53870/api/v1/client/configs?app_version=3.14.0&platform=windows-x86_64'
}
[Z1 child] [2026-09-28 11:30:12.023] [pid:38596] [settingService] read result: {"recentProjects":[],"locale":"zh-CN","localePreference":"en-US","terminalInheritSystemProfile":true,"embeddedBrowserAllowInsecureCertificates":false,"embeddedBrowserViewportPreference":{"mode":"normal","viewport":{"width":393,"height":852},"zoom":"fit"},"computerUseComposerEntryHidden":true,"taskAutoArchiveEnabled":false,"taskAutoArchiveOlderThanDays":7,"closeToTrayOnWindows":false,"closeToTrayOnWindowsMigrationInitialized":true,"keepAwakeWhileRunning":false,"desktopChromiumHardwareAccelerationEnabled":true,"messageStreamShowReasoning":true,"messageStreamShowReasoningMigrationInitialized":true,"messageStreamShowTodos":false,"toolGroupingExploreEnabled":true,"toolGroupingTerminalEnabled":true,"toolGroupingChangesEnabled":false,"zcodeInteractionBehavior":"queue","askUserQuestionAutoResolutionEnabled":false,"modelIoFullRetentionEnabled":false,"startPlanRecommendationDismissed":false,"providerFamilyConnectionSelections":{},"providerFamilyDomain":"zai","providerFamilyDomainMigrated":true,"nativeSearchEnhancementsEnabled":true,"memoryEnabled":false,"lastWorkspaceSession":[],"lastActiveTabIndex":0,"receivePreviewUpdates":false,"autoDownloadAndInstallUpdates":false,"skippedElectronUpdateVersions":{}}
[2026-09-28 11:30:12.023] [pid:38596] [settingService] reading settings from: C:\Users\USER\Desktop\Personal\ZCode\.tmp\z1-native-1790566207584-b096d1\home\.zcode\v2\setting.json
[Z1 child] [2026-09-28 11:30:12.024] [pid:38596] [settingService] reading settings from: C:\Users\USER\Desktop\Personal\ZCode\.tmp\z1-native-1790566207584-b096d1\home\.zcode\v2\setting.json
[Z1 child] [2026-09-28 11:30:12.025] [pid:38596] [settingService] read result: {"recentProjects":[],"locale":"zh-CN","localePreference":"en-US","terminalInheritSystemProfile":true,"embeddedBrowserAllowInsecureCertificates":false,"embeddedBrowserViewportPreference":{"mode":"normal","viewport":{"width":393,"height":852},"zoom":"fit"},"computerUseComposerEntryHidden":true,"taskAutoArchiveEnabled":false,"taskAutoArchiveOlderThanDays":7,"closeToTrayOnWindows":false,"closeToTrayOnWindowsMigrationInitialized":true,"keepAwakeWhileRunning":false,"desktopChromiumHardwareAccelerationEnabled":true,"messageStreamShowReasoning":true,"messageStreamShowReasoningMigrationInitialized":true,"messageStreamShowTodos":false,"toolGroupingExploreEnabled":true,"toolGroupingTerminalEnabled":true,"toolGroupingChangesEnabled":false,"zcodeInteractionBehavior":"queue","askUserQuestionAutoResolutionEnabled":false,"modelIoFullRetentionEnabled":false,"startPlanRecommendationDismissed":false,"providerFamilyConnectionSelections":{},"providerFamilyDomain":"zai","providerFamilyDomainMigrated":true,"nativeSearchEnhancementsEnabled":true,"memoryEnabled":false,"lastWorkspaceSession":[],"lastActiveTabIndex":0,"receivePreviewUpdates":false,"autoDownloadAndInstallUpdates":false,"skippedElectronUpdateVersions":{}}
[Z1 child] [2026-09-28 11:30:12.025] [pid:38596] [settingService] read result: {"recentProjects":[],"locale":"zh-CN","localePreference":"en-US","terminalInheritSystemProfile":true,"embeddedBrowserAllowInsecureCertificates":false,"embeddedBrowserViewportPreference":{"mode":"normal","viewport":{"width":393,"height":852},"zoom":"fit"},"computerUseComposerEntryHidden":true,"taskAutoArchiveEnabled":false,"taskAutoArchiveOlderThanDays":7,"closeToTrayOnWindows":false,"closeToTrayOnWindowsMigrationInitialized":true,"keepAwakeWhileRunning":false,"desktopChromiumHardwareAccelerationEnabled":true,"messageStreamShowReasoning":true,"messageStreamShowReasoningMigrationInitialized":true,"messageStreamShowTodos":false,"toolGroupingExploreEnabled":true,"toolGroupingTerminalEnabled":true,"toolGroupingChangesEnabled":false,"zcodeInteractionBehavior":"queue","askUserQuestionAutoResolutionEnabled":false,"modelIoFullRetentionEnabled":false,"startPlanRecommendationDismissed":false,"providerFamilyConnectionSelections":{},"providerFamilyDomain":"zai","providerFamilyDomainMigrated":true,"nativeSearchEnhancementsEnabled":true,"memoryEnabled":false,"lastWorkspaceSession":[],"lastActiveTabIndex":0,"receivePreviewUpdates":false,"autoDownloadAndInstallUpdates":false,"skippedElectronUpdateVersions":{}}
[Z1 child] [2026-09-28 11:30:12.040] [pid:38596] [settingService] reading settings from: C:\Users\USER\Desktop\Personal\ZCode\.tmp\z1-native-1790566207584-b096d1\home\.zcode\v2\setting.json
[Z1 child] [2026-09-28 11:30:12.042] [pid:38596] [settingService] read result: {"recentProjects":[],"locale":"zh-CN","localePreference":"en-US","terminalInheritSystemProfile":true,"embeddedBrowserAllowInsecureCertificates":false,"embeddedBrowserViewportPreference":{"mode":"normal","viewport":{"width":393,"height":852},"zoom":"fit"},"computerUseComposerEntryHidden":true,"taskAutoArchiveEnabled":false,"taskAutoArchiveOlderThanDays":7,"closeToTrayOnWindows":false,"closeToTrayOnWindowsMigrationInitialized":true,"keepAwakeWhileRunning":false,"desktopChromiumHardwareAccelerationEnabled":true,"messageStreamShowReasoning":true,"messageStreamShowReasoningMigrationInitialized":true,"messageStreamShowTodos":false,"toolGroupingExploreEnabled":true,"toolGroupingTerminalEnabled":true,"toolGroupingChangesEnabled":false,"zcodeInteractionBehavior":"queue","askUserQuestionAutoResolutionEnabled":false,"modelIoFullRetentionEnabled":false,"startPlanRecommendationDismissed":false,"providerFamilyConnectionSelections":{},"providerFamilyDomain":"zai","providerFamilyDomainMigrated":true,"nativeSearchEnhancementsEnabled":true,"memoryEnabled":false,"lastWorkspaceSession":[],"lastActiveTabIndex":0,"receivePreviewUpdates":false,"autoDownloadAndInstallUpdates":false,"skippedElectronUpdateVersions":{}}
[Z1 child] [2026-09-28 11:30:12.043] [pid:38596] [provider-config] ZCode Built-in 刷新检查 { result: 'missing' }
[Z1 child] [2026-09-28 11:30:12.054] [pid:38596] [settingService] reading settings from: C:\Users\USER\Desktop\Personal\ZCode\.tmp\z1-native-1790566207584-b096d1\home\.zcode\v2\setting.json
[Z1 child] [2026-09-28 11:30:12.054] [pid:38596] [settingService] read result: {"recentProjects":[],"locale":"zh-CN","localePreference":"en-US","terminalInheritSystemProfile":true,"embeddedBrowserAllowInsecureCertificates":false,"embeddedBrowserViewportPreference":{"mode":"normal","viewport":{"width":393,"height":852},"zoom":"fit"},"computerUseComposerEntryHidden":true,"taskAutoArchiveEnabled":false,"taskAutoArchiveOlderThanDays":7,"closeToTrayOnWindows":false,"closeToTrayOnWindowsMigrationInitialized":true,"keepAwakeWhileRunning":false,"desktopChromiumHardwareAccelerationEnabled":true,"messageStreamShowReasoning":true,"messageStreamShowReasoningMigrationInitialized":true,"messageStreamShowTodos":false,"toolGroupingExploreEnabled":true,"toolGroupingTerminalEnabled":true,"toolGroupingChangesEnabled":false,"zcodeInteractionBehavior":"queue","askUserQuestionAutoResolutionEnabled":false,"modelIoFullRetentionEnabled":false,"startPlanRecommendationDismissed":false,"providerFamilyConnectionSelections":{},"providerFamilyDomain":"zai","providerFamilyDomainMigrated":true,"nativeSearchEnhancementsEnabled":true,"memoryEnabled":false,"lastWorkspaceSession":[],"lastActiveTabIndex":0,"receivePreviewUpdates":false,"autoDownloadAndInstallUpdates":false,"skippedElectronUpdateVersions":{}}
[Z1 child] [2026-09-28 11:30:12.055] [pid:38596] [settingService] reading settings from: C:\Users\USER\Desktop\Personal\ZCode\.tmp\z1-native-1790566207584-b096d1\home\.zcode\v2\setting.json
[Z1 child] [2026-09-28 11:30:12.055] [pid:38596] [settingService] read result: {"recentProjects":[],"locale":"zh-CN","localePreference":"en-US","terminalInheritSystemProfile":true,"embeddedBrowserAllowInsecureCertificates":false,"embeddedBrowserViewportPreference":{"mode":"normal","viewport":{"width":393,"height":852},"zoom":"fit"},"computerUseComposerEntryHidden":true,"taskAutoArchiveEnabled":false,"taskAutoArchiveOlderThanDays":7,"closeToTrayOnWindows":false,"closeToTrayOnWindowsMigrationInitialized":true,"keepAwakeWhileRunning":false,"desktopChromiumHardwareAccelerationEnabled":true,"messageStreamShowReasoning":true,"messageStreamShowReasoningMigrationInitialized":true,"messageStreamShowTodos":false,"toolGroupingExploreEnabled":true,"toolGroupingTerminalEnabled":true,"toolGroupingChangesEnabled":false,"zcodeInteractionBehavior":"queue","askUserQuestionAutoResolutionEnabled":false,"modelIoFullRetentionEnabled":false,"startPlanRecommendationDismissed":false,"providerFamilyConnectionSelections":{},"providerFamilyDomain":"zai","providerFamilyDomainMigrated":true,"nativeSearchEnhancementsEnabled":true,"memoryEnabled":false,"lastWorkspaceSession":[],"lastActiveTabIndex":0,"receivePreviewUpdates":false,"autoDownloadAndInstallUpdates":false,"skippedElectronUpdateVersions":{}}
[Z1 child] [2026-09-28 11:30:12.055] [pid:38596] [settingService] reading settings from: C:\Users\USER\Desktop\Personal\ZCode\.tmp\z1-native-1790566207584-b096d1\home\.zcode\v2\setting.json
[Z1 child] [2026-09-28 11:30:12.056] [pid:38596] [settingService] read result: {"recentProjects":[],"locale":"zh-CN","localePreference":"en-US","terminalInheritSystemProfile":true,"embeddedBrowserAllowInsecureCertificates":false,"embeddedBrowserViewportPreference":{"mode":"normal","viewport":{"width":393,"height":852},"zoom":"fit"},"computerUseComposerEntryHidden":true,"taskAutoArchiveEnabled":false,"taskAutoArchiveOlderThanDays":7,"closeToTrayOnWindows":false,"closeToTrayOnWindowsMigrationInitialized":true,"keepAwakeWhileRunning":false,"desktopChromiumHardwareAccelerationEnabled":true,"messageStreamShowReasoning":true,"messageStreamShowReasoningMigrationInitialized":true,"messageStreamShowTodos":false,"toolGroupingExploreEnabled":true,"toolGroupingTerminalEnabled":true,"toolGroupingChangesEnabled":false,"zcodeInteractionBehavior":"queue","askUserQuestionAutoResolutionEnabled":false,"modelIoFullRetentionEnabled":false,"startPlanRecommendationDismissed":false,"providerFamilyConnectionSelections":{},"providerFamilyDomain":"zai","providerFamilyDomainMigrated":true,"nativeSearchEnhancementsEnabled":true,"memoryEnabled":false,"lastWorkspaceSession":[],"lastActiveTabIndex":0,"receivePreviewUpdates":false,"autoDownloadAndInstallUpdates":false,"skippedElectronUpdateVersions":{}}
[Z1 child] [2026-09-28 11:30:12.069] [pid:38596] [settingService] reading settings from: C:\Users\USER\Desktop\Personal\ZCode\.tmp\z1-native-1790566207584-b096d1\home\.zcode\v2\setting.json
[Z1 child] [2026-09-28 11:30:12.069] [pid:38596] [settingService] read result: {"recentProjects":[],"locale":"zh-CN","localePreference":"en-US","terminalInheritSystemProfile":true,"embeddedBrowserAllowInsecureCertificates":false,"embeddedBrowserViewportPreference":{"mode":"normal","viewport":{"width":393,"height":852},"zoom":"fit"},"computerUseComposerEntryHidden":true,"taskAutoArchiveEnabled":false,"taskAutoArchiveOlderThanDays":7,"closeToTrayOnWindows":false,"closeToTrayOnWindowsMigrationInitialized":true,"keepAwakeWhileRunning":false,"desktopChromiumHardwareAccelerationEnabled":true,"messageStreamShowReasoning":true,"messageStreamShowReasoningMigrationInitialized":true,"messageStreamShowTodos":false,"toolGroupingExploreEnabled":true,"toolGroupingTerminalEnabled":true,"toolGroupingChangesEnabled":false,"zcodeInteractionBehavior":"queue","askUserQuestionAutoResolutionEnabled":false,"modelIoFullRetentionEnabled":false,"startPlanRecommendationDismissed":false,"providerFamilyConnectionSelections":{},"providerFamilyDomain":"zai","providerFamilyDomainMigrated":true,"nativeSearchEnhancementsEnabled":true,"memoryEnabled":false,"lastWorkspaceSession":[],"lastActiveTabIndex":0,"receivePreviewUpdates":false,"autoDownloadAndInstallUpdates":false,"skippedElectronUpdateVersions":{}}
[Z1 child] [2026-09-28 11:30:12.082] [pid:38596] [settingService] reading settings from: C:\Users\USER\Desktop\Personal\ZCode\.tmp\z1-native-1790566207584-b096d1\home\.zcode\v2\setting.json
[Z1 child] [2026-09-28 11:30:12.082] [pid:38596] [settingService] read result: {"recentProjects":[],"locale":"zh-CN","localePreference":"en-US","terminalInheritSystemProfile":true,"embeddedBrowserAllowInsecureCertificates":false,"embeddedBrowserViewportPreference":{"mode":"normal","viewport":{"width":393,"height":852},"zoom":"fit"},"computerUseComposerEntryHidden":true,"taskAutoArchiveEnabled":false,"taskAutoArchiveOlderThanDays":7,"closeToTrayOnWindows":false,"closeToTrayOnWindowsMigrationInitialized":true,"keepAwakeWhileRunning":false,"desktopChromiumHardwareAccelerationEnabled":true,"messageStreamShowReasoning":true,"messageStreamShowReasoningMigrationInitialized":true,"messageStreamShowTodos":false,"toolGroupingExploreEnabled":true,"toolGroupingTerminalEnabled":true,"toolGroupingChangesEnabled":false,"zcodeInteractionBehavior":"queue","askUserQuestionAutoResolutionEnabled":false,"modelIoFullRetentionEnabled":false,"startPlanRecommendationDismissed":false,"providerFamilyConnectionSelections":{},"providerFamilyDomain":"zai","providerFamilyDomainMigrated":true,"nativeSearchEnhancementsEnabled":true,"memoryEnabled":false,"lastWorkspaceSession":[],"lastActiveTabIndex":0,"receivePreviewUpdates":false,"autoDownloadAndInstallUpdates":false,"skippedElectronUpdateVersions":{}}
[Z1 child] [2026-09-28 11:30:12.094] [pid:38596] [zcode-host] [rpc:call] provider-settings.refresh OK (236.5ms)
[2026-09-28 11:30:12.094] [pid:38596] [zcode-host] [rpc:call] provider-settings.refresh OK (196.0ms)
[2026-09-28 11:30:12.094] [pid:45324] [main] [host-log] (local-1) [host] [2026-09-28 11:30:12.094] [pid:38596] [zcode-host] [rpc:call] provider-settings.refresh OK (236.5ms)
[2026-09-28 11:30:12.095] [pid:45324] [main] [host-log] (local-1) [host] [2026-09-28 11:30:12.094] [pid:38596] [zcode-host] [rpc:call] provider-settings.refresh OK (196.0ms)
[Z1 child] (node:41764) ExperimentalWarning: SQLite is an experimental feature and might change at any time
(Use `electron --trace-warnings ...` to show where the warning was created)
[2026-09-28 11:30:12.206] [pid:45324] [main] [cron-scheduler] cron scheduler started
[Z1 child] [2026-09-28 11:30:12.210] [pid:38596] [zcode-host] [rpc:call] onboarding-record.dismissOnboarding OK (5.1ms)
[2026-09-28 11:30:12.211] [pid:45324] [main] [host-log] (local-1) [host] [2026-09-28 11:30:12.210] [pid:38596] [zcode-host] [rpc:call] onboarding-record.dismissOnboarding OK (5.1ms)
[2026-09-28 11:30:12.233] [pid:45324] [renderer] v4 conversation frame upstream attached {
  workspaceKey: 'C:\\Users\\USER\\Desktop\\Personal\\ZCode\\.tmp\\z1-native-1790566207584-b096d1\\workspace',
  workspacePath: 'C:\\Users\\USER\\Desktop\\Personal\\ZCode\\.tmp\\z1-native-1790566207584-b096d1\\workspace',
  event: 'v4.conversation.frames.upstream_attached',
  listenerCount: 1,
  module: 'ui.v4.conversation_transport',
  runtimeGeneration: 0,
  status: 'completed'
}
[2026-09-28 11:30:12.234] [pid:45324] [renderer] v4 workspace connection created {
  event: 'v4.workspace_connection.created',
  isRemote: false,
  key: '__base__ C:\\Users\\USER\\Desktop\\Personal\\ZCode\\.tmp\\z1-native-1790566207584-b096d1\\workspace',
  module: 'ui.v4.workspace_connection_registry',
  refCount: 1,
  serviceGeneration: 1,
  status: 'completed'
}
[Z1 child] [2026-09-28 11:30:12.233] [pid:38596] [zcode-host] [rpc:listen] zcode-agent.onDynamicLocalTtftFacts subscribed
[2026-09-28 11:30:12.233] [pid:38596] [zcode-host] [rpc:listen] zcode-agent.onDynamicConversationFrame subscribed
[2026-09-28 11:30:12.235] [pid:45324] [main] [host-log] (local-1) [host] [2026-09-28 11:30:12.233] [pid:38596] [zcode-host] [rpc:listen] zcode-agent.onDynamicLocalTtftFacts subscribed
[2026-09-28 11:30:12.236] [pid:45324] [main] [host-log] (local-1) [host] [2026-09-28 11:30:12.233] [pid:38596] [zcode-host] [rpc:listen] zcode-agent.onDynamicConversationFrame subscribed
[Z1 child] [2026-09-28 11:30:12.272] [pid:38596] [settingService] reading settings from: C:\Users\USER\Desktop\Personal\ZCode\.tmp\z1-native-1790566207584-b096d1\home\.zcode\v2\setting.json
[Z1 child] [2026-09-28 11:30:12.273] [pid:38596] [settingService] read result: {"recentProjects":[],"locale":"zh-CN","localePreference":"en-US","terminalInheritSystemProfile":true,"embeddedBrowserAllowInsecureCertificates":false,"embeddedBrowserViewportPreference":{"mode":"normal","viewport":{"width":393,"height":852},"zoom":"fit"},"computerUseComposerEntryHidden":true,"taskAutoArchiveEnabled":false,"taskAutoArchiveOlderThanDays":7,"closeToTrayOnWindows":false,"closeToTrayOnWindowsMigrationInitialized":true,"keepAwakeWhileRunning":false,"desktopChromiumHardwareAccelerationEnabled":true,"messageStreamShowReasoning":true,"messageStreamShowReasoningMigrationInitialized":true,"messageStreamShowTodos":false,"toolGroupingExploreEnabled":true,"toolGroupingTerminalEnabled":true,"toolGroupingChangesEnabled":false,"zcodeInteractionBehavior":"queue","askUserQuestionAutoResolutionEnabled":false,"modelIoFullRetentionEnabled":false,"startPlanRecommendationDismissed":false,"providerFamilyConnectionSelections":{},"providerFamilyDomain":"zai","providerFamilyDomainMigrated":true,"nativeSearchEnhancementsEnabled":true,"memoryEnabled":false,"lastWorkspaceSession":[],"lastActiveTabIndex":0,"receivePreviewUpdates":false,"autoDownloadAndInstallUpdates":false,"skippedElectronUpdateVersions":{}}
[Z1 child] [2026-09-28 11:30:12.273] [pid:38596] [node-api-client] zcode endpoint request headers prepared {
  headerKeys: [
    'http-referer',
    'user-agent',
    'x-client-language',
    'x-client-timezone',
    'x-device-mid',
    'x-os-category',
    'x-os-version',
    'x-platform',
    'x-release-channel',
    'x-request-id',
    'x-title',
    'x-zcode-app-version'
  ],
  method: 'GET',
  url: 'http://127.0.0.1:53870/api/v1/client/scenes'
}
[Z1 child] [2026-09-28 11:30:12.274] [pid:38596] [zcode-host] [rpc:call] client-scenes.list OK (2.0ms)
[2026-09-28 11:30:12.274] [pid:45324] [main] [host-log] (local-1) [host] [2026-09-28 11:30:12.274] [pid:38596] [zcode-host] [rpc:call] client-scenes.list OK (2.0ms)
[2026-09-28 11:30:12.275] [pid:45324] [main] [host-log] (local-1) [host] [2026-09-28 11:30:12.275] [pid:38596] [zcode-host] [rpc:listen] window-controller.onDynamicControllerFrame subscribed
[2026-09-28 11:30:12.276] [pid:45324] [main] [host-log] (local-1) [host] [2026-09-28 11:30:12.275] [pid:38596] [zcode-host] [rpc:call] window-controller.subscribeControllerV4 OK (0.2ms)
[2026-09-28 11:30:12.277] [pid:45324] [main] [host-log] (local-1) [host] [2026-09-28 11:30:12.275] [pid:38596] [zcode-host] [rpc:call] window-controller.subscribeControllerV4 OK (0.1ms)
[Z1 child] [2026-09-28 11:30:12.275] [pid:38596] [zcode-host] [rpc:listen] window-controller.onDynamicControllerFrame subscribed
[2026-09-28 11:30:12.275] [pid:38596] [zcode-host] [rpc:call] window-controller.subscribeControllerV4 OK (0.2ms)
[2026-09-28 11:30:12.275] [pid:38596] [zcode-host] [rpc:call] window-controller.subscribeControllerV4 OK (0.1ms)
[2026-09-28 11:30:12.275] [pid:38596] [settingService] reading settings from: C:\Users\USER\Desktop\Personal\ZCode\.tmp\z1-native-1790566207584-b096d1\home\.zcode\v2\setting.json
[2026-09-28 11:30:12.277] [pid:38596] [zcode-host] [rpc:call] window-controller.listTaskList OK (0.1ms)
[2026-09-28 11:30:12.277] [pid:38596] [settingService] read result: {"recentProjects":[],"locale":"zh-CN","localePreference":"en-US","terminalInheritSystemProfile":true,"embeddedBrowserAllowInsecureCertificates":false,"embeddedBrowserViewportPreference":{"mode":"normal","viewport":{"width":393,"height":852},"zoom":"fit"},"computerUseComposerEntryHidden":true,"taskAutoArchiveEnabled":false,"taskAutoArchiveOlderThanDays":7,"closeToTrayOnWindows":false,"closeToTrayOnWindowsMigrationInitialized":true,"keepAwakeWhileRunning":false,"desktopChromiumHardwareAccelerationEnabled":true,"messageStreamShowReasoning":true,"messageStreamShowReasoningMigrationInitialized":true,"messageStreamShowTodos":false,"toolGroupingExploreEnabled":true,"toolGroupingTerminalEnabled":true,"toolGroupingChangesEnabled":false,"zcodeInteractionBehavior":"queue","askUserQuestionAutoResolutionEnabled":false,"modelIoFullRetentionEnabled":false,"startPlanRecommendationDismissed":false,"providerFamilyConnectionSelections":{},"providerFamilyDomain":"zai","providerFamilyDomainMigrated":true,"nativeSearchEnhancementsEnabled":true,"memoryEnabled":false,"lastWorkspaceSession":[],"lastActiveTabIndex":0,"receivePreviewUpdates":false,"autoDownloadAndInstallUpdates":false,"skippedElectronUpdateVersions":{}}
[2026-09-28 11:30:12.277] [pid:38596] [zcode-host] [rpc:call] setting.get OK (2.2ms)
[2026-09-28 11:30:12.278] [pid:45324] [main] [host-log] (local-1) [host] [2026-09-28 11:30:12.277] [pid:38596] [zcode-host] [rpc:call] window-controller.listTaskList OK (0.1ms)
[2026-09-28 11:30:12.279] [pid:45324] [main] [host-log] (local-1) [host] [2026-09-28 11:30:12.277] [pid:38596] [zcode-host] [rpc:call] setting.get OK (2.2ms)
[Z1 child] [2026-09-28 11:30:12.277] [pid:38596] [zcode-host] [rpc:listen] zcode-agent.onDynamicSessionsIndexFrame subscribed
[2026-09-28 11:30:12.278] [pid:38596] [zcode-host] [rpc:listen] zcode-agent.onAgentRuntimeLifecycle subscribed
[2026-09-28 11:30:12.278] [pid:38596] [zcode-host] [rpc:call] zcode-agent.helloConversationV4 OK (0.1ms)
[2026-09-28 11:30:12.278] [pid:38596] [zcode-host] [rpc:call] zcode-task.listPinnedTaskIds OK (0.2ms)
[2026-09-28 11:30:12.279] [pid:38596] [zcode-host] [rpc:call] zcode-task.listArchivedTasks OK (0.1ms)
[2026-09-28 11:30:12.279] [pid:38596] [zcode-host] [rpc:call] zcode-task.listTasks OK (0.1ms)
[2026-09-28 11:30:12.279] [pid:38596] [zcode-host] [rpc:call] zcode-task.listPinnedTasks OK (0.1ms)
[2026-09-28 11:30:12.279] [pid:38596] [zcode-host] [rpc:call] zcode-task.listDeletedTaskIds OK (0.2ms)
[2026-09-28 11:30:12.279] [pid:38596] [zcode-host] [rpc:listen] zcode-task.onDynamicWorkspaceEvent subscribed
[2026-09-28 11:30:12.280] [pid:45324] [main] [host-log] (local-1) [host] [2026-09-28 11:30:12.277] [pid:38596] [zcode-host] [rpc:listen] zcode-agent.onDynamicSessionsIndexFrame subscribed
[2026-09-28 11:30:12.281] [pid:45324] [main] [host-log] (local-1) [host] [2026-09-28 11:30:12.278] [pid:38596] [zcode-host] [rpc:listen] zcode-agent.onAgentRuntimeLifecycle subscribed
[2026-09-28 11:30:12.282] [pid:45324] [main] [host-log] (local-1) [host] [2026-09-28 11:30:12.278] [pid:38596] [zcode-host] [rpc:call] zcode-agent.helloConversationV4 OK (0.1ms)
[2026-09-28 11:30:12.282] [pid:45324] [main] [host-log] (local-1) [host] [2026-09-28 11:30:12.278] [pid:38596] [zcode-host] [rpc:call] zcode-task.listPinnedTaskIds OK (0.2ms)
[2026-09-28 11:30:12.283] [pid:45324] [main] [host-log] (local-1) [host] [2026-09-28 11:30:12.279] [pid:38596] [zcode-host] [rpc:call] zcode-task.listArchivedTasks OK (0.1ms)
[2026-09-28 11:30:12.284] [pid:45324] [main] [host-log] (local-1) [host] [2026-09-28 11:30:12.279] [pid:38596] [zcode-host] [rpc:call] zcode-task.listTasks OK (0.1ms)
[2026-09-28 11:30:12.285] [pid:45324] [main] [host-log] (local-1) [host] [2026-09-28 11:30:12.279] [pid:38596] [zcode-host] [rpc:call] zcode-task.listPinnedTasks OK (0.1ms)
[2026-09-28 11:30:12.285] [pid:45324] [main] [host-log] (local-1) [host] [2026-09-28 11:30:12.279] [pid:38596] [zcode-host] [rpc:call] zcode-task.listDeletedTaskIds OK (0.2ms)
[2026-09-28 11:30:12.286] [pid:45324] [main] [host-log] (local-1) [host] [2026-09-28 11:30:12.279] [pid:38596] [zcode-host] [rpc:listen] zcode-task.onDynamicWorkspaceEvent subscribed
[2026-09-28 11:30:12.287] [pid:45324] [main] [host-log] (local-1) [host] [2026-09-28 11:30:12.281] [pid:38596] [zcode-host] [rpc:listen] zcode-agent.onAgentRuntimeLifecycle subscribed
[Z1 child] [2026-09-28 11:30:12.281] [pid:38596] [zcode-host] [rpc:listen] zcode-agent.onAgentRuntimeLifecycle subscribed
[2026-09-28 11:30:12.282] [pid:38596] [zcode-host] [rpc:call] system.info OK (0.0ms)
[2026-09-28 11:30:12.283] [pid:38596] [zcode-host] [rpc:call] subagents.list OK (2.6ms)
[2026-09-28 11:30:12.283] [pid:38596] [zcode-host] [rpc:listen] model-selection.onDidChange subscribed
[2026-09-28 11:30:12.283] [pid:38596] [zcode-host] [rpc:listen] model-selection.onDidChange subscribed
[2026-09-28 11:30:12.284] [pid:38596] [zcode-host] [rpc:call] model-selection.getView OK (0.5ms)
[2026-09-28 11:30:12.284] [pid:38596] [zcode-host] [rpc:call] model-selection.getView OK (0.7ms)
[2026-09-28 11:30:12.284] [pid:38596] [zcode-host] [rpc:listen] zcode-agent.onDynamicConversationTelemetryFact subscribed
[2026-09-28 11:30:12.286] [pid:38596] [zcode-host] [rpc:call] off-peak-task.list OK (0.2ms)
[2026-09-28 11:30:12.288] [pid:45324] [main] [host-log] (local-1) [host] [2026-09-28 11:30:12.282] [pid:38596] [zcode-host] [rpc:call] system.info OK (0.0ms)
[2026-09-28 11:30:12.289] [pid:45324] [main] [host-log] (local-1) [host] [2026-09-28 11:30:12.283] [pid:38596] [zcode-host] [rpc:call] subagents.list OK (2.6ms)
[2026-09-28 11:30:12.289] [pid:45324] [main] [host-log] (local-1) [host] [2026-09-28 11:30:12.283] [pid:38596] [zcode-host] [rpc:listen] model-selection.onDidChange subscribed
[2026-09-28 11:30:12.290] [pid:45324] [main] [host-log] (local-1) [host] [2026-09-28 11:30:12.283] [pid:38596] [zcode-host] [rpc:listen] model-selection.onDidChange subscribed
[2026-09-28 11:30:12.291] [pid:45324] [main] [host-log] (local-1) [host] [2026-09-28 11:30:12.284] [pid:38596] [zcode-host] [rpc:call] model-selection.getView OK (0.5ms)
[2026-09-28 11:30:12.292] [pid:45324] [main] [host-log] (local-1) [host] [2026-09-28 11:30:12.284] [pid:38596] [zcode-host] [rpc:call] model-selection.getView OK (0.7ms)
[2026-09-28 11:30:12.293] [pid:45324] [main] [host-log] (local-1) [host] [2026-09-28 11:30:12.284] [pid:38596] [zcode-host] [rpc:listen] zcode-agent.onDynamicConversationTelemetryFact subscribed
[2026-09-28 11:30:12.294] [pid:45324] [main] [host-log] (local-1) [host] [2026-09-28 11:30:12.286] [pid:38596] [zcode-host] [rpc:call] off-peak-task.list OK (0.2ms)
[Z1 child] [2026-09-28 11:30:12.295] [pid:38596] [settingService] reading settings from: C:\Users\USER\Desktop\Personal\ZCode\.tmp\z1-native-1790566207584-b096d1\home\.zcode\v2\setting.json
[Z1 child] [2026-09-28 11:30:12.295] [pid:38596] [settingService] read result: {"recentProjects":[],"locale":"zh-CN","localePreference":"en-US","terminalInheritSystemProfile":true,"embeddedBrowserAllowInsecureCertificates":false,"embeddedBrowserViewportPreference":{"mode":"normal","viewport":{"width":393,"height":852},"zoom":"fit"},"computerUseComposerEntryHidden":true,"taskAutoArchiveEnabled":false,"taskAutoArchiveOlderThanDays":7,"closeToTrayOnWindows":false,"closeToTrayOnWindowsMigrationInitialized":true,"keepAwakeWhileRunning":false,"desktopChromiumHardwareAccelerationEnabled":true,"messageStreamShowReasoning":true,"messageStreamShowReasoningMigrationInitialized":true,"messageStreamShowTodos":false,"toolGroupingExploreEnabled":true,"toolGroupingTerminalEnabled":true,"toolGroupingChangesEnabled":false,"zcodeInteractionBehavior":"queue","askUserQuestionAutoResolutionEnabled":false,"modelIoFullRetentionEnabled":false,"startPlanRecommendationDismissed":false,"providerFamilyConnectionSelections":{},"providerFamilyDomain":"zai","providerFamilyDomainMigrated":true,"nativeSearchEnhancementsEnabled":true,"memoryEnabled":false,"lastWorkspaceSession":[],"lastActiveTabIndex":0,"receivePreviewUpdates":false,"autoDownloadAndInstallUpdates":false,"skippedElectronUpdateVersions":{}}
[2026-09-28 11:30:12.295] [pid:38596] [zcode-host] [rpc:call] settings-sync.getFirstRunPromptState OK (0.6ms)
[2026-09-28 11:30:12.296] [pid:45324] [main] [host-log] (local-1) [host] [2026-09-28 11:30:12.295] [pid:38596] [zcode-host] [rpc:call] settings-sync.getFirstRunPromptState OK (0.6ms)
[2026-09-28 11:30:12.304] [pid:45324] [main] [community] failed to fetch remote config: ZodError: [
  {
    "expected": "object",
    "code": "invalid_type",
    "path": [
      "data",
      "configs",
      "feedbackUrl"
    ],
    "message": "Invalid input: expected object, received undefined"
  }
]
    at file:///C:/Users/USER/Desktop/Personal/ZCode/packages/desktop/out/main/chunk-I4AIRQZI.js:64:122510
    at process.processTicksAndRejections (node:internal/process/task_queues:104:5)
    at async file:///C:/Users/USER/Desktop/Personal/ZCode/packages/desktop/out/main/chunk-I4AIRQZI.js:64:122616
    at async resolveCommunityUrl (file:///C:/Users/USER/Desktop/Personal/ZCode/packages/desktop/out/main/index.js:606:21172)
    at async file:///C:/Users/USER/Desktop/Personal/ZCode/packages/desktop/out/main/index.js:1337:10297
    at async Session.<anonymous> (node:electron/js2c/browser_init:2:116791)
[Z1 child] [2026-09-28 11:30:12.317] [pid:38596] [settingService] reading settings from: C:\Users\USER\Desktop\Personal\ZCode\.tmp\z1-native-1790566207584-b096d1\home\.zcode\v2\setting.json
[Z1 child] [2026-09-28 11:30:12.318] [pid:38596] [settingService] read result: {"recentProjects":[],"locale":"zh-CN","localePreference":"en-US","terminalInheritSystemProfile":true,"embeddedBrowserAllowInsecureCertificates":false,"embeddedBrowserViewportPreference":{"mode":"normal","viewport":{"width":393,"height":852},"zoom":"fit"},"computerUseComposerEntryHidden":true,"taskAutoArchiveEnabled":false,"taskAutoArchiveOlderThanDays":7,"closeToTrayOnWindows":false,"closeToTrayOnWindowsMigrationInitialized":true,"keepAwakeWhileRunning":false,"desktopChromiumHardwareAccelerationEnabled":true,"messageStreamShowReasoning":true,"messageStreamShowReasoningMigrationInitialized":true,"messageStreamShowTodos":false,"toolGroupingExploreEnabled":true,"toolGroupingTerminalEnabled":true,"toolGroupingChangesEnabled":false,"zcodeInteractionBehavior":"queue","askUserQuestionAutoResolutionEnabled":false,"modelIoFullRetentionEnabled":false,"startPlanRecommendationDismissed":false,"providerFamilyConnectionSelections":{},"providerFamilyDomain":"zai","providerFamilyDomainMigrated":true,"nativeSearchEnhancementsEnabled":true,"memoryEnabled":false,"lastWorkspaceSession":[],"lastActiveTabIndex":0,"receivePreviewUpdates":false,"autoDownloadAndInstallUpdates":false,"skippedElectronUpdateVersions":{}}
[Z1 child] [2026-09-28 11:30:12.318] [pid:38596] [settingService] writing settings to: C:\Users\USER\Desktop\Personal\ZCode\.tmp\z1-native-1790566207584-b096d1\home\.zcode\v2\setting.json {"recentProjects":[],"locale":"zh-CN","localePreference":"en-US","terminalInheritSystemProfile":true,"embeddedBrowserAllowInsecureCertificates":false,"embeddedBrowserViewportPreference":{"mode":"normal","viewport":{"width":393,"height":852},"zoom":"fit"},"computerUseComposerEntryHidden":true,"taskAutoArchiveEnabled":false,"taskAutoArchiveOlderThanDays":7,"closeToTrayOnWindows":false,"closeToTrayOnWindowsMigrationInitialized":true,"keepAwakeWhileRunning":false,"desktopChromiumHardwareAccelerationEnabled":true,"messageStreamShowReasoning":true,"messageStreamShowReasoningMigrationInitialized":true,"messageStreamShowTodos":false,"toolGroupingExploreEnabled":true,"toolGroupingTerminalEnabled":true,"toolGroupingChangesEnabled":false,"zcodeInteractionBehavior":"queue","askUserQuestionAutoResolutionEnabled":false,"modelIoFullRetentionEnabled":false,"startPlanRecommendationDismissed":false,"providerFamilyConnectionSelections":{},"providerFamilyDomain":"zai","providerFamilyDomainMigrated":true,"nativeSearchEnhancementsEnabled":true,"memoryEnabled":false,"lastWorkspaceSession":[{"kind":"local","workspacePath":"C:\\Users\\USER\\Desktop\\Personal\\ZCode\\.tmp\\z1-native-1790566207584-b096d1\\workspace","workspacePurpose":"project"},{"kind":"local","workspacePath":"C:\\Users\\USER\\Desktop\\Personal\\ZCode\\.tmp\\z1-native-1790566207584-b096d1\\data\\.zcode\\workspace\\default","workspacePurpose":"conversation"}],"lastActiveTabIndex":0,"receivePreviewUpdates":false,"autoDownloadAndInstallUpdates":false,"skippedElectronUpdateVersions":{}}
[2026-09-28 11:30:12.318] [pid:45324] [main] [host-log] (local-1) [host] [2026-09-28 11:30:12.318] [pid:38596] [settingService] writing settings to: C:\Users\USER\Desktop\Personal\ZCode\.tmp\z1-native-1790566207584-b096d1\home\.zcode\v2\setting.json {"recentProjects":[],"locale":"zh-CN","localePreference":"en-US","terminalInheritSystemProfile":true,"embeddedBrowserAllowInsecureCertificates":false,"embeddedBrowserViewportPreference":{"mode":"normal","viewport":{"width":393,"height":852},"zoom":"fit"},"computerUseComposerEntryHidden":true,"taskAutoArchiveEnabled":false,"taskAutoArchiveOlderThanDays":7,"closeToTrayOnWindows":false,"closeToTrayOnWindowsMigrationInitialized":true,"keepAwakeWhileRunning":false,"desktopChromiumHardwareAccelerationEnabled":true,"messageStreamShowReasoning":true,"messageStreamShowReasoningMigrationInitialized":true,"messageStreamShowTodos":false,"toolGroupingExploreEnabled":true,"toolGroupingTerminalEnabled":true,"toolGroupingChangesEnabled":false,"zcodeInteractionBehavior":"queue","askUserQuestionAutoResolutionEnabled":false,"modelIoFullRetentionEnabled":false,"startPlanRecommendationDismissed":false,"providerFamilyConnectionSelections":{},"providerFamilyDomain":"zai","providerFamilyDomainMigrated":true,"nativeSearchEnhancementsEnabled":true,"memoryEnabled":false,"lastWorkspaceSession":[{"kind":"local","workspacePath":"C:\\Users\\USER\\Desktop\\Personal\\ZCode\\.tmp\\z1-native-1790566207584-b096d1\\workspace","workspacePurpose":"project"},{"kind":"local","workspacePath":"C:\\Users\\USER\\Desktop\\Personal\\ZCode\\.tmp\\z1-native-1790566207584-b096d1\\data\\.zcode\\workspace\\default","workspacePurpose":"conversation"}],"lastActiveTabIndex":0,"receivePreviewUpdates":false,"autoDownloadAndInstallUpdates":false,"skippedElectronUpdateVersions":{}}
[Z1 child] [2026-09-28 11:30:12.323] [pid:38596] [zcode-host] [rpc:call] window-controller.listTaskList OK (0.0ms)
[2026-09-28 11:30:12.324] [pid:45324] [main] [host-log] (local-1) [host] [2026-09-28 11:30:12.323] [pid:38596] [zcode-host] [rpc:call] window-controller.listTaskList OK (0.0ms)
[2026-09-28 11:30:12.325] [pid:45324] [main] [host-log] (local-1) [host] [2026-09-28 11:30:12.324] [pid:38596] [settingService] write done
[2026-09-28 11:30:12.325] [pid:45324] [main] [host-log] (local-1) [host] [2026-09-28 11:30:12.324] [pid:38596] [zcode-host] [rpc:call] setting.update OK (8.6ms)
[Z1 child] [2026-09-28 11:30:12.324] [pid:38596] [settingService] write done
[2026-09-28 11:30:12.324] [pid:38596] [zcode-host] [rpc:call] setting.update OK (8.6ms)
[2026-09-28 11:30:12.326] [pid:38596] [zcode-host] [rpc:call] zcode-agent.initializeConversationV4 OK (0.6ms)
[2026-09-28 11:30:12.326] [pid:45324] [main] [host-log] (local-1) [host] [2026-09-28 11:30:12.326] [pid:38596] [zcode-host] [rpc:call] zcode-agent.initializeConversationV4 OK (0.6ms)
[Z1 child] [2026-09-28 11:30:12.344] [pid:38596] [zcode-host] [rpc:call] settings-sync.detect OK (0.1ms)
[2026-09-28 11:30:12.344] [pid:45324] [main] [host-log] (local-1) [host] [2026-09-28 11:30:12.344] [pid:38596] [zcode-host] [rpc:call] settings-sync.detect OK (0.1ms)
[2026-09-28 11:30:12.345] [pid:45324] [main] [host-log] (local-1) [host] [2026-09-28 11:30:12.344] [pid:38596] [zcode-host] [rpc:listen] model-selection.onDidChange subscribed
[2026-09-28 11:30:12.346] [pid:45324] [main] [host-log] (local-1) [host] [2026-09-28 11:30:12.344] [pid:38596] [zcode-agent-service] 开始请求 ZCode Protocol workspace/readPresentation {"workspaceKey":"C:\\Users\\USER\\Desktop\\Personal\\ZCode\\.tmp\\z1-native-1790566207584-b096d1\\workspace","workspacePath":"C:\\Users\\USER\\Desktop\\Personal\\ZCode\\.tmp\\z1-native-1790566207584-b096d1\\workspace"}
[Z1 child] [2026-09-28 11:30:12.344] [pid:38596] [zcode-host] [rpc:listen] model-selection.onDidChange subscribed
[2026-09-28 11:30:12.344] [pid:38596] [zcode-agent-service] 开始请求 ZCode Protocol workspace/readPresentation {
  workspaceKey: 'C:\\Users\\USER\\Desktop\\Personal\\ZCode\\.tmp\\z1-native-1790566207584-b096d1\\workspace',
  workspacePath: 'C:\\Users\\USER\\Desktop\\Personal\\ZCode\\.tmp\\z1-native-1790566207584-b096d1\\workspace'
}
[2026-09-28 11:30:12.345] [pid:38596] [zcode-host] [rpc:call] model-selection.getView OK (0.9ms)
[2026-09-28 11:30:12.347] [pid:45324] [main] [host-log] (local-1) [host] [2026-09-28 11:30:12.345] [pid:38596] [zcode-host] [rpc:call] model-selection.getView OK (0.9ms)
[Z1 child] [2026-09-28 11:30:12.355] [pid:38596] [settingService] reading settings from: C:\Users\USER\Desktop\Personal\ZCode\.tmp\z1-native-1790566207584-b096d1\home\.zcode\v2\setting.json
[Z1 child] [2026-09-28 11:30:12.355] [pid:38596] [settingService] read result: {"recentProjects":[],"locale":"zh-CN","localePreference":"en-US","terminalInheritSystemProfile":true,"embeddedBrowserAllowInsecureCertificates":false,"embeddedBrowserViewportPreference":{"mode":"normal","viewport":{"width":393,"height":852},"zoom":"fit"},"computerUseComposerEntryHidden":true,"taskAutoArchiveEnabled":false,"taskAutoArchiveOlderThanDays":7,"closeToTrayOnWindows":false,"closeToTrayOnWindowsMigrationInitialized":true,"keepAwakeWhileRunning":false,"desktopChromiumHardwareAccelerationEnabled":true,"messageStreamShowReasoning":true,"messageStreamShowReasoningMigrationInitialized":true,"messageStreamShowTodos":false,"toolGroupingExploreEnabled":true,"toolGroupingTerminalEnabled":true,"toolGroupingChangesEnabled":false,"zcodeInteractionBehavior":"queue","askUserQuestionAutoResolutionEnabled":false,"modelIoFullRetentionEnabled":false,"startPlanRecommendationDismissed":false,"providerFamilyConnectionSelections":{},"providerFamilyDomain":"zai","providerFamilyDomainMigrated":true,"nativeSearchEnhancementsEnabled":true,"memoryEnabled":false,"lastWorkspaceSession":[{"kind":"local","workspacePath":"C:\\Users\\USER\\Desktop\\Personal\\ZCode\\.tmp\\z1-native-1790566207584-b096d1\\workspace","workspacePurpose":"project"},{"kind":"local","workspacePath":"C:\\Users\\USER\\Desktop\\Personal\\ZCode\\.tmp\\z1-native-1790566207584-b096d1\\data\\.zcode\\workspace\\default","workspacePurpose":"conversation"}],"lastActiveTabIndex":0,"receivePreviewUpdates":false,"autoDownloadAndInstallUpdates":false,"skippedElectronUpdateVersions":{}}
[2026-09-28 11:30:12.355] [pid:38596] [settingService] writing settings to: C:\Users\USER\Desktop\Personal\ZCode\.tmp\z1-native-1790566207584-b096d1\home\.zcode\v2\setting.json {"recentProjects":[],"locale":"zh-CN","localePreference":"en-US","terminalInheritSystemProfile":true,"embeddedBrowserAllowInsecureCertificates":false,"embeddedBrowserViewportPreference":{"mode":"normal","viewport":{"width":393,"height":852},"zoom":"fit"},"computerUseComposerEntryHidden":true,"taskAutoArchiveEnabled":false,"taskAutoArchiveOlderThanDays":7,"closeToTrayOnWindows":false,"closeToTrayOnWindowsMigrationInitialized":true,"keepAwakeWhileRunning":false,"desktopChromiumHardwareAccelerationEnabled":true,"messageStreamShowReasoning":true,"messageStreamShowReasoningMigrationInitialized":true,"messageStreamShowTodos":false,"toolGroupingExploreEnabled":true,"toolGroupingTerminalEnabled":true,"toolGroupingChangesEnabled":false,"zcodeInteractionBehavior":"queue","askUserQuestionAutoResolutionEnabled":false,"modelIoFullRetentionEnabled":false,"startPlanRecommendationDismissed":false,"providerFamilyConnectionSelections":{},"providerFamilyDomain":"zai","providerFamilyDomainMigrated":true,"nativeSearchEnhancementsEnabled":true,"memoryEnabled":false,"lastWorkspaceSession":[{"kind":"local","workspacePath":"C:\\Users\\USER\\Desktop\\Personal\\ZCode\\.tmp\\z1-native-1790566207584-b096d1\\workspace","workspacePurpose":"project"},{"kind":"local","workspacePath":"C:\\Users\\USER\\Desktop\\Personal\\ZCode\\.tmp\\z1-native-1790566207584-b096d1\\data\\.zcode\\workspace\\default","workspacePurpose":"conversation"}],"lastActiveTabIndex":0,"receivePreviewUpdates":false,"autoDownloadAndInstallUpdates":false,"skippedElectronUpdateVersions":{},"settingsSyncFirstRunPromptHandled":true}
[2026-09-28 11:30:12.356] [pid:45324] [main] [host-log] (local-1) [host] [2026-09-28 11:30:12.355] [pid:38596] [settingService] writing settings to: C:\Users\USER\Desktop\Personal\ZCode\.tmp\z1-native-1790566207584-b096d1\home\.zcode\v2\setting.json {"recentProjects":[],"locale":"zh-CN","localePreference":"en-US","terminalInheritSystemProfile":true,"embeddedBrowserAllowInsecureCertificates":false,"embeddedBrowserViewportPreference":{"mode":"normal","viewport":{"width":393,"height":852},"zoom":"fit"},"computerUseComposerEntryHidden":true,"taskAutoArchiveEnabled":false,"taskAutoArchiveOlderThanDays":7,"closeToTrayOnWindows":false,"closeToTrayOnWindowsMigrationInitialized":true,"keepAwakeWhileRunning":false,"desktopChromiumHardwareAccelerationEnabled":true,"messageStreamShowReasoning":true,"messageStreamShowReasoningMigrationInitialized":true,"messageStreamShowTodos":false,"toolGroupingExploreEnabled":true,"toolGroupingTerminalEnabled":true,"toolGroupingChangesEnabled":false,"zcodeInteractionBehavior":"queue","askUserQuestionAutoResolutionEnabled":false,"modelIoFullRetentionEnabled":false,"startPlanRecommendationDismissed":false,"providerFamilyConnectionSelections":{},"providerFamilyDomain":"zai","providerFamilyDomainMigrated":true,"nativeSearchEnhancementsEnabled":true,"memoryEnabled":false,"lastWorkspaceSession":[{"kind":"local","workspacePath":"C:\\Users\\USER\\Desktop\\Personal\\ZCode\\.tmp\\z1-native-1790566207584-b096d1\\workspace","workspacePurpose":"project"},{"kind":"local","workspacePath":"C:\\Users\\USER\\Desktop\\Personal\\ZCode\\.tmp\\z1-native-1790566207584-b096d1\\data\\.zcode\\workspace\\default","workspacePurpose":"conversation"}],"lastActiveTabIndex":0,"receivePreviewUpdates":false,"autoDownloadAndInstallUpdates":false,"skippedElectronUpdateVersions":{},"settingsSyncFirstRunPromptHandled":true}
[Z1 child] [2026-09-28 11:30:12.361] [pid:38596] [settingService] write done
[2026-09-28 11:30:12.361] [pid:38596] [zcode-host] [rpc:call] settings-sync.markFirstRunPromptHandled OK (6.4ms)
[2026-09-28 11:30:12.361] [pid:45324] [main] [host-log] (local-1) [host] [2026-09-28 11:30:12.361] [pid:38596] [settingService] write done
[2026-09-28 11:30:12.362] [pid:45324] [main] [host-log] (local-1) [host] [2026-09-28 11:30:12.361] [pid:38596] [zcode-host] [rpc:call] settings-sync.markFirstRunPromptHandled OK (6.4ms)
[2026-09-28 11:30:12.441] [pid:45324] [renderer] v4 workspace connection lease released {
  event: 'v4.workspace_connection.release',
  keepWarmMs: 30000,
  key: '__base__ C:\\Users\\USER\\Desktop\\Personal\\ZCode\\.tmp\\z1-native-1790566207584-b096d1\\workspace',
  module: 'ui.v4.workspace_connection_registry',
  refCount: 0,
  status: 'keep_warm'
}
[Z1 child] [2026-09-28 11:30:12.446] [pid:38596] [zcode-host] [rpc:call] git.refresh OK (159.8ms)
[2026-09-28 11:30:12.446] [pid:45324] [main] [host-log] (local-1) [host] [2026-09-28 11:30:12.446] [pid:38596] [zcode-host] [rpc:call] git.refresh OK (159.8ms)
[Z1 child] [2026-09-28 11:30:12.457] [pid:38596] [zcode-host] [rpc:call] system.info OK (0.0ms)
[2026-09-28 11:30:12.457] [pid:45324] [main] [host-log] (local-1) [host] [2026-09-28 11:30:12.457] [pid:38596] [zcode-host] [rpc:call] system.info OK (0.0ms)
[2026-09-28 11:30:12.458] [pid:45324] [main] [host-log] (local-1) [host] [2026-09-28 11:30:12.458] [pid:38596] [zcode-host] [rpc:call] file-watcher.watch OK (0.8ms)
[Z1 child] [2026-09-28 11:30:12.458] [pid:38596] [zcode-host] [rpc:call] file-watcher.watch OK (0.8ms)
[2026-09-28 11:30:12.458] [pid:38596] [zcode-host] [rpc:call] file-watcher.watch OK (0.7ms)
[2026-09-28 11:30:12.459] [pid:45324] [main] [host-log] (local-1) [host] [2026-09-28 11:30:12.458] [pid:38596] [zcode-host] [rpc:call] file-watcher.watch OK (0.7ms)
[Z1 child] [2026-09-28 11:30:12.460] [pid:38596] [zcode-host] [rpc:listen] file-watcher.onDynamicChange subscribed
[2026-09-28 11:30:12.460] [pid:45324] [main] [host-log] (local-1) [host] [2026-09-28 11:30:12.460] [pid:38596] [zcode-host] [rpc:listen] file-watcher.onDynamicChange subscribed
[2026-09-28 11:30:12.461] [pid:45324] [main] [host-log] (local-1) [host] [2026-09-28 11:30:12.460] [pid:38596] [zcode-host] [rpc:listen] file-watcher.onDynamicChange subscribed
[2026-09-28 11:30:12.462] [pid:45324] [main] [host-log] (local-1) [host] [2026-09-28 11:30:12.460] [pid:38596] [zcode-host] [rpc:call] file-watcher.unwatch OK (0.1ms)
[2026-09-28 11:30:12.462] [pid:45324] [main] [host-log] (local-1) [host] [2026-09-28 11:30:12.460] [pid:38596] [zcode-host] [rpc:call] file-watcher.unwatch OK (0.0ms)
[Z1 child] [2026-09-28 11:30:12.460] [pid:38596] [zcode-host] [rpc:listen] file-watcher.onDynamicChange subscribed
[2026-09-28 11:30:12.460] [pid:38596] [zcode-host] [rpc:call] file-watcher.unwatch OK (0.1ms)
[2026-09-28 11:30:12.460] [pid:38596] [zcode-host] [rpc:call] file-watcher.unwatch OK (0.0ms)
[2026-09-28 11:30:12.461] [pid:38596] [zcode-host] [rpc:call] file-watcher.watch OK (1.0ms)
[2026-09-28 11:30:12.463] [pid:38596] [zcode-host] [rpc:call] file-watcher.watch OK (1.0ms)
[2026-09-28 11:30:12.463] [pid:45324] [main] [host-log] (local-1) [host] [2026-09-28 11:30:12.461] [pid:38596] [zcode-host] [rpc:call] file-watcher.watch OK (1.0ms)
[2026-09-28 11:30:12.464] [pid:45324] [main] [host-log] (local-1) [host] [2026-09-28 11:30:12.463] [pid:38596] [zcode-host] [rpc:call] file-watcher.watch OK (1.0ms)
[Z1 child] [2026-09-28 11:30:12.464] [pid:38596] [zcode-host] [rpc:call] file-watcher.watch OK (1.0ms)
[2026-09-28 11:30:12.464] [pid:38596] [zcode-host] [rpc:listen] file-watcher.onDynamicChange subscribed
[2026-09-28 11:30:12.464] [pid:38596] [zcode-host] [rpc:listen] file-watcher.onDynamicChange subscribed
[2026-09-28 11:30:12.465] [pid:45324] [main] [host-log] (local-1) [host] [2026-09-28 11:30:12.464] [pid:38596] [zcode-host] [rpc:call] file-watcher.watch OK (1.0ms)
[2026-09-28 11:30:12.466] [pid:45324] [main] [host-log] (local-1) [host] [2026-09-28 11:30:12.464] [pid:38596] [zcode-host] [rpc:listen] file-watcher.onDynamicChange subscribed
[2026-09-28 11:30:12.466] [pid:45324] [main] [host-log] (local-1) [host] [2026-09-28 11:30:12.464] [pid:38596] [zcode-host] [rpc:listen] file-watcher.onDynamicChange subscribed
[2026-09-28 11:30:12.467] [pid:45324] [main] [host-log] (local-1) [host] [2026-09-28 11:30:12.465] [pid:38596] [zcode-host] [rpc:listen] file-watcher.onDynamicChange subscribed
[Z1 child] [2026-09-28 11:30:12.465] [pid:38596] [zcode-host] [rpc:listen] file-watcher.onDynamicChange subscribed
[Z1 child] [2026-09-28 11:30:12.668] [pid:38596] [zcode-host] [rpc:call] zcode-agent.subscribeSessionsIndexV4 OK (314.9ms)
[2026-09-28 11:30:12.668] [pid:45324] [main] [host-log] (local-1) [host] [2026-09-28 11:30:12.668] [pid:38596] [zcode-host] [rpc:call] zcode-agent.subscribeSessionsIndexV4 OK (314.9ms)
[2026-09-28 11:30:12.669] [pid:45324] [main] [host-log] (local-1) [host] [2026-09-28 11:30:12.668] [pid:38596] [zcode-host] [rpc:call] window-controller.listTaskList OK (393.0ms)
[2026-09-28 11:30:12.670] [pid:45324] [main] [host-log] (local-1) [host] [2026-09-28 11:30:12.668] [pid:38596] [zcode-host] [rpc:call] window-controller.listTaskList OK (345.1ms)
[2026-09-28 11:30:12.671] [pid:45324] [main] [host-log] (local-1) [host] [2026-09-28 11:30:12.669] [pid:38596] [zcode-agent-service] 为只读会话控制面启动 ZCode agent {"workspaceKey":"C:\\Users\\USER\\Desktop\\Personal\\ZCode\\.tmp\\z1-native-1790566207584-b096d1\\workspace","workspacePath":"C:\\Users\\USER\\Desktop\\Personal\\ZCode\\.tmp\\z1-native-1790566207584-b096d1\\workspace"}
[2026-09-28 11:30:12.672] [pid:45324] [main] [stability] perf_agent_ready reported {
  pid: 8988,
  runtimeGeneration: 1,
  runtimeInstanceId: 'agent-0a2dd919-d8e3-41ab-a11c-b81405252c6b',
  startupDurationMs: 669
}
[2026-09-28 11:30:12.672] [pid:45324] [main] [host-log] (local-1) [host] [2026-09-28 11:30:12.669] [pid:38596] [zcode-agent-service] provider/model 就绪，允许 ZCode agent 模型执行 {"modelId":"z1-fixture","providerId":"z1-local-fixture","revision":"model-selection:1","workspaceKey":"C:\\Users\\USER\\Desktop\\Personal\\ZCode\\.tmp\\z1-native-1790566207584-b096d1\\workspace","workspacePath":"C:\\Users\\USER\\Desktop\\Personal\\ZCode\\.tmp\\z1-native-1790566207584-b096d1\\workspace"}
[2026-09-28 11:30:12.673] [pid:45324] [main] [host-log] (local-1) [host] [2026-09-28 11:30:12.669] [pid:38596] [zcode-agent-service] provider/model 就绪，允许 ZCode agent 模型执行 {"modelId":"z1-fixture","providerId":"z1-local-fixture","revision":"model-selection:1","workspaceKey":"C:\\Users\\USER\\Desktop\\Personal\\ZCode\\.tmp\\z1-native-1790566207584-b096d1\\workspace","workspacePath":"C:\\Users\\USER\\Desktop\\Personal\\ZCode\\.tmp\\z1-native-1790566207584-b096d1\\workspace"}
[2026-09-28 11:30:12.674] [pid:45324] [main] [host-log] (local-1) [host] [2026-09-28 11:30:12.669] [pid:38596] [zcode-agent-service] provider/model 就绪，允许 ZCode agent 模型执行 {"modelId":"z1-fixture","providerId":"z1-local-fixture","revision":"model-selection:1","workspaceKey":"C:\\Users\\USER\\Desktop\\Personal\\ZCode\\.tmp\\z1-native-1790566207584-b096d1\\workspace","workspacePath":"C:\\Users\\USER\\Desktop\\Personal\\ZCode\\.tmp\\z1-native-1790566207584-b096d1\\workspace"}
[2026-09-28 11:30:12.675] [pid:45324] [main] [host-log] (local-1) [host] [2026-09-28 11:30:12.669] [pid:38596] [zcode-agent-service] ZCode agent 初始化完成 {"durationMs":879,"transportKind":"stdio","workspaceKey":"C:\\Users\\USER\\Desktop\\Personal\\ZCode\\.tmp\\z1-native-1790566207584-b096d1\\workspace","workspacePath":"C:\\Users\\USER\\Desktop\\Personal\\ZCode\\.tmp\\z1-native-1790566207584-b096d1\\workspace"}
[2026-09-28 11:30:12.675] [pid:45324] [main] [host-log] (local-1) [host] [2026-09-28 11:30:12.669] [pid:38596] [zcode-host] ZCode agent warmup ready (local host init (1/1)) workspace=C:\Users\USER\Desktop\Personal\ZCode\.tmp\z1-native-1790566207584-b096d1\workspace transport=stdio
[Z1 child] [2026-09-28 11:30:12.668] [pid:38596] [zcode-host] [rpc:call] window-controller.listTaskList OK (393.0ms)
[2026-09-28 11:30:12.668] [pid:38596] [zcode-host] [rpc:call] window-controller.listTaskList OK (345.1ms)
[2026-09-28 11:30:12.669] [pid:38596] [zcode-agent-service] 为只读会话控制面启动 ZCode agent {
  workspaceKey: 'C:\\Users\\USER\\Desktop\\Personal\\ZCode\\.tmp\\z1-native-1790566207584-b096d1\\workspace',
  workspacePath: 'C:\\Users\\USER\\Desktop\\Personal\\ZCode\\.tmp\\z1-native-1790566207584-b096d1\\workspace'
}
[2026-09-28 11:30:12.669] [pid:38596] [zcode-agent-service] provider/model 就绪，允许 ZCode agent 模型执行 {
  modelId: 'z1-fixture',
  providerId: 'z1-local-fixture',
  revision: 'model-selection:1',
  workspaceKey: 'C:\\Users\\USER\\Desktop\\Personal\\ZCode\\.tmp\\z1-native-1790566207584-b096d1\\workspace',
  workspacePath: 'C:\\Users\\USER\\Desktop\\Personal\\ZCode\\.tmp\\z1-native-1790566207584-b096d1\\workspace'
}
[2026-09-28 11:30:12.669] [pid:38596] [zcode-agent-service] provider/model 就绪，允许 ZCode agent 模型执行 {
  modelId: 'z1-fixture',
  providerId: 'z1-local-fixture',
  revision: 'model-selection:1',
  workspaceKey: 'C:\\Users\\USER\\Desktop\\Personal\\ZCode\\.tmp\\z1-native-1790566207584-b096d1\\workspace',
  workspacePath: 'C:\\Users\\USER\\Desktop\\Personal\\ZCode\\.tmp\\z1-native-1790566207584-b096d1\\workspace'
}
[2026-09-28 11:30:12.669] [pid:38596] [zcode-agent-service] provider/model 就绪，允许 ZCode agent 模型执行 {
  modelId: 'z1-fixture',
  providerId: 'z1-local-fixture',
  revision: 'model-selection:1',
  workspaceKey: 'C:\\Users\\USER\\Desktop\\Personal\\ZCode\\.tmp\\z1-native-1790566207584-b096d1\\workspace',
  workspacePath: 'C:\\Users\\USER\\Desktop\\Personal\\ZCode\\.tmp\\z1-native-1790566207584-b096d1\\workspace'
}
[2026-09-28 11:30:12.669] [pid:38596] [zcode-agent-service] ZCode agent 初始化完成 {
  durationMs: 879,
  transportKind: 'stdio',
  workspaceKey: 'C:\\Users\\USER\\Desktop\\Personal\\ZCode\\.tmp\\z1-native-1790566207584-b096d1\\workspace',
  workspacePath: 'C:\\Users\\USER\\Desktop\\Personal\\ZCode\\.tmp\\z1-native-1790566207584-b096d1\\workspace'
}
[2026-09-28 11:30:12.669] [pid:38596] [zcode-host] ZCode agent warmup ready (local host init (1/1)) workspace=C:\Users\USER\Desktop\Personal\ZCode\.tmp\z1-native-1790566207584-b096d1\workspace transport=stdio
[Z1 child] [2026-09-28 11:30:12.692] [pid:38596] [zcode-agent-service] account provider config 已交付到 ZCode agent {
  providerCount: 8,
  reason: 'startup_ready:model_selection_changed',
  receivedRevision: 'account:["zcode-builtin:30:65fea18870489c8f22ee7720efe16915560ff7a029780327c7a3956ae6ddbd87",[{"providerId":"account:zai-individual-coding-plan","config":{"access":{"type":"zhipu-account","entitled":false}}},{"providerId":"account:zai-team-coding-plan","config":{"access":{"type":"zhipu-account","entitled":false}}},{"providerId":"account:zai-start-plan","config":{"access":{"type":"zhipu-account","entitled":false}}},{"providerId":"account:bigmodel-individual-coding-plan","config":{"access":{"type":"zhipu-account","entitled":false}}},{"providerId":"account:bigmodel-team-coding-plan","config":{"access":{"type":"zhipu-account","entitled":false}}},{"providerId":"account:bigmodel-start-plan","config":{"access":{"type":"zhipu-account","entitled":false}}},{"providerId":"account:zai-offpeak-idle-plan","config":{"access":{"type":"zhipu-account","entitled":false}}},{"providerId":"account:bigmodel-offpeak-idle-plan","config":{"access":{"type":"zhipu-account","entitled":false}}}],{"account:zai-individual-coding-plan":{"availability":"unavailable","entitled":false,"unavailableReason":"not-connected","current":false,"connectionKey":"41717a7a173a5e88981ed3b30d6c754715277dce3b302a8e7b1386cdf57b9b4c"},"account:zai-team-coding-plan":{"availability":"unavailable","entitled":false,"unavailableReason":"not-connected","current":false,"connectionKey":"41717a7a173a5e88981ed3b30d6c754715277dce3b302a8e7b1386cdf57b9b4c"},"account:zai-start-plan":{"availability":"unavailable","entitled":false,"unavailableReason":"not-connected","current":false,"connectionKey":"b20a8f39ea1865b9bdbc4f21e0774500034895a93cdf0c737917b6532ebedcea"},"account:bigmodel-individual-coding-plan":{"availability":"unavailable","entitled":false,"unavailableReason":"not-connected","current":false,"connectionKey":"145736c8450a04bf4ba21aee47794f53d87ea79c5dc4cc5b9f27fbf5b6038d53"},"account:bigmodel-team-coding-plan":{"availability":"unavailable","entitled":false,"unavailableReason":"not-connected","current":false,"connectionKey":"145736c8450a04bf4ba21aee47794f53d87ea79c5dc4cc5b9f27fbf5b6038d53"},"account:bigmodel-start-plan":{"availability":"unavailable","entitled":false,"unavailableReason":"not-connected","current":false,"connectionKey":"116fde2fcda0bb10f88164a63caadb0a0ec8611edcf75b35a9924684f9ba84bd"},"account:zai-offpeak-idle-plan":{"availability":"unavailable","entitled":false},"account:bigmodel-offpeak-idle-plan":{"availability":"unavailable","entitled":false}}]',
  status: 'received'
}
[2026-09-28 11:30:12.692] [pid:38596] [zcode-agent-service] provider/model 就绪后已启动等待中的 ZCode agent {
  providerCount: 1,
  reason: 'model_selection_changed',
  revision: 'model-selection:1',
  workspaceKey: 'C:\\Users\\USER\\Desktop\\Personal\\ZCode\\.tmp\\z1-native-1790566207584-b096d1\\workspace',
  workspacePath: 'C:\\Users\\USER\\Desktop\\Personal\\ZCode\\.tmp\\z1-native-1790566207584-b096d1\\workspace'
}
[2026-09-28 11:30:12.692] [pid:45324] [main] [host-log] (local-1) [host] [2026-09-28 11:30:12.692] [pid:38596] [zcode-agent-service] account provider config 已交付到 ZCode agent {"providerCount":8,"reason":"startup_ready:model_selection_changed","receivedRevision":"account:[\"zcode-builtin:30:65fea18870489c8f22ee7720efe16915560ff7a029780327c7a3956ae6ddbd87\",[{\"providerId\":\"account:zai-individual-coding-plan\",\"config\":{\"access\":{\"type\":\"zhipu-account\",\"entitled\":false}}},{\"providerId\":\"account:zai-team-coding-plan\",\"config\":{\"access\":{\"type\":\"zhipu-account\",\"entitled\":false}}},{\"providerId\":\"account:zai-start-plan\",\"config\":{\"access\":{\"type\":\"zhipu-account\",\"entitled\":false}}},{\"providerId\":\"account:bigmodel-individual-coding-plan\",\"config\":{\"access\":{\"type\":\"zhipu-account\",\"entitled\":false}}},{\"providerId\":\"account:bigmodel-team-coding-plan\",\"config\":{\"access\":{\"type\":\"zhipu-account\",\"entitled\":false}}},{\"providerId\":\"account:bigmodel-start-plan\",\"config\":{\"access\":{\"type\":\"zhipu-account\",\"entitled\":false}}},{\"providerId\":\"account:zai-offpeak-idle-plan\",\"config\":{\"access\":{\"type\":\"zhipu-account\",\"entitled\":false}}},{\"providerId\":\"account:bigmodel-offpeak-idle-plan\",\"config\":{\"access\":{\"type\":\"zhipu-account\",\"entitled\":false}}}],{\"account:zai-individual-coding-plan\":{\"availability\":\"unavailable\",\"entitled\":false,\"unavailableReason\":\"not-connected\",\"current\":false,\"connectionKey\":\"41717a7a173a5e88981ed3b30d6c754715277dce3b302a8e7b1386cdf57b9b4c\"},\"account:zai-team-coding-plan\":{\"availability\":\"unavailable\",\"entitled\":false,\"unavailableReason\":\"not-connected\",\"current\":false,\"connectionKey\":\"41717a7a173a5e88981ed3b30d6c754715277dce3b302a8e7b1386cdf57b9b4c\"},\"account:zai-start-plan\":{\"availability\":\"unavailable\",\"entitled\":false,\"unavailableReason\":\"not-connected\",\"current\":false,\"connectionKey\":\"b20a8f39ea1865b9bdbc4f21e0774500034895a93cdf0c737917b6532ebedcea\"},\"account:bigmodel-individual-coding-plan\":{\"availability\":\"unavailable\",\"entitled\":false,\"unavailableReason\":\"not-connected\",\"current\":false,\"connectionKey\":\"145736c8450a04bf4ba21aee47794f53d87ea79c5dc4cc5b9f27fbf5b6038d53\"},\"account:bigmodel-team-coding-plan\":{\"availability\":\"unavailable\",\"entitled\":false,\"unavailableReason\":\"not-connected\",\"current\":false,\"connectionKey\":\"145736c8450a04bf4ba21aee47794f53d87ea79c5dc4cc5b9f27fbf5b6038d53\"},\"account:bigmodel-start-plan\":{\"availability\":\"unavailable\",\"entitled\":false,\"unavailableReason\":\"not-connected\",\"current\":false,\"connectionKey\":\"116fde2fcda0bb10f88164a63caadb0a0ec8611edcf75b35a9924684f9ba84bd\"},\"account:zai-offpeak-idle-plan\":{\"availability\":\"unavailable\",\"entitled\":false},\"account:bigmodel-offpeak-idle-plan\":{\"availability\":\"unavailable\",\"entitled\":false}}]","status":"received"}
[2026-09-28 11:30:12.693] [pid:45324] [main] [host-log] (local-1) [host] [2026-09-28 11:30:12.692] [pid:38596] [zcode-agent-service] provider/model 就绪后已启动等待中的 ZCode agent {"providerCount":1,"reason":"model_selection_changed","revision":"model-selection:1","workspaceKey":"C:\\Users\\USER\\Desktop\\Personal\\ZCode\\.tmp\\z1-native-1790566207584-b096d1\\workspace","workspacePath":"C:\\Users\\USER\\Desktop\\Personal\\ZCode\\.tmp\\z1-native-1790566207584-b096d1\\workspace"}
[Z1 child] [2026-09-28 11:30:12.754] [pid:38596] [zcode-host] [rpc:listen] graphEngineering.onDidChange subscribed
[2026-09-28 11:30:12.755] [pid:45324] [main] [host-log] (local-1) [host] [2026-09-28 11:30:12.754] [pid:38596] [zcode-host] [rpc:listen] graphEngineering.onDidChange subscribed
[Z1 child] [2026-09-28 11:30:12.757] [pid:38596] [settingService] reading settings from: C:\Users\USER\Desktop\Personal\ZCode\.tmp\z1-native-1790566207584-b096d1\home\.zcode\v2\setting.json
[Z1 child] [2026-09-28 11:30:12.758] [pid:38596] [settingService] read result: {"recentProjects":[],"locale":"zh-CN","localePreference":"en-US","terminalInheritSystemProfile":true,"embeddedBrowserAllowInsecureCertificates":false,"embeddedBrowserViewportPreference":{"mode":"normal","viewport":{"width":393,"height":852},"zoom":"fit"},"computerUseComposerEntryHidden":true,"taskAutoArchiveEnabled":false,"taskAutoArchiveOlderThanDays":7,"closeToTrayOnWindows":false,"closeToTrayOnWindowsMigrationInitialized":true,"keepAwakeWhileRunning":false,"desktopChromiumHardwareAccelerationEnabled":true,"messageStreamShowReasoning":true,"messageStreamShowReasoningMigrationInitialized":true,"messageStreamShowTodos":false,"toolGroupingExploreEnabled":true,"toolGroupingTerminalEnabled":true,"toolGroupingChangesEnabled":false,"zcodeInteractionBehavior":"queue","askUserQuestionAutoResolutionEnabled":false,"modelIoFullRetentionEnabled":false,"startPlanRecommendationDismissed":false,"providerFamilyConnectionSelections":{},"providerFamilyDomain":"zai","providerFamilyDomainMigrated":true,"nativeSearchEnhancementsEnabled":true,"memoryEnabled":false,"lastWorkspaceSession":[{"kind":"local","workspacePath":"C:\\Users\\USER\\Desktop\\Personal\\ZCode\\.tmp\\z1-native-1790566207584-b096d1\\workspace","workspacePurpose":"project"},{"kind":"local","workspacePath":"C:\\Users\\USER\\Desktop\\Personal\\ZCode\\.tmp\\z1-native-1790566207584-b096d1\\data\\.zcode\\workspace\\default","workspacePurpose":"conversation"}],"lastActiveTabIndex":0,"receivePreviewUpdates":false,"autoDownloadAndInstallUpdates":false,"skippedElectronUpdateVersions":{},"settingsSyncFirstRunPromptHandled":true}
[Z1 child] [2026-09-28 11:30:12.759] [pid:38596] [zcode-host] [rpc:call] graphEngineering.getWorkspace OK (4.4ms)
[2026-09-28 11:30:12.759] [pid:45324] [main] [host-log] (local-1) [host] [2026-09-28 11:30:12.759] [pid:38596] [zcode-host] [rpc:call] graphEngineering.getWorkspace OK (4.4ms)
[Z1 child] [2026-09-28 11:30:12.763] [pid:38596] [zcode-agent-service] ZCode Protocol workspace/readPresentation 完成 {
  durationMs: 419,
  slashCommandCount: 4,
  workspaceKey: 'C:\\Users\\USER\\Desktop\\Personal\\ZCode\\.tmp\\z1-native-1790566207584-b096d1\\workspace',
  workspacePath: 'C:\\Users\\USER\\Desktop\\Personal\\ZCode\\.tmp\\z1-native-1790566207584-b096d1\\workspace'
}
[2026-09-28 11:30:12.763] [pid:38596] [zcode-host] [rpc:call] zcode-session.readWorkspacePresentation OK (418.5ms)
[2026-09-28 11:30:12.763] [pid:45324] [main] [host-log] (local-1) [host] [2026-09-28 11:30:12.763] [pid:38596] [zcode-agent-service] ZCode Protocol workspace/readPresentation 完成 {"durationMs":419,"slashCommandCount":4,"workspaceKey":"C:\\Users\\USER\\Desktop\\Personal\\ZCode\\.tmp\\z1-native-1790566207584-b096d1\\workspace","workspacePath":"C:\\Users\\USER\\Desktop\\Personal\\ZCode\\.tmp\\z1-native-1790566207584-b096d1\\workspace"}
[2026-09-28 11:30:12.764] [pid:45324] [main] [host-log] (local-1) [host] [2026-09-28 11:30:12.763] [pid:38596] [zcode-host] [rpc:call] zcode-session.readWorkspacePresentation OK (418.5ms)
[Z1 child] [2026-09-28 11:30:12.767] [pid:38596] [settingService] reading settings from: C:\Users\USER\Desktop\Personal\ZCode\.tmp\z1-native-1790566207584-b096d1\home\.zcode\v2\setting.json
[Z1 child] [2026-09-28 11:30:12.767] [pid:38596] [settingService] read result: {"recentProjects":[],"locale":"zh-CN","localePreference":"en-US","terminalInheritSystemProfile":true,"embeddedBrowserAllowInsecureCertificates":false,"embeddedBrowserViewportPreference":{"mode":"normal","viewport":{"width":393,"height":852},"zoom":"fit"},"computerUseComposerEntryHidden":true,"taskAutoArchiveEnabled":false,"taskAutoArchiveOlderThanDays":7,"closeToTrayOnWindows":false,"closeToTrayOnWindowsMigrationInitialized":true,"keepAwakeWhileRunning":false,"desktopChromiumHardwareAccelerationEnabled":true,"messageStreamShowReasoning":true,"messageStreamShowReasoningMigrationInitialized":true,"messageStreamShowTodos":false,"toolGroupingExploreEnabled":true,"toolGroupingTerminalEnabled":true,"toolGroupingChangesEnabled":false,"zcodeInteractionBehavior":"queue","askUserQuestionAutoResolutionEnabled":false,"modelIoFullRetentionEnabled":false,"startPlanRecommendationDismissed":false,"providerFamilyConnectionSelections":{},"providerFamilyDomain":"zai","providerFamilyDomainMigrated":true,"nativeSearchEnhancementsEnabled":true,"memoryEnabled":false,"lastWorkspaceSession":[{"kind":"local","workspacePath":"C:\\Users\\USER\\Desktop\\Personal\\ZCode\\.tmp\\z1-native-1790566207584-b096d1\\workspace","workspacePurpose":"project"},{"kind":"local","workspacePath":"C:\\Users\\USER\\Desktop\\Personal\\ZCode\\.tmp\\z1-native-1790566207584-b096d1\\data\\.zcode\\workspace\\default","workspacePurpose":"conversation"}],"lastActiveTabIndex":0,"receivePreviewUpdates":false,"autoDownloadAndInstallUpdates":false,"skippedElectronUpdateVersions":{},"settingsSyncFirstRunPromptHandled":true}
[Z1 child] [2026-09-28 11:30:12.770] [pid:38596] [settingService] reading settings from: C:\Users\USER\Desktop\Personal\ZCode\.tmp\z1-native-1790566207584-b096d1\home\.zcode\v2\setting.json
[Z1 child] [2026-09-28 11:30:12.770] [pid:38596] [settingService] read result: {"recentProjects":[],"locale":"zh-CN","localePreference":"en-US","terminalInheritSystemProfile":true,"embeddedBrowserAllowInsecureCertificates":false,"embeddedBrowserViewportPreference":{"mode":"normal","viewport":{"width":393,"height":852},"zoom":"fit"},"computerUseComposerEntryHidden":true,"taskAutoArchiveEnabled":false,"taskAutoArchiveOlderThanDays":7,"closeToTrayOnWindows":false,"closeToTrayOnWindowsMigrationInitialized":true,"keepAwakeWhileRunning":false,"desktopChromiumHardwareAccelerationEnabled":true,"messageStreamShowReasoning":true,"messageStreamShowReasoningMigrationInitialized":true,"messageStreamShowTodos":false,"toolGroupingExploreEnabled":true,"toolGroupingTerminalEnabled":true,"toolGroupingChangesEnabled":false,"zcodeInteractionBehavior":"queue","askUserQuestionAutoResolutionEnabled":false,"modelIoFullRetentionEnabled":false,"startPlanRecommendationDismissed":false,"providerFamilyConnectionSelections":{},"providerFamilyDomain":"zai","providerFamilyDomainMigrated":true,"nativeSearchEnhancementsEnabled":true,"memoryEnabled":false,"lastWorkspaceSession":[{"kind":"local","workspacePath":"C:\\Users\\USER\\Desktop\\Personal\\ZCode\\.tmp\\z1-native-1790566207584-b096d1\\workspace","workspacePurpose":"project"},{"kind":"local","workspacePath":"C:\\Users\\USER\\Desktop\\Personal\\ZCode\\.tmp\\z1-native-1790566207584-b096d1\\data\\.zcode\\workspace\\default","workspacePurpose":"conversation"}],"lastActiveTabIndex":0,"receivePreviewUpdates":false,"autoDownloadAndInstallUpdates":false,"skippedElectronUpdateVersions":{},"settingsSyncFirstRunPromptHandled":true}
[2026-09-28 11:30:12.770] [pid:38596] [zcode-host] [rpc:call] setting.get OK (0.5ms)
[2026-09-28 11:30:12.770] [pid:45324] [main] [host-log] (local-1) [host] [2026-09-28 11:30:12.770] [pid:38596] [zcode-host] [rpc:call] setting.get OK (0.5ms)
[Z1 child] [2026-09-28 11:30:12.777] [pid:38596] [zcode-host] [rpc:listen] model-selection.onDidChange subscribed
[2026-09-28 11:30:12.778] [pid:45324] [main] [host-log] (local-1) [host] [2026-09-28 11:30:12.777] [pid:38596] [zcode-host] [rpc:listen] model-selection.onDidChange subscribed
[Z1 child] [2026-09-28 11:30:12.778] [pid:38596] [zcode-host] [rpc:call] model-selection.getView OK (0.7ms)
[2026-09-28 11:30:12.779] [pid:45324] [main] [host-log] (local-1) [host] [2026-09-28 11:30:12.778] [pid:38596] [zcode-host] [rpc:call] model-selection.getView OK (0.7ms)
[Z1 child] [2026-09-28 11:30:12.780] [pid:38596] [zcode-host] [rpc:call] graphEngineering.validateDefinition OK (1.1ms)
[2026-09-28 11:30:12.780] [pid:45324] [main] [host-log] (local-1) [host] [2026-09-28 11:30:12.780] [pid:38596] [zcode-host] [rpc:call] graphEngineering.validateDefinition OK (1.1ms)
[Z1 child] [2026-09-28 11:30:12.829] [pid:38596] [zcode-host] [rpc:call] zcode-agent.sendConversationCommandV4 OK (475.9ms)
[2026-09-28 11:30:12.830] [pid:45324] [main] [host-log] (local-1) [host] [2026-09-28 11:30:12.829] [pid:38596] [zcode-host] [rpc:call] zcode-agent.sendConversationCommandV4 OK (475.9ms)
[Z1 child] [2026-09-28 11:30:12.842] [pid:38596] [zcode-host] [rpc:call] zcode-agent.sendConversationCommandV4 OK (12.5ms)
[2026-09-28 11:30:12.843] [pid:45324] [main] [host-log] (local-1) [host] [2026-09-28 11:30:12.842] [pid:38596] [zcode-host] [rpc:call] zcode-agent.sendConversationCommandV4 OK (12.5ms)
[2026-09-28 11:30:12.901] [pid:45324] [main] [stability] perf_app_start reported
[Z1 child] [2026-09-28 11:30:12.904] [pid:38596] [zcode-host] [rpc:call] graphWorkflow.list OK (2.4ms)
[2026-09-28 11:30:12.904] [pid:45324] [main] [host-log] (local-1) [host] [2026-09-28 11:30:12.904] [pid:38596] [zcode-host] [rpc:call] graphWorkflow.list OK (2.4ms)
[Z1 child] [2026-09-28 11:30:12.910] [pid:38596] [zcode-host] [rpc:call] graphEngineering.recipes OK (8.6ms)
[2026-09-28 11:30:12.911] [pid:45324] [main] [host-log] (local-1) [host] [2026-09-28 11:30:12.910] [pid:38596] [zcode-host] [rpc:call] graphEngineering.recipes OK (8.6ms)
[Z1 child] [2026-09-28 11:30:13.038] [pid:38596] [zcode-host] [rpc:call] graphEngineering.recipes OK (4.2ms)
[2026-09-28 11:30:13.038] [pid:45324] [main] [host-log] (local-1) [host] [2026-09-28 11:30:13.038] [pid:38596] [zcode-host] [rpc:call] graphEngineering.recipes OK (4.2ms)
[Z1 child] [2026-09-28 11:30:13.230] [pid:38596] [zcode-host] [rpc:call] graphWorkflow.instantiate OK (16.6ms)
[2026-09-28 11:30:13.230] [pid:45324] [main] [host-log] (local-1) [host] [2026-09-28 11:30:13.230] [pid:38596] [zcode-host] [rpc:call] graphWorkflow.instantiate OK (16.6ms)
[Z1 child] [2026-09-28 11:30:13.230] [pid:38596] [settingService] reading settings from: C:\Users\USER\Desktop\Personal\ZCode\.tmp\z1-native-1790566207584-b096d1\home\.zcode\v2\setting.json
[2026-09-28 11:30:13.231] [pid:38596] [settingService] read result: {"recentProjects":[],"locale":"zh-CN","localePreference":"en-US","terminalInheritSystemProfile":true,"embeddedBrowserAllowInsecureCertificates":false,"embeddedBrowserViewportPreference":{"mode":"normal","viewport":{"width":393,"height":852},"zoom":"fit"},"computerUseComposerEntryHidden":true,"taskAutoArchiveEnabled":false,"taskAutoArchiveOlderThanDays":7,"closeToTrayOnWindows":false,"closeToTrayOnWindowsMigrationInitialized":true,"keepAwakeWhileRunning":false,"desktopChromiumHardwareAccelerationEnabled":true,"messageStreamShowReasoning":true,"messageStreamShowReasoningMigrationInitialized":true,"messageStreamShowTodos":false,"toolGroupingExploreEnabled":true,"toolGroupingTerminalEnabled":true,"toolGroupingChangesEnabled":false,"zcodeInteractionBehavior":"queue","askUserQuestionAutoResolutionEnabled":false,"modelIoFullRetentionEnabled":false,"startPlanRecommendationDismissed":false,"providerFamilyConnectionSelections":{},"providerFamilyDomain":"zai","providerFamilyDomainMigrated":true,"nativeSearchEnhancementsEnabled":true,"memoryEnabled":false,"lastWorkspaceSession":[{"kind":"local","workspacePath":"C:\\Users\\USER\\Desktop\\Personal\\ZCode\\.tmp\\z1-native-1790566207584-b096d1\\workspace","workspacePurpose":"project"},{"kind":"local","workspacePath":"C:\\Users\\USER\\Desktop\\Personal\\ZCode\\.tmp\\z1-native-1790566207584-b096d1\\data\\.zcode\\workspace\\default","workspacePurpose":"conversation"}],"lastActiveTabIndex":0,"receivePreviewUpdates":false,"autoDownloadAndInstallUpdates":false,"skippedElectronUpdateVersions":{},"settingsSyncFirstRunPromptHandled":true}
[Z1 child] [2026-09-28 11:30:13.232] [pid:38596] [zcode-host] [rpc:call] graphEngineering.getWorkspace OK (1.3ms)
[2026-09-28 11:30:13.232] [pid:45324] [main] [host-log] (local-1) [host] [2026-09-28 11:30:13.232] [pid:38596] [zcode-host] [rpc:call] graphEngineering.getWorkspace OK (1.3ms)
[Z1 child] [2026-09-28 11:30:13.232] [pid:38596] [settingService] reading settings from: C:\Users\USER\Desktop\Personal\ZCode\.tmp\z1-native-1790566207584-b096d1\home\.zcode\v2\setting.json
[2026-09-28 11:30:13.232] [pid:38596] [settingService] read result: {"recentProjects":[],"locale":"zh-CN","localePreference":"en-US","terminalInheritSystemProfile":true,"embeddedBrowserAllowInsecureCertificates":false,"embeddedBrowserViewportPreference":{"mode":"normal","viewport":{"width":393,"height":852},"zoom":"fit"},"computerUseComposerEntryHidden":true,"taskAutoArchiveEnabled":false,"taskAutoArchiveOlderThanDays":7,"closeToTrayOnWindows":false,"closeToTrayOnWindowsMigrationInitialized":true,"keepAwakeWhileRunning":false,"desktopChromiumHardwareAccelerationEnabled":true,"messageStreamShowReasoning":true,"messageStreamShowReasoningMigrationInitialized":true,"messageStreamShowTodos":false,"toolGroupingExploreEnabled":true,"toolGroupingTerminalEnabled":true,"toolGroupingChangesEnabled":false,"zcodeInteractionBehavior":"queue","askUserQuestionAutoResolutionEnabled":false,"modelIoFullRetentionEnabled":false,"startPlanRecommendationDismissed":false,"providerFamilyConnectionSelections":{},"providerFamilyDomain":"zai","providerFamilyDomainMigrated":true,"nativeSearchEnhancementsEnabled":true,"memoryEnabled":false,"lastWorkspaceSession":[{"kind":"local","workspacePath":"C:\\Users\\USER\\Desktop\\Personal\\ZCode\\.tmp\\z1-native-1790566207584-b096d1\\workspace","workspacePurpose":"project"},{"kind":"local","workspacePath":"C:\\Users\\USER\\Desktop\\Personal\\ZCode\\.tmp\\z1-native-1790566207584-b096d1\\data\\.zcode\\workspace\\default","workspacePurpose":"conversation"}],"lastActiveTabIndex":0,"receivePreviewUpdates":false,"autoDownloadAndInstallUpdates":false,"skippedElectronUpdateVersions":{},"settingsSyncFirstRunPromptHandled":true}
[Z1 child] [2026-09-28 11:30:13.233] [pid:38596] [zcode-host] [rpc:call] graphEngineering.getWorkspace OK (2.2ms)
[2026-09-28 11:30:13.233] [pid:45324] [main] [host-log] (local-1) [host] [2026-09-28 11:30:13.233] [pid:38596] [zcode-host] [rpc:call] graphEngineering.getWorkspace OK (2.2ms)
[Z1 child] [2026-09-28 11:30:13.245] [pid:38596] [settingService] reading settings from: C:\Users\USER\Desktop\Personal\ZCode\.tmp\z1-native-1790566207584-b096d1\home\.zcode\v2\setting.json
[Z1 child] [2026-09-28 11:30:13.245] [pid:38596] [settingService] read result: {"recentProjects":[],"locale":"zh-CN","localePreference":"en-US","terminalInheritSystemProfile":true,"embeddedBrowserAllowInsecureCertificates":false,"embeddedBrowserViewportPreference":{"mode":"normal","viewport":{"width":393,"height":852},"zoom":"fit"},"computerUseComposerEntryHidden":true,"taskAutoArchiveEnabled":false,"taskAutoArchiveOlderThanDays":7,"closeToTrayOnWindows":false,"closeToTrayOnWindowsMigrationInitialized":true,"keepAwakeWhileRunning":false,"desktopChromiumHardwareAccelerationEnabled":true,"messageStreamShowReasoning":true,"messageStreamShowReasoningMigrationInitialized":true,"messageStreamShowTodos":false,"toolGroupingExploreEnabled":true,"toolGroupingTerminalEnabled":true,"toolGroupingChangesEnabled":false,"zcodeInteractionBehavior":"queue","askUserQuestionAutoResolutionEnabled":false,"modelIoFullRetentionEnabled":false,"startPlanRecommendationDismissed":false,"providerFamilyConnectionSelections":{},"providerFamilyDomain":"zai","providerFamilyDomainMigrated":true,"nativeSearchEnhancementsEnabled":true,"memoryEnabled":false,"lastWorkspaceSession":[{"kind":"local","workspacePath":"C:\\Users\\USER\\Desktop\\Personal\\ZCode\\.tmp\\z1-native-1790566207584-b096d1\\workspace","workspacePurpose":"project"},{"kind":"local","workspacePath":"C:\\Users\\USER\\Desktop\\Personal\\ZCode\\.tmp\\z1-native-1790566207584-b096d1\\data\\.zcode\\workspace\\default","workspacePurpose":"conversation"}],"lastActiveTabIndex":0,"receivePreviewUpdates":false,"autoDownloadAndInstallUpdates":false,"skippedElectronUpdateVersions":{},"settingsSyncFirstRunPromptHandled":true}
[2026-09-28 11:30:13.245] [pid:38596] [zcode-host] [rpc:call] setting.get OK (0.6ms)
[2026-09-28 11:30:13.245] [pid:45324] [main] [host-log] (local-1) [host] [2026-09-28 11:30:13.245] [pid:38596] [zcode-host] [rpc:call] setting.get OK (0.6ms)
[Z1 child] [2026-09-28 11:30:13.251] [pid:38596] [zcode-host] [rpc:call] graphEngineering.validateDefinition OK (0.5ms)
[2026-09-28 11:30:13.251] [pid:45324] [main] [host-log] (local-1) [host] [2026-09-28 11:30:13.251] [pid:38596] [zcode-host] [rpc:call] graphEngineering.validateDefinition OK (0.5ms)
[Z1 child] [2026-09-28 11:30:13.298] [pid:38596] [zcode-host] [rpc:call] graphWorkflow.list OK (0.9ms)
[2026-09-28 11:30:13.298] [pid:45324] [main] [host-log] (local-1) [host] [2026-09-28 11:30:13.298] [pid:38596] [zcode-host] [rpc:call] graphWorkflow.list OK (0.9ms)
[Z1 child] [2026-09-28 11:30:13.704] [pid:38596] [zcode-host] [rpc:call] graphWorkflow.projectSetup OK (0.4ms)
[2026-09-28 11:30:13.704] [pid:45324] [main] [host-log] (local-1) [host] [2026-09-28 11:30:13.704] [pid:38596] [zcode-host] [rpc:call] graphWorkflow.projectSetup OK (0.4ms)
[Z1 child] [2026-09-28 11:30:13.730] [pid:38596] [zcode-host] [rpc:call] graphEngineering.recipes OK (22.6ms)
[2026-09-28 11:30:13.731] [pid:45324] [main] [host-log] (local-1) [host] [2026-09-28 11:30:13.730] [pid:38596] [zcode-host] [rpc:call] graphEngineering.recipes OK (22.6ms)
[Z1 child] [2026-09-28 11:30:13.731] [pid:38596] [settingService] reading settings from: C:\Users\USER\Desktop\Personal\ZCode\.tmp\z1-native-1790566207584-b096d1\home\.zcode\v2\setting.json
[2026-09-28 11:30:13.731] [pid:38596] [settingService] read result: {"recentProjects":[],"locale":"zh-CN","localePreference":"en-US","terminalInheritSystemProfile":true,"embeddedBrowserAllowInsecureCertificates":false,"embeddedBrowserViewportPreference":{"mode":"normal","viewport":{"width":393,"height":852},"zoom":"fit"},"computerUseComposerEntryHidden":true,"taskAutoArchiveEnabled":false,"taskAutoArchiveOlderThanDays":7,"closeToTrayOnWindows":false,"closeToTrayOnWindowsMigrationInitialized":true,"keepAwakeWhileRunning":false,"desktopChromiumHardwareAccelerationEnabled":true,"messageStreamShowReasoning":true,"messageStreamShowReasoningMigrationInitialized":true,"messageStreamShowTodos":false,"toolGroupingExploreEnabled":true,"toolGroupingTerminalEnabled":true,"toolGroupingChangesEnabled":false,"zcodeInteractionBehavior":"queue","askUserQuestionAutoResolutionEnabled":false,"modelIoFullRetentionEnabled":false,"startPlanRecommendationDismissed":false,"providerFamilyConnectionSelections":{},"providerFamilyDomain":"zai","providerFamilyDomainMigrated":true,"nativeSearchEnhancementsEnabled":true,"memoryEnabled":false,"lastWorkspaceSession":[{"kind":"local","workspacePath":"C:\\Users\\USER\\Desktop\\Personal\\ZCode\\.tmp\\z1-native-1790566207584-b096d1\\workspace","workspacePurpose":"project"},{"kind":"local","workspacePath":"C:\\Users\\USER\\Desktop\\Personal\\ZCode\\.tmp\\z1-native-1790566207584-b096d1\\data\\.zcode\\workspace\\default","workspacePurpose":"conversation"}],"lastActiveTabIndex":0,"receivePreviewUpdates":false,"autoDownloadAndInstallUpdates":false,"skippedElectronUpdateVersions":{},"settingsSyncFirstRunPromptHandled":true}
[Z1 child] [2026-09-28 11:30:13.732] [pid:38596] [zcode-host] [rpc:call] graphEngineering.getWorkspace OK (1.3ms)
[2026-09-28 11:30:13.732] [pid:45324] [main] [host-log] (local-1) [host] [2026-09-28 11:30:13.732] [pid:38596] [zcode-host] [rpc:call] graphEngineering.getWorkspace OK (1.3ms)
[Z1 child] [2026-09-28 11:30:13.768] [pid:38596] [zcode-host] [rpc:call] graphWorkflow.projectSetup OK (0.3ms)
[2026-09-28 11:30:13.769] [pid:45324] [main] [host-log] (local-1) [host] [2026-09-28 11:30:13.768] [pid:38596] [zcode-host] [rpc:call] graphWorkflow.projectSetup OK (0.3ms)
[Z1 child] [2026-09-28 11:30:13.800] [pid:38596] [zcode-host] [rpc:call] graphEngineering.recipes OK (28.2ms)
[2026-09-28 11:30:13.801] [pid:45324] [main] [host-log] (local-1) [host] [2026-09-28 11:30:13.800] [pid:38596] [zcode-host] [rpc:call] graphEngineering.recipes OK (28.2ms)
[Z1 child] [2026-09-28 11:30:13.801] [pid:38596] [settingService] reading settings from: C:\Users\USER\Desktop\Personal\ZCode\.tmp\z1-native-1790566207584-b096d1\home\.zcode\v2\setting.json
[2026-09-28 11:30:13.801] [pid:38596] [settingService] read result: {"recentProjects":[],"locale":"zh-CN","localePreference":"en-US","terminalInheritSystemProfile":true,"embeddedBrowserAllowInsecureCertificates":false,"embeddedBrowserViewportPreference":{"mode":"normal","viewport":{"width":393,"height":852},"zoom":"fit"},"computerUseComposerEntryHidden":true,"taskAutoArchiveEnabled":false,"taskAutoArchiveOlderThanDays":7,"closeToTrayOnWindows":false,"closeToTrayOnWindowsMigrationInitialized":true,"keepAwakeWhileRunning":false,"desktopChromiumHardwareAccelerationEnabled":true,"messageStreamShowReasoning":true,"messageStreamShowReasoningMigrationInitialized":true,"messageStreamShowTodos":false,"toolGroupingExploreEnabled":true,"toolGroupingTerminalEnabled":true,"toolGroupingChangesEnabled":false,"zcodeInteractionBehavior":"queue","askUserQuestionAutoResolutionEnabled":false,"modelIoFullRetentionEnabled":false,"startPlanRecommendationDismissed":false,"providerFamilyConnectionSelections":{},"providerFamilyDomain":"zai","providerFamilyDomainMigrated":true,"nativeSearchEnhancementsEnabled":true,"memoryEnabled":false,"lastWorkspaceSession":[{"kind":"local","workspacePath":"C:\\Users\\USER\\Desktop\\Personal\\ZCode\\.tmp\\z1-native-1790566207584-b096d1\\workspace","workspacePurpose":"project"},{"kind":"local","workspacePath":"C:\\Users\\USER\\Desktop\\Personal\\ZCode\\.tmp\\z1-native-1790566207584-b096d1\\data\\.zcode\\workspace\\default","workspacePurpose":"conversation"}],"lastActiveTabIndex":0,"receivePreviewUpdates":false,"autoDownloadAndInstallUpdates":false,"skippedElectronUpdateVersions":{},"settingsSyncFirstRunPromptHandled":true}
[Z1 child] [2026-09-28 11:30:13.802] [pid:38596] [zcode-host] [rpc:call] graphEngineering.getWorkspace OK (1.3ms)
[2026-09-28 11:30:13.804] [pid:45324] [main] [host-log] (local-1) [host] [2026-09-28 11:30:13.802] [pid:38596] [zcode-host] [rpc:call] graphEngineering.getWorkspace OK (1.3ms)
[2026-09-28 11:30:13.807] [pid:45324] [settingService] writing settings to: C:\Users\USER\Desktop\Personal\ZCode\.tmp\z1-native-1790566207584-b096d1\home\.zcode\v2\setting.json {"recentProjects":[],"locale":"zh-CN","localePreference":"en-US","terminalInheritSystemProfile":true,"embeddedBrowserAllowInsecureCertificates":false,"embeddedBrowserViewportPreference":{"mode":"normal","viewport":{"width":393,"height":852},"zoom":"fit"},"computerUseComposerEntryHidden":true,"taskAutoArchiveEnabled":false,"taskAutoArchiveOlderThanDays":7,"closeToTrayOnWindows":false,"closeToTrayOnWindowsMigrationInitialized":true,"keepAwakeWhileRunning":false,"desktopWindowSize":{"width":1920,"height":1080,"maximized":false},"desktopChromiumHardwareAccelerationEnabled":true,"messageStreamShowReasoning":true,"messageStreamShowReasoningMigrationInitialized":true,"messageStreamShowTodos":false,"toolGroupingExploreEnabled":true,"toolGroupingTerminalEnabled":true,"toolGroupingChangesEnabled":false,"zcodeInteractionBehavior":"queue","askUserQuestionAutoResolutionEnabled":false,"modelIoFullRetentionEnabled":false,"startPlanRecommendationDismissed":false,"providerFamilyConnectionSelections":{},"providerFamilyDomain":"zai","providerFamilyDomainMigrated":true,"nativeSearchEnhancementsEnabled":true,"memoryEnabled":false,"lastWorkspaceSession":[{"kind":"local","workspacePath":"C:\\Users\\USER\\Desktop\\Personal\\ZCode\\.tmp\\z1-native-1790566207584-b096d1\\workspace","workspacePurpose":"project"},{"kind":"local","workspacePath":"C:\\Users\\USER\\Desktop\\Personal\\ZCode\\.tmp\\z1-native-1790566207584-b096d1\\data\\.zcode\\workspace\\default","workspacePurpose":"conversation"}],"lastActiveTabIndex":0,"receivePreviewUpdates":false,"autoDownloadAndInstallUpdates":false,"skippedElectronUpdateVersions":{},"settingsSyncFirstRunPromptHandled":true}
[2026-09-28 11:30:13.823] [pid:45324] [settingService] write done
[Z1 child] [2026-09-28 11:30:14.146] [pid:38596] [settingService] reading settings from: C:\Users\USER\Desktop\Personal\ZCode\.tmp\z1-native-1790566207584-b096d1\home\.zcode\v2\setting.json
[Z1 child] [2026-09-28 11:30:14.147] [pid:38596] [settingService] read result: {"recentProjects":[],"locale":"zh-CN","localePreference":"en-US","terminalInheritSystemProfile":true,"embeddedBrowserAllowInsecureCertificates":false,"embeddedBrowserViewportPreference":{"mode":"normal","viewport":{"width":393,"height":852},"zoom":"fit"},"computerUseComposerEntryHidden":true,"taskAutoArchiveEnabled":false,"taskAutoArchiveOlderThanDays":7,"closeToTrayOnWindows":false,"closeToTrayOnWindowsMigrationInitialized":true,"keepAwakeWhileRunning":false,"desktopWindowSize":{"width":1920,"height":1080,"maximized":false},"desktopChromiumHardwareAccelerationEnabled":true,"messageStreamShowReasoning":true,"messageStreamShowReasoningMigrationInitialized":true,"messageStreamShowTodos":false,"toolGroupingExploreEnabled":true,"toolGroupingTerminalEnabled":true,"toolGroupingChangesEnabled":false,"zcodeInteractionBehavior":"queue","askUserQuestionAutoResolutionEnabled":false,"modelIoFullRetentionEnabled":false,"startPlanRecommendationDismissed":false,"providerFamilyConnectionSelections":{},"providerFamilyDomain":"zai","providerFamilyDomainMigrated":true,"nativeSearchEnhancementsEnabled":true,"memoryEnabled":false,"lastWorkspaceSession":[{"kind":"local","workspacePath":"C:\\Users\\USER\\Desktop\\Personal\\ZCode\\.tmp\\z1-native-1790566207584-b096d1\\workspace","workspacePurpose":"project"},{"kind":"local","workspacePath":"C:\\Users\\USER\\Desktop\\Personal\\ZCode\\.tmp\\z1-native-1790566207584-b096d1\\data\\.zcode\\workspace\\default","workspacePurpose":"conversation"}],"lastActiveTabIndex":0,"receivePreviewUpdates":false,"autoDownloadAndInstallUpdates":false,"skippedElectronUpdateVersions":{},"settingsSyncFirstRunPromptHandled":true}
[2026-09-28 11:30:14.147] [pid:38596] [zcode-host] [rpc:call] setting.get OK (1.0ms)
[2026-09-28 11:30:14.147] [pid:45324] [main] [host-log] (local-1) [host] [2026-09-28 11:30:14.147] [pid:38596] [zcode-host] [rpc:call] setting.get OK (1.0ms)
[2026-09-28 11:30:14.306] [pid:45324] [settingService] writing settings to: C:\Users\USER\Desktop\Personal\ZCode\.tmp\z1-native-1790566207584-b096d1\home\.zcode\v2\setting.json {"recentProjects":[],"locale":"zh-CN","localePreference":"en-US","terminalInheritSystemProfile":true,"embeddedBrowserAllowInsecureCertificates":false,"embeddedBrowserViewportPreference":{"mode":"normal","viewport":{"width":393,"height":852},"zoom":"fit"},"computerUseComposerEntryHidden":true,"taskAutoArchiveEnabled":false,"taskAutoArchiveOlderThanDays":7,"closeToTrayOnWindows":false,"closeToTrayOnWindowsMigrationInitialized":true,"keepAwakeWhileRunning":false,"desktopWindowSize":{"width":1920,"height":1080,"maximized":false},"desktopChromiumHardwareAccelerationEnabled":true,"messageStreamShowReasoning":true,"messageStreamShowReasoningMigrationInitialized":true,"messageStreamShowTodos":false,"toolGroupingExploreEnabled":true,"toolGroupingTerminalEnabled":true,"toolGroupingChangesEnabled":false,"zcodeInteractionBehavior":"queue","askUserQuestionAutoResolutionEnabled":false,"modelIoFullRetentionEnabled":false,"startPlanRecommendationDismissed":false,"providerFamilyConnectionSelections":{},"providerFamilyDomain":"zai","providerFamilyDomainMigrated":true,"nativeSearchEnhancementsEnabled":true,"memoryEnabled":false,"lastWorkspaceSession":[{"kind":"local","workspacePath":"C:\\Users\\USER\\Desktop\\Personal\\ZCode\\.tmp\\z1-native-1790566207584-b096d1\\workspace","workspacePurpose":"project"},{"kind":"local","workspacePath":"C:\\Users\\USER\\Desktop\\Personal\\ZCode\\.tmp\\z1-native-1790566207584-b096d1\\data\\.zcode\\workspace\\default","workspacePurpose":"conversation"}],"lastActiveTabIndex":0,"receivePreviewUpdates":false,"autoDownloadAndInstallUpdates":false,"skippedElectronUpdateVersions":{},"settingsSyncFirstRunPromptHandled":true}
[2026-09-28 11:30:14.314] [pid:45324] [settingService] write done
[Z1 child] [2026-09-28 11:30:14.810] [pid:38596] [zcode-host] [rpc:call] graphEngineering.saveDefinition OK (2.3ms)
[2026-09-28 11:30:14.811] [pid:45324] [main] [host-log] (local-1) [host] [2026-09-28 11:30:14.810] [pid:38596] [zcode-host] [rpc:call] graphEngineering.saveDefinition OK (2.3ms)
[2026-09-28 11:30:14.821] [pid:45324] [settingService] writing settings to: C:\Users\USER\Desktop\Personal\ZCode\.tmp\z1-native-1790566207584-b096d1\home\.zcode\v2\setting.json {"recentProjects":[],"locale":"zh-CN","localePreference":"en-US","terminalInheritSystemProfile":true,"embeddedBrowserAllowInsecureCertificates":false,"embeddedBrowserViewportPreference":{"mode":"normal","viewport":{"width":393,"height":852},"zoom":"fit"},"computerUseComposerEntryHidden":true,"taskAutoArchiveEnabled":false,"taskAutoArchiveOlderThanDays":7,"closeToTrayOnWindows":false,"closeToTrayOnWindowsMigrationInitialized":true,"keepAwakeWhileRunning":false,"desktopWindowSize":{"width":1920,"height":1080,"maximized":false},"desktopChromiumHardwareAccelerationEnabled":true,"messageStreamShowReasoning":true,"messageStreamShowReasoningMigrationInitialized":true,"messageStreamShowTodos":false,"toolGroupingExploreEnabled":true,"toolGroupingTerminalEnabled":true,"toolGroupingChangesEnabled":false,"zcodeInteractionBehavior":"queue","askUserQuestionAutoResolutionEnabled":false,"modelIoFullRetentionEnabled":false,"startPlanRecommendationDismissed":false,"providerFamilyConnectionSelections":{},"providerFamilyDomain":"zai","providerFamilyDomainMigrated":true,"nativeSearchEnhancementsEnabled":true,"memoryEnabled":false,"lastWorkspaceSession":[{"kind":"local","workspacePath":"C:\\Users\\USER\\Desktop\\Personal\\ZCode\\.tmp\\z1-native-1790566207584-b096d1\\workspace","workspacePurpose":"project"},{"kind":"local","workspacePath":"C:\\Users\\USER\\Desktop\\Personal\\ZCode\\.tmp\\z1-native-1790566207584-b096d1\\data\\.zcode\\workspace\\default","workspacePurpose":"conversation"}],"lastActiveTabIndex":0,"receivePreviewUpdates":false,"autoDownloadAndInstallUpdates":false,"skippedElectronUpdateVersions":{},"settingsSyncFirstRunPromptHandled":true}
[Z1 child] [2026-09-28 11:30:14.821] [pid:38596] [settingService] reading settings from: C:\Users\USER\Desktop\Personal\ZCode\.tmp\z1-native-1790566207584-b096d1\home\.zcode\v2\setting.json
[Z1 child] [2026-09-28 11:30:14.821] [pid:38596] [settingService] read result: {"recentProjects":[],"locale":"zh-CN","localePreference":"en-US","terminalInheritSystemProfile":true,"embeddedBrowserAllowInsecureCertificates":false,"embeddedBrowserViewportPreference":{"mode":"normal","viewport":{"width":393,"height":852},"zoom":"fit"},"computerUseComposerEntryHidden":true,"taskAutoArchiveEnabled":false,"taskAutoArchiveOlderThanDays":7,"closeToTrayOnWindows":false,"closeToTrayOnWindowsMigrationInitialized":true,"keepAwakeWhileRunning":false,"desktopWindowSize":{"width":1920,"height":1080,"maximized":false},"desktopChromiumHardwareAccelerationEnabled":true,"messageStreamShowReasoning":true,"messageStreamShowReasoningMigrationInitialized":true,"messageStreamShowTodos":false,"toolGroupingExploreEnabled":true,"toolGroupingTerminalEnabled":true,"toolGroupingChangesEnabled":false,"zcodeInteractionBehavior":"queue","askUserQuestionAutoResolutionEnabled":false,"modelIoFullRetentionEnabled":false,"startPlanRecommendationDismissed":false,"providerFamilyConnectionSelections":{},"providerFamilyDomain":"zai","providerFamilyDomainMigrated":true,"nativeSearchEnhancementsEnabled":true,"memoryEnabled":false,"lastWorkspaceSession":[{"kind":"local","workspacePath":"C:\\Users\\USER\\Desktop\\Personal\\ZCode\\.tmp\\z1-native-1790566207584-b096d1\\workspace","workspacePurpose":"project"},{"kind":"local","workspacePath":"C:\\Users\\USER\\Desktop\\Personal\\ZCode\\.tmp\\z1-native-1790566207584-b096d1\\data\\.zcode\\workspace\\default","workspacePurpose":"conversation"}],"lastActiveTabIndex":0,"receivePreviewUpdates":false,"autoDownloadAndInstallUpdates":false,"skippedElectronUpdateVersions":{},"settingsSyncFirstRunPromptHandled":true}
[Z1 child] [2026-09-28 11:30:14.822] [pid:38596] [zcode-host] [rpc:call] graphEngineering.getWorkspace OK (1.5ms)
[2026-09-28 11:30:14.823] [pid:45324] [main] [host-log] (local-1) [host] [2026-09-28 11:30:14.822] [pid:38596] [zcode-host] [rpc:call] graphEngineering.getWorkspace OK (1.5ms)
[Z1 child] [2026-09-28 11:30:14.823] [pid:38596] [settingService] reading settings from: C:\Users\USER\Desktop\Personal\ZCode\.tmp\z1-native-1790566207584-b096d1\home\.zcode\v2\setting.json
[2026-09-28 11:30:14.823] [pid:38596] [settingService] read result: {"recentProjects":[],"locale":"zh-CN","localePreference":"en-US","terminalInheritSystemProfile":true,"embeddedBrowserAllowInsecureCertificates":false,"embeddedBrowserViewportPreference":{"mode":"normal","viewport":{"width":393,"height":852},"zoom":"fit"},"computerUseComposerEntryHidden":true,"taskAutoArchiveEnabled":false,"taskAutoArchiveOlderThanDays":7,"closeToTrayOnWindows":false,"closeToTrayOnWindowsMigrationInitialized":true,"keepAwakeWhileRunning":false,"desktopWindowSize":{"width":1920,"height":1080,"maximized":false},"desktopChromiumHardwareAccelerationEnabled":true,"messageStreamShowReasoning":true,"messageStreamShowReasoningMigrationInitialized":true,"messageStreamShowTodos":false,"toolGroupingExploreEnabled":true,"toolGroupingTerminalEnabled":true,"toolGroupingChangesEnabled":false,"zcodeInteractionBehavior":"queue","askUserQuestionAutoResolutionEnabled":false,"modelIoFullRetentionEnabled":false,"startPlanRecommendationDismissed":false,"providerFamilyConnectionSelections":{},"providerFamilyDomain":"zai","providerFamilyDomainMigrated":true,"nativeSearchEnhancementsEnabled":true,"memoryEnabled":false,"lastWorkspaceSession":[{"kind":"local","workspacePath":"C:\\Users\\USER\\Desktop\\Personal\\ZCode\\.tmp\\z1-native-1790566207584-b096d1\\workspace","workspacePurpose":"project"},{"kind":"local","workspacePath":"C:\\Users\\USER\\Desktop\\Personal\\ZCode\\.tmp\\z1-native-1790566207584-b096d1\\data\\.zcode\\workspace\\default","workspacePurpose":"conversation"}],"lastActiveTabIndex":0,"receivePreviewUpdates":false,"autoDownloadAndInstallUpdates":false,"skippedElectronUpdateVersions":{},"settingsSyncFirstRunPromptHandled":true}
[2026-09-28 11:30:14.833] [pid:45324] [main] [host-log] (local-1) [host] [2026-09-28 11:30:14.831] [pid:38596] [zcode-host] [rpc:call] graphEngineering.validateDefinition OK (0.5ms)
[Z1 child] [2026-09-28 11:30:14.831] [pid:38596] [zcode-host] [rpc:call] graphEngineering.validateDefinition OK (0.5ms)
[2026-09-28 11:30:14.836] [pid:45324] [settingService] write done
[Z1 child] [2026-09-28 11:30:14.869] [pid:38596] [zcode-host] [rpc:call] graphWorkflow.prepare OK (47.0ms)
[2026-09-28 11:30:14.869] [pid:45324] [main] [host-log] (local-1) [host] [2026-09-28 11:30:14.869] [pid:38596] [zcode-host] [rpc:call] graphWorkflow.prepare OK (47.0ms)
[Z1 child] [2026-09-28 11:30:14.870] [pid:38596] [settingService] reading settings from: C:\Users\USER\Desktop\Personal\ZCode\.tmp\z1-native-1790566207584-b096d1\home\.zcode\v2\setting.json
[Z1 child] [2026-09-28 11:30:14.870] [pid:38596] [settingService] read result: {"recentProjects":[],"locale":"zh-CN","localePreference":"en-US","terminalInheritSystemProfile":true,"embeddedBrowserAllowInsecureCertificates":false,"embeddedBrowserViewportPreference":{"mode":"normal","viewport":{"width":393,"height":852},"zoom":"fit"},"computerUseComposerEntryHidden":true,"taskAutoArchiveEnabled":false,"taskAutoArchiveOlderThanDays":7,"closeToTrayOnWindows":false,"closeToTrayOnWindowsMigrationInitialized":true,"keepAwakeWhileRunning":false,"desktopWindowSize":{"width":1920,"height":1080,"maximized":false},"desktopChromiumHardwareAccelerationEnabled":true,"messageStreamShowReasoning":true,"messageStreamShowReasoningMigrationInitialized":true,"messageStreamShowTodos":false,"toolGroupingExploreEnabled":true,"toolGroupingTerminalEnabled":true,"toolGroupingChangesEnabled":false,"zcodeInteractionBehavior":"queue","askUserQuestionAutoResolutionEnabled":false,"modelIoFullRetentionEnabled":false,"startPlanRecommendationDismissed":false,"providerFamilyConnectionSelections":{},"providerFamilyDomain":"zai","providerFamilyDomainMigrated":true,"nativeSearchEnhancementsEnabled":true,"memoryEnabled":false,"lastWorkspaceSession":[{"kind":"local","workspacePath":"C:\\Users\\USER\\Desktop\\Personal\\ZCode\\.tmp\\z1-native-1790566207584-b096d1\\workspace","workspacePurpose":"project"},{"kind":"local","workspacePath":"C:\\Users\\USER\\Desktop\\Personal\\ZCode\\.tmp\\z1-native-1790566207584-b096d1\\data\\.zcode\\workspace\\default","workspacePurpose":"conversation"}],"lastActiveTabIndex":0,"receivePreviewUpdates":false,"autoDownloadAndInstallUpdates":false,"skippedElectronUpdateVersions":{},"settingsSyncFirstRunPromptHandled":true}
[Z1 child] [2026-09-28 11:30:14.871] [pid:38596] [zcode-host] [rpc:call] graphEngineering.getWorkspace OK (1.1ms)
[2026-09-28 11:30:14.871] [pid:45324] [main] [host-log] (local-1) [host] [2026-09-28 11:30:14.871] [pid:38596] [zcode-host] [rpc:call] graphEngineering.getWorkspace OK (1.1ms)
[Z1 child] [2026-09-28 11:30:15.136] [pid:38596] [settingService] reading settings from: C:\Users\USER\Desktop\Personal\ZCode\.tmp\z1-native-1790566207584-b096d1\home\.zcode\v2\setting.json
[Z1 child] [2026-09-28 11:30:15.137] [pid:38596] [settingService] read result: {"recentProjects":[],"locale":"zh-CN","localePreference":"en-US","terminalInheritSystemProfile":true,"embeddedBrowserAllowInsecureCertificates":false,"embeddedBrowserViewportPreference":{"mode":"normal","viewport":{"width":393,"height":852},"zoom":"fit"},"computerUseComposerEntryHidden":true,"taskAutoArchiveEnabled":false,"taskAutoArchiveOlderThanDays":7,"closeToTrayOnWindows":false,"closeToTrayOnWindowsMigrationInitialized":true,"keepAwakeWhileRunning":false,"desktopWindowSize":{"width":1920,"height":1080,"maximized":false},"desktopChromiumHardwareAccelerationEnabled":true,"messageStreamShowReasoning":true,"messageStreamShowReasoningMigrationInitialized":true,"messageStreamShowTodos":false,"toolGroupingExploreEnabled":true,"toolGroupingTerminalEnabled":true,"toolGroupingChangesEnabled":false,"zcodeInteractionBehavior":"queue","askUserQuestionAutoResolutionEnabled":false,"modelIoFullRetentionEnabled":false,"startPlanRecommendationDismissed":false,"providerFamilyConnectionSelections":{},"providerFamilyDomain":"zai","providerFamilyDomainMigrated":true,"nativeSearchEnhancementsEnabled":true,"memoryEnabled":false,"lastWorkspaceSession":[{"kind":"local","workspacePath":"C:\\Users\\USER\\Desktop\\Personal\\ZCode\\.tmp\\z1-native-1790566207584-b096d1\\workspace","workspacePurpose":"project"},{"kind":"local","workspacePath":"C:\\Users\\USER\\Desktop\\Personal\\ZCode\\.tmp\\z1-native-1790566207584-b096d1\\data\\.zcode\\workspace\\default","workspacePurpose":"conversation"}],"lastActiveTabIndex":0,"receivePreviewUpdates":false,"autoDownloadAndInstallUpdates":false,"skippedElectronUpdateVersions":{},"settingsSyncFirstRunPromptHandled":true}
[Z1 child] [2026-09-28 11:30:15.268] [pid:38596] [zcode-agent-service] 开始初始化 ZCode agent {
  workspaceKey: 'C:\\Users\\USER\\Desktop\\Personal\\ZCode\\.tmp\\z1-native-1790566207584-b096d1\\workspace',
  workspacePath: 'C:\\Users\\USER\\Desktop\\Personal\\ZCode\\.tmp\\z1-native-1790566207584-b096d1\\workspace'
}
[2026-09-28 11:30:15.269] [pid:45324] [main] [host-log] (local-1) [host] [2026-09-28 11:30:15.268] [pid:38596] [zcode-agent-service] 开始初始化 ZCode agent {"workspaceKey":"C:\\Users\\USER\\Desktop\\Personal\\ZCode\\.tmp\\z1-native-1790566207584-b096d1\\workspace","workspacePath":"C:\\Users\\USER\\Desktop\\Personal\\ZCode\\.tmp\\z1-native-1790566207584-b096d1\\workspace"}
[2026-09-28 11:30:15.270] [pid:45324] [main] [host-log] (local-1) [host] [2026-09-28 11:30:15.269] [pid:38596] [zcode-agent-service] ZCode agent 初始化完成 {"durationMs":1,"transportKind":"stdio","workspaceKey":"C:\\Users\\USER\\Desktop\\Personal\\ZCode\\.tmp\\z1-native-1790566207584-b096d1\\workspace","workspacePath":"C:\\Users\\USER\\Desktop\\Personal\\ZCode\\.tmp\\z1-native-1790566207584-b096d1\\workspace"}
[2026-09-28 11:30:15.270] [pid:45324] [main] [host-log] (local-1) [host] [2026-09-28 11:30:15.269] [pid:38596] [zcode-session-service][trace:8c5150ee-d0be-47d1-b894-b45493a35c3e] [zcode-session-service] createSession 分配 session trace {"persistence":"deferred","workspacePath":"C:\\Users\\USER\\Desktop\\Personal\\ZCode\\.tmp\\z1-native-1790566207584-b096d1\\workspace"}
[2026-09-28 11:30:15.271] [pid:45324] [main] [host-log] (local-1) [host] [2026-09-28 11:30:15.269] [pid:38596] [zcode-agent-service][trace:8c5150ee-d0be-47d1-b894-b45493a35c3e] 开始请求 ZCode Protocol session/create {"hasInitialModel":true,"hasInitialThoughtLevel":false,"initialModel":"z1-local-fixture/z1-fixture$enabled","mcpServerCount":0,"mcpServerNames":[],"persistence":"deferred","workspaceKey":"C:\\Users\\USER\\Desktop\\Personal\\ZCode\\.tmp\\z1-native-1790566207584-b096d1\\workspace","workspacePath":"C:\\Users\\USER\\Desktop\\Personal\\ZCode\\.tmp\\z1-native-1790566207584-b096d1\\workspace"}
[Z1 child] [2026-09-28 11:30:15.269] [pid:38596] [zcode-agent-service] ZCode agent 初始化完成 {
  durationMs: 1,
  transportKind: 'stdio',
  workspaceKey: 'C:\\Users\\USER\\Desktop\\Personal\\ZCode\\.tmp\\z1-native-1790566207584-b096d1\\workspace',
  workspacePath: 'C:\\Users\\USER\\Desktop\\Personal\\ZCode\\.tmp\\z1-native-1790566207584-b096d1\\workspace'
}
[2026-09-28 11:30:15.269] [pid:38596] [zcode-session-service][trace:8c5150ee-d0be-47d1-b894-b45493a35c3e] [zcode-session-service] createSession 分配 session trace {
  persistence: 'deferred',
  workspaceIdentity: undefined,
  workspacePath: 'C:\\Users\\USER\\Desktop\\Personal\\ZCode\\.tmp\\z1-native-1790566207584-b096d1\\workspace'
}
[2026-09-28 11:30:15.269] [pid:38596] [zcode-agent-service][trace:8c5150ee-d0be-47d1-b894-b45493a35c3e] 开始请求 ZCode Protocol session/create {
  hasInitialModel: true,
  hasInitialThoughtLevel: false,
  initialModel: 'z1-local-fixture/z1-fixture$enabled',
  mcpServerCount: 0,
  mcpServerNames: [],
  persistence: 'deferred',
  workspaceKey: 'C:\\Users\\USER\\Desktop\\Personal\\ZCode\\.tmp\\z1-native-1790566207584-b096d1\\workspace',
  workspacePath: 'C:\\Users\\USER\\Desktop\\Personal\\ZCode\\.tmp\\z1-native-1790566207584-b096d1\\workspace'
}
[2026-09-28 11:30:15.271] [pid:38596] [settingService] reading settings from: C:\Users\USER\Desktop\Personal\ZCode\.tmp\z1-native-1790566207584-b096d1\home\.zcode\v2\setting.json
[2026-09-28 11:30:15.271] [pid:38596] [settingService] read result: {"recentProjects":[],"locale":"zh-CN","localePreference":"en-US","terminalInheritSystemProfile":true,"embeddedBrowserAllowInsecureCertificates":false,"embeddedBrowserViewportPreference":{"mode":"normal","viewport":{"width":393,"height":852},"zoom":"fit"},"computerUseComposerEntryHidden":true,"taskAutoArchiveEnabled":false,"taskAutoArchiveOlderThanDays":7,"closeToTrayOnWindows":false,"closeToTrayOnWindowsMigrationInitialized":true,"keepAwakeWhileRunning":false,"desktopWindowSize":{"width":1920,"height":1080,"maximized":false},"desktopChromiumHardwareAccelerationEnabled":true,"messageStreamShowReasoning":true,"messageStreamShowReasoningMigrationInitialized":true,"messageStreamShowTodos":false,"toolGroupingExploreEnabled":true,"toolGroupingTerminalEnabled":true,"toolGroupingChangesEnabled":false,"zcodeInteractionBehavior":"queue","askUserQuestionAutoResolutionEnabled":false,"modelIoFullRetentionEnabled":false,"startPlanRecommendationDismissed":false,"providerFamilyConnectionSelections":{},"providerFamilyDomain":"zai","providerFamilyDomainMigrated":true,"nativeSearchEnhancementsEnabled":true,"memoryEnabled":false,"lastWorkspaceSession":[{"kind":"local","workspacePath":"C:\\Users\\USER\\Desktop\\Personal\\ZCode\\.tmp\\z1-native-1790566207584-b096d1\\workspace","workspacePurpose":"project"},{"kind":"local","workspacePath":"C:\\Users\\USER\\Desktop\\Personal\\ZCode\\.tmp\\z1-native-1790566207584-b096d1\\data\\.zcode\\workspace\\default","workspacePurpose":"conversation"}],"lastActiveTabIndex":0,"receivePreviewUpdates":false,"autoDownloadAndInstallUpdates":false,"skippedElectronUpdateVersions":{},"settingsSyncFirstRunPromptHandled":true}
[Z1 child] [2026-09-28 11:30:15.330] [pid:38596] [zcode-agent-service][trace:8c5150ee-d0be-47d1-b894-b45493a35c3e] ZCode Protocol session/create 完成 {
  durationMs: 61,
  messageCount: 0,
  modelCurrent: 'z1-local-fixture/z1-fixture',
  mcpServerCount: 0,
  persistence: 'deferred',
  sessionId: 'sess_2fa2d87f-0f65-4095-b7a2-44fa1b6ddcfb',
  snapshotTraceId: '8c5150ee-d0be-47d1-b894-b45493a35c3e',
  workspaceKey: 'C:\\Users\\USER\\Desktop\\Personal\\ZCode\\.tmp\\z1-native-1790566207584-b096d1\\workspace',
  workspacePath: 'C:\\Users\\USER\\Desktop\\Personal\\ZCode\\.tmp\\z1-native-1790566207584-b096d1\\workspace'
}
[2026-09-28 11:30:15.330] [pid:38596] [zcode-session-service][trace:8c5150ee-d0be-47d1-b894-b45493a35c3e] [zcode-session-service] createSession agent 返回 {
  durationMs: 61,
  mcpServerCount: 0,
  persistence: 'deferred',
  snapshotTraceId: '8c5150ee-d0be-47d1-b894-b45493a35c3e',
  sessionId: 'sess_2fa2d87f-0f65-4095-b7a2-44fa1b6ddcfb',
  workspaceIdentity: undefined,
  workspacePath: 'C:\\Users\\USER\\Desktop\\Personal\\ZCode\\.tmp\\z1-native-1790566207584-b096d1\\workspace'
}
[2026-09-28 11:30:15.331] [pid:45324] [main] [host-log] (local-1) [host] [2026-09-28 11:30:15.330] [pid:38596] [zcode-agent-service][trace:8c5150ee-d0be-47d1-b894-b45493a35c3e] ZCode Protocol session/create 完成 {"durationMs":61,"messageCount":0,"modelCurrent":"z1-local-fixture/z1-fixture","mcpServerCount":0,"persistence":"deferred","sessionId":"sess_2fa2d87f-0f65-4095-b7a2-44fa1b6ddcfb","snapshotTraceId":"8c5150ee-d0be-47d1-b894-b45493a35c3e","workspaceKey":"C:\\Users\\USER\\Desktop\\Personal\\ZCode\\.tmp\\z1-native-1790566207584-b096d1\\workspace","workspacePath":"C:\\Users\\USER\\Desktop\\Personal\\ZCode\\.tmp\\z1-native-1790566207584-b096d1\\workspace"}
[2026-09-28 11:30:15.332] [pid:45324] [main] [host-log] (local-1) [host] [2026-09-28 11:30:15.330] [pid:38596] [zcode-session-service][trace:8c5150ee-d0be-47d1-b894-b45493a35c3e] [zcode-session-service] createSession agent 返回 {"durationMs":61,"mcpServerCount":0,"persistence":"deferred","snapshotTraceId":"8c5150ee-d0be-47d1-b894-b45493a35c3e","sessionId":"sess_2fa2d87f-0f65-4095-b7a2-44fa1b6ddcfb","workspacePath":"C:\\Users\\USER\\Desktop\\Personal\\ZCode\\.tmp\\z1-native-1790566207584-b096d1\\workspace"}
[2026-09-28 11:30:15.397] [pid:45324] [main] [browser-use] execute start browserId=iab:063b8d1c-a9f0-492a-97ef-7790ba81b252 sessionId=sess_2fa2d87f-0f65-4095-b7a2-44fa1b6ddcfb method=list
[2026-09-28 11:30:15.398] [pid:45324] [main] [browser-use] execute requestId=188af10d-14d5-4bcc-b5d4-13f4bd791bb5 browserId=iab:063b8d1c-a9f0-492a-97ef-7790ba81b252 generation=1790566210053 windowId=1 sessionId=sess_2fa2d87f-0f65-4095-b7a2-44fa1b6ddcfb method=list
[2026-09-28 11:30:15.398] [pid:45324] [main] [browser-use] execute done sessionId=sess_2fa2d87f-0f65-4095-b7a2-44fa1b6ddcfb method=list ok=true elapsedMs=0
[2026-09-28 11:30:15.400] [pid:45324] [main] [browser-use] execute start browserId=iab:063b8d1c-a9f0-492a-97ef-7790ba81b252 sessionId=sess_2fa2d87f-0f65-4095-b7a2-44fa1b6ddcfb method=listUserTabs
[2026-09-28 11:30:15.400] [pid:45324] [main] [browser-use] execute requestId=737a4700-17fa-4e96-9c15-2a2b45419009 browserId=iab:063b8d1c-a9f0-492a-97ef-7790ba81b252 generation=1790566210053 windowId=1 sessionId=sess_2fa2d87f-0f65-4095-b7a2-44fa1b6ddcfb method=listUserTabs
[2026-09-28 11:30:15.401] [pid:45324] [main] [browser-use] execute done sessionId=sess_2fa2d87f-0f65-4095-b7a2-44fa1b6ddcfb method=listUserTabs ok=true elapsedMs=0
[Z1 child] [2026-09-28 11:30:15.417] [pid:38596] [settingService] reading settings from: C:\Users\USER\Desktop\Personal\ZCode\.tmp\z1-native-1790566207584-b096d1\home\.zcode\v2\setting.json
[Z1 child] [2026-09-28 11:30:15.417] [pid:38596] [settingService] read result: {"recentProjects":[],"locale":"zh-CN","localePreference":"en-US","terminalInheritSystemProfile":true,"embeddedBrowserAllowInsecureCertificates":false,"embeddedBrowserViewportPreference":{"mode":"normal","viewport":{"width":393,"height":852},"zoom":"fit"},"computerUseComposerEntryHidden":true,"taskAutoArchiveEnabled":false,"taskAutoArchiveOlderThanDays":7,"closeToTrayOnWindows":false,"closeToTrayOnWindowsMigrationInitialized":true,"keepAwakeWhileRunning":false,"desktopWindowSize":{"width":1920,"height":1080,"maximized":false},"desktopChromiumHardwareAccelerationEnabled":true,"messageStreamShowReasoning":true,"messageStreamShowReasoningMigrationInitialized":true,"messageStreamShowTodos":false,"toolGroupingExploreEnabled":true,"toolGroupingTerminalEnabled":true,"toolGroupingChangesEnabled":false,"zcodeInteractionBehavior":"queue","askUserQuestionAutoResolutionEnabled":false,"modelIoFullRetentionEnabled":false,"startPlanRecommendationDismissed":false,"providerFamilyConnectionSelections":{},"providerFamilyDomain":"zai","providerFamilyDomainMigrated":true,"nativeSearchEnhancementsEnabled":true,"memoryEnabled":false,"lastWorkspaceSession":[{"kind":"local","workspacePath":"C:\\Users\\USER\\Desktop\\Personal\\ZCode\\.tmp\\z1-native-1790566207584-b096d1\\workspace","workspacePurpose":"project"},{"kind":"local","workspacePath":"C:\\Users\\USER\\Desktop\\Personal\\ZCode\\.tmp\\z1-native-1790566207584-b096d1\\data\\.zcode\\workspace\\default","workspacePurpose":"conversation"}],"lastActiveTabIndex":0,"receivePreviewUpdates":false,"autoDownloadAndInstallUpdates":false,"skippedElectronUpdateVersions":{},"settingsSyncFirstRunPromptHandled":true}
[Z1 child] [2026-09-28 11:30:15.427] [pid:38596] [zcode-host] [rpc:call] graphEngineering.run OK (291.0ms)
[2026-09-28 11:30:15.427] [pid:45324] [main] [host-log] (local-1) [host] [2026-09-28 11:30:15.427] [pid:38596] [zcode-host] [rpc:call] graphEngineering.run OK (291.0ms)
[Z1 child] [2026-09-28 11:30:15.427] [pid:38596] [settingService] reading settings from: C:\Users\USER\Desktop\Personal\ZCode\.tmp\z1-native-1790566207584-b096d1\home\.zcode\v2\setting.json
[2026-09-28 11:30:15.427] [pid:38596] [settingService] read result: {"recentProjects":[],"locale":"zh-CN","localePreference":"en-US","terminalInheritSystemProfile":true,"embeddedBrowserAllowInsecureCertificates":false,"embeddedBrowserViewportPreference":{"mode":"normal","viewport":{"width":393,"height":852},"zoom":"fit"},"computerUseComposerEntryHidden":true,"taskAutoArchiveEnabled":false,"taskAutoArchiveOlderThanDays":7,"closeToTrayOnWindows":false,"closeToTrayOnWindowsMigrationInitialized":true,"keepAwakeWhileRunning":false,"desktopWindowSize":{"width":1920,"height":1080,"maximized":false},"desktopChromiumHardwareAccelerationEnabled":true,"messageStreamShowReasoning":true,"messageStreamShowReasoningMigrationInitialized":true,"messageStreamShowTodos":false,"toolGroupingExploreEnabled":true,"toolGroupingTerminalEnabled":true,"toolGroupingChangesEnabled":false,"zcodeInteractionBehavior":"queue","askUserQuestionAutoResolutionEnabled":false,"modelIoFullRetentionEnabled":false,"startPlanRecommendationDismissed":false,"providerFamilyConnectionSelections":{},"providerFamilyDomain":"zai","providerFamilyDomainMigrated":true,"nativeSearchEnhancementsEnabled":true,"memoryEnabled":false,"lastWorkspaceSession":[{"kind":"local","workspacePath":"C:\\Users\\USER\\Desktop\\Personal\\ZCode\\.tmp\\z1-native-1790566207584-b096d1\\workspace","workspacePurpose":"project"},{"kind":"local","workspacePath":"C:\\Users\\USER\\Desktop\\Personal\\ZCode\\.tmp\\z1-native-1790566207584-b096d1\\data\\.zcode\\workspace\\default","workspacePurpose":"conversation"}],"lastActiveTabIndex":0,"receivePreviewUpdates":false,"autoDownloadAndInstallUpdates":false,"skippedElectronUpdateVersions":{},"settingsSyncFirstRunPromptHandled":true}
[Z1 child] [2026-09-28 11:30:15.428] [pid:38596] [zcode-host] [rpc:call] graphEngineering.getWorkspace OK (249.7ms)
[2026-09-28 11:30:15.428] [pid:45324] [main] [host-log] (local-1) [host] [2026-09-28 11:30:15.428] [pid:38596] [zcode-host] [rpc:call] graphEngineering.getWorkspace OK (249.7ms)
[Z1 child] [2026-09-28 11:30:15.428] [pid:38596] [settingService] reading settings from: C:\Users\USER\Desktop\Personal\ZCode\.tmp\z1-native-1790566207584-b096d1\home\.zcode\v2\setting.json
[2026-09-28 11:30:15.429] [pid:38596] [settingService] read result: {"recentProjects":[],"locale":"zh-CN","localePreference":"en-US","terminalInheritSystemProfile":true,"embeddedBrowserAllowInsecureCertificates":false,"embeddedBrowserViewportPreference":{"mode":"normal","viewport":{"width":393,"height":852},"zoom":"fit"},"computerUseComposerEntryHidden":true,"taskAutoArchiveEnabled":false,"taskAutoArchiveOlderThanDays":7,"closeToTrayOnWindows":false,"closeToTrayOnWindowsMigrationInitialized":true,"keepAwakeWhileRunning":false,"desktopWindowSize":{"width":1920,"height":1080,"maximized":false},"desktopChromiumHardwareAccelerationEnabled":true,"messageStreamShowReasoning":true,"messageStreamShowReasoningMigrationInitialized":true,"messageStreamShowTodos":false,"toolGroupingExploreEnabled":true,"toolGroupingTerminalEnabled":true,"toolGroupingChangesEnabled":false,"zcodeInteractionBehavior":"queue","askUserQuestionAutoResolutionEnabled":false,"modelIoFullRetentionEnabled":false,"startPlanRecommendationDismissed":false,"providerFamilyConnectionSelections":{},"providerFamilyDomain":"zai","providerFamilyDomainMigrated":true,"nativeSearchEnhancementsEnabled":true,"memoryEnabled":false,"lastWorkspaceSession":[{"kind":"local","workspacePath":"C:\\Users\\USER\\Desktop\\Personal\\ZCode\\.tmp\\z1-native-1790566207584-b096d1\\workspace","workspacePurpose":"project"},{"kind":"local","workspacePath":"C:\\Users\\USER\\Desktop\\Personal\\ZCode\\.tmp\\z1-native-1790566207584-b096d1\\data\\.zcode\\workspace\\default","workspacePurpose":"conversation"}],"lastActiveTabIndex":0,"receivePreviewUpdates":false,"autoDownloadAndInstallUpdates":false,"skippedElectronUpdateVersions":{},"settingsSyncFirstRunPromptHandled":true}
[Z1 child] [2026-09-28 11:30:15.429] [pid:38596] [zcode-host] [rpc:call] graphEngineering.getWorkspace OK (161.2ms)
[2026-09-28 11:30:15.430] [pid:45324] [main] [host-log] (local-1) [host] [2026-09-28 11:30:15.429] [pid:38596] [zcode-host] [rpc:call] graphEngineering.getWorkspace OK (161.2ms)
[Z1 child] [2026-09-28 11:30:15.430] [pid:38596] [settingService] reading settings from: C:\Users\USER\Desktop\Personal\ZCode\.tmp\z1-native-1790566207584-b096d1\home\.zcode\v2\setting.json
[2026-09-28 11:30:15.430] [pid:38596] [settingService] read result: {"recentProjects":[],"locale":"zh-CN","localePreference":"en-US","terminalInheritSystemProfile":true,"embeddedBrowserAllowInsecureCertificates":false,"embeddedBrowserViewportPreference":{"mode":"normal","viewport":{"width":393,"height":852},"zoom":"fit"},"computerUseComposerEntryHidden":true,"taskAutoArchiveEnabled":false,"taskAutoArchiveOlderThanDays":7,"closeToTrayOnWindows":false,"closeToTrayOnWindowsMigrationInitialized":true,"keepAwakeWhileRunning":false,"desktopWindowSize":{"width":1920,"height":1080,"maximized":false},"desktopChromiumHardwareAccelerationEnabled":true,"messageStreamShowReasoning":true,"messageStreamShowReasoningMigrationInitialized":true,"messageStreamShowTodos":false,"toolGroupingExploreEnabled":true,"toolGroupingTerminalEnabled":true,"toolGroupingChangesEnabled":false,"zcodeInteractionBehavior":"queue","askUserQuestionAutoResolutionEnabled":false,"modelIoFullRetentionEnabled":false,"startPlanRecommendationDismissed":false,"providerFamilyConnectionSelections":{},"providerFamilyDomain":"zai","providerFamilyDomainMigrated":true,"nativeSearchEnhancementsEnabled":true,"memoryEnabled":false,"lastWorkspaceSession":[{"kind":"local","workspacePath":"C:\\Users\\USER\\Desktop\\Personal\\ZCode\\.tmp\\z1-native-1790566207584-b096d1\\workspace","workspacePurpose":"project"},{"kind":"local","workspacePath":"C:\\Users\\USER\\Desktop\\Personal\\ZCode\\.tmp\\z1-native-1790566207584-b096d1\\data\\.zcode\\workspace\\default","workspacePurpose":"conversation"}],"lastActiveTabIndex":0,"receivePreviewUpdates":false,"autoDownloadAndInstallUpdates":false,"skippedElectronUpdateVersions":{},"settingsSyncFirstRunPromptHandled":true}
[Z1 child] [2026-09-28 11:30:15.431] [pid:38596] [zcode-host] [rpc:call] graphEngineering.getWorkspace OK (86.9ms)
[2026-09-28 11:30:15.431] [pid:45324] [main] [host-log] (local-1) [host] [2026-09-28 11:30:15.431] [pid:38596] [zcode-host] [rpc:call] graphEngineering.getWorkspace OK (86.9ms)
[Z1 child] [2026-09-28 11:30:15.431] [pid:38596] [settingService] reading settings from: C:\Users\USER\Desktop\Personal\ZCode\.tmp\z1-native-1790566207584-b096d1\home\.zcode\v2\setting.json
[2026-09-28 11:30:15.432] [pid:38596] [settingService] read result: {"recentProjects":[],"locale":"zh-CN","localePreference":"en-US","terminalInheritSystemProfile":true,"embeddedBrowserAllowInsecureCertificates":false,"embeddedBrowserViewportPreference":{"mode":"normal","viewport":{"width":393,"height":852},"zoom":"fit"},"computerUseComposerEntryHidden":true,"taskAutoArchiveEnabled":false,"taskAutoArchiveOlderThanDays":7,"closeToTrayOnWindows":false,"closeToTrayOnWindowsMigrationInitialized":true,"keepAwakeWhileRunning":false,"desktopWindowSize":{"width":1920,"height":1080,"maximized":false},"desktopChromiumHardwareAccelerationEnabled":true,"messageStreamShowReasoning":true,"messageStreamShowReasoningMigrationInitialized":true,"messageStreamShowTodos":false,"toolGroupingExploreEnabled":true,"toolGroupingTerminalEnabled":true,"toolGroupingChangesEnabled":false,"zcodeInteractionBehavior":"queue","askUserQuestionAutoResolutionEnabled":false,"modelIoFullRetentionEnabled":false,"startPlanRecommendationDismissed":false,"providerFamilyConnectionSelections":{},"providerFamilyDomain":"zai","providerFamilyDomainMigrated":true,"nativeSearchEnhancementsEnabled":true,"memoryEnabled":false,"lastWorkspaceSession":[{"kind":"local","workspacePath":"C:\\Users\\USER\\Desktop\\Personal\\ZCode\\.tmp\\z1-native-1790566207584-b096d1\\workspace","workspacePurpose":"project"},{"kind":"local","workspacePath":"C:\\Users\\USER\\Desktop\\Personal\\ZCode\\.tmp\\z1-native-1790566207584-b096d1\\data\\.zcode\\workspace\\default","workspacePurpose":"conversation"}],"lastActiveTabIndex":0,"receivePreviewUpdates":false,"autoDownloadAndInstallUpdates":false,"skippedElectronUpdateVersions":{},"settingsSyncFirstRunPromptHandled":true}
[Z1 child] [2026-09-28 11:30:15.432] [pid:38596] [zcode-host] [rpc:call] graphEngineering.getWorkspace OK (38.7ms)
[2026-09-28 11:30:15.432] [pid:45324] [main] [host-log] (local-1) [host] [2026-09-28 11:30:15.432] [pid:38596] [zcode-host] [rpc:call] graphEngineering.getWorkspace OK (38.7ms)
[Z1 child] [2026-09-28 11:30:15.432] [pid:38596] [settingService] reading settings from: C:\Users\USER\Desktop\Personal\ZCode\.tmp\z1-native-1790566207584-b096d1\home\.zcode\v2\setting.json
[2026-09-28 11:30:15.433] [pid:38596] [settingService] read result: {"recentProjects":[],"locale":"zh-CN","localePreference":"en-US","terminalInheritSystemProfile":true,"embeddedBrowserAllowInsecureCertificates":false,"embeddedBrowserViewportPreference":{"mode":"normal","viewport":{"width":393,"height":852},"zoom":"fit"},"computerUseComposerEntryHidden":true,"taskAutoArchiveEnabled":false,"taskAutoArchiveOlderThanDays":7,"closeToTrayOnWindows":false,"closeToTrayOnWindowsMigrationInitialized":true,"keepAwakeWhileRunning":false,"desktopWindowSize":{"width":1920,"height":1080,"maximized":false},"desktopChromiumHardwareAccelerationEnabled":true,"messageStreamShowReasoning":true,"messageStreamShowReasoningMigrationInitialized":true,"messageStreamShowTodos":false,"toolGroupingExploreEnabled":true,"toolGroupingTerminalEnabled":true,"toolGroupingChangesEnabled":false,"zcodeInteractionBehavior":"queue","askUserQuestionAutoResolutionEnabled":false,"modelIoFullRetentionEnabled":false,"startPlanRecommendationDismissed":false,"providerFamilyConnectionSelections":{},"providerFamilyDomain":"zai","providerFamilyDomainMigrated":true,"nativeSearchEnhancementsEnabled":true,"memoryEnabled":false,"lastWorkspaceSession":[{"kind":"local","workspacePath":"C:\\Users\\USER\\Desktop\\Personal\\ZCode\\.tmp\\z1-native-1790566207584-b096d1\\workspace","workspacePurpose":"project"},{"kind":"local","workspacePath":"C:\\Users\\USER\\Desktop\\Personal\\ZCode\\.tmp\\z1-native-1790566207584-b096d1\\data\\.zcode\\workspace\\default","workspacePurpose":"conversation"}],"lastActiveTabIndex":0,"receivePreviewUpdates":false,"autoDownloadAndInstallUpdates":false,"skippedElectronUpdateVersions":{},"settingsSyncFirstRunPromptHandled":true}
[Z1 child] [2026-09-28 11:30:15.433] [pid:38596] [zcode-host] [rpc:call] graphEngineering.getWorkspace OK (6.2ms)
[2026-09-28 11:30:15.434] [pid:45324] [main] [host-log] (local-1) [host] [2026-09-28 11:30:15.433] [pid:38596] [zcode-host] [rpc:call] graphEngineering.getWorkspace OK (6.2ms)
[Z1 child] [2026-09-28 11:30:15.433] [pid:38596] [settingService] reading settings from: C:\Users\USER\Desktop\Personal\ZCode\.tmp\z1-native-1790566207584-b096d1\home\.zcode\v2\setting.json
[2026-09-28 11:30:15.434] [pid:38596] [settingService] read result: {"recentProjects":[],"locale":"zh-CN","localePreference":"en-US","terminalInheritSystemProfile":true,"embeddedBrowserAllowInsecureCertificates":false,"embeddedBrowserViewportPreference":{"mode":"normal","viewport":{"width":393,"height":852},"zoom":"fit"},"computerUseComposerEntryHidden":true,"taskAutoArchiveEnabled":false,"taskAutoArchiveOlderThanDays":7,"closeToTrayOnWindows":false,"closeToTrayOnWindowsMigrationInitialized":true,"keepAwakeWhileRunning":false,"desktopWindowSize":{"width":1920,"height":1080,"maximized":false},"desktopChromiumHardwareAccelerationEnabled":true,"messageStreamShowReasoning":true,"messageStreamShowReasoningMigrationInitialized":true,"messageStreamShowTodos":false,"toolGroupingExploreEnabled":true,"toolGroupingTerminalEnabled":true,"toolGroupingChangesEnabled":false,"zcodeInteractionBehavior":"queue","askUserQuestionAutoResolutionEnabled":false,"modelIoFullRetentionEnabled":false,"startPlanRecommendationDismissed":false,"providerFamilyConnectionSelections":{},"providerFamilyDomain":"zai","providerFamilyDomainMigrated":true,"nativeSearchEnhancementsEnabled":true,"memoryEnabled":false,"lastWorkspaceSession":[{"kind":"local","workspacePath":"C:\\Users\\USER\\Desktop\\Personal\\ZCode\\.tmp\\z1-native-1790566207584-b096d1\\workspace","workspacePurpose":"project"},{"kind":"local","workspacePath":"C:\\Users\\USER\\Desktop\\Personal\\ZCode\\.tmp\\z1-native-1790566207584-b096d1\\data\\.zcode\\workspace\\default","workspacePurpose":"conversation"}],"lastActiveTabIndex":0,"receivePreviewUpdates":false,"autoDownloadAndInstallUpdates":false,"skippedElectronUpdateVersions":{},"settingsSyncFirstRunPromptHandled":true}
[Z1 child] [2026-09-28 11:30:15.434] [pid:38596] [zcode-host] [rpc:call] graphEngineering.getWorkspace OK (6.6ms)
[2026-09-28 11:30:15.435] [pid:45324] [main] [host-log] (local-1) [host] [2026-09-28 11:30:15.434] [pid:38596] [zcode-host] [rpc:call] graphEngineering.getWorkspace OK (6.6ms)
[Z1 child] [2026-09-28 11:30:15.848] [pid:38596] [cua-pip-session] [cua-pip-session] event delivery dropped {
  eventId: '8b3f701e-95c1-4470-b596-abcb2ad23b4c',
  kind: 'turn-started',
  sequenceNumber: 3,
  sessionId: 'sess_2fa2d87f-0f65-4095-b7a2-44fa1b6ddcfb',
  turnId: 'turn_abc3d8c7-9a25-440e-b117-9ee8164ecb8c',
  skipReason: 'service-disabled'
}
[2026-09-28 11:30:15.849] [pid:45324] [main] [host-log] (local-1) [host] [2026-09-28 11:30:15.848] [pid:38596] [cua-pip-session] [cua-pip-session] event delivery dropped {"eventId":"8b3f701e-95c1-4470-b596-abcb2ad23b4c","kind":"turn-started","sequenceNumber":3,"sessionId":"sess_2fa2d87f-0f65-4095-b7a2-44fa1b6ddcfb","turnId":"turn_abc3d8c7-9a25-440e-b117-9ee8164ecb8c","skipReason":"service-disabled"}
[Z1 child] [2026-09-28 11:30:15.908] [pid:38596] [settingService] reading settings from: C:\Users\USER\Desktop\Personal\ZCode\.tmp\z1-native-1790566207584-b096d1\home\.zcode\v2\setting.json
[Z1 child] [2026-09-28 11:30:15.908] [pid:38596] [settingService] read result: {"recentProjects":[],"locale":"zh-CN","localePreference":"en-US","terminalInheritSystemProfile":true,"embeddedBrowserAllowInsecureCertificates":false,"embeddedBrowserViewportPreference":{"mode":"normal","viewport":{"width":393,"height":852},"zoom":"fit"},"computerUseComposerEntryHidden":true,"taskAutoArchiveEnabled":false,"taskAutoArchiveOlderThanDays":7,"closeToTrayOnWindows":false,"closeToTrayOnWindowsMigrationInitialized":true,"keepAwakeWhileRunning":false,"desktopWindowSize":{"width":1920,"height":1080,"maximized":false},"desktopChromiumHardwareAccelerationEnabled":true,"messageStreamShowReasoning":true,"messageStreamShowReasoningMigrationInitialized":true,"messageStreamShowTodos":false,"toolGroupingExploreEnabled":true,"toolGroupingTerminalEnabled":true,"toolGroupingChangesEnabled":false,"zcodeInteractionBehavior":"queue","askUserQuestionAutoResolutionEnabled":false,"modelIoFullRetentionEnabled":false,"startPlanRecommendationDismissed":false,"providerFamilyConnectionSelections":{},"providerFamilyDomain":"zai","providerFamilyDomainMigrated":true,"nativeSearchEnhancementsEnabled":true,"memoryEnabled":false,"lastWorkspaceSession":[{"kind":"local","workspacePath":"C:\\Users\\USER\\Desktop\\Personal\\ZCode\\.tmp\\z1-native-1790566207584-b096d1\\workspace","workspacePurpose":"project"},{"kind":"local","workspacePath":"C:\\Users\\USER\\Desktop\\Personal\\ZCode\\.tmp\\z1-native-1790566207584-b096d1\\data\\.zcode\\workspace\\default","workspacePurpose":"conversation"}],"lastActiveTabIndex":0,"receivePreviewUpdates":false,"autoDownloadAndInstallUpdates":false,"skippedElectronUpdateVersions":{},"settingsSyncFirstRunPromptHandled":true}
[Z1 child] [2026-09-28 11:30:15.908] [pid:38596] [zcode-host] [rpc:call] graphEngineering.getWorkspace OK (1.0ms)
[2026-09-28 11:30:15.909] [pid:45324] [main] [host-log] (local-1) [host] [2026-09-28 11:30:15.908] [pid:38596] [zcode-host] [rpc:call] graphEngineering.getWorkspace OK (1.0ms)
[Z1 child] [2026-09-28 11:30:15.939] [pid:38596] [zcode-task-index-syncer] [list-refresh-trace] emitWorkspaceTaskListChanged reason=task_created taskId=sess_2fa2d87f-0f65-4095-b7a2-44fa1b6ddcfb workspace=C:\Users\USER\Desktop\Personal\ZCode\.tmp\z1-native-1790566207584-b096d1\workspace hasMeta=true
[Z1 child] [2026-09-28 11:30:15.941] [pid:38596] [zcode-host] [rpc:call] zcode-task.listPinnedTaskIds OK (0.1ms)
[2026-09-28 11:30:15.942] [pid:45324] [main] [host-log] (local-1) [host] [2026-09-28 11:30:15.941] [pid:38596] [zcode-host] [rpc:call] zcode-task.listPinnedTaskIds OK (0.1ms)
[2026-09-28 11:30:15.942] [pid:45324] [main] [host-log] (local-1) [host] [2026-09-28 11:30:15.941] [pid:38596] [zcode-host] [rpc:call] zcode-task.listArchivedTasks OK (0.1ms)
[2026-09-28 11:30:15.943] [pid:45324] [main] [host-log] (local-1) [host] [2026-09-28 11:30:15.942] [pid:38596] [zcode-host] [rpc:call] zcode-task.listTasks OK (0.1ms)
[2026-09-28 11:30:15.944] [pid:45324] [main] [host-log] (local-1) [host] [2026-09-28 11:30:15.942] [pid:38596] [zcode-host] [rpc:call] zcode-task.listPinnedTasks OK (0.1ms)
[2026-09-28 11:30:15.945] [pid:45324] [main] [host-log] (local-1) [host] [2026-09-28 11:30:15.942] [pid:38596] [zcode-host] [rpc:call] zcode-task.listDeletedTaskIds OK (0.1ms)
[Z1 child] [2026-09-28 11:30:15.941] [pid:38596] [zcode-host] [rpc:call] zcode-task.listArchivedTasks OK (0.1ms)
[2026-09-28 11:30:15.942] [pid:38596] [zcode-host] [rpc:call] zcode-task.listTasks OK (0.1ms)
[2026-09-28 11:30:15.942] [pid:38596] [zcode-host] [rpc:call] zcode-task.listPinnedTasks OK (0.1ms)
[2026-09-28 11:30:15.942] [pid:38596] [zcode-host] [rpc:call] zcode-task.listDeletedTaskIds OK (0.1ms)
[2026-09-28 11:30:15.944] [pid:38596] [zcode-host] [rpc:call] window-controller.listTaskList OK (0.1ms)
[2026-09-28 11:30:15.945] [pid:45324] [main] [host-log] (local-1) [host] [2026-09-28 11:30:15.944] [pid:38596] [zcode-host] [rpc:call] window-controller.listTaskList OK (0.1ms)
[Z1 child] [2026-09-28 11:30:16.007] [pid:38596] [settingService] reading settings from: C:\Users\USER\Desktop\Personal\ZCode\.tmp\z1-native-1790566207584-b096d1\home\.zcode\v2\setting.json
[Z1 child] [2026-09-28 11:30:16.008] [pid:38596] [settingService] read result: {"recentProjects":[],"locale":"zh-CN","localePreference":"en-US","terminalInheritSystemProfile":true,"embeddedBrowserAllowInsecureCertificates":false,"embeddedBrowserViewportPreference":{"mode":"normal","viewport":{"width":393,"height":852},"zoom":"fit"},"computerUseComposerEntryHidden":true,"taskAutoArchiveEnabled":false,"taskAutoArchiveOlderThanDays":7,"closeToTrayOnWindows":false,"closeToTrayOnWindowsMigrationInitialized":true,"keepAwakeWhileRunning":false,"desktopWindowSize":{"width":1920,"height":1080,"maximized":false},"desktopChromiumHardwareAccelerationEnabled":true,"messageStreamShowReasoning":true,"messageStreamShowReasoningMigrationInitialized":true,"messageStreamShowTodos":false,"toolGroupingExploreEnabled":true,"toolGroupingTerminalEnabled":true,"toolGroupingChangesEnabled":false,"zcodeInteractionBehavior":"queue","askUserQuestionAutoResolutionEnabled":false,"modelIoFullRetentionEnabled":false,"startPlanRecommendationDismissed":false,"providerFamilyConnectionSelections":{},"providerFamilyDomain":"zai","providerFamilyDomainMigrated":true,"nativeSearchEnhancementsEnabled":true,"memoryEnabled":false,"lastWorkspaceSession":[{"kind":"local","workspacePath":"C:\\Users\\USER\\Desktop\\Personal\\ZCode\\.tmp\\z1-native-1790566207584-b096d1\\workspace","workspacePurpose":"project"},{"kind":"local","workspacePath":"C:\\Users\\USER\\Desktop\\Personal\\ZCode\\.tmp\\z1-native-1790566207584-b096d1\\data\\.zcode\\workspace\\default","workspacePurpose":"conversation"}],"lastActiveTabIndex":0,"receivePreviewUpdates":false,"autoDownloadAndInstallUpdates":false,"skippedElectronUpdateVersions":{},"settingsSyncFirstRunPromptHandled":true}
[Z1 child] [2026-09-28 11:30:16.008] [pid:38596] [zcode-host] [rpc:call] graphEngineering.getWorkspace OK (1.3ms)
[2026-09-28 11:30:16.009] [pid:45324] [main] [host-log] (local-1) [host] [2026-09-28 11:30:16.008] [pid:38596] [zcode-host] [rpc:call] graphEngineering.getWorkspace OK (1.3ms)
[Z1 child] [2026-09-28 11:30:16.062] [pid:38596] [settingService] reading settings from: C:\Users\USER\Desktop\Personal\ZCode\.tmp\z1-native-1790566207584-b096d1\home\.zcode\v2\setting.json
[Z1 child] [2026-09-28 11:30:16.063] [pid:38596] [settingService] read result: {"recentProjects":[],"locale":"zh-CN","localePreference":"en-US","terminalInheritSystemProfile":true,"embeddedBrowserAllowInsecureCertificates":false,"embeddedBrowserViewportPreference":{"mode":"normal","viewport":{"width":393,"height":852},"zoom":"fit"},"computerUseComposerEntryHidden":true,"taskAutoArchiveEnabled":false,"taskAutoArchiveOlderThanDays":7,"closeToTrayOnWindows":false,"closeToTrayOnWindowsMigrationInitialized":true,"keepAwakeWhileRunning":false,"desktopWindowSize":{"width":1920,"height":1080,"maximized":false},"desktopChromiumHardwareAccelerationEnabled":true,"messageStreamShowReasoning":true,"messageStreamShowReasoningMigrationInitialized":true,"messageStreamShowTodos":false,"toolGroupingExploreEnabled":true,"toolGroupingTerminalEnabled":true,"toolGroupingChangesEnabled":false,"zcodeInteractionBehavior":"queue","askUserQuestionAutoResolutionEnabled":false,"modelIoFullRetentionEnabled":false,"startPlanRecommendationDismissed":false,"providerFamilyConnectionSelections":{},"providerFamilyDomain":"zai","providerFamilyDomainMigrated":true,"nativeSearchEnhancementsEnabled":true,"memoryEnabled":false,"lastWorkspaceSession":[{"kind":"local","workspacePath":"C:\\Users\\USER\\Desktop\\Personal\\ZCode\\.tmp\\z1-native-1790566207584-b096d1\\workspace","workspacePurpose":"project"},{"kind":"local","workspacePath":"C:\\Users\\USER\\Desktop\\Personal\\ZCode\\.tmp\\z1-native-1790566207584-b096d1\\data\\.zcode\\workspace\\default","workspacePurpose":"conversation"}],"lastActiveTabIndex":0,"receivePreviewUpdates":false,"autoDownloadAndInstallUpdates":false,"skippedElectronUpdateVersions":{},"settingsSyncFirstRunPromptHandled":true}
[Z1 child] [2026-09-28 11:30:16.063] [pid:38596] [zcode-host] [rpc:call] graphEngineering.getWorkspace OK (1.4ms)
[2026-09-28 11:30:16.064] [pid:45324] [main] [host-log] (local-1) [host] [2026-09-28 11:30:16.063] [pid:38596] [zcode-host] [rpc:call] graphEngineering.getWorkspace OK (1.4ms)
[Z1 child] [2026-09-28 11:30:16.065] [pid:38596] [cua-pip-session] [cua-pip-session] event delivery dropped {
  eventId: '44aaf296-a9f0-47ff-b2e8-c8757310df54',
  kind: 'turn-ended',
  sequenceNumber: 33,
  sessionId: 'sess_2fa2d87f-0f65-4095-b7a2-44fa1b6ddcfb',
  turnId: 'turn_abc3d8c7-9a25-440e-b117-9ee8164ecb8c',
  outcome: 'completed',
  skipReason: 'service-disabled'
}
[2026-09-28 11:30:16.066] [pid:45324] [main] [host-log] (local-1) [host] [2026-09-28 11:30:16.065] [pid:38596] [cua-pip-session] [cua-pip-session] event delivery dropped {"eventId":"44aaf296-a9f0-47ff-b2e8-c8757310df54","kind":"turn-ended","sequenceNumber":33,"sessionId":"sess_2fa2d87f-0f65-4095-b7a2-44fa1b6ddcfb","turnId":"turn_abc3d8c7-9a25-440e-b117-9ee8164ecb8c","outcome":"completed","skipReason":"service-disabled"}
[Z1 child] [2026-09-28 11:30:16.067] [pid:38596] [zcode-task-index-syncer] task 终态未读裁决 {
  goalStatus: null,
  phase: 'completedSuccess',
  taskId: 'sess_2fa2d87f-0f65-4095-b7a2-44fa1b6ddcfb',
  unreadSignal: 'background_terminal'
}
[Z1 child] [2026-09-28 11:30:16.068] [pid:38596] [zcode-task-index-syncer] [list-refresh-trace] emitWorkspaceTaskListChanged reason=task_status_changed taskId=sess_2fa2d87f-0f65-4095-b7a2-44fa1b6ddcfb workspace=C:\Users\USER\Desktop\Personal\ZCode\.tmp\z1-native-1790566207584-b096d1\workspace hasMeta=true
[Z1 child] [2026-09-28 11:30:16.083] [pid:38596] [zcode-task-index-syncer] [list-refresh-trace] emitWorkspaceTaskListChanged reason=task_meta_changed taskId=sess_2fa2d87f-0f65-4095-b7a2-44fa1b6ddcfb workspace=C:\Users\USER\Desktop\Personal\ZCode\.tmp\z1-native-1790566207584-b096d1\workspace hasMeta=true
[Z1 child] [2026-09-28 11:30:16.083] [pid:38596] [zcode-host] [rpc:call] zcode-task.setTaskUnread OK (1.2ms)
[2026-09-28 11:30:16.083] [pid:45324] [main] [host-log] (local-1) [host] [2026-09-28 11:30:16.083] [pid:38596] [zcode-host] [rpc:call] zcode-task.setTaskUnread OK (1.2ms)
[Z1 child] [2026-09-28 11:30:16.104] [pid:38596] [zcode-host] [rpc:call] zcode-task.listPinnedTaskIds OK (0.1ms)
[2026-09-28 11:30:16.104] [pid:45324] [main] [host-log] (local-1) [host] [2026-09-28 11:30:16.104] [pid:38596] [zcode-host] [rpc:call] zcode-task.listPinnedTaskIds OK (0.1ms)
[2026-09-28 11:30:16.105] [pid:45324] [main] [host-log] (local-1) [host] [2026-09-28 11:30:16.104] [pid:38596] [zcode-host] [rpc:call] zcode-task.listArchivedTasks OK (0.1ms)
[2026-09-28 11:30:16.106] [pid:45324] [main] [host-log] (local-1) [host] [2026-09-28 11:30:16.104] [pid:38596] [zcode-host] [rpc:call] zcode-task.listTasks OK (0.2ms)
[2026-09-28 11:30:16.106] [pid:45324] [main] [host-log] (local-1) [host] [2026-09-28 11:30:16.104] [pid:38596] [zcode-host] [rpc:call] zcode-task.listPinnedTasks OK (0.1ms)
[2026-09-28 11:30:16.107] [pid:45324] [main] [host-log] (local-1) [host] [2026-09-28 11:30:16.104] [pid:38596] [zcode-host] [rpc:call] zcode-task.listDeletedTaskIds OK (0.0ms)
[Z1 child] [2026-09-28 11:30:16.104] [pid:38596] [zcode-host] [rpc:call] zcode-task.listArchivedTasks OK (0.1ms)
[2026-09-28 11:30:16.104] [pid:38596] [zcode-host] [rpc:call] zcode-task.listTasks OK (0.2ms)
[2026-09-28 11:30:16.104] [pid:38596] [zcode-host] [rpc:call] zcode-task.listPinnedTasks OK (0.1ms)
[2026-09-28 11:30:16.104] [pid:38596] [zcode-host] [rpc:call] zcode-task.listDeletedTaskIds OK (0.0ms)
[Z1 child] [2026-09-28 11:30:16.138] [pid:38596] [zcode-task-index-syncer] [list-refresh-trace] emitWorkspaceTaskListChanged reason=task_status_changed taskId=sess_2fa2d87f-0f65-4095-b7a2-44fa1b6ddcfb workspace=C:\Users\USER\Desktop\Personal\ZCode\.tmp\z1-native-1790566207584-b096d1\workspace hasMeta=true
[Z1 child] [2026-09-28 11:30:16.148] [pid:38596] [zcode-task-index-syncer] [list-refresh-trace] emitWorkspaceTaskListChanged reason=task_title_changed taskId=sess_2fa2d87f-0f65-4095-b7a2-44fa1b6ddcfb workspace=C:\Users\USER\Desktop\Personal\ZCode\.tmp\z1-native-1790566207584-b096d1\workspace hasMeta=true
[Z1 child] [2026-09-28 11:30:16.253] [pid:38596] [zcode-agent-service] 开始初始化 ZCode agent {
  workspaceKey: 'C:\\Users\\USER\\Desktop\\Personal\\ZCode\\.tmp\\z1-native-1790566207584-b096d1\\workspace',
  workspacePath: 'C:\\Users\\USER\\Desktop\\Personal\\ZCode\\.tmp\\z1-native-1790566207584-b096d1\\workspace'
}
[2026-09-28 11:30:16.254] [pid:45324] [main] [host-log] (local-1) [host] [2026-09-28 11:30:16.253] [pid:38596] [zcode-agent-service] 开始初始化 ZCode agent {"workspaceKey":"C:\\Users\\USER\\Desktop\\Personal\\ZCode\\.tmp\\z1-native-1790566207584-b096d1\\workspace","workspacePath":"C:\\Users\\USER\\Desktop\\Personal\\ZCode\\.tmp\\z1-native-1790566207584-b096d1\\workspace"}
[Z1 child] [2026-09-28 11:30:16.253] [pid:38596] [zcode-agent-service] ZCode agent 初始化完成 {
  durationMs: 0,
  transportKind: 'stdio',
  workspaceKey: 'C:\\Users\\USER\\Desktop\\Personal\\ZCode\\.tmp\\z1-native-1790566207584-b096d1\\workspace',
  workspacePath: 'C:\\Users\\USER\\Desktop\\Personal\\ZCode\\.tmp\\z1-native-1790566207584-b096d1\\workspace'
}
[2026-09-28 11:30:16.253] [pid:38596] [zcode-session-service][trace:999c17a4-da2d-438f-9a2d-663ca67b8ae5] [zcode-session-service] createSession 分配 session trace {
  persistence: 'deferred',
  workspaceIdentity: undefined,
  workspacePath: 'C:\\Users\\USER\\Desktop\\Personal\\ZCode\\.tmp\\z1-native-1790566207584-b096d1\\workspace'
}
[2026-09-28 11:30:16.253] [pid:38596] [zcode-agent-service][trace:999c17a4-da2d-438f-9a2d-663ca67b8ae5] 开始请求 ZCode Protocol session/create {
  hasInitialModel: true,
  hasInitialThoughtLevel: false,
  initialModel: 'z1-local-fixture/z1-fixture$enabled',
  mcpServerCount: 0,
  mcpServerNames: [],
  persistence: 'deferred',
  workspaceKey: 'C:\\Users\\USER\\Desktop\\Personal\\ZCode\\.tmp\\z1-native-1790566207584-b096d1\\workspace',
  workspacePath: 'C:\\Users\\USER\\Desktop\\Personal\\ZCode\\.tmp\\z1-native-1790566207584-b096d1\\workspace'
}
[2026-09-28 11:30:16.254] [pid:45324] [main] [host-log] (local-1) [host] [2026-09-28 11:30:16.253] [pid:38596] [zcode-agent-service] ZCode agent 初始化完成 {"durationMs":0,"transportKind":"stdio","workspaceKey":"C:\\Users\\USER\\Desktop\\Personal\\ZCode\\.tmp\\z1-native-1790566207584-b096d1\\workspace","workspacePath":"C:\\Users\\USER\\Desktop\\Personal\\ZCode\\.tmp\\z1-native-1790566207584-b096d1\\workspace"}
[2026-09-28 11:30:16.255] [pid:45324] [main] [host-log] (local-1) [host] [2026-09-28 11:30:16.253] [pid:38596] [zcode-session-service][trace:999c17a4-da2d-438f-9a2d-663ca67b8ae5] [zcode-session-service] createSession 分配 session trace {"persistence":"deferred","workspacePath":"C:\\Users\\USER\\Desktop\\Personal\\ZCode\\.tmp\\z1-native-1790566207584-b096d1\\workspace"}
[2026-09-28 11:30:16.256] [pid:45324] [main] [host-log] (local-1) [host] [2026-09-28 11:30:16.253] [pid:38596] [zcode-agent-service][trace:999c17a4-da2d-438f-9a2d-663ca67b8ae5] 开始请求 ZCode Protocol session/create {"hasInitialModel":true,"hasInitialThoughtLevel":false,"initialModel":"z1-local-fixture/z1-fixture$enabled","mcpServerCount":0,"mcpServerNames":[],"persistence":"deferred","workspaceKey":"C:\\Users\\USER\\Desktop\\Personal\\ZCode\\.tmp\\z1-native-1790566207584-b096d1\\workspace","workspacePath":"C:\\Users\\USER\\Desktop\\Personal\\ZCode\\.tmp\\z1-native-1790566207584-b096d1\\workspace"}
[Z1 child] [2026-09-28 11:30:16.255] [pid:38596] [settingService] reading settings from: C:\Users\USER\Desktop\Personal\ZCode\.tmp\z1-native-1790566207584-b096d1\home\.zcode\v2\setting.json
[2026-09-28 11:30:16.255] [pid:38596] [settingService] read result: {"recentProjects":[],"locale":"zh-CN","localePreference":"en-US","terminalInheritSystemProfile":true,"embeddedBrowserAllowInsecureCertificates":false,"embeddedBrowserViewportPreference":{"mode":"normal","viewport":{"width":393,"height":852},"zoom":"fit"},"computerUseComposerEntryHidden":true,"taskAutoArchiveEnabled":false,"taskAutoArchiveOlderThanDays":7,"closeToTrayOnWindows":false,"closeToTrayOnWindowsMigrationInitialized":true,"keepAwakeWhileRunning":false,"desktopWindowSize":{"width":1920,"height":1080,"maximized":false},"desktopChromiumHardwareAccelerationEnabled":true,"messageStreamShowReasoning":true,"messageStreamShowReasoningMigrationInitialized":true,"messageStreamShowTodos":false,"toolGroupingExploreEnabled":true,"toolGroupingTerminalEnabled":true,"toolGroupingChangesEnabled":false,"zcodeInteractionBehavior":"queue","askUserQuestionAutoResolutionEnabled":false,"modelIoFullRetentionEnabled":false,"startPlanRecommendationDismissed":false,"providerFamilyConnectionSelections":{},"providerFamilyDomain":"zai","providerFamilyDomainMigrated":true,"nativeSearchEnhancementsEnabled":true,"memoryEnabled":false,"lastWorkspaceSession":[{"kind":"local","workspacePath":"C:\\Users\\USER\\Desktop\\Personal\\ZCode\\.tmp\\z1-native-1790566207584-b096d1\\workspace","workspacePurpose":"project"},{"kind":"local","workspacePath":"C:\\Users\\USER\\Desktop\\Personal\\ZCode\\.tmp\\z1-native-1790566207584-b096d1\\data\\.zcode\\workspace\\default","workspacePurpose":"conversation"}],"lastActiveTabIndex":0,"receivePreviewUpdates":false,"autoDownloadAndInstallUpdates":false,"skippedElectronUpdateVersions":{},"settingsSyncFirstRunPromptHandled":true}
[Z1 child] [2026-09-28 11:30:16.309] [pid:38596] [zcode-agent-service][trace:999c17a4-da2d-438f-9a2d-663ca67b8ae5] ZCode Protocol session/create 完成 {
  durationMs: 56,
  messageCount: 0,
  modelCurrent: 'z1-local-fixture/z1-fixture',
  mcpServerCount: 0,
  persistence: 'deferred',
  sessionId: 'sess_c7528d72-3f5b-425a-ad9f-7ac68b8ab718',
  snapshotTraceId: '999c17a4-da2d-438f-9a2d-663ca67b8ae5',
  workspaceKey: 'C:\\Users\\USER\\Desktop\\Personal\\ZCode\\.tmp\\z1-native-1790566207584-b096d1\\workspace',
  workspacePath: 'C:\\Users\\USER\\Desktop\\Personal\\ZCode\\.tmp\\z1-native-1790566207584-b096d1\\workspace'
}
[2026-09-28 11:30:16.309] [pid:45324] [main] [host-log] (local-1) [host] [2026-09-28 11:30:16.309] [pid:38596] [zcode-agent-service][trace:999c17a4-da2d-438f-9a2d-663ca67b8ae5] ZCode Protocol session/create 完成 {"durationMs":56,"messageCount":0,"modelCurrent":"z1-local-fixture/z1-fixture","mcpServerCount":0,"persistence":"deferred","sessionId":"sess_c7528d72-3f5b-425a-ad9f-7ac68b8ab718","snapshotTraceId":"999c17a4-da2d-438f-9a2d-663ca67b8ae5","workspaceKey":"C:\\Users\\USER\\Desktop\\Personal\\ZCode\\.tmp\\z1-native-1790566207584-b096d1\\workspace","workspacePath":"C:\\Users\\USER\\Desktop\\Personal\\ZCode\\.tmp\\z1-native-1790566207584-b096d1\\workspace"}
[2026-09-28 11:30:16.310] [pid:45324] [main] [host-log] (local-1) [host] [2026-09-28 11:30:16.309] [pid:38596] [zcode-session-service][trace:999c17a4-da2d-438f-9a2d-663ca67b8ae5] [zcode-session-service] createSession agent 返回 {"durationMs":56,"mcpServerCount":0,"persistence":"deferred","snapshotTraceId":"999c17a4-da2d-438f-9a2d-663ca67b8ae5","sessionId":"sess_c7528d72-3f5b-425a-ad9f-7ac68b8ab718","workspacePath":"C:\\Users\\USER\\Desktop\\Personal\\ZCode\\.tmp\\z1-native-1790566207584-b096d1\\workspace"}
[Z1 child] [2026-09-28 11:30:16.309] [pid:38596] [zcode-session-service][trace:999c17a4-da2d-438f-9a2d-663ca67b8ae5] [zcode-session-service] createSession agent 返回 {
  durationMs: 56,
  mcpServerCount: 0,
  persistence: 'deferred',
  snapshotTraceId: '999c17a4-da2d-438f-9a2d-663ca67b8ae5',
  sessionId: 'sess_c7528d72-3f5b-425a-ad9f-7ac68b8ab718',
  workspaceIdentity: undefined,
  workspacePath: 'C:\\Users\\USER\\Desktop\\Personal\\ZCode\\.tmp\\z1-native-1790566207584-b096d1\\workspace'
}
[2026-09-28 11:30:16.343] [pid:45324] [main] [browser-use] execute start browserId=iab:063b8d1c-a9f0-492a-97ef-7790ba81b252 sessionId=sess_c7528d72-3f5b-425a-ad9f-7ac68b8ab718 method=list
[2026-09-28 11:30:16.344] [pid:45324] [main] [browser-use] execute requestId=8bccbc89-e671-4937-93f4-4298d6d43766 browserId=iab:063b8d1c-a9f0-492a-97ef-7790ba81b252 generation=1790566210053 windowId=1 sessionId=sess_c7528d72-3f5b-425a-ad9f-7ac68b8ab718 method=list
[2026-09-28 11:30:16.344] [pid:45324] [main] [browser-use] execute done sessionId=sess_c7528d72-3f5b-425a-ad9f-7ac68b8ab718 method=list ok=true elapsedMs=0
[2026-09-28 11:30:16.345] [pid:45324] [main] [browser-use] execute start browserId=iab:063b8d1c-a9f0-492a-97ef-7790ba81b252 sessionId=sess_c7528d72-3f5b-425a-ad9f-7ac68b8ab718 method=listUserTabs
[2026-09-28 11:30:16.345] [pid:45324] [main] [browser-use] execute requestId=1b4d21c5-8069-4274-8d9c-969689b3ea10 browserId=iab:063b8d1c-a9f0-492a-97ef-7790ba81b252 generation=1790566210053 windowId=1 sessionId=sess_c7528d72-3f5b-425a-ad9f-7ac68b8ab718 method=listUserTabs
[2026-09-28 11:30:16.346] [pid:45324] [main] [browser-use] execute done sessionId=sess_c7528d72-3f5b-425a-ad9f-7ac68b8ab718 method=listUserTabs ok=true elapsedMs=0
[Z1 child] [2026-09-28 11:30:16.353] [pid:38596] [settingService] reading settings from: C:\Users\USER\Desktop\Personal\ZCode\.tmp\z1-native-1790566207584-b096d1\home\.zcode\v2\setting.json
[Z1 child] [2026-09-28 11:30:16.354] [pid:38596] [settingService] read result: {"recentProjects":[],"locale":"zh-CN","localePreference":"en-US","terminalInheritSystemProfile":true,"embeddedBrowserAllowInsecureCertificates":false,"embeddedBrowserViewportPreference":{"mode":"normal","viewport":{"width":393,"height":852},"zoom":"fit"},"computerUseComposerEntryHidden":true,"taskAutoArchiveEnabled":false,"taskAutoArchiveOlderThanDays":7,"closeToTrayOnWindows":false,"closeToTrayOnWindowsMigrationInitialized":true,"keepAwakeWhileRunning":false,"desktopWindowSize":{"width":1920,"height":1080,"maximized":false},"desktopChromiumHardwareAccelerationEnabled":true,"messageStreamShowReasoning":true,"messageStreamShowReasoningMigrationInitialized":true,"messageStreamShowTodos":false,"toolGroupingExploreEnabled":true,"toolGroupingTerminalEnabled":true,"toolGroupingChangesEnabled":false,"zcodeInteractionBehavior":"queue","askUserQuestionAutoResolutionEnabled":false,"modelIoFullRetentionEnabled":false,"startPlanRecommendationDismissed":false,"providerFamilyConnectionSelections":{},"providerFamilyDomain":"zai","providerFamilyDomainMigrated":true,"nativeSearchEnhancementsEnabled":true,"memoryEnabled":false,"lastWorkspaceSession":[{"kind":"local","workspacePath":"C:\\Users\\USER\\Desktop\\Personal\\ZCode\\.tmp\\z1-native-1790566207584-b096d1\\workspace","workspacePurpose":"project"},{"kind":"local","workspacePath":"C:\\Users\\USER\\Desktop\\Personal\\ZCode\\.tmp\\z1-native-1790566207584-b096d1\\data\\.zcode\\workspace\\default","workspacePurpose":"conversation"}],"lastActiveTabIndex":0,"receivePreviewUpdates":false,"autoDownloadAndInstallUpdates":false,"skippedElectronUpdateVersions":{},"settingsSyncFirstRunPromptHandled":true}
[Z1 child] [2026-09-28 11:30:16.360] [pid:38596] [settingService] reading settings from: C:\Users\USER\Desktop\Personal\ZCode\.tmp\z1-native-1790566207584-b096d1\home\.zcode\v2\setting.json
[Z1 child] [2026-09-28 11:30:16.360] [pid:38596] [settingService] read result: {"recentProjects":[],"locale":"zh-CN","localePreference":"en-US","terminalInheritSystemProfile":true,"embeddedBrowserAllowInsecureCertificates":false,"embeddedBrowserViewportPreference":{"mode":"normal","viewport":{"width":393,"height":852},"zoom":"fit"},"computerUseComposerEntryHidden":true,"taskAutoArchiveEnabled":false,"taskAutoArchiveOlderThanDays":7,"closeToTrayOnWindows":false,"closeToTrayOnWindowsMigrationInitialized":true,"keepAwakeWhileRunning":false,"desktopWindowSize":{"width":1920,"height":1080,"maximized":false},"desktopChromiumHardwareAccelerationEnabled":true,"messageStreamShowReasoning":true,"messageStreamShowReasoningMigrationInitialized":true,"messageStreamShowTodos":false,"toolGroupingExploreEnabled":true,"toolGroupingTerminalEnabled":true,"toolGroupingChangesEnabled":false,"zcodeInteractionBehavior":"queue","askUserQuestionAutoResolutionEnabled":false,"modelIoFullRetentionEnabled":false,"startPlanRecommendationDismissed":false,"providerFamilyConnectionSelections":{},"providerFamilyDomain":"zai","providerFamilyDomainMigrated":true,"nativeSearchEnhancementsEnabled":true,"memoryEnabled":false,"lastWorkspaceSession":[{"kind":"local","workspacePath":"C:\\Users\\USER\\Desktop\\Personal\\ZCode\\.tmp\\z1-native-1790566207584-b096d1\\workspace","workspacePurpose":"project"},{"kind":"local","workspacePath":"C:\\Users\\USER\\Desktop\\Personal\\ZCode\\.tmp\\z1-native-1790566207584-b096d1\\data\\.zcode\\workspace\\default","workspacePurpose":"conversation"}],"lastActiveTabIndex":0,"receivePreviewUpdates":false,"autoDownloadAndInstallUpdates":false,"skippedElectronUpdateVersions":{},"settingsSyncFirstRunPromptHandled":true}
[Z1 child] [2026-09-28 11:30:16.361] [pid:38596] [zcode-host] [rpc:call] graphEngineering.getWorkspace OK (187.5ms)
[2026-09-28 11:30:16.361] [pid:45324] [main] [host-log] (local-1) [host] [2026-09-28 11:30:16.361] [pid:38596] [zcode-host] [rpc:call] graphEngineering.getWorkspace OK (187.5ms)
[Z1 child] [2026-09-28 11:30:16.361] [pid:38596] [settingService] reading settings from: C:\Users\USER\Desktop\Personal\ZCode\.tmp\z1-native-1790566207584-b096d1\home\.zcode\v2\setting.json
[2026-09-28 11:30:16.361] [pid:38596] [settingService] read result: {"recentProjects":[],"locale":"zh-CN","localePreference":"en-US","terminalInheritSystemProfile":true,"embeddedBrowserAllowInsecureCertificates":false,"embeddedBrowserViewportPreference":{"mode":"normal","viewport":{"width":393,"height":852},"zoom":"fit"},"computerUseComposerEntryHidden":true,"taskAutoArchiveEnabled":false,"taskAutoArchiveOlderThanDays":7,"closeToTrayOnWindows":false,"closeToTrayOnWindowsMigrationInitialized":true,"keepAwakeWhileRunning":false,"desktopWindowSize":{"width":1920,"height":1080,"maximized":false},"desktopChromiumHardwareAccelerationEnabled":true,"messageStreamShowReasoning":true,"messageStreamShowReasoningMigrationInitialized":true,"messageStreamShowTodos":false,"toolGroupingExploreEnabled":true,"toolGroupingTerminalEnabled":true,"toolGroupingChangesEnabled":false,"zcodeInteractionBehavior":"queue","askUserQuestionAutoResolutionEnabled":false,"modelIoFullRetentionEnabled":false,"startPlanRecommendationDismissed":false,"providerFamilyConnectionSelections":{},"providerFamilyDomain":"zai","providerFamilyDomainMigrated":true,"nativeSearchEnhancementsEnabled":true,"memoryEnabled":false,"lastWorkspaceSession":[{"kind":"local","workspacePath":"C:\\Users\\USER\\Desktop\\Personal\\ZCode\\.tmp\\z1-native-1790566207584-b096d1\\workspace","workspacePurpose":"project"},{"kind":"local","workspacePath":"C:\\Users\\USER\\Desktop\\Personal\\ZCode\\.tmp\\z1-native-1790566207584-b096d1\\data\\.zcode\\workspace\\default","workspacePurpose":"conversation"}],"lastActiveTabIndex":0,"receivePreviewUpdates":false,"autoDownloadAndInstallUpdates":false,"skippedElectronUpdateVersions":{},"settingsSyncFirstRunPromptHandled":true}
[Z1 child] [2026-09-28 11:30:16.362] [pid:38596] [zcode-host] [rpc:call] graphEngineering.getWorkspace OK (109.0ms)
[2026-09-28 11:30:16.362] [pid:45324] [main] [host-log] (local-1) [host] [2026-09-28 11:30:16.362] [pid:38596] [zcode-host] [rpc:call] graphEngineering.getWorkspace OK (109.0ms)
[Z1 child] [2026-09-28 11:30:16.362] [pid:38596] [settingService] reading settings from: C:\Users\USER\Desktop\Personal\ZCode\.tmp\z1-native-1790566207584-b096d1\home\.zcode\v2\setting.json
[2026-09-28 11:30:16.363] [pid:38596] [settingService] read result: {"recentProjects":[],"locale":"zh-CN","localePreference":"en-US","terminalInheritSystemProfile":true,"embeddedBrowserAllowInsecureCertificates":false,"embeddedBrowserViewportPreference":{"mode":"normal","viewport":{"width":393,"height":852},"zoom":"fit"},"computerUseComposerEntryHidden":true,"taskAutoArchiveEnabled":false,"taskAutoArchiveOlderThanDays":7,"closeToTrayOnWindows":false,"closeToTrayOnWindowsMigrationInitialized":true,"keepAwakeWhileRunning":false,"desktopWindowSize":{"width":1920,"height":1080,"maximized":false},"desktopChromiumHardwareAccelerationEnabled":true,"messageStreamShowReasoning":true,"messageStreamShowReasoningMigrationInitialized":true,"messageStreamShowTodos":false,"toolGroupingExploreEnabled":true,"toolGroupingTerminalEnabled":true,"toolGroupingChangesEnabled":false,"zcodeInteractionBehavior":"queue","askUserQuestionAutoResolutionEnabled":false,"modelIoFullRetentionEnabled":false,"startPlanRecommendationDismissed":false,"providerFamilyConnectionSelections":{},"providerFamilyDomain":"zai","providerFamilyDomainMigrated":true,"nativeSearchEnhancementsEnabled":true,"memoryEnabled":false,"lastWorkspaceSession":[{"kind":"local","workspacePath":"C:\\Users\\USER\\Desktop\\Personal\\ZCode\\.tmp\\z1-native-1790566207584-b096d1\\workspace","workspacePurpose":"project"},{"kind":"local","workspacePath":"C:\\Users\\USER\\Desktop\\Personal\\ZCode\\.tmp\\z1-native-1790566207584-b096d1\\data\\.zcode\\workspace\\default","workspacePurpose":"conversation"}],"lastActiveTabIndex":0,"receivePreviewUpdates":false,"autoDownloadAndInstallUpdates":false,"skippedElectronUpdateVersions":{},"settingsSyncFirstRunPromptHandled":true}
[Z1 child] [2026-09-28 11:30:16.363] [pid:38596] [zcode-host] [rpc:call] graphEngineering.getWorkspace OK (51.0ms)
[2026-09-28 11:30:16.364] [pid:45324] [main] [host-log] (local-1) [host] [2026-09-28 11:30:16.363] [pid:38596] [zcode-host] [rpc:call] graphEngineering.getWorkspace OK (51.0ms)
[Z1 child] [2026-09-28 11:30:16.363] [pid:38596] [settingService] reading settings from: C:\Users\USER\Desktop\Personal\ZCode\.tmp\z1-native-1790566207584-b096d1\home\.zcode\v2\setting.json
[2026-09-28 11:30:16.364] [pid:38596] [settingService] read result: {"recentProjects":[],"locale":"zh-CN","localePreference":"en-US","terminalInheritSystemProfile":true,"embeddedBrowserAllowInsecureCertificates":false,"embeddedBrowserViewportPreference":{"mode":"normal","viewport":{"width":393,"height":852},"zoom":"fit"},"computerUseComposerEntryHidden":true,"taskAutoArchiveEnabled":false,"taskAutoArchiveOlderThanDays":7,"closeToTrayOnWindows":false,"closeToTrayOnWindowsMigrationInitialized":true,"keepAwakeWhileRunning":false,"desktopWindowSize":{"width":1920,"height":1080,"maximized":false},"desktopChromiumHardwareAccelerationEnabled":true,"messageStreamShowReasoning":true,"messageStreamShowReasoningMigrationInitialized":true,"messageStreamShowTodos":false,"toolGroupingExploreEnabled":true,"toolGroupingTerminalEnabled":true,"toolGroupingChangesEnabled":false,"zcodeInteractionBehavior":"queue","askUserQuestionAutoResolutionEnabled":false,"modelIoFullRetentionEnabled":false,"startPlanRecommendationDismissed":false,"providerFamilyConnectionSelections":{},"providerFamilyDomain":"zai","providerFamilyDomainMigrated":true,"nativeSearchEnhancementsEnabled":true,"memoryEnabled":false,"lastWorkspaceSession":[{"kind":"local","workspacePath":"C:\\Users\\USER\\Desktop\\Personal\\ZCode\\.tmp\\z1-native-1790566207584-b096d1\\workspace","workspacePurpose":"project"},{"kind":"local","workspacePath":"C:\\Users\\USER\\Desktop\\Personal\\ZCode\\.tmp\\z1-native-1790566207584-b096d1\\data\\.zcode\\workspace\\default","workspacePurpose":"conversation"}],"lastActiveTabIndex":0,"receivePreviewUpdates":false,"autoDownloadAndInstallUpdates":false,"skippedElectronUpdateVersions":{},"settingsSyncFirstRunPromptHandled":true}
[Z1 child] [2026-09-28 11:30:16.364] [pid:38596] [zcode-host] [rpc:call] graphEngineering.getWorkspace OK (21.8ms)
[2026-09-28 11:30:16.365] [pid:45324] [main] [host-log] (local-1) [host] [2026-09-28 11:30:16.364] [pid:38596] [zcode-host] [rpc:call] graphEngineering.getWorkspace OK (21.8ms)
[Z1 child] [2026-09-28 11:30:16.365] [pid:38596] [settingService] reading settings from: C:\Users\USER\Desktop\Personal\ZCode\.tmp\z1-native-1790566207584-b096d1\home\.zcode\v2\setting.json
[2026-09-28 11:30:16.365] [pid:38596] [settingService] read result: {"recentProjects":[],"locale":"zh-CN","localePreference":"en-US","terminalInheritSystemProfile":true,"embeddedBrowserAllowInsecureCertificates":false,"embeddedBrowserViewportPreference":{"mode":"normal","viewport":{"width":393,"height":852},"zoom":"fit"},"computerUseComposerEntryHidden":true,"taskAutoArchiveEnabled":false,"taskAutoArchiveOlderThanDays":7,"closeToTrayOnWindows":false,"closeToTrayOnWindowsMigrationInitialized":true,"keepAwakeWhileRunning":false,"desktopWindowSize":{"width":1920,"height":1080,"maximized":false},"desktopChromiumHardwareAccelerationEnabled":true,"messageStreamShowReasoning":true,"messageStreamShowReasoningMigrationInitialized":true,"messageStreamShowTodos":false,"toolGroupingExploreEnabled":true,"toolGroupingTerminalEnabled":true,"toolGroupingChangesEnabled":false,"zcodeInteractionBehavior":"queue","askUserQuestionAutoResolutionEnabled":false,"modelIoFullRetentionEnabled":false,"startPlanRecommendationDismissed":false,"providerFamilyConnectionSelections":{},"providerFamilyDomain":"zai","providerFamilyDomainMigrated":true,"nativeSearchEnhancementsEnabled":true,"memoryEnabled":false,"lastWorkspaceSession":[{"kind":"local","workspacePath":"C:\\Users\\USER\\Desktop\\Personal\\ZCode\\.tmp\\z1-native-1790566207584-b096d1\\workspace","workspacePurpose":"project"},{"kind":"local","workspacePath":"C:\\Users\\USER\\Desktop\\Personal\\ZCode\\.tmp\\z1-native-1790566207584-b096d1\\data\\.zcode\\workspace\\default","workspacePurpose":"conversation"}],"lastActiveTabIndex":0,"receivePreviewUpdates":false,"autoDownloadAndInstallUpdates":false,"skippedElectronUpdateVersions":{},"settingsSyncFirstRunPromptHandled":true}
[Z1 child] [2026-09-28 11:30:16.365] [pid:38596] [zcode-host] [rpc:call] graphEngineering.getWorkspace OK (5.3ms)
[2026-09-28 11:30:16.366] [pid:45324] [main] [host-log] (local-1) [host] [2026-09-28 11:30:16.365] [pid:38596] [zcode-host] [rpc:call] graphEngineering.getWorkspace OK (5.3ms)
[Z1 child] [2026-09-28 11:30:16.733] [pid:38596] [cua-pip-session] [cua-pip-session] event delivery dropped {
  eventId: '1ce5dd93-185b-432e-9bb5-113b32ff39df',
  kind: 'turn-started',
  sequenceNumber: 3,
  sessionId: 'sess_c7528d72-3f5b-425a-ad9f-7ac68b8ab718',
  turnId: 'turn_87c0bbe5-5346-495e-a32f-14e1ce55a79e',
  skipReason: 'service-disabled'
}
[2026-09-28 11:30:16.733] [pid:45324] [main] [host-log] (local-1) [host] [2026-09-28 11:30:16.733] [pid:38596] [cua-pip-session] [cua-pip-session] event delivery dropped {"eventId":"1ce5dd93-185b-432e-9bb5-113b32ff39df","kind":"turn-started","sequenceNumber":3,"sessionId":"sess_c7528d72-3f5b-425a-ad9f-7ac68b8ab718","turnId":"turn_87c0bbe5-5346-495e-a32f-14e1ce55a79e","skipReason":"service-disabled"}
[Z1 child] [2026-09-28 11:30:16.781] [pid:38596] [settingService] reading settings from: C:\Users\USER\Desktop\Personal\ZCode\.tmp\z1-native-1790566207584-b096d1\home\.zcode\v2\setting.json
[Z1 child] [2026-09-28 11:30:16.781] [pid:38596] [settingService] read result: {"recentProjects":[],"locale":"zh-CN","localePreference":"en-US","terminalInheritSystemProfile":true,"embeddedBrowserAllowInsecureCertificates":false,"embeddedBrowserViewportPreference":{"mode":"normal","viewport":{"width":393,"height":852},"zoom":"fit"},"computerUseComposerEntryHidden":true,"taskAutoArchiveEnabled":false,"taskAutoArchiveOlderThanDays":7,"closeToTrayOnWindows":false,"closeToTrayOnWindowsMigrationInitialized":true,"keepAwakeWhileRunning":false,"desktopWindowSize":{"width":1920,"height":1080,"maximized":false},"desktopChromiumHardwareAccelerationEnabled":true,"messageStreamShowReasoning":true,"messageStreamShowReasoningMigrationInitialized":true,"messageStreamShowTodos":false,"toolGroupingExploreEnabled":true,"toolGroupingTerminalEnabled":true,"toolGroupingChangesEnabled":false,"zcodeInteractionBehavior":"queue","askUserQuestionAutoResolutionEnabled":false,"modelIoFullRetentionEnabled":false,"startPlanRecommendationDismissed":false,"providerFamilyConnectionSelections":{},"providerFamilyDomain":"zai","providerFamilyDomainMigrated":true,"nativeSearchEnhancementsEnabled":true,"memoryEnabled":false,"lastWorkspaceSession":[{"kind":"local","workspacePath":"C:\\Users\\USER\\Desktop\\Personal\\ZCode\\.tmp\\z1-native-1790566207584-b096d1\\workspace","workspacePurpose":"project"},{"kind":"local","workspacePath":"C:\\Users\\USER\\Desktop\\Personal\\ZCode\\.tmp\\z1-native-1790566207584-b096d1\\data\\.zcode\\workspace\\default","workspacePurpose":"conversation"}],"lastActiveTabIndex":0,"receivePreviewUpdates":false,"autoDownloadAndInstallUpdates":false,"skippedElectronUpdateVersions":{},"settingsSyncFirstRunPromptHandled":true}
[Z1 child] [2026-09-28 11:30:16.782] [pid:38596] [zcode-host] [rpc:call] graphEngineering.getWorkspace OK (1.0ms)
[2026-09-28 11:30:16.782] [pid:45324] [main] [host-log] (local-1) [host] [2026-09-28 11:30:16.782] [pid:38596] [zcode-host] [rpc:call] graphEngineering.getWorkspace OK (1.0ms)
[Z1 child] [2026-09-28 11:30:16.804] [pid:38596] [zcode-task-index-syncer] [list-refresh-trace] emitWorkspaceTaskListChanged reason=task_created taskId=sess_c7528d72-3f5b-425a-ad9f-7ac68b8ab718 workspace=C:\Users\USER\Desktop\Personal\ZCode\.tmp\z1-native-1790566207584-b096d1\workspace hasMeta=true
[Z1 child] [2026-09-28 11:30:16.808] [pid:38596] [zcode-host] [rpc:call] zcode-task.listPinnedTaskIds OK (0.1ms)
[2026-09-28 11:30:16.808] [pid:45324] [main] [host-log] (local-1) [host] [2026-09-28 11:30:16.808] [pid:38596] [zcode-host] [rpc:call] zcode-task.listPinnedTaskIds OK (0.1ms)
[2026-09-28 11:30:16.809] [pid:45324] [main] [host-log] (local-1) [host] [2026-09-28 11:30:16.808] [pid:38596] [zcode-host] [rpc:call] zcode-task.listArchivedTasks OK (0.1ms)
[2026-09-28 11:30:16.810] [pid:45324] [main] [host-log] (local-1) [host] [2026-09-28 11:30:16.808] [pid:38596] [zcode-host] [rpc:call] zcode-task.listTasks OK (0.2ms)
[2026-09-28 11:30:16.811] [pid:45324] [main] [host-log] (local-1) [host] [2026-09-28 11:30:16.809] [pid:38596] [zcode-host] [rpc:call] zcode-task.listPinnedTasks OK (0.1ms)
[2026-09-28 11:30:16.811] [pid:45324] [main] [host-log] (local-1) [host] [2026-09-28 11:30:16.809] [pid:38596] [zcode-host] [rpc:call] zcode-task.listDeletedTaskIds OK (0.1ms)
[Z1 child] [2026-09-28 11:30:16.808] [pid:38596] [zcode-host] [rpc:call] zcode-task.listArchivedTasks OK (0.1ms)
[2026-09-28 11:30:16.808] [pid:38596] [zcode-host] [rpc:call] zcode-task.listTasks OK (0.2ms)
[2026-09-28 11:30:16.809] [pid:38596] [zcode-host] [rpc:call] zcode-task.listPinnedTasks OK (0.1ms)
[2026-09-28 11:30:16.809] [pid:38596] [zcode-host] [rpc:call] zcode-task.listDeletedTaskIds OK (0.1ms)
[2026-09-28 11:30:16.811] [pid:38596] [zcode-host] [rpc:call] window-controller.listTaskList OK (0.1ms)
[2026-09-28 11:30:16.812] [pid:45324] [main] [host-log] (local-1) [host] [2026-09-28 11:30:16.811] [pid:38596] [zcode-host] [rpc:call] window-controller.listTaskList OK (0.1ms)
[Z1 child] [2026-09-28 11:30:16.836] [pid:38596] [settingService] reading settings from: C:\Users\USER\Desktop\Personal\ZCode\.tmp\z1-native-1790566207584-b096d1\home\.zcode\v2\setting.json
[Z1 child] [2026-09-28 11:30:16.837] [pid:38596] [settingService] read result: {"recentProjects":[],"locale":"zh-CN","localePreference":"en-US","terminalInheritSystemProfile":true,"embeddedBrowserAllowInsecureCertificates":false,"embeddedBrowserViewportPreference":{"mode":"normal","viewport":{"width":393,"height":852},"zoom":"fit"},"computerUseComposerEntryHidden":true,"taskAutoArchiveEnabled":false,"taskAutoArchiveOlderThanDays":7,"closeToTrayOnWindows":false,"closeToTrayOnWindowsMigrationInitialized":true,"keepAwakeWhileRunning":false,"desktopWindowSize":{"width":1920,"height":1080,"maximized":false},"desktopChromiumHardwareAccelerationEnabled":true,"messageStreamShowReasoning":true,"messageStreamShowReasoningMigrationInitialized":true,"messageStreamShowTodos":false,"toolGroupingExploreEnabled":true,"toolGroupingTerminalEnabled":true,"toolGroupingChangesEnabled":false,"zcodeInteractionBehavior":"queue","askUserQuestionAutoResolutionEnabled":false,"modelIoFullRetentionEnabled":false,"startPlanRecommendationDismissed":false,"providerFamilyConnectionSelections":{},"providerFamilyDomain":"zai","providerFamilyDomainMigrated":true,"nativeSearchEnhancementsEnabled":true,"memoryEnabled":false,"lastWorkspaceSession":[{"kind":"local","workspacePath":"C:\\Users\\USER\\Desktop\\Personal\\ZCode\\.tmp\\z1-native-1790566207584-b096d1\\workspace","workspacePurpose":"project"},{"kind":"local","workspacePath":"C:\\Users\\USER\\Desktop\\Personal\\ZCode\\.tmp\\z1-native-1790566207584-b096d1\\data\\.zcode\\workspace\\default","workspacePurpose":"conversation"}],"lastActiveTabIndex":0,"receivePreviewUpdates":false,"autoDownloadAndInstallUpdates":false,"skippedElectronUpdateVersions":{},"settingsSyncFirstRunPromptHandled":true}
[Z1 child] [2026-09-28 11:30:16.837] [pid:38596] [zcode-host] [rpc:call] graphEngineering.getWorkspace OK (1.0ms)
[2026-09-28 11:30:16.838] [pid:45324] [main] [host-log] (local-1) [host] [2026-09-28 11:30:16.837] [pid:38596] [zcode-host] [rpc:call] graphEngineering.getWorkspace OK (1.0ms)
[Z1 child] [2026-09-28 11:30:16.878] [pid:38596] [settingService] reading settings from: C:\Users\USER\Desktop\Personal\ZCode\.tmp\z1-native-1790566207584-b096d1\home\.zcode\v2\setting.json
[Z1 child] [2026-09-28 11:30:16.878] [pid:38596] [settingService] read result: {"recentProjects":[],"locale":"zh-CN","localePreference":"en-US","terminalInheritSystemProfile":true,"embeddedBrowserAllowInsecureCertificates":false,"embeddedBrowserViewportPreference":{"mode":"normal","viewport":{"width":393,"height":852},"zoom":"fit"},"computerUseComposerEntryHidden":true,"taskAutoArchiveEnabled":false,"taskAutoArchiveOlderThanDays":7,"closeToTrayOnWindows":false,"closeToTrayOnWindowsMigrationInitialized":true,"keepAwakeWhileRunning":false,"desktopWindowSize":{"width":1920,"height":1080,"maximized":false},"desktopChromiumHardwareAccelerationEnabled":true,"messageStreamShowReasoning":true,"messageStreamShowReasoningMigrationInitialized":true,"messageStreamShowTodos":false,"toolGroupingExploreEnabled":true,"toolGroupingTerminalEnabled":true,"toolGroupingChangesEnabled":false,"zcodeInteractionBehavior":"queue","askUserQuestionAutoResolutionEnabled":false,"modelIoFullRetentionEnabled":false,"startPlanRecommendationDismissed":false,"providerFamilyConnectionSelections":{},"providerFamilyDomain":"zai","providerFamilyDomainMigrated":true,"nativeSearchEnhancementsEnabled":true,"memoryEnabled":false,"lastWorkspaceSession":[{"kind":"local","workspacePath":"C:\\Users\\USER\\Desktop\\Personal\\ZCode\\.tmp\\z1-native-1790566207584-b096d1\\workspace","workspacePurpose":"project"},{"kind":"local","workspacePath":"C:\\Users\\USER\\Desktop\\Personal\\ZCode\\.tmp\\z1-native-1790566207584-b096d1\\data\\.zcode\\workspace\\default","workspacePurpose":"conversation"}],"lastActiveTabIndex":0,"receivePreviewUpdates":false,"autoDownloadAndInstallUpdates":false,"skippedElectronUpdateVersions":{},"settingsSyncFirstRunPromptHandled":true}
[Z1 child] [2026-09-28 11:30:16.879] [pid:38596] [zcode-host] [rpc:call] graphEngineering.getWorkspace OK (1.2ms)
[2026-09-28 11:30:16.879] [pid:45324] [main] [host-log] (local-1) [host] [2026-09-28 11:30:16.879] [pid:38596] [zcode-host] [rpc:call] graphEngineering.getWorkspace OK (1.2ms)
[Z1 child] [2026-09-28 11:30:17.054] [pid:38596] [cua-pip-session] [cua-pip-session] event delivery dropped {
  kind: 'focus-changed',
  revision: 4,
  sessionId: 'sess_c7528d72-3f5b-425a-ad9f-7ac68b8ab718',
  sourceWindowId: 'window-1',
  skipReason: 'service-disabled'
}
[2026-09-28 11:30:17.055] [pid:45324] [main] [host-log] (local-1) [host] [2026-09-28 11:30:17.054] [pid:38596] [cua-pip-session] [cua-pip-session] event delivery dropped {"kind":"focus-changed","revision":4,"sessionId":"sess_c7528d72-3f5b-425a-ad9f-7ac68b8ab718","sourceWindowId":"window-1","skipReason":"service-disabled"}
[2026-09-28 11:30:17.059] [pid:45324] [renderer] v4 workspace connection reused {
  event: 'v4.workspace_connection.reused',
  isRemote: false,
  key: '__base__ C:\\Users\\USER\\Desktop\\Personal\\ZCode\\.tmp\\z1-native-1790566207584-b096d1\\workspace',
  module: 'ui.v4.workspace_connection_registry',
  refCount: 1,
  serviceGeneration: 1,
  status: 'completed'
}
INFO: Could not find files for the given pattern(s).
INFO: Could not find files for the given pattern(s).
[Z1 child] [2026-09-28 11:30:17.075] [pid:38596] [zcode-host] [rpc:call] zcode-task.getTaskSessionFilePath OK (0.0ms)
[2026-09-28 11:30:17.076] [pid:38596] [zcode-host] [rpc:call] zcode-task.getTaskNativeSessionLogFile OK (0.3ms)
[2026-09-28 11:30:17.076] [pid:38596] [settingService] reading settings from: C:\Users\USER\Desktop\Personal\ZCode\.tmp\z1-native-1790566207584-b096d1\home\.zcode\v2\setting.json
[2026-09-28 11:30:17.076] [pid:38596] [zcode-host] [rpc:listen] zcode-agent.onAgentRuntimeLifecycle subscribed
[2026-09-28 11:30:17.076] [pid:38596] [zcode-host] [rpc:listen] graphEngineering.onDidChange subscribed
[2026-09-28 11:30:17.076] [pid:38596] [zcode-host] [rpc:call] graphEngineering.isSessionOwned OK (0.1ms)
[2026-09-28 11:30:17.076] [pid:38596] [zcode-host] [rpc:listen] model-selection.onDidChange subscribed
[2026-09-28 11:30:17.076] [pid:38596] [zcode-host] [rpc:listen] zcode-agent.onAgentRuntimeRestarted subscribed
[2026-09-28 11:30:17.077] [pid:38596] [settingService] read result: {"recentProjects":[],"locale":"zh-CN","localePreference":"en-US","terminalInheritSystemProfile":true,"embeddedBrowserAllowInsecureCertificates":false,"embeddedBrowserViewportPreference":{"mode":"normal","viewport":{"width":393,"height":852},"zoom":"fit"},"computerUseComposerEntryHidden":true,"taskAutoArchiveEnabled":false,"taskAutoArchiveOlderThanDays":7,"closeToTrayOnWindows":false,"closeToTrayOnWindowsMigrationInitialized":true,"keepAwakeWhileRunning":false,"desktopWindowSize":{"width":1920,"height":1080,"maximized":false},"desktopChromiumHardwareAccelerationEnabled":true,"messageStreamShowReasoning":true,"messageStreamShowReasoningMigrationInitialized":true,"messageStreamShowTodos":false,"toolGroupingExploreEnabled":true,"toolGroupingTerminalEnabled":true,"toolGroupingChangesEnabled":false,"zcodeInteractionBehavior":"queue","askUserQuestionAutoResolutionEnabled":false,"modelIoFullRetentionEnabled":false,"startPlanRecommendationDismissed":false,"providerFamilyConnectionSelections":{},"providerFamilyDomain":"zai","providerFamilyDomainMigrated":true,"nativeSearchEnhancementsEnabled":true,"memoryEnabled":false,"lastWorkspaceSession":[{"kind":"local","workspacePath":"C:\\Users\\USER\\Desktop\\Personal\\ZCode\\.tmp\\z1-native-1790566207584-b096d1\\workspace","workspacePurpose":"project"},{"kind":"local","workspacePath":"C:\\Users\\USER\\Desktop\\Personal\\ZCode\\.tmp\\z1-native-1790566207584-b096d1\\data\\.zcode\\workspace\\default","workspacePurpose":"conversation"}],"lastActiveTabIndex":0,"receivePreviewUpdates":false,"autoDownloadAndInstallUpdates":false,"skippedElectronUpdateVersions":{},"settingsSyncFirstRunPromptHandled":true}
[2026-09-28 11:30:17.077] [pid:38596] [zcode-host] [rpc:call] setting.get OK (1.0ms)
[2026-09-28 11:30:17.077] [pid:38596] [zcode-host] [rpc:call] zcode-task.getTaskNativeSessionLogFile OK (0.2ms)
[2026-09-28 11:30:17.077] [pid:38596] [zcode-host] [rpc:call] zcode-task.getTaskSessionFilePath OK (0.0ms)
[2026-09-28 11:30:17.078] [pid:38596] [zcode-host] [rpc:call] model-selection.getView OK (1.4ms)
[2026-09-28 11:30:17.089] [pid:38596] [zcode-host] [rpc:call] zcode-agent.conversationWorkflowRunsV4 OK (1.1ms)
[2026-09-28 11:30:17.090] [pid:38596] [zcode-host] [rpc:call] zcode-agent.subscribeConversationV4 OK (1.9ms)
[2026-09-28 11:30:17.128] [pid:38596] [zcode-host] [rpc:listen] model-selection.onDidChange subscribed
[2026-09-28 11:30:17.130] [pid:38596] [zcode-host] [rpc:call] model-selection.getView OK (1.0ms)
[2026-09-28 11:30:17.137] [pid:38596] [zcode-host] [rpc:call] zcode-agent.conversationPlansV4 OK (1.0ms)
[2026-09-28 11:30:17.346] [pid:45324] [main] [host-log] (local-1) [host] [2026-09-28 11:30:17.075] [pid:38596] [zcode-host] [rpc:call] zcode-task.getTaskSessionFilePath OK (0.0ms)
[2026-09-28 11:30:17.346] [pid:45324] [renderer] v4 conversation store connect started {
  event: 'v4.conversation.store.connect.started',
  generation: 1,
  hasBase: false,
  module: 'ui.v4.conversation_projection_store',
  status: 'started',
  topic: 'conversation/sess_c7528d72-3f5b-425a-ad9f-7ac68b8ab718'
}
[2026-09-28 11:30:17.347] [pid:45324] [renderer] v4 conversation subscription started {
  workspaceKey: 'C:\\Users\\USER\\Desktop\\Personal\\ZCode\\.tmp\\z1-native-1790566207584-b096d1\\workspace',
  workspacePath: 'C:\\Users\\USER\\Desktop\\Personal\\ZCode\\.tmp\\z1-native-1790566207584-b096d1\\workspace',
  event: 'v4.conversation.subscribe.started',
  module: 'ui.v4.conversation_transport',
  runtimeGeneration: 0,
  sessionId: 'sess_c7528d72-3f5b-425a-ad9f-7ac68b8ab718',
  status: 'started',
  topic: 'conversation/sess_c7528d72-3f5b-425a-ad9f-7ac68b8ab718'
}
[2026-09-28 11:30:17.348] [pid:45324] [renderer] v4 session data lease acquired {
  event: 'v4.session_data.acquire',
  keepWarm: false,
  module: 'ui.v4.session_data_layer',
  openKind: 'cold',
  refCount: 1,
  sessionId: 'sess_c7528d72-3f5b-425a-ad9f-7ac68b8ab718',
  status: 'completed',
  topic: 'conversation/sess_c7528d72-3f5b-425a-ad9f-7ac68b8ab718'
}
[2026-09-28 11:30:17.349] [pid:45324] [renderer] v4 conversation subscription acknowledged {
  workspaceKey: 'C:\\Users\\USER\\Desktop\\Personal\\ZCode\\.tmp\\z1-native-1790566207584-b096d1\\workspace',
  workspacePath: 'C:\\Users\\USER\\Desktop\\Personal\\ZCode\\.tmp\\z1-native-1790566207584-b096d1\\workspace',
  durationMs: 17,
  event: 'v4.conversation.subscribe.acknowledged',
  module: 'ui.v4.conversation_transport',
  runtimeGeneration: 0,
  sessionId: 'sess_c7528d72-3f5b-425a-ad9f-7ac68b8ab718',
  status: 'completed',
  subscriptionId: 'sub-mukow6t7-ew6dccb6-2',
  topic: 'conversation/sess_c7528d72-3f5b-425a-ad9f-7ac68b8ab718'
}
[2026-09-28 11:30:17.349] [pid:45324] [renderer] v4 conversation subscription activated {
  workspaceKey: 'C:\\Users\\USER\\Desktop\\Personal\\ZCode\\.tmp\\z1-native-1790566207584-b096d1\\workspace',
  workspacePath: 'C:\\Users\\USER\\Desktop\\Personal\\ZCode\\.tmp\\z1-native-1790566207584-b096d1\\workspace',
  event: 'v4.conversation.subscribe.activated',
  module: 'ui.v4.conversation_transport',
  runtimeGeneration: 0,
  status: 'completed',
  subscriptionId: 'sub-mukow6t7-ew6dccb6-2',
  topic: 'conversation/sess_c7528d72-3f5b-425a-ad9f-7ac68b8ab718'
}
[2026-09-28 11:30:17.350] [pid:45324] [renderer] v4 conversation store connect completed {
  durationMs: 24,
  event: 'v4.conversation.store.connect.completed',
  generation: 1,
  logEpoch: 'mukow6t7-ew6dccb6',
  mode: 'snapshot',
  module: 'ui.v4.conversation_projection_store',
  status: 'completed',
  subscriptionId: 'sub-mukow6t7-ew6dccb6-2',
  topic: 'conversation/sess_c7528d72-3f5b-425a-ad9f-7ac68b8ab718'
}
[2026-09-28 11:30:17.352] [pid:45324] [main] [host-log] (local-1) [host] [2026-09-28 11:30:17.076] [pid:38596] [zcode-host] [rpc:call] zcode-task.getTaskNativeSessionLogFile OK (0.3ms)
[2026-09-28 11:30:17.353] [pid:45324] [main] [host-log] (local-1) [host] [2026-09-28 11:30:17.076] [pid:38596] [zcode-host] [rpc:listen] zcode-agent.onAgentRuntimeLifecycle subscribed
[2026-09-28 11:30:17.354] [pid:45324] [main] [host-log] (local-1) [host] [2026-09-28 11:30:17.076] [pid:38596] [zcode-host] [rpc:listen] graphEngineering.onDidChange subscribed
[2026-09-28 11:30:17.354] [pid:45324] [main] [host-log] (local-1) [host] [2026-09-28 11:30:17.076] [pid:38596] [zcode-host] [rpc:call] graphEngineering.isSessionOwned OK (0.1ms)
[2026-09-28 11:30:17.355] [pid:45324] [main] [host-log] (local-1) [host] [2026-09-28 11:30:17.076] [pid:38596] [zcode-host] [rpc:listen] model-selection.onDidChange subscribed
[2026-09-28 11:30:17.355] [pid:45324] [main] [host-log] (local-1) [host] [2026-09-28 11:30:17.076] [pid:38596] [zcode-host] [rpc:listen] zcode-agent.onAgentRuntimeRestarted subscribed
[2026-09-28 11:30:17.356] [pid:45324] [main] [host-log] (local-1) [host] [2026-09-28 11:30:17.077] [pid:38596] [zcode-host] [rpc:call] setting.get OK (1.0ms)
[2026-09-28 11:30:17.357] [pid:45324] [main] [host-log] (local-1) [host] [2026-09-28 11:30:17.077] [pid:38596] [zcode-host] [rpc:call] zcode-task.getTaskNativeSessionLogFile OK (0.2ms)
[2026-09-28 11:30:17.357] [pid:45324] [main] [host-log] (local-1) [host] [2026-09-28 11:30:17.077] [pid:38596] [zcode-host] [rpc:call] zcode-task.getTaskSessionFilePath OK (0.0ms)
[2026-09-28 11:30:17.358] [pid:45324] [main] [host-log] (local-1) [host] [2026-09-28 11:30:17.078] [pid:38596] [zcode-host] [rpc:call] model-selection.getView OK (1.4ms)
[2026-09-28 11:30:17.359] [pid:45324] [main] [host-log] (local-1) [host] [2026-09-28 11:30:17.089] [pid:38596] [zcode-host] [rpc:call] zcode-agent.conversationWorkflowRunsV4 OK (1.1ms)
[2026-09-28 11:30:17.359] [pid:45324] [main] [host-log] (local-1) [host] [2026-09-28 11:30:17.090] [pid:38596] [zcode-host] [rpc:call] zcode-agent.subscribeConversationV4 OK (1.9ms)
[2026-09-28 11:30:17.360] [pid:45324] [main] [host-log] (local-1) [host] [2026-09-28 11:30:17.128] [pid:38596] [zcode-host] [rpc:listen] model-selection.onDidChange subscribed
[2026-09-28 11:30:17.360] [pid:45324] [main] [host-log] (local-1) [host] [2026-09-28 11:30:17.130] [pid:38596] [zcode-host] [rpc:call] model-selection.getView OK (1.0ms)
[2026-09-28 11:30:17.361] [pid:45324] [main] [host-log] (local-1) [host] [2026-09-28 11:30:17.137] [pid:38596] [zcode-host] [rpc:call] zcode-agent.conversationPlansV4 OK (1.0ms)
[Z1 child] [2026-09-28 11:30:17.438] [pid:38596] [settingService] reading settings from: C:\Users\USER\Desktop\Personal\ZCode\.tmp\z1-native-1790566207584-b096d1\home\.zcode\v2\setting.json
[2026-09-28 11:30:17.471] [pid:45324] [main] [host-log] (local-1) [host] [2026-09-28 11:30:17.439] [pid:38596] [settingService] writing settings to: C:\Users\USER\Desktop\Personal\ZCode\.tmp\z1-native-1790566207584-b096d1\home\.zcode\v2\setting.json {"recentProjects":[],"locale":"zh-CN","localePreference":"en-US","terminalInheritSystemProfile":true,"embeddedBrowserAllowInsecureCertificates":false,"embeddedBrowserViewportPreference":{"mode":"normal","viewport":{"width":393,"height":852},"zoom":"fit"},"computerUseComposerEntryHidden":true,"taskAutoArchiveEnabled":false,"taskAutoArchiveOlderThanDays":7,"closeToTrayOnWindows":false,"closeToTrayOnWindowsMigrationInitialized":true,"keepAwakeWhileRunning":false,"desktopWindowSize":{"width":1920,"height":1080,"maximized":false},"desktopChromiumHardwareAccelerationEnabled":true,"messageStreamShowReasoning":true,"messageStreamShowReasoningMigrationInitialized":true,"messageStreamShowTodos":false,"toolGroupingExploreEnabled":true,"toolGroupingTerminalEnabled":true,"toolGroupingChangesEnabled":false,"zcodeInteractionBehavior":"queue","askUserQuestionAutoResolutionEnabled":false,"modelIoFullRetentionEnabled":false,"startPlanRecommendationDismissed":false,"providerFamilyConnectionSelections":{},"providerFamilyDomain":"zai","providerFamilyDomainMigrated":true,"nativeSearchEnhancementsEnabled":true,"memoryEnabled":false,"lastWorkspaceSession":[{"kind":"local","workspacePath":"C:\\Users\\USER\\Desktop\\Personal\\ZCode\\.tmp\\z1-native-1790566207584-b096d1\\workspace","workspacePurpose":"project"},{"kind":"local","workspacePath":"C:\\Users\\USER\\Desktop\\Personal\\ZCode\\.tmp\\z1-native-1790566207584-b096d1\\data\\.zcode\\workspace\\default","workspacePurpose":"conversation"}],"lastActiveTabIndex":0,"receivePreviewUpdates":false,"autoDownloadAndInstallUpdates":false,"skippedElectronUpdateVersions":{},"settingsSyncFirstRunPromptHandled":true}
[Z1 child] [2026-09-28 11:30:17.438] [pid:38596] [settingService] read result: {"recentProjects":[],"locale":"zh-CN","localePreference":"en-US","terminalInheritSystemProfile":true,"embeddedBrowserAllowInsecureCertificates":false,"embeddedBrowserViewportPreference":{"mode":"normal","viewport":{"width":393,"height":852},"zoom":"fit"},"computerUseComposerEntryHidden":true,"taskAutoArchiveEnabled":false,"taskAutoArchiveOlderThanDays":7,"closeToTrayOnWindows":false,"closeToTrayOnWindowsMigrationInitialized":true,"keepAwakeWhileRunning":false,"desktopWindowSize":{"width":1920,"height":1080,"maximized":false},"desktopChromiumHardwareAccelerationEnabled":true,"messageStreamShowReasoning":true,"messageStreamShowReasoningMigrationInitialized":true,"messageStreamShowTodos":false,"toolGroupingExploreEnabled":true,"toolGroupingTerminalEnabled":true,"toolGroupingChangesEnabled":false,"zcodeInteractionBehavior":"queue","askUserQuestionAutoResolutionEnabled":false,"modelIoFullRetentionEnabled":false,"startPlanRecommendationDismissed":false,"providerFamilyConnectionSelections":{},"providerFamilyDomain":"zai","providerFamilyDomainMigrated":true,"nativeSearchEnhancementsEnabled":true,"memoryEnabled":false,"lastWorkspaceSession":[{"kind":"local","workspacePath":"C:\\Users\\USER\\Desktop\\Personal\\ZCode\\.tmp\\z1-native-1790566207584-b096d1\\workspace","workspacePurpose":"project"},{"kind":"local","workspacePath":"C:\\Users\\USER\\Desktop\\Personal\\ZCode\\.tmp\\z1-native-1790566207584-b096d1\\data\\.zcode\\workspace\\default","workspacePurpose":"conversation"}],"lastActiveTabIndex":0,"receivePreviewUpdates":false,"autoDownloadAndInstallUpdates":false,"skippedElectronUpdateVersions":{},"settingsSyncFirstRunPromptHandled":true}
[2026-09-28 11:30:17.439] [pid:38596] [settingService] writing settings to: C:\Users\USER\Desktop\Personal\ZCode\.tmp\z1-native-1790566207584-b096d1\home\.zcode\v2\setting.json {"recentProjects":[],"locale":"zh-CN","localePreference":"en-US","terminalInheritSystemProfile":true,"embeddedBrowserAllowInsecureCertificates":false,"embeddedBrowserViewportPreference":{"mode":"normal","viewport":{"width":393,"height":852},"zoom":"fit"},"computerUseComposerEntryHidden":true,"taskAutoArchiveEnabled":false,"taskAutoArchiveOlderThanDays":7,"closeToTrayOnWindows":false,"closeToTrayOnWindowsMigrationInitialized":true,"keepAwakeWhileRunning":false,"desktopWindowSize":{"width":1920,"height":1080,"maximized":false},"desktopChromiumHardwareAccelerationEnabled":true,"messageStreamShowReasoning":true,"messageStreamShowReasoningMigrationInitialized":true,"messageStreamShowTodos":false,"toolGroupingExploreEnabled":true,"toolGroupingTerminalEnabled":true,"toolGroupingChangesEnabled":false,"zcodeInteractionBehavior":"queue","askUserQuestionAutoResolutionEnabled":false,"modelIoFullRetentionEnabled":false,"startPlanRecommendationDismissed":false,"providerFamilyConnectionSelections":{},"providerFamilyDomain":"zai","providerFamilyDomainMigrated":true,"nativeSearchEnhancementsEnabled":true,"memoryEnabled":false,"lastWorkspaceSession":[{"kind":"local","workspacePath":"C:\\Users\\USER\\Desktop\\Personal\\ZCode\\.tmp\\z1-native-1790566207584-b096d1\\workspace","workspacePurpose":"project"},{"kind":"local","workspacePath":"C:\\Users\\USER\\Desktop\\Personal\\ZCode\\.tmp\\z1-native-1790566207584-b096d1\\data\\.zcode\\workspace\\default","workspacePurpose":"conversation"}],"lastActiveTabIndex":0,"receivePreviewUpdates":false,"autoDownloadAndInstallUpdates":false,"skippedElectronUpdateVersions":{},"settingsSyncFirstRunPromptHandled":true}
[2026-09-28 11:30:17.443] [pid:38596] [settingService] write done
[2026-09-28 11:30:17.443] [pid:38596] [zcode-host] [rpc:call] setting.update OK (5.5ms)
[2026-09-28 11:30:17.472] [pid:45324] [main] [host-log] (local-1) [host] [2026-09-28 11:30:17.443] [pid:38596] [settingService] write done
[2026-09-28 11:30:17.473] [pid:45324] [main] [host-log] (local-1) [host] [2026-09-28 11:30:17.443] [pid:38596] [zcode-host] [rpc:call] setting.update OK (5.5ms)
[Z1 child] [2026-09-28 11:30:17.492] [pid:38596] [zcode-host] [rpc:call] zcode-agent.sendConversationCommandV4 OK (3.6ms)
[2026-09-28 11:30:17.492] [pid:45324] [main] [host-log] (local-1) [host] [2026-09-28 11:30:17.492] [pid:38596] [zcode-host] [rpc:call] zcode-agent.sendConversationCommandV4 OK (3.6ms)
[Z1 child] [2026-09-28 11:30:17.558] [pid:38596] [cua-pip-session] [cua-pip-session] event delivery dropped {
  eventId: '078861ce-4d1b-4be9-a6d1-dd11d6c0d6ac',
  kind: 'turn-ended',
  sequenceNumber: 55,
  sessionId: 'sess_c7528d72-3f5b-425a-ad9f-7ac68b8ab718',
  turnId: 'turn_87c0bbe5-5346-495e-a32f-14e1ce55a79e',
  outcome: 'completed',
  skipReason: 'service-disabled'
}
[2026-09-28 11:30:17.559] [pid:45324] [main] [host-log] (local-1) [host] [2026-09-28 11:30:17.558] [pid:38596] [cua-pip-session] [cua-pip-session] event delivery dropped {"eventId":"078861ce-4d1b-4be9-a6d1-dd11d6c0d6ac","kind":"turn-ended","sequenceNumber":55,"sessionId":"sess_c7528d72-3f5b-425a-ad9f-7ac68b8ab718","turnId":"turn_87c0bbe5-5346-495e-a32f-14e1ce55a79e","outcome":"completed","skipReason":"service-disabled"}
[Z1 child] [2026-09-28 11:30:17.559] [pid:38596] [zcode-task-index-syncer] task 终态未读裁决 {
  goalStatus: null,
  phase: 'completedSuccess',
  taskId: 'sess_c7528d72-3f5b-425a-ad9f-7ac68b8ab718',
  unreadSignal: 'background_terminal'
}
[Z1 child] [2026-09-28 11:30:17.560] [pid:38596] [zcode-task-index-syncer] [list-refresh-trace] emitWorkspaceTaskListChanged reason=task_status_changed taskId=sess_c7528d72-3f5b-425a-ad9f-7ac68b8ab718 workspace=C:\Users\USER\Desktop\Personal\ZCode\.tmp\z1-native-1790566207584-b096d1\workspace hasMeta=true
[Z1 child] [2026-09-28 11:30:17.595] [pid:38596] [zcode-host] [rpc:call] graphEngineering.isSessionOwned OK (0.0ms)
[2026-09-28 11:30:17.596] [pid:45324] [main] [host-log] (local-1) [host] [2026-09-28 11:30:17.595] [pid:38596] [zcode-host] [rpc:call] graphEngineering.isSessionOwned OK (0.0ms)
[2026-09-28 11:30:17.645] [pid:45324] [settingService] writing settings to: C:\Users\USER\Desktop\Personal\ZCode\.tmp\z1-native-1790566207584-b096d1\home\.zcode\v2\setting.json {"recentProjects":[],"locale":"zh-CN","localePreference":"en-US","terminalInheritSystemProfile":true,"embeddedBrowserAllowInsecureCertificates":false,"embeddedBrowserViewportPreference":{"mode":"normal","viewport":{"width":393,"height":852},"zoom":"fit"},"computerUseComposerEntryHidden":true,"taskAutoArchiveEnabled":false,"taskAutoArchiveOlderThanDays":7,"closeToTrayOnWindows":false,"closeToTrayOnWindowsMigrationInitialized":true,"keepAwakeWhileRunning":false,"desktopWindowSize":{"width":1600,"height":1000,"maximized":false},"desktopChromiumHardwareAccelerationEnabled":true,"messageStreamShowReasoning":true,"messageStreamShowReasoningMigrationInitialized":true,"messageStreamShowTodos":false,"toolGroupingExploreEnabled":true,"toolGroupingTerminalEnabled":true,"toolGroupingChangesEnabled":false,"zcodeInteractionBehavior":"queue","askUserQuestionAutoResolutionEnabled":false,"modelIoFullRetentionEnabled":false,"startPlanRecommendationDismissed":false,"providerFamilyConnectionSelections":{},"providerFamilyDomain":"zai","providerFamilyDomainMigrated":true,"nativeSearchEnhancementsEnabled":true,"memoryEnabled":false,"lastWorkspaceSession":[{"kind":"local","workspacePath":"C:\\Users\\USER\\Desktop\\Personal\\ZCode\\.tmp\\z1-native-1790566207584-b096d1\\workspace","workspacePurpose":"project"},{"kind":"local","workspacePath":"C:\\Users\\USER\\Desktop\\Personal\\ZCode\\.tmp\\z1-native-1790566207584-b096d1\\data\\.zcode\\workspace\\default","workspacePurpose":"conversation"}],"lastActiveTabIndex":0,"receivePreviewUpdates":false,"autoDownloadAndInstallUpdates":false,"skippedElectronUpdateVersions":{},"settingsSyncFirstRunPromptHandled":true}
[Z1 child] [2026-09-28 11:30:17.645] [pid:38596] [zcode-task-index-syncer] [list-refresh-trace] emitWorkspaceTaskListChanged reason=task_title_changed taskId=sess_c7528d72-3f5b-425a-ad9f-7ac68b8ab718 workspace=C:\Users\USER\Desktop\Personal\ZCode\.tmp\z1-native-1790566207584-b096d1\workspace hasMeta=true
[Z1 child] [2026-09-28 11:30:17.647] [pid:38596] [zcode-task-index-syncer] [list-refresh-trace] emitWorkspaceTaskListChanged reason=task_status_changed taskId=sess_c7528d72-3f5b-425a-ad9f-7ac68b8ab718 workspace=C:\Users\USER\Desktop\Personal\ZCode\.tmp\z1-native-1790566207584-b096d1\workspace hasMeta=true
[2026-09-28 11:30:17.653] [pid:45324] [settingService] write done
[Z1 child] [2026-09-28 11:30:17.710] [pid:38596] [zcode-host] [rpc:call] graphEngineering.isSessionOwned OK (0.0ms)
[2026-09-28 11:30:17.711] [pid:45324] [main] [host-log] (local-1) [host] [2026-09-28 11:30:17.710] [pid:38596] [zcode-host] [rpc:call] graphEngineering.isSessionOwned OK (0.0ms)
[2026-09-28 11:30:17.725] [pid:45324] [renderer] v4 workspace connection lease released {
  event: 'v4.workspace_connection.release',
  keepWarmMs: 30000,
  key: '__base__ C:\\Users\\USER\\Desktop\\Personal\\ZCode\\.tmp\\z1-native-1790566207584-b096d1\\workspace',
  module: 'ui.v4.workspace_connection_registry',
  refCount: 0,
  status: 'keep_warm'
}
[2026-09-28 11:30:17.726] [pid:45324] [renderer] v4 session data lease released {
  event: 'v4.session_data.release',
  keepWarmMs: 30000,
  module: 'ui.v4.session_data_layer',
  refCount: 0,
  status: 'keep_warm',
  topic: 'conversation/sess_c7528d72-3f5b-425a-ad9f-7ac68b8ab718'
}
[Z1 child] [2026-09-28 11:30:17.726] [pid:38596] [zcode-host] [rpc:listen] graphEngineering.onDidChange subscribed
[2026-09-28 11:30:17.727] [pid:45324] [main] [host-log] (local-1) [host] [2026-09-28 11:30:17.726] [pid:38596] [zcode-host] [rpc:listen] graphEngineering.onDidChange subscribed
[Z1 child] [2026-09-28 11:30:17.792] [pid:38596] [zcode-agent-service] 开始初始化 ZCode agent {
  workspaceKey: 'C:\\Users\\USER\\Desktop\\Personal\\ZCode\\.tmp\\z1-native-1790566207584-b096d1\\workspace',
  workspacePath: 'C:\\Users\\USER\\Desktop\\Personal\\ZCode\\.tmp\\z1-native-1790566207584-b096d1\\workspace'
}
[2026-09-28 11:30:17.792] [pid:45324] [main] [host-log] (local-1) [host] [2026-09-28 11:30:17.792] [pid:38596] [zcode-agent-service] 开始初始化 ZCode agent {"workspaceKey":"C:\\Users\\USER\\Desktop\\Personal\\ZCode\\.tmp\\z1-native-1790566207584-b096d1\\workspace","workspacePath":"C:\\Users\\USER\\Desktop\\Personal\\ZCode\\.tmp\\z1-native-1790566207584-b096d1\\workspace"}
[Z1 child] [2026-09-28 11:30:17.792] [pid:38596] [zcode-agent-service] ZCode agent 初始化完成 {
  durationMs: 0,
  transportKind: 'stdio',
  workspaceKey: 'C:\\Users\\USER\\Desktop\\Personal\\ZCode\\.tmp\\z1-native-1790566207584-b096d1\\workspace',
  workspacePath: 'C:\\Users\\USER\\Desktop\\Personal\\ZCode\\.tmp\\z1-native-1790566207584-b096d1\\workspace'
}
[2026-09-28 11:30:17.792] [pid:38596] [zcode-session-service][trace:85903ea4-c1f0-4131-a4e2-51e27c2776eb] [zcode-session-service] createSession 分配 session trace {
  persistence: 'deferred',
  workspaceIdentity: undefined,
  workspacePath: 'C:\\Users\\USER\\Desktop\\Personal\\ZCode\\.tmp\\z1-native-1790566207584-b096d1\\workspace'
}
[2026-09-28 11:30:17.792] [pid:38596] [zcode-agent-service][trace:85903ea4-c1f0-4131-a4e2-51e27c2776eb] 开始请求 ZCode Protocol session/create {
  hasInitialModel: false,
  hasInitialThoughtLevel: false,
  initialModel: null,
  mcpServerCount: 0,
  mcpServerNames: [],
  persistence: 'deferred',
  workspaceKey: 'C:\\Users\\USER\\Desktop\\Personal\\ZCode\\.tmp\\z1-native-1790566207584-b096d1\\workspace',
  workspacePath: 'C:\\Users\\USER\\Desktop\\Personal\\ZCode\\.tmp\\z1-native-1790566207584-b096d1\\workspace'
}
[2026-09-28 11:30:17.793] [pid:45324] [main] [host-log] (local-1) [host] [2026-09-28 11:30:17.792] [pid:38596] [zcode-agent-service] ZCode agent 初始化完成 {"durationMs":0,"transportKind":"stdio","workspaceKey":"C:\\Users\\USER\\Desktop\\Personal\\ZCode\\.tmp\\z1-native-1790566207584-b096d1\\workspace","workspacePath":"C:\\Users\\USER\\Desktop\\Personal\\ZCode\\.tmp\\z1-native-1790566207584-b096d1\\workspace"}
[2026-09-28 11:30:17.794] [pid:45324] [main] [host-log] (local-1) [host] [2026-09-28 11:30:17.792] [pid:38596] [zcode-session-service][trace:85903ea4-c1f0-4131-a4e2-51e27c2776eb] [zcode-session-service] createSession 分配 session trace {"persistence":"deferred","workspacePath":"C:\\Users\\USER\\Desktop\\Personal\\ZCode\\.tmp\\z1-native-1790566207584-b096d1\\workspace"}
[2026-09-28 11:30:17.794] [pid:45324] [main] [host-log] (local-1) [host] [2026-09-28 11:30:17.792] [pid:38596] [zcode-agent-service][trace:85903ea4-c1f0-4131-a4e2-51e27c2776eb] 开始请求 ZCode Protocol session/create {"hasInitialModel":false,"hasInitialThoughtLevel":false,"initialModel":null,"mcpServerCount":0,"mcpServerNames":[],"persistence":"deferred","workspaceKey":"C:\\Users\\USER\\Desktop\\Personal\\ZCode\\.tmp\\z1-native-1790566207584-b096d1\\workspace","workspacePath":"C:\\Users\\USER\\Desktop\\Personal\\ZCode\\.tmp\\z1-native-1790566207584-b096d1\\workspace"}
[Z1 child] [2026-09-28 11:30:17.793] [pid:38596] [settingService] reading settings from: C:\Users\USER\Desktop\Personal\ZCode\.tmp\z1-native-1790566207584-b096d1\home\.zcode\v2\setting.json
[2026-09-28 11:30:17.794] [pid:38596] [settingService] read result: {"recentProjects":[],"locale":"zh-CN","localePreference":"en-US","terminalInheritSystemProfile":true,"embeddedBrowserAllowInsecureCertificates":false,"embeddedBrowserViewportPreference":{"mode":"normal","viewport":{"width":393,"height":852},"zoom":"fit"},"computerUseComposerEntryHidden":true,"taskAutoArchiveEnabled":false,"taskAutoArchiveOlderThanDays":7,"closeToTrayOnWindows":false,"closeToTrayOnWindowsMigrationInitialized":true,"keepAwakeWhileRunning":false,"desktopWindowSize":{"width":1600,"height":1000,"maximized":false},"desktopChromiumHardwareAccelerationEnabled":true,"messageStreamShowReasoning":true,"messageStreamShowReasoningMigrationInitialized":true,"messageStreamShowTodos":false,"toolGroupingExploreEnabled":true,"toolGroupingTerminalEnabled":true,"toolGroupingChangesEnabled":false,"zcodeInteractionBehavior":"queue","askUserQuestionAutoResolutionEnabled":false,"modelIoFullRetentionEnabled":false,"startPlanRecommendationDismissed":false,"providerFamilyConnectionSelections":{},"providerFamilyDomain":"zai","providerFamilyDomainMigrated":true,"nativeSearchEnhancementsEnabled":true,"memoryEnabled":false,"lastWorkspaceSession":[{"kind":"local","workspacePath":"C:\\Users\\USER\\Desktop\\Personal\\ZCode\\.tmp\\z1-native-1790566207584-b096d1\\workspace","workspacePurpose":"project"},{"kind":"local","workspacePath":"C:\\Users\\USER\\Desktop\\Personal\\ZCode\\.tmp\\z1-native-1790566207584-b096d1\\data\\.zcode\\workspace\\default","workspacePurpose":"conversation"}],"lastActiveTabIndex":0,"receivePreviewUpdates":false,"autoDownloadAndInstallUpdates":false,"skippedElectronUpdateVersions":{},"settingsSyncFirstRunPromptHandled":true}
[Z1 child] [2026-09-28 11:30:17.857] [pid:38596] [zcode-agent-service][trace:85903ea4-c1f0-4131-a4e2-51e27c2776eb] ZCode Protocol session/create 完成 {
  durationMs: 65,
  messageCount: 0,
  modelCurrent: 'z1-local-fixture/z1-fixture$enabled',
  mcpServerCount: 0,
  persistence: 'deferred',
  sessionId: 'sess_954e417b-6de7-4016-a405-8a0c721e7d83',
  snapshotTraceId: '85903ea4-c1f0-4131-a4e2-51e27c2776eb',
  workspaceKey: 'C:\\Users\\USER\\Desktop\\Personal\\ZCode\\.tmp\\z1-native-1790566207584-b096d1\\workspace',
  workspacePath: 'C:\\Users\\USER\\Desktop\\Personal\\ZCode\\.tmp\\z1-native-1790566207584-b096d1\\workspace'
}
[2026-09-28 11:30:17.857] [pid:38596] [zcode-session-service][trace:85903ea4-c1f0-4131-a4e2-51e27c2776eb] [zcode-session-service] createSession agent 返回 {
  durationMs: 65,
  mcpServerCount: 0,
  persistence: 'deferred',
  snapshotTraceId: '85903ea4-c1f0-4131-a4e2-51e27c2776eb',
  sessionId: 'sess_954e417b-6de7-4016-a405-8a0c721e7d83',
  workspaceIdentity: undefined,
  workspacePath: 'C:\\Users\\USER\\Desktop\\Personal\\ZCode\\.tmp\\z1-native-1790566207584-b096d1\\workspace'
}
[2026-09-28 11:30:17.857] [pid:45324] [main] [host-log] (local-1) [host] [2026-09-28 11:30:17.857] [pid:38596] [zcode-agent-service][trace:85903ea4-c1f0-4131-a4e2-51e27c2776eb] ZCode Protocol session/create 完成 {"durationMs":65,"messageCount":0,"modelCurrent":"z1-local-fixture/z1-fixture$enabled","mcpServerCount":0,"persistence":"deferred","sessionId":"sess_954e417b-6de7-4016-a405-8a0c721e7d83","snapshotTraceId":"85903ea4-c1f0-4131-a4e2-51e27c2776eb","workspaceKey":"C:\\Users\\USER\\Desktop\\Personal\\ZCode\\.tmp\\z1-native-1790566207584-b096d1\\workspace","workspacePath":"C:\\Users\\USER\\Desktop\\Personal\\ZCode\\.tmp\\z1-native-1790566207584-b096d1\\workspace"}
[2026-09-28 11:30:17.858] [pid:45324] [main] [host-log] (local-1) [host] [2026-09-28 11:30:17.857] [pid:38596] [zcode-session-service][trace:85903ea4-c1f0-4131-a4e2-51e27c2776eb] [zcode-session-service] createSession agent 返回 {"durationMs":65,"mcpServerCount":0,"persistence":"deferred","snapshotTraceId":"85903ea4-c1f0-4131-a4e2-51e27c2776eb","sessionId":"sess_954e417b-6de7-4016-a405-8a0c721e7d83","workspacePath":"C:\\Users\\USER\\Desktop\\Personal\\ZCode\\.tmp\\z1-native-1790566207584-b096d1\\workspace"}
[Z1 child] [2026-09-28 11:30:17.903] [pid:38596] [settingService] reading settings from: C:\Users\USER\Desktop\Personal\ZCode\.tmp\z1-native-1790566207584-b096d1\home\.zcode\v2\setting.json
[Z1 child] [2026-09-28 11:30:17.903] [pid:38596] [settingService] read result: {"recentProjects":[],"locale":"zh-CN","localePreference":"en-US","terminalInheritSystemProfile":true,"embeddedBrowserAllowInsecureCertificates":false,"embeddedBrowserViewportPreference":{"mode":"normal","viewport":{"width":393,"height":852},"zoom":"fit"},"computerUseComposerEntryHidden":true,"taskAutoArchiveEnabled":false,"taskAutoArchiveOlderThanDays":7,"closeToTrayOnWindows":false,"closeToTrayOnWindowsMigrationInitialized":true,"keepAwakeWhileRunning":false,"desktopWindowSize":{"width":1600,"height":1000,"maximized":false},"desktopChromiumHardwareAccelerationEnabled":true,"messageStreamShowReasoning":true,"messageStreamShowReasoningMigrationInitialized":true,"messageStreamShowTodos":false,"toolGroupingExploreEnabled":true,"toolGroupingTerminalEnabled":true,"toolGroupingChangesEnabled":false,"zcodeInteractionBehavior":"queue","askUserQuestionAutoResolutionEnabled":false,"modelIoFullRetentionEnabled":false,"startPlanRecommendationDismissed":false,"providerFamilyConnectionSelections":{},"providerFamilyDomain":"zai","providerFamilyDomainMigrated":true,"nativeSearchEnhancementsEnabled":true,"memoryEnabled":false,"lastWorkspaceSession":[{"kind":"local","workspacePath":"C:\\Users\\USER\\Desktop\\Personal\\ZCode\\.tmp\\z1-native-1790566207584-b096d1\\workspace","workspacePurpose":"project"},{"kind":"local","workspacePath":"C:\\Users\\USER\\Desktop\\Personal\\ZCode\\.tmp\\z1-native-1790566207584-b096d1\\data\\.zcode\\workspace\\default","workspacePurpose":"conversation"}],"lastActiveTabIndex":0,"receivePreviewUpdates":false,"autoDownloadAndInstallUpdates":false,"skippedElectronUpdateVersions":{},"settingsSyncFirstRunPromptHandled":true}
[Z1 child] [2026-09-28 11:30:17.904] [pid:38596] [zcode-host] [rpc:call] graphEngineering.getWorkspace OK (178.0ms)
[2026-09-28 11:30:17.905] [pid:45324] [main] [host-log] (local-1) [host] [2026-09-28 11:30:17.904] [pid:38596] [zcode-host] [rpc:call] graphEngineering.getWorkspace OK (178.0ms)
[Z1 child] [2026-09-28 11:30:17.905] [pid:38596] [settingService] reading settings from: C:\Users\USER\Desktop\Personal\ZCode\.tmp\z1-native-1790566207584-b096d1\home\.zcode\v2\setting.json
[2026-09-28 11:30:17.906] [pid:38596] [settingService] read result: {"recentProjects":[],"locale":"zh-CN","localePreference":"en-US","terminalInheritSystemProfile":true,"embeddedBrowserAllowInsecureCertificates":false,"embeddedBrowserViewportPreference":{"mode":"normal","viewport":{"width":393,"height":852},"zoom":"fit"},"computerUseComposerEntryHidden":true,"taskAutoArchiveEnabled":false,"taskAutoArchiveOlderThanDays":7,"closeToTrayOnWindows":false,"closeToTrayOnWindowsMigrationInitialized":true,"keepAwakeWhileRunning":false,"desktopWindowSize":{"width":1600,"height":1000,"maximized":false},"desktopChromiumHardwareAccelerationEnabled":true,"messageStreamShowReasoning":true,"messageStreamShowReasoningMigrationInitialized":true,"messageStreamShowTodos":false,"toolGroupingExploreEnabled":true,"toolGroupingTerminalEnabled":true,"toolGroupingChangesEnabled":false,"zcodeInteractionBehavior":"queue","askUserQuestionAutoResolutionEnabled":false,"modelIoFullRetentionEnabled":false,"startPlanRecommendationDismissed":false,"providerFamilyConnectionSelections":{},"providerFamilyDomain":"zai","providerFamilyDomainMigrated":true,"nativeSearchEnhancementsEnabled":true,"memoryEnabled":false,"lastWorkspaceSession":[{"kind":"local","workspacePath":"C:\\Users\\USER\\Desktop\\Personal\\ZCode\\.tmp\\z1-native-1790566207584-b096d1\\workspace","workspacePurpose":"project"},{"kind":"local","workspacePath":"C:\\Users\\USER\\Desktop\\Personal\\ZCode\\.tmp\\z1-native-1790566207584-b096d1\\data\\.zcode\\workspace\\default","workspacePurpose":"conversation"}],"lastActiveTabIndex":0,"receivePreviewUpdates":false,"autoDownloadAndInstallUpdates":false,"skippedElectronUpdateVersions":{},"settingsSyncFirstRunPromptHandled":true}
[Z1 child] [2026-09-28 11:30:17.906] [pid:38596] [zcode-host] [rpc:call] graphEngineering.getWorkspace OK (114.2ms)
[2026-09-28 11:30:17.907] [pid:45324] [main] [host-log] (local-1) [host] [2026-09-28 11:30:17.906] [pid:38596] [zcode-host] [rpc:call] graphEngineering.getWorkspace OK (114.2ms)
[Z1 child] [2026-09-28 11:30:17.907] [pid:38596] [settingService] reading settings from: C:\Users\USER\Desktop\Personal\ZCode\.tmp\z1-native-1790566207584-b096d1\home\.zcode\v2\setting.json
[Z1 child] [2026-09-28 11:30:17.908] [pid:38596] [settingService] read result: {"recentProjects":[],"locale":"zh-CN","localePreference":"en-US","terminalInheritSystemProfile":true,"embeddedBrowserAllowInsecureCertificates":false,"embeddedBrowserViewportPreference":{"mode":"normal","viewport":{"width":393,"height":852},"zoom":"fit"},"computerUseComposerEntryHidden":true,"taskAutoArchiveEnabled":false,"taskAutoArchiveOlderThanDays":7,"closeToTrayOnWindows":false,"closeToTrayOnWindowsMigrationInitialized":true,"keepAwakeWhileRunning":false,"desktopWindowSize":{"width":1600,"height":1000,"maximized":false},"desktopChromiumHardwareAccelerationEnabled":true,"messageStreamShowReasoning":true,"messageStreamShowReasoningMigrationInitialized":true,"messageStreamShowTodos":false,"toolGroupingExploreEnabled":true,"toolGroupingTerminalEnabled":true,"toolGroupingChangesEnabled":false,"zcodeInteractionBehavior":"queue","askUserQuestionAutoResolutionEnabled":false,"modelIoFullRetentionEnabled":false,"startPlanRecommendationDismissed":false,"providerFamilyConnectionSelections":{},"providerFamilyDomain":"zai","providerFamilyDomainMigrated":true,"nativeSearchEnhancementsEnabled":true,"memoryEnabled":false,"lastWorkspaceSession":[{"kind":"local","workspacePath":"C:\\Users\\USER\\Desktop\\Personal\\ZCode\\.tmp\\z1-native-1790566207584-b096d1\\workspace","workspacePurpose":"project"},{"kind":"local","workspacePath":"C:\\Users\\USER\\Desktop\\Personal\\ZCode\\.tmp\\z1-native-1790566207584-b096d1\\data\\.zcode\\workspace\\default","workspacePurpose":"conversation"}],"lastActiveTabIndex":0,"receivePreviewUpdates":false,"autoDownloadAndInstallUpdates":false,"skippedElectronUpdateVersions":{},"settingsSyncFirstRunPromptHandled":true}
[Z1 child] [2026-09-28 11:30:17.908] [pid:38596] [zcode-host] [rpc:call] graphEngineering.getWorkspace OK (47.6ms)
[2026-09-28 11:30:17.909] [pid:45324] [main] [host-log] (local-1) [host] [2026-09-28 11:30:17.908] [pid:38596] [zcode-host] [rpc:call] graphEngineering.getWorkspace OK (47.6ms)
[Z1 child] [2026-09-28 11:30:17.909] [pid:38596] [settingService] reading settings from: C:\Users\USER\Desktop\Personal\ZCode\.tmp\z1-native-1790566207584-b096d1\home\.zcode\v2\setting.json
[2026-09-28 11:30:17.909] [pid:38596] [settingService] read result: {"recentProjects":[],"locale":"zh-CN","localePreference":"en-US","terminalInheritSystemProfile":true,"embeddedBrowserAllowInsecureCertificates":false,"embeddedBrowserViewportPreference":{"mode":"normal","viewport":{"width":393,"height":852},"zoom":"fit"},"computerUseComposerEntryHidden":true,"taskAutoArchiveEnabled":false,"taskAutoArchiveOlderThanDays":7,"closeToTrayOnWindows":false,"closeToTrayOnWindowsMigrationInitialized":true,"keepAwakeWhileRunning":false,"desktopWindowSize":{"width":1600,"height":1000,"maximized":false},"desktopChromiumHardwareAccelerationEnabled":true,"messageStreamShowReasoning":true,"messageStreamShowReasoningMigrationInitialized":true,"messageStreamShowTodos":false,"toolGroupingExploreEnabled":true,"toolGroupingTerminalEnabled":true,"toolGroupingChangesEnabled":false,"zcodeInteractionBehavior":"queue","askUserQuestionAutoResolutionEnabled":false,"modelIoFullRetentionEnabled":false,"startPlanRecommendationDismissed":false,"providerFamilyConnectionSelections":{},"providerFamilyDomain":"zai","providerFamilyDomainMigrated":true,"nativeSearchEnhancementsEnabled":true,"memoryEnabled":false,"lastWorkspaceSession":[{"kind":"local","workspacePath":"C:\\Users\\USER\\Desktop\\Personal\\ZCode\\.tmp\\z1-native-1790566207584-b096d1\\workspace","workspacePurpose":"project"},{"kind":"local","workspacePath":"C:\\Users\\USER\\Desktop\\Personal\\ZCode\\.tmp\\z1-native-1790566207584-b096d1\\data\\.zcode\\workspace\\default","workspacePurpose":"conversation"}],"lastActiveTabIndex":0,"receivePreviewUpdates":false,"autoDownloadAndInstallUpdates":false,"skippedElectronUpdateVersions":{},"settingsSyncFirstRunPromptHandled":true}
[Z1 child] [2026-09-28 11:30:17.910] [pid:38596] [zcode-host] [rpc:call] graphEngineering.getWorkspace OK (16.7ms)
[2026-09-28 11:30:17.910] [pid:45324] [main] [host-log] (local-1) [host] [2026-09-28 11:30:17.910] [pid:38596] [zcode-host] [rpc:call] graphEngineering.getWorkspace OK (16.7ms)
[Z1 child] [2026-09-28 11:30:17.911] [pid:38596] [settingService] reading settings from: C:\Users\USER\Desktop\Personal\ZCode\.tmp\z1-native-1790566207584-b096d1\home\.zcode\v2\setting.json
[Z1 child] [2026-09-28 11:30:17.911] [pid:38596] [settingService] read result: {"recentProjects":[],"locale":"zh-CN","localePreference":"en-US","terminalInheritSystemProfile":true,"embeddedBrowserAllowInsecureCertificates":false,"embeddedBrowserViewportPreference":{"mode":"normal","viewport":{"width":393,"height":852},"zoom":"fit"},"computerUseComposerEntryHidden":true,"taskAutoArchiveEnabled":false,"taskAutoArchiveOlderThanDays":7,"closeToTrayOnWindows":false,"closeToTrayOnWindowsMigrationInitialized":true,"keepAwakeWhileRunning":false,"desktopWindowSize":{"width":1600,"height":1000,"maximized":false},"desktopChromiumHardwareAccelerationEnabled":true,"messageStreamShowReasoning":true,"messageStreamShowReasoningMigrationInitialized":true,"messageStreamShowTodos":false,"toolGroupingExploreEnabled":true,"toolGroupingTerminalEnabled":true,"toolGroupingChangesEnabled":false,"zcodeInteractionBehavior":"queue","askUserQuestionAutoResolutionEnabled":false,"modelIoFullRetentionEnabled":false,"startPlanRecommendationDismissed":false,"providerFamilyConnectionSelections":{},"providerFamilyDomain":"zai","providerFamilyDomainMigrated":true,"nativeSearchEnhancementsEnabled":true,"memoryEnabled":false,"lastWorkspaceSession":[{"kind":"local","workspacePath":"C:\\Users\\USER\\Desktop\\Personal\\ZCode\\.tmp\\z1-native-1790566207584-b096d1\\workspace","workspacePurpose":"project"},{"kind":"local","workspacePath":"C:\\Users\\USER\\Desktop\\Personal\\ZCode\\.tmp\\z1-native-1790566207584-b096d1\\data\\.zcode\\workspace\\default","workspacePurpose":"conversation"}],"lastActiveTabIndex":0,"receivePreviewUpdates":false,"autoDownloadAndInstallUpdates":false,"skippedElectronUpdateVersions":{},"settingsSyncFirstRunPromptHandled":true}
[Z1 child] [2026-09-28 11:30:17.912] [pid:38596] [zcode-host] [rpc:call] graphEngineering.getWorkspace OK (5.0ms)
[2026-09-28 11:30:17.912] [pid:45324] [main] [host-log] (local-1) [host] [2026-09-28 11:30:17.912] [pid:38596] [zcode-host] [rpc:call] graphEngineering.getWorkspace OK (5.0ms)
[Z1 child] [2026-09-28 11:30:17.926] [pid:38596] [settingService] reading settings from: C:\Users\USER\Desktop\Personal\ZCode\.tmp\z1-native-1790566207584-b096d1\home\.zcode\v2\setting.json
[2026-09-28 11:30:17.926] [pid:45324] [main] [host-log] (local-1) [host] [2026-09-28 11:30:17.926] [pid:38596] [zcode-host] [rpc:listen] model-selection.onDidChange subscribed
[Z1 child] [2026-09-28 11:30:17.926] [pid:38596] [zcode-host] [rpc:listen] model-selection.onDidChange subscribed
[2026-09-28 11:30:17.926] [pid:38596] [zcode-host] [rpc:call] graphEngineering.validateDefinition OK (0.2ms)
[2026-09-28 11:30:17.927] [pid:45324] [main] [host-log] (local-1) [host] [2026-09-28 11:30:17.926] [pid:38596] [zcode-host] [rpc:call] graphEngineering.validateDefinition OK (0.2ms)
[2026-09-28 11:30:17.927] [pid:45324] [main] [host-log] (local-1) [host] [2026-09-28 11:30:17.927] [pid:38596] [zcode-host] [rpc:call] setting.get OK (1.1ms)
[2026-09-28 11:30:17.928] [pid:45324] [main] [host-log] (local-1) [host] [2026-09-28 11:30:17.927] [pid:38596] [zcode-host] [rpc:call] model-selection.getView OK (1.3ms)
[Z1 child] [2026-09-28 11:30:17.927] [pid:38596] [settingService] read result: {"recentProjects":[],"locale":"zh-CN","localePreference":"en-US","terminalInheritSystemProfile":true,"embeddedBrowserAllowInsecureCertificates":false,"embeddedBrowserViewportPreference":{"mode":"normal","viewport":{"width":393,"height":852},"zoom":"fit"},"computerUseComposerEntryHidden":true,"taskAutoArchiveEnabled":false,"taskAutoArchiveOlderThanDays":7,"closeToTrayOnWindows":false,"closeToTrayOnWindowsMigrationInitialized":true,"keepAwakeWhileRunning":false,"desktopWindowSize":{"width":1600,"height":1000,"maximized":false},"desktopChromiumHardwareAccelerationEnabled":true,"messageStreamShowReasoning":true,"messageStreamShowReasoningMigrationInitialized":true,"messageStreamShowTodos":false,"toolGroupingExploreEnabled":true,"toolGroupingTerminalEnabled":true,"toolGroupingChangesEnabled":false,"zcodeInteractionBehavior":"queue","askUserQuestionAutoResolutionEnabled":false,"modelIoFullRetentionEnabled":false,"startPlanRecommendationDismissed":false,"providerFamilyConnectionSelections":{},"providerFamilyDomain":"zai","providerFamilyDomainMigrated":true,"nativeSearchEnhancementsEnabled":true,"memoryEnabled":false,"lastWorkspaceSession":[{"kind":"local","workspacePath":"C:\\Users\\USER\\Desktop\\Personal\\ZCode\\.tmp\\z1-native-1790566207584-b096d1\\workspace","workspacePurpose":"project"},{"kind":"local","workspacePath":"C:\\Users\\USER\\Desktop\\Personal\\ZCode\\.tmp\\z1-native-1790566207584-b096d1\\data\\.zcode\\workspace\\default","workspacePurpose":"conversation"}],"lastActiveTabIndex":0,"receivePreviewUpdates":false,"autoDownloadAndInstallUpdates":false,"skippedElectronUpdateVersions":{},"settingsSyncFirstRunPromptHandled":true}
[2026-09-28 11:30:17.927] [pid:38596] [zcode-host] [rpc:call] setting.get OK (1.1ms)
[2026-09-28 11:30:17.927] [pid:38596] [zcode-host] [rpc:call] model-selection.getView OK (1.3ms)
[Z1 child] [2026-09-28 11:30:18.171] [pid:38596] [cua-pip-session] [cua-pip-session] event delivery dropped {
  kind: 'focus-changed',
  revision: 5,
  sessionId: 'sess_954e417b-6de7-4016-a405-8a0c721e7d83',
  sourceWindowId: 'window-1',
  skipReason: 'service-disabled'
}
[2026-09-28 11:30:18.172] [pid:45324] [main] [host-log] (local-1) [host] [2026-09-28 11:30:18.171] [pid:38596] [cua-pip-session] [cua-pip-session] event delivery dropped {"kind":"focus-changed","revision":5,"sessionId":"sess_954e417b-6de7-4016-a405-8a0c721e7d83","sourceWindowId":"window-1","skipReason":"service-disabled"}
[2026-09-28 11:30:18.174] [pid:45324] [renderer] v4 workspace connection reused {
  event: 'v4.workspace_connection.reused',
  isRemote: false,
  key: '__base__ C:\\Users\\USER\\Desktop\\Personal\\ZCode\\.tmp\\z1-native-1790566207584-b096d1\\workspace',
  module: 'ui.v4.workspace_connection_registry',
  refCount: 1,
  serviceGeneration: 1,
  status: 'completed'
}
[Z1 child] [2026-09-28 11:30:18.185] [pid:38596] [zcode-host] [rpc:call] zcode-task.getTaskSessionFilePath OK (0.0ms)
[2026-09-28 11:30:18.186] [pid:45324] [main] [host-log] (local-1) [host] [2026-09-28 11:30:18.185] [pid:38596] [zcode-host] [rpc:call] zcode-task.getTaskSessionFilePath OK (0.0ms)
[2026-09-28 11:30:18.186] [pid:45324] [renderer] v4 conversation store connect started {
  event: 'v4.conversation.store.connect.started',
  generation: 1,
  hasBase: false,
  module: 'ui.v4.conversation_projection_store',
  status: 'started',
  topic: 'conversation/sess_954e417b-6de7-4016-a405-8a0c721e7d83'
}
[2026-09-28 11:30:18.187] [pid:45324] [renderer] v4 conversation subscription started {
  workspaceKey: 'C:\\Users\\USER\\Desktop\\Personal\\ZCode\\.tmp\\z1-native-1790566207584-b096d1\\workspace',
  workspacePath: 'C:\\Users\\USER\\Desktop\\Personal\\ZCode\\.tmp\\z1-native-1790566207584-b096d1\\workspace',
  event: 'v4.conversation.subscribe.started',
  module: 'ui.v4.conversation_transport',
  runtimeGeneration: 0,
  sessionId: 'sess_954e417b-6de7-4016-a405-8a0c721e7d83',
  status: 'started',
  topic: 'conversation/sess_954e417b-6de7-4016-a405-8a0c721e7d83'
}
[2026-09-28 11:30:18.188] [pid:45324] [renderer] v4 session data lease acquired {
  event: 'v4.session_data.acquire',
  keepWarm: false,
  module: 'ui.v4.session_data_layer',
  openKind: 'cold',
  refCount: 1,
  sessionId: 'sess_954e417b-6de7-4016-a405-8a0c721e7d83',
  status: 'completed',
  topic: 'conversation/sess_954e417b-6de7-4016-a405-8a0c721e7d83'
}
[2026-09-28 11:30:18.188] [pid:45324] [main] [host-log] (local-1) [host] [2026-09-28 11:30:18.186] [pid:38596] [zcode-host] [rpc:call] zcode-task.getTaskNativeSessionLogFile OK (0.2ms)
[2026-09-28 11:30:18.189] [pid:45324] [main] [host-log] (local-1) [host] [2026-09-28 11:30:18.186] [pid:38596] [zcode-host] [rpc:listen] graphEngineering.onDidChange subscribed
[2026-09-28 11:30:18.190] [pid:45324] [main] [host-log] (local-1) [host] [2026-09-28 11:30:18.186] [pid:38596] [zcode-host] [rpc:call] graphEngineering.isSessionOwned OK (0.0ms)
[2026-09-28 11:30:18.190] [pid:45324] [main] [host-log] (local-1) [host] [2026-09-28 11:30:18.186] [pid:38596] [zcode-host] [rpc:listen] model-selection.onDidChange subscribed
[Z1 child] [2026-09-28 11:30:18.186] [pid:38596] [zcode-host] [rpc:call] zcode-task.getTaskNativeSessionLogFile OK (0.2ms)
[2026-09-28 11:30:18.186] [pid:38596] [settingService] reading settings from: C:\Users\USER\Desktop\Personal\ZCode\.tmp\z1-native-1790566207584-b096d1\home\.zcode\v2\setting.json
[2026-09-28 11:30:18.186] [pid:38596] [zcode-host] [rpc:listen] graphEngineering.onDidChange subscribed
[2026-09-28 11:30:18.186] [pid:38596] [zcode-host] [rpc:call] graphEngineering.isSessionOwned OK (0.0ms)
[2026-09-28 11:30:18.186] [pid:38596] [zcode-host] [rpc:listen] model-selection.onDidChange subscribed
[2026-09-28 11:30:18.187] [pid:38596] [zcode-host] [rpc:call] zcode-task.getTaskNativeSessionLogFile OK (0.1ms)
[2026-09-28 11:30:18.187] [pid:38596] [zcode-host] [rpc:call] zcode-task.getTaskSessionFilePath OK (0.0ms)
[2026-09-28 11:30:18.187] [pid:38596] [settingService] read result: {"recentProjects":[],"locale":"zh-CN","localePreference":"en-US","terminalInheritSystemProfile":true,"embeddedBrowserAllowInsecureCertificates":false,"embeddedBrowserViewportPreference":{"mode":"normal","viewport":{"width":393,"height":852},"zoom":"fit"},"computerUseComposerEntryHidden":true,"taskAutoArchiveEnabled":false,"taskAutoArchiveOlderThanDays":7,"closeToTrayOnWindows":false,"closeToTrayOnWindowsMigrationInitialized":true,"keepAwakeWhileRunning":false,"desktopWindowSize":{"width":1600,"height":1000,"maximized":false},"desktopChromiumHardwareAccelerationEnabled":true,"messageStreamShowReasoning":true,"messageStreamShowReasoningMigrationInitialized":true,"messageStreamShowTodos":false,"toolGroupingExploreEnabled":true,"toolGroupingTerminalEnabled":true,"toolGroupingChangesEnabled":false,"zcodeInteractionBehavior":"queue","askUserQuestionAutoResolutionEnabled":false,"modelIoFullRetentionEnabled":false,"startPlanRecommendationDismissed":false,"providerFamilyConnectionSelections":{},"providerFamilyDomain":"zai","providerFamilyDomainMigrated":true,"nativeSearchEnhancementsEnabled":true,"memoryEnabled":false,"lastWorkspaceSession":[{"kind":"local","workspacePath":"C:\\Users\\USER\\Desktop\\Personal\\ZCode\\.tmp\\z1-native-1790566207584-b096d1\\workspace","workspacePurpose":"project"},{"kind":"local","workspacePath":"C:\\Users\\USER\\Desktop\\Personal\\ZCode\\.tmp\\z1-native-1790566207584-b096d1\\data\\.zcode\\workspace\\default","workspacePurpose":"conversation"}],"lastActiveTabIndex":0,"receivePreviewUpdates":false,"autoDownloadAndInstallUpdates":false,"skippedElectronUpdateVersions":{},"settingsSyncFirstRunPromptHandled":true}
[2026-09-28 11:30:18.187] [pid:38596] [zcode-host] [rpc:call] setting.get OK (1.2ms)
[2026-09-28 11:30:18.187] [pid:38596] [zcode-host] [rpc:call] model-selection.getView OK (1.3ms)
[2026-09-28 11:30:18.191] [pid:45324] [main] [host-log] (local-1) [host] [2026-09-28 11:30:18.187] [pid:38596] [zcode-host] [rpc:call] zcode-task.getTaskNativeSessionLogFile OK (0.1ms)
[2026-09-28 11:30:18.192] [pid:45324] [main] [host-log] (local-1) [host] [2026-09-28 11:30:18.187] [pid:38596] [zcode-host] [rpc:call] zcode-task.getTaskSessionFilePath OK (0.0ms)
[2026-09-28 11:30:18.193] [pid:45324] [main] [host-log] (local-1) [host] [2026-09-28 11:30:18.187] [pid:38596] [zcode-host] [rpc:call] setting.get OK (1.2ms)
[2026-09-28 11:30:18.194] [pid:45324] [main] [host-log] (local-1) [host] [2026-09-28 11:30:18.187] [pid:38596] [zcode-host] [rpc:call] model-selection.getView OK (1.3ms)
[Z1 child] [2026-09-28 11:30:18.218] [pid:38596] [zcode-session-service] [zcode-session-service] readSession 历史快照读取完成 {
  deliveryKind: undefined,
  durationMs: 32,
  messageLimit: 1,
  sessionId: 'sess_954e417b-6de7-4016-a405-8a0c721e7d83',
  snapshot: {
    activeTurnId: null,
    eventSeq: 2,
    messageCount: 0,
    pendingRequestCount: 1,
    sessionStatus: 'idle',
    stateRevision: 0
  },
  workspaceIdentity: null,
  workspacePath: 'C:\\Users\\USER\\Desktop\\Personal\\ZCode\\.tmp\\z1-native-1790566207584-b096d1\\workspace'
}
[2026-09-28 11:30:18.218] [pid:38596] [zcode-host] [rpc:call] zcode-session.readSession OK (31.6ms)
[2026-09-28 11:30:18.218] [pid:45324] [main] [host-log] (local-1) [host] [2026-09-28 11:30:18.218] [pid:38596] [zcode-session-service] [zcode-session-service] readSession 历史快照读取完成 {"durationMs":32,"messageLimit":1,"sessionId":"sess_954e417b-6de7-4016-a405-8a0c721e7d83","snapshot":{"activeTurnId":null,"eventSeq":2,"messageCount":0,"pendingRequestCount":1,"sessionStatus":"idle","stateRevision":0},"workspaceIdentity":null,"workspacePath":"C:\\Users\\USER\\Desktop\\Personal\\ZCode\\.tmp\\z1-native-1790566207584-b096d1\\workspace"}
[2026-09-28 11:30:18.219] [pid:45324] [main] [host-log] (local-1) [host] [2026-09-28 11:30:18.218] [pid:38596] [zcode-host] [rpc:call] zcode-session.readSession OK (31.6ms)
[2026-09-28 11:30:18.220] [pid:45324] [main] [host-log] (local-1) [host] [2026-09-28 11:30:18.218] [pid:38596] [zcode-host] [rpc:call] zcode-agent.conversationWorkflowRunsV4 OK (21.1ms)
[Z1 child] [2026-09-28 11:30:18.218] [pid:38596] [zcode-host] [rpc:call] zcode-agent.conversationWorkflowRunsV4 OK (21.1ms)
[Z1 child] [2026-09-28 11:30:18.221] [pid:38596] [zcode-host] [rpc:call] zcode-agent.subscribeConversationV4 OK (23.5ms)
[2026-09-28 11:30:18.221] [pid:45324] [main] [host-log] (local-1) [host] [2026-09-28 11:30:18.221] [pid:38596] [zcode-host] [rpc:call] zcode-agent.subscribeConversationV4 OK (23.5ms)
[Z1 child] [2026-09-28 11:30:18.225] [pid:38596] [zcode-host] [rpc:call] zcode-task.getTaskNativeSessionLogFile OK (0.2ms)
[2026-09-28 11:30:18.225] [pid:45324] [main] [host-log] (local-1) [host] [2026-09-28 11:30:18.225] [pid:38596] [zcode-host] [rpc:call] zcode-task.getTaskNativeSessionLogFile OK (0.2ms)
[2026-09-28 11:30:18.235] [pid:45324] [renderer] v4 conversation subscription acknowledged {
  workspaceKey: 'C:\\Users\\USER\\Desktop\\Personal\\ZCode\\.tmp\\z1-native-1790566207584-b096d1\\workspace',
  workspacePath: 'C:\\Users\\USER\\Desktop\\Personal\\ZCode\\.tmp\\z1-native-1790566207584-b096d1\\workspace',
  durationMs: 49,
  event: 'v4.conversation.subscribe.acknowledged',
  module: 'ui.v4.conversation_transport',
  runtimeGeneration: 0,
  sessionId: 'sess_954e417b-6de7-4016-a405-8a0c721e7d83',
  status: 'completed',
  subscriptionId: 'sub-mukow818-lp3povhk-1',
  topic: 'conversation/sess_954e417b-6de7-4016-a405-8a0c721e7d83'
}
[2026-09-28 11:30:18.236] [pid:45324] [renderer] v4 conversation subscription activated {
  workspaceKey: 'C:\\Users\\USER\\Desktop\\Personal\\ZCode\\.tmp\\z1-native-1790566207584-b096d1\\workspace',
  workspacePath: 'C:\\Users\\USER\\Desktop\\Personal\\ZCode\\.tmp\\z1-native-1790566207584-b096d1\\workspace',
  event: 'v4.conversation.subscribe.activated',
  module: 'ui.v4.conversation_transport',
  runtimeGeneration: 0,
  status: 'completed',
  subscriptionId: 'sub-mukow818-lp3povhk-1',
  topic: 'conversation/sess_954e417b-6de7-4016-a405-8a0c721e7d83'
}
[2026-09-28 11:30:18.236] [pid:45324] [renderer] v4 conversation store connect completed {
  durationMs: 49,
  event: 'v4.conversation.store.connect.completed',
  generation: 1,
  logEpoch: 'mukow818-lp3povhk',
  mode: 'snapshot',
  module: 'ui.v4.conversation_projection_store',
  status: 'completed',
  subscriptionId: 'sub-mukow818-lp3povhk-1',
  topic: 'conversation/sess_954e417b-6de7-4016-a405-8a0c721e7d83'
}
[Z1 child] [2026-09-28 11:30:18.242] [pid:38596] [zcode-host] [rpc:listen] model-selection.onDidChange subscribed
[2026-09-28 11:30:18.243] [pid:45324] [main] [host-log] (local-1) [host] [2026-09-28 11:30:18.242] [pid:38596] [zcode-host] [rpc:listen] model-selection.onDidChange subscribed
[2026-09-28 11:30:18.243] [pid:45324] [main] [host-log] (local-1) [host] [2026-09-28 11:30:18.243] [pid:38596] [zcode-host] [rpc:call] model-selection.getView OK (0.6ms)
[Z1 child] [2026-09-28 11:30:18.243] [pid:38596] [zcode-host] [rpc:call] model-selection.getView OK (0.6ms)
[Z1 child] [2026-09-28 11:30:18.245] [pid:38596] [zcode-host] [rpc:call] zcode-agent.conversationPlansV4 OK (0.4ms)
[2026-09-28 11:30:18.246] [pid:45324] [main] [host-log] (local-1) [host] [2026-09-28 11:30:18.245] [pid:38596] [zcode-host] [rpc:call] zcode-agent.conversationPlansV4 OK (0.4ms)
[Z1 child] [2026-09-28 11:30:18.547] [pid:38596] [settingService] reading settings from: C:\Users\USER\Desktop\Personal\ZCode\.tmp\z1-native-1790566207584-b096d1\home\.zcode\v2\setting.json
[Z1 child] [2026-09-28 11:30:18.548] [pid:38596] [settingService] read result: {"recentProjects":[],"locale":"zh-CN","localePreference":"en-US","terminalInheritSystemProfile":true,"embeddedBrowserAllowInsecureCertificates":false,"embeddedBrowserViewportPreference":{"mode":"normal","viewport":{"width":393,"height":852},"zoom":"fit"},"computerUseComposerEntryHidden":true,"taskAutoArchiveEnabled":false,"taskAutoArchiveOlderThanDays":7,"closeToTrayOnWindows":false,"closeToTrayOnWindowsMigrationInitialized":true,"keepAwakeWhileRunning":false,"desktopWindowSize":{"width":1600,"height":1000,"maximized":false},"desktopChromiumHardwareAccelerationEnabled":true,"messageStreamShowReasoning":true,"messageStreamShowReasoningMigrationInitialized":true,"messageStreamShowTodos":false,"toolGroupingExploreEnabled":true,"toolGroupingTerminalEnabled":true,"toolGroupingChangesEnabled":false,"zcodeInteractionBehavior":"queue","askUserQuestionAutoResolutionEnabled":false,"modelIoFullRetentionEnabled":false,"startPlanRecommendationDismissed":false,"providerFamilyConnectionSelections":{},"providerFamilyDomain":"zai","providerFamilyDomainMigrated":true,"nativeSearchEnhancementsEnabled":true,"memoryEnabled":false,"lastWorkspaceSession":[{"kind":"local","workspacePath":"C:\\Users\\USER\\Desktop\\Personal\\ZCode\\.tmp\\z1-native-1790566207584-b096d1\\workspace","workspacePurpose":"project"},{"kind":"local","workspacePath":"C:\\Users\\USER\\Desktop\\Personal\\ZCode\\.tmp\\z1-native-1790566207584-b096d1\\data\\.zcode\\workspace\\default","workspacePurpose":"conversation"}],"lastActiveTabIndex":0,"receivePreviewUpdates":false,"autoDownloadAndInstallUpdates":false,"skippedElectronUpdateVersions":{},"settingsSyncFirstRunPromptHandled":true}
[2026-09-28 11:30:18.548] [pid:45324] [main] [host-log] (local-1) [host] [2026-09-28 11:30:18.548] [pid:38596] [settingService] writing settings to: C:\Users\USER\Desktop\Personal\ZCode\.tmp\z1-native-1790566207584-b096d1\home\.zcode\v2\setting.json {"recentProjects":[],"locale":"zh-CN","localePreference":"en-US","terminalInheritSystemProfile":true,"embeddedBrowserAllowInsecureCertificates":false,"embeddedBrowserViewportPreference":{"mode":"normal","viewport":{"width":393,"height":852},"zoom":"fit"},"computerUseComposerEntryHidden":true,"taskAutoArchiveEnabled":false,"taskAutoArchiveOlderThanDays":7,"closeToTrayOnWindows":false,"closeToTrayOnWindowsMigrationInitialized":true,"keepAwakeWhileRunning":false,"desktopWindowSize":{"width":1600,"height":1000,"maximized":false},"desktopChromiumHardwareAccelerationEnabled":true,"messageStreamShowReasoning":true,"messageStreamShowReasoningMigrationInitialized":true,"messageStreamShowTodos":false,"toolGroupingExploreEnabled":true,"toolGroupingTerminalEnabled":true,"toolGroupingChangesEnabled":false,"zcodeInteractionBehavior":"queue","askUserQuestionAutoResolutionEnabled":false,"modelIoFullRetentionEnabled":false,"startPlanRecommendationDismissed":false,"providerFamilyConnectionSelections":{},"providerFamilyDomain":"zai","providerFamilyDomainMigrated":true,"nativeSearchEnhancementsEnabled":true,"memoryEnabled":false,"lastWorkspaceSession":[{"kind":"local","workspacePath":"C:\\Users\\USER\\Desktop\\Personal\\ZCode\\.tmp\\z1-native-1790566207584-b096d1\\workspace","workspacePurpose":"project"},{"kind":"local","workspacePath":"C:\\Users\\USER\\Desktop\\Personal\\ZCode\\.tmp\\z1-native-1790566207584-b096d1\\data\\.zcode\\workspace\\default","workspacePurpose":"conversation"}],"lastActiveTabIndex":0,"receivePreviewUpdates":false,"autoDownloadAndInstallUpdates":false,"skippedElectronUpdateVersions":{},"settingsSyncFirstRunPromptHandled":true}
[Z1 child] [2026-09-28 11:30:18.548] [pid:38596] [settingService] writing settings to: C:\Users\USER\Desktop\Personal\ZCode\.tmp\z1-native-1790566207584-b096d1\home\.zcode\v2\setting.json {"recentProjects":[],"locale":"zh-CN","localePreference":"en-US","terminalInheritSystemProfile":true,"embeddedBrowserAllowInsecureCertificates":false,"embeddedBrowserViewportPreference":{"mode":"normal","viewport":{"width":393,"height":852},"zoom":"fit"},"computerUseComposerEntryHidden":true,"taskAutoArchiveEnabled":false,"taskAutoArchiveOlderThanDays":7,"closeToTrayOnWindows":false,"closeToTrayOnWindowsMigrationInitialized":true,"keepAwakeWhileRunning":false,"desktopWindowSize":{"width":1600,"height":1000,"maximized":false},"desktopChromiumHardwareAccelerationEnabled":true,"messageStreamShowReasoning":true,"messageStreamShowReasoningMigrationInitialized":true,"messageStreamShowTodos":false,"toolGroupingExploreEnabled":true,"toolGroupingTerminalEnabled":true,"toolGroupingChangesEnabled":false,"zcodeInteractionBehavior":"queue","askUserQuestionAutoResolutionEnabled":false,"modelIoFullRetentionEnabled":false,"startPlanRecommendationDismissed":false,"providerFamilyConnectionSelections":{},"providerFamilyDomain":"zai","providerFamilyDomainMigrated":true,"nativeSearchEnhancementsEnabled":true,"memoryEnabled":false,"lastWorkspaceSession":[{"kind":"local","workspacePath":"C:\\Users\\USER\\Desktop\\Personal\\ZCode\\.tmp\\z1-native-1790566207584-b096d1\\workspace","workspacePurpose":"project"},{"kind":"local","workspacePath":"C:\\Users\\USER\\Desktop\\Personal\\ZCode\\.tmp\\z1-native-1790566207584-b096d1\\data\\.zcode\\workspace\\default","workspacePurpose":"conversation"}],"lastActiveTabIndex":0,"receivePreviewUpdates":false,"autoDownloadAndInstallUpdates":false,"skippedElectronUpdateVersions":{},"settingsSyncFirstRunPromptHandled":true}
[Z1 child] [2026-09-28 11:30:18.553] [pid:38596] [settingService] write done
[2026-09-28 11:30:18.553] [pid:38596] [zcode-host] [rpc:call] setting.update OK (6.1ms)
[2026-09-28 11:30:18.553] [pid:45324] [main] [host-log] (local-1) [host] [2026-09-28 11:30:18.553] [pid:38596] [settingService] write done
[2026-09-28 11:30:18.554] [pid:45324] [main] [host-log] (local-1) [host] [2026-09-28 11:30:18.553] [pid:38596] [zcode-host] [rpc:call] setting.update OK (6.1ms)
[Z1 child] [2026-09-28 11:30:18.556] [pid:38596] [zcode-host] [rpc:call] zcode-agent.sendConversationCommandV4 OK (2.4ms)
[2026-09-28 11:30:18.556] [pid:45324] [main] [host-log] (local-1) [host] [2026-09-28 11:30:18.556] [pid:38596] [zcode-host] [rpc:call] zcode-agent.sendConversationCommandV4 OK (2.4ms)
[2026-09-28 11:30:18.627] [pid:45324] [renderer] v4 workspace connection lease released {
  event: 'v4.workspace_connection.release',
  keepWarmMs: 30000,
  key: '__base__ C:\\Users\\USER\\Desktop\\Personal\\ZCode\\.tmp\\z1-native-1790566207584-b096d1\\workspace',
  module: 'ui.v4.workspace_connection_registry',
  refCount: 0,
  status: 'keep_warm'
}
[2026-09-28 11:30:18.628] [pid:45324] [renderer] v4 session data lease released {
  event: 'v4.session_data.release',
  keepWarmMs: 30000,
  module: 'ui.v4.session_data_layer',
  refCount: 0,
  status: 'keep_warm',
  topic: 'conversation/sess_954e417b-6de7-4016-a405-8a0c721e7d83'
}
[Z1 child] [2026-09-28 11:30:18.628] [pid:38596] [zcode-host] [rpc:listen] graphEngineering.onDidChange subscribed
[2026-09-28 11:30:18.629] [pid:45324] [main] [host-log] (local-1) [host] [2026-09-28 11:30:18.628] [pid:38596] [zcode-host] [rpc:listen] graphEngineering.onDidChange subscribed
[Z1 child] [2026-09-28 11:30:18.629] [pid:38596] [settingService] reading settings from: C:\Users\USER\Desktop\Personal\ZCode\.tmp\z1-native-1790566207584-b096d1\home\.zcode\v2\setting.json
[2026-09-28 11:30:18.629] [pid:38596] [settingService] read result: {"recentProjects":[],"locale":"zh-CN","localePreference":"en-US","terminalInheritSystemProfile":true,"embeddedBrowserAllowInsecureCertificates":false,"embeddedBrowserViewportPreference":{"mode":"normal","viewport":{"width":393,"height":852},"zoom":"fit"},"computerUseComposerEntryHidden":true,"taskAutoArchiveEnabled":false,"taskAutoArchiveOlderThanDays":7,"closeToTrayOnWindows":false,"closeToTrayOnWindowsMigrationInitialized":true,"keepAwakeWhileRunning":false,"desktopWindowSize":{"width":1600,"height":1000,"maximized":false},"desktopChromiumHardwareAccelerationEnabled":true,"messageStreamShowReasoning":true,"messageStreamShowReasoningMigrationInitialized":true,"messageStreamShowTodos":false,"toolGroupingExploreEnabled":true,"toolGroupingTerminalEnabled":true,"toolGroupingChangesEnabled":false,"zcodeInteractionBehavior":"queue","askUserQuestionAutoResolutionEnabled":false,"modelIoFullRetentionEnabled":false,"startPlanRecommendationDismissed":false,"providerFamilyConnectionSelections":{},"providerFamilyDomain":"zai","providerFamilyDomainMigrated":true,"nativeSearchEnhancementsEnabled":true,"memoryEnabled":false,"lastWorkspaceSession":[{"kind":"local","workspacePath":"C:\\Users\\USER\\Desktop\\Personal\\ZCode\\.tmp\\z1-native-1790566207584-b096d1\\workspace","workspacePurpose":"project"},{"kind":"local","workspacePath":"C:\\Users\\USER\\Desktop\\Personal\\ZCode\\.tmp\\z1-native-1790566207584-b096d1\\data\\.zcode\\workspace\\default","workspacePurpose":"conversation"}],"lastActiveTabIndex":0,"receivePreviewUpdates":false,"autoDownloadAndInstallUpdates":false,"skippedElectronUpdateVersions":{},"settingsSyncFirstRunPromptHandled":true}
[Z1 child] [2026-09-28 11:30:18.630] [pid:38596] [zcode-host] [rpc:call] graphEngineering.getWorkspace OK (1.2ms)
[2026-09-28 11:30:18.630] [pid:45324] [main] [host-log] (local-1) [host] [2026-09-28 11:30:18.630] [pid:38596] [zcode-host] [rpc:call] graphEngineering.getWorkspace OK (1.2ms)
[Z1 child] [2026-09-28 11:30:18.642] [pid:38596] [settingService] reading settings from: C:\Users\USER\Desktop\Personal\ZCode\.tmp\z1-native-1790566207584-b096d1\home\.zcode\v2\setting.json
[2026-09-28 11:30:18.642] [pid:38596] [zcode-host] [rpc:listen] model-selection.onDidChange subscribed
[2026-09-28 11:30:18.642] [pid:45324] [main] [host-log] (local-1) [host] [2026-09-28 11:30:18.642] [pid:38596] [zcode-host] [rpc:listen] model-selection.onDidChange subscribed
[2026-09-28 11:30:18.643] [pid:45324] [main] [host-log] (local-1) [host] [2026-09-28 11:30:18.642] [pid:38596] [zcode-host] [rpc:call] graphEngineering.validateDefinition OK (0.3ms)
[Z1 child] [2026-09-28 11:30:18.642] [pid:38596] [zcode-host] [rpc:call] graphEngineering.validateDefinition OK (0.3ms)
[2026-09-28 11:30:18.643] [pid:38596] [settingService] read result: {"recentProjects":[],"locale":"zh-CN","localePreference":"en-US","terminalInheritSystemProfile":true,"embeddedBrowserAllowInsecureCertificates":false,"embeddedBrowserViewportPreference":{"mode":"normal","viewport":{"width":393,"height":852},"zoom":"fit"},"computerUseComposerEntryHidden":true,"taskAutoArchiveEnabled":false,"taskAutoArchiveOlderThanDays":7,"closeToTrayOnWindows":false,"closeToTrayOnWindowsMigrationInitialized":true,"keepAwakeWhileRunning":false,"desktopWindowSize":{"width":1600,"height":1000,"maximized":false},"desktopChromiumHardwareAccelerationEnabled":true,"messageStreamShowReasoning":true,"messageStreamShowReasoningMigrationInitialized":true,"messageStreamShowTodos":false,"toolGroupingExploreEnabled":true,"toolGroupingTerminalEnabled":true,"toolGroupingChangesEnabled":false,"zcodeInteractionBehavior":"queue","askUserQuestionAutoResolutionEnabled":false,"modelIoFullRetentionEnabled":false,"startPlanRecommendationDismissed":false,"providerFamilyConnectionSelections":{},"providerFamilyDomain":"zai","providerFamilyDomainMigrated":true,"nativeSearchEnhancementsEnabled":true,"memoryEnabled":false,"lastWorkspaceSession":[{"kind":"local","workspacePath":"C:\\Users\\USER\\Desktop\\Personal\\ZCode\\.tmp\\z1-native-1790566207584-b096d1\\workspace","workspacePurpose":"project"},{"kind":"local","workspacePath":"C:\\Users\\USER\\Desktop\\Personal\\ZCode\\.tmp\\z1-native-1790566207584-b096d1\\data\\.zcode\\workspace\\default","workspacePurpose":"conversation"}],"lastActiveTabIndex":0,"receivePreviewUpdates":false,"autoDownloadAndInstallUpdates":false,"skippedElectronUpdateVersions":{},"settingsSyncFirstRunPromptHandled":true}
[2026-09-28 11:30:18.643] [pid:45324] [main] [host-log] (local-1) [host] [2026-09-28 11:30:18.643] [pid:38596] [zcode-host] [rpc:call] setting.get OK (1.7ms)
[2026-09-28 11:30:18.644] [pid:45324] [main] [host-log] (local-1) [host] [2026-09-28 11:30:18.644] [pid:38596] [zcode-host] [rpc:call] model-selection.getView OK (1.9ms)
[Z1 child] [2026-09-28 11:30:18.643] [pid:38596] [zcode-host] [rpc:call] setting.get OK (1.7ms)
[2026-09-28 11:30:18.644] [pid:38596] [zcode-host] [rpc:call] model-selection.getView OK (1.9ms)
[Z1 child] [2026-09-28 11:30:18.894] [pid:38596] [zcode-agent-service] 开始初始化 ZCode agent {
  workspaceKey: 'C:\\Users\\USER\\Desktop\\Personal\\ZCode\\.tmp\\z1-native-1790566207584-b096d1\\workspace',
  workspacePath: 'C:\\Users\\USER\\Desktop\\Personal\\ZCode\\.tmp\\z1-native-1790566207584-b096d1\\workspace'
}
[2026-09-28 11:30:18.894] [pid:38596] [zcode-agent-service] ZCode agent 初始化完成 {
  durationMs: 0,
  transportKind: 'stdio',
  workspaceKey: 'C:\\Users\\USER\\Desktop\\Personal\\ZCode\\.tmp\\z1-native-1790566207584-b096d1\\workspace',
  workspacePath: 'C:\\Users\\USER\\Desktop\\Personal\\ZCode\\.tmp\\z1-native-1790566207584-b096d1\\workspace'
}
[2026-09-28 11:30:18.894] [pid:45324] [main] [host-log] (local-1) [host] [2026-09-28 11:30:18.894] [pid:38596] [zcode-agent-service] 开始初始化 ZCode agent {"workspaceKey":"C:\\Users\\USER\\Desktop\\Personal\\ZCode\\.tmp\\z1-native-1790566207584-b096d1\\workspace","workspacePath":"C:\\Users\\USER\\Desktop\\Personal\\ZCode\\.tmp\\z1-native-1790566207584-b096d1\\workspace"}
[2026-09-28 11:30:18.895] [pid:45324] [main] [host-log] (local-1) [host] [2026-09-28 11:30:18.894] [pid:38596] [zcode-agent-service] ZCode agent 初始化完成 {"durationMs":0,"transportKind":"stdio","workspaceKey":"C:\\Users\\USER\\Desktop\\Personal\\ZCode\\.tmp\\z1-native-1790566207584-b096d1\\workspace","workspacePath":"C:\\Users\\USER\\Desktop\\Personal\\ZCode\\.tmp\\z1-native-1790566207584-b096d1\\workspace"}
[2026-09-28 11:30:18.896] [pid:45324] [main] [host-log] (local-1) [host] [2026-09-28 11:30:18.894] [pid:38596] [zcode-session-service][trace:262b5b3e-9ccc-4d5f-89dd-eaab88ee69c4] [zcode-session-service] createSession 分配 session trace {"persistence":"deferred","workspacePath":"C:\\Users\\USER\\Desktop\\Personal\\ZCode\\.tmp\\z1-native-1790566207584-b096d1\\workspace"}
[2026-09-28 11:30:18.896] [pid:45324] [main] [host-log] (local-1) [host] [2026-09-28 11:30:18.894] [pid:38596] [zcode-agent-service][trace:262b5b3e-9ccc-4d5f-89dd-eaab88ee69c4] 开始请求 ZCode Protocol session/create {"hasInitialModel":false,"hasInitialThoughtLevel":false,"initialModel":null,"mcpServerCount":0,"mcpServerNames":[],"persistence":"deferred","workspaceKey":"C:\\Users\\USER\\Desktop\\Personal\\ZCode\\.tmp\\z1-native-1790566207584-b096d1\\workspace","workspacePath":"C:\\Users\\USER\\Desktop\\Personal\\ZCode\\.tmp\\z1-native-1790566207584-b096d1\\workspace"}
[Z1 child] [2026-09-28 11:30:18.894] [pid:38596] [zcode-session-service][trace:262b5b3e-9ccc-4d5f-89dd-eaab88ee69c4] [zcode-session-service] createSession 分配 session trace {
  persistence: 'deferred',
  workspaceIdentity: undefined,
  workspacePath: 'C:\\Users\\USER\\Desktop\\Personal\\ZCode\\.tmp\\z1-native-1790566207584-b096d1\\workspace'
}
[2026-09-28 11:30:18.894] [pid:38596] [zcode-agent-service][trace:262b5b3e-9ccc-4d5f-89dd-eaab88ee69c4] 开始请求 ZCode Protocol session/create {
  hasInitialModel: false,
  hasInitialThoughtLevel: false,
  initialModel: null,
  mcpServerCount: 0,
  mcpServerNames: [],
  persistence: 'deferred',
  workspaceKey: 'C:\\Users\\USER\\Desktop\\Personal\\ZCode\\.tmp\\z1-native-1790566207584-b096d1\\workspace',
  workspacePath: 'C:\\Users\\USER\\Desktop\\Personal\\ZCode\\.tmp\\z1-native-1790566207584-b096d1\\workspace'
}
[2026-09-28 11:30:18.895] [pid:38596] [settingService] reading settings from: C:\Users\USER\Desktop\Personal\ZCode\.tmp\z1-native-1790566207584-b096d1\home\.zcode\v2\setting.json
[2026-09-28 11:30:18.896] [pid:38596] [settingService] read result: {"recentProjects":[],"locale":"zh-CN","localePreference":"en-US","terminalInheritSystemProfile":true,"embeddedBrowserAllowInsecureCertificates":false,"embeddedBrowserViewportPreference":{"mode":"normal","viewport":{"width":393,"height":852},"zoom":"fit"},"computerUseComposerEntryHidden":true,"taskAutoArchiveEnabled":false,"taskAutoArchiveOlderThanDays":7,"closeToTrayOnWindows":false,"closeToTrayOnWindowsMigrationInitialized":true,"keepAwakeWhileRunning":false,"desktopWindowSize":{"width":1600,"height":1000,"maximized":false},"desktopChromiumHardwareAccelerationEnabled":true,"messageStreamShowReasoning":true,"messageStreamShowReasoningMigrationInitialized":true,"messageStreamShowTodos":false,"toolGroupingExploreEnabled":true,"toolGroupingTerminalEnabled":true,"toolGroupingChangesEnabled":false,"zcodeInteractionBehavior":"queue","askUserQuestionAutoResolutionEnabled":false,"modelIoFullRetentionEnabled":false,"startPlanRecommendationDismissed":false,"providerFamilyConnectionSelections":{},"providerFamilyDomain":"zai","providerFamilyDomainMigrated":true,"nativeSearchEnhancementsEnabled":true,"memoryEnabled":false,"lastWorkspaceSession":[{"kind":"local","workspacePath":"C:\\Users\\USER\\Desktop\\Personal\\ZCode\\.tmp\\z1-native-1790566207584-b096d1\\workspace","workspacePurpose":"project"},{"kind":"local","workspacePath":"C:\\Users\\USER\\Desktop\\Personal\\ZCode\\.tmp\\z1-native-1790566207584-b096d1\\data\\.zcode\\workspace\\default","workspacePurpose":"conversation"}],"lastActiveTabIndex":0,"receivePreviewUpdates":false,"autoDownloadAndInstallUpdates":false,"skippedElectronUpdateVersions":{},"settingsSyncFirstRunPromptHandled":true}
[Z1 child] [2026-09-28 11:30:18.955] [pid:38596] [zcode-agent-service][trace:262b5b3e-9ccc-4d5f-89dd-eaab88ee69c4] ZCode Protocol session/create 完成 {
  durationMs: 61,
  messageCount: 0,
  modelCurrent: 'z1-local-fixture/z1-fixture$enabled',
  mcpServerCount: 0,
  persistence: 'deferred',
  sessionId: 'sess_1ce1c1af-1c82-43bb-a23a-c2f069804c48',
  snapshotTraceId: '262b5b3e-9ccc-4d5f-89dd-eaab88ee69c4',
  workspaceKey: 'C:\\Users\\USER\\Desktop\\Personal\\ZCode\\.tmp\\z1-native-1790566207584-b096d1\\workspace',
  workspacePath: 'C:\\Users\\USER\\Desktop\\Personal\\ZCode\\.tmp\\z1-native-1790566207584-b096d1\\workspace'
}
[2026-09-28 11:30:18.955] [pid:38596] [zcode-session-service][trace:262b5b3e-9ccc-4d5f-89dd-eaab88ee69c4] [zcode-session-service] createSession agent 返回 {
  durationMs: 61,
  mcpServerCount: 0,
  persistence: 'deferred',
  snapshotTraceId: '262b5b3e-9ccc-4d5f-89dd-eaab88ee69c4',
  sessionId: 'sess_1ce1c1af-1c82-43bb-a23a-c2f069804c48',
  workspaceIdentity: undefined,
  workspacePath: 'C:\\Users\\USER\\Desktop\\Personal\\ZCode\\.tmp\\z1-native-1790566207584-b096d1\\workspace'
}
[2026-09-28 11:30:18.956] [pid:45324] [main] [host-log] (local-1) [host] [2026-09-28 11:30:18.955] [pid:38596] [zcode-agent-service][trace:262b5b3e-9ccc-4d5f-89dd-eaab88ee69c4] ZCode Protocol session/create 完成 {"durationMs":61,"messageCount":0,"modelCurrent":"z1-local-fixture/z1-fixture$enabled","mcpServerCount":0,"persistence":"deferred","sessionId":"sess_1ce1c1af-1c82-43bb-a23a-c2f069804c48","snapshotTraceId":"262b5b3e-9ccc-4d5f-89dd-eaab88ee69c4","workspaceKey":"C:\\Users\\USER\\Desktop\\Personal\\ZCode\\.tmp\\z1-native-1790566207584-b096d1\\workspace","workspacePath":"C:\\Users\\USER\\Desktop\\Personal\\ZCode\\.tmp\\z1-native-1790566207584-b096d1\\workspace"}
[2026-09-28 11:30:18.956] [pid:45324] [main] [host-log] (local-1) [host] [2026-09-28 11:30:18.955] [pid:38596] [zcode-session-service][trace:262b5b3e-9ccc-4d5f-89dd-eaab88ee69c4] [zcode-session-service] createSession agent 返回 {"durationMs":61,"mcpServerCount":0,"persistence":"deferred","snapshotTraceId":"262b5b3e-9ccc-4d5f-89dd-eaab88ee69c4","sessionId":"sess_1ce1c1af-1c82-43bb-a23a-c2f069804c48","workspacePath":"C:\\Users\\USER\\Desktop\\Personal\\ZCode\\.tmp\\z1-native-1790566207584-b096d1\\workspace"}
[Z1 child] [2026-09-28 11:30:18.999] [pid:38596] [settingService] reading settings from: C:\Users\USER\Desktop\Personal\ZCode\.tmp\z1-native-1790566207584-b096d1\home\.zcode\v2\setting.json
[Z1 child] [2026-09-28 11:30:18.999] [pid:38596] [settingService] read result: {"recentProjects":[],"locale":"zh-CN","localePreference":"en-US","terminalInheritSystemProfile":true,"embeddedBrowserAllowInsecureCertificates":false,"embeddedBrowserViewportPreference":{"mode":"normal","viewport":{"width":393,"height":852},"zoom":"fit"},"computerUseComposerEntryHidden":true,"taskAutoArchiveEnabled":false,"taskAutoArchiveOlderThanDays":7,"closeToTrayOnWindows":false,"closeToTrayOnWindowsMigrationInitialized":true,"keepAwakeWhileRunning":false,"desktopWindowSize":{"width":1600,"height":1000,"maximized":false},"desktopChromiumHardwareAccelerationEnabled":true,"messageStreamShowReasoning":true,"messageStreamShowReasoningMigrationInitialized":true,"messageStreamShowTodos":false,"toolGroupingExploreEnabled":true,"toolGroupingTerminalEnabled":true,"toolGroupingChangesEnabled":false,"zcodeInteractionBehavior":"queue","askUserQuestionAutoResolutionEnabled":false,"modelIoFullRetentionEnabled":false,"startPlanRecommendationDismissed":false,"providerFamilyConnectionSelections":{},"providerFamilyDomain":"zai","providerFamilyDomainMigrated":true,"nativeSearchEnhancementsEnabled":true,"memoryEnabled":false,"lastWorkspaceSession":[{"kind":"local","workspacePath":"C:\\Users\\USER\\Desktop\\Personal\\ZCode\\.tmp\\z1-native-1790566207584-b096d1\\workspace","workspacePurpose":"project"},{"kind":"local","workspacePath":"C:\\Users\\USER\\Desktop\\Personal\\ZCode\\.tmp\\z1-native-1790566207584-b096d1\\data\\.zcode\\workspace\\default","workspacePurpose":"conversation"}],"lastActiveTabIndex":0,"receivePreviewUpdates":false,"autoDownloadAndInstallUpdates":false,"skippedElectronUpdateVersions":{},"settingsSyncFirstRunPromptHandled":true}
[Z1 child] [2026-09-28 11:30:19.000] [pid:38596] [zcode-host] [rpc:call] graphEngineering.getWorkspace OK (215.6ms)
[2026-09-28 11:30:19.000] [pid:45324] [main] [host-log] (local-1) [host] [2026-09-28 11:30:19.000] [pid:38596] [zcode-host] [rpc:call] graphEngineering.getWorkspace OK (215.6ms)
[Z1 child] [2026-09-28 11:30:19.000] [pid:38596] [settingService] reading settings from: C:\Users\USER\Desktop\Personal\ZCode\.tmp\z1-native-1790566207584-b096d1\home\.zcode\v2\setting.json
[2026-09-28 11:30:19.001] [pid:38596] [settingService] read result: {"recentProjects":[],"locale":"zh-CN","localePreference":"en-US","terminalInheritSystemProfile":true,"embeddedBrowserAllowInsecureCertificates":false,"embeddedBrowserViewportPreference":{"mode":"normal","viewport":{"width":393,"height":852},"zoom":"fit"},"computerUseComposerEntryHidden":true,"taskAutoArchiveEnabled":false,"taskAutoArchiveOlderThanDays":7,"closeToTrayOnWindows":false,"closeToTrayOnWindowsMigrationInitialized":true,"keepAwakeWhileRunning":false,"desktopWindowSize":{"width":1600,"height":1000,"maximized":false},"desktopChromiumHardwareAccelerationEnabled":true,"messageStreamShowReasoning":true,"messageStreamShowReasoningMigrationInitialized":true,"messageStreamShowTodos":false,"toolGroupingExploreEnabled":true,"toolGroupingTerminalEnabled":true,"toolGroupingChangesEnabled":false,"zcodeInteractionBehavior":"queue","askUserQuestionAutoResolutionEnabled":false,"modelIoFullRetentionEnabled":false,"startPlanRecommendationDismissed":false,"providerFamilyConnectionSelections":{},"providerFamilyDomain":"zai","providerFamilyDomainMigrated":true,"nativeSearchEnhancementsEnabled":true,"memoryEnabled":false,"lastWorkspaceSession":[{"kind":"local","workspacePath":"C:\\Users\\USER\\Desktop\\Personal\\ZCode\\.tmp\\z1-native-1790566207584-b096d1\\workspace","workspacePurpose":"project"},{"kind":"local","workspacePath":"C:\\Users\\USER\\Desktop\\Personal\\ZCode\\.tmp\\z1-native-1790566207584-b096d1\\data\\.zcode\\workspace\\default","workspacePurpose":"conversation"}],"lastActiveTabIndex":0,"receivePreviewUpdates":false,"autoDownloadAndInstallUpdates":false,"skippedElectronUpdateVersions":{},"settingsSyncFirstRunPromptHandled":true}
[Z1 child] [2026-09-28 11:30:19.002] [pid:38596] [zcode-host] [rpc:call] graphEngineering.getWorkspace OK (107.7ms)
[2026-09-28 11:30:19.002] [pid:45324] [main] [host-log] (local-1) [host] [2026-09-28 11:30:19.002] [pid:38596] [zcode-host] [rpc:call] graphEngineering.getWorkspace OK (107.7ms)
[Z1 child] [2026-09-28 11:30:19.002] [pid:38596] [settingService] reading settings from: C:\Users\USER\Desktop\Personal\ZCode\.tmp\z1-native-1790566207584-b096d1\home\.zcode\v2\setting.json
[2026-09-28 11:30:19.003] [pid:38596] [settingService] read result: {"recentProjects":[],"locale":"zh-CN","localePreference":"en-US","terminalInheritSystemProfile":true,"embeddedBrowserAllowInsecureCertificates":false,"embeddedBrowserViewportPreference":{"mode":"normal","viewport":{"width":393,"height":852},"zoom":"fit"},"computerUseComposerEntryHidden":true,"taskAutoArchiveEnabled":false,"taskAutoArchiveOlderThanDays":7,"closeToTrayOnWindows":false,"closeToTrayOnWindowsMigrationInitialized":true,"keepAwakeWhileRunning":false,"desktopWindowSize":{"width":1600,"height":1000,"maximized":false},"desktopChromiumHardwareAccelerationEnabled":true,"messageStreamShowReasoning":true,"messageStreamShowReasoningMigrationInitialized":true,"messageStreamShowTodos":false,"toolGroupingExploreEnabled":true,"toolGroupingTerminalEnabled":true,"toolGroupingChangesEnabled":false,"zcodeInteractionBehavior":"queue","askUserQuestionAutoResolutionEnabled":false,"modelIoFullRetentionEnabled":false,"startPlanRecommendationDismissed":false,"providerFamilyConnectionSelections":{},"providerFamilyDomain":"zai","providerFamilyDomainMigrated":true,"nativeSearchEnhancementsEnabled":true,"memoryEnabled":false,"lastWorkspaceSession":[{"kind":"local","workspacePath":"C:\\Users\\USER\\Desktop\\Personal\\ZCode\\.tmp\\z1-native-1790566207584-b096d1\\workspace","workspacePurpose":"project"},{"kind":"local","workspacePath":"C:\\Users\\USER\\Desktop\\Personal\\ZCode\\.tmp\\z1-native-1790566207584-b096d1\\data\\.zcode\\workspace\\default","workspacePurpose":"conversation"}],"lastActiveTabIndex":0,"receivePreviewUpdates":false,"autoDownloadAndInstallUpdates":false,"skippedElectronUpdateVersions":{},"settingsSyncFirstRunPromptHandled":true}
[Z1 child] [2026-09-28 11:30:19.003] [pid:38596] [zcode-host] [rpc:call] graphEngineering.getWorkspace OK (45.0ms)
[2026-09-28 11:30:19.004] [pid:45324] [main] [host-log] (local-1) [host] [2026-09-28 11:30:19.003] [pid:38596] [zcode-host] [rpc:call] graphEngineering.getWorkspace OK (45.0ms)
[Z1 child] [2026-09-28 11:30:19.004] [pid:38596] [settingService] reading settings from: C:\Users\USER\Desktop\Personal\ZCode\.tmp\z1-native-1790566207584-b096d1\home\.zcode\v2\setting.json
[2026-09-28 11:30:19.004] [pid:38596] [settingService] read result: {"recentProjects":[],"locale":"zh-CN","localePreference":"en-US","terminalInheritSystemProfile":true,"embeddedBrowserAllowInsecureCertificates":false,"embeddedBrowserViewportPreference":{"mode":"normal","viewport":{"width":393,"height":852},"zoom":"fit"},"computerUseComposerEntryHidden":true,"taskAutoArchiveEnabled":false,"taskAutoArchiveOlderThanDays":7,"closeToTrayOnWindows":false,"closeToTrayOnWindowsMigrationInitialized":true,"keepAwakeWhileRunning":false,"desktopWindowSize":{"width":1600,"height":1000,"maximized":false},"desktopChromiumHardwareAccelerationEnabled":true,"messageStreamShowReasoning":true,"messageStreamShowReasoningMigrationInitialized":true,"messageStreamShowTodos":false,"toolGroupingExploreEnabled":true,"toolGroupingTerminalEnabled":true,"toolGroupingChangesEnabled":false,"zcodeInteractionBehavior":"queue","askUserQuestionAutoResolutionEnabled":false,"modelIoFullRetentionEnabled":false,"startPlanRecommendationDismissed":false,"providerFamilyConnectionSelections":{},"providerFamilyDomain":"zai","providerFamilyDomainMigrated":true,"nativeSearchEnhancementsEnabled":true,"memoryEnabled":false,"lastWorkspaceSession":[{"kind":"local","workspacePath":"C:\\Users\\USER\\Desktop\\Personal\\ZCode\\.tmp\\z1-native-1790566207584-b096d1\\workspace","workspacePurpose":"project"},{"kind":"local","workspacePath":"C:\\Users\\USER\\Desktop\\Personal\\ZCode\\.tmp\\z1-native-1790566207584-b096d1\\data\\.zcode\\workspace\\default","workspacePurpose":"conversation"}],"lastActiveTabIndex":0,"receivePreviewUpdates":false,"autoDownloadAndInstallUpdates":false,"skippedElectronUpdateVersions":{},"settingsSyncFirstRunPromptHandled":true}
[Z1 child] [2026-09-28 11:30:19.005] [pid:38596] [zcode-host] [rpc:call] graphEngineering.getWorkspace OK (14.2ms)
[2026-09-28 11:30:19.005] [pid:45324] [main] [host-log] (local-1) [host] [2026-09-28 11:30:19.005] [pid:38596] [zcode-host] [rpc:call] graphEngineering.getWorkspace OK (14.2ms)
[Z1 child] [2026-09-28 11:30:19.005] [pid:38596] [settingService] reading settings from: C:\Users\USER\Desktop\Personal\ZCode\.tmp\z1-native-1790566207584-b096d1\home\.zcode\v2\setting.json
[Z1 child] [2026-09-28 11:30:19.006] [pid:38596] [settingService] read result: {"recentProjects":[],"locale":"zh-CN","localePreference":"en-US","terminalInheritSystemProfile":true,"embeddedBrowserAllowInsecureCertificates":false,"embeddedBrowserViewportPreference":{"mode":"normal","viewport":{"width":393,"height":852},"zoom":"fit"},"computerUseComposerEntryHidden":true,"taskAutoArchiveEnabled":false,"taskAutoArchiveOlderThanDays":7,"closeToTrayOnWindows":false,"closeToTrayOnWindowsMigrationInitialized":true,"keepAwakeWhileRunning":false,"desktopWindowSize":{"width":1600,"height":1000,"maximized":false},"desktopChromiumHardwareAccelerationEnabled":true,"messageStreamShowReasoning":true,"messageStreamShowReasoningMigrationInitialized":true,"messageStreamShowTodos":false,"toolGroupingExploreEnabled":true,"toolGroupingTerminalEnabled":true,"toolGroupingChangesEnabled":false,"zcodeInteractionBehavior":"queue","askUserQuestionAutoResolutionEnabled":false,"modelIoFullRetentionEnabled":false,"startPlanRecommendationDismissed":false,"providerFamilyConnectionSelections":{},"providerFamilyDomain":"zai","providerFamilyDomainMigrated":true,"nativeSearchEnhancementsEnabled":true,"memoryEnabled":false,"lastWorkspaceSession":[{"kind":"local","workspacePath":"C:\\Users\\USER\\Desktop\\Personal\\ZCode\\.tmp\\z1-native-1790566207584-b096d1\\workspace","workspacePurpose":"project"},{"kind":"local","workspacePath":"C:\\Users\\USER\\Desktop\\Personal\\ZCode\\.tmp\\z1-native-1790566207584-b096d1\\data\\.zcode\\workspace\\default","workspacePurpose":"conversation"}],"lastActiveTabIndex":0,"receivePreviewUpdates":false,"autoDownloadAndInstallUpdates":false,"skippedElectronUpdateVersions":{},"settingsSyncFirstRunPromptHandled":true}
[Z1 child] [2026-09-28 11:30:19.006] [pid:38596] [zcode-host] [rpc:call] graphEngineering.getWorkspace OK (2.3ms)
[2026-09-28 11:30:19.007] [pid:45324] [main] [host-log] (local-1) [host] [2026-09-28 11:30:19.006] [pid:38596] [zcode-host] [rpc:call] graphEngineering.getWorkspace OK (2.3ms)
[Z1 child] [2026-09-28 11:30:19.163] [pid:38596] [cua-pip-session] [cua-pip-session] event delivery dropped {
  kind: 'focus-changed',
  revision: 6,
  sessionId: 'sess_1ce1c1af-1c82-43bb-a23a-c2f069804c48',
  sourceWindowId: 'window-1',
  skipReason: 'service-disabled'
}
[2026-09-28 11:30:19.164] [pid:45324] [main] [host-log] (local-1) [host] [2026-09-28 11:30:19.163] [pid:38596] [cua-pip-session] [cua-pip-session] event delivery dropped {"kind":"focus-changed","revision":6,"sessionId":"sess_1ce1c1af-1c82-43bb-a23a-c2f069804c48","sourceWindowId":"window-1","skipReason":"service-disabled"}
[2026-09-28 11:30:19.166] [pid:45324] [renderer] v4 workspace connection reused {
  event: 'v4.workspace_connection.reused',
  isRemote: false,
  key: '__base__ C:\\Users\\USER\\Desktop\\Personal\\ZCode\\.tmp\\z1-native-1790566207584-b096d1\\workspace',
  module: 'ui.v4.workspace_connection_registry',
  refCount: 1,
  serviceGeneration: 1,
  status: 'completed'
}
[Z1 child] [2026-09-28 11:30:19.176] [pid:38596] [zcode-host] [rpc:call] zcode-task.getTaskSessionFilePath OK (0.0ms)
[2026-09-28 11:30:19.176] [pid:45324] [main] [host-log] (local-1) [host] [2026-09-28 11:30:19.176] [pid:38596] [zcode-host] [rpc:call] zcode-task.getTaskSessionFilePath OK (0.0ms)
[Z1 child] [2026-09-28 11:30:19.176] [pid:38596] [zcode-host] [rpc:call] zcode-task.getTaskNativeSessionLogFile OK (0.2ms)
[2026-09-28 11:30:19.176] [pid:38596] [settingService] reading settings from: C:\Users\USER\Desktop\Personal\ZCode\.tmp\z1-native-1790566207584-b096d1\home\.zcode\v2\setting.json
[2026-09-28 11:30:19.176] [pid:38596] [zcode-host] [rpc:listen] graphEngineering.onDidChange subscribed
[2026-09-28 11:30:19.176] [pid:38596] [zcode-host] [rpc:call] graphEngineering.isSessionOwned OK (0.1ms)
[2026-09-28 11:30:19.176] [pid:38596] [zcode-host] [rpc:listen] model-selection.onDidChange subscribed
[2026-09-28 11:30:19.177] [pid:45324] [renderer] v4 conversation store connect started {
  event: 'v4.conversation.store.connect.started',
  generation: 1,
  hasBase: false,
  module: 'ui.v4.conversation_projection_store',
  status: 'started',
  topic: 'conversation/sess_1ce1c1af-1c82-43bb-a23a-c2f069804c48'
}
[2026-09-28 11:30:19.178] [pid:45324] [renderer] v4 conversation subscription started {
  workspaceKey: 'C:\\Users\\USER\\Desktop\\Personal\\ZCode\\.tmp\\z1-native-1790566207584-b096d1\\workspace',
  workspacePath: 'C:\\Users\\USER\\Desktop\\Personal\\ZCode\\.tmp\\z1-native-1790566207584-b096d1\\workspace',
  event: 'v4.conversation.subscribe.started',
  module: 'ui.v4.conversation_transport',
  runtimeGeneration: 0,
  sessionId: 'sess_1ce1c1af-1c82-43bb-a23a-c2f069804c48',
  status: 'started',
  topic: 'conversation/sess_1ce1c1af-1c82-43bb-a23a-c2f069804c48'
}
[2026-09-28 11:30:19.179] [pid:45324] [renderer] v4 session data lease acquired {
  event: 'v4.session_data.acquire',
  keepWarm: false,
  module: 'ui.v4.session_data_layer',
  openKind: 'cold',
  refCount: 1,
  sessionId: 'sess_1ce1c1af-1c82-43bb-a23a-c2f069804c48',
  status: 'completed',
  topic: 'conversation/sess_1ce1c1af-1c82-43bb-a23a-c2f069804c48'
}
[2026-09-28 11:30:19.179] [pid:45324] [main] [host-log] (local-1) [host] [2026-09-28 11:30:19.176] [pid:38596] [zcode-host] [rpc:call] zcode-task.getTaskNativeSessionLogFile OK (0.2ms)
[2026-09-28 11:30:19.180] [pid:45324] [main] [host-log] (local-1) [host] [2026-09-28 11:30:19.176] [pid:38596] [zcode-host] [rpc:listen] graphEngineering.onDidChange subscribed
[2026-09-28 11:30:19.181] [pid:45324] [main] [host-log] (local-1) [host] [2026-09-28 11:30:19.176] [pid:38596] [zcode-host] [rpc:call] graphEngineering.isSessionOwned OK (0.1ms)
[2026-09-28 11:30:19.181] [pid:45324] [main] [host-log] (local-1) [host] [2026-09-28 11:30:19.176] [pid:38596] [zcode-host] [rpc:listen] model-selection.onDidChange subscribed
[Z1 child] [2026-09-28 11:30:19.177] [pid:38596] [zcode-host] [rpc:call] zcode-task.getTaskNativeSessionLogFile OK (0.2ms)
[2026-09-28 11:30:19.177] [pid:38596] [zcode-host] [rpc:call] zcode-task.getTaskSessionFilePath OK (0.0ms)
[2026-09-28 11:30:19.178] [pid:38596] [settingService] read result: {"recentProjects":[],"locale":"zh-CN","localePreference":"en-US","terminalInheritSystemProfile":true,"embeddedBrowserAllowInsecureCertificates":false,"embeddedBrowserViewportPreference":{"mode":"normal","viewport":{"width":393,"height":852},"zoom":"fit"},"computerUseComposerEntryHidden":true,"taskAutoArchiveEnabled":false,"taskAutoArchiveOlderThanDays":7,"closeToTrayOnWindows":false,"closeToTrayOnWindowsMigrationInitialized":true,"keepAwakeWhileRunning":false,"desktopWindowSize":{"width":1600,"height":1000,"maximized":false},"desktopChromiumHardwareAccelerationEnabled":true,"messageStreamShowReasoning":true,"messageStreamShowReasoningMigrationInitialized":true,"messageStreamShowTodos":false,"toolGroupingExploreEnabled":true,"toolGroupingTerminalEnabled":true,"toolGroupingChangesEnabled":false,"zcodeInteractionBehavior":"queue","askUserQuestionAutoResolutionEnabled":false,"modelIoFullRetentionEnabled":false,"startPlanRecommendationDismissed":false,"providerFamilyConnectionSelections":{},"providerFamilyDomain":"zai","providerFamilyDomainMigrated":true,"nativeSearchEnhancementsEnabled":true,"memoryEnabled":false,"lastWorkspaceSession":[{"kind":"local","workspacePath":"C:\\Users\\USER\\Desktop\\Personal\\ZCode\\.tmp\\z1-native-1790566207584-b096d1\\workspace","workspacePurpose":"project"},{"kind":"local","workspacePath":"C:\\Users\\USER\\Desktop\\Personal\\ZCode\\.tmp\\z1-native-1790566207584-b096d1\\data\\.zcode\\workspace\\default","workspacePurpose":"conversation"}],"lastActiveTabIndex":0,"receivePreviewUpdates":false,"autoDownloadAndInstallUpdates":false,"skippedElectronUpdateVersions":{},"settingsSyncFirstRunPromptHandled":true}
[2026-09-28 11:30:19.178] [pid:38596] [zcode-host] [rpc:call] setting.get OK (1.6ms)
[2026-09-28 11:30:19.178] [pid:38596] [zcode-host] [rpc:call] model-selection.getView OK (1.4ms)
[2026-09-28 11:30:19.182] [pid:45324] [main] [host-log] (local-1) [host] [2026-09-28 11:30:19.177] [pid:38596] [zcode-host] [rpc:call] zcode-task.getTaskNativeSessionLogFile OK (0.2ms)
[2026-09-28 11:30:19.183] [pid:45324] [main] [host-log] (local-1) [host] [2026-09-28 11:30:19.177] [pid:38596] [zcode-host] [rpc:call] zcode-task.getTaskSessionFilePath OK (0.0ms)
[2026-09-28 11:30:19.184] [pid:45324] [main] [host-log] (local-1) [host] [2026-09-28 11:30:19.178] [pid:38596] [zcode-host] [rpc:call] setting.get OK (1.6ms)
[2026-09-28 11:30:19.184] [pid:45324] [main] [host-log] (local-1) [host] [2026-09-28 11:30:19.178] [pid:38596] [zcode-host] [rpc:call] model-selection.getView OK (1.4ms)
[Z1 child] [2026-09-28 11:30:19.183] [pid:38596] [zcode-host] [rpc:call] zcode-task.getTaskNativeSessionLogFile OK (0.2ms)
[2026-09-28 11:30:19.185] [pid:45324] [main] [host-log] (local-1) [host] [2026-09-28 11:30:19.183] [pid:38596] [zcode-host] [rpc:call] zcode-task.getTaskNativeSessionLogFile OK (0.2ms)
[Z1 child] [2026-09-28 11:30:19.210] [pid:38596] [zcode-session-service] [zcode-session-service] readSession 历史快照读取完成 {
  deliveryKind: undefined,
  durationMs: 33,
  messageLimit: 1,
  sessionId: 'sess_1ce1c1af-1c82-43bb-a23a-c2f069804c48',
  snapshot: {
    activeTurnId: null,
    eventSeq: 2,
    messageCount: 0,
    pendingRequestCount: 1,
    sessionStatus: 'idle',
    stateRevision: 0
  },
  workspaceIdentity: null,
  workspacePath: 'C:\\Users\\USER\\Desktop\\Personal\\ZCode\\.tmp\\z1-native-1790566207584-b096d1\\workspace'
}
[2026-09-28 11:30:19.213] [pid:45324] [main] [host-log] (local-1) [host] [2026-09-28 11:30:19.210] [pid:38596] [zcode-session-service] [zcode-session-service] readSession 历史快照读取完成 {"durationMs":33,"messageLimit":1,"sessionId":"sess_1ce1c1af-1c82-43bb-a23a-c2f069804c48","snapshot":{"activeTurnId":null,"eventSeq":2,"messageCount":0,"pendingRequestCount":1,"sessionStatus":"idle","stateRevision":0},"workspaceIdentity":null,"workspacePath":"C:\\Users\\USER\\Desktop\\Personal\\ZCode\\.tmp\\z1-native-1790566207584-b096d1\\workspace"}
[Z1 child] [2026-09-28 11:30:19.210] [pid:38596] [zcode-host] [rpc:call] zcode-session.readSession OK (33.7ms)
[2026-09-28 11:30:19.211] [pid:38596] [zcode-host] [rpc:call] zcode-agent.conversationWorkflowRunsV4 OK (21.7ms)
[2026-09-28 11:30:19.213] [pid:38596] [zcode-host] [rpc:call] zcode-agent.subscribeConversationV4 OK (23.7ms)
[2026-09-28 11:30:19.214] [pid:45324] [main] [host-log] (local-1) [host] [2026-09-28 11:30:19.210] [pid:38596] [zcode-host] [rpc:call] zcode-session.readSession OK (33.7ms)
[2026-09-28 11:30:19.215] [pid:45324] [main] [host-log] (local-1) [host] [2026-09-28 11:30:19.211] [pid:38596] [zcode-host] [rpc:call] zcode-agent.conversationWorkflowRunsV4 OK (21.7ms)
[2026-09-28 11:30:19.216] [pid:45324] [main] [host-log] (local-1) [host] [2026-09-28 11:30:19.213] [pid:38596] [zcode-host] [rpc:call] zcode-agent.subscribeConversationV4 OK (23.7ms)
[Z1 child] [2026-09-28 11:30:19.218] [pid:38596] [zcode-host] [rpc:call] zcode-task.getTaskNativeSessionLogFile OK (0.2ms)
[2026-09-28 11:30:19.219] [pid:45324] [main] [host-log] (local-1) [host] [2026-09-28 11:30:19.218] [pid:38596] [zcode-host] [rpc:call] zcode-task.getTaskNativeSessionLogFile OK (0.2ms)
[2026-09-28 11:30:19.227] [pid:45324] [renderer] v4 conversation subscription acknowledged {
  workspaceKey: 'C:\\Users\\USER\\Desktop\\Personal\\ZCode\\.tmp\\z1-native-1790566207584-b096d1\\workspace',
  workspacePath: 'C:\\Users\\USER\\Desktop\\Personal\\ZCode\\.tmp\\z1-native-1790566207584-b096d1\\workspace',
  durationMs: 50,
  event: 'v4.conversation.subscribe.acknowledged',
  module: 'ui.v4.conversation_transport',
  runtimeGeneration: 0,
  sessionId: 'sess_1ce1c1af-1c82-43bb-a23a-c2f069804c48',
  status: 'completed',
  subscriptionId: 'sub-mukow8vp-x5yc1hgg-1',
  topic: 'conversation/sess_1ce1c1af-1c82-43bb-a23a-c2f069804c48'
}
[2026-09-28 11:30:19.228] [pid:45324] [renderer] v4 conversation subscription activated {
  workspaceKey: 'C:\\Users\\USER\\Desktop\\Personal\\ZCode\\.tmp\\z1-native-1790566207584-b096d1\\workspace',
  workspacePath: 'C:\\Users\\USER\\Desktop\\Personal\\ZCode\\.tmp\\z1-native-1790566207584-b096d1\\workspace',
  event: 'v4.conversation.subscribe.activated',
  module: 'ui.v4.conversation_transport',
  runtimeGeneration: 0,
  status: 'completed',
  subscriptionId: 'sub-mukow8vp-x5yc1hgg-1',
  topic: 'conversation/sess_1ce1c1af-1c82-43bb-a23a-c2f069804c48'
}
[2026-09-28 11:30:19.229] [pid:45324] [renderer] v4 conversation store connect completed {
  durationMs: 51,
  event: 'v4.conversation.store.connect.completed',
  generation: 1,
  logEpoch: 'mukow8vp-x5yc1hgg',
  mode: 'snapshot',
  module: 'ui.v4.conversation_projection_store',
  status: 'completed',
  subscriptionId: 'sub-mukow8vp-x5yc1hgg-1',
  topic: 'conversation/sess_1ce1c1af-1c82-43bb-a23a-c2f069804c48'
}
[Z1 child] [2026-09-28 11:30:19.232] [pid:38596] [zcode-host] [rpc:listen] model-selection.onDidChange subscribed
[2026-09-28 11:30:19.233] [pid:45324] [main] [host-log] (local-1) [host] [2026-09-28 11:30:19.232] [pid:38596] [zcode-host] [rpc:listen] model-selection.onDidChange subscribed
[Z1 child] [2026-09-28 11:30:19.233] [pid:38596] [zcode-host] [rpc:call] model-selection.getView OK (0.5ms)
[2026-09-28 11:30:19.234] [pid:45324] [main] [host-log] (local-1) [host] [2026-09-28 11:30:19.233] [pid:38596] [zcode-host] [rpc:call] model-selection.getView OK (0.5ms)
[Z1 child] [2026-09-28 11:30:19.235] [pid:38596] [zcode-host] [rpc:call] zcode-agent.conversationPlansV4 OK (0.4ms)
[2026-09-28 11:30:19.236] [pid:45324] [main] [host-log] (local-1) [host] [2026-09-28 11:30:19.235] [pid:38596] [zcode-host] [rpc:call] zcode-agent.conversationPlansV4 OK (0.4ms)
[Z1 child] [2026-09-28 11:30:19.536] [pid:38596] [settingService] reading settings from: C:\Users\USER\Desktop\Personal\ZCode\.tmp\z1-native-1790566207584-b096d1\home\.zcode\v2\setting.json
[Z1 child] [2026-09-28 11:30:19.537] [pid:38596] [settingService] read result: {"recentProjects":[],"locale":"zh-CN","localePreference":"en-US","terminalInheritSystemProfile":true,"embeddedBrowserAllowInsecureCertificates":false,"embeddedBrowserViewportPreference":{"mode":"normal","viewport":{"width":393,"height":852},"zoom":"fit"},"computerUseComposerEntryHidden":true,"taskAutoArchiveEnabled":false,"taskAutoArchiveOlderThanDays":7,"closeToTrayOnWindows":false,"closeToTrayOnWindowsMigrationInitialized":true,"keepAwakeWhileRunning":false,"desktopWindowSize":{"width":1600,"height":1000,"maximized":false},"desktopChromiumHardwareAccelerationEnabled":true,"messageStreamShowReasoning":true,"messageStreamShowReasoningMigrationInitialized":true,"messageStreamShowTodos":false,"toolGroupingExploreEnabled":true,"toolGroupingTerminalEnabled":true,"toolGroupingChangesEnabled":false,"zcodeInteractionBehavior":"queue","askUserQuestionAutoResolutionEnabled":false,"modelIoFullRetentionEnabled":false,"startPlanRecommendationDismissed":false,"providerFamilyConnectionSelections":{},"providerFamilyDomain":"zai","providerFamilyDomainMigrated":true,"nativeSearchEnhancementsEnabled":true,"memoryEnabled":false,"lastWorkspaceSession":[{"kind":"local","workspacePath":"C:\\Users\\USER\\Desktop\\Personal\\ZCode\\.tmp\\z1-native-1790566207584-b096d1\\workspace","workspacePurpose":"project"},{"kind":"local","workspacePath":"C:\\Users\\USER\\Desktop\\Personal\\ZCode\\.tmp\\z1-native-1790566207584-b096d1\\data\\.zcode\\workspace\\default","workspacePurpose":"conversation"}],"lastActiveTabIndex":0,"receivePreviewUpdates":false,"autoDownloadAndInstallUpdates":false,"skippedElectronUpdateVersions":{},"settingsSyncFirstRunPromptHandled":true}
[2026-09-28 11:30:19.537] [pid:38596] [settingService] writing settings to: C:\Users\USER\Desktop\Personal\ZCode\.tmp\z1-native-1790566207584-b096d1\home\.zcode\v2\setting.json {"recentProjects":[],"locale":"zh-CN","localePreference":"en-US","terminalInheritSystemProfile":true,"embeddedBrowserAllowInsecureCertificates":false,"embeddedBrowserViewportPreference":{"mode":"normal","viewport":{"width":393,"height":852},"zoom":"fit"},"computerUseComposerEntryHidden":true,"taskAutoArchiveEnabled":false,"taskAutoArchiveOlderThanDays":7,"closeToTrayOnWindows":false,"closeToTrayOnWindowsMigrationInitialized":true,"keepAwakeWhileRunning":false,"desktopWindowSize":{"width":1600,"height":1000,"maximized":false},"desktopChromiumHardwareAccelerationEnabled":true,"messageStreamShowReasoning":true,"messageStreamShowReasoningMigrationInitialized":true,"messageStreamShowTodos":false,"toolGroupingExploreEnabled":true,"toolGroupingTerminalEnabled":true,"toolGroupingChangesEnabled":false,"zcodeInteractionBehavior":"queue","askUserQuestionAutoResolutionEnabled":false,"modelIoFullRetentionEnabled":false,"startPlanRecommendationDismissed":false,"providerFamilyConnectionSelections":{},"providerFamilyDomain":"zai","providerFamilyDomainMigrated":true,"nativeSearchEnhancementsEnabled":true,"memoryEnabled":false,"lastWorkspaceSession":[{"kind":"local","workspacePath":"C:\\Users\\USER\\Desktop\\Personal\\ZCode\\.tmp\\z1-native-1790566207584-b096d1\\workspace","workspacePurpose":"project"},{"kind":"local","workspacePath":"C:\\Users\\USER\\Desktop\\Personal\\ZCode\\.tmp\\z1-native-1790566207584-b096d1\\data\\.zcode\\workspace\\default","workspacePurpose":"conversation"}],"lastActiveTabIndex":0,"receivePreviewUpdates":false,"autoDownloadAndInstallUpdates":false,"skippedElectronUpdateVersions":{},"settingsSyncFirstRunPromptHandled":true}
[2026-09-28 11:30:19.537] [pid:45324] [main] [host-log] (local-1) [host] [2026-09-28 11:30:19.537] [pid:38596] [settingService] writing settings to: C:\Users\USER\Desktop\Personal\ZCode\.tmp\z1-native-1790566207584-b096d1\home\.zcode\v2\setting.json {"recentProjects":[],"locale":"zh-CN","localePreference":"en-US","terminalInheritSystemProfile":true,"embeddedBrowserAllowInsecureCertificates":false,"embeddedBrowserViewportPreference":{"mode":"normal","viewport":{"width":393,"height":852},"zoom":"fit"},"computerUseComposerEntryHidden":true,"taskAutoArchiveEnabled":false,"taskAutoArchiveOlderThanDays":7,"closeToTrayOnWindows":false,"closeToTrayOnWindowsMigrationInitialized":true,"keepAwakeWhileRunning":false,"desktopWindowSize":{"width":1600,"height":1000,"maximized":false},"desktopChromiumHardwareAccelerationEnabled":true,"messageStreamShowReasoning":true,"messageStreamShowReasoningMigrationInitialized":true,"messageStreamShowTodos":false,"toolGroupingExploreEnabled":true,"toolGroupingTerminalEnabled":true,"toolGroupingChangesEnabled":false,"zcodeInteractionBehavior":"queue","askUserQuestionAutoResolutionEnabled":false,"modelIoFullRetentionEnabled":false,"startPlanRecommendationDismissed":false,"providerFamilyConnectionSelections":{},"providerFamilyDomain":"zai","providerFamilyDomainMigrated":true,"nativeSearchEnhancementsEnabled":true,"memoryEnabled":false,"lastWorkspaceSession":[{"kind":"local","workspacePath":"C:\\Users\\USER\\Desktop\\Personal\\ZCode\\.tmp\\z1-native-1790566207584-b096d1\\workspace","workspacePurpose":"project"},{"kind":"local","workspacePath":"C:\\Users\\USER\\Desktop\\Personal\\ZCode\\.tmp\\z1-native-1790566207584-b096d1\\data\\.zcode\\workspace\\default","workspacePurpose":"conversation"}],"lastActiveTabIndex":0,"receivePreviewUpdates":false,"autoDownloadAndInstallUpdates":false,"skippedElectronUpdateVersions":{},"settingsSyncFirstRunPromptHandled":true}
[Z1 child] [2026-09-28 11:30:19.542] [pid:38596] [settingService] write done
[2026-09-28 11:30:19.542] [pid:45324] [main] [host-log] (local-1) [host] [2026-09-28 11:30:19.542] [pid:38596] [settingService] write done
[2026-09-28 11:30:19.543] [pid:45324] [main] [host-log] (local-1) [host] [2026-09-28 11:30:19.542] [pid:38596] [zcode-host] [rpc:call] setting.update OK (5.4ms)
[Z1 child] [2026-09-28 11:30:19.542] [pid:38596] [zcode-host] [rpc:call] setting.update OK (5.4ms)
[Z1 child] [2026-09-28 11:30:19.545] [pid:38596] [zcode-host] [rpc:call] zcode-agent.sendConversationCommandV4 OK (3.1ms)
[2026-09-28 11:30:19.545] [pid:45324] [main] [host-log] (local-1) [host] [2026-09-28 11:30:19.545] [pid:38596] [zcode-host] [rpc:call] zcode-agent.sendConversationCommandV4 OK (3.1ms)
[2026-09-28 11:30:19.606] [pid:45324] [renderer] v4 workspace connection lease released {
  event: 'v4.workspace_connection.release',
  keepWarmMs: 30000,
  key: '__base__ C:\\Users\\USER\\Desktop\\Personal\\ZCode\\.tmp\\z1-native-1790566207584-b096d1\\workspace',
  module: 'ui.v4.workspace_connection_registry',
  refCount: 0,
  status: 'keep_warm'
}
[2026-09-28 11:30:19.607] [pid:45324] [renderer] v4 session data lease released {
  event: 'v4.session_data.release',
  keepWarmMs: 30000,
  module: 'ui.v4.session_data_layer',
  refCount: 0,
  status: 'keep_warm',
  topic: 'conversation/sess_1ce1c1af-1c82-43bb-a23a-c2f069804c48'
}
[Z1 child] [2026-09-28 11:30:19.608] [pid:38596] [zcode-host] [rpc:listen] graphEngineering.onDidChange subscribed
[2026-09-28 11:30:19.608] [pid:38596] [settingService] reading settings from: C:\Users\USER\Desktop\Personal\ZCode\.tmp\z1-native-1790566207584-b096d1\home\.zcode\v2\setting.json
[2026-09-28 11:30:19.608] [pid:45324] [main] [host-log] (local-1) [host] [2026-09-28 11:30:19.608] [pid:38596] [zcode-host] [rpc:listen] graphEngineering.onDidChange subscribed
[Z1 child] [2026-09-28 11:30:19.608] [pid:38596] [settingService] read result: {"recentProjects":[],"locale":"zh-CN","localePreference":"en-US","terminalInheritSystemProfile":true,"embeddedBrowserAllowInsecureCertificates":false,"embeddedBrowserViewportPreference":{"mode":"normal","viewport":{"width":393,"height":852},"zoom":"fit"},"computerUseComposerEntryHidden":true,"taskAutoArchiveEnabled":false,"taskAutoArchiveOlderThanDays":7,"closeToTrayOnWindows":false,"closeToTrayOnWindowsMigrationInitialized":true,"keepAwakeWhileRunning":false,"desktopWindowSize":{"width":1600,"height":1000,"maximized":false},"desktopChromiumHardwareAccelerationEnabled":true,"messageStreamShowReasoning":true,"messageStreamShowReasoningMigrationInitialized":true,"messageStreamShowTodos":false,"toolGroupingExploreEnabled":true,"toolGroupingTerminalEnabled":true,"toolGroupingChangesEnabled":false,"zcodeInteractionBehavior":"queue","askUserQuestionAutoResolutionEnabled":false,"modelIoFullRetentionEnabled":false,"startPlanRecommendationDismissed":false,"providerFamilyConnectionSelections":{},"providerFamilyDomain":"zai","providerFamilyDomainMigrated":true,"nativeSearchEnhancementsEnabled":true,"memoryEnabled":false,"lastWorkspaceSession":[{"kind":"local","workspacePath":"C:\\Users\\USER\\Desktop\\Personal\\ZCode\\.tmp\\z1-native-1790566207584-b096d1\\workspace","workspacePurpose":"project"},{"kind":"local","workspacePath":"C:\\Users\\USER\\Desktop\\Personal\\ZCode\\.tmp\\z1-native-1790566207584-b096d1\\data\\.zcode\\workspace\\default","workspacePurpose":"conversation"}],"lastActiveTabIndex":0,"receivePreviewUpdates":false,"autoDownloadAndInstallUpdates":false,"skippedElectronUpdateVersions":{},"settingsSyncFirstRunPromptHandled":true}
[Z1 child] [2026-09-28 11:30:19.609] [pid:38596] [zcode-host] [rpc:call] graphEngineering.getWorkspace OK (1.1ms)
[2026-09-28 11:30:19.609] [pid:45324] [main] [host-log] (local-1) [host] [2026-09-28 11:30:19.609] [pid:38596] [zcode-host] [rpc:call] graphEngineering.getWorkspace OK (1.1ms)
[Z1 child] [2026-09-28 11:30:19.618] [pid:38596] [settingService] reading settings from: C:\Users\USER\Desktop\Personal\ZCode\.tmp\z1-native-1790566207584-b096d1\home\.zcode\v2\setting.json
[2026-09-28 11:30:19.619] [pid:45324] [main] [host-log] (local-1) [host] [2026-09-28 11:30:19.618] [pid:38596] [zcode-host] [rpc:listen] model-selection.onDidChange subscribed
[Z1 child] [2026-09-28 11:30:19.618] [pid:38596] [zcode-host] [rpc:listen] model-selection.onDidChange subscribed
[2026-09-28 11:30:19.619] [pid:45324] [main] [host-log] (local-1) [host] [2026-09-28 11:30:19.619] [pid:38596] [zcode-host] [rpc:call] graphEngineering.validateDefinition OK (0.3ms)
[Z1 child] [2026-09-28 11:30:19.619] [pid:38596] [zcode-host] [rpc:call] graphEngineering.validateDefinition OK (0.3ms)
[Z1 child] [2026-09-28 11:30:19.621] [pid:38596] [settingService] read result: {"recentProjects":[],"locale":"zh-CN","localePreference":"en-US","terminalInheritSystemProfile":true,"embeddedBrowserAllowInsecureCertificates":false,"embeddedBrowserViewportPreference":{"mode":"normal","viewport":{"width":393,"height":852},"zoom":"fit"},"computerUseComposerEntryHidden":true,"taskAutoArchiveEnabled":false,"taskAutoArchiveOlderThanDays":7,"closeToTrayOnWindows":false,"closeToTrayOnWindowsMigrationInitialized":true,"keepAwakeWhileRunning":false,"desktopWindowSize":{"width":1600,"height":1000,"maximized":false},"desktopChromiumHardwareAccelerationEnabled":true,"messageStreamShowReasoning":true,"messageStreamShowReasoningMigrationInitialized":true,"messageStreamShowTodos":false,"toolGroupingExploreEnabled":true,"toolGroupingTerminalEnabled":true,"toolGroupingChangesEnabled":false,"zcodeInteractionBehavior":"queue","askUserQuestionAutoResolutionEnabled":false,"modelIoFullRetentionEnabled":false,"startPlanRecommendationDismissed":false,"providerFamilyConnectionSelections":{},"providerFamilyDomain":"zai","providerFamilyDomainMigrated":true,"nativeSearchEnhancementsEnabled":true,"memoryEnabled":false,"lastWorkspaceSession":[{"kind":"local","workspacePath":"C:\\Users\\USER\\Desktop\\Personal\\ZCode\\.tmp\\z1-native-1790566207584-b096d1\\workspace","workspacePurpose":"project"},{"kind":"local","workspacePath":"C:\\Users\\USER\\Desktop\\Personal\\ZCode\\.tmp\\z1-native-1790566207584-b096d1\\data\\.zcode\\workspace\\default","workspacePurpose":"conversation"}],"lastActiveTabIndex":0,"receivePreviewUpdates":false,"autoDownloadAndInstallUpdates":false,"skippedElectronUpdateVersions":{},"settingsSyncFirstRunPromptHandled":true}
[2026-09-28 11:30:19.621] [pid:38596] [zcode-host] [rpc:call] setting.get OK (2.6ms)
[2026-09-28 11:30:19.621] [pid:45324] [main] [host-log] (local-1) [host] [2026-09-28 11:30:19.621] [pid:38596] [zcode-host] [rpc:call] setting.get OK (2.6ms)
[2026-09-28 11:30:19.622] [pid:45324] [main] [host-log] (local-1) [host] [2026-09-28 11:30:19.621] [pid:38596] [zcode-host] [rpc:call] model-selection.getView OK (2.6ms)
[Z1 child] [2026-09-28 11:30:19.621] [pid:38596] [zcode-host] [rpc:call] model-selection.getView OK (2.6ms)
[Z1 child] [2026-09-28 11:30:19.630] [pid:38596] [settingService] reading settings from: C:\Users\USER\Desktop\Personal\ZCode\.tmp\z1-native-1790566207584-b096d1\home\.zcode\v2\setting.json
[Z1 child] [2026-09-28 11:30:19.631] [pid:38596] [settingService] read result: {"recentProjects":[],"locale":"zh-CN","localePreference":"en-US","terminalInheritSystemProfile":true,"embeddedBrowserAllowInsecureCertificates":false,"embeddedBrowserViewportPreference":{"mode":"normal","viewport":{"width":393,"height":852},"zoom":"fit"},"computerUseComposerEntryHidden":true,"taskAutoArchiveEnabled":false,"taskAutoArchiveOlderThanDays":7,"closeToTrayOnWindows":false,"closeToTrayOnWindowsMigrationInitialized":true,"keepAwakeWhileRunning":false,"desktopWindowSize":{"width":1600,"height":1000,"maximized":false},"desktopChromiumHardwareAccelerationEnabled":true,"messageStreamShowReasoning":true,"messageStreamShowReasoningMigrationInitialized":true,"messageStreamShowTodos":false,"toolGroupingExploreEnabled":true,"toolGroupingTerminalEnabled":true,"toolGroupingChangesEnabled":false,"zcodeInteractionBehavior":"queue","askUserQuestionAutoResolutionEnabled":false,"modelIoFullRetentionEnabled":false,"startPlanRecommendationDismissed":false,"providerFamilyConnectionSelections":{},"providerFamilyDomain":"zai","providerFamilyDomainMigrated":true,"nativeSearchEnhancementsEnabled":true,"memoryEnabled":false,"lastWorkspaceSession":[{"kind":"local","workspacePath":"C:\\Users\\USER\\Desktop\\Personal\\ZCode\\.tmp\\z1-native-1790566207584-b096d1\\workspace","workspacePurpose":"project"},{"kind":"local","workspacePath":"C:\\Users\\USER\\Desktop\\Personal\\ZCode\\.tmp\\z1-native-1790566207584-b096d1\\data\\.zcode\\workspace\\default","workspacePurpose":"conversation"}],"lastActiveTabIndex":0,"receivePreviewUpdates":false,"autoDownloadAndInstallUpdates":false,"skippedElectronUpdateVersions":{},"settingsSyncFirstRunPromptHandled":true}
[Z1 child] [2026-09-28 11:30:19.631] [pid:38596] [zcode-host] [rpc:call] graphEngineering.getWorkspace OK (1.2ms)
[2026-09-28 11:30:19.632] [pid:45324] [main] [host-log] (local-1) [host] [2026-09-28 11:30:19.631] [pid:38596] [zcode-host] [rpc:call] graphEngineering.getWorkspace OK (1.2ms)
[Z1 child] [2026-09-28 11:30:19.967] [pid:38596] [zcode-agent-service] 开始初始化 ZCode agent {
  workspaceKey: 'C:\\Users\\USER\\Desktop\\Personal\\ZCode\\.tmp\\z1-native-1790566207584-b096d1\\workspace',
  workspacePath: 'C:\\Users\\USER\\Desktop\\Personal\\ZCode\\.tmp\\z1-native-1790566207584-b096d1\\workspace'
}
[2026-09-28 11:30:19.968] [pid:45324] [main] [host-log] (local-1) [host] [2026-09-28 11:30:19.967] [pid:38596] [zcode-agent-service] 开始初始化 ZCode agent {"workspaceKey":"C:\\Users\\USER\\Desktop\\Personal\\ZCode\\.tmp\\z1-native-1790566207584-b096d1\\workspace","workspacePath":"C:\\Users\\USER\\Desktop\\Personal\\ZCode\\.tmp\\z1-native-1790566207584-b096d1\\workspace"}
[Z1 child] [2026-09-28 11:30:19.967] [pid:38596] [zcode-agent-service] ZCode agent 初始化完成 {
  durationMs: 0,
  transportKind: 'stdio',
  workspaceKey: 'C:\\Users\\USER\\Desktop\\Personal\\ZCode\\.tmp\\z1-native-1790566207584-b096d1\\workspace',
  workspacePath: 'C:\\Users\\USER\\Desktop\\Personal\\ZCode\\.tmp\\z1-native-1790566207584-b096d1\\workspace'
}
[2026-09-28 11:30:19.967] [pid:38596] [zcode-session-service][trace:3502b8a1-581f-478e-ae85-db41f3a5281b] [zcode-session-service] createSession 分配 session trace {
  persistence: 'deferred',
  workspaceIdentity: undefined,
  workspacePath: 'C:\\Users\\USER\\Desktop\\Personal\\ZCode\\.tmp\\z1-native-1790566207584-b096d1\\workspace'
}
[2026-09-28 11:30:19.967] [pid:38596] [zcode-agent-service][trace:3502b8a1-581f-478e-ae85-db41f3a5281b] 开始请求 ZCode Protocol session/create {
  hasInitialModel: true,
  hasInitialThoughtLevel: false,
  initialModel: 'z1-local-fixture/z1-fixture$enabled',
  mcpServerCount: 0,
  mcpServerNames: [],
  persistence: 'deferred',
  workspaceKey: 'C:\\Users\\USER\\Desktop\\Personal\\ZCode\\.tmp\\z1-native-1790566207584-b096d1\\workspace',
  workspacePath: 'C:\\Users\\USER\\Desktop\\Personal\\ZCode\\.tmp\\z1-native-1790566207584-b096d1\\workspace'
}
[2026-09-28 11:30:19.968] [pid:45324] [main] [host-log] (local-1) [host] [2026-09-28 11:30:19.967] [pid:38596] [zcode-agent-service] ZCode agent 初始化完成 {"durationMs":0,"transportKind":"stdio","workspaceKey":"C:\\Users\\USER\\Desktop\\Personal\\ZCode\\.tmp\\z1-native-1790566207584-b096d1\\workspace","workspacePath":"C:\\Users\\USER\\Desktop\\Personal\\ZCode\\.tmp\\z1-native-1790566207584-b096d1\\workspace"}
[2026-09-28 11:30:19.969] [pid:45324] [main] [host-log] (local-1) [host] [2026-09-28 11:30:19.967] [pid:38596] [zcode-session-service][trace:3502b8a1-581f-478e-ae85-db41f3a5281b] [zcode-session-service] createSession 分配 session trace {"persistence":"deferred","workspacePath":"C:\\Users\\USER\\Desktop\\Personal\\ZCode\\.tmp\\z1-native-1790566207584-b096d1\\workspace"}
[2026-09-28 11:30:19.970] [pid:45324] [main] [host-log] (local-1) [host] [2026-09-28 11:30:19.967] [pid:38596] [zcode-agent-service][trace:3502b8a1-581f-478e-ae85-db41f3a5281b] 开始请求 ZCode Protocol session/create {"hasInitialModel":true,"hasInitialThoughtLevel":false,"initialModel":"z1-local-fixture/z1-fixture$enabled","mcpServerCount":0,"mcpServerNames":[],"persistence":"deferred","workspaceKey":"C:\\Users\\USER\\Desktop\\Personal\\ZCode\\.tmp\\z1-native-1790566207584-b096d1\\workspace","workspacePath":"C:\\Users\\USER\\Desktop\\Personal\\ZCode\\.tmp\\z1-native-1790566207584-b096d1\\workspace"}
[Z1 child] [2026-09-28 11:30:19.969] [pid:38596] [settingService] reading settings from: C:\Users\USER\Desktop\Personal\ZCode\.tmp\z1-native-1790566207584-b096d1\home\.zcode\v2\setting.json
[2026-09-28 11:30:19.969] [pid:38596] [settingService] read result: {"recentProjects":[],"locale":"zh-CN","localePreference":"en-US","terminalInheritSystemProfile":true,"embeddedBrowserAllowInsecureCertificates":false,"embeddedBrowserViewportPreference":{"mode":"normal","viewport":{"width":393,"height":852},"zoom":"fit"},"computerUseComposerEntryHidden":true,"taskAutoArchiveEnabled":false,"taskAutoArchiveOlderThanDays":7,"closeToTrayOnWindows":false,"closeToTrayOnWindowsMigrationInitialized":true,"keepAwakeWhileRunning":false,"desktopWindowSize":{"width":1600,"height":1000,"maximized":false},"desktopChromiumHardwareAccelerationEnabled":true,"messageStreamShowReasoning":true,"messageStreamShowReasoningMigrationInitialized":true,"messageStreamShowTodos":false,"toolGroupingExploreEnabled":true,"toolGroupingTerminalEnabled":true,"toolGroupingChangesEnabled":false,"zcodeInteractionBehavior":"queue","askUserQuestionAutoResolutionEnabled":false,"modelIoFullRetentionEnabled":false,"startPlanRecommendationDismissed":false,"providerFamilyConnectionSelections":{},"providerFamilyDomain":"zai","providerFamilyDomainMigrated":true,"nativeSearchEnhancementsEnabled":true,"memoryEnabled":false,"lastWorkspaceSession":[{"kind":"local","workspacePath":"C:\\Users\\USER\\Desktop\\Personal\\ZCode\\.tmp\\z1-native-1790566207584-b096d1\\workspace","workspacePurpose":"project"},{"kind":"local","workspacePath":"C:\\Users\\USER\\Desktop\\Personal\\ZCode\\.tmp\\z1-native-1790566207584-b096d1\\data\\.zcode\\workspace\\default","workspacePurpose":"conversation"}],"lastActiveTabIndex":0,"receivePreviewUpdates":false,"autoDownloadAndInstallUpdates":false,"skippedElectronUpdateVersions":{},"settingsSyncFirstRunPromptHandled":true}
[Z1 child] [2026-09-28 11:30:20.022] [pid:38596] [zcode-agent-service][trace:3502b8a1-581f-478e-ae85-db41f3a5281b] ZCode Protocol session/create 完成 {
  durationMs: 55,
  messageCount: 0,
  modelCurrent: 'z1-local-fixture/z1-fixture',
  mcpServerCount: 0,
  persistence: 'deferred',
  sessionId: 'sess_a5a2bc20-c5d3-4fd7-9963-34327242f623',
  snapshotTraceId: '3502b8a1-581f-478e-ae85-db41f3a5281b',
  workspaceKey: 'C:\\Users\\USER\\Desktop\\Personal\\ZCode\\.tmp\\z1-native-1790566207584-b096d1\\workspace',
  workspacePath: 'C:\\Users\\USER\\Desktop\\Personal\\ZCode\\.tmp\\z1-native-1790566207584-b096d1\\workspace'
}
[2026-09-28 11:30:20.022] [pid:38596] [zcode-session-service][trace:3502b8a1-581f-478e-ae85-db41f3a5281b] [zcode-session-service] createSession agent 返回 {
  durationMs: 55,
  mcpServerCount: 0,
  persistence: 'deferred',
  snapshotTraceId: '3502b8a1-581f-478e-ae85-db41f3a5281b',
  sessionId: 'sess_a5a2bc20-c5d3-4fd7-9963-34327242f623',
  workspaceIdentity: undefined,
  workspacePath: 'C:\\Users\\USER\\Desktop\\Personal\\ZCode\\.tmp\\z1-native-1790566207584-b096d1\\workspace'
}
[2026-09-28 11:30:20.022] [pid:45324] [main] [host-log] (local-1) [host] [2026-09-28 11:30:20.022] [pid:38596] [zcode-agent-service][trace:3502b8a1-581f-478e-ae85-db41f3a5281b] ZCode Protocol session/create 完成 {"durationMs":55,"messageCount":0,"modelCurrent":"z1-local-fixture/z1-fixture","mcpServerCount":0,"persistence":"deferred","sessionId":"sess_a5a2bc20-c5d3-4fd7-9963-34327242f623","snapshotTraceId":"3502b8a1-581f-478e-ae85-db41f3a5281b","workspaceKey":"C:\\Users\\USER\\Desktop\\Personal\\ZCode\\.tmp\\z1-native-1790566207584-b096d1\\workspace","workspacePath":"C:\\Users\\USER\\Desktop\\Personal\\ZCode\\.tmp\\z1-native-1790566207584-b096d1\\workspace"}
[2026-09-28 11:30:20.023] [pid:45324] [main] [host-log] (local-1) [host] [2026-09-28 11:30:20.022] [pid:38596] [zcode-session-service][trace:3502b8a1-581f-478e-ae85-db41f3a5281b] [zcode-session-service] createSession agent 返回 {"durationMs":55,"mcpServerCount":0,"persistence":"deferred","snapshotTraceId":"3502b8a1-581f-478e-ae85-db41f3a5281b","sessionId":"sess_a5a2bc20-c5d3-4fd7-9963-34327242f623","workspacePath":"C:\\Users\\USER\\Desktop\\Personal\\ZCode\\.tmp\\z1-native-1790566207584-b096d1\\workspace"}
[2026-09-28 11:30:20.056] [pid:45324] [main] [browser-use] execute start browserId=iab:063b8d1c-a9f0-492a-97ef-7790ba81b252 sessionId=sess_a5a2bc20-c5d3-4fd7-9963-34327242f623 method=list
[2026-09-28 11:30:20.057] [pid:45324] [main] [browser-use] execute requestId=d0ac5a53-a655-445a-9f8f-09af54f0840e browserId=iab:063b8d1c-a9f0-492a-97ef-7790ba81b252 generation=1790566210053 windowId=1 sessionId=sess_a5a2bc20-c5d3-4fd7-9963-34327242f623 method=list
[2026-09-28 11:30:20.057] [pid:45324] [main] [browser-use] execute done sessionId=sess_a5a2bc20-c5d3-4fd7-9963-34327242f623 method=list ok=true elapsedMs=0
[2026-09-28 11:30:20.058] [pid:45324] [main] [browser-use] execute start browserId=iab:063b8d1c-a9f0-492a-97ef-7790ba81b252 sessionId=sess_a5a2bc20-c5d3-4fd7-9963-34327242f623 method=listUserTabs
[2026-09-28 11:30:20.059] [pid:45324] [main] [browser-use] execute requestId=cf43da25-c841-4d27-b3eb-194d2286607b browserId=iab:063b8d1c-a9f0-492a-97ef-7790ba81b252 generation=1790566210053 windowId=1 sessionId=sess_a5a2bc20-c5d3-4fd7-9963-34327242f623 method=listUserTabs
[2026-09-28 11:30:20.059] [pid:45324] [main] [browser-use] execute done sessionId=sess_a5a2bc20-c5d3-4fd7-9963-34327242f623 method=listUserTabs ok=true elapsedMs=0
[Z1 child] [2026-09-28 11:30:20.068] [pid:38596] [settingService] reading settings from: C:\Users\USER\Desktop\Personal\ZCode\.tmp\z1-native-1790566207584-b096d1\home\.zcode\v2\setting.json
[Z1 child] [2026-09-28 11:30:20.068] [pid:38596] [settingService] read result: {"recentProjects":[],"locale":"zh-CN","localePreference":"en-US","terminalInheritSystemProfile":true,"embeddedBrowserAllowInsecureCertificates":false,"embeddedBrowserViewportPreference":{"mode":"normal","viewport":{"width":393,"height":852},"zoom":"fit"},"computerUseComposerEntryHidden":true,"taskAutoArchiveEnabled":false,"taskAutoArchiveOlderThanDays":7,"closeToTrayOnWindows":false,"closeToTrayOnWindowsMigrationInitialized":true,"keepAwakeWhileRunning":false,"desktopWindowSize":{"width":1600,"height":1000,"maximized":false},"desktopChromiumHardwareAccelerationEnabled":true,"messageStreamShowReasoning":true,"messageStreamShowReasoningMigrationInitialized":true,"messageStreamShowTodos":false,"toolGroupingExploreEnabled":true,"toolGroupingTerminalEnabled":true,"toolGroupingChangesEnabled":false,"zcodeInteractionBehavior":"queue","askUserQuestionAutoResolutionEnabled":false,"modelIoFullRetentionEnabled":false,"startPlanRecommendationDismissed":false,"providerFamilyConnectionSelections":{},"providerFamilyDomain":"zai","providerFamilyDomainMigrated":true,"nativeSearchEnhancementsEnabled":true,"memoryEnabled":false,"lastWorkspaceSession":[{"kind":"local","workspacePath":"C:\\Users\\USER\\Desktop\\Personal\\ZCode\\.tmp\\z1-native-1790566207584-b096d1\\workspace","workspacePurpose":"project"},{"kind":"local","workspacePath":"C:\\Users\\USER\\Desktop\\Personal\\ZCode\\.tmp\\z1-native-1790566207584-b096d1\\data\\.zcode\\workspace\\default","workspacePurpose":"conversation"}],"lastActiveTabIndex":0,"receivePreviewUpdates":false,"autoDownloadAndInstallUpdates":false,"skippedElectronUpdateVersions":{},"settingsSyncFirstRunPromptHandled":true}
[Z1 child] [2026-09-28 11:30:20.074] [pid:38596] [settingService] reading settings from: C:\Users\USER\Desktop\Personal\ZCode\.tmp\z1-native-1790566207584-b096d1\home\.zcode\v2\setting.json
[Z1 child] [2026-09-28 11:30:20.074] [pid:38596] [settingService] read result: {"recentProjects":[],"locale":"zh-CN","localePreference":"en-US","terminalInheritSystemProfile":true,"embeddedBrowserAllowInsecureCertificates":false,"embeddedBrowserViewportPreference":{"mode":"normal","viewport":{"width":393,"height":852},"zoom":"fit"},"computerUseComposerEntryHidden":true,"taskAutoArchiveEnabled":false,"taskAutoArchiveOlderThanDays":7,"closeToTrayOnWindows":false,"closeToTrayOnWindowsMigrationInitialized":true,"keepAwakeWhileRunning":false,"desktopWindowSize":{"width":1600,"height":1000,"maximized":false},"desktopChromiumHardwareAccelerationEnabled":true,"messageStreamShowReasoning":true,"messageStreamShowReasoningMigrationInitialized":true,"messageStreamShowTodos":false,"toolGroupingExploreEnabled":true,"toolGroupingTerminalEnabled":true,"toolGroupingChangesEnabled":false,"zcodeInteractionBehavior":"queue","askUserQuestionAutoResolutionEnabled":false,"modelIoFullRetentionEnabled":false,"startPlanRecommendationDismissed":false,"providerFamilyConnectionSelections":{},"providerFamilyDomain":"zai","providerFamilyDomainMigrated":true,"nativeSearchEnhancementsEnabled":true,"memoryEnabled":false,"lastWorkspaceSession":[{"kind":"local","workspacePath":"C:\\Users\\USER\\Desktop\\Personal\\ZCode\\.tmp\\z1-native-1790566207584-b096d1\\workspace","workspacePurpose":"project"},{"kind":"local","workspacePath":"C:\\Users\\USER\\Desktop\\Personal\\ZCode\\.tmp\\z1-native-1790566207584-b096d1\\data\\.zcode\\workspace\\default","workspacePurpose":"conversation"}],"lastActiveTabIndex":0,"receivePreviewUpdates":false,"autoDownloadAndInstallUpdates":false,"skippedElectronUpdateVersions":{},"settingsSyncFirstRunPromptHandled":true}
[Z1 child] [2026-09-28 11:30:20.075] [pid:38596] [zcode-host] [rpc:call] graphEngineering.getWorkspace OK (182.8ms)
[2026-09-28 11:30:20.075] [pid:45324] [main] [host-log] (local-1) [host] [2026-09-28 11:30:20.075] [pid:38596] [zcode-host] [rpc:call] graphEngineering.getWorkspace OK (182.8ms)
[Z1 child] [2026-09-28 11:30:20.075] [pid:38596] [settingService] reading settings from: C:\Users\USER\Desktop\Personal\ZCode\.tmp\z1-native-1790566207584-b096d1\home\.zcode\v2\setting.json
[Z1 child] [2026-09-28 11:30:20.075] [pid:38596] [settingService] read result: {"recentProjects":[],"locale":"zh-CN","localePreference":"en-US","terminalInheritSystemProfile":true,"embeddedBrowserAllowInsecureCertificates":false,"embeddedBrowserViewportPreference":{"mode":"normal","viewport":{"width":393,"height":852},"zoom":"fit"},"computerUseComposerEntryHidden":true,"taskAutoArchiveEnabled":false,"taskAutoArchiveOlderThanDays":7,"closeToTrayOnWindows":false,"closeToTrayOnWindowsMigrationInitialized":true,"keepAwakeWhileRunning":false,"desktopWindowSize":{"width":1600,"height":1000,"maximized":false},"desktopChromiumHardwareAccelerationEnabled":true,"messageStreamShowReasoning":true,"messageStreamShowReasoningMigrationInitialized":true,"messageStreamShowTodos":false,"toolGroupingExploreEnabled":true,"toolGroupingTerminalEnabled":true,"toolGroupingChangesEnabled":false,"zcodeInteractionBehavior":"queue","askUserQuestionAutoResolutionEnabled":false,"modelIoFullRetentionEnabled":false,"startPlanRecommendationDismissed":false,"providerFamilyConnectionSelections":{},"providerFamilyDomain":"zai","providerFamilyDomainMigrated":true,"nativeSearchEnhancementsEnabled":true,"memoryEnabled":false,"lastWorkspaceSession":[{"kind":"local","workspacePath":"C:\\Users\\USER\\Desktop\\Personal\\ZCode\\.tmp\\z1-native-1790566207584-b096d1\\workspace","workspacePurpose":"project"},{"kind":"local","workspacePath":"C:\\Users\\USER\\Desktop\\Personal\\ZCode\\.tmp\\z1-native-1790566207584-b096d1\\data\\.zcode\\workspace\\default","workspacePurpose":"conversation"}],"lastActiveTabIndex":0,"receivePreviewUpdates":false,"autoDownloadAndInstallUpdates":false,"skippedElectronUpdateVersions":{},"settingsSyncFirstRunPromptHandled":true}
[Z1 child] [2026-09-28 11:30:20.076] [pid:38596] [zcode-host] [rpc:call] graphEngineering.getWorkspace OK (109.2ms)
[2026-09-28 11:30:20.076] [pid:45324] [main] [host-log] (local-1) [host] [2026-09-28 11:30:20.076] [pid:38596] [zcode-host] [rpc:call] graphEngineering.getWorkspace OK (109.2ms)
[Z1 child] [2026-09-28 11:30:20.076] [pid:38596] [settingService] reading settings from: C:\Users\USER\Desktop\Personal\ZCode\.tmp\z1-native-1790566207584-b096d1\home\.zcode\v2\setting.json
[2026-09-28 11:30:20.077] [pid:38596] [settingService] read result: {"recentProjects":[],"locale":"zh-CN","localePreference":"en-US","terminalInheritSystemProfile":true,"embeddedBrowserAllowInsecureCertificates":false,"embeddedBrowserViewportPreference":{"mode":"normal","viewport":{"width":393,"height":852},"zoom":"fit"},"computerUseComposerEntryHidden":true,"taskAutoArchiveEnabled":false,"taskAutoArchiveOlderThanDays":7,"closeToTrayOnWindows":false,"closeToTrayOnWindowsMigrationInitialized":true,"keepAwakeWhileRunning":false,"desktopWindowSize":{"width":1600,"height":1000,"maximized":false},"desktopChromiumHardwareAccelerationEnabled":true,"messageStreamShowReasoning":true,"messageStreamShowReasoningMigrationInitialized":true,"messageStreamShowTodos":false,"toolGroupingExploreEnabled":true,"toolGroupingTerminalEnabled":true,"toolGroupingChangesEnabled":false,"zcodeInteractionBehavior":"queue","askUserQuestionAutoResolutionEnabled":false,"modelIoFullRetentionEnabled":false,"startPlanRecommendationDismissed":false,"providerFamilyConnectionSelections":{},"providerFamilyDomain":"zai","providerFamilyDomainMigrated":true,"nativeSearchEnhancementsEnabled":true,"memoryEnabled":false,"lastWorkspaceSession":[{"kind":"local","workspacePath":"C:\\Users\\USER\\Desktop\\Personal\\ZCode\\.tmp\\z1-native-1790566207584-b096d1\\workspace","workspacePurpose":"project"},{"kind":"local","workspacePath":"C:\\Users\\USER\\Desktop\\Personal\\ZCode\\.tmp\\z1-native-1790566207584-b096d1\\data\\.zcode\\workspace\\default","workspacePurpose":"conversation"}],"lastActiveTabIndex":0,"receivePreviewUpdates":false,"autoDownloadAndInstallUpdates":false,"skippedElectronUpdateVersions":{},"settingsSyncFirstRunPromptHandled":true}
[Z1 child] [2026-09-28 11:30:20.077] [pid:38596] [zcode-host] [rpc:call] graphEngineering.getWorkspace OK (51.7ms)
[2026-09-28 11:30:20.077] [pid:45324] [main] [host-log] (local-1) [host] [2026-09-28 11:30:20.077] [pid:38596] [zcode-host] [rpc:call] graphEngineering.getWorkspace OK (51.7ms)
[Z1 child] [2026-09-28 11:30:20.077] [pid:38596] [settingService] reading settings from: C:\Users\USER\Desktop\Personal\ZCode\.tmp\z1-native-1790566207584-b096d1\home\.zcode\v2\setting.json
[2026-09-28 11:30:20.078] [pid:38596] [settingService] read result: {"recentProjects":[],"locale":"zh-CN","localePreference":"en-US","terminalInheritSystemProfile":true,"embeddedBrowserAllowInsecureCertificates":false,"embeddedBrowserViewportPreference":{"mode":"normal","viewport":{"width":393,"height":852},"zoom":"fit"},"computerUseComposerEntryHidden":true,"taskAutoArchiveEnabled":false,"taskAutoArchiveOlderThanDays":7,"closeToTrayOnWindows":false,"closeToTrayOnWindowsMigrationInitialized":true,"keepAwakeWhileRunning":false,"desktopWindowSize":{"width":1600,"height":1000,"maximized":false},"desktopChromiumHardwareAccelerationEnabled":true,"messageStreamShowReasoning":true,"messageStreamShowReasoningMigrationInitialized":true,"messageStreamShowTodos":false,"toolGroupingExploreEnabled":true,"toolGroupingTerminalEnabled":true,"toolGroupingChangesEnabled":false,"zcodeInteractionBehavior":"queue","askUserQuestionAutoResolutionEnabled":false,"modelIoFullRetentionEnabled":false,"startPlanRecommendationDismissed":false,"providerFamilyConnectionSelections":{},"providerFamilyDomain":"zai","providerFamilyDomainMigrated":true,"nativeSearchEnhancementsEnabled":true,"memoryEnabled":false,"lastWorkspaceSession":[{"kind":"local","workspacePath":"C:\\Users\\USER\\Desktop\\Personal\\ZCode\\.tmp\\z1-native-1790566207584-b096d1\\workspace","workspacePurpose":"project"},{"kind":"local","workspacePath":"C:\\Users\\USER\\Desktop\\Personal\\ZCode\\.tmp\\z1-native-1790566207584-b096d1\\data\\.zcode\\workspace\\default","workspacePurpose":"conversation"}],"lastActiveTabIndex":0,"receivePreviewUpdates":false,"autoDownloadAndInstallUpdates":false,"skippedElectronUpdateVersions":{},"settingsSyncFirstRunPromptHandled":true}
[Z1 child] [2026-09-28 11:30:20.078] [pid:38596] [zcode-host] [rpc:call] graphEngineering.getWorkspace OK (22.5ms)
[2026-09-28 11:30:20.078] [pid:45324] [main] [host-log] (local-1) [host] [2026-09-28 11:30:20.078] [pid:38596] [zcode-host] [rpc:call] graphEngineering.getWorkspace OK (22.5ms)
[Z1 child] [2026-09-28 11:30:20.079] [pid:38596] [settingService] reading settings from: C:\Users\USER\Desktop\Personal\ZCode\.tmp\z1-native-1790566207584-b096d1\home\.zcode\v2\setting.json
[Z1 child] [2026-09-28 11:30:20.079] [pid:38596] [settingService] read result: {"recentProjects":[],"locale":"zh-CN","localePreference":"en-US","terminalInheritSystemProfile":true,"embeddedBrowserAllowInsecureCertificates":false,"embeddedBrowserViewportPreference":{"mode":"normal","viewport":{"width":393,"height":852},"zoom":"fit"},"computerUseComposerEntryHidden":true,"taskAutoArchiveEnabled":false,"taskAutoArchiveOlderThanDays":7,"closeToTrayOnWindows":false,"closeToTrayOnWindowsMigrationInitialized":true,"keepAwakeWhileRunning":false,"desktopWindowSize":{"width":1600,"height":1000,"maximized":false},"desktopChromiumHardwareAccelerationEnabled":true,"messageStreamShowReasoning":true,"messageStreamShowReasoningMigrationInitialized":true,"messageStreamShowTodos":false,"toolGroupingExploreEnabled":true,"toolGroupingTerminalEnabled":true,"toolGroupingChangesEnabled":false,"zcodeInteractionBehavior":"queue","askUserQuestionAutoResolutionEnabled":false,"modelIoFullRetentionEnabled":false,"startPlanRecommendationDismissed":false,"providerFamilyConnectionSelections":{},"providerFamilyDomain":"zai","providerFamilyDomainMigrated":true,"nativeSearchEnhancementsEnabled":true,"memoryEnabled":false,"lastWorkspaceSession":[{"kind":"local","workspacePath":"C:\\Users\\USER\\Desktop\\Personal\\ZCode\\.tmp\\z1-native-1790566207584-b096d1\\workspace","workspacePurpose":"project"},{"kind":"local","workspacePath":"C:\\Users\\USER\\Desktop\\Personal\\ZCode\\.tmp\\z1-native-1790566207584-b096d1\\data\\.zcode\\workspace\\default","workspacePurpose":"conversation"}],"lastActiveTabIndex":0,"receivePreviewUpdates":false,"autoDownloadAndInstallUpdates":false,"skippedElectronUpdateVersions":{},"settingsSyncFirstRunPromptHandled":true}
[Z1 child] [2026-09-28 11:30:20.079] [pid:38596] [zcode-host] [rpc:call] graphEngineering.getWorkspace OK (5.5ms)
[2026-09-28 11:30:20.080] [pid:45324] [main] [host-log] (local-1) [host] [2026-09-28 11:30:20.079] [pid:38596] [zcode-host] [rpc:call] graphEngineering.getWorkspace OK (5.5ms)
[Z1 child] [2026-09-28 11:30:20.461] [pid:38596] [cua-pip-session] [cua-pip-session] event delivery dropped {
  eventId: '1fda1fb2-8175-438c-81e5-c45891805f58',
  kind: 'turn-started',
  sequenceNumber: 3,
  sessionId: 'sess_a5a2bc20-c5d3-4fd7-9963-34327242f623',
  turnId: 'turn_824bf3bf-853f-4194-bda6-f2bff7694951',
  skipReason: 'service-disabled'
}
[2026-09-28 11:30:20.462] [pid:45324] [main] [host-log] (local-1) [host] [2026-09-28 11:30:20.461] [pid:38596] [cua-pip-session] [cua-pip-session] event delivery dropped {"eventId":"1fda1fb2-8175-438c-81e5-c45891805f58","kind":"turn-started","sequenceNumber":3,"sessionId":"sess_a5a2bc20-c5d3-4fd7-9963-34327242f623","turnId":"turn_824bf3bf-853f-4194-bda6-f2bff7694951","skipReason":"service-disabled"}
[Z1 child] [2026-09-28 11:30:20.510] [pid:38596] [settingService] reading settings from: C:\Users\USER\Desktop\Personal\ZCode\.tmp\z1-native-1790566207584-b096d1\home\.zcode\v2\setting.json
[Z1 child] [2026-09-28 11:30:20.511] [pid:38596] [settingService] read result: {"recentProjects":[],"locale":"zh-CN","localePreference":"en-US","terminalInheritSystemProfile":true,"embeddedBrowserAllowInsecureCertificates":false,"embeddedBrowserViewportPreference":{"mode":"normal","viewport":{"width":393,"height":852},"zoom":"fit"},"computerUseComposerEntryHidden":true,"taskAutoArchiveEnabled":false,"taskAutoArchiveOlderThanDays":7,"closeToTrayOnWindows":false,"closeToTrayOnWindowsMigrationInitialized":true,"keepAwakeWhileRunning":false,"desktopWindowSize":{"width":1600,"height":1000,"maximized":false},"desktopChromiumHardwareAccelerationEnabled":true,"messageStreamShowReasoning":true,"messageStreamShowReasoningMigrationInitialized":true,"messageStreamShowTodos":false,"toolGroupingExploreEnabled":true,"toolGroupingTerminalEnabled":true,"toolGroupingChangesEnabled":false,"zcodeInteractionBehavior":"queue","askUserQuestionAutoResolutionEnabled":false,"modelIoFullRetentionEnabled":false,"startPlanRecommendationDismissed":false,"providerFamilyConnectionSelections":{},"providerFamilyDomain":"zai","providerFamilyDomainMigrated":true,"nativeSearchEnhancementsEnabled":true,"memoryEnabled":false,"lastWorkspaceSession":[{"kind":"local","workspacePath":"C:\\Users\\USER\\Desktop\\Personal\\ZCode\\.tmp\\z1-native-1790566207584-b096d1\\workspace","workspacePurpose":"project"},{"kind":"local","workspacePath":"C:\\Users\\USER\\Desktop\\Personal\\ZCode\\.tmp\\z1-native-1790566207584-b096d1\\data\\.zcode\\workspace\\default","workspacePurpose":"conversation"}],"lastActiveTabIndex":0,"receivePreviewUpdates":false,"autoDownloadAndInstallUpdates":false,"skippedElectronUpdateVersions":{},"settingsSyncFirstRunPromptHandled":true}
[Z1 child] [2026-09-28 11:30:20.511] [pid:38596] [zcode-host] [rpc:call] graphEngineering.getWorkspace OK (1.1ms)
[2026-09-28 11:30:20.512] [pid:45324] [main] [host-log] (local-1) [host] [2026-09-28 11:30:20.511] [pid:38596] [zcode-host] [rpc:call] graphEngineering.getWorkspace OK (1.1ms)
[Z1 child] [2026-09-28 11:30:20.527] [pid:38596] [cua-pip-session] [cua-pip-session] event delivery dropped {
  eventId: '82968c66-2ad8-44c4-9a86-8b312d37068d',
  kind: 'turn-ended',
  sequenceNumber: 14,
  sessionId: 'sess_a5a2bc20-c5d3-4fd7-9963-34327242f623',
  turnId: 'turn_824bf3bf-853f-4194-bda6-f2bff7694951',
  outcome: 'completed',
  skipReason: 'service-disabled'
}
[2026-09-28 11:30:20.527] [pid:45324] [main] [host-log] (local-1) [host] [2026-09-28 11:30:20.527] [pid:38596] [cua-pip-session] [cua-pip-session] event delivery dropped {"eventId":"82968c66-2ad8-44c4-9a86-8b312d37068d","kind":"turn-ended","sequenceNumber":14,"sessionId":"sess_a5a2bc20-c5d3-4fd7-9963-34327242f623","turnId":"turn_824bf3bf-853f-4194-bda6-f2bff7694951","outcome":"completed","skipReason":"service-disabled"}
[Z1 child] [2026-09-28 11:30:20.527] [pid:38596] [zcode-task-index-syncer] task 终态未读裁决 {
  goalStatus: null,
  phase: 'completedSuccess',
  taskId: 'sess_a5a2bc20-c5d3-4fd7-9963-34327242f623',
  unreadSignal: 'background_terminal'
}
[Z1 child] [2026-09-28 11:30:20.566] [pid:38596] [zcode-task-index-syncer] [list-refresh-trace] emitWorkspaceTaskListChanged reason=task_created taskId=sess_a5a2bc20-c5d3-4fd7-9963-34327242f623 workspace=C:\Users\USER\Desktop\Personal\ZCode\.tmp\z1-native-1790566207584-b096d1\workspace hasMeta=true
[Z1 child] [2026-09-28 11:30:20.572] [pid:38596] [zcode-host] [rpc:call] zcode-task.listPinnedTaskIds OK (0.1ms)
[2026-09-28 11:30:20.572] [pid:45324] [main] [host-log] (local-1) [host] [2026-09-28 11:30:20.572] [pid:38596] [zcode-host] [rpc:call] zcode-task.listPinnedTaskIds OK (0.1ms)
[2026-09-28 11:30:20.573] [pid:45324] [main] [host-log] (local-1) [host] [2026-09-28 11:30:20.572] [pid:38596] [zcode-host] [rpc:call] zcode-task.listArchivedTasks OK (0.1ms)
[2026-09-28 11:30:20.574] [pid:45324] [main] [host-log] (local-1) [host] [2026-09-28 11:30:20.572] [pid:38596] [zcode-host] [rpc:call] zcode-task.listTasks OK (0.2ms)
[2026-09-28 11:30:20.575] [pid:45324] [main] [host-log] (local-1) [host] [2026-09-28 11:30:20.573] [pid:38596] [zcode-host] [rpc:call] zcode-task.listPinnedTasks OK (0.1ms)
[2026-09-28 11:30:20.578] [pid:45324] [main] [host-log] (local-1) [host] [2026-09-28 11:30:20.573] [pid:38596] [zcode-host] [rpc:call] zcode-task.listDeletedTaskIds OK (0.2ms)
[2026-09-28 11:30:20.579] [pid:45324] [main] [host-log] (local-1) [host] [2026-09-28 11:30:20.574] [pid:38596] [zcode-host] [rpc:call] window-controller.listTaskList OK (0.1ms)
[Z1 child] [2026-09-28 11:30:20.572] [pid:38596] [zcode-host] [rpc:call] zcode-task.listArchivedTasks OK (0.1ms)
[2026-09-28 11:30:20.572] [pid:38596] [zcode-host] [rpc:call] zcode-task.listTasks OK (0.2ms)
[2026-09-28 11:30:20.573] [pid:38596] [zcode-host] [rpc:call] zcode-task.listPinnedTasks OK (0.1ms)
[2026-09-28 11:30:20.573] [pid:38596] [zcode-host] [rpc:call] zcode-task.listDeletedTaskIds OK (0.2ms)
[2026-09-28 11:30:20.574] [pid:38596] [zcode-host] [rpc:call] window-controller.listTaskList OK (0.1ms)
[Z1 child] [2026-09-28 11:30:20.592] [pid:38596] [zcode-task-index-syncer] [list-refresh-trace] emitWorkspaceTaskListChanged reason=task_status_changed taskId=sess_a5a2bc20-c5d3-4fd7-9963-34327242f623 workspace=C:\Users\USER\Desktop\Personal\ZCode\.tmp\z1-native-1790566207584-b096d1\workspace hasMeta=true
[Z1 child] [2026-09-28 11:30:20.592] [pid:38596] [zcode-task-index-syncer] [list-refresh-trace] emitWorkspaceTaskListChanged reason=task_meta_changed taskId=sess_a5a2bc20-c5d3-4fd7-9963-34327242f623 workspace=C:\Users\USER\Desktop\Personal\ZCode\.tmp\z1-native-1790566207584-b096d1\workspace hasMeta=true
[Z1 child] [2026-09-28 11:30:20.593] [pid:38596] [zcode-host] [rpc:call] zcode-task.setTaskUnread OK (0.9ms)
[2026-09-28 11:30:20.593] [pid:45324] [main] [host-log] (local-1) [host] [2026-09-28 11:30:20.593] [pid:38596] [zcode-host] [rpc:call] zcode-task.setTaskUnread OK (0.9ms)
[Z1 child] [2026-09-28 11:30:20.599] [pid:38596] [zcode-host] [rpc:call] zcode-task.listPinnedTaskIds OK (0.1ms)
[2026-09-28 11:30:20.599] [pid:45324] [main] [host-log] (local-1) [host] [2026-09-28 11:30:20.599] [pid:38596] [zcode-host] [rpc:call] zcode-task.listPinnedTaskIds OK (0.1ms)
[2026-09-28 11:30:20.600] [pid:45324] [main] [host-log] (local-1) [host] [2026-09-28 11:30:20.599] [pid:38596] [zcode-host] [rpc:call] zcode-task.listArchivedTasks OK (0.1ms)
[2026-09-28 11:30:20.601] [pid:45324] [main] [host-log] (local-1) [host] [2026-09-28 11:30:20.599] [pid:38596] [zcode-host] [rpc:call] zcode-task.listTasks OK (0.2ms)
[Z1 child] [2026-09-28 11:30:20.599] [pid:38596] [zcode-host] [rpc:call] zcode-task.listArchivedTasks OK (0.1ms)
[2026-09-28 11:30:20.599] [pid:38596] [zcode-host] [rpc:call] zcode-task.listTasks OK (0.2ms)
[2026-09-28 11:30:20.600] [pid:38596] [zcode-host] [rpc:call] zcode-task.listPinnedTasks OK (0.1ms)
[2026-09-28 11:30:20.600] [pid:38596] [zcode-host] [rpc:call] zcode-task.listDeletedTaskIds OK (0.1ms)
[2026-09-28 11:30:20.601] [pid:45324] [main] [host-log] (local-1) [host] [2026-09-28 11:30:20.600] [pid:38596] [zcode-host] [rpc:call] zcode-task.listPinnedTasks OK (0.1ms)
[2026-09-28 11:30:20.602] [pid:45324] [main] [host-log] (local-1) [host] [2026-09-28 11:30:20.600] [pid:38596] [zcode-host] [rpc:call] zcode-task.listDeletedTaskIds OK (0.1ms)
[Z1 child] [2026-09-28 11:30:20.617] [pid:38596] [zcode-task-index-syncer] [list-refresh-trace] emitWorkspaceTaskListChanged reason=task_status_changed taskId=sess_a5a2bc20-c5d3-4fd7-9963-34327242f623 workspace=C:\Users\USER\Desktop\Personal\ZCode\.tmp\z1-native-1790566207584-b096d1\workspace hasMeta=true
[Z1 child] [2026-09-28 11:30:20.930] [pid:38596] [settingService] reading settings from: C:\Users\USER\Desktop\Personal\ZCode\.tmp\z1-native-1790566207584-b096d1\home\.zcode\v2\setting.json
[Z1 child] [2026-09-28 11:30:20.930] [pid:38596] [settingService] read result: {"recentProjects":[],"locale":"zh-CN","localePreference":"en-US","terminalInheritSystemProfile":true,"embeddedBrowserAllowInsecureCertificates":false,"embeddedBrowserViewportPreference":{"mode":"normal","viewport":{"width":393,"height":852},"zoom":"fit"},"computerUseComposerEntryHidden":true,"taskAutoArchiveEnabled":false,"taskAutoArchiveOlderThanDays":7,"closeToTrayOnWindows":false,"closeToTrayOnWindowsMigrationInitialized":true,"keepAwakeWhileRunning":false,"desktopWindowSize":{"width":1600,"height":1000,"maximized":false},"desktopChromiumHardwareAccelerationEnabled":true,"messageStreamShowReasoning":true,"messageStreamShowReasoningMigrationInitialized":true,"messageStreamShowTodos":false,"toolGroupingExploreEnabled":true,"toolGroupingTerminalEnabled":true,"toolGroupingChangesEnabled":false,"zcodeInteractionBehavior":"queue","askUserQuestionAutoResolutionEnabled":false,"modelIoFullRetentionEnabled":false,"startPlanRecommendationDismissed":false,"providerFamilyConnectionSelections":{},"providerFamilyDomain":"zai","providerFamilyDomainMigrated":true,"nativeSearchEnhancementsEnabled":true,"memoryEnabled":false,"lastWorkspaceSession":[{"kind":"local","workspacePath":"C:\\Users\\USER\\Desktop\\Personal\\ZCode\\.tmp\\z1-native-1790566207584-b096d1\\workspace","workspacePurpose":"project"},{"kind":"local","workspacePath":"C:\\Users\\USER\\Desktop\\Personal\\ZCode\\.tmp\\z1-native-1790566207584-b096d1\\data\\.zcode\\workspace\\default","workspacePurpose":"conversation"}],"lastActiveTabIndex":0,"receivePreviewUpdates":false,"autoDownloadAndInstallUpdates":false,"skippedElectronUpdateVersions":{},"settingsSyncFirstRunPromptHandled":true}
[Z1 child] [2026-09-28 11:30:20.931] [pid:38596] [zcode-host] [rpc:call] graphEngineering.getWorkspace OK (285.1ms)
[2026-09-28 11:30:20.931] [pid:45324] [main] [host-log] (local-1) [host] [2026-09-28 11:30:20.931] [pid:38596] [zcode-host] [rpc:call] graphEngineering.getWorkspace OK (285.1ms)
[Z1 child] [2026-09-28 11:30:20.931] [pid:38596] [settingService] reading settings from: C:\Users\USER\Desktop\Personal\ZCode\.tmp\z1-native-1790566207584-b096d1\home\.zcode\v2\setting.json
[2026-09-28 11:30:20.932] [pid:38596] [settingService] read result: {"recentProjects":[],"locale":"zh-CN","localePreference":"en-US","terminalInheritSystemProfile":true,"embeddedBrowserAllowInsecureCertificates":false,"embeddedBrowserViewportPreference":{"mode":"normal","viewport":{"width":393,"height":852},"zoom":"fit"},"computerUseComposerEntryHidden":true,"taskAutoArchiveEnabled":false,"taskAutoArchiveOlderThanDays":7,"closeToTrayOnWindows":false,"closeToTrayOnWindowsMigrationInitialized":true,"keepAwakeWhileRunning":false,"desktopWindowSize":{"width":1600,"height":1000,"maximized":false},"desktopChromiumHardwareAccelerationEnabled":true,"messageStreamShowReasoning":true,"messageStreamShowReasoningMigrationInitialized":true,"messageStreamShowTodos":false,"toolGroupingExploreEnabled":true,"toolGroupingTerminalEnabled":true,"toolGroupingChangesEnabled":false,"zcodeInteractionBehavior":"queue","askUserQuestionAutoResolutionEnabled":false,"modelIoFullRetentionEnabled":false,"startPlanRecommendationDismissed":false,"providerFamilyConnectionSelections":{},"providerFamilyDomain":"zai","providerFamilyDomainMigrated":true,"nativeSearchEnhancementsEnabled":true,"memoryEnabled":false,"lastWorkspaceSession":[{"kind":"local","workspacePath":"C:\\Users\\USER\\Desktop\\Personal\\ZCode\\.tmp\\z1-native-1790566207584-b096d1\\workspace","workspacePurpose":"project"},{"kind":"local","workspacePath":"C:\\Users\\USER\\Desktop\\Personal\\ZCode\\.tmp\\z1-native-1790566207584-b096d1\\data\\.zcode\\workspace\\default","workspacePurpose":"conversation"}],"lastActiveTabIndex":0,"receivePreviewUpdates":false,"autoDownloadAndInstallUpdates":false,"skippedElectronUpdateVersions":{},"settingsSyncFirstRunPromptHandled":true}
[2026-09-28 11:30:20.933] [pid:45324] [main] [host-log] (local-1) [host] [2026-09-28 11:30:20.932] [pid:38596] [zcode-host] [rpc:call] graphEngineering.getWorkspace OK (1.9ms)
[Z1 child] [2026-09-28 11:30:20.932] [pid:38596] [zcode-host] [rpc:call] graphEngineering.getWorkspace OK (1.9ms)
[Z1 child] [2026-09-28 11:30:21.142] [pid:38596] [zcode-host] [rpc:call] graphEngineering.artifact OK (4.8ms)
[2026-09-28 11:30:21.143] [pid:45324] [main] [host-log] (local-1) [host] [2026-09-28 11:30:21.142] [pid:38596] [zcode-host] [rpc:call] graphEngineering.artifact OK (4.8ms)
[Z1 child] [2026-09-28 11:30:21.248] [pid:38596] [zcode-host] [rpc:call] graphEngineering.artifact OK (4.0ms)
[2026-09-28 11:30:21.249] [pid:45324] [main] [host-log] (local-1) [host] [2026-09-28 11:30:21.248] [pid:38596] [zcode-host] [rpc:call] graphEngineering.artifact OK (4.0ms)
