[2026-09-28 11:36:30.180] [pid:26224] [settingService] write done
[2026-09-28 11:36:30.184] [pid:26224] [main] [open-folder] Windows Explorer 右键菜单安装失败 { error: '[Z1 isolation] registry access blocked' }
[2026-09-28 11:36:30.206] [pid:26224] [main] [desktop-network] renderer proxy mode=direct bypass=disabled customCa=disabled insecureCerts=rejected
[2026-09-28 11:36:30.207] [pid:26224] [main] [desktop-network] renderer proxy mode=system bypass=disabled customCa=disabled insecureCerts=rejected
[2026-09-28 11:36:30.209] [pid:26224] [main] [auto-update] disabled for this desktop product flavor
[Z1 isolation] blocked recent-document mutation
[2026-09-28 11:36:30.224] [pid:26224] [main] [resource] sampling started interval=10000ms report=60000ms
[2026-09-28 11:36:30.225] [pid:26224] [main] [network] reporting started interval=60000ms
[2026-09-28 11:36:30.225] [pid:26224] [main] [force-update] Preview 跳过远端强制升级检查
[2026-09-28 11:36:30.226] [pid:26224] [main] [startup] 创建主窗口
[2026-09-28 11:36:30.226] [pid:26224] [main] [primary-window] creating main window (app-ready)
[2026-09-28 11:36:30.229] [pid:26224] [main] [startup-workspace] using explicit open workspace: C:\Users\USER\Desktop\Personal\ZCode\.tmp\z1-native-1790566588657-b664be\workspace
[2026-09-28 11:36:30.316] [pid:26224] [main] [desktop-context-prompt] config refreshed { enabled: false, configVersion: undefined }
[2026-09-28 11:36:30.683] [pid:26224] [main] [createWindow] dom-ready fired (local-1)
[2026-09-28 11:36:30.684] [pid:26224] [main] [desktop-context-prompt] first host spawn decision resolved { enabled: false, configVersion: undefined }
[2026-09-28 11:36:30.687] [pid:26224] [main] [spawnHostProcess] forked host process for (local-1), pid=undefined
[2026-09-28 11:36:30.688] [pid:26224] [main] [spawnHostProcess] host module path: C:\Users\USER\Desktop\Personal\ZCode\packages\desktop\out\host\index.js
[2026-09-28 11:36:30.688] [pid:26224] [main] [spawnHostProcess] glm binary path: <not found>
[2026-09-28 11:36:30.689] [pid:26224] [main] [spawnHostProcess] BIGMODEL_OAUTH_APP_SECRET source: fallback
[2026-09-28 11:36:30.690] [pid:26224] [main] [task-realtime] registered host {
  hostId: '29efd9b0-c275-44e7-a8c2-d904ccd48d9b',
  windowId: 1,
  workspaceKeyCount: 0,
  deliveryKind: 'desktop_window'
}
[2026-09-28 11:36:30.701] [pid:26224] [main] [renderer-action-trace] config refreshed { enabled: false, configVersion: 'disabled' }
[Z1 child] (node:40180) ExperimentalWarning: SQLite is an experimental feature and might change at any time
(Use `electron --trace-warnings ...` to show where the warning was created)
[Z1 child] [2026-09-28 11:36:31.036] [pid:40180] [zcode-host] ExperimentalWarning: SQLite is an experimental feature and might change at any time
[2026-09-28 11:36:31.039] [pid:26224] [main] [host-log] (local-1) [host] [2026-09-28 11:36:31.036] [pid:40180] [zcode-host] ExperimentalWarning: SQLite is an experimental feature and might change at any time
[2026-09-28 11:36:31.042] [pid:26224] [main] [host-log] (local-1) [host] [2026-09-28 11:36:31.041] [pid:40180] [zcode-host] [cua-pip-session] focus event dropped: service unavailable
[Z1 child] [2026-09-28 11:36:31.041] [pid:40180] [zcode-host] [cua-pip-session] focus event dropped: service unavailable
[Z1 child] (node:40180) ExperimentalWarning: SQLite is an experimental feature and might change at any time
(Use `electron --trace-warnings ...` to show where the warning was created)
[Z1 child] [2026-09-28 11:36:32.681] [pid:40180] [zcode-host] initializing local services
[2026-09-28 11:36:32.681] [pid:26224] [main] [host-log] (local-1) [host] [2026-09-28 11:36:32.681] [pid:40180] [zcode-host] initializing local services
[Z1 child] [2026-09-28 11:36:32.748] [pid:40180] [cua-pip-session] [cua-pip-session] wiring resolved {
  enabled: false,
  platform: 'win32',
  serviceAuthorityMode: 'desktop-local',
  lifecycleWired: true
}
[2026-09-28 11:36:32.749] [pid:26224] [main] [host-log] (local-1) [host] [2026-09-28 11:36:32.748] [pid:40180] [cua-pip-session] [cua-pip-session] wiring resolved {"enabled":false,"platform":"win32","serviceAuthorityMode":"desktop-local","lifecycleWired":true}
[Z1 child] [2026-09-28 11:36:32.754] [pid:40180] [settingService] reading settings from: C:\Users\USER\Desktop\Personal\ZCode\.tmp\z1-native-1790566588657-b664be\home\.zcode\v2\setting.json
[Z1 child] [2026-09-28 11:36:32.754] [pid:40180] [zcode-agent-service] 开始初始化 ZCode agent {
  workspaceKey: 'C:\\Users\\USER\\Desktop\\Personal\\ZCode\\.tmp\\z1-native-1790566588657-b664be\\workspace',
  workspacePath: 'C:\\Users\\USER\\Desktop\\Personal\\ZCode\\.tmp\\z1-native-1790566588657-b664be\\workspace'
}
[2026-09-28 11:36:32.754] [pid:26224] [main] [host-log] (local-1) [host] [2026-09-28 11:36:32.754] [pid:40180] [zcode-agent-service] 开始初始化 ZCode agent {"workspaceKey":"C:\\Users\\USER\\Desktop\\Personal\\ZCode\\.tmp\\z1-native-1790566588657-b664be\\workspace","workspacePath":"C:\\Users\\USER\\Desktop\\Personal\\ZCode\\.tmp\\z1-native-1790566588657-b664be\\workspace"}
[2026-09-28 11:36:32.755] [pid:26224] [main] [host-log] (local-1) [host] [2026-09-28 11:36:32.754] [pid:40180] [zcode-host] exposing services on ChannelServer...
[2026-09-28 11:36:32.756] [pid:26224] [main] [host-log] (local-1) [host] [2026-09-28 11:36:32.754] [pid:40180] [zcode-host] creating ChannelServer (deferInit=false)
[2026-09-28 11:36:32.756] [pid:26224] [main] [host-log] (local-1) [host] [2026-09-28 11:36:32.755] [pid:40180] [zcode-host] [rpc:register] channel "graphEngineering"
[2026-09-28 11:36:32.757] [pid:26224] [main] [host-log] (local-1) [host] [2026-09-28 11:36:32.755] [pid:40180] [zcode-host] [rpc:register] channel "graphWorkflow"
[2026-09-28 11:36:32.758] [pid:26224] [main] [host-log] (local-1) [host] [2026-09-28 11:36:32.755] [pid:40180] [zcode-host] [rpc:register] channel "graphParallel"
[2026-09-28 11:36:32.758] [pid:26224] [main] [host-log] (local-1) [host] [2026-09-28 11:36:32.755] [pid:40180] [zcode-host] [rpc:register] channel "file"
[2026-09-28 11:36:32.759] [pid:26224] [main] [host-log] (local-1) [host] [2026-09-28 11:36:32.755] [pid:40180] [zcode-host] [rpc:register] channel "media-preview"
[2026-09-28 11:36:32.759] [pid:26224] [main] [host-log] (local-1) [host] [2026-09-28 11:36:32.755] [pid:40180] [zcode-host] [rpc:register] channel "git"
[2026-09-28 11:36:32.760] [pid:26224] [main] [host-log] (local-1) [host] [2026-09-28 11:36:32.755] [pid:40180] [zcode-host] [rpc:register] channel "git-checkpoint"
[2026-09-28 11:36:32.761] [pid:26224] [main] [host-log] (local-1) [host] [2026-09-28 11:36:32.755] [pid:40180] [zcode-host] [rpc:register] channel "system"
[2026-09-28 11:36:32.761] [pid:26224] [main] [host-log] (local-1) [host] [2026-09-28 11:36:32.755] [pid:40180] [zcode-host] [rpc:register] channel "terminal"
[2026-09-28 11:36:32.762] [pid:26224] [main] [host-log] (local-1) [host] [2026-09-28 11:36:32.755] [pid:40180] [zcode-host] [rpc:register] channel "setting"
[2026-09-28 11:36:32.762] [pid:26224] [main] [host-log] (local-1) [host] [2026-09-28 11:36:32.755] [pid:40180] [zcode-host] [rpc:register] channel "onboarding-record"
[2026-09-28 11:36:32.763] [pid:26224] [main] [host-log] (local-1) [host] [2026-09-28 11:36:32.755] [pid:40180] [zcode-host] [rpc:register] channel "credential"
[2026-09-28 11:36:32.764] [pid:26224] [main] [host-log] (local-1) [host] [2026-09-28 11:36:32.755] [pid:40180] [zcode-host] [rpc:register] channel "broadcast"
[2026-09-28 11:36:32.764] [pid:26224] [main] [host-log] (local-1) [host] [2026-09-28 11:36:32.756] [pid:40180] [zcode-host] [rpc:register] channel "zcode-task"
[2026-09-28 11:36:32.765] [pid:26224] [main] [host-log] (local-1) [host] [2026-09-28 11:36:32.756] [pid:40180] [zcode-host] [rpc:register] channel "zcode-agent"
[2026-09-28 11:36:32.765] [pid:26224] [main] [host-log] (local-1) [host] [2026-09-28 11:36:32.756] [pid:40180] [zcode-host] [rpc:register] channel "zcode-session"
[2026-09-28 11:36:32.766] [pid:26224] [main] [host-log] (local-1) [host] [2026-09-28 11:36:32.756] [pid:40180] [zcode-host] [rpc:register] channel "cua-permission"
[2026-09-28 11:36:32.767] [pid:26224] [main] [host-log] (local-1) [host] [2026-09-28 11:36:32.756] [pid:40180] [zcode-host] [rpc:register] channel "cua-pip-session"
[2026-09-28 11:36:32.767] [pid:26224] [main] [host-log] (local-1) [host] [2026-09-28 11:36:32.756] [pid:40180] [zcode-host] [rpc:register] channel "conversation-share"
[2026-09-28 11:36:32.768] [pid:26224] [main] [host-log] (local-1) [host] [2026-09-28 11:36:32.756] [pid:40180] [zcode-host] [rpc:register] channel "bots"
[2026-09-28 11:36:32.769] [pid:26224] [main] [host-log] (local-1) [host] [2026-09-28 11:36:32.756] [pid:40180] [zcode-host] [rpc:register] channel "file-watcher"
[2026-09-28 11:36:32.769] [pid:26224] [main] [host-log] (local-1) [host] [2026-09-28 11:36:32.756] [pid:40180] [zcode-host] [rpc:register] channel "oauth"
[2026-09-28 11:36:32.770] [pid:26224] [main] [host-log] (local-1) [host] [2026-09-28 11:36:32.756] [pid:40180] [zcode-host] [rpc:register] channel "usage-stats"
[2026-09-28 11:36:32.770] [pid:26224] [main] [host-log] (local-1) [host] [2026-09-28 11:36:32.756] [pid:40180] [zcode-host] [rpc:register] channel "coding-plan-subscription"
[2026-09-28 11:36:32.771] [pid:26224] [main] [host-log] (local-1) [host] [2026-09-28 11:36:32.756] [pid:40180] [zcode-host] [rpc:register] channel "client-config"
[2026-09-28 11:36:32.772] [pid:26224] [main] [host-log] (local-1) [host] [2026-09-28 11:36:32.756] [pid:40180] [zcode-host] [rpc:register] channel "client-scenes"
[2026-09-28 11:36:32.772] [pid:26224] [main] [host-log] (local-1) [host] [2026-09-28 11:36:32.756] [pid:40180] [zcode-host] [rpc:register] channel "off-peak-task"
[2026-09-28 11:36:32.773] [pid:26224] [main] [host-log] (local-1) [host] [2026-09-28 11:36:32.756] [pid:40180] [zcode-host] [rpc:register] channel "skills"
[2026-09-28 11:36:32.774] [pid:26224] [main] [host-log] (local-1) [host] [2026-09-28 11:36:32.756] [pid:40180] [zcode-host] [rpc:register] channel "skill-sync"
[2026-09-28 11:36:32.774] [pid:26224] [main] [host-log] (local-1) [host] [2026-09-28 11:36:32.756] [pid:40180] [zcode-host] [rpc:register] channel "mcp-sync"
[2026-09-28 11:36:32.775] [pid:26224] [main] [host-log] (local-1) [host] [2026-09-28 11:36:32.756] [pid:40180] [zcode-host] [rpc:register] channel "plugin-sync"
[2026-09-28 11:36:32.776] [pid:26224] [main] [host-log] (local-1) [host] [2026-09-28 11:36:32.756] [pid:40180] [zcode-host] [rpc:register] channel "plugins"
[2026-09-28 11:36:32.776] [pid:26224] [main] [host-log] (local-1) [host] [2026-09-28 11:36:32.756] [pid:40180] [zcode-host] [rpc:register] channel "plugin-management"
[2026-09-28 11:36:32.777] [pid:26224] [main] [host-log] (local-1) [host] [2026-09-28 11:36:32.756] [pid:40180] [zcode-host] [rpc:register] channel "subagents"
[2026-09-28 11:36:32.778] [pid:26224] [main] [host-log] (local-1) [host] [2026-09-28 11:36:32.756] [pid:40180] [zcode-host] [rpc:register] channel "commands"
[2026-09-28 11:36:32.778] [pid:26224] [main] [host-log] (local-1) [host] [2026-09-28 11:36:32.756] [pid:40180] [zcode-host] [rpc:register] channel "hooks"
[2026-09-28 11:36:32.779] [pid:26224] [main] [host-log] (local-1) [host] [2026-09-28 11:36:32.756] [pid:40180] [zcode-host] [rpc:register] channel "memory"
[2026-09-28 11:36:32.779] [pid:26224] [main] [host-log] (local-1) [host] [2026-09-28 11:36:32.756] [pid:40180] [zcode-host] [rpc:register] channel "settings-sync"
[Z1 child] [2026-09-28 11:36:32.754] [pid:40180] [zcode-host] exposing services on ChannelServer...
[2026-09-28 11:36:32.754] [pid:40180] [zcode-host] creating ChannelServer (deferInit=false)
[2026-09-28 11:36:32.755] [pid:40180] [zcode-host] [rpc:register] channel "graphEngineering"
[2026-09-28 11:36:32.755] [pid:40180] [zcode-host] [rpc:register] channel "graphWorkflow"
[2026-09-28 11:36:32.755] [pid:40180] [zcode-host] [rpc:register] channel "graphParallel"
[2026-09-28 11:36:32.755] [pid:40180] [zcode-host] [rpc:register] channel "file"
[2026-09-28 11:36:32.755] [pid:40180] [zcode-host] [rpc:register] channel "media-preview"
[2026-09-28 11:36:32.755] [pid:40180] [zcode-host] [rpc:register] channel "git"
[2026-09-28 11:36:32.755] [pid:40180] [zcode-host] [rpc:register] channel "git-checkpoint"
[2026-09-28 11:36:32.755] [pid:40180] [zcode-host] [rpc:register] channel "system"
[2026-09-28 11:36:32.755] [pid:40180] [zcode-host] [rpc:register] channel "terminal"
[2026-09-28 11:36:32.755] [pid:40180] [zcode-host] [rpc:register] channel "setting"
[2026-09-28 11:36:32.755] [pid:40180] [zcode-host] [rpc:register] channel "onboarding-record"
[2026-09-28 11:36:32.755] [pid:40180] [zcode-host] [rpc:register] channel "credential"
[2026-09-28 11:36:32.755] [pid:40180] [zcode-host] [rpc:register] channel "broadcast"
[2026-09-28 11:36:32.756] [pid:40180] [zcode-host] [rpc:register] channel "zcode-task"
[2026-09-28 11:36:32.756] [pid:40180] [zcode-host] [rpc:register] channel "zcode-agent"
[2026-09-28 11:36:32.756] [pid:40180] [zcode-host] [rpc:register] channel "zcode-session"
[2026-09-28 11:36:32.756] [pid:40180] [zcode-host] [rpc:register] channel "cua-permission"
[2026-09-28 11:36:32.756] [pid:40180] [zcode-host] [rpc:register] channel "cua-pip-session"
[2026-09-28 11:36:32.756] [pid:40180] [zcode-host] [rpc:register] channel "conversation-share"
[2026-09-28 11:36:32.756] [pid:40180] [zcode-host] [rpc:register] channel "bots"
[2026-09-28 11:36:32.756] [pid:40180] [zcode-host] [rpc:register] channel "file-watcher"
[2026-09-28 11:36:32.756] [pid:40180] [zcode-host] [rpc:register] channel "oauth"
[2026-09-28 11:36:32.756] [pid:40180] [zcode-host] [rpc:register] channel "usage-stats"
[2026-09-28 11:36:32.756] [pid:40180] [zcode-host] [rpc:register] channel "coding-plan-subscription"
[2026-09-28 11:36:32.756] [pid:40180] [zcode-host] [rpc:register] channel "client-config"
[2026-09-28 11:36:32.756] [pid:40180] [zcode-host] [rpc:register] channel "client-scenes"
[2026-09-28 11:36:32.756] [pid:40180] [zcode-host] [rpc:register] channel "off-peak-task"
[2026-09-28 11:36:32.756] [pid:40180] [zcode-host] [rpc:register] channel "skills"
[2026-09-28 11:36:32.756] [pid:40180] [zcode-host] [rpc:register] channel "skill-sync"
[2026-09-28 11:36:32.756] [pid:40180] [zcode-host] [rpc:register] channel "mcp-sync"
[2026-09-28 11:36:32.756] [pid:40180] [zcode-host] [rpc:register] channel "plugin-sync"
[2026-09-28 11:36:32.756] [pid:40180] [zcode-host] [rpc:register] channel "plugins"
[2026-09-28 11:36:32.756] [pid:40180] [zcode-host] [rpc:register] channel "plugin-management"
[2026-09-28 11:36:32.756] [pid:40180] [zcode-host] [rpc:register] channel "subagents"
[2026-09-28 11:36:32.756] [pid:40180] [zcode-host] [rpc:register] channel "commands"
[2026-09-28 11:36:32.756] [pid:40180] [zcode-host] [rpc:register] channel "hooks"
[2026-09-28 11:36:32.756] [pid:40180] [zcode-host] [rpc:register] channel "memory"
[2026-09-28 11:36:32.756] [pid:40180] [zcode-host] [rpc:register] channel "settings-sync"
[2026-09-28 11:36:32.756] [pid:40180] [zcode-host] [rpc:register] channel "feedback"
[2026-09-28 11:36:32.756] [pid:40180] [zcode-host] [rpc:register] channel "prompt-attachment-transfer"
[2026-09-28 11:36:32.756] [pid:40180] [zcode-host] [rpc:register] channel "provider-settings"
[2026-09-28 11:36:32.756] [pid:40180] [zcode-host] [rpc:register] channel "model-selection"
[2026-09-28 11:36:32.756] [pid:40180] [zcode-host] [rpc:register] channel "window-controller"
[2026-09-28 11:36:32.756] [pid:40180] [zcode-host] service connection ready mode=desktop-continuous
[2026-09-28 11:36:32.756] [pid:40180] [zcode-host] window Host topology, reason=base-attachment-ready, pid=40180, connections=0, logicalSessions=0, attachments=1
[2026-09-28 11:36:32.780] [pid:26224] [main] [host-log] (local-1) [host] [2026-09-28 11:36:32.756] [pid:40180] [zcode-host] [rpc:register] channel "feedback"
[2026-09-28 11:36:32.781] [pid:26224] [main] [host-log] (local-1) [host] [2026-09-28 11:36:32.756] [pid:40180] [zcode-host] [rpc:register] channel "prompt-attachment-transfer"
[2026-09-28 11:36:32.782] [pid:26224] [main] [host-log] (local-1) [host] [2026-09-28 11:36:32.756] [pid:40180] [zcode-host] [rpc:register] channel "provider-settings"
[2026-09-28 11:36:32.783] [pid:26224] [main] [host-log] (local-1) [host] [2026-09-28 11:36:32.756] [pid:40180] [zcode-host] [rpc:register] channel "model-selection"
[2026-09-28 11:36:32.783] [pid:26224] [main] [host-log] (local-1) [host] [2026-09-28 11:36:32.756] [pid:40180] [zcode-host] [rpc:register] channel "window-controller"
[2026-09-28 11:36:32.784] [pid:26224] [main] [host-log] (local-1) [host] [2026-09-28 11:36:32.756] [pid:40180] [zcode-host] service connection ready mode=desktop-continuous
[2026-09-28 11:36:32.785] [pid:26224] [main] [host-log] (local-1) [host] [2026-09-28 11:36:32.756] [pid:40180] [zcode-host] window Host topology, reason=base-attachment-ready, pid=40180, connections=0, logicalSessions=0, attachments=1
[2026-09-28 11:36:32.785] [pid:26224] [main] [host-log] (local-1) [host] [2026-09-28 11:36:32.780] [pid:40180] [zcode-host] local services ready, all channels registered
[2026-09-28 11:36:32.786] [pid:26224] [main] [database-startup] terminal {
  attemptId: 'e6b1e942-8d08-40dd-b538-5c81d008d6de',
  status: 'ready',
  durationMs: 1741,
  errorCode: undefined,
  disk: [
    {
      scopeId: '9319b000c8e74f2867e1e7bd121ddaf54b120dc84ca6297ecd939a191d9c2c40',
      observedAvailableDropPeakBytes: 151552,
      minAvailableBytes: 267422978048,
      quality: 'complete',
      sampledAt: 1790566591635
    }
  ]
}
[2026-09-28 11:36:32.788] [pid:26224] [main] [cron-scheduler] forked scheduler process pid=undefined
[Z1 child] [2026-09-28 11:36:32.780] [pid:40180] [zcode-host] local services ready, all channels registered
[2026-09-28 11:36:32.788] [pid:40180] [settingService] read result: {"recentProjects":[],"locale":"zh-CN","localePreference":"en-US","terminalInheritSystemProfile":true,"embeddedBrowserAllowInsecureCertificates":false,"embeddedBrowserViewportPreference":{"mode":"normal","viewport":{"width":393,"height":852},"zoom":"fit"},"computerUseComposerEntryHidden":true,"taskAutoArchiveEnabled":false,"taskAutoArchiveOlderThanDays":7,"closeToTrayOnWindows":false,"closeToTrayOnWindowsMigrationInitialized":true,"keepAwakeWhileRunning":false,"desktopChromiumHardwareAccelerationEnabled":true,"messageStreamShowReasoning":true,"messageStreamShowReasoningMigrationInitialized":true,"messageStreamShowTodos":false,"toolGroupingExploreEnabled":true,"toolGroupingTerminalEnabled":true,"toolGroupingChangesEnabled":false,"zcodeInteractionBehavior":"queue","askUserQuestionAutoResolutionEnabled":false,"modelIoFullRetentionEnabled":false,"startPlanRecommendationDismissed":false,"providerFamilyConnectionSelections":{},"providerFamilyDomain":"zai","providerFamilyDomainMigrated":true,"nativeSearchEnhancementsEnabled":true,"memoryEnabled":false,"lastWorkspaceSession":[],"lastActiveTabIndex":0,"receivePreviewUpdates":false,"autoDownloadAndInstallUpdates":false,"skippedElectronUpdateVersions":{}}
[Z1 child] [2026-09-28 11:36:32.789] [pid:40180] [zcode-host] [rpc:listen] broadcast.onMessage subscribed
[2026-09-28 11:36:32.790] [pid:26224] [main] [host-log] (local-1) [host] [2026-09-28 11:36:32.789] [pid:40180] [zcode-host] [rpc:listen] broadcast.onMessage subscribed
[Z1 child] [2026-09-28 11:36:32.798] [pid:40180] [zcode-host] [rpc:listen] zcode-agent.onDynamicCuaPermissionObservation subscribed
[2026-09-28 11:36:32.798] [pid:26224] [main] [host-log] (local-1) [host] [2026-09-28 11:36:32.798] [pid:40180] [zcode-host] [rpc:listen] zcode-agent.onDynamicCuaPermissionObservation subscribed
[Z1 child] [2026-09-28 11:36:32.799] [pid:40180] [settingService] reading settings from: C:\Users\USER\Desktop\Personal\ZCode\.tmp\z1-native-1790566588657-b664be\home\.zcode\v2\setting.json
[2026-09-28 11:36:32.799] [pid:40180] [settingService] reading settings from: C:\Users\USER\Desktop\Personal\ZCode\.tmp\z1-native-1790566588657-b664be\home\.zcode\v2\setting.json
[2026-09-28 11:36:32.799] [pid:40180] [zcode-host] [rpc:listen] model-selection.onDidChange subscribed
[2026-09-28 11:36:32.799] [pid:40180] [zcode-host] [rpc:listen] broadcast.onMessage subscribed
[2026-09-28 11:36:32.799] [pid:26224] [main] [host-log] (local-1) [host] [2026-09-28 11:36:32.799] [pid:40180] [zcode-host] [rpc:listen] model-selection.onDidChange subscribed
[Z1 child] [2026-09-28 11:36:32.799] [pid:40180] [zcode-host] [rpc:listen] provider-settings.onDidChange subscribed
[2026-09-28 11:36:32.799] [pid:40180] [settingService] reading settings from: C:\Users\USER\Desktop\Personal\ZCode\.tmp\z1-native-1790566588657-b664be\home\.zcode\v2\setting.json
[2026-09-28 11:36:32.799] [pid:40180] [zcode-host] [rpc:listen] broadcast.onMessage subscribed
[2026-09-28 11:36:32.800] [pid:26224] [main] [host-log] (local-1) [host] [2026-09-28 11:36:32.799] [pid:40180] [zcode-host] [rpc:listen] broadcast.onMessage subscribed
[2026-09-28 11:36:32.801] [pid:26224] [main] [host-log] (local-1) [host] [2026-09-28 11:36:32.799] [pid:40180] [zcode-host] [rpc:listen] provider-settings.onDidChange subscribed
[2026-09-28 11:36:32.802] [pid:26224] [main] [host-log] (local-1) [host] [2026-09-28 11:36:32.799] [pid:40180] [zcode-host] [rpc:listen] broadcast.onMessage subscribed
[2026-09-28 11:36:32.803] [pid:26224] [main] [task-realtime] updated host workspace scopes {
  hostId: '29efd9b0-c275-44e7-a8c2-d904ccd48d9b',
  workspaceKeyCount: 0
}
[2026-09-28 11:36:32.804] [pid:26224] [main] [open-folder] Windows Explorer 右键菜单安装失败 { error: '[Z1 isolation] registry access blocked' }
[Z1 child] [2026-09-28 11:36:32.801] [pid:40180] [zcode-host] [rpc:listen] provider-settings.onDidChange subscribed
[2026-09-28 11:36:32.802] [pid:40180] [zcode-host] [rpc:listen] broadcast.onMessage subscribed
[2026-09-28 11:36:32.802] [pid:40180] [settingService] reading settings from: C:\Users\USER\Desktop\Personal\ZCode\.tmp\z1-native-1790566588657-b664be\home\.zcode\v2\setting.json
[2026-09-28 11:36:32.802] [pid:40180] [zcode-host] [rpc:listen] broadcast.onMessage subscribed
[2026-09-28 11:36:32.802] [pid:40180] [oauthService] restoreCachedSession skipped: no active provider
[2026-09-28 11:36:32.802] [pid:40180] [zcode-host] [rpc:call] oauth.restoreCachedSessionState OK (0.9ms)
[2026-09-28 11:36:32.803] [pid:40180] [settingService] read result: {"recentProjects":[],"locale":"zh-CN","localePreference":"en-US","terminalInheritSystemProfile":true,"embeddedBrowserAllowInsecureCertificates":false,"embeddedBrowserViewportPreference":{"mode":"normal","viewport":{"width":393,"height":852},"zoom":"fit"},"computerUseComposerEntryHidden":true,"taskAutoArchiveEnabled":false,"taskAutoArchiveOlderThanDays":7,"closeToTrayOnWindows":false,"closeToTrayOnWindowsMigrationInitialized":true,"keepAwakeWhileRunning":false,"desktopChromiumHardwareAccelerationEnabled":true,"messageStreamShowReasoning":true,"messageStreamShowReasoningMigrationInitialized":true,"messageStreamShowTodos":false,"toolGroupingExploreEnabled":true,"toolGroupingTerminalEnabled":true,"toolGroupingChangesEnabled":false,"zcodeInteractionBehavior":"queue","askUserQuestionAutoResolutionEnabled":false,"modelIoFullRetentionEnabled":false,"startPlanRecommendationDismissed":false,"providerFamilyConnectionSelections":{},"providerFamilyDomain":"zai","providerFamilyDomainMigrated":true,"nativeSearchEnhancementsEnabled":true,"memoryEnabled":false,"lastWorkspaceSession":[],"lastActiveTabIndex":0,"receivePreviewUpdates":false,"autoDownloadAndInstallUpdates":false,"skippedElectronUpdateVersions":{}}
[2026-09-28 11:36:32.805] [pid:40180] [node-api-client] zcode endpoint request headers prepared {
  headerKeys: [
    'http-referer',
    'user-agent',
    'x-client-language',
    'x-client-timezone',
    'x-device-mid',
    'x-os-category',
    'x-os-version',
    'x-platform',
    'x-release-channel',
    'x-request-id',
    'x-title',
    'x-zcode-app-version'
  ],
  method: 'GET',
  url: 'http://127.0.0.1:49449/api/v1/client/configs?app_version=3.14.0&platform=win32-x64'
}
[2026-09-28 11:36:32.805] [pid:40180] [settingService] reading settings from: C:\Users\USER\Desktop\Personal\ZCode\.tmp\z1-native-1790566588657-b664be\home\.zcode\v2\setting.json
[2026-09-28 11:36:32.805] [pid:40180] [settingService] read result: {"recentProjects":[],"locale":"zh-CN","localePreference":"en-US","terminalInheritSystemProfile":true,"embeddedBrowserAllowInsecureCertificates":false,"embeddedBrowserViewportPreference":{"mode":"normal","viewport":{"width":393,"height":852},"zoom":"fit"},"computerUseComposerEntryHidden":true,"taskAutoArchiveEnabled":false,"taskAutoArchiveOlderThanDays":7,"closeToTrayOnWindows":false,"closeToTrayOnWindowsMigrationInitialized":true,"keepAwakeWhileRunning":false,"desktopChromiumHardwareAccelerationEnabled":true,"messageStreamShowReasoning":true,"messageStreamShowReasoningMigrationInitialized":true,"messageStreamShowTodos":false,"toolGroupingExploreEnabled":true,"toolGroupingTerminalEnabled":true,"toolGroupingChangesEnabled":false,"zcodeInteractionBehavior":"queue","askUserQuestionAutoResolutionEnabled":false,"modelIoFullRetentionEnabled":false,"startPlanRecommendationDismissed":false,"providerFamilyConnectionSelections":{},"providerFamilyDomain":"zai","providerFamilyDomainMigrated":true,"nativeSearchEnhancementsEnabled":true,"memoryEnabled":false,"lastWorkspaceSession":[],"lastActiveTabIndex":0,"receivePreviewUpdates":false,"autoDownloadAndInstallUpdates":false,"skippedElectronUpdateVersions":{}}
[2026-09-28 11:36:32.805] [pid:40180] [zcode-host] [rpc:call] setting.get OK (6.7ms)
[2026-09-28 11:36:32.806] [pid:40180] [settingService] read result: {"recentProjects":[],"locale":"zh-CN","localePreference":"en-US","terminalInheritSystemProfile":true,"embeddedBrowserAllowInsecureCertificates":false,"embeddedBrowserViewportPreference":{"mode":"normal","viewport":{"width":393,"height":852},"zoom":"fit"},"computerUseComposerEntryHidden":true,"taskAutoArchiveEnabled":false,"taskAutoArchiveOlderThanDays":7,"closeToTrayOnWindows":false,"closeToTrayOnWindowsMigrationInitialized":true,"keepAwakeWhileRunning":false,"desktopChromiumHardwareAccelerationEnabled":true,"messageStreamShowReasoning":true,"messageStreamShowReasoningMigrationInitialized":true,"messageStreamShowTodos":false,"toolGroupingExploreEnabled":true,"toolGroupingTerminalEnabled":true,"toolGroupingChangesEnabled":false,"zcodeInteractionBehavior":"queue","askUserQuestionAutoResolutionEnabled":false,"modelIoFullRetentionEnabled":false,"startPlanRecommendationDismissed":false,"providerFamilyConnectionSelections":{},"providerFamilyDomain":"zai","providerFamilyDomainMigrated":true,"nativeSearchEnhancementsEnabled":true,"memoryEnabled":false,"lastWorkspaceSession":[],"lastActiveTabIndex":0,"receivePreviewUpdates":false,"autoDownloadAndInstallUpdates":false,"skippedElectronUpdateVersions":{}}
[2026-09-28 11:36:32.808] [pid:26224] [main] [host-log] (local-1) [host] [2026-09-28 11:36:32.801] [pid:40180] [zcode-host] [rpc:listen] provider-settings.onDidChange subscribed
[2026-09-28 11:36:32.808] [pid:26224] [main] [host-log] (local-1) [host] [2026-09-28 11:36:32.802] [pid:40180] [zcode-host] [rpc:listen] broadcast.onMessage subscribed
[2026-09-28 11:36:32.809] [pid:26224] [main] [host-log] (local-1) [host] [2026-09-28 11:36:32.802] [pid:40180] [zcode-host] [rpc:listen] broadcast.onMessage subscribed
[2026-09-28 11:36:32.810] [pid:26224] [main] [host-log] (local-1) [host] [2026-09-28 11:36:32.802] [pid:40180] [oauthService] restoreCachedSession skipped: no active provider
[2026-09-28 11:36:32.811] [pid:26224] [main] [host-log] (local-1) [host] [2026-09-28 11:36:32.802] [pid:40180] [zcode-host] [rpc:call] oauth.restoreCachedSessionState OK (0.9ms)
[2026-09-28 11:36:32.812] [pid:26224] [main] [host-log] (local-1) [host] [2026-09-28 11:36:32.805] [pid:40180] [zcode-host] [rpc:call] setting.get OK (6.7ms)
[2026-09-28 11:36:32.812] [pid:26224] [main] [host-log] (local-1) [host] [2026-09-28 11:36:32.807] [pid:40180] [zcode-host] [rpc:call] setting.get OK (7.9ms)
[2026-09-28 11:36:32.813] [pid:26224] [main] [host-log] (local-1) [host] [2026-09-28 11:36:32.809] [pid:40180] [cua-pip-session] [cua-pip-session] event delivery dropped {"kind":"focus-changed","revision":3,"sessionId":null,"sourceWindowId":"window-1","skipReason":"service-disabled"}
[2026-09-28 11:36:32.814] [pid:26224] [main] [host-log] (local-1) [host] [2026-09-28 11:36:32.809] [pid:40180] [zcode-host] [rpc:call] zcode-agent.syncAppRuntimePreferences OK (0.0ms)
[Z1 child] [2026-09-28 11:36:32.809] [pid:40180] [cua-pip-session] [cua-pip-session] event delivery dropped {
  kind: 'focus-changed',
  revision: 3,
  sessionId: null,
  sourceWindowId: 'window-1',
  skipReason: 'service-disabled'
}
[Z1 child] [2026-09-28 11:36:32.807] [pid:40180] [zcode-host] [rpc:call] setting.get OK (7.9ms)
[2026-09-28 11:36:32.809] [pid:40180] [zcode-host] [rpc:call] zcode-agent.syncAppRuntimePreferences OK (0.0ms)
[2026-09-28 11:36:32.809] [pid:40180] [zcode-host] [rpc:call] bots.syncAppRuntimePreferences OK (0.1ms)
[2026-09-28 11:36:32.809] [pid:40180] [settingService] reading settings from: C:\Users\USER\Desktop\Personal\ZCode\.tmp\z1-native-1790566588657-b664be\home\.zcode\v2\setting.json
[2026-09-28 11:36:32.810] [pid:40180] [settingService] read result: {"recentProjects":[],"locale":"zh-CN","localePreference":"en-US","terminalInheritSystemProfile":true,"embeddedBrowserAllowInsecureCertificates":false,"embeddedBrowserViewportPreference":{"mode":"normal","viewport":{"width":393,"height":852},"zoom":"fit"},"computerUseComposerEntryHidden":true,"taskAutoArchiveEnabled":false,"taskAutoArchiveOlderThanDays":7,"closeToTrayOnWindows":false,"closeToTrayOnWindowsMigrationInitialized":true,"keepAwakeWhileRunning":false,"desktopChromiumHardwareAccelerationEnabled":true,"messageStreamShowReasoning":true,"messageStreamShowReasoningMigrationInitialized":true,"messageStreamShowTodos":false,"toolGroupingExploreEnabled":true,"toolGroupingTerminalEnabled":true,"toolGroupingChangesEnabled":false,"zcodeInteractionBehavior":"queue","askUserQuestionAutoResolutionEnabled":false,"modelIoFullRetentionEnabled":false,"startPlanRecommendationDismissed":false,"providerFamilyConnectionSelections":{},"providerFamilyDomain":"zai","providerFamilyDomainMigrated":true,"nativeSearchEnhancementsEnabled":true,"memoryEnabled":false,"lastWorkspaceSession":[],"lastActiveTabIndex":0,"receivePreviewUpdates":false,"autoDownloadAndInstallUpdates":false,"skippedElectronUpdateVersions":{}}
[2026-09-28 11:36:32.810] [pid:40180] [zcode-host] [rpc:call] setting.get OK (8.2ms)
[2026-09-28 11:36:32.815] [pid:26224] [main] [host-log] (local-1) [host] [2026-09-28 11:36:32.809] [pid:40180] [zcode-host] [rpc:call] bots.syncAppRuntimePreferences OK (0.1ms)
[2026-09-28 11:36:32.816] [pid:26224] [main] [host-log] (local-1) [host] [2026-09-28 11:36:32.810] [pid:40180] [zcode-host] [rpc:call] setting.get OK (8.2ms)
[Z1 child] [2026-09-28 11:36:32.827] [pid:40180] [settingService] read result: {"recentProjects":[],"locale":"zh-CN","localePreference":"en-US","terminalInheritSystemProfile":true,"embeddedBrowserAllowInsecureCertificates":false,"embeddedBrowserViewportPreference":{"mode":"normal","viewport":{"width":393,"height":852},"zoom":"fit"},"computerUseComposerEntryHidden":true,"taskAutoArchiveEnabled":false,"taskAutoArchiveOlderThanDays":7,"closeToTrayOnWindows":false,"closeToTrayOnWindowsMigrationInitialized":true,"keepAwakeWhileRunning":false,"desktopChromiumHardwareAccelerationEnabled":true,"messageStreamShowReasoning":true,"messageStreamShowReasoningMigrationInitialized":true,"messageStreamShowTodos":false,"toolGroupingExploreEnabled":true,"toolGroupingTerminalEnabled":true,"toolGroupingChangesEnabled":false,"zcodeInteractionBehavior":"queue","askUserQuestionAutoResolutionEnabled":false,"modelIoFullRetentionEnabled":false,"startPlanRecommendationDismissed":false,"providerFamilyConnectionSelections":{},"providerFamilyDomain":"zai","providerFamilyDomainMigrated":true,"nativeSearchEnhancementsEnabled":true,"memoryEnabled":false,"lastWorkspaceSession":[],"lastActiveTabIndex":0,"receivePreviewUpdates":false,"autoDownloadAndInstallUpdates":false,"skippedElectronUpdateVersions":{}}
[Z1 child] [2026-09-28 11:36:32.835] [pid:40180] [settingService] read result: {"recentProjects":[],"locale":"zh-CN","localePreference":"en-US","terminalInheritSystemProfile":true,"embeddedBrowserAllowInsecureCertificates":false,"embeddedBrowserViewportPreference":{"mode":"normal","viewport":{"width":393,"height":852},"zoom":"fit"},"computerUseComposerEntryHidden":true,"taskAutoArchiveEnabled":false,"taskAutoArchiveOlderThanDays":7,"closeToTrayOnWindows":false,"closeToTrayOnWindowsMigrationInitialized":true,"keepAwakeWhileRunning":false,"desktopChromiumHardwareAccelerationEnabled":true,"messageStreamShowReasoning":true,"messageStreamShowReasoningMigrationInitialized":true,"messageStreamShowTodos":false,"toolGroupingExploreEnabled":true,"toolGroupingTerminalEnabled":true,"toolGroupingChangesEnabled":false,"zcodeInteractionBehavior":"queue","askUserQuestionAutoResolutionEnabled":false,"modelIoFullRetentionEnabled":false,"startPlanRecommendationDismissed":false,"providerFamilyConnectionSelections":{},"providerFamilyDomain":"zai","providerFamilyDomainMigrated":true,"nativeSearchEnhancementsEnabled":true,"memoryEnabled":false,"lastWorkspaceSession":[],"lastActiveTabIndex":0,"receivePreviewUpdates":false,"autoDownloadAndInstallUpdates":false,"skippedElectronUpdateVersions":{}}
[2026-09-28 11:36:32.835] [pid:40180] [zcode-host] [rpc:call] setting.get OK (25.1ms)
[2026-09-28 11:36:32.835] [pid:26224] [main] [host-log] (local-1) [host] [2026-09-28 11:36:32.835] [pid:40180] [zcode-host] [rpc:call] setting.get OK (25.1ms)
[Z1 child] [2026-09-28 11:36:32.840] [pid:40180] [zcode-host] [rpc:call] coding-plan-subscription.getDynamicWorkflowClientConfig OK (41.3ms)
[2026-09-28 11:36:32.840] [pid:26224] [main] [host-log] (local-1) [host] [2026-09-28 11:36:32.840] [pid:40180] [zcode-host] [rpc:call] coding-plan-subscription.getDynamicWorkflowClientConfig OK (41.3ms)
[Z1 child] [2026-09-28 11:36:32.886] [pid:40180] [settingService] reading settings from: C:\Users\USER\Desktop\Personal\ZCode\.tmp\z1-native-1790566588657-b664be\home\.zcode\v2\setting.json
[Z1 child] [2026-09-28 11:36:32.886] [pid:40180] [settingService] read result: {"recentProjects":[],"locale":"zh-CN","localePreference":"en-US","terminalInheritSystemProfile":true,"embeddedBrowserAllowInsecureCertificates":false,"embeddedBrowserViewportPreference":{"mode":"normal","viewport":{"width":393,"height":852},"zoom":"fit"},"computerUseComposerEntryHidden":true,"taskAutoArchiveEnabled":false,"taskAutoArchiveOlderThanDays":7,"closeToTrayOnWindows":false,"closeToTrayOnWindowsMigrationInitialized":true,"keepAwakeWhileRunning":false,"desktopChromiumHardwareAccelerationEnabled":true,"messageStreamShowReasoning":true,"messageStreamShowReasoningMigrationInitialized":true,"messageStreamShowTodos":false,"toolGroupingExploreEnabled":true,"toolGroupingTerminalEnabled":true,"toolGroupingChangesEnabled":false,"zcodeInteractionBehavior":"queue","askUserQuestionAutoResolutionEnabled":false,"modelIoFullRetentionEnabled":false,"startPlanRecommendationDismissed":false,"providerFamilyConnectionSelections":{},"providerFamilyDomain":"zai","providerFamilyDomainMigrated":true,"nativeSearchEnhancementsEnabled":true,"memoryEnabled":false,"lastWorkspaceSession":[],"lastActiveTabIndex":0,"receivePreviewUpdates":false,"autoDownloadAndInstallUpdates":false,"skippedElectronUpdateVersions":{}}
[Z1 child] [2026-09-28 11:36:32.887] [pid:40180] [settingService] reading settings from: C:\Users\USER\Desktop\Personal\ZCode\.tmp\z1-native-1790566588657-b664be\home\.zcode\v2\setting.json
[Z1 child] [2026-09-28 11:36:32.887] [pid:40180] [settingService] read result: {"recentProjects":[],"locale":"zh-CN","localePreference":"en-US","terminalInheritSystemProfile":true,"embeddedBrowserAllowInsecureCertificates":false,"embeddedBrowserViewportPreference":{"mode":"normal","viewport":{"width":393,"height":852},"zoom":"fit"},"computerUseComposerEntryHidden":true,"taskAutoArchiveEnabled":false,"taskAutoArchiveOlderThanDays":7,"closeToTrayOnWindows":false,"closeToTrayOnWindowsMigrationInitialized":true,"keepAwakeWhileRunning":false,"desktopChromiumHardwareAccelerationEnabled":true,"messageStreamShowReasoning":true,"messageStreamShowReasoningMigrationInitialized":true,"messageStreamShowTodos":false,"toolGroupingExploreEnabled":true,"toolGroupingTerminalEnabled":true,"toolGroupingChangesEnabled":false,"zcodeInteractionBehavior":"queue","askUserQuestionAutoResolutionEnabled":false,"modelIoFullRetentionEnabled":false,"startPlanRecommendationDismissed":false,"providerFamilyConnectionSelections":{},"providerFamilyDomain":"zai","providerFamilyDomainMigrated":true,"nativeSearchEnhancementsEnabled":true,"memoryEnabled":false,"lastWorkspaceSession":[],"lastActiveTabIndex":0,"receivePreviewUpdates":false,"autoDownloadAndInstallUpdates":false,"skippedElectronUpdateVersions":{}}
[Z1 child] [2026-09-28 11:36:32.903] [pid:40180] [settingService] reading settings from: C:\Users\USER\Desktop\Personal\ZCode\.tmp\z1-native-1790566588657-b664be\home\.zcode\v2\setting.json
[Z1 child] [2026-09-28 11:36:32.905] [pid:40180] [settingService] read result: {"recentProjects":[],"locale":"zh-CN","localePreference":"en-US","terminalInheritSystemProfile":true,"embeddedBrowserAllowInsecureCertificates":false,"embeddedBrowserViewportPreference":{"mode":"normal","viewport":{"width":393,"height":852},"zoom":"fit"},"computerUseComposerEntryHidden":true,"taskAutoArchiveEnabled":false,"taskAutoArchiveOlderThanDays":7,"closeToTrayOnWindows":false,"closeToTrayOnWindowsMigrationInitialized":true,"keepAwakeWhileRunning":false,"desktopChromiumHardwareAccelerationEnabled":true,"messageStreamShowReasoning":true,"messageStreamShowReasoningMigrationInitialized":true,"messageStreamShowTodos":false,"toolGroupingExploreEnabled":true,"toolGroupingTerminalEnabled":true,"toolGroupingChangesEnabled":false,"zcodeInteractionBehavior":"queue","askUserQuestionAutoResolutionEnabled":false,"modelIoFullRetentionEnabled":false,"startPlanRecommendationDismissed":false,"providerFamilyConnectionSelections":{},"providerFamilyDomain":"zai","providerFamilyDomainMigrated":true,"nativeSearchEnhancementsEnabled":true,"memoryEnabled":false,"lastWorkspaceSession":[],"lastActiveTabIndex":0,"receivePreviewUpdates":false,"autoDownloadAndInstallUpdates":false,"skippedElectronUpdateVersions":{}}
[Z1 child] [2026-09-28 11:36:32.905] [pid:40180] [node-api-client] zcode endpoint request headers prepared {
  headerKeys: [
    'http-referer',
    'user-agent',
    'x-client-language',
    'x-client-timezone',
    'x-device-mid',
    'x-os-category',
    'x-os-version',
    'x-platform',
    'x-release-channel',
    'x-request-id',
    'x-title',
    'x-zcode-app-version'
  ],
  method: 'GET',
  url: 'http://127.0.0.1:49449/api/v1/client/configs?app_version=3.14.0&platform=windows-x86_64'
}
[Z1 child] [2026-09-28 11:36:32.909] [pid:40180] [settingService] reading settings from: C:\Users\USER\Desktop\Personal\ZCode\.tmp\z1-native-1790566588657-b664be\home\.zcode\v2\setting.json
[Z1 child] [2026-09-28 11:36:32.916] [pid:40180] [settingService] read result: {"recentProjects":[],"locale":"zh-CN","localePreference":"en-US","terminalInheritSystemProfile":true,"embeddedBrowserAllowInsecureCertificates":false,"embeddedBrowserViewportPreference":{"mode":"normal","viewport":{"width":393,"height":852},"zoom":"fit"},"computerUseComposerEntryHidden":true,"taskAutoArchiveEnabled":false,"taskAutoArchiveOlderThanDays":7,"closeToTrayOnWindows":false,"closeToTrayOnWindowsMigrationInitialized":true,"keepAwakeWhileRunning":false,"desktopChromiumHardwareAccelerationEnabled":true,"messageStreamShowReasoning":true,"messageStreamShowReasoningMigrationInitialized":true,"messageStreamShowTodos":false,"toolGroupingExploreEnabled":true,"toolGroupingTerminalEnabled":true,"toolGroupingChangesEnabled":false,"zcodeInteractionBehavior":"queue","askUserQuestionAutoResolutionEnabled":false,"modelIoFullRetentionEnabled":false,"startPlanRecommendationDismissed":false,"providerFamilyConnectionSelections":{},"providerFamilyDomain":"zai","providerFamilyDomainMigrated":true,"nativeSearchEnhancementsEnabled":true,"memoryEnabled":false,"lastWorkspaceSession":[],"lastActiveTabIndex":0,"receivePreviewUpdates":false,"autoDownloadAndInstallUpdates":false,"skippedElectronUpdateVersions":{}}
[Z1 child] [2026-09-28 11:36:32.917] [pid:40180] [settingService] reading settings from: C:\Users\USER\Desktop\Personal\ZCode\.tmp\z1-native-1790566588657-b664be\home\.zcode\v2\setting.json
[Z1 child] [2026-09-28 11:36:32.918] [pid:40180] [settingService] read result: {"recentProjects":[],"locale":"zh-CN","localePreference":"en-US","terminalInheritSystemProfile":true,"embeddedBrowserAllowInsecureCertificates":false,"embeddedBrowserViewportPreference":{"mode":"normal","viewport":{"width":393,"height":852},"zoom":"fit"},"computerUseComposerEntryHidden":true,"taskAutoArchiveEnabled":false,"taskAutoArchiveOlderThanDays":7,"closeToTrayOnWindows":false,"closeToTrayOnWindowsMigrationInitialized":true,"keepAwakeWhileRunning":false,"desktopChromiumHardwareAccelerationEnabled":true,"messageStreamShowReasoning":true,"messageStreamShowReasoningMigrationInitialized":true,"messageStreamShowTodos":false,"toolGroupingExploreEnabled":true,"toolGroupingTerminalEnabled":true,"toolGroupingChangesEnabled":false,"zcodeInteractionBehavior":"queue","askUserQuestionAutoResolutionEnabled":false,"modelIoFullRetentionEnabled":false,"startPlanRecommendationDismissed":false,"providerFamilyConnectionSelections":{},"providerFamilyDomain":"zai","providerFamilyDomainMigrated":true,"nativeSearchEnhancementsEnabled":true,"memoryEnabled":false,"lastWorkspaceSession":[],"lastActiveTabIndex":0,"receivePreviewUpdates":false,"autoDownloadAndInstallUpdates":false,"skippedElectronUpdateVersions":{}}
[Z1 child] [2026-09-28 11:36:32.920] [pid:40180] [settingService] reading settings from: C:\Users\USER\Desktop\Personal\ZCode\.tmp\z1-native-1790566588657-b664be\home\.zcode\v2\setting.json
[Z1 child] [2026-09-28 11:36:32.922] [pid:40180] [settingService] read result: {"recentProjects":[],"locale":"zh-CN","localePreference":"en-US","terminalInheritSystemProfile":true,"embeddedBrowserAllowInsecureCertificates":false,"embeddedBrowserViewportPreference":{"mode":"normal","viewport":{"width":393,"height":852},"zoom":"fit"},"computerUseComposerEntryHidden":true,"taskAutoArchiveEnabled":false,"taskAutoArchiveOlderThanDays":7,"closeToTrayOnWindows":false,"closeToTrayOnWindowsMigrationInitialized":true,"keepAwakeWhileRunning":false,"desktopChromiumHardwareAccelerationEnabled":true,"messageStreamShowReasoning":true,"messageStreamShowReasoningMigrationInitialized":true,"messageStreamShowTodos":false,"toolGroupingExploreEnabled":true,"toolGroupingTerminalEnabled":true,"toolGroupingChangesEnabled":false,"zcodeInteractionBehavior":"queue","askUserQuestionAutoResolutionEnabled":false,"modelIoFullRetentionEnabled":false,"startPlanRecommendationDismissed":false,"providerFamilyConnectionSelections":{},"providerFamilyDomain":"zai","providerFamilyDomainMigrated":true,"nativeSearchEnhancementsEnabled":true,"memoryEnabled":false,"lastWorkspaceSession":[],"lastActiveTabIndex":0,"receivePreviewUpdates":false,"autoDownloadAndInstallUpdates":false,"skippedElectronUpdateVersions":{}}
[Z1 child] [2026-09-28 11:36:32.923] [pid:40180] [settingService] reading settings from: C:\Users\USER\Desktop\Personal\ZCode\.tmp\z1-native-1790566588657-b664be\home\.zcode\v2\setting.json
[Z1 child] [2026-09-28 11:36:32.930] [pid:40180] [settingService] read result: {"recentProjects":[],"locale":"zh-CN","localePreference":"en-US","terminalInheritSystemProfile":true,"embeddedBrowserAllowInsecureCertificates":false,"embeddedBrowserViewportPreference":{"mode":"normal","viewport":{"width":393,"height":852},"zoom":"fit"},"computerUseComposerEntryHidden":true,"taskAutoArchiveEnabled":false,"taskAutoArchiveOlderThanDays":7,"closeToTrayOnWindows":false,"closeToTrayOnWindowsMigrationInitialized":true,"keepAwakeWhileRunning":false,"desktopChromiumHardwareAccelerationEnabled":true,"messageStreamShowReasoning":true,"messageStreamShowReasoningMigrationInitialized":true,"messageStreamShowTodos":false,"toolGroupingExploreEnabled":true,"toolGroupingTerminalEnabled":true,"toolGroupingChangesEnabled":false,"zcodeInteractionBehavior":"queue","askUserQuestionAutoResolutionEnabled":false,"modelIoFullRetentionEnabled":false,"startPlanRecommendationDismissed":false,"providerFamilyConnectionSelections":{},"providerFamilyDomain":"zai","providerFamilyDomainMigrated":true,"nativeSearchEnhancementsEnabled":true,"memoryEnabled":false,"lastWorkspaceSession":[],"lastActiveTabIndex":0,"receivePreviewUpdates":false,"autoDownloadAndInstallUpdates":false,"skippedElectronUpdateVersions":{}}
[Z1 child] [2026-09-28 11:36:32.931] [pid:40180] [settingService] reading settings from: C:\Users\USER\Desktop\Personal\ZCode\.tmp\z1-native-1790566588657-b664be\home\.zcode\v2\setting.json
[Z1 child] [2026-09-28 11:36:32.933] [pid:40180] [settingService] read result: {"recentProjects":[],"locale":"zh-CN","localePreference":"en-US","terminalInheritSystemProfile":true,"embeddedBrowserAllowInsecureCertificates":false,"embeddedBrowserViewportPreference":{"mode":"normal","viewport":{"width":393,"height":852},"zoom":"fit"},"computerUseComposerEntryHidden":true,"taskAutoArchiveEnabled":false,"taskAutoArchiveOlderThanDays":7,"closeToTrayOnWindows":false,"closeToTrayOnWindowsMigrationInitialized":true,"keepAwakeWhileRunning":false,"desktopChromiumHardwareAccelerationEnabled":true,"messageStreamShowReasoning":true,"messageStreamShowReasoningMigrationInitialized":true,"messageStreamShowTodos":false,"toolGroupingExploreEnabled":true,"toolGroupingTerminalEnabled":true,"toolGroupingChangesEnabled":false,"zcodeInteractionBehavior":"queue","askUserQuestionAutoResolutionEnabled":false,"modelIoFullRetentionEnabled":false,"startPlanRecommendationDismissed":false,"providerFamilyConnectionSelections":{},"providerFamilyDomain":"zai","providerFamilyDomainMigrated":true,"nativeSearchEnhancementsEnabled":true,"memoryEnabled":false,"lastWorkspaceSession":[],"lastActiveTabIndex":0,"receivePreviewUpdates":false,"autoDownloadAndInstallUpdates":false,"skippedElectronUpdateVersions":{}}
[Z1 child] [2026-09-28 11:36:32.934] [pid:40180] [provider-config] ZCode Built-in 刷新检查 { result: 'missing' }
[Z1 child] [2026-09-28 11:36:32.952] [pid:40180] [provider-runtime][trace:Provider Registry 已就绪] {
  configRevision: '["zcode-builtin:30:e00d3212645ffc9bf7951f99c48a4406281fb009686165937ed1ffcb896416ae","0fdeedced8c0c7f86761fd74b73b7103b841e8aadf978e427322bfd3a60ba7e6"]',
  providerCount: 1
}
[2026-09-28 11:36:32.952] [pid:26224] [main] [host-log] (local-1) [host] [2026-09-28 11:36:32.952] [pid:40180] [provider-runtime][trace:Provider Registry 已就绪] {"configRevision":"[\"zcode-builtin:30:e00d3212645ffc9bf7951f99c48a4406281fb009686165937ed1ffcb896416ae\",\"0fdeedced8c0c7f86761fd74b73b7103b841e8aadf978e427322bfd3a60ba7e6\"]","providerCount":1}
[2026-09-28 11:36:32.953] [pid:26224] [main] [host-log] (local-1) [host] [2026-09-28 11:36:32.952] [pid:40180] [zcode-host] [rpc:call] provider-settings.getView OK (153.2ms)
[2026-09-28 11:36:32.954] [pid:26224] [main] [host-log] (local-1) [host] [2026-09-28 11:36:32.952] [pid:40180] [zcode-host] [rpc:call] provider-settings.getView OK (151.1ms)
[Z1 child] [2026-09-28 11:36:32.952] [pid:40180] [settingService] reading settings from: C:\Users\USER\Desktop\Personal\ZCode\.tmp\z1-native-1790566588657-b664be\home\.zcode\v2\setting.json
[2026-09-28 11:36:32.952] [pid:40180] [zcode-host] [rpc:call] provider-settings.getView OK (153.2ms)
[2026-09-28 11:36:32.952] [pid:40180] [zcode-host] [rpc:call] provider-settings.getView OK (151.1ms)
[2026-09-28 11:36:32.954] [pid:40180] [zcode-host] [rpc:call] credential.load OK (0.2ms)
[2026-09-28 11:36:32.954] [pid:26224] [main] [host-log] (local-1) [host] [2026-09-28 11:36:32.954] [pid:40180] [zcode-host] [rpc:call] credential.load OK (0.2ms)
[Z1 child] [2026-09-28 11:36:32.955] [pid:40180] [zcode-agent] ZCode agent command resolved {
  workspaceKey: 'C:\\Users\\USER\\Desktop\\Personal\\ZCode\\.tmp\\z1-native-1790566588657-b664be\\workspace',
  command: 'C:\\Users\\USER\\Desktop\\Personal\\ZCode\\node_modules\\electron\\dist\\electron.exe',
  effectiveCommand: 'C:\\Users\\USER\\Desktop\\Personal\\ZCode\\node_modules\\electron\\dist\\electron.exe',
  resolveCommandDurationMs: 0
}
[2026-09-28 11:36:32.955] [pid:26224] [main] [host-log] (local-1) [host] [2026-09-28 11:36:32.955] [pid:40180] [zcode-agent] ZCode agent command resolved {"workspaceKey":"C:\\Users\\USER\\Desktop\\Personal\\ZCode\\.tmp\\z1-native-1790566588657-b664be\\workspace","command":"C:\\Users\\USER\\Desktop\\Personal\\ZCode\\node_modules\\electron\\dist\\electron.exe","effectiveCommand":"C:\\Users\\USER\\Desktop\\Personal\\ZCode\\node_modules\\electron\\dist\\electron.exe","resolveCommandDurationMs":0}
[2026-09-28 11:36:32.956] [pid:26224] [main] [host-log] (local-1) [host] [2026-09-28 11:36:32.955] [pid:40180] [zcode-host] [rpc:call] credential.load OK (1.6ms)
[2026-09-28 11:36:32.956] [pid:26224] [main] [host-log] (local-1) [host] [2026-09-28 11:36:32.956] [pid:40180] [zcode-host] [rpc:call] model-selection.getView OK (157.2ms)
[Z1 child] [2026-09-28 11:36:32.955] [pid:40180] [settingService] reading settings from: C:\Users\USER\Desktop\Personal\ZCode\.tmp\z1-native-1790566588657-b664be\home\.zcode\v2\setting.json
[2026-09-28 11:36:32.955] [pid:40180] [zcode-host] [rpc:call] credential.load OK (1.6ms)
[2026-09-28 11:36:32.955] [pid:40180] [settingService] read result: {"recentProjects":[],"locale":"zh-CN","localePreference":"en-US","terminalInheritSystemProfile":true,"embeddedBrowserAllowInsecureCertificates":false,"embeddedBrowserViewportPreference":{"mode":"normal","viewport":{"width":393,"height":852},"zoom":"fit"},"computerUseComposerEntryHidden":true,"taskAutoArchiveEnabled":false,"taskAutoArchiveOlderThanDays":7,"closeToTrayOnWindows":false,"closeToTrayOnWindowsMigrationInitialized":true,"keepAwakeWhileRunning":false,"desktopChromiumHardwareAccelerationEnabled":true,"messageStreamShowReasoning":true,"messageStreamShowReasoningMigrationInitialized":true,"messageStreamShowTodos":false,"toolGroupingExploreEnabled":true,"toolGroupingTerminalEnabled":true,"toolGroupingChangesEnabled":false,"zcodeInteractionBehavior":"queue","askUserQuestionAutoResolutionEnabled":false,"modelIoFullRetentionEnabled":false,"startPlanRecommendationDismissed":false,"providerFamilyConnectionSelections":{},"providerFamilyDomain":"zai","providerFamilyDomainMigrated":true,"nativeSearchEnhancementsEnabled":true,"memoryEnabled":false,"lastWorkspaceSession":[],"lastActiveTabIndex":0,"receivePreviewUpdates":false,"autoDownloadAndInstallUpdates":false,"skippedElectronUpdateVersions":{}}
[2026-09-28 11:36:32.955] [pid:40180] [settingService] reading settings from: C:\Users\USER\Desktop\Personal\ZCode\.tmp\z1-native-1790566588657-b664be\home\.zcode\v2\setting.json
[2026-09-28 11:36:32.956] [pid:40180] [zcode-host] [rpc:call] model-selection.getView OK (157.2ms)
[2026-09-28 11:36:32.957] [pid:40180] [settingService] read result: {"recentProjects":[],"locale":"zh-CN","localePreference":"en-US","terminalInheritSystemProfile":true,"embeddedBrowserAllowInsecureCertificates":false,"embeddedBrowserViewportPreference":{"mode":"normal","viewport":{"width":393,"height":852},"zoom":"fit"},"computerUseComposerEntryHidden":true,"taskAutoArchiveEnabled":false,"taskAutoArchiveOlderThanDays":7,"closeToTrayOnWindows":false,"closeToTrayOnWindowsMigrationInitialized":true,"keepAwakeWhileRunning":false,"desktopChromiumHardwareAccelerationEnabled":true,"messageStreamShowReasoning":true,"messageStreamShowReasoningMigrationInitialized":true,"messageStreamShowTodos":false,"toolGroupingExploreEnabled":true,"toolGroupingTerminalEnabled":true,"toolGroupingChangesEnabled":false,"zcodeInteractionBehavior":"queue","askUserQuestionAutoResolutionEnabled":false,"modelIoFullRetentionEnabled":false,"startPlanRecommendationDismissed":false,"providerFamilyConnectionSelections":{},"providerFamilyDomain":"zai","providerFamilyDomainMigrated":true,"nativeSearchEnhancementsEnabled":true,"memoryEnabled":false,"lastWorkspaceSession":[],"lastActiveTabIndex":0,"receivePreviewUpdates":false,"autoDownloadAndInstallUpdates":false,"skippedElectronUpdateVersions":{}}
[2026-09-28 11:36:32.957] [pid:40180] [settingService] read result: {"recentProjects":[],"locale":"zh-CN","localePreference":"en-US","terminalInheritSystemProfile":true,"embeddedBrowserAllowInsecureCertificates":false,"embeddedBrowserViewportPreference":{"mode":"normal","viewport":{"width":393,"height":852},"zoom":"fit"},"computerUseComposerEntryHidden":true,"taskAutoArchiveEnabled":false,"taskAutoArchiveOlderThanDays":7,"closeToTrayOnWindows":false,"closeToTrayOnWindowsMigrationInitialized":true,"keepAwakeWhileRunning":false,"desktopChromiumHardwareAccelerationEnabled":true,"messageStreamShowReasoning":true,"messageStreamShowReasoningMigrationInitialized":true,"messageStreamShowTodos":false,"toolGroupingExploreEnabled":true,"toolGroupingTerminalEnabled":true,"toolGroupingChangesEnabled":false,"zcodeInteractionBehavior":"queue","askUserQuestionAutoResolutionEnabled":false,"modelIoFullRetentionEnabled":false,"startPlanRecommendationDismissed":false,"providerFamilyConnectionSelections":{},"providerFamilyDomain":"zai","providerFamilyDomainMigrated":true,"nativeSearchEnhancementsEnabled":true,"memoryEnabled":false,"lastWorkspaceSession":[],"lastActiveTabIndex":0,"receivePreviewUpdates":false,"autoDownloadAndInstallUpdates":false,"skippedElectronUpdateVersions":{}}
[Z1 child] [2026-09-28 11:36:32.957] [pid:40180] [zcode-agent] ZCode agent process start already in progress {
  workspaceKey: 'C:\\Users\\USER\\Desktop\\Personal\\ZCode\\.tmp\\z1-native-1790566588657-b664be\\workspace'
}
[2026-09-28 11:36:32.958] [pid:26224] [main] [host-log] (local-1) [host] [2026-09-28 11:36:32.957] [pid:40180] [zcode-agent] ZCode agent process start already in progress {"workspaceKey":"C:\\Users\\USER\\Desktop\\Personal\\ZCode\\.tmp\\z1-native-1790566588657-b664be\\workspace"}
[Z1 child] [2026-09-28 11:36:32.960] [pid:40180] [settingService] reading settings from: C:\Users\USER\Desktop\Personal\ZCode\.tmp\z1-native-1790566588657-b664be\home\.zcode\v2\setting.json
[Z1 child] [2026-09-28 11:36:32.961] [pid:40180] [cua-product-helper] Windows CUA Helper runtime resolution failed {
  reason: 'invalid-runtime-manifest',
  artifact: 'runtime-manifest.json',
  errorName: 'WindowsCuaDevRuntimeResolutionError',
  message: 'Windows CUA packaged runtime has an invalid runtime-manifest.json.'
}
[2026-09-28 11:36:32.961] [pid:26224] [main] [host-log] (local-1) [host] [2026-09-28 11:36:32.961] [pid:40180] [cua-product-helper] Windows CUA Helper runtime resolution failed {"reason":"invalid-runtime-manifest","artifact":"runtime-manifest.json","errorName":"WindowsCuaDevRuntimeResolutionError","message":"Windows CUA packaged runtime has an invalid runtime-manifest.json."}
[2026-09-28 11:36:32.962] [pid:26224] [main] [host-log] (local-1) [host] [2026-09-28 11:36:32.961] [pid:40180] [cua-product-helper] Computer Use Helper broker_unavailable; disabling workspace zcode-cua MCP server for this agent spawn (Windows CUA packaged runtime has an invalid runtime-manifest.json.)
[2026-09-28 11:36:32.963] [pid:26224] [main] [host-log] (local-1) [host] [2026-09-28 11:36:32.962] [pid:40180] [zcode-host] [rpc:call] setting.get OK (1.9ms)
[Z1 child] [2026-09-28 11:36:32.961] [pid:40180] [cua-product-helper] Computer Use Helper broker_unavailable; disabling workspace zcode-cua MCP server for this agent spawn (Windows CUA packaged runtime has an invalid runtime-manifest.json.)
[Z1 child] [2026-09-28 11:36:32.961] [pid:40180] [settingService] reading settings from: C:\Users\USER\Desktop\Personal\ZCode\.tmp\z1-native-1790566588657-b664be\home\.zcode\v2\setting.json
[2026-09-28 11:36:32.962] [pid:40180] [settingService] read result: {"recentProjects":[],"locale":"zh-CN","localePreference":"en-US","terminalInheritSystemProfile":true,"embeddedBrowserAllowInsecureCertificates":false,"embeddedBrowserViewportPreference":{"mode":"normal","viewport":{"width":393,"height":852},"zoom":"fit"},"computerUseComposerEntryHidden":true,"taskAutoArchiveEnabled":false,"taskAutoArchiveOlderThanDays":7,"closeToTrayOnWindows":false,"closeToTrayOnWindowsMigrationInitialized":true,"keepAwakeWhileRunning":false,"desktopChromiumHardwareAccelerationEnabled":true,"messageStreamShowReasoning":true,"messageStreamShowReasoningMigrationInitialized":true,"messageStreamShowTodos":false,"toolGroupingExploreEnabled":true,"toolGroupingTerminalEnabled":true,"toolGroupingChangesEnabled":false,"zcodeInteractionBehavior":"queue","askUserQuestionAutoResolutionEnabled":false,"modelIoFullRetentionEnabled":false,"startPlanRecommendationDismissed":false,"providerFamilyConnectionSelections":{},"providerFamilyDomain":"zai","providerFamilyDomainMigrated":true,"nativeSearchEnhancementsEnabled":true,"memoryEnabled":false,"lastWorkspaceSession":[],"lastActiveTabIndex":0,"receivePreviewUpdates":false,"autoDownloadAndInstallUpdates":false,"skippedElectronUpdateVersions":{}}
[2026-09-28 11:36:32.962] [pid:40180] [zcode-host] [rpc:call] setting.get OK (1.9ms)
[2026-09-28 11:36:32.962] [pid:40180] [settingService] read result: {"recentProjects":[],"locale":"zh-CN","localePreference":"en-US","terminalInheritSystemProfile":true,"embeddedBrowserAllowInsecureCertificates":false,"embeddedBrowserViewportPreference":{"mode":"normal","viewport":{"width":393,"height":852},"zoom":"fit"},"computerUseComposerEntryHidden":true,"taskAutoArchiveEnabled":false,"taskAutoArchiveOlderThanDays":7,"closeToTrayOnWindows":false,"closeToTrayOnWindowsMigrationInitialized":true,"keepAwakeWhileRunning":false,"desktopChromiumHardwareAccelerationEnabled":true,"messageStreamShowReasoning":true,"messageStreamShowReasoningMigrationInitialized":true,"messageStreamShowTodos":false,"toolGroupingExploreEnabled":true,"toolGroupingTerminalEnabled":true,"toolGroupingChangesEnabled":false,"zcodeInteractionBehavior":"queue","askUserQuestionAutoResolutionEnabled":false,"modelIoFullRetentionEnabled":false,"startPlanRecommendationDismissed":false,"providerFamilyConnectionSelections":{},"providerFamilyDomain":"zai","providerFamilyDomainMigrated":true,"nativeSearchEnhancementsEnabled":true,"memoryEnabled":false,"lastWorkspaceSession":[],"lastActiveTabIndex":0,"receivePreviewUpdates":false,"autoDownloadAndInstallUpdates":false,"skippedElectronUpdateVersions":{}}
[2026-09-28 11:36:32.962] [pid:40180] [settingService] reading settings from: C:\Users\USER\Desktop\Personal\ZCode\.tmp\z1-native-1790566588657-b664be\home\.zcode\v2\setting.json
[2026-09-28 11:36:32.963] [pid:40180] [settingService] read result: {"recentProjects":[],"locale":"zh-CN","localePreference":"en-US","terminalInheritSystemProfile":true,"embeddedBrowserAllowInsecureCertificates":false,"embeddedBrowserViewportPreference":{"mode":"normal","viewport":{"width":393,"height":852},"zoom":"fit"},"computerUseComposerEntryHidden":true,"taskAutoArchiveEnabled":false,"taskAutoArchiveOlderThanDays":7,"closeToTrayOnWindows":false,"closeToTrayOnWindowsMigrationInitialized":true,"keepAwakeWhileRunning":false,"desktopChromiumHardwareAccelerationEnabled":true,"messageStreamShowReasoning":true,"messageStreamShowReasoningMigrationInitialized":true,"messageStreamShowTodos":false,"toolGroupingExploreEnabled":true,"toolGroupingTerminalEnabled":true,"toolGroupingChangesEnabled":false,"zcodeInteractionBehavior":"queue","askUserQuestionAutoResolutionEnabled":false,"modelIoFullRetentionEnabled":false,"startPlanRecommendationDismissed":false,"providerFamilyConnectionSelections":{},"providerFamilyDomain":"zai","providerFamilyDomainMigrated":true,"nativeSearchEnhancementsEnabled":true,"memoryEnabled":false,"lastWorkspaceSession":[],"lastActiveTabIndex":0,"receivePreviewUpdates":false,"autoDownloadAndInstallUpdates":false,"skippedElectronUpdateVersions":{}}
[Z1 child] [2026-09-28 11:36:32.966] [pid:40180] [zcode-agent] ZCode agent spawn preflight {
  workspaceKey: 'C:\\Users\\USER\\Desktop\\Personal\\ZCode\\.tmp\\z1-native-1790566588657-b664be\\workspace',
  spawnPreflight: {
    command: 'C:\\Users\\USER\\Desktop\\Personal\\ZCode\\node_modules\\electron\\dist\\electron.exe',
    args: [
      'C:\\Users\\USER\\Desktop\\Personal\\ZCode\\apps\\zcode-cli\\packages\\cli\\dist\\zcode.cjs',
      'app-server',
      '--stdio'
    ],
    requestedCwd: 'C:\\Users\\USER\\Desktop\\Personal\\ZCode\\.tmp\\z1-native-1790566588657-b664be\\workspace',
    cwd: 'C:\\Users\\USER\\Desktop\\Personal\\ZCode\\.tmp\\z1-native-1790566588657-b664be\\workspace',
    cwdSource: 'command',
    commandPathKind: 'absolute',
    commandExists: true,
    cwdExists: true
  }
}
[2026-09-28 11:36:32.966] [pid:26224] [main] [host-log] (local-1) [host] [2026-09-28 11:36:32.966] [pid:40180] [zcode-agent] ZCode agent spawn preflight {"workspaceKey":"C:\\Users\\USER\\Desktop\\Personal\\ZCode\\.tmp\\z1-native-1790566588657-b664be\\workspace","spawnPreflight":{"command":"C:\\Users\\USER\\Desktop\\Personal\\ZCode\\node_modules\\electron\\dist\\electron.exe","args":["C:\\Users\\USER\\Desktop\\Personal\\ZCode\\apps\\zcode-cli\\packages\\cli\\dist\\zcode.cjs","app-server","--stdio"],"requestedCwd":"C:\\Users\\USER\\Desktop\\Personal\\ZCode\\.tmp\\z1-native-1790566588657-b664be\\workspace","cwd":"C:\\Users\\USER\\Desktop\\Personal\\ZCode\\.tmp\\z1-native-1790566588657-b664be\\workspace","cwdSource":"command","commandPathKind":"absolute","commandExists":true,"cwdExists":true}}
[Z1 child] [2026-09-28 11:36:32.976] [pid:40180] [zcode-agent] ZCode agent process start wait completed {
  workspaceKey: 'C:\\Users\\USER\\Desktop\\Personal\\ZCode\\.tmp\\z1-native-1790566588657-b664be\\workspace',
  durationMs: 19
}
[2026-09-28 11:36:32.977] [pid:26224] [main] [host-log] (local-1) [host] [2026-09-28 11:36:32.976] [pid:40180] [zcode-agent] ZCode agent process start wait completed {"workspaceKey":"C:\\Users\\USER\\Desktop\\Personal\\ZCode\\.tmp\\z1-native-1790566588657-b664be\\workspace","durationMs":19}
[2026-09-28 11:36:32.978] [pid:26224] [main] [stability] perf_agent_start reported {
  pid: 2956,
  runtimeGeneration: 1,
  runtimeInstanceId: 'agent-0a6ed43a-071d-430d-af87-6e1d7c3cd95d'
}
[Z1 child] [2026-09-28 11:36:32.978] [pid:40180] [zcode-agent] ZCode agent process started {
  workspaceKey: 'C:\\Users\\USER\\Desktop\\Personal\\ZCode\\.tmp\\z1-native-1790566588657-b664be\\workspace',
  command: 'C:\\Users\\USER\\Desktop\\Personal\\ZCode\\node_modules\\electron\\dist\\electron.exe',
  cwd: 'C:\\Users\\USER\\Desktop\\Personal\\ZCode\\.tmp\\z1-native-1790566588657-b664be\\workspace',
  pid: 2956,
  durationMs: 23
}
[2026-09-28 11:36:32.978] [pid:40180] [zcode-host] [rpc:call] file.ensureConversationWorkspace OK (15.4ms)
[2026-09-28 11:36:32.979] [pid:26224] [main] [host-log] (local-1) [host] [2026-09-28 11:36:32.978] [pid:40180] [zcode-agent] ZCode agent process started {"workspaceKey":"C:\\Users\\USER\\Desktop\\Personal\\ZCode\\.tmp\\z1-native-1790566588657-b664be\\workspace","command":"C:\\Users\\USER\\Desktop\\Personal\\ZCode\\node_modules\\electron\\dist\\electron.exe","cwd":"C:\\Users\\USER\\Desktop\\Personal\\ZCode\\.tmp\\z1-native-1790566588657-b664be\\workspace","pid":2956,"durationMs":23}
[2026-09-28 11:36:32.980] [pid:26224] [main] [host-log] (local-1) [host] [2026-09-28 11:36:32.978] [pid:40180] [zcode-host] [rpc:call] file.ensureConversationWorkspace OK (15.4ms)
[2026-09-28 11:36:32.981] [pid:26224] [main] [task-realtime] updated host workspace scopes {
  hostId: '29efd9b0-c275-44e7-a8c2-d904ccd48d9b',
  workspaceKeyCount: 1
}
[2026-09-28 11:36:32.984] [pid:26224] [main] [task-realtime] updated host workspace scopes {
  hostId: '29efd9b0-c275-44e7-a8c2-d904ccd48d9b',
  workspaceKeyCount: 2
}
[Z1 child] [2026-09-28 11:36:32.985] [pid:40180] [settingService] reading settings from: C:\Users\USER\Desktop\Personal\ZCode\.tmp\z1-native-1790566588657-b664be\home\.zcode\v2\setting.json
[Z1 child] [2026-09-28 11:36:32.985] [pid:40180] [zcode-host] [rpc:call] onboarding-record.claimAnonymousRecord OK (0.3ms)
[2026-09-28 11:36:32.985] [pid:26224] [main] [host-log] (local-1) [host] [2026-09-28 11:36:32.985] [pid:40180] [zcode-host] [rpc:call] onboarding-record.claimAnonymousRecord OK (0.3ms)
[Z1 child] [2026-09-28 11:36:32.985] [pid:40180] [zcode-host] [rpc:call] onboarding-record.getLatestEntry OK (0.7ms)
[2026-09-28 11:36:32.986] [pid:40180] [settingService] reading settings from: C:\Users\USER\Desktop\Personal\ZCode\.tmp\z1-native-1790566588657-b664be\home\.zcode\v2\setting.json
[2026-09-28 11:36:32.986] [pid:26224] [main] [host-log] (local-1) [host] [2026-09-28 11:36:32.985] [pid:40180] [zcode-host] [rpc:call] onboarding-record.getLatestEntry OK (0.7ms)
[Z1 child] [2026-09-28 11:36:32.987] [pid:40180] [settingService] read result: {"recentProjects":[],"locale":"zh-CN","localePreference":"en-US","terminalInheritSystemProfile":true,"embeddedBrowserAllowInsecureCertificates":false,"embeddedBrowserViewportPreference":{"mode":"normal","viewport":{"width":393,"height":852},"zoom":"fit"},"computerUseComposerEntryHidden":true,"taskAutoArchiveEnabled":false,"taskAutoArchiveOlderThanDays":7,"closeToTrayOnWindows":false,"closeToTrayOnWindowsMigrationInitialized":true,"keepAwakeWhileRunning":false,"desktopChromiumHardwareAccelerationEnabled":true,"messageStreamShowReasoning":true,"messageStreamShowReasoningMigrationInitialized":true,"messageStreamShowTodos":false,"toolGroupingExploreEnabled":true,"toolGroupingTerminalEnabled":true,"toolGroupingChangesEnabled":false,"zcodeInteractionBehavior":"queue","askUserQuestionAutoResolutionEnabled":false,"modelIoFullRetentionEnabled":false,"startPlanRecommendationDismissed":false,"providerFamilyConnectionSelections":{},"providerFamilyDomain":"zai","providerFamilyDomainMigrated":true,"nativeSearchEnhancementsEnabled":true,"memoryEnabled":false,"lastWorkspaceSession":[],"lastActiveTabIndex":0,"receivePreviewUpdates":false,"autoDownloadAndInstallUpdates":false,"skippedElectronUpdateVersions":{}}
[2026-09-28 11:36:32.987] [pid:40180] [zcode-host] [rpc:call] setting.get OK (2.5ms)
[2026-09-28 11:36:32.987] [pid:26224] [main] [host-log] (local-1) [host] [2026-09-28 11:36:32.987] [pid:40180] [zcode-host] [rpc:call] setting.get OK (2.5ms)
[Z1 child] [2026-09-28 11:36:32.989] [pid:40180] [settingService] read result: {"recentProjects":[],"locale":"zh-CN","localePreference":"en-US","terminalInheritSystemProfile":true,"embeddedBrowserAllowInsecureCertificates":false,"embeddedBrowserViewportPreference":{"mode":"normal","viewport":{"width":393,"height":852},"zoom":"fit"},"computerUseComposerEntryHidden":true,"taskAutoArchiveEnabled":false,"taskAutoArchiveOlderThanDays":7,"closeToTrayOnWindows":false,"closeToTrayOnWindowsMigrationInitialized":true,"keepAwakeWhileRunning":false,"desktopChromiumHardwareAccelerationEnabled":true,"messageStreamShowReasoning":true,"messageStreamShowReasoningMigrationInitialized":true,"messageStreamShowTodos":false,"toolGroupingExploreEnabled":true,"toolGroupingTerminalEnabled":true,"toolGroupingChangesEnabled":false,"zcodeInteractionBehavior":"queue","askUserQuestionAutoResolutionEnabled":false,"modelIoFullRetentionEnabled":false,"startPlanRecommendationDismissed":false,"providerFamilyConnectionSelections":{},"providerFamilyDomain":"zai","providerFamilyDomainMigrated":true,"nativeSearchEnhancementsEnabled":true,"memoryEnabled":false,"lastWorkspaceSession":[],"lastActiveTabIndex":0,"receivePreviewUpdates":false,"autoDownloadAndInstallUpdates":false,"skippedElectronUpdateVersions":{}}
[Z1 child] [2026-09-28 11:36:32.995] [pid:40180] [zcode-host] [rpc:call] onboarding-record.shouldOnboard OK (9.3ms)
[2026-09-28 11:36:32.995] [pid:26224] [main] [host-log] (local-1) [host] [2026-09-28 11:36:32.995] [pid:40180] [zcode-host] [rpc:call] onboarding-record.shouldOnboard OK (9.3ms)
[Z1 child] [2026-09-28 11:36:32.995] [pid:40180] [settingService] reading settings from: C:\Users\USER\Desktop\Personal\ZCode\.tmp\z1-native-1790566588657-b664be\home\.zcode\v2\setting.json
[Z1 child] [2026-09-28 11:36:32.995] [pid:40180] [settingService] read result: {"recentProjects":[],"locale":"zh-CN","localePreference":"en-US","terminalInheritSystemProfile":true,"embeddedBrowserAllowInsecureCertificates":false,"embeddedBrowserViewportPreference":{"mode":"normal","viewport":{"width":393,"height":852},"zoom":"fit"},"computerUseComposerEntryHidden":true,"taskAutoArchiveEnabled":false,"taskAutoArchiveOlderThanDays":7,"closeToTrayOnWindows":false,"closeToTrayOnWindowsMigrationInitialized":true,"keepAwakeWhileRunning":false,"desktopChromiumHardwareAccelerationEnabled":true,"messageStreamShowReasoning":true,"messageStreamShowReasoningMigrationInitialized":true,"messageStreamShowTodos":false,"toolGroupingExploreEnabled":true,"toolGroupingTerminalEnabled":true,"toolGroupingChangesEnabled":false,"zcodeInteractionBehavior":"queue","askUserQuestionAutoResolutionEnabled":false,"modelIoFullRetentionEnabled":false,"startPlanRecommendationDismissed":false,"providerFamilyConnectionSelections":{},"providerFamilyDomain":"zai","providerFamilyDomainMigrated":true,"nativeSearchEnhancementsEnabled":true,"memoryEnabled":false,"lastWorkspaceSession":[],"lastActiveTabIndex":0,"receivePreviewUpdates":false,"autoDownloadAndInstallUpdates":false,"skippedElectronUpdateVersions":{}}
[Z1 child] [2026-09-28 11:36:32.996] [pid:40180] [settingService] reading settings from: C:\Users\USER\Desktop\Personal\ZCode\.tmp\z1-native-1790566588657-b664be\home\.zcode\v2\setting.json
[Z1 child] [2026-09-28 11:36:32.996] [pid:40180] [settingService] read result: {"recentProjects":[],"locale":"zh-CN","localePreference":"en-US","terminalInheritSystemProfile":true,"embeddedBrowserAllowInsecureCertificates":false,"embeddedBrowserViewportPreference":{"mode":"normal","viewport":{"width":393,"height":852},"zoom":"fit"},"computerUseComposerEntryHidden":true,"taskAutoArchiveEnabled":false,"taskAutoArchiveOlderThanDays":7,"closeToTrayOnWindows":false,"closeToTrayOnWindowsMigrationInitialized":true,"keepAwakeWhileRunning":false,"desktopChromiumHardwareAccelerationEnabled":true,"messageStreamShowReasoning":true,"messageStreamShowReasoningMigrationInitialized":true,"messageStreamShowTodos":false,"toolGroupingExploreEnabled":true,"toolGroupingTerminalEnabled":true,"toolGroupingChangesEnabled":false,"zcodeInteractionBehavior":"queue","askUserQuestionAutoResolutionEnabled":false,"modelIoFullRetentionEnabled":false,"startPlanRecommendationDismissed":false,"providerFamilyConnectionSelections":{},"providerFamilyDomain":"zai","providerFamilyDomainMigrated":true,"nativeSearchEnhancementsEnabled":true,"memoryEnabled":false,"lastWorkspaceSession":[],"lastActiveTabIndex":0,"receivePreviewUpdates":false,"autoDownloadAndInstallUpdates":false,"skippedElectronUpdateVersions":{}}
[Z1 child] [2026-09-28 11:36:32.997] [pid:40180] [settingService] reading settings from: C:\Users\USER\Desktop\Personal\ZCode\.tmp\z1-native-1790566588657-b664be\home\.zcode\v2\setting.json
[Z1 child] [2026-09-28 11:36:32.997] [pid:40180] [settingService] read result: {"recentProjects":[],"locale":"zh-CN","localePreference":"en-US","terminalInheritSystemProfile":true,"embeddedBrowserAllowInsecureCertificates":false,"embeddedBrowserViewportPreference":{"mode":"normal","viewport":{"width":393,"height":852},"zoom":"fit"},"computerUseComposerEntryHidden":true,"taskAutoArchiveEnabled":false,"taskAutoArchiveOlderThanDays":7,"closeToTrayOnWindows":false,"closeToTrayOnWindowsMigrationInitialized":true,"keepAwakeWhileRunning":false,"desktopChromiumHardwareAccelerationEnabled":true,"messageStreamShowReasoning":true,"messageStreamShowReasoningMigrationInitialized":true,"messageStreamShowTodos":false,"toolGroupingExploreEnabled":true,"toolGroupingTerminalEnabled":true,"toolGroupingChangesEnabled":false,"zcodeInteractionBehavior":"queue","askUserQuestionAutoResolutionEnabled":false,"modelIoFullRetentionEnabled":false,"startPlanRecommendationDismissed":false,"providerFamilyConnectionSelections":{},"providerFamilyDomain":"zai","providerFamilyDomainMigrated":true,"nativeSearchEnhancementsEnabled":true,"memoryEnabled":false,"lastWorkspaceSession":[],"lastActiveTabIndex":0,"receivePreviewUpdates":false,"autoDownloadAndInstallUpdates":false,"skippedElectronUpdateVersions":{}}
[Z1 child] [2026-09-28 11:36:32.997] [pid:40180] [node-api-client] zcode endpoint request headers prepared {
  headerKeys: [
    'http-referer',
    'user-agent',
    'x-client-language',
    'x-client-timezone',
    'x-device-mid',
    'x-os-category',
    'x-os-version',
    'x-platform',
    'x-release-channel',
    'x-request-id',
    'x-title',
    'x-zcode-app-version'
  ],
  method: 'GET',
  url: 'http://127.0.0.1:49449/api/v1/client/configs?app_version=3.14.0&platform=windows-x86_64'
}
[Z1 child] [2026-09-28 11:36:32.999] [pid:40180] [settingService] reading settings from: C:\Users\USER\Desktop\Personal\ZCode\.tmp\z1-native-1790566588657-b664be\home\.zcode\v2\setting.json
[Z1 child] [2026-09-28 11:36:33.000] [pid:40180] [settingService] read result: {"recentProjects":[],"locale":"zh-CN","localePreference":"en-US","terminalInheritSystemProfile":true,"embeddedBrowserAllowInsecureCertificates":false,"embeddedBrowserViewportPreference":{"mode":"normal","viewport":{"width":393,"height":852},"zoom":"fit"},"computerUseComposerEntryHidden":true,"taskAutoArchiveEnabled":false,"taskAutoArchiveOlderThanDays":7,"closeToTrayOnWindows":false,"closeToTrayOnWindowsMigrationInitialized":true,"keepAwakeWhileRunning":false,"desktopChromiumHardwareAccelerationEnabled":true,"messageStreamShowReasoning":true,"messageStreamShowReasoningMigrationInitialized":true,"messageStreamShowTodos":false,"toolGroupingExploreEnabled":true,"toolGroupingTerminalEnabled":true,"toolGroupingChangesEnabled":false,"zcodeInteractionBehavior":"queue","askUserQuestionAutoResolutionEnabled":false,"modelIoFullRetentionEnabled":false,"startPlanRecommendationDismissed":false,"providerFamilyConnectionSelections":{},"providerFamilyDomain":"zai","providerFamilyDomainMigrated":true,"nativeSearchEnhancementsEnabled":true,"memoryEnabled":false,"lastWorkspaceSession":[],"lastActiveTabIndex":0,"receivePreviewUpdates":false,"autoDownloadAndInstallUpdates":false,"skippedElectronUpdateVersions":{}}
[Z1 child] [2026-09-28 11:36:33.013] [pid:40180] [settingService] reading settings from: C:\Users\USER\Desktop\Personal\ZCode\.tmp\z1-native-1790566588657-b664be\home\.zcode\v2\setting.json
[Z1 child] [2026-09-28 11:36:33.014] [pid:40180] [settingService] read result: {"recentProjects":[],"locale":"zh-CN","localePreference":"en-US","terminalInheritSystemProfile":true,"embeddedBrowserAllowInsecureCertificates":false,"embeddedBrowserViewportPreference":{"mode":"normal","viewport":{"width":393,"height":852},"zoom":"fit"},"computerUseComposerEntryHidden":true,"taskAutoArchiveEnabled":false,"taskAutoArchiveOlderThanDays":7,"closeToTrayOnWindows":false,"closeToTrayOnWindowsMigrationInitialized":true,"keepAwakeWhileRunning":false,"desktopChromiumHardwareAccelerationEnabled":true,"messageStreamShowReasoning":true,"messageStreamShowReasoningMigrationInitialized":true,"messageStreamShowTodos":false,"toolGroupingExploreEnabled":true,"toolGroupingTerminalEnabled":true,"toolGroupingChangesEnabled":false,"zcodeInteractionBehavior":"queue","askUserQuestionAutoResolutionEnabled":false,"modelIoFullRetentionEnabled":false,"startPlanRecommendationDismissed":false,"providerFamilyConnectionSelections":{},"providerFamilyDomain":"zai","providerFamilyDomainMigrated":true,"nativeSearchEnhancementsEnabled":true,"memoryEnabled":false,"lastWorkspaceSession":[],"lastActiveTabIndex":0,"receivePreviewUpdates":false,"autoDownloadAndInstallUpdates":false,"skippedElectronUpdateVersions":{}}
[Z1 child] [2026-09-28 11:36:33.020] [pid:40180] [provider-config] ZCode Built-in 刷新检查 { result: 'missing' }
[Z1 child] [2026-09-28 11:36:33.027] [pid:40180] [settingService] reading settings from: C:\Users\USER\Desktop\Personal\ZCode\.tmp\z1-native-1790566588657-b664be\home\.zcode\v2\setting.json
[Z1 child] [2026-09-28 11:36:33.028] [pid:40180] [settingService] read result: {"recentProjects":[],"locale":"zh-CN","localePreference":"en-US","terminalInheritSystemProfile":true,"embeddedBrowserAllowInsecureCertificates":false,"embeddedBrowserViewportPreference":{"mode":"normal","viewport":{"width":393,"height":852},"zoom":"fit"},"computerUseComposerEntryHidden":true,"taskAutoArchiveEnabled":false,"taskAutoArchiveOlderThanDays":7,"closeToTrayOnWindows":false,"closeToTrayOnWindowsMigrationInitialized":true,"keepAwakeWhileRunning":false,"desktopChromiumHardwareAccelerationEnabled":true,"messageStreamShowReasoning":true,"messageStreamShowReasoningMigrationInitialized":true,"messageStreamShowTodos":false,"toolGroupingExploreEnabled":true,"toolGroupingTerminalEnabled":true,"toolGroupingChangesEnabled":false,"zcodeInteractionBehavior":"queue","askUserQuestionAutoResolutionEnabled":false,"modelIoFullRetentionEnabled":false,"startPlanRecommendationDismissed":false,"providerFamilyConnectionSelections":{},"providerFamilyDomain":"zai","providerFamilyDomainMigrated":true,"nativeSearchEnhancementsEnabled":true,"memoryEnabled":false,"lastWorkspaceSession":[],"lastActiveTabIndex":0,"receivePreviewUpdates":false,"autoDownloadAndInstallUpdates":false,"skippedElectronUpdateVersions":{}}
[Z1 child] [2026-09-28 11:36:33.029] [pid:40180] [settingService] reading settings from: C:\Users\USER\Desktop\Personal\ZCode\.tmp\z1-native-1790566588657-b664be\home\.zcode\v2\setting.json
[Z1 child] [2026-09-28 11:36:33.029] [pid:40180] [settingService] read result: {"recentProjects":[],"locale":"zh-CN","localePreference":"en-US","terminalInheritSystemProfile":true,"embeddedBrowserAllowInsecureCertificates":false,"embeddedBrowserViewportPreference":{"mode":"normal","viewport":{"width":393,"height":852},"zoom":"fit"},"computerUseComposerEntryHidden":true,"taskAutoArchiveEnabled":false,"taskAutoArchiveOlderThanDays":7,"closeToTrayOnWindows":false,"closeToTrayOnWindowsMigrationInitialized":true,"keepAwakeWhileRunning":false,"desktopChromiumHardwareAccelerationEnabled":true,"messageStreamShowReasoning":true,"messageStreamShowReasoningMigrationInitialized":true,"messageStreamShowTodos":false,"toolGroupingExploreEnabled":true,"toolGroupingTerminalEnabled":true,"toolGroupingChangesEnabled":false,"zcodeInteractionBehavior":"queue","askUserQuestionAutoResolutionEnabled":false,"modelIoFullRetentionEnabled":false,"startPlanRecommendationDismissed":false,"providerFamilyConnectionSelections":{},"providerFamilyDomain":"zai","providerFamilyDomainMigrated":true,"nativeSearchEnhancementsEnabled":true,"memoryEnabled":false,"lastWorkspaceSession":[],"lastActiveTabIndex":0,"receivePreviewUpdates":false,"autoDownloadAndInstallUpdates":false,"skippedElectronUpdateVersions":{}}
[Z1 child] [2026-09-28 11:36:33.029] [pid:40180] [settingService] reading settings from: C:\Users\USER\Desktop\Personal\ZCode\.tmp\z1-native-1790566588657-b664be\home\.zcode\v2\setting.json
[Z1 child] [2026-09-28 11:36:33.030] [pid:40180] [settingService] read result: {"recentProjects":[],"locale":"zh-CN","localePreference":"en-US","terminalInheritSystemProfile":true,"embeddedBrowserAllowInsecureCertificates":false,"embeddedBrowserViewportPreference":{"mode":"normal","viewport":{"width":393,"height":852},"zoom":"fit"},"computerUseComposerEntryHidden":true,"taskAutoArchiveEnabled":false,"taskAutoArchiveOlderThanDays":7,"closeToTrayOnWindows":false,"closeToTrayOnWindowsMigrationInitialized":true,"keepAwakeWhileRunning":false,"desktopChromiumHardwareAccelerationEnabled":true,"messageStreamShowReasoning":true,"messageStreamShowReasoningMigrationInitialized":true,"messageStreamShowTodos":false,"toolGroupingExploreEnabled":true,"toolGroupingTerminalEnabled":true,"toolGroupingChangesEnabled":false,"zcodeInteractionBehavior":"queue","askUserQuestionAutoResolutionEnabled":false,"modelIoFullRetentionEnabled":false,"startPlanRecommendationDismissed":false,"providerFamilyConnectionSelections":{},"providerFamilyDomain":"zai","providerFamilyDomainMigrated":true,"nativeSearchEnhancementsEnabled":true,"memoryEnabled":false,"lastWorkspaceSession":[],"lastActiveTabIndex":0,"receivePreviewUpdates":false,"autoDownloadAndInstallUpdates":false,"skippedElectronUpdateVersions":{}}
[Z1 child] [2026-09-28 11:36:33.042] [pid:40180] [settingService] reading settings from: C:\Users\USER\Desktop\Personal\ZCode\.tmp\z1-native-1790566588657-b664be\home\.zcode\v2\setting.json
[Z1 child] [2026-09-28 11:36:33.043] [pid:40180] [settingService] read result: {"recentProjects":[],"locale":"zh-CN","localePreference":"en-US","terminalInheritSystemProfile":true,"embeddedBrowserAllowInsecureCertificates":false,"embeddedBrowserViewportPreference":{"mode":"normal","viewport":{"width":393,"height":852},"zoom":"fit"},"computerUseComposerEntryHidden":true,"taskAutoArchiveEnabled":false,"taskAutoArchiveOlderThanDays":7,"closeToTrayOnWindows":false,"closeToTrayOnWindowsMigrationInitialized":true,"keepAwakeWhileRunning":false,"desktopChromiumHardwareAccelerationEnabled":true,"messageStreamShowReasoning":true,"messageStreamShowReasoningMigrationInitialized":true,"messageStreamShowTodos":false,"toolGroupingExploreEnabled":true,"toolGroupingTerminalEnabled":true,"toolGroupingChangesEnabled":false,"zcodeInteractionBehavior":"queue","askUserQuestionAutoResolutionEnabled":false,"modelIoFullRetentionEnabled":false,"startPlanRecommendationDismissed":false,"providerFamilyConnectionSelections":{},"providerFamilyDomain":"zai","providerFamilyDomainMigrated":true,"nativeSearchEnhancementsEnabled":true,"memoryEnabled":false,"lastWorkspaceSession":[],"lastActiveTabIndex":0,"receivePreviewUpdates":false,"autoDownloadAndInstallUpdates":false,"skippedElectronUpdateVersions":{}}
[Z1 child] [2026-09-28 11:36:33.055] [pid:40180] [settingService] reading settings from: C:\Users\USER\Desktop\Personal\ZCode\.tmp\z1-native-1790566588657-b664be\home\.zcode\v2\setting.json
[Z1 child] [2026-09-28 11:36:33.055] [pid:40180] [settingService] read result: {"recentProjects":[],"locale":"zh-CN","localePreference":"en-US","terminalInheritSystemProfile":true,"embeddedBrowserAllowInsecureCertificates":false,"embeddedBrowserViewportPreference":{"mode":"normal","viewport":{"width":393,"height":852},"zoom":"fit"},"computerUseComposerEntryHidden":true,"taskAutoArchiveEnabled":false,"taskAutoArchiveOlderThanDays":7,"closeToTrayOnWindows":false,"closeToTrayOnWindowsMigrationInitialized":true,"keepAwakeWhileRunning":false,"desktopChromiumHardwareAccelerationEnabled":true,"messageStreamShowReasoning":true,"messageStreamShowReasoningMigrationInitialized":true,"messageStreamShowTodos":false,"toolGroupingExploreEnabled":true,"toolGroupingTerminalEnabled":true,"toolGroupingChangesEnabled":false,"zcodeInteractionBehavior":"queue","askUserQuestionAutoResolutionEnabled":false,"modelIoFullRetentionEnabled":false,"startPlanRecommendationDismissed":false,"providerFamilyConnectionSelections":{},"providerFamilyDomain":"zai","providerFamilyDomainMigrated":true,"nativeSearchEnhancementsEnabled":true,"memoryEnabled":false,"lastWorkspaceSession":[],"lastActiveTabIndex":0,"receivePreviewUpdates":false,"autoDownloadAndInstallUpdates":false,"skippedElectronUpdateVersions":{}}
[Z1 child] [2026-09-28 11:36:33.066] [pid:40180] [zcode-host] [rpc:call] provider-settings.refresh OK (258.4ms)
[2026-09-28 11:36:33.066] [pid:40180] [zcode-host] [rpc:call] provider-settings.refresh OK (214.9ms)
[2026-09-28 11:36:33.066] [pid:26224] [main] [host-log] (local-1) [host] [2026-09-28 11:36:33.066] [pid:40180] [zcode-host] [rpc:call] provider-settings.refresh OK (258.4ms)
[2026-09-28 11:36:33.067] [pid:26224] [main] [host-log] (local-1) [host] [2026-09-28 11:36:33.066] [pid:40180] [zcode-host] [rpc:call] provider-settings.refresh OK (214.9ms)
[Z1 child] (node:20168) ExperimentalWarning: SQLite is an experimental feature and might change at any time
(Use `electron --trace-warnings ...` to show where the warning was created)
[2026-09-28 11:36:33.146] [pid:26224] [main] [cron-scheduler] cron scheduler started
[Z1 child] [2026-09-28 11:36:33.183] [pid:40180] [zcode-host] [rpc:call] onboarding-record.dismissOnboarding OK (5.2ms)
[2026-09-28 11:36:33.183] [pid:26224] [main] [host-log] (local-1) [host] [2026-09-28 11:36:33.183] [pid:40180] [zcode-host] [rpc:call] onboarding-record.dismissOnboarding OK (5.2ms)
[2026-09-28 11:36:33.205] [pid:26224] [renderer] v4 conversation frame upstream attached {
  workspaceKey: 'C:\\Users\\USER\\Desktop\\Personal\\ZCode\\.tmp\\z1-native-1790566588657-b664be\\workspace',
  workspacePath: 'C:\\Users\\USER\\Desktop\\Personal\\ZCode\\.tmp\\z1-native-1790566588657-b664be\\workspace',
  event: 'v4.conversation.frames.upstream_attached',
  listenerCount: 1,
  module: 'ui.v4.conversation_transport',
  runtimeGeneration: 0,
  status: 'completed'
}
[Z1 child] [2026-09-28 11:36:33.205] [pid:40180] [zcode-host] [rpc:listen] zcode-agent.onDynamicLocalTtftFacts subscribed
[2026-09-28 11:36:33.205] [pid:40180] [zcode-host] [rpc:listen] zcode-agent.onDynamicConversationFrame subscribed
[2026-09-28 11:36:33.206] [pid:26224] [renderer] v4 workspace connection created {
  event: 'v4.workspace_connection.created',
  isRemote: false,
  key: '__base__ C:\\Users\\USER\\Desktop\\Personal\\ZCode\\.tmp\\z1-native-1790566588657-b664be\\workspace',
  module: 'ui.v4.workspace_connection_registry',
  refCount: 1,
  serviceGeneration: 1,
  status: 'completed'
}
[2026-09-28 11:36:33.207] [pid:26224] [main] [host-log] (local-1) [host] [2026-09-28 11:36:33.205] [pid:40180] [zcode-host] [rpc:listen] zcode-agent.onDynamicLocalTtftFacts subscribed
[2026-09-28 11:36:33.208] [pid:26224] [main] [host-log] (local-1) [host] [2026-09-28 11:36:33.205] [pid:40180] [zcode-host] [rpc:listen] zcode-agent.onDynamicConversationFrame subscribed
[Z1 child] [2026-09-28 11:36:33.246] [pid:40180] [settingService] reading settings from: C:\Users\USER\Desktop\Personal\ZCode\.tmp\z1-native-1790566588657-b664be\home\.zcode\v2\setting.json
[Z1 child] [2026-09-28 11:36:33.247] [pid:40180] [settingService] read result: {"recentProjects":[],"locale":"zh-CN","localePreference":"en-US","terminalInheritSystemProfile":true,"embeddedBrowserAllowInsecureCertificates":false,"embeddedBrowserViewportPreference":{"mode":"normal","viewport":{"width":393,"height":852},"zoom":"fit"},"computerUseComposerEntryHidden":true,"taskAutoArchiveEnabled":false,"taskAutoArchiveOlderThanDays":7,"closeToTrayOnWindows":false,"closeToTrayOnWindowsMigrationInitialized":true,"keepAwakeWhileRunning":false,"desktopChromiumHardwareAccelerationEnabled":true,"messageStreamShowReasoning":true,"messageStreamShowReasoningMigrationInitialized":true,"messageStreamShowTodos":false,"toolGroupingExploreEnabled":true,"toolGroupingTerminalEnabled":true,"toolGroupingChangesEnabled":false,"zcodeInteractionBehavior":"queue","askUserQuestionAutoResolutionEnabled":false,"modelIoFullRetentionEnabled":false,"startPlanRecommendationDismissed":false,"providerFamilyConnectionSelections":{},"providerFamilyDomain":"zai","providerFamilyDomainMigrated":true,"nativeSearchEnhancementsEnabled":true,"memoryEnabled":false,"lastWorkspaceSession":[],"lastActiveTabIndex":0,"receivePreviewUpdates":false,"autoDownloadAndInstallUpdates":false,"skippedElectronUpdateVersions":{}}
[Z1 child] [2026-09-28 11:36:33.247] [pid:40180] [node-api-client] zcode endpoint request headers prepared {
  headerKeys: [
    'http-referer',
    'user-agent',
    'x-client-language',
    'x-client-timezone',
    'x-device-mid',
    'x-os-category',
    'x-os-version',
    'x-platform',
    'x-release-channel',
    'x-request-id',
    'x-title',
    'x-zcode-app-version'
  ],
  method: 'GET',
  url: 'http://127.0.0.1:49449/api/v1/client/scenes'
}
[Z1 child] [2026-09-28 11:36:33.249] [pid:40180] [zcode-host] [rpc:call] client-scenes.list OK (2.3ms)
[2026-09-28 11:36:33.249] [pid:26224] [main] [host-log] (local-1) [host] [2026-09-28 11:36:33.249] [pid:40180] [zcode-host] [rpc:call] client-scenes.list OK (2.3ms)
[2026-09-28 11:36:33.250] [pid:26224] [main] [host-log] (local-1) [host] [2026-09-28 11:36:33.249] [pid:40180] [zcode-host] [rpc:listen] window-controller.onDynamicControllerFrame subscribed
[2026-09-28 11:36:33.251] [pid:26224] [main] [host-log] (local-1) [host] [2026-09-28 11:36:33.249] [pid:40180] [zcode-host] [rpc:call] window-controller.subscribeControllerV4 OK (0.2ms)
[2026-09-28 11:36:33.251] [pid:26224] [main] [host-log] (local-1) [host] [2026-09-28 11:36:33.249] [pid:40180] [zcode-host] [rpc:call] window-controller.subscribeControllerV4 OK (0.1ms)
[Z1 child] [2026-09-28 11:36:33.249] [pid:40180] [zcode-host] [rpc:listen] window-controller.onDynamicControllerFrame subscribed
[2026-09-28 11:36:33.249] [pid:40180] [zcode-host] [rpc:call] window-controller.subscribeControllerV4 OK (0.2ms)
[2026-09-28 11:36:33.249] [pid:40180] [zcode-host] [rpc:call] window-controller.subscribeControllerV4 OK (0.1ms)
[2026-09-28 11:36:33.249] [pid:40180] [settingService] reading settings from: C:\Users\USER\Desktop\Personal\ZCode\.tmp\z1-native-1790566588657-b664be\home\.zcode\v2\setting.json
[2026-09-28 11:36:33.251] [pid:40180] [zcode-host] [rpc:call] window-controller.listTaskList OK (0.0ms)
[2026-09-28 11:36:33.251] [pid:40180] [zcode-host] [rpc:listen] zcode-agent.onDynamicSessionsIndexFrame subscribed
[2026-09-28 11:36:33.251] [pid:40180] [zcode-host] [rpc:listen] zcode-agent.onAgentRuntimeLifecycle subscribed
[2026-09-28 11:36:33.251] [pid:40180] [zcode-host] [rpc:call] zcode-agent.helloConversationV4 OK (0.1ms)
[2026-09-28 11:36:33.252] [pid:40180] [settingService] read result: {"recentProjects":[],"locale":"zh-CN","localePreference":"en-US","terminalInheritSystemProfile":true,"embeddedBrowserAllowInsecureCertificates":false,"embeddedBrowserViewportPreference":{"mode":"normal","viewport":{"width":393,"height":852},"zoom":"fit"},"computerUseComposerEntryHidden":true,"taskAutoArchiveEnabled":false,"taskAutoArchiveOlderThanDays":7,"closeToTrayOnWindows":false,"closeToTrayOnWindowsMigrationInitialized":true,"keepAwakeWhileRunning":false,"desktopChromiumHardwareAccelerationEnabled":true,"messageStreamShowReasoning":true,"messageStreamShowReasoningMigrationInitialized":true,"messageStreamShowTodos":false,"toolGroupingExploreEnabled":true,"toolGroupingTerminalEnabled":true,"toolGroupingChangesEnabled":false,"zcodeInteractionBehavior":"queue","askUserQuestionAutoResolutionEnabled":false,"modelIoFullRetentionEnabled":false,"startPlanRecommendationDismissed":false,"providerFamilyConnectionSelections":{},"providerFamilyDomain":"zai","providerFamilyDomainMigrated":true,"nativeSearchEnhancementsEnabled":true,"memoryEnabled":false,"lastWorkspaceSession":[],"lastActiveTabIndex":0,"receivePreviewUpdates":false,"autoDownloadAndInstallUpdates":false,"skippedElectronUpdateVersions":{}}
[2026-09-28 11:36:33.252] [pid:40180] [zcode-host] [rpc:call] setting.get OK (2.3ms)
[2026-09-28 11:36:33.252] [pid:40180] [zcode-host] [rpc:call] zcode-task.listPinnedTaskIds OK (0.2ms)
[2026-09-28 11:36:33.252] [pid:26224] [main] [host-log] (local-1) [host] [2026-09-28 11:36:33.251] [pid:40180] [zcode-host] [rpc:call] window-controller.listTaskList OK (0.0ms)
[2026-09-28 11:36:33.253] [pid:26224] [main] [host-log] (local-1) [host] [2026-09-28 11:36:33.251] [pid:40180] [zcode-host] [rpc:listen] zcode-agent.onDynamicSessionsIndexFrame subscribed
[2026-09-28 11:36:33.254] [pid:26224] [main] [host-log] (local-1) [host] [2026-09-28 11:36:33.251] [pid:40180] [zcode-host] [rpc:listen] zcode-agent.onAgentRuntimeLifecycle subscribed
[2026-09-28 11:36:33.254] [pid:26224] [main] [host-log] (local-1) [host] [2026-09-28 11:36:33.251] [pid:40180] [zcode-host] [rpc:call] zcode-agent.helloConversationV4 OK (0.1ms)
[2026-09-28 11:36:33.255] [pid:26224] [main] [host-log] (local-1) [host] [2026-09-28 11:36:33.252] [pid:40180] [zcode-host] [rpc:call] setting.get OK (2.3ms)
[2026-09-28 11:36:33.256] [pid:26224] [main] [host-log] (local-1) [host] [2026-09-28 11:36:33.252] [pid:40180] [zcode-host] [rpc:call] zcode-task.listPinnedTaskIds OK (0.2ms)
[2026-09-28 11:36:33.256] [pid:26224] [main] [host-log] (local-1) [host] [2026-09-28 11:36:33.252] [pid:40180] [zcode-host] [rpc:call] zcode-task.listArchivedTasks OK (0.1ms)
[2026-09-28 11:36:33.257] [pid:26224] [main] [host-log] (local-1) [host] [2026-09-28 11:36:33.252] [pid:40180] [zcode-host] [rpc:call] zcode-task.listTasks OK (0.1ms)
[2026-09-28 11:36:33.258] [pid:26224] [main] [host-log] (local-1) [host] [2026-09-28 11:36:33.253] [pid:40180] [zcode-host] [rpc:call] zcode-task.listPinnedTasks OK (0.1ms)
[Z1 child] [2026-09-28 11:36:33.252] [pid:40180] [zcode-host] [rpc:call] zcode-task.listArchivedTasks OK (0.1ms)
[2026-09-28 11:36:33.252] [pid:40180] [zcode-host] [rpc:call] zcode-task.listTasks OK (0.1ms)
[2026-09-28 11:36:33.253] [pid:40180] [zcode-host] [rpc:call] zcode-task.listPinnedTasks OK (0.1ms)
[2026-09-28 11:36:33.253] [pid:40180] [zcode-host] [rpc:call] zcode-task.listDeletedTaskIds OK (0.1ms)
[2026-09-28 11:36:33.253] [pid:40180] [zcode-host] [rpc:listen] zcode-task.onDynamicWorkspaceEvent subscribed
[2026-09-28 11:36:33.255] [pid:40180] [zcode-host] [rpc:listen] zcode-agent.onAgentRuntimeLifecycle subscribed
[2026-09-28 11:36:33.256] [pid:40180] [zcode-host] [rpc:call] system.info OK (0.0ms)
[2026-09-28 11:36:33.256] [pid:40180] [zcode-host] [rpc:listen] model-selection.onDidChange subscribed
[2026-09-28 11:36:33.257] [pid:40180] [zcode-host] [rpc:listen] model-selection.onDidChange subscribed
[2026-09-28 11:36:33.257] [pid:40180] [zcode-host] [rpc:call] subagents.list OK (3.0ms)
[2026-09-28 11:36:33.257] [pid:40180] [zcode-host] [rpc:call] model-selection.getView OK (0.7ms)
[2026-09-28 11:36:33.258] [pid:40180] [zcode-host] [rpc:listen] zcode-agent.onDynamicConversationTelemetryFact subscribed
[2026-09-28 11:36:33.258] [pid:40180] [zcode-host] [rpc:call] model-selection.getView OK (1.1ms)
[2026-09-28 11:36:33.259] [pid:26224] [main] [host-log] (local-1) [host] [2026-09-28 11:36:33.253] [pid:40180] [zcode-host] [rpc:call] zcode-task.listDeletedTaskIds OK (0.1ms)
[2026-09-28 11:36:33.259] [pid:26224] [main] [host-log] (local-1) [host] [2026-09-28 11:36:33.253] [pid:40180] [zcode-host] [rpc:listen] zcode-task.onDynamicWorkspaceEvent subscribed
[2026-09-28 11:36:33.260] [pid:26224] [main] [host-log] (local-1) [host] [2026-09-28 11:36:33.255] [pid:40180] [zcode-host] [rpc:listen] zcode-agent.onAgentRuntimeLifecycle subscribed
[2026-09-28 11:36:33.261] [pid:26224] [main] [host-log] (local-1) [host] [2026-09-28 11:36:33.256] [pid:40180] [zcode-host] [rpc:call] system.info OK (0.0ms)
[2026-09-28 11:36:33.261] [pid:26224] [main] [host-log] (local-1) [host] [2026-09-28 11:36:33.256] [pid:40180] [zcode-host] [rpc:listen] model-selection.onDidChange subscribed
[2026-09-28 11:36:33.262] [pid:26224] [main] [host-log] (local-1) [host] [2026-09-28 11:36:33.257] [pid:40180] [zcode-host] [rpc:listen] model-selection.onDidChange subscribed
[2026-09-28 11:36:33.262] [pid:26224] [main] [host-log] (local-1) [host] [2026-09-28 11:36:33.257] [pid:40180] [zcode-host] [rpc:call] subagents.list OK (3.0ms)
[2026-09-28 11:36:33.263] [pid:26224] [main] [host-log] (local-1) [host] [2026-09-28 11:36:33.257] [pid:40180] [zcode-host] [rpc:call] model-selection.getView OK (0.7ms)
[2026-09-28 11:36:33.264] [pid:26224] [main] [host-log] (local-1) [host] [2026-09-28 11:36:33.258] [pid:40180] [zcode-host] [rpc:listen] zcode-agent.onDynamicConversationTelemetryFact subscribed
[2026-09-28 11:36:33.265] [pid:26224] [main] [host-log] (local-1) [host] [2026-09-28 11:36:33.258] [pid:40180] [zcode-host] [rpc:call] model-selection.getView OK (1.1ms)
[Z1 child] [2026-09-28 11:36:33.259] [pid:40180] [zcode-host] [rpc:call] off-peak-task.list OK (0.2ms)
[2026-09-28 11:36:33.266] [pid:26224] [main] [host-log] (local-1) [host] [2026-09-28 11:36:33.259] [pid:40180] [zcode-host] [rpc:call] off-peak-task.list OK (0.2ms)
[2026-09-28 11:36:33.271] [pid:26224] [main] [host-log] (local-1) [host] [2026-09-28 11:36:33.269] [pid:40180] [zcode-host] [rpc:call] settings-sync.getFirstRunPromptState OK (0.6ms)
[Z1 child] [2026-09-28 11:36:33.268] [pid:40180] [settingService] reading settings from: C:\Users\USER\Desktop\Personal\ZCode\.tmp\z1-native-1790566588657-b664be\home\.zcode\v2\setting.json
[2026-09-28 11:36:33.268] [pid:40180] [settingService] read result: {"recentProjects":[],"locale":"zh-CN","localePreference":"en-US","terminalInheritSystemProfile":true,"embeddedBrowserAllowInsecureCertificates":false,"embeddedBrowserViewportPreference":{"mode":"normal","viewport":{"width":393,"height":852},"zoom":"fit"},"computerUseComposerEntryHidden":true,"taskAutoArchiveEnabled":false,"taskAutoArchiveOlderThanDays":7,"closeToTrayOnWindows":false,"closeToTrayOnWindowsMigrationInitialized":true,"keepAwakeWhileRunning":false,"desktopChromiumHardwareAccelerationEnabled":true,"messageStreamShowReasoning":true,"messageStreamShowReasoningMigrationInitialized":true,"messageStreamShowTodos":false,"toolGroupingExploreEnabled":true,"toolGroupingTerminalEnabled":true,"toolGroupingChangesEnabled":false,"zcodeInteractionBehavior":"queue","askUserQuestionAutoResolutionEnabled":false,"modelIoFullRetentionEnabled":false,"startPlanRecommendationDismissed":false,"providerFamilyConnectionSelections":{},"providerFamilyDomain":"zai","providerFamilyDomainMigrated":true,"nativeSearchEnhancementsEnabled":true,"memoryEnabled":false,"lastWorkspaceSession":[],"lastActiveTabIndex":0,"receivePreviewUpdates":false,"autoDownloadAndInstallUpdates":false,"skippedElectronUpdateVersions":{}}
[2026-09-28 11:36:33.269] [pid:40180] [zcode-host] [rpc:call] settings-sync.getFirstRunPromptState OK (0.6ms)
[2026-09-28 11:36:33.277] [pid:26224] [main] [community] failed to fetch remote config: ZodError: [
  {
    "expected": "object",
    "code": "invalid_type",
    "path": [
      "data",
      "configs",
      "feedbackUrl"
    ],
    "message": "Invalid input: expected object, received undefined"
  }
]
    at file:///C:/Users/USER/Desktop/Personal/ZCode/packages/desktop/out/main/chunk-CUCX7L4D.js:64:122510
    at process.processTicksAndRejections (node:internal/process/task_queues:104:5)
    at async file:///C:/Users/USER/Desktop/Personal/ZCode/packages/desktop/out/main/chunk-CUCX7L4D.js:64:122616
    at async resolveCommunityUrl (file:///C:/Users/USER/Desktop/Personal/ZCode/packages/desktop/out/main/index.js:606:21172)
    at async file:///C:/Users/USER/Desktop/Personal/ZCode/packages/desktop/out/main/index.js:1337:10297
    at async Session.<anonymous> (node:electron/js2c/browser_init:2:116791)
[Z1 child] [2026-09-28 11:36:33.289] [pid:40180] [settingService] reading settings from: C:\Users\USER\Desktop\Personal\ZCode\.tmp\z1-native-1790566588657-b664be\home\.zcode\v2\setting.json
[Z1 child] [2026-09-28 11:36:33.289] [pid:40180] [settingService] read result: {"recentProjects":[],"locale":"zh-CN","localePreference":"en-US","terminalInheritSystemProfile":true,"embeddedBrowserAllowInsecureCertificates":false,"embeddedBrowserViewportPreference":{"mode":"normal","viewport":{"width":393,"height":852},"zoom":"fit"},"computerUseComposerEntryHidden":true,"taskAutoArchiveEnabled":false,"taskAutoArchiveOlderThanDays":7,"closeToTrayOnWindows":false,"closeToTrayOnWindowsMigrationInitialized":true,"keepAwakeWhileRunning":false,"desktopChromiumHardwareAccelerationEnabled":true,"messageStreamShowReasoning":true,"messageStreamShowReasoningMigrationInitialized":true,"messageStreamShowTodos":false,"toolGroupingExploreEnabled":true,"toolGroupingTerminalEnabled":true,"toolGroupingChangesEnabled":false,"zcodeInteractionBehavior":"queue","askUserQuestionAutoResolutionEnabled":false,"modelIoFullRetentionEnabled":false,"startPlanRecommendationDismissed":false,"providerFamilyConnectionSelections":{},"providerFamilyDomain":"zai","providerFamilyDomainMigrated":true,"nativeSearchEnhancementsEnabled":true,"memoryEnabled":false,"lastWorkspaceSession":[],"lastActiveTabIndex":0,"receivePreviewUpdates":false,"autoDownloadAndInstallUpdates":false,"skippedElectronUpdateVersions":{}}
[Z1 child] [2026-09-28 11:36:33.290] [pid:40180] [settingService] writing settings to: C:\Users\USER\Desktop\Personal\ZCode\.tmp\z1-native-1790566588657-b664be\home\.zcode\v2\setting.json {"recentProjects":[],"locale":"zh-CN","localePreference":"en-US","terminalInheritSystemProfile":true,"embeddedBrowserAllowInsecureCertificates":false,"embeddedBrowserViewportPreference":{"mode":"normal","viewport":{"width":393,"height":852},"zoom":"fit"},"computerUseComposerEntryHidden":true,"taskAutoArchiveEnabled":false,"taskAutoArchiveOlderThanDays":7,"closeToTrayOnWindows":false,"closeToTrayOnWindowsMigrationInitialized":true,"keepAwakeWhileRunning":false,"desktopChromiumHardwareAccelerationEnabled":true,"messageStreamShowReasoning":true,"messageStreamShowReasoningMigrationInitialized":true,"messageStreamShowTodos":false,"toolGroupingExploreEnabled":true,"toolGroupingTerminalEnabled":true,"toolGroupingChangesEnabled":false,"zcodeInteractionBehavior":"queue","askUserQuestionAutoResolutionEnabled":false,"modelIoFullRetentionEnabled":false,"startPlanRecommendationDismissed":false,"providerFamilyConnectionSelections":{},"providerFamilyDomain":"zai","providerFamilyDomainMigrated":true,"nativeSearchEnhancementsEnabled":true,"memoryEnabled":false,"lastWorkspaceSession":[{"kind":"local","workspacePath":"C:\\Users\\USER\\Desktop\\Personal\\ZCode\\.tmp\\z1-native-1790566588657-b664be\\workspace","workspacePurpose":"project"},{"kind":"local","workspacePath":"C:\\Users\\USER\\Desktop\\Personal\\ZCode\\.tmp\\z1-native-1790566588657-b664be\\data\\.zcode\\workspace\\default","workspacePurpose":"conversation"}],"lastActiveTabIndex":0,"receivePreviewUpdates":false,"autoDownloadAndInstallUpdates":false,"skippedElectronUpdateVersions":{}}
[2026-09-28 11:36:33.290] [pid:26224] [main] [host-log] (local-1) [host] [2026-09-28 11:36:33.290] [pid:40180] [settingService] writing settings to: C:\Users\USER\Desktop\Personal\ZCode\.tmp\z1-native-1790566588657-b664be\home\.zcode\v2\setting.json {"recentProjects":[],"locale":"zh-CN","localePreference":"en-US","terminalInheritSystemProfile":true,"embeddedBrowserAllowInsecureCertificates":false,"embeddedBrowserViewportPreference":{"mode":"normal","viewport":{"width":393,"height":852},"zoom":"fit"},"computerUseComposerEntryHidden":true,"taskAutoArchiveEnabled":false,"taskAutoArchiveOlderThanDays":7,"closeToTrayOnWindows":false,"closeToTrayOnWindowsMigrationInitialized":true,"keepAwakeWhileRunning":false,"desktopChromiumHardwareAccelerationEnabled":true,"messageStreamShowReasoning":true,"messageStreamShowReasoningMigrationInitialized":true,"messageStreamShowTodos":false,"toolGroupingExploreEnabled":true,"toolGroupingTerminalEnabled":true,"toolGroupingChangesEnabled":false,"zcodeInteractionBehavior":"queue","askUserQuestionAutoResolutionEnabled":false,"modelIoFullRetentionEnabled":false,"startPlanRecommendationDismissed":false,"providerFamilyConnectionSelections":{},"providerFamilyDomain":"zai","providerFamilyDomainMigrated":true,"nativeSearchEnhancementsEnabled":true,"memoryEnabled":false,"lastWorkspaceSession":[{"kind":"local","workspacePath":"C:\\Users\\USER\\Desktop\\Personal\\ZCode\\.tmp\\z1-native-1790566588657-b664be\\workspace","workspacePurpose":"project"},{"kind":"local","workspacePath":"C:\\Users\\USER\\Desktop\\Personal\\ZCode\\.tmp\\z1-native-1790566588657-b664be\\data\\.zcode\\workspace\\default","workspacePurpose":"conversation"}],"lastActiveTabIndex":0,"receivePreviewUpdates":false,"autoDownloadAndInstallUpdates":false,"skippedElectronUpdateVersions":{}}
[Z1 child] [2026-09-28 11:36:33.295] [pid:40180] [settingService] write done
[2026-09-28 11:36:33.295] [pid:26224] [main] [host-log] (local-1) [host] [2026-09-28 11:36:33.295] [pid:40180] [settingService] write done
[2026-09-28 11:36:33.296] [pid:26224] [main] [host-log] (local-1) [host] [2026-09-28 11:36:33.295] [pid:40180] [zcode-host] [rpc:call] setting.update OK (7.9ms)
[2026-09-28 11:36:33.296] [pid:26224] [main] [host-log] (local-1) [host] [2026-09-28 11:36:33.295] [pid:40180] [zcode-host] [rpc:call] window-controller.listTaskList OK (0.0ms)
[Z1 child] [2026-09-28 11:36:33.295] [pid:40180] [zcode-host] [rpc:call] setting.update OK (7.9ms)
[2026-09-28 11:36:33.295] [pid:40180] [zcode-host] [rpc:call] window-controller.listTaskList OK (0.0ms)
[Z1 child] [2026-09-28 11:36:33.297] [pid:40180] [zcode-host] [rpc:call] zcode-agent.initializeConversationV4 OK (0.6ms)
[2026-09-28 11:36:33.297] [pid:26224] [main] [host-log] (local-1) [host] [2026-09-28 11:36:33.297] [pid:40180] [zcode-host] [rpc:call] zcode-agent.initializeConversationV4 OK (0.6ms)
[Z1 child] [2026-09-28 11:36:33.317] [pid:40180] [zcode-host] [rpc:call] settings-sync.detect OK (0.1ms)
[2026-09-28 11:36:33.318] [pid:26224] [main] [host-log] (local-1) [host] [2026-09-28 11:36:33.317] [pid:40180] [zcode-host] [rpc:call] settings-sync.detect OK (0.1ms)
[2026-09-28 11:36:33.319] [pid:26224] [main] [host-log] (local-1) [host] [2026-09-28 11:36:33.318] [pid:40180] [zcode-host] [rpc:listen] model-selection.onDidChange subscribed
[2026-09-28 11:36:33.319] [pid:26224] [main] [host-log] (local-1) [host] [2026-09-28 11:36:33.318] [pid:40180] [zcode-agent-service] 开始请求 ZCode Protocol workspace/readPresentation {"workspaceKey":"C:\\Users\\USER\\Desktop\\Personal\\ZCode\\.tmp\\z1-native-1790566588657-b664be\\workspace","workspacePath":"C:\\Users\\USER\\Desktop\\Personal\\ZCode\\.tmp\\z1-native-1790566588657-b664be\\workspace"}
[2026-09-28 11:36:33.320] [pid:26224] [main] [host-log] (local-1) [host] [2026-09-28 11:36:33.319] [pid:40180] [zcode-host] [rpc:call] model-selection.getView OK (1.0ms)
[Z1 child] [2026-09-28 11:36:33.318] [pid:40180] [zcode-host] [rpc:listen] model-selection.onDidChange subscribed
[2026-09-28 11:36:33.318] [pid:40180] [zcode-agent-service] 开始请求 ZCode Protocol workspace/readPresentation {
  workspaceKey: 'C:\\Users\\USER\\Desktop\\Personal\\ZCode\\.tmp\\z1-native-1790566588657-b664be\\workspace',
  workspacePath: 'C:\\Users\\USER\\Desktop\\Personal\\ZCode\\.tmp\\z1-native-1790566588657-b664be\\workspace'
}
[2026-09-28 11:36:33.319] [pid:40180] [zcode-host] [rpc:call] model-selection.getView OK (1.0ms)
[Z1 child] [2026-09-28 11:36:33.324] [pid:40180] [settingService] reading settings from: C:\Users\USER\Desktop\Personal\ZCode\.tmp\z1-native-1790566588657-b664be\home\.zcode\v2\setting.json
[Z1 child] [2026-09-28 11:36:33.325] [pid:40180] [settingService] read result: {"recentProjects":[],"locale":"zh-CN","localePreference":"en-US","terminalInheritSystemProfile":true,"embeddedBrowserAllowInsecureCertificates":false,"embeddedBrowserViewportPreference":{"mode":"normal","viewport":{"width":393,"height":852},"zoom":"fit"},"computerUseComposerEntryHidden":true,"taskAutoArchiveEnabled":false,"taskAutoArchiveOlderThanDays":7,"closeToTrayOnWindows":false,"closeToTrayOnWindowsMigrationInitialized":true,"keepAwakeWhileRunning":false,"desktopChromiumHardwareAccelerationEnabled":true,"messageStreamShowReasoning":true,"messageStreamShowReasoningMigrationInitialized":true,"messageStreamShowTodos":false,"toolGroupingExploreEnabled":true,"toolGroupingTerminalEnabled":true,"toolGroupingChangesEnabled":false,"zcodeInteractionBehavior":"queue","askUserQuestionAutoResolutionEnabled":false,"modelIoFullRetentionEnabled":false,"startPlanRecommendationDismissed":false,"providerFamilyConnectionSelections":{},"providerFamilyDomain":"zai","providerFamilyDomainMigrated":true,"nativeSearchEnhancementsEnabled":true,"memoryEnabled":false,"lastWorkspaceSession":[{"kind":"local","workspacePath":"C:\\Users\\USER\\Desktop\\Personal\\ZCode\\.tmp\\z1-native-1790566588657-b664be\\workspace","workspacePurpose":"project"},{"kind":"local","workspacePath":"C:\\Users\\USER\\Desktop\\Personal\\ZCode\\.tmp\\z1-native-1790566588657-b664be\\data\\.zcode\\workspace\\default","workspacePurpose":"conversation"}],"lastActiveTabIndex":0,"receivePreviewUpdates":false,"autoDownloadAndInstallUpdates":false,"skippedElectronUpdateVersions":{}}
[Z1 child] [2026-09-28 11:36:33.325] [pid:40180] [settingService] writing settings to: C:\Users\USER\Desktop\Personal\ZCode\.tmp\z1-native-1790566588657-b664be\home\.zcode\v2\setting.json {"recentProjects":[],"locale":"zh-CN","localePreference":"en-US","terminalInheritSystemProfile":true,"embeddedBrowserAllowInsecureCertificates":false,"embeddedBrowserViewportPreference":{"mode":"normal","viewport":{"width":393,"height":852},"zoom":"fit"},"computerUseComposerEntryHidden":true,"taskAutoArchiveEnabled":false,"taskAutoArchiveOlderThanDays":7,"closeToTrayOnWindows":false,"closeToTrayOnWindowsMigrationInitialized":true,"keepAwakeWhileRunning":false,"desktopChromiumHardwareAccelerationEnabled":true,"messageStreamShowReasoning":true,"messageStreamShowReasoningMigrationInitialized":true,"messageStreamShowTodos":false,"toolGroupingExploreEnabled":true,"toolGroupingTerminalEnabled":true,"toolGroupingChangesEnabled":false,"zcodeInteractionBehavior":"queue","askUserQuestionAutoResolutionEnabled":false,"modelIoFullRetentionEnabled":false,"startPlanRecommendationDismissed":false,"providerFamilyConnectionSelections":{},"providerFamilyDomain":"zai","providerFamilyDomainMigrated":true,"nativeSearchEnhancementsEnabled":true,"memoryEnabled":false,"lastWorkspaceSession":[{"kind":"local","workspacePath":"C:\\Users\\USER\\Desktop\\Personal\\ZCode\\.tmp\\z1-native-1790566588657-b664be\\workspace","workspacePurpose":"project"},{"kind":"local","workspacePath":"C:\\Users\\USER\\Desktop\\Personal\\ZCode\\.tmp\\z1-native-1790566588657-b664be\\data\\.zcode\\workspace\\default","workspacePurpose":"conversation"}],"lastActiveTabIndex":0,"receivePreviewUpdates":false,"autoDownloadAndInstallUpdates":false,"skippedElectronUpdateVersions":{},"settingsSyncFirstRunPromptHandled":true}
[2026-09-28 11:36:33.325] [pid:26224] [main] [host-log] (local-1) [host] [2026-09-28 11:36:33.325] [pid:40180] [settingService] writing settings to: C:\Users\USER\Desktop\Personal\ZCode\.tmp\z1-native-1790566588657-b664be\home\.zcode\v2\setting.json {"recentProjects":[],"locale":"zh-CN","localePreference":"en-US","terminalInheritSystemProfile":true,"embeddedBrowserAllowInsecureCertificates":false,"embeddedBrowserViewportPreference":{"mode":"normal","viewport":{"width":393,"height":852},"zoom":"fit"},"computerUseComposerEntryHidden":true,"taskAutoArchiveEnabled":false,"taskAutoArchiveOlderThanDays":7,"closeToTrayOnWindows":false,"closeToTrayOnWindowsMigrationInitialized":true,"keepAwakeWhileRunning":false,"desktopChromiumHardwareAccelerationEnabled":true,"messageStreamShowReasoning":true,"messageStreamShowReasoningMigrationInitialized":true,"messageStreamShowTodos":false,"toolGroupingExploreEnabled":true,"toolGroupingTerminalEnabled":true,"toolGroupingChangesEnabled":false,"zcodeInteractionBehavior":"queue","askUserQuestionAutoResolutionEnabled":false,"modelIoFullRetentionEnabled":false,"startPlanRecommendationDismissed":false,"providerFamilyConnectionSelections":{},"providerFamilyDomain":"zai","providerFamilyDomainMigrated":true,"nativeSearchEnhancementsEnabled":true,"memoryEnabled":false,"lastWorkspaceSession":[{"kind":"local","workspacePath":"C:\\Users\\USER\\Desktop\\Personal\\ZCode\\.tmp\\z1-native-1790566588657-b664be\\workspace","workspacePurpose":"project"},{"kind":"local","workspacePath":"C:\\Users\\USER\\Desktop\\Personal\\ZCode\\.tmp\\z1-native-1790566588657-b664be\\data\\.zcode\\workspace\\default","workspacePurpose":"conversation"}],"lastActiveTabIndex":0,"receivePreviewUpdates":false,"autoDownloadAndInstallUpdates":false,"skippedElectronUpdateVersions":{},"settingsSyncFirstRunPromptHandled":true}
[Z1 child] [2026-09-28 11:36:33.329] [pid:40180] [settingService] write done
[2026-09-28 11:36:33.329] [pid:26224] [main] [host-log] (local-1) [host] [2026-09-28 11:36:33.329] [pid:40180] [settingService] write done
[Z1 child] [2026-09-28 11:36:33.329] [pid:40180] [zcode-host] [rpc:call] settings-sync.markFirstRunPromptHandled OK (5.5ms)
[2026-09-28 11:36:33.330] [pid:26224] [main] [host-log] (local-1) [host] [2026-09-28 11:36:33.329] [pid:40180] [zcode-host] [rpc:call] settings-sync.markFirstRunPromptHandled OK (5.5ms)
[2026-09-28 11:36:33.399] [pid:26224] [renderer] v4 workspace connection lease released {
  event: 'v4.workspace_connection.release',
  keepWarmMs: 30000,
  key: '__base__ C:\\Users\\USER\\Desktop\\Personal\\ZCode\\.tmp\\z1-native-1790566588657-b664be\\workspace',
  module: 'ui.v4.workspace_connection_registry',
  refCount: 0,
  status: 'keep_warm'
}
[Z1 child] [2026-09-28 11:36:33.436] [pid:40180] [zcode-host] [rpc:call] git.refresh OK (176.6ms)
[2026-09-28 11:36:33.436] [pid:26224] [main] [host-log] (local-1) [host] [2026-09-28 11:36:33.436] [pid:40180] [zcode-host] [rpc:call] git.refresh OK (176.6ms)
[Z1 child] [2026-09-28 11:36:33.443] [pid:40180] [zcode-host] [rpc:listen] graphEngineering.onDidChange subscribed
[2026-09-28 11:36:33.443] [pid:26224] [main] [host-log] (local-1) [host] [2026-09-28 11:36:33.443] [pid:40180] [zcode-host] [rpc:listen] graphEngineering.onDidChange subscribed
[2026-09-28 11:36:33.444] [pid:26224] [main] [host-log] (local-1) [host] [2026-09-28 11:36:33.443] [pid:40180] [zcode-host] [rpc:call] system.info OK (0.0ms)
[2026-09-28 11:36:33.444] [pid:26224] [main] [host-log] (local-1) [host] [2026-09-28 11:36:33.444] [pid:40180] [zcode-host] [rpc:call] file-watcher.watch OK (0.9ms)
[Z1 child] [2026-09-28 11:36:33.443] [pid:40180] [zcode-host] [rpc:call] system.info OK (0.0ms)
[2026-09-28 11:36:33.444] [pid:40180] [zcode-host] [rpc:call] file-watcher.watch OK (0.9ms)
[Z1 child] [2026-09-28 11:36:33.445] [pid:40180] [zcode-host] [rpc:call] file-watcher.watch OK (0.9ms)
[2026-09-28 11:36:33.445] [pid:26224] [main] [host-log] (local-1) [host] [2026-09-28 11:36:33.445] [pid:40180] [zcode-host] [rpc:call] file-watcher.watch OK (0.9ms)
[Z1 child] [2026-09-28 11:36:33.447] [pid:40180] [settingService] reading settings from: C:\Users\USER\Desktop\Personal\ZCode\.tmp\z1-native-1790566588657-b664be\home\.zcode\v2\setting.json
[Z1 child] [2026-09-28 11:36:33.448] [pid:40180] [settingService] read result: {"recentProjects":[],"locale":"zh-CN","localePreference":"en-US","terminalInheritSystemProfile":true,"embeddedBrowserAllowInsecureCertificates":false,"embeddedBrowserViewportPreference":{"mode":"normal","viewport":{"width":393,"height":852},"zoom":"fit"},"computerUseComposerEntryHidden":true,"taskAutoArchiveEnabled":false,"taskAutoArchiveOlderThanDays":7,"closeToTrayOnWindows":false,"closeToTrayOnWindowsMigrationInitialized":true,"keepAwakeWhileRunning":false,"desktopChromiumHardwareAccelerationEnabled":true,"messageStreamShowReasoning":true,"messageStreamShowReasoningMigrationInitialized":true,"messageStreamShowTodos":false,"toolGroupingExploreEnabled":true,"toolGroupingTerminalEnabled":true,"toolGroupingChangesEnabled":false,"zcodeInteractionBehavior":"queue","askUserQuestionAutoResolutionEnabled":false,"modelIoFullRetentionEnabled":false,"startPlanRecommendationDismissed":false,"providerFamilyConnectionSelections":{},"providerFamilyDomain":"zai","providerFamilyDomainMigrated":true,"nativeSearchEnhancementsEnabled":true,"memoryEnabled":false,"lastWorkspaceSession":[{"kind":"local","workspacePath":"C:\\Users\\USER\\Desktop\\Personal\\ZCode\\.tmp\\z1-native-1790566588657-b664be\\workspace","workspacePurpose":"project"},{"kind":"local","workspacePath":"C:\\Users\\USER\\Desktop\\Personal\\ZCode\\.tmp\\z1-native-1790566588657-b664be\\data\\.zcode\\workspace\\default","workspacePurpose":"conversation"}],"lastActiveTabIndex":0,"receivePreviewUpdates":false,"autoDownloadAndInstallUpdates":false,"skippedElectronUpdateVersions":{},"settingsSyncFirstRunPromptHandled":true}
[Z1 child] [2026-09-28 11:36:33.449] [pid:40180] [zcode-host] [rpc:call] graphEngineering.getWorkspace OK (5.9ms)
[2026-09-28 11:36:33.449] [pid:26224] [main] [host-log] (local-1) [host] [2026-09-28 11:36:33.449] [pid:40180] [zcode-host] [rpc:call] graphEngineering.getWorkspace OK (5.9ms)
[Z1 child] [2026-09-28 11:36:33.453] [pid:40180] [zcode-host] [rpc:listen] file-watcher.onDynamicChange subscribed
[2026-09-28 11:36:33.453] [pid:26224] [main] [host-log] (local-1) [host] [2026-09-28 11:36:33.453] [pid:40180] [zcode-host] [rpc:listen] file-watcher.onDynamicChange subscribed
[2026-09-28 11:36:33.454] [pid:26224] [main] [host-log] (local-1) [host] [2026-09-28 11:36:33.453] [pid:40180] [zcode-host] [rpc:listen] file-watcher.onDynamicChange subscribed
[2026-09-28 11:36:33.454] [pid:26224] [main] [host-log] (local-1) [host] [2026-09-28 11:36:33.453] [pid:40180] [zcode-host] [rpc:call] file-watcher.unwatch OK (0.1ms)
[2026-09-28 11:36:33.455] [pid:26224] [main] [host-log] (local-1) [host] [2026-09-28 11:36:33.453] [pid:40180] [zcode-host] [rpc:call] file-watcher.unwatch OK (0.0ms)
[2026-09-28 11:36:33.456] [pid:26224] [main] [host-log] (local-1) [host] [2026-09-28 11:36:33.454] [pid:40180] [zcode-host] [rpc:call] file-watcher.watch OK (0.8ms)
[2026-09-28 11:36:33.456] [pid:26224] [main] [host-log] (local-1) [host] [2026-09-28 11:36:33.456] [pid:40180] [zcode-host] [rpc:call] file-watcher.watch OK (1.1ms)
[2026-09-28 11:36:33.457] [pid:26224] [main] [host-log] (local-1) [host] [2026-09-28 11:36:33.457] [pid:40180] [zcode-host] [rpc:call] file-watcher.watch OK (1.1ms)
[Z1 child] [2026-09-28 11:36:33.453] [pid:40180] [zcode-host] [rpc:listen] file-watcher.onDynamicChange subscribed
[2026-09-28 11:36:33.453] [pid:40180] [zcode-host] [rpc:call] file-watcher.unwatch OK (0.1ms)
[2026-09-28 11:36:33.453] [pid:40180] [zcode-host] [rpc:call] file-watcher.unwatch OK (0.0ms)
[2026-09-28 11:36:33.454] [pid:40180] [zcode-host] [rpc:call] file-watcher.watch OK (0.8ms)
[2026-09-28 11:36:33.456] [pid:40180] [zcode-host] [rpc:call] file-watcher.watch OK (1.1ms)
[2026-09-28 11:36:33.457] [pid:40180] [zcode-host] [rpc:call] file-watcher.watch OK (1.1ms)
[Z1 child] [2026-09-28 11:36:33.464] [pid:40180] [settingService] reading settings from: C:\Users\USER\Desktop\Personal\ZCode\.tmp\z1-native-1790566588657-b664be\home\.zcode\v2\setting.json
[Z1 child] [2026-09-28 11:36:33.464] [pid:40180] [settingService] read result: {"recentProjects":[],"locale":"zh-CN","localePreference":"en-US","terminalInheritSystemProfile":true,"embeddedBrowserAllowInsecureCertificates":false,"embeddedBrowserViewportPreference":{"mode":"normal","viewport":{"width":393,"height":852},"zoom":"fit"},"computerUseComposerEntryHidden":true,"taskAutoArchiveEnabled":false,"taskAutoArchiveOlderThanDays":7,"closeToTrayOnWindows":false,"closeToTrayOnWindowsMigrationInitialized":true,"keepAwakeWhileRunning":false,"desktopChromiumHardwareAccelerationEnabled":true,"messageStreamShowReasoning":true,"messageStreamShowReasoningMigrationInitialized":true,"messageStreamShowTodos":false,"toolGroupingExploreEnabled":true,"toolGroupingTerminalEnabled":true,"toolGroupingChangesEnabled":false,"zcodeInteractionBehavior":"queue","askUserQuestionAutoResolutionEnabled":false,"modelIoFullRetentionEnabled":false,"startPlanRecommendationDismissed":false,"providerFamilyConnectionSelections":{},"providerFamilyDomain":"zai","providerFamilyDomainMigrated":true,"nativeSearchEnhancementsEnabled":true,"memoryEnabled":false,"lastWorkspaceSession":[{"kind":"local","workspacePath":"C:\\Users\\USER\\Desktop\\Personal\\ZCode\\.tmp\\z1-native-1790566588657-b664be\\workspace","workspacePurpose":"project"},{"kind":"local","workspacePath":"C:\\Users\\USER\\Desktop\\Personal\\ZCode\\.tmp\\z1-native-1790566588657-b664be\\data\\.zcode\\workspace\\default","workspacePurpose":"conversation"}],"lastActiveTabIndex":0,"receivePreviewUpdates":false,"autoDownloadAndInstallUpdates":false,"skippedElectronUpdateVersions":{},"settingsSyncFirstRunPromptHandled":true}
[2026-09-28 11:36:33.464] [pid:40180] [zcode-host] [rpc:call] setting.get OK (0.5ms)
[2026-09-28 11:36:33.464] [pid:26224] [main] [host-log] (local-1) [host] [2026-09-28 11:36:33.464] [pid:40180] [zcode-host] [rpc:call] setting.get OK (0.5ms)
[Z1 child] [2026-09-28 11:36:33.470] [pid:40180] [zcode-host] [rpc:listen] model-selection.onDidChange subscribed
[2026-09-28 11:36:33.470] [pid:26224] [main] [host-log] (local-1) [host] [2026-09-28 11:36:33.470] [pid:40180] [zcode-host] [rpc:listen] model-selection.onDidChange subscribed
[Z1 child] [2026-09-28 11:36:33.471] [pid:40180] [zcode-host] [rpc:call] graphEngineering.validateDefinition OK (0.7ms)
[2026-09-28 11:36:33.471] [pid:26224] [main] [host-log] (local-1) [host] [2026-09-28 11:36:33.471] [pid:40180] [zcode-host] [rpc:call] graphEngineering.validateDefinition OK (0.7ms)
[2026-09-28 11:36:33.472] [pid:26224] [main] [host-log] (local-1) [host] [2026-09-28 11:36:33.472] [pid:40180] [zcode-host] [rpc:call] model-selection.getView OK (1.4ms)
[Z1 child] [2026-09-28 11:36:33.472] [pid:40180] [zcode-host] [rpc:call] model-selection.getView OK (1.4ms)
[Z1 child] [2026-09-28 11:36:33.482] [pid:40180] [zcode-host] [rpc:listen] file-watcher.onDynamicChange subscribed
[2026-09-28 11:36:33.482] [pid:40180] [zcode-host] [rpc:listen] file-watcher.onDynamicChange subscribed
[2026-09-28 11:36:33.482] [pid:26224] [main] [host-log] (local-1) [host] [2026-09-28 11:36:33.482] [pid:40180] [zcode-host] [rpc:listen] file-watcher.onDynamicChange subscribed
[2026-09-28 11:36:33.483] [pid:26224] [main] [host-log] (local-1) [host] [2026-09-28 11:36:33.482] [pid:40180] [zcode-host] [rpc:listen] file-watcher.onDynamicChange subscribed
[2026-09-28 11:36:33.483] [pid:26224] [main] [host-log] (local-1) [host] [2026-09-28 11:36:33.482] [pid:40180] [zcode-host] [rpc:listen] file-watcher.onDynamicChange subscribed
[Z1 child] [2026-09-28 11:36:33.482] [pid:40180] [zcode-host] [rpc:listen] file-watcher.onDynamicChange subscribed
[Z1 child] [2026-09-28 11:36:33.563] [pid:40180] [zcode-host] [rpc:call] graphWorkflow.list OK (1.5ms)
[2026-09-28 11:36:33.563] [pid:26224] [main] [host-log] (local-1) [host] [2026-09-28 11:36:33.563] [pid:40180] [zcode-host] [rpc:call] graphWorkflow.list OK (1.5ms)
[Z1 child] [2026-09-28 11:36:33.569] [pid:40180] [zcode-host] [rpc:call] graphEngineering.recipes OK (7.5ms)
[2026-09-28 11:36:33.569] [pid:26224] [main] [host-log] (local-1) [host] [2026-09-28 11:36:33.569] [pid:40180] [zcode-host] [rpc:call] graphEngineering.recipes OK (7.5ms)
[Z1 child] [2026-09-28 11:36:33.659] [pid:40180] [zcode-host] [rpc:call] zcode-agent.subscribeSessionsIndexV4 OK (336.0ms)
[2026-09-28 11:36:33.659] [pid:26224] [main] [host-log] (local-1) [host] [2026-09-28 11:36:33.659] [pid:40180] [zcode-host] [rpc:call] zcode-agent.subscribeSessionsIndexV4 OK (336.0ms)
[2026-09-28 11:36:33.660] [pid:26224] [main] [host-log] (local-1) [host] [2026-09-28 11:36:33.659] [pid:40180] [zcode-host] [rpc:call] window-controller.listTaskList OK (409.9ms)
[2026-09-28 11:36:33.661] [pid:26224] [main] [host-log] (local-1) [host] [2026-09-28 11:36:33.659] [pid:40180] [zcode-host] [rpc:call] window-controller.listTaskList OK (364.2ms)
[2026-09-28 11:36:33.662] [pid:26224] [main] [host-log] (local-1) [host] [2026-09-28 11:36:33.660] [pid:40180] [zcode-agent-service] 为只读会话控制面启动 ZCode agent {"workspaceKey":"C:\\Users\\USER\\Desktop\\Personal\\ZCode\\.tmp\\z1-native-1790566588657-b664be\\workspace","workspacePath":"C:\\Users\\USER\\Desktop\\Personal\\ZCode\\.tmp\\z1-native-1790566588657-b664be\\workspace"}
[2026-09-28 11:36:33.663] [pid:26224] [main] [stability] perf_agent_ready reported {
  pid: 2956,
  runtimeGeneration: 1,
  runtimeInstanceId: 'agent-0a6ed43a-071d-430d-af87-6e1d7c3cd95d',
  startupDurationMs: 684
}
[2026-09-28 11:36:33.664] [pid:26224] [main] [host-log] (local-1) [host] [2026-09-28 11:36:33.660] [pid:40180] [zcode-agent-service] provider/model 就绪，允许 ZCode agent 模型执行 {"modelId":"z1-fixture","providerId":"z1-local-fixture","revision":"model-selection:1","workspaceKey":"C:\\Users\\USER\\Desktop\\Personal\\ZCode\\.tmp\\z1-native-1790566588657-b664be\\workspace","workspacePath":"C:\\Users\\USER\\Desktop\\Personal\\ZCode\\.tmp\\z1-native-1790566588657-b664be\\workspace"}
[2026-09-28 11:36:33.664] [pid:26224] [main] [host-log] (local-1) [host] [2026-09-28 11:36:33.660] [pid:40180] [zcode-agent-service] provider/model 就绪，允许 ZCode agent 模型执行 {"modelId":"z1-fixture","providerId":"z1-local-fixture","revision":"model-selection:1","workspaceKey":"C:\\Users\\USER\\Desktop\\Personal\\ZCode\\.tmp\\z1-native-1790566588657-b664be\\workspace","workspacePath":"C:\\Users\\USER\\Desktop\\Personal\\ZCode\\.tmp\\z1-native-1790566588657-b664be\\workspace"}
[2026-09-28 11:36:33.665] [pid:26224] [main] [host-log] (local-1) [host] [2026-09-28 11:36:33.660] [pid:40180] [zcode-agent-service] provider/model 就绪，允许 ZCode agent 模型执行 {"modelId":"z1-fixture","providerId":"z1-local-fixture","revision":"model-selection:1","workspaceKey":"C:\\Users\\USER\\Desktop\\Personal\\ZCode\\.tmp\\z1-native-1790566588657-b664be\\workspace","workspacePath":"C:\\Users\\USER\\Desktop\\Personal\\ZCode\\.tmp\\z1-native-1790566588657-b664be\\workspace"}
[Z1 child] [2026-09-28 11:36:33.659] [pid:40180] [zcode-host] [rpc:call] window-controller.listTaskList OK (409.9ms)
[2026-09-28 11:36:33.659] [pid:40180] [zcode-host] [rpc:call] window-controller.listTaskList OK (364.2ms)
[2026-09-28 11:36:33.660] [pid:40180] [zcode-agent-service] 为只读会话控制面启动 ZCode agent {
  workspaceKey: 'C:\\Users\\USER\\Desktop\\Personal\\ZCode\\.tmp\\z1-native-1790566588657-b664be\\workspace',
  workspacePath: 'C:\\Users\\USER\\Desktop\\Personal\\ZCode\\.tmp\\z1-native-1790566588657-b664be\\workspace'
}
[2026-09-28 11:36:33.660] [pid:40180] [zcode-agent-service] provider/model 就绪，允许 ZCode agent 模型执行 {
  modelId: 'z1-fixture',
  providerId: 'z1-local-fixture',
  revision: 'model-selection:1',
  workspaceKey: 'C:\\Users\\USER\\Desktop\\Personal\\ZCode\\.tmp\\z1-native-1790566588657-b664be\\workspace',
  workspacePath: 'C:\\Users\\USER\\Desktop\\Personal\\ZCode\\.tmp\\z1-native-1790566588657-b664be\\workspace'
}
[2026-09-28 11:36:33.660] [pid:40180] [zcode-agent-service] provider/model 就绪，允许 ZCode agent 模型执行 {
  modelId: 'z1-fixture',
  providerId: 'z1-local-fixture',
  revision: 'model-selection:1',
  workspaceKey: 'C:\\Users\\USER\\Desktop\\Personal\\ZCode\\.tmp\\z1-native-1790566588657-b664be\\workspace',
  workspacePath: 'C:\\Users\\USER\\Desktop\\Personal\\ZCode\\.tmp\\z1-native-1790566588657-b664be\\workspace'
}
[2026-09-28 11:36:33.660] [pid:40180] [zcode-agent-service] provider/model 就绪，允许 ZCode agent 模型执行 {
  modelId: 'z1-fixture',
  providerId: 'z1-local-fixture',
  revision: 'model-selection:1',
  workspaceKey: 'C:\\Users\\USER\\Desktop\\Personal\\ZCode\\.tmp\\z1-native-1790566588657-b664be\\workspace',
  workspacePath: 'C:\\Users\\USER\\Desktop\\Personal\\ZCode\\.tmp\\z1-native-1790566588657-b664be\\workspace'
}
[2026-09-28 11:36:33.660] [pid:40180] [zcode-agent-service] ZCode agent 初始化完成 {
  durationMs: 906,
  transportKind: 'stdio',
  workspaceKey: 'C:\\Users\\USER\\Desktop\\Personal\\ZCode\\.tmp\\z1-native-1790566588657-b664be\\workspace',
  workspacePath: 'C:\\Users\\USER\\Desktop\\Personal\\ZCode\\.tmp\\z1-native-1790566588657-b664be\\workspace'
}
[2026-09-28 11:36:33.660] [pid:40180] [zcode-host] ZCode agent warmup ready (local host init (1/1)) workspace=C:\Users\USER\Desktop\Personal\ZCode\.tmp\z1-native-1790566588657-b664be\workspace transport=stdio
[2026-09-28 11:36:33.666] [pid:26224] [main] [host-log] (local-1) [host] [2026-09-28 11:36:33.660] [pid:40180] [zcode-agent-service] ZCode agent 初始化完成 {"durationMs":906,"transportKind":"stdio","workspaceKey":"C:\\Users\\USER\\Desktop\\Personal\\ZCode\\.tmp\\z1-native-1790566588657-b664be\\workspace","workspacePath":"C:\\Users\\USER\\Desktop\\Personal\\ZCode\\.tmp\\z1-native-1790566588657-b664be\\workspace"}
[2026-09-28 11:36:33.667] [pid:26224] [main] [host-log] (local-1) [host] [2026-09-28 11:36:33.660] [pid:40180] [zcode-host] ZCode agent warmup ready (local host init (1/1)) workspace=C:\Users\USER\Desktop\Personal\ZCode\.tmp\z1-native-1790566588657-b664be\workspace transport=stdio
[Z1 child] [2026-09-28 11:36:33.684] [pid:40180] [zcode-agent-service] account provider config 已交付到 ZCode agent {
  providerCount: 8,
  reason: 'startup_ready:model_selection_changed',
  receivedRevision: 'account:["zcode-builtin:30:e00d3212645ffc9bf7951f99c48a4406281fb009686165937ed1ffcb896416ae",[{"providerId":"account:zai-individual-coding-plan","config":{"access":{"type":"zhipu-account","entitled":false}}},{"providerId":"account:zai-team-coding-plan","config":{"access":{"type":"zhipu-account","entitled":false}}},{"providerId":"account:zai-start-plan","config":{"access":{"type":"zhipu-account","entitled":false}}},{"providerId":"account:bigmodel-individual-coding-plan","config":{"access":{"type":"zhipu-account","entitled":false}}},{"providerId":"account:bigmodel-team-coding-plan","config":{"access":{"type":"zhipu-account","entitled":false}}},{"providerId":"account:bigmodel-start-plan","config":{"access":{"type":"zhipu-account","entitled":false}}},{"providerId":"account:zai-offpeak-idle-plan","config":{"access":{"type":"zhipu-account","entitled":false}}},{"providerId":"account:bigmodel-offpeak-idle-plan","config":{"access":{"type":"zhipu-account","entitled":false}}}],{"account:zai-individual-coding-plan":{"availability":"unavailable","entitled":false,"unavailableReason":"not-connected","current":false,"connectionKey":"41717a7a173a5e88981ed3b30d6c754715277dce3b302a8e7b1386cdf57b9b4c"},"account:zai-team-coding-plan":{"availability":"unavailable","entitled":false,"unavailableReason":"not-connected","current":false,"connectionKey":"41717a7a173a5e88981ed3b30d6c754715277dce3b302a8e7b1386cdf57b9b4c"},"account:zai-start-plan":{"availability":"unavailable","entitled":false,"unavailableReason":"not-connected","current":false,"connectionKey":"b20a8f39ea1865b9bdbc4f21e0774500034895a93cdf0c737917b6532ebedcea"},"account:bigmodel-individual-coding-plan":{"availability":"unavailable","entitled":false,"unavailableReason":"not-connected","current":false,"connectionKey":"145736c8450a04bf4ba21aee47794f53d87ea79c5dc4cc5b9f27fbf5b6038d53"},"account:bigmodel-team-coding-plan":{"availability":"unavailable","entitled":false,"unavailableReason":"not-connected","current":false,"connectionKey":"145736c8450a04bf4ba21aee47794f53d87ea79c5dc4cc5b9f27fbf5b6038d53"},"account:bigmodel-start-plan":{"availability":"unavailable","entitled":false,"unavailableReason":"not-connected","current":false,"connectionKey":"116fde2fcda0bb10f88164a63caadb0a0ec8611edcf75b35a9924684f9ba84bd"},"account:zai-offpeak-idle-plan":{"availability":"unavailable","entitled":false},"account:bigmodel-offpeak-idle-plan":{"availability":"unavailable","entitled":false}}]',
  status: 'received'
}
[2026-09-28 11:36:33.684] [pid:40180] [zcode-agent-service] provider/model 就绪后已启动等待中的 ZCode agent {
  providerCount: 1,
  reason: 'model_selection_changed',
  revision: 'model-selection:1',
  workspaceKey: 'C:\\Users\\USER\\Desktop\\Personal\\ZCode\\.tmp\\z1-native-1790566588657-b664be\\workspace',
  workspacePath: 'C:\\Users\\USER\\Desktop\\Personal\\ZCode\\.tmp\\z1-native-1790566588657-b664be\\workspace'
}
[2026-09-28 11:36:33.685] [pid:26224] [main] [host-log] (local-1) [host] [2026-09-28 11:36:33.684] [pid:40180] [zcode-agent-service] account provider config 已交付到 ZCode agent {"providerCount":8,"reason":"startup_ready:model_selection_changed","receivedRevision":"account:[\"zcode-builtin:30:e00d3212645ffc9bf7951f99c48a4406281fb009686165937ed1ffcb896416ae\",[{\"providerId\":\"account:zai-individual-coding-plan\",\"config\":{\"access\":{\"type\":\"zhipu-account\",\"entitled\":false}}},{\"providerId\":\"account:zai-team-coding-plan\",\"config\":{\"access\":{\"type\":\"zhipu-account\",\"entitled\":false}}},{\"providerId\":\"account:zai-start-plan\",\"config\":{\"access\":{\"type\":\"zhipu-account\",\"entitled\":false}}},{\"providerId\":\"account:bigmodel-individual-coding-plan\",\"config\":{\"access\":{\"type\":\"zhipu-account\",\"entitled\":false}}},{\"providerId\":\"account:bigmodel-team-coding-plan\",\"config\":{\"access\":{\"type\":\"zhipu-account\",\"entitled\":false}}},{\"providerId\":\"account:bigmodel-start-plan\",\"config\":{\"access\":{\"type\":\"zhipu-account\",\"entitled\":false}}},{\"providerId\":\"account:zai-offpeak-idle-plan\",\"config\":{\"access\":{\"type\":\"zhipu-account\",\"entitled\":false}}},{\"providerId\":\"account:bigmodel-offpeak-idle-plan\",\"config\":{\"access\":{\"type\":\"zhipu-account\",\"entitled\":false}}}],{\"account:zai-individual-coding-plan\":{\"availability\":\"unavailable\",\"entitled\":false,\"unavailableReason\":\"not-connected\",\"current\":false,\"connectionKey\":\"41717a7a173a5e88981ed3b30d6c754715277dce3b302a8e7b1386cdf57b9b4c\"},\"account:zai-team-coding-plan\":{\"availability\":\"unavailable\",\"entitled\":false,\"unavailableReason\":\"not-connected\",\"current\":false,\"connectionKey\":\"41717a7a173a5e88981ed3b30d6c754715277dce3b302a8e7b1386cdf57b9b4c\"},\"account:zai-start-plan\":{\"availability\":\"unavailable\",\"entitled\":false,\"unavailableReason\":\"not-connected\",\"current\":false,\"connectionKey\":\"b20a8f39ea1865b9bdbc4f21e0774500034895a93cdf0c737917b6532ebedcea\"},\"account:bigmodel-individual-coding-plan\":{\"availability\":\"unavailable\",\"entitled\":false,\"unavailableReason\":\"not-connected\",\"current\":false,\"connectionKey\":\"145736c8450a04bf4ba21aee47794f53d87ea79c5dc4cc5b9f27fbf5b6038d53\"},\"account:bigmodel-team-coding-plan\":{\"availability\":\"unavailable\",\"entitled\":false,\"unavailableReason\":\"not-connected\",\"current\":false,\"connectionKey\":\"145736c8450a04bf4ba21aee47794f53d87ea79c5dc4cc5b9f27fbf5b6038d53\"},\"account:bigmodel-start-plan\":{\"availability\":\"unavailable\",\"entitled\":false,\"unavailableReason\":\"not-connected\",\"current\":false,\"connectionKey\":\"116fde2fcda0bb10f88164a63caadb0a0ec8611edcf75b35a9924684f9ba84bd\"},\"account:zai-offpeak-idle-plan\":{\"availability\":\"unavailable\",\"entitled\":false},\"account:bigmodel-offpeak-idle-plan\":{\"availability\":\"unavailable\",\"entitled\":false}}]","status":"received"}
[2026-09-28 11:36:33.686] [pid:26224] [main] [host-log] (local-1) [host] [2026-09-28 11:36:33.684] [pid:40180] [zcode-agent-service] provider/model 就绪后已启动等待中的 ZCode agent {"providerCount":1,"reason":"model_selection_changed","revision":"model-selection:1","workspaceKey":"C:\\Users\\USER\\Desktop\\Personal\\ZCode\\.tmp\\z1-native-1790566588657-b664be\\workspace","workspacePath":"C:\\Users\\USER\\Desktop\\Personal\\ZCode\\.tmp\\z1-native-1790566588657-b664be\\workspace"}
[Z1 child] [2026-09-28 11:36:33.705] [pid:40180] [zcode-host] [rpc:call] graphEngineering.recipes OK (4.4ms)
[2026-09-28 11:36:33.705] [pid:26224] [main] [host-log] (local-1) [host] [2026-09-28 11:36:33.705] [pid:40180] [zcode-host] [rpc:call] graphEngineering.recipes OK (4.4ms)
[Z1 child] [2026-09-28 11:36:33.760] [pid:40180] [zcode-agent-service] ZCode Protocol workspace/readPresentation 完成 {
  durationMs: 442,
  slashCommandCount: 4,
  workspaceKey: 'C:\\Users\\USER\\Desktop\\Personal\\ZCode\\.tmp\\z1-native-1790566588657-b664be\\workspace',
  workspacePath: 'C:\\Users\\USER\\Desktop\\Personal\\ZCode\\.tmp\\z1-native-1790566588657-b664be\\workspace'
}
[2026-09-28 11:36:33.760] [pid:40180] [zcode-host] [rpc:call] zcode-session.readWorkspacePresentation OK (442.6ms)
[2026-09-28 11:36:33.761] [pid:26224] [main] [host-log] (local-1) [host] [2026-09-28 11:36:33.760] [pid:40180] [zcode-agent-service] ZCode Protocol workspace/readPresentation 完成 {"durationMs":442,"slashCommandCount":4,"workspaceKey":"C:\\Users\\USER\\Desktop\\Personal\\ZCode\\.tmp\\z1-native-1790566588657-b664be\\workspace","workspacePath":"C:\\Users\\USER\\Desktop\\Personal\\ZCode\\.tmp\\z1-native-1790566588657-b664be\\workspace"}
[2026-09-28 11:36:33.762] [pid:26224] [main] [host-log] (local-1) [host] [2026-09-28 11:36:33.760] [pid:40180] [zcode-host] [rpc:call] zcode-session.readWorkspacePresentation OK (442.6ms)
[Z1 child] [2026-09-28 11:36:33.765] [pid:40180] [settingService] reading settings from: C:\Users\USER\Desktop\Personal\ZCode\.tmp\z1-native-1790566588657-b664be\home\.zcode\v2\setting.json
[Z1 child] [2026-09-28 11:36:33.765] [pid:40180] [settingService] read result: {"recentProjects":[],"locale":"zh-CN","localePreference":"en-US","terminalInheritSystemProfile":true,"embeddedBrowserAllowInsecureCertificates":false,"embeddedBrowserViewportPreference":{"mode":"normal","viewport":{"width":393,"height":852},"zoom":"fit"},"computerUseComposerEntryHidden":true,"taskAutoArchiveEnabled":false,"taskAutoArchiveOlderThanDays":7,"closeToTrayOnWindows":false,"closeToTrayOnWindowsMigrationInitialized":true,"keepAwakeWhileRunning":false,"desktopChromiumHardwareAccelerationEnabled":true,"messageStreamShowReasoning":true,"messageStreamShowReasoningMigrationInitialized":true,"messageStreamShowTodos":false,"toolGroupingExploreEnabled":true,"toolGroupingTerminalEnabled":true,"toolGroupingChangesEnabled":false,"zcodeInteractionBehavior":"queue","askUserQuestionAutoResolutionEnabled":false,"modelIoFullRetentionEnabled":false,"startPlanRecommendationDismissed":false,"providerFamilyConnectionSelections":{},"providerFamilyDomain":"zai","providerFamilyDomainMigrated":true,"nativeSearchEnhancementsEnabled":true,"memoryEnabled":false,"lastWorkspaceSession":[{"kind":"local","workspacePath":"C:\\Users\\USER\\Desktop\\Personal\\ZCode\\.tmp\\z1-native-1790566588657-b664be\\workspace","workspacePurpose":"project"},{"kind":"local","workspacePath":"C:\\Users\\USER\\Desktop\\Personal\\ZCode\\.tmp\\z1-native-1790566588657-b664be\\data\\.zcode\\workspace\\default","workspacePurpose":"conversation"}],"lastActiveTabIndex":0,"receivePreviewUpdates":false,"autoDownloadAndInstallUpdates":false,"skippedElectronUpdateVersions":{},"settingsSyncFirstRunPromptHandled":true}
[2026-09-28 11:36:33.828] [pid:26224] [main] [host-log] (local-1) [host] [2026-09-28 11:36:33.828] [pid:40180] [zcode-host] [rpc:call] zcode-agent.sendConversationCommandV4 OK (504.7ms)
[Z1 child] [2026-09-28 11:36:33.828] [pid:40180] [zcode-host] [rpc:call] zcode-agent.sendConversationCommandV4 OK (504.7ms)
[Z1 child] [2026-09-28 11:36:33.841] [pid:40180] [zcode-host] [rpc:call] zcode-agent.sendConversationCommandV4 OK (3.9ms)
[2026-09-28 11:36:33.842] [pid:26224] [main] [host-log] (local-1) [host] [2026-09-28 11:36:33.841] [pid:40180] [zcode-host] [rpc:call] zcode-agent.sendConversationCommandV4 OK (3.9ms)
[Z1 child] [2026-09-28 11:36:33.887] [pid:40180] [zcode-host] [rpc:call] graphWorkflow.instantiate OK (17.9ms)
[2026-09-28 11:36:33.887] [pid:26224] [main] [host-log] (local-1) [host] [2026-09-28 11:36:33.887] [pid:40180] [zcode-host] [rpc:call] graphWorkflow.instantiate OK (17.9ms)
[Z1 child] [2026-09-28 11:36:33.887] [pid:40180] [settingService] reading settings from: C:\Users\USER\Desktop\Personal\ZCode\.tmp\z1-native-1790566588657-b664be\home\.zcode\v2\setting.json
[2026-09-28 11:36:33.888] [pid:40180] [settingService] read result: {"recentProjects":[],"locale":"zh-CN","localePreference":"en-US","terminalInheritSystemProfile":true,"embeddedBrowserAllowInsecureCertificates":false,"embeddedBrowserViewportPreference":{"mode":"normal","viewport":{"width":393,"height":852},"zoom":"fit"},"computerUseComposerEntryHidden":true,"taskAutoArchiveEnabled":false,"taskAutoArchiveOlderThanDays":7,"closeToTrayOnWindows":false,"closeToTrayOnWindowsMigrationInitialized":true,"keepAwakeWhileRunning":false,"desktopChromiumHardwareAccelerationEnabled":true,"messageStreamShowReasoning":true,"messageStreamShowReasoningMigrationInitialized":true,"messageStreamShowTodos":false,"toolGroupingExploreEnabled":true,"toolGroupingTerminalEnabled":true,"toolGroupingChangesEnabled":false,"zcodeInteractionBehavior":"queue","askUserQuestionAutoResolutionEnabled":false,"modelIoFullRetentionEnabled":false,"startPlanRecommendationDismissed":false,"providerFamilyConnectionSelections":{},"providerFamilyDomain":"zai","providerFamilyDomainMigrated":true,"nativeSearchEnhancementsEnabled":true,"memoryEnabled":false,"lastWorkspaceSession":[{"kind":"local","workspacePath":"C:\\Users\\USER\\Desktop\\Personal\\ZCode\\.tmp\\z1-native-1790566588657-b664be\\workspace","workspacePurpose":"project"},{"kind":"local","workspacePath":"C:\\Users\\USER\\Desktop\\Personal\\ZCode\\.tmp\\z1-native-1790566588657-b664be\\data\\.zcode\\workspace\\default","workspacePurpose":"conversation"}],"lastActiveTabIndex":0,"receivePreviewUpdates":false,"autoDownloadAndInstallUpdates":false,"skippedElectronUpdateVersions":{},"settingsSyncFirstRunPromptHandled":true}
[Z1 child] [2026-09-28 11:36:33.889] [pid:40180] [zcode-host] [rpc:call] graphEngineering.getWorkspace OK (1.3ms)
[2026-09-28 11:36:33.889] [pid:26224] [main] [host-log] (local-1) [host] [2026-09-28 11:36:33.889] [pid:40180] [zcode-host] [rpc:call] graphEngineering.getWorkspace OK (1.3ms)
[Z1 child] [2026-09-28 11:36:33.889] [pid:40180] [settingService] reading settings from: C:\Users\USER\Desktop\Personal\ZCode\.tmp\z1-native-1790566588657-b664be\home\.zcode\v2\setting.json
[2026-09-28 11:36:33.889] [pid:40180] [settingService] read result: {"recentProjects":[],"locale":"zh-CN","localePreference":"en-US","terminalInheritSystemProfile":true,"embeddedBrowserAllowInsecureCertificates":false,"embeddedBrowserViewportPreference":{"mode":"normal","viewport":{"width":393,"height":852},"zoom":"fit"},"computerUseComposerEntryHidden":true,"taskAutoArchiveEnabled":false,"taskAutoArchiveOlderThanDays":7,"closeToTrayOnWindows":false,"closeToTrayOnWindowsMigrationInitialized":true,"keepAwakeWhileRunning":false,"desktopChromiumHardwareAccelerationEnabled":true,"messageStreamShowReasoning":true,"messageStreamShowReasoningMigrationInitialized":true,"messageStreamShowTodos":false,"toolGroupingExploreEnabled":true,"toolGroupingTerminalEnabled":true,"toolGroupingChangesEnabled":false,"zcodeInteractionBehavior":"queue","askUserQuestionAutoResolutionEnabled":false,"modelIoFullRetentionEnabled":false,"startPlanRecommendationDismissed":false,"providerFamilyConnectionSelections":{},"providerFamilyDomain":"zai","providerFamilyDomainMigrated":true,"nativeSearchEnhancementsEnabled":true,"memoryEnabled":false,"lastWorkspaceSession":[{"kind":"local","workspacePath":"C:\\Users\\USER\\Desktop\\Personal\\ZCode\\.tmp\\z1-native-1790566588657-b664be\\workspace","workspacePurpose":"project"},{"kind":"local","workspacePath":"C:\\Users\\USER\\Desktop\\Personal\\ZCode\\.tmp\\z1-native-1790566588657-b664be\\data\\.zcode\\workspace\\default","workspacePurpose":"conversation"}],"lastActiveTabIndex":0,"receivePreviewUpdates":false,"autoDownloadAndInstallUpdates":false,"skippedElectronUpdateVersions":{},"settingsSyncFirstRunPromptHandled":true}
[Z1 child] [2026-09-28 11:36:33.890] [pid:40180] [zcode-host] [rpc:call] graphEngineering.getWorkspace OK (2.3ms)
[2026-09-28 11:36:33.890] [pid:26224] [main] [host-log] (local-1) [host] [2026-09-28 11:36:33.890] [pid:40180] [zcode-host] [rpc:call] graphEngineering.getWorkspace OK (2.3ms)
[Z1 child] [2026-09-28 11:36:33.903] [pid:40180] [settingService] reading settings from: C:\Users\USER\Desktop\Personal\ZCode\.tmp\z1-native-1790566588657-b664be\home\.zcode\v2\setting.json
[2026-09-28 11:36:33.903] [pid:26224] [main] [stability] perf_app_start reported
[2026-09-28 11:36:33.904] [pid:26224] [main] [host-log] (local-1) [host] [2026-09-28 11:36:33.903] [pid:40180] [zcode-host] [rpc:call] setting.get OK (0.6ms)
[Z1 child] [2026-09-28 11:36:33.903] [pid:40180] [settingService] read result: {"recentProjects":[],"locale":"zh-CN","localePreference":"en-US","terminalInheritSystemProfile":true,"embeddedBrowserAllowInsecureCertificates":false,"embeddedBrowserViewportPreference":{"mode":"normal","viewport":{"width":393,"height":852},"zoom":"fit"},"computerUseComposerEntryHidden":true,"taskAutoArchiveEnabled":false,"taskAutoArchiveOlderThanDays":7,"closeToTrayOnWindows":false,"closeToTrayOnWindowsMigrationInitialized":true,"keepAwakeWhileRunning":false,"desktopChromiumHardwareAccelerationEnabled":true,"messageStreamShowReasoning":true,"messageStreamShowReasoningMigrationInitialized":true,"messageStreamShowTodos":false,"toolGroupingExploreEnabled":true,"toolGroupingTerminalEnabled":true,"toolGroupingChangesEnabled":false,"zcodeInteractionBehavior":"queue","askUserQuestionAutoResolutionEnabled":false,"modelIoFullRetentionEnabled":false,"startPlanRecommendationDismissed":false,"providerFamilyConnectionSelections":{},"providerFamilyDomain":"zai","providerFamilyDomainMigrated":true,"nativeSearchEnhancementsEnabled":true,"memoryEnabled":false,"lastWorkspaceSession":[{"kind":"local","workspacePath":"C:\\Users\\USER\\Desktop\\Personal\\ZCode\\.tmp\\z1-native-1790566588657-b664be\\workspace","workspacePurpose":"project"},{"kind":"local","workspacePath":"C:\\Users\\USER\\Desktop\\Personal\\ZCode\\.tmp\\z1-native-1790566588657-b664be\\data\\.zcode\\workspace\\default","workspacePurpose":"conversation"}],"lastActiveTabIndex":0,"receivePreviewUpdates":false,"autoDownloadAndInstallUpdates":false,"skippedElectronUpdateVersions":{},"settingsSyncFirstRunPromptHandled":true}
[2026-09-28 11:36:33.903] [pid:40180] [zcode-host] [rpc:call] setting.get OK (0.6ms)
[Z1 child] [2026-09-28 11:36:33.910] [pid:40180] [zcode-host] [rpc:call] graphEngineering.validateDefinition OK (0.5ms)
[2026-09-28 11:36:33.910] [pid:26224] [main] [host-log] (local-1) [host] [2026-09-28 11:36:33.910] [pid:40180] [zcode-host] [rpc:call] graphEngineering.validateDefinition OK (0.5ms)
[Z1 child] [2026-09-28 11:36:33.955] [pid:40180] [zcode-host] [rpc:call] graphWorkflow.list OK (0.7ms)
[2026-09-28 11:36:33.955] [pid:26224] [main] [host-log] (local-1) [host] [2026-09-28 11:36:33.955] [pid:40180] [zcode-host] [rpc:call] graphWorkflow.list OK (0.7ms)
[Z1 child] [2026-09-28 11:36:34.356] [pid:40180] [zcode-host] [rpc:call] graphWorkflow.projectSetup OK (0.5ms)
[2026-09-28 11:36:34.357] [pid:26224] [main] [host-log] (local-1) [host] [2026-09-28 11:36:34.356] [pid:40180] [zcode-host] [rpc:call] graphWorkflow.projectSetup OK (0.5ms)
[Z1 child] [2026-09-28 11:36:34.384] [pid:40180] [zcode-host] [rpc:call] graphEngineering.recipes OK (23.8ms)
[2026-09-28 11:36:34.385] [pid:26224] [main] [host-log] (local-1) [host] [2026-09-28 11:36:34.384] [pid:40180] [zcode-host] [rpc:call] graphEngineering.recipes OK (23.8ms)
[Z1 child] [2026-09-28 11:36:34.385] [pid:40180] [settingService] reading settings from: C:\Users\USER\Desktop\Personal\ZCode\.tmp\z1-native-1790566588657-b664be\home\.zcode\v2\setting.json
[2026-09-28 11:36:34.386] [pid:40180] [settingService] read result: {"recentProjects":[],"locale":"zh-CN","localePreference":"en-US","terminalInheritSystemProfile":true,"embeddedBrowserAllowInsecureCertificates":false,"embeddedBrowserViewportPreference":{"mode":"normal","viewport":{"width":393,"height":852},"zoom":"fit"},"computerUseComposerEntryHidden":true,"taskAutoArchiveEnabled":false,"taskAutoArchiveOlderThanDays":7,"closeToTrayOnWindows":false,"closeToTrayOnWindowsMigrationInitialized":true,"keepAwakeWhileRunning":false,"desktopChromiumHardwareAccelerationEnabled":true,"messageStreamShowReasoning":true,"messageStreamShowReasoningMigrationInitialized":true,"messageStreamShowTodos":false,"toolGroupingExploreEnabled":true,"toolGroupingTerminalEnabled":true,"toolGroupingChangesEnabled":false,"zcodeInteractionBehavior":"queue","askUserQuestionAutoResolutionEnabled":false,"modelIoFullRetentionEnabled":false,"startPlanRecommendationDismissed":false,"providerFamilyConnectionSelections":{},"providerFamilyDomain":"zai","providerFamilyDomainMigrated":true,"nativeSearchEnhancementsEnabled":true,"memoryEnabled":false,"lastWorkspaceSession":[{"kind":"local","workspacePath":"C:\\Users\\USER\\Desktop\\Personal\\ZCode\\.tmp\\z1-native-1790566588657-b664be\\workspace","workspacePurpose":"project"},{"kind":"local","workspacePath":"C:\\Users\\USER\\Desktop\\Personal\\ZCode\\.tmp\\z1-native-1790566588657-b664be\\data\\.zcode\\workspace\\default","workspacePurpose":"conversation"}],"lastActiveTabIndex":0,"receivePreviewUpdates":false,"autoDownloadAndInstallUpdates":false,"skippedElectronUpdateVersions":{},"settingsSyncFirstRunPromptHandled":true}
[Z1 child] [2026-09-28 11:36:34.386] [pid:40180] [zcode-host] [rpc:call] graphEngineering.getWorkspace OK (1.2ms)
[2026-09-28 11:36:34.386] [pid:26224] [main] [host-log] (local-1) [host] [2026-09-28 11:36:34.386] [pid:40180] [zcode-host] [rpc:call] graphEngineering.getWorkspace OK (1.2ms)
[Z1 child] [2026-09-28 11:36:34.430] [pid:40180] [zcode-host] [rpc:call] graphWorkflow.projectSetup OK (0.3ms)
[2026-09-28 11:36:34.430] [pid:26224] [main] [host-log] (local-1) [host] [2026-09-28 11:36:34.430] [pid:40180] [zcode-host] [rpc:call] graphWorkflow.projectSetup OK (0.3ms)
[2026-09-28 11:36:34.458] [pid:26224] [settingService] writing settings to: C:\Users\USER\Desktop\Personal\ZCode\.tmp\z1-native-1790566588657-b664be\home\.zcode\v2\setting.json {"recentProjects":[],"locale":"zh-CN","localePreference":"en-US","terminalInheritSystemProfile":true,"embeddedBrowserAllowInsecureCertificates":false,"embeddedBrowserViewportPreference":{"mode":"normal","viewport":{"width":393,"height":852},"zoom":"fit"},"computerUseComposerEntryHidden":true,"taskAutoArchiveEnabled":false,"taskAutoArchiveOlderThanDays":7,"closeToTrayOnWindows":false,"closeToTrayOnWindowsMigrationInitialized":true,"keepAwakeWhileRunning":false,"desktopWindowSize":{"width":1920,"height":1080,"maximized":false},"desktopChromiumHardwareAccelerationEnabled":true,"messageStreamShowReasoning":true,"messageStreamShowReasoningMigrationInitialized":true,"messageStreamShowTodos":false,"toolGroupingExploreEnabled":true,"toolGroupingTerminalEnabled":true,"toolGroupingChangesEnabled":false,"zcodeInteractionBehavior":"queue","askUserQuestionAutoResolutionEnabled":false,"modelIoFullRetentionEnabled":false,"startPlanRecommendationDismissed":false,"providerFamilyConnectionSelections":{},"providerFamilyDomain":"zai","providerFamilyDomainMigrated":true,"nativeSearchEnhancementsEnabled":true,"memoryEnabled":false,"lastWorkspaceSession":[{"kind":"local","workspacePath":"C:\\Users\\USER\\Desktop\\Personal\\ZCode\\.tmp\\z1-native-1790566588657-b664be\\workspace","workspacePurpose":"project"},{"kind":"local","workspacePath":"C:\\Users\\USER\\Desktop\\Personal\\ZCode\\.tmp\\z1-native-1790566588657-b664be\\data\\.zcode\\workspace\\default","workspacePurpose":"conversation"}],"lastActiveTabIndex":0,"receivePreviewUpdates":false,"autoDownloadAndInstallUpdates":false,"skippedElectronUpdateVersions":{},"settingsSyncFirstRunPromptHandled":true}
[2026-09-28 11:36:34.458] [pid:26224] [main] [host-log] (local-1) [host] [2026-09-28 11:36:34.458] [pid:40180] [zcode-host] [rpc:call] graphEngineering.recipes OK (22.9ms)
[Z1 child] [2026-09-28 11:36:34.458] [pid:40180] [zcode-host] [rpc:call] graphEngineering.recipes OK (22.9ms)
[2026-09-28 11:36:34.458] [pid:40180] [settingService] reading settings from: C:\Users\USER\Desktop\Personal\ZCode\.tmp\z1-native-1790566588657-b664be\home\.zcode\v2\setting.json
[2026-09-28 11:36:34.458] [pid:40180] [settingService] read result: {"recentProjects":[],"locale":"zh-CN","localePreference":"en-US","terminalInheritSystemProfile":true,"embeddedBrowserAllowInsecureCertificates":false,"embeddedBrowserViewportPreference":{"mode":"normal","viewport":{"width":393,"height":852},"zoom":"fit"},"computerUseComposerEntryHidden":true,"taskAutoArchiveEnabled":false,"taskAutoArchiveOlderThanDays":7,"closeToTrayOnWindows":false,"closeToTrayOnWindowsMigrationInitialized":true,"keepAwakeWhileRunning":false,"desktopChromiumHardwareAccelerationEnabled":true,"messageStreamShowReasoning":true,"messageStreamShowReasoningMigrationInitialized":true,"messageStreamShowTodos":false,"toolGroupingExploreEnabled":true,"toolGroupingTerminalEnabled":true,"toolGroupingChangesEnabled":false,"zcodeInteractionBehavior":"queue","askUserQuestionAutoResolutionEnabled":false,"modelIoFullRetentionEnabled":false,"startPlanRecommendationDismissed":false,"providerFamilyConnectionSelections":{},"providerFamilyDomain":"zai","providerFamilyDomainMigrated":true,"nativeSearchEnhancementsEnabled":true,"memoryEnabled":false,"lastWorkspaceSession":[{"kind":"local","workspacePath":"C:\\Users\\USER\\Desktop\\Personal\\ZCode\\.tmp\\z1-native-1790566588657-b664be\\workspace","workspacePurpose":"project"},{"kind":"local","workspacePath":"C:\\Users\\USER\\Desktop\\Personal\\ZCode\\.tmp\\z1-native-1790566588657-b664be\\data\\.zcode\\workspace\\default","workspacePurpose":"conversation"}],"lastActiveTabIndex":0,"receivePreviewUpdates":false,"autoDownloadAndInstallUpdates":false,"skippedElectronUpdateVersions":{},"settingsSyncFirstRunPromptHandled":true}
[Z1 child] [2026-09-28 11:36:34.459] [pid:40180] [zcode-host] [rpc:call] graphEngineering.getWorkspace OK (1.1ms)
[2026-09-28 11:36:34.459] [pid:26224] [main] [host-log] (local-1) [host] [2026-09-28 11:36:34.459] [pid:40180] [zcode-host] [rpc:call] graphEngineering.getWorkspace OK (1.1ms)
[2026-09-28 11:36:34.465] [pid:26224] [settingService] write done
[2026-09-28 11:36:34.801] [pid:26224] [main] [host-log] (local-1) [host] [2026-09-28 11:36:34.801] [pid:40180] [zcode-host] [rpc:call] setting.get OK (1.1ms)
[Z1 child] [2026-09-28 11:36:34.800] [pid:40180] [settingService] reading settings from: C:\Users\USER\Desktop\Personal\ZCode\.tmp\z1-native-1790566588657-b664be\home\.zcode\v2\setting.json
[2026-09-28 11:36:34.801] [pid:40180] [settingService] read result: {"recentProjects":[],"locale":"zh-CN","localePreference":"en-US","terminalInheritSystemProfile":true,"embeddedBrowserAllowInsecureCertificates":false,"embeddedBrowserViewportPreference":{"mode":"normal","viewport":{"width":393,"height":852},"zoom":"fit"},"computerUseComposerEntryHidden":true,"taskAutoArchiveEnabled":false,"taskAutoArchiveOlderThanDays":7,"closeToTrayOnWindows":false,"closeToTrayOnWindowsMigrationInitialized":true,"keepAwakeWhileRunning":false,"desktopWindowSize":{"width":1920,"height":1080,"maximized":false},"desktopChromiumHardwareAccelerationEnabled":true,"messageStreamShowReasoning":true,"messageStreamShowReasoningMigrationInitialized":true,"messageStreamShowTodos":false,"toolGroupingExploreEnabled":true,"toolGroupingTerminalEnabled":true,"toolGroupingChangesEnabled":false,"zcodeInteractionBehavior":"queue","askUserQuestionAutoResolutionEnabled":false,"modelIoFullRetentionEnabled":false,"startPlanRecommendationDismissed":false,"providerFamilyConnectionSelections":{},"providerFamilyDomain":"zai","providerFamilyDomainMigrated":true,"nativeSearchEnhancementsEnabled":true,"memoryEnabled":false,"lastWorkspaceSession":[{"kind":"local","workspacePath":"C:\\Users\\USER\\Desktop\\Personal\\ZCode\\.tmp\\z1-native-1790566588657-b664be\\workspace","workspacePurpose":"project"},{"kind":"local","workspacePath":"C:\\Users\\USER\\Desktop\\Personal\\ZCode\\.tmp\\z1-native-1790566588657-b664be\\data\\.zcode\\workspace\\default","workspacePurpose":"conversation"}],"lastActiveTabIndex":0,"receivePreviewUpdates":false,"autoDownloadAndInstallUpdates":false,"skippedElectronUpdateVersions":{},"settingsSyncFirstRunPromptHandled":true}
[2026-09-28 11:36:34.801] [pid:40180] [zcode-host] [rpc:call] setting.get OK (1.1ms)
[2026-09-28 11:36:34.961] [pid:26224] [settingService] writing settings to: C:\Users\USER\Desktop\Personal\ZCode\.tmp\z1-native-1790566588657-b664be\home\.zcode\v2\setting.json {"recentProjects":[],"locale":"zh-CN","localePreference":"en-US","terminalInheritSystemProfile":true,"embeddedBrowserAllowInsecureCertificates":false,"embeddedBrowserViewportPreference":{"mode":"normal","viewport":{"width":393,"height":852},"zoom":"fit"},"computerUseComposerEntryHidden":true,"taskAutoArchiveEnabled":false,"taskAutoArchiveOlderThanDays":7,"closeToTrayOnWindows":false,"closeToTrayOnWindowsMigrationInitialized":true,"keepAwakeWhileRunning":false,"desktopWindowSize":{"width":1920,"height":1080,"maximized":false},"desktopChromiumHardwareAccelerationEnabled":true,"messageStreamShowReasoning":true,"messageStreamShowReasoningMigrationInitialized":true,"messageStreamShowTodos":false,"toolGroupingExploreEnabled":true,"toolGroupingTerminalEnabled":true,"toolGroupingChangesEnabled":false,"zcodeInteractionBehavior":"queue","askUserQuestionAutoResolutionEnabled":false,"modelIoFullRetentionEnabled":false,"startPlanRecommendationDismissed":false,"providerFamilyConnectionSelections":{},"providerFamilyDomain":"zai","providerFamilyDomainMigrated":true,"nativeSearchEnhancementsEnabled":true,"memoryEnabled":false,"lastWorkspaceSession":[{"kind":"local","workspacePath":"C:\\Users\\USER\\Desktop\\Personal\\ZCode\\.tmp\\z1-native-1790566588657-b664be\\workspace","workspacePurpose":"project"},{"kind":"local","workspacePath":"C:\\Users\\USER\\Desktop\\Personal\\ZCode\\.tmp\\z1-native-1790566588657-b664be\\data\\.zcode\\workspace\\default","workspacePurpose":"conversation"}],"lastActiveTabIndex":0,"receivePreviewUpdates":false,"autoDownloadAndInstallUpdates":false,"skippedElectronUpdateVersions":{},"settingsSyncFirstRunPromptHandled":true}
[2026-09-28 11:36:34.967] [pid:26224] [settingService] write done
[Z1 child] [2026-09-28 11:36:35.429] [pid:40180] [zcode-host] [rpc:call] graphEngineering.saveDefinition OK (2.8ms)
[2026-09-28 11:36:35.430] [pid:26224] [main] [host-log] (local-1) [host] [2026-09-28 11:36:35.429] [pid:40180] [zcode-host] [rpc:call] graphEngineering.saveDefinition OK (2.8ms)
[Z1 child] [2026-09-28 11:36:35.438] [pid:40180] [settingService] reading settings from: C:\Users\USER\Desktop\Personal\ZCode\.tmp\z1-native-1790566588657-b664be\home\.zcode\v2\setting.json
[Z1 child] [2026-09-28 11:36:35.438] [pid:40180] [settingService] read result: {"recentProjects":[],"locale":"zh-CN","localePreference":"en-US","terminalInheritSystemProfile":true,"embeddedBrowserAllowInsecureCertificates":false,"embeddedBrowserViewportPreference":{"mode":"normal","viewport":{"width":393,"height":852},"zoom":"fit"},"computerUseComposerEntryHidden":true,"taskAutoArchiveEnabled":false,"taskAutoArchiveOlderThanDays":7,"closeToTrayOnWindows":false,"closeToTrayOnWindowsMigrationInitialized":true,"keepAwakeWhileRunning":false,"desktopWindowSize":{"width":1920,"height":1080,"maximized":false},"desktopChromiumHardwareAccelerationEnabled":true,"messageStreamShowReasoning":true,"messageStreamShowReasoningMigrationInitialized":true,"messageStreamShowTodos":false,"toolGroupingExploreEnabled":true,"toolGroupingTerminalEnabled":true,"toolGroupingChangesEnabled":false,"zcodeInteractionBehavior":"queue","askUserQuestionAutoResolutionEnabled":false,"modelIoFullRetentionEnabled":false,"startPlanRecommendationDismissed":false,"providerFamilyConnectionSelections":{},"providerFamilyDomain":"zai","providerFamilyDomainMigrated":true,"nativeSearchEnhancementsEnabled":true,"memoryEnabled":false,"lastWorkspaceSession":[{"kind":"local","workspacePath":"C:\\Users\\USER\\Desktop\\Personal\\ZCode\\.tmp\\z1-native-1790566588657-b664be\\workspace","workspacePurpose":"project"},{"kind":"local","workspacePath":"C:\\Users\\USER\\Desktop\\Personal\\ZCode\\.tmp\\z1-native-1790566588657-b664be\\data\\.zcode\\workspace\\default","workspacePurpose":"conversation"}],"lastActiveTabIndex":0,"receivePreviewUpdates":false,"autoDownloadAndInstallUpdates":false,"skippedElectronUpdateVersions":{},"settingsSyncFirstRunPromptHandled":true}
[Z1 child] [2026-09-28 11:36:35.439] [pid:40180] [zcode-host] [rpc:call] graphEngineering.getWorkspace OK (1.3ms)
[2026-09-28 11:36:35.439] [pid:26224] [main] [host-log] (local-1) [host] [2026-09-28 11:36:35.439] [pid:40180] [zcode-host] [rpc:call] graphEngineering.getWorkspace OK (1.3ms)
[Z1 child] [2026-09-28 11:36:35.439] [pid:40180] [settingService] reading settings from: C:\Users\USER\Desktop\Personal\ZCode\.tmp\z1-native-1790566588657-b664be\home\.zcode\v2\setting.json
[2026-09-28 11:36:35.440] [pid:40180] [settingService] read result: {"recentProjects":[],"locale":"zh-CN","localePreference":"en-US","terminalInheritSystemProfile":true,"embeddedBrowserAllowInsecureCertificates":false,"embeddedBrowserViewportPreference":{"mode":"normal","viewport":{"width":393,"height":852},"zoom":"fit"},"computerUseComposerEntryHidden":true,"taskAutoArchiveEnabled":false,"taskAutoArchiveOlderThanDays":7,"closeToTrayOnWindows":false,"closeToTrayOnWindowsMigrationInitialized":true,"keepAwakeWhileRunning":false,"desktopWindowSize":{"width":1920,"height":1080,"maximized":false},"desktopChromiumHardwareAccelerationEnabled":true,"messageStreamShowReasoning":true,"messageStreamShowReasoningMigrationInitialized":true,"messageStreamShowTodos":false,"toolGroupingExploreEnabled":true,"toolGroupingTerminalEnabled":true,"toolGroupingChangesEnabled":false,"zcodeInteractionBehavior":"queue","askUserQuestionAutoResolutionEnabled":false,"modelIoFullRetentionEnabled":false,"startPlanRecommendationDismissed":false,"providerFamilyConnectionSelections":{},"providerFamilyDomain":"zai","providerFamilyDomainMigrated":true,"nativeSearchEnhancementsEnabled":true,"memoryEnabled":false,"lastWorkspaceSession":[{"kind":"local","workspacePath":"C:\\Users\\USER\\Desktop\\Personal\\ZCode\\.tmp\\z1-native-1790566588657-b664be\\workspace","workspacePurpose":"project"},{"kind":"local","workspacePath":"C:\\Users\\USER\\Desktop\\Personal\\ZCode\\.tmp\\z1-native-1790566588657-b664be\\data\\.zcode\\workspace\\default","workspacePurpose":"conversation"}],"lastActiveTabIndex":0,"receivePreviewUpdates":false,"autoDownloadAndInstallUpdates":false,"skippedElectronUpdateVersions":{},"settingsSyncFirstRunPromptHandled":true}
[Z1 child] [2026-09-28 11:36:35.445] [pid:40180] [zcode-host] [rpc:call] graphEngineering.validateDefinition OK (0.5ms)
[2026-09-28 11:36:35.445] [pid:26224] [main] [host-log] (local-1) [host] [2026-09-28 11:36:35.445] [pid:40180] [zcode-host] [rpc:call] graphEngineering.validateDefinition OK (0.5ms)
[2026-09-28 11:36:35.461] [pid:26224] [settingService] writing settings to: C:\Users\USER\Desktop\Personal\ZCode\.tmp\z1-native-1790566588657-b664be\home\.zcode\v2\setting.json {"recentProjects":[],"locale":"zh-CN","localePreference":"en-US","terminalInheritSystemProfile":true,"embeddedBrowserAllowInsecureCertificates":false,"embeddedBrowserViewportPreference":{"mode":"normal","viewport":{"width":393,"height":852},"zoom":"fit"},"computerUseComposerEntryHidden":true,"taskAutoArchiveEnabled":false,"taskAutoArchiveOlderThanDays":7,"closeToTrayOnWindows":false,"closeToTrayOnWindowsMigrationInitialized":true,"keepAwakeWhileRunning":false,"desktopWindowSize":{"width":1920,"height":1080,"maximized":false},"desktopChromiumHardwareAccelerationEnabled":true,"messageStreamShowReasoning":true,"messageStreamShowReasoningMigrationInitialized":true,"messageStreamShowTodos":false,"toolGroupingExploreEnabled":true,"toolGroupingTerminalEnabled":true,"toolGroupingChangesEnabled":false,"zcodeInteractionBehavior":"queue","askUserQuestionAutoResolutionEnabled":false,"modelIoFullRetentionEnabled":false,"startPlanRecommendationDismissed":false,"providerFamilyConnectionSelections":{},"providerFamilyDomain":"zai","providerFamilyDomainMigrated":true,"nativeSearchEnhancementsEnabled":true,"memoryEnabled":false,"lastWorkspaceSession":[{"kind":"local","workspacePath":"C:\\Users\\USER\\Desktop\\Personal\\ZCode\\.tmp\\z1-native-1790566588657-b664be\\workspace","workspacePurpose":"project"},{"kind":"local","workspacePath":"C:\\Users\\USER\\Desktop\\Personal\\ZCode\\.tmp\\z1-native-1790566588657-b664be\\data\\.zcode\\workspace\\default","workspacePurpose":"conversation"}],"lastActiveTabIndex":0,"receivePreviewUpdates":false,"autoDownloadAndInstallUpdates":false,"skippedElectronUpdateVersions":{},"settingsSyncFirstRunPromptHandled":true}
[2026-09-28 11:36:35.467] [pid:26224] [settingService] write done
[Z1 child] [2026-09-28 11:36:35.482] [pid:40180] [zcode-host] [rpc:call] graphWorkflow.prepare OK (43.3ms)
[2026-09-28 11:36:35.482] [pid:26224] [main] [host-log] (local-1) [host] [2026-09-28 11:36:35.482] [pid:40180] [zcode-host] [rpc:call] graphWorkflow.prepare OK (43.3ms)
[Z1 child] [2026-09-28 11:36:35.482] [pid:40180] [settingService] reading settings from: C:\Users\USER\Desktop\Personal\ZCode\.tmp\z1-native-1790566588657-b664be\home\.zcode\v2\setting.json
[Z1 child] [2026-09-28 11:36:35.483] [pid:40180] [settingService] read result: {"recentProjects":[],"locale":"zh-CN","localePreference":"en-US","terminalInheritSystemProfile":true,"embeddedBrowserAllowInsecureCertificates":false,"embeddedBrowserViewportPreference":{"mode":"normal","viewport":{"width":393,"height":852},"zoom":"fit"},"computerUseComposerEntryHidden":true,"taskAutoArchiveEnabled":false,"taskAutoArchiveOlderThanDays":7,"closeToTrayOnWindows":false,"closeToTrayOnWindowsMigrationInitialized":true,"keepAwakeWhileRunning":false,"desktopWindowSize":{"width":1920,"height":1080,"maximized":false},"desktopChromiumHardwareAccelerationEnabled":true,"messageStreamShowReasoning":true,"messageStreamShowReasoningMigrationInitialized":true,"messageStreamShowTodos":false,"toolGroupingExploreEnabled":true,"toolGroupingTerminalEnabled":true,"toolGroupingChangesEnabled":false,"zcodeInteractionBehavior":"queue","askUserQuestionAutoResolutionEnabled":false,"modelIoFullRetentionEnabled":false,"startPlanRecommendationDismissed":false,"providerFamilyConnectionSelections":{},"providerFamilyDomain":"zai","providerFamilyDomainMigrated":true,"nativeSearchEnhancementsEnabled":true,"memoryEnabled":false,"lastWorkspaceSession":[{"kind":"local","workspacePath":"C:\\Users\\USER\\Desktop\\Personal\\ZCode\\.tmp\\z1-native-1790566588657-b664be\\workspace","workspacePurpose":"project"},{"kind":"local","workspacePath":"C:\\Users\\USER\\Desktop\\Personal\\ZCode\\.tmp\\z1-native-1790566588657-b664be\\data\\.zcode\\workspace\\default","workspacePurpose":"conversation"}],"lastActiveTabIndex":0,"receivePreviewUpdates":false,"autoDownloadAndInstallUpdates":false,"skippedElectronUpdateVersions":{},"settingsSyncFirstRunPromptHandled":true}
[Z1 child] [2026-09-28 11:36:35.483] [pid:40180] [zcode-host] [rpc:call] graphEngineering.getWorkspace OK (1.0ms)
[2026-09-28 11:36:35.484] [pid:26224] [main] [host-log] (local-1) [host] [2026-09-28 11:36:35.483] [pid:40180] [zcode-host] [rpc:call] graphEngineering.getWorkspace OK (1.0ms)
[Z1 child] [2026-09-28 11:36:35.753] [pid:40180] [settingService] reading settings from: C:\Users\USER\Desktop\Personal\ZCode\.tmp\z1-native-1790566588657-b664be\home\.zcode\v2\setting.json
[Z1 child] [2026-09-28 11:36:35.754] [pid:40180] [settingService] read result: {"recentProjects":[],"locale":"zh-CN","localePreference":"en-US","terminalInheritSystemProfile":true,"embeddedBrowserAllowInsecureCertificates":false,"embeddedBrowserViewportPreference":{"mode":"normal","viewport":{"width":393,"height":852},"zoom":"fit"},"computerUseComposerEntryHidden":true,"taskAutoArchiveEnabled":false,"taskAutoArchiveOlderThanDays":7,"closeToTrayOnWindows":false,"closeToTrayOnWindowsMigrationInitialized":true,"keepAwakeWhileRunning":false,"desktopWindowSize":{"width":1920,"height":1080,"maximized":false},"desktopChromiumHardwareAccelerationEnabled":true,"messageStreamShowReasoning":true,"messageStreamShowReasoningMigrationInitialized":true,"messageStreamShowTodos":false,"toolGroupingExploreEnabled":true,"toolGroupingTerminalEnabled":true,"toolGroupingChangesEnabled":false,"zcodeInteractionBehavior":"queue","askUserQuestionAutoResolutionEnabled":false,"modelIoFullRetentionEnabled":false,"startPlanRecommendationDismissed":false,"providerFamilyConnectionSelections":{},"providerFamilyDomain":"zai","providerFamilyDomainMigrated":true,"nativeSearchEnhancementsEnabled":true,"memoryEnabled":false,"lastWorkspaceSession":[{"kind":"local","workspacePath":"C:\\Users\\USER\\Desktop\\Personal\\ZCode\\.tmp\\z1-native-1790566588657-b664be\\workspace","workspacePurpose":"project"},{"kind":"local","workspacePath":"C:\\Users\\USER\\Desktop\\Personal\\ZCode\\.tmp\\z1-native-1790566588657-b664be\\data\\.zcode\\workspace\\default","workspacePurpose":"conversation"}],"lastActiveTabIndex":0,"receivePreviewUpdates":false,"autoDownloadAndInstallUpdates":false,"skippedElectronUpdateVersions":{},"settingsSyncFirstRunPromptHandled":true}
[Z1 child] [2026-09-28 11:36:35.909] [pid:40180] [zcode-agent-service] 开始初始化 ZCode agent {
  workspaceKey: 'C:\\Users\\USER\\Desktop\\Personal\\ZCode\\.tmp\\z1-native-1790566588657-b664be\\workspace',
  workspacePath: 'C:\\Users\\USER\\Desktop\\Personal\\ZCode\\.tmp\\z1-native-1790566588657-b664be\\workspace'
}
[2026-09-28 11:36:35.909] [pid:26224] [main] [host-log] (local-1) [host] [2026-09-28 11:36:35.909] [pid:40180] [zcode-agent-service] 开始初始化 ZCode agent {"workspaceKey":"C:\\Users\\USER\\Desktop\\Personal\\ZCode\\.tmp\\z1-native-1790566588657-b664be\\workspace","workspacePath":"C:\\Users\\USER\\Desktop\\Personal\\ZCode\\.tmp\\z1-native-1790566588657-b664be\\workspace"}
[2026-09-28 11:36:35.910] [pid:26224] [main] [host-log] (local-1) [host] [2026-09-28 11:36:35.909] [pid:40180] [zcode-agent-service] ZCode agent 初始化完成 {"durationMs":0,"transportKind":"stdio","workspaceKey":"C:\\Users\\USER\\Desktop\\Personal\\ZCode\\.tmp\\z1-native-1790566588657-b664be\\workspace","workspacePath":"C:\\Users\\USER\\Desktop\\Personal\\ZCode\\.tmp\\z1-native-1790566588657-b664be\\workspace"}
[2026-09-28 11:36:35.911] [pid:26224] [main] [host-log] (local-1) [host] [2026-09-28 11:36:35.909] [pid:40180] [zcode-session-service][trace:bb59340f-f7e1-41e6-9b69-b89fc9cee98c] [zcode-session-service] createSession 分配 session trace {"persistence":"deferred","workspacePath":"C:\\Users\\USER\\Desktop\\Personal\\ZCode\\.tmp\\z1-native-1790566588657-b664be\\workspace"}
[2026-09-28 11:36:35.911] [pid:26224] [main] [host-log] (local-1) [host] [2026-09-28 11:36:35.909] [pid:40180] [zcode-agent-service][trace:bb59340f-f7e1-41e6-9b69-b89fc9cee98c] 开始请求 ZCode Protocol session/create {"hasInitialModel":true,"hasInitialThoughtLevel":false,"initialModel":"z1-local-fixture/z1-fixture$enabled","mcpServerCount":0,"mcpServerNames":[],"persistence":"deferred","workspaceKey":"C:\\Users\\USER\\Desktop\\Personal\\ZCode\\.tmp\\z1-native-1790566588657-b664be\\workspace","workspacePath":"C:\\Users\\USER\\Desktop\\Personal\\ZCode\\.tmp\\z1-native-1790566588657-b664be\\workspace"}
[Z1 child] [2026-09-28 11:36:35.909] [pid:40180] [zcode-agent-service] ZCode agent 初始化完成 {
  durationMs: 0,
  transportKind: 'stdio',
  workspaceKey: 'C:\\Users\\USER\\Desktop\\Personal\\ZCode\\.tmp\\z1-native-1790566588657-b664be\\workspace',
  workspacePath: 'C:\\Users\\USER\\Desktop\\Personal\\ZCode\\.tmp\\z1-native-1790566588657-b664be\\workspace'
}
[2026-09-28 11:36:35.909] [pid:40180] [zcode-session-service][trace:bb59340f-f7e1-41e6-9b69-b89fc9cee98c] [zcode-session-service] createSession 分配 session trace {
  persistence: 'deferred',
  workspaceIdentity: undefined,
  workspacePath: 'C:\\Users\\USER\\Desktop\\Personal\\ZCode\\.tmp\\z1-native-1790566588657-b664be\\workspace'
}
[2026-09-28 11:36:35.909] [pid:40180] [zcode-agent-service][trace:bb59340f-f7e1-41e6-9b69-b89fc9cee98c] 开始请求 ZCode Protocol session/create {
  hasInitialModel: true,
  hasInitialThoughtLevel: false,
  initialModel: 'z1-local-fixture/z1-fixture$enabled',
  mcpServerCount: 0,
  mcpServerNames: [],
  persistence: 'deferred',
  workspaceKey: 'C:\\Users\\USER\\Desktop\\Personal\\ZCode\\.tmp\\z1-native-1790566588657-b664be\\workspace',
  workspacePath: 'C:\\Users\\USER\\Desktop\\Personal\\ZCode\\.tmp\\z1-native-1790566588657-b664be\\workspace'
}
[2026-09-28 11:36:35.911] [pid:40180] [settingService] reading settings from: C:\Users\USER\Desktop\Personal\ZCode\.tmp\z1-native-1790566588657-b664be\home\.zcode\v2\setting.json
[2026-09-28 11:36:35.911] [pid:40180] [settingService] read result: {"recentProjects":[],"locale":"zh-CN","localePreference":"en-US","terminalInheritSystemProfile":true,"embeddedBrowserAllowInsecureCertificates":false,"embeddedBrowserViewportPreference":{"mode":"normal","viewport":{"width":393,"height":852},"zoom":"fit"},"computerUseComposerEntryHidden":true,"taskAutoArchiveEnabled":false,"taskAutoArchiveOlderThanDays":7,"closeToTrayOnWindows":false,"closeToTrayOnWindowsMigrationInitialized":true,"keepAwakeWhileRunning":false,"desktopWindowSize":{"width":1920,"height":1080,"maximized":false},"desktopChromiumHardwareAccelerationEnabled":true,"messageStreamShowReasoning":true,"messageStreamShowReasoningMigrationInitialized":true,"messageStreamShowTodos":false,"toolGroupingExploreEnabled":true,"toolGroupingTerminalEnabled":true,"toolGroupingChangesEnabled":false,"zcodeInteractionBehavior":"queue","askUserQuestionAutoResolutionEnabled":false,"modelIoFullRetentionEnabled":false,"startPlanRecommendationDismissed":false,"providerFamilyConnectionSelections":{},"providerFamilyDomain":"zai","providerFamilyDomainMigrated":true,"nativeSearchEnhancementsEnabled":true,"memoryEnabled":false,"lastWorkspaceSession":[{"kind":"local","workspacePath":"C:\\Users\\USER\\Desktop\\Personal\\ZCode\\.tmp\\z1-native-1790566588657-b664be\\workspace","workspacePurpose":"project"},{"kind":"local","workspacePath":"C:\\Users\\USER\\Desktop\\Personal\\ZCode\\.tmp\\z1-native-1790566588657-b664be\\data\\.zcode\\workspace\\default","workspacePurpose":"conversation"}],"lastActiveTabIndex":0,"receivePreviewUpdates":false,"autoDownloadAndInstallUpdates":false,"skippedElectronUpdateVersions":{},"settingsSyncFirstRunPromptHandled":true}
[Z1 child] [2026-09-28 11:36:35.973] [pid:40180] [zcode-agent-service][trace:bb59340f-f7e1-41e6-9b69-b89fc9cee98c] ZCode Protocol session/create 完成 {
  durationMs: 64,
  messageCount: 0,
  modelCurrent: 'z1-local-fixture/z1-fixture',
  mcpServerCount: 0,
  persistence: 'deferred',
  sessionId: 'sess_734c5147-6409-43fe-9d07-f3880e49e8ae',
  snapshotTraceId: 'bb59340f-f7e1-41e6-9b69-b89fc9cee98c',
  workspaceKey: 'C:\\Users\\USER\\Desktop\\Personal\\ZCode\\.tmp\\z1-native-1790566588657-b664be\\workspace',
  workspacePath: 'C:\\Users\\USER\\Desktop\\Personal\\ZCode\\.tmp\\z1-native-1790566588657-b664be\\workspace'
}
[2026-09-28 11:36:35.974] [pid:26224] [main] [host-log] (local-1) [host] [2026-09-28 11:36:35.973] [pid:40180] [zcode-agent-service][trace:bb59340f-f7e1-41e6-9b69-b89fc9cee98c] ZCode Protocol session/create 完成 {"durationMs":64,"messageCount":0,"modelCurrent":"z1-local-fixture/z1-fixture","mcpServerCount":0,"persistence":"deferred","sessionId":"sess_734c5147-6409-43fe-9d07-f3880e49e8ae","snapshotTraceId":"bb59340f-f7e1-41e6-9b69-b89fc9cee98c","workspaceKey":"C:\\Users\\USER\\Desktop\\Personal\\ZCode\\.tmp\\z1-native-1790566588657-b664be\\workspace","workspacePath":"C:\\Users\\USER\\Desktop\\Personal\\ZCode\\.tmp\\z1-native-1790566588657-b664be\\workspace"}
[2026-09-28 11:36:35.975] [pid:26224] [main] [host-log] (local-1) [host] [2026-09-28 11:36:35.974] [pid:40180] [zcode-session-service][trace:bb59340f-f7e1-41e6-9b69-b89fc9cee98c] [zcode-session-service] createSession agent 返回 {"durationMs":65,"mcpServerCount":0,"persistence":"deferred","snapshotTraceId":"bb59340f-f7e1-41e6-9b69-b89fc9cee98c","sessionId":"sess_734c5147-6409-43fe-9d07-f3880e49e8ae","workspacePath":"C:\\Users\\USER\\Desktop\\Personal\\ZCode\\.tmp\\z1-native-1790566588657-b664be\\workspace"}
[Z1 child] [2026-09-28 11:36:35.974] [pid:40180] [zcode-session-service][trace:bb59340f-f7e1-41e6-9b69-b89fc9cee98c] [zcode-session-service] createSession agent 返回 {
  durationMs: 65,
  mcpServerCount: 0,
  persistence: 'deferred',
  snapshotTraceId: 'bb59340f-f7e1-41e6-9b69-b89fc9cee98c',
  sessionId: 'sess_734c5147-6409-43fe-9d07-f3880e49e8ae',
  workspaceIdentity: undefined,
  workspacePath: 'C:\\Users\\USER\\Desktop\\Personal\\ZCode\\.tmp\\z1-native-1790566588657-b664be\\workspace'
}
[2026-09-28 11:36:36.041] [pid:26224] [main] [browser-use] execute start browserId=iab:97763482-3094-47c8-9add-e5d6301acdbf sessionId=sess_734c5147-6409-43fe-9d07-f3880e49e8ae method=list
[2026-09-28 11:36:36.042] [pid:26224] [main] [browser-use] execute requestId=ddb868cb-d9d5-4760-99f2-89a4d1a4567b browserId=iab:97763482-3094-47c8-9add-e5d6301acdbf generation=1790566591034 windowId=1 sessionId=sess_734c5147-6409-43fe-9d07-f3880e49e8ae method=list
[2026-09-28 11:36:36.044] [pid:26224] [main] [browser-use] execute done sessionId=sess_734c5147-6409-43fe-9d07-f3880e49e8ae method=list ok=true elapsedMs=1
[2026-09-28 11:36:36.044] [pid:26224] [main] [browser-use] execute start browserId=iab:97763482-3094-47c8-9add-e5d6301acdbf sessionId=sess_734c5147-6409-43fe-9d07-f3880e49e8ae method=listUserTabs
[2026-09-28 11:36:36.045] [pid:26224] [main] [browser-use] execute requestId=2fc40a4f-2c93-4ccd-b1c7-c158653df52c browserId=iab:97763482-3094-47c8-9add-e5d6301acdbf generation=1790566591034 windowId=1 sessionId=sess_734c5147-6409-43fe-9d07-f3880e49e8ae method=listUserTabs
[2026-09-28 11:36:36.046] [pid:26224] [main] [browser-use] execute done sessionId=sess_734c5147-6409-43fe-9d07-f3880e49e8ae method=listUserTabs ok=true elapsedMs=0
[Z1 child] [2026-09-28 11:36:36.063] [pid:40180] [settingService] reading settings from: C:\Users\USER\Desktop\Personal\ZCode\.tmp\z1-native-1790566588657-b664be\home\.zcode\v2\setting.json
[Z1 child] [2026-09-28 11:36:36.063] [pid:40180] [settingService] read result: {"recentProjects":[],"locale":"zh-CN","localePreference":"en-US","terminalInheritSystemProfile":true,"embeddedBrowserAllowInsecureCertificates":false,"embeddedBrowserViewportPreference":{"mode":"normal","viewport":{"width":393,"height":852},"zoom":"fit"},"computerUseComposerEntryHidden":true,"taskAutoArchiveEnabled":false,"taskAutoArchiveOlderThanDays":7,"closeToTrayOnWindows":false,"closeToTrayOnWindowsMigrationInitialized":true,"keepAwakeWhileRunning":false,"desktopWindowSize":{"width":1920,"height":1080,"maximized":false},"desktopChromiumHardwareAccelerationEnabled":true,"messageStreamShowReasoning":true,"messageStreamShowReasoningMigrationInitialized":true,"messageStreamShowTodos":false,"toolGroupingExploreEnabled":true,"toolGroupingTerminalEnabled":true,"toolGroupingChangesEnabled":false,"zcodeInteractionBehavior":"queue","askUserQuestionAutoResolutionEnabled":false,"modelIoFullRetentionEnabled":false,"startPlanRecommendationDismissed":false,"providerFamilyConnectionSelections":{},"providerFamilyDomain":"zai","providerFamilyDomainMigrated":true,"nativeSearchEnhancementsEnabled":true,"memoryEnabled":false,"lastWorkspaceSession":[{"kind":"local","workspacePath":"C:\\Users\\USER\\Desktop\\Personal\\ZCode\\.tmp\\z1-native-1790566588657-b664be\\workspace","workspacePurpose":"project"},{"kind":"local","workspacePath":"C:\\Users\\USER\\Desktop\\Personal\\ZCode\\.tmp\\z1-native-1790566588657-b664be\\data\\.zcode\\workspace\\default","workspacePurpose":"conversation"}],"lastActiveTabIndex":0,"receivePreviewUpdates":false,"autoDownloadAndInstallUpdates":false,"skippedElectronUpdateVersions":{},"settingsSyncFirstRunPromptHandled":true}
[Z1 child] [2026-09-28 11:36:36.074] [pid:40180] [zcode-host] [rpc:call] graphEngineering.run OK (321.9ms)
[2026-09-28 11:36:36.074] [pid:26224] [main] [host-log] (local-1) [host] [2026-09-28 11:36:36.074] [pid:40180] [zcode-host] [rpc:call] graphEngineering.run OK (321.9ms)
[Z1 child] [2026-09-28 11:36:36.074] [pid:40180] [settingService] reading settings from: C:\Users\USER\Desktop\Personal\ZCode\.tmp\z1-native-1790566588657-b664be\home\.zcode\v2\setting.json
[2026-09-28 11:36:36.075] [pid:40180] [settingService] read result: {"recentProjects":[],"locale":"zh-CN","localePreference":"en-US","terminalInheritSystemProfile":true,"embeddedBrowserAllowInsecureCertificates":false,"embeddedBrowserViewportPreference":{"mode":"normal","viewport":{"width":393,"height":852},"zoom":"fit"},"computerUseComposerEntryHidden":true,"taskAutoArchiveEnabled":false,"taskAutoArchiveOlderThanDays":7,"closeToTrayOnWindows":false,"closeToTrayOnWindowsMigrationInitialized":true,"keepAwakeWhileRunning":false,"desktopWindowSize":{"width":1920,"height":1080,"maximized":false},"desktopChromiumHardwareAccelerationEnabled":true,"messageStreamShowReasoning":true,"messageStreamShowReasoningMigrationInitialized":true,"messageStreamShowTodos":false,"toolGroupingExploreEnabled":true,"toolGroupingTerminalEnabled":true,"toolGroupingChangesEnabled":false,"zcodeInteractionBehavior":"queue","askUserQuestionAutoResolutionEnabled":false,"modelIoFullRetentionEnabled":false,"startPlanRecommendationDismissed":false,"providerFamilyConnectionSelections":{},"providerFamilyDomain":"zai","providerFamilyDomainMigrated":true,"nativeSearchEnhancementsEnabled":true,"memoryEnabled":false,"lastWorkspaceSession":[{"kind":"local","workspacePath":"C:\\Users\\USER\\Desktop\\Personal\\ZCode\\.tmp\\z1-native-1790566588657-b664be\\workspace","workspacePurpose":"project"},{"kind":"local","workspacePath":"C:\\Users\\USER\\Desktop\\Personal\\ZCode\\.tmp\\z1-native-1790566588657-b664be\\data\\.zcode\\workspace\\default","workspacePurpose":"conversation"}],"lastActiveTabIndex":0,"receivePreviewUpdates":false,"autoDownloadAndInstallUpdates":false,"skippedElectronUpdateVersions":{},"settingsSyncFirstRunPromptHandled":true}
[Z1 child] [2026-09-28 11:36:36.076] [pid:40180] [zcode-host] [rpc:call] graphEngineering.getWorkspace OK (273.0ms)
[2026-09-28 11:36:36.076] [pid:26224] [main] [host-log] (local-1) [host] [2026-09-28 11:36:36.076] [pid:40180] [zcode-host] [rpc:call] graphEngineering.getWorkspace OK (273.0ms)
[Z1 child] [2026-09-28 11:36:36.076] [pid:40180] [settingService] reading settings from: C:\Users\USER\Desktop\Personal\ZCode\.tmp\z1-native-1790566588657-b664be\home\.zcode\v2\setting.json
[2026-09-28 11:36:36.076] [pid:40180] [settingService] read result: {"recentProjects":[],"locale":"zh-CN","localePreference":"en-US","terminalInheritSystemProfile":true,"embeddedBrowserAllowInsecureCertificates":false,"embeddedBrowserViewportPreference":{"mode":"normal","viewport":{"width":393,"height":852},"zoom":"fit"},"computerUseComposerEntryHidden":true,"taskAutoArchiveEnabled":false,"taskAutoArchiveOlderThanDays":7,"closeToTrayOnWindows":false,"closeToTrayOnWindowsMigrationInitialized":true,"keepAwakeWhileRunning":false,"desktopWindowSize":{"width":1920,"height":1080,"maximized":false},"desktopChromiumHardwareAccelerationEnabled":true,"messageStreamShowReasoning":true,"messageStreamShowReasoningMigrationInitialized":true,"messageStreamShowTodos":false,"toolGroupingExploreEnabled":true,"toolGroupingTerminalEnabled":true,"toolGroupingChangesEnabled":false,"zcodeInteractionBehavior":"queue","askUserQuestionAutoResolutionEnabled":false,"modelIoFullRetentionEnabled":false,"startPlanRecommendationDismissed":false,"providerFamilyConnectionSelections":{},"providerFamilyDomain":"zai","providerFamilyDomainMigrated":true,"nativeSearchEnhancementsEnabled":true,"memoryEnabled":false,"lastWorkspaceSession":[{"kind":"local","workspacePath":"C:\\Users\\USER\\Desktop\\Personal\\ZCode\\.tmp\\z1-native-1790566588657-b664be\\workspace","workspacePurpose":"project"},{"kind":"local","workspacePath":"C:\\Users\\USER\\Desktop\\Personal\\ZCode\\.tmp\\z1-native-1790566588657-b664be\\data\\.zcode\\workspace\\default","workspacePurpose":"conversation"}],"lastActiveTabIndex":0,"receivePreviewUpdates":false,"autoDownloadAndInstallUpdates":false,"skippedElectronUpdateVersions":{},"settingsSyncFirstRunPromptHandled":true}
[Z1 child] [2026-09-28 11:36:36.077] [pid:40180] [zcode-host] [rpc:call] graphEngineering.getWorkspace OK (168.4ms)
[2026-09-28 11:36:36.077] [pid:26224] [main] [host-log] (local-1) [host] [2026-09-28 11:36:36.077] [pid:40180] [zcode-host] [rpc:call] graphEngineering.getWorkspace OK (168.4ms)
[Z1 child] [2026-09-28 11:36:36.077] [pid:40180] [settingService] reading settings from: C:\Users\USER\Desktop\Personal\ZCode\.tmp\z1-native-1790566588657-b664be\home\.zcode\v2\setting.json
[2026-09-28 11:36:36.078] [pid:40180] [settingService] read result: {"recentProjects":[],"locale":"zh-CN","localePreference":"en-US","terminalInheritSystemProfile":true,"embeddedBrowserAllowInsecureCertificates":false,"embeddedBrowserViewportPreference":{"mode":"normal","viewport":{"width":393,"height":852},"zoom":"fit"},"computerUseComposerEntryHidden":true,"taskAutoArchiveEnabled":false,"taskAutoArchiveOlderThanDays":7,"closeToTrayOnWindows":false,"closeToTrayOnWindowsMigrationInitialized":true,"keepAwakeWhileRunning":false,"desktopWindowSize":{"width":1920,"height":1080,"maximized":false},"desktopChromiumHardwareAccelerationEnabled":true,"messageStreamShowReasoning":true,"messageStreamShowReasoningMigrationInitialized":true,"messageStreamShowTodos":false,"toolGroupingExploreEnabled":true,"toolGroupingTerminalEnabled":true,"toolGroupingChangesEnabled":false,"zcodeInteractionBehavior":"queue","askUserQuestionAutoResolutionEnabled":false,"modelIoFullRetentionEnabled":false,"startPlanRecommendationDismissed":false,"providerFamilyConnectionSelections":{},"providerFamilyDomain":"zai","providerFamilyDomainMigrated":true,"nativeSearchEnhancementsEnabled":true,"memoryEnabled":false,"lastWorkspaceSession":[{"kind":"local","workspacePath":"C:\\Users\\USER\\Desktop\\Personal\\ZCode\\.tmp\\z1-native-1790566588657-b664be\\workspace","workspacePurpose":"project"},{"kind":"local","workspacePath":"C:\\Users\\USER\\Desktop\\Personal\\ZCode\\.tmp\\z1-native-1790566588657-b664be\\data\\.zcode\\workspace\\default","workspacePurpose":"conversation"}],"lastActiveTabIndex":0,"receivePreviewUpdates":false,"autoDownloadAndInstallUpdates":false,"skippedElectronUpdateVersions":{},"settingsSyncFirstRunPromptHandled":true}
[Z1 child] [2026-09-28 11:36:36.078] [pid:40180] [zcode-host] [rpc:call] graphEngineering.getWorkspace OK (98.7ms)
[2026-09-28 11:36:36.078] [pid:26224] [main] [host-log] (local-1) [host] [2026-09-28 11:36:36.078] [pid:40180] [zcode-host] [rpc:call] graphEngineering.getWorkspace OK (98.7ms)
[Z1 child] [2026-09-28 11:36:36.078] [pid:40180] [settingService] reading settings from: C:\Users\USER\Desktop\Personal\ZCode\.tmp\z1-native-1790566588657-b664be\home\.zcode\v2\setting.json
[2026-09-28 11:36:36.079] [pid:40180] [settingService] read result: {"recentProjects":[],"locale":"zh-CN","localePreference":"en-US","terminalInheritSystemProfile":true,"embeddedBrowserAllowInsecureCertificates":false,"embeddedBrowserViewportPreference":{"mode":"normal","viewport":{"width":393,"height":852},"zoom":"fit"},"computerUseComposerEntryHidden":true,"taskAutoArchiveEnabled":false,"taskAutoArchiveOlderThanDays":7,"closeToTrayOnWindows":false,"closeToTrayOnWindowsMigrationInitialized":true,"keepAwakeWhileRunning":false,"desktopWindowSize":{"width":1920,"height":1080,"maximized":false},"desktopChromiumHardwareAccelerationEnabled":true,"messageStreamShowReasoning":true,"messageStreamShowReasoningMigrationInitialized":true,"messageStreamShowTodos":false,"toolGroupingExploreEnabled":true,"toolGroupingTerminalEnabled":true,"toolGroupingChangesEnabled":false,"zcodeInteractionBehavior":"queue","askUserQuestionAutoResolutionEnabled":false,"modelIoFullRetentionEnabled":false,"startPlanRecommendationDismissed":false,"providerFamilyConnectionSelections":{},"providerFamilyDomain":"zai","providerFamilyDomainMigrated":true,"nativeSearchEnhancementsEnabled":true,"memoryEnabled":false,"lastWorkspaceSession":[{"kind":"local","workspacePath":"C:\\Users\\USER\\Desktop\\Personal\\ZCode\\.tmp\\z1-native-1790566588657-b664be\\workspace","workspacePurpose":"project"},{"kind":"local","workspacePath":"C:\\Users\\USER\\Desktop\\Personal\\ZCode\\.tmp\\z1-native-1790566588657-b664be\\data\\.zcode\\workspace\\default","workspacePurpose":"conversation"}],"lastActiveTabIndex":0,"receivePreviewUpdates":false,"autoDownloadAndInstallUpdates":false,"skippedElectronUpdateVersions":{},"settingsSyncFirstRunPromptHandled":true}
[2026-09-28 11:36:36.079] [pid:40180] [zcode-host] [rpc:call] graphEngineering.getWorkspace OK (41.7ms)
[2026-09-28 11:36:36.080] [pid:26224] [main] [host-log] (local-1) [host] [2026-09-28 11:36:36.079] [pid:40180] [zcode-host] [rpc:call] graphEngineering.getWorkspace OK (41.7ms)
[Z1 child] [2026-09-28 11:36:36.080] [pid:40180] [settingService] reading settings from: C:\Users\USER\Desktop\Personal\ZCode\.tmp\z1-native-1790566588657-b664be\home\.zcode\v2\setting.json
[2026-09-28 11:36:36.080] [pid:40180] [settingService] read result: {"recentProjects":[],"locale":"zh-CN","localePreference":"en-US","terminalInheritSystemProfile":true,"embeddedBrowserAllowInsecureCertificates":false,"embeddedBrowserViewportPreference":{"mode":"normal","viewport":{"width":393,"height":852},"zoom":"fit"},"computerUseComposerEntryHidden":true,"taskAutoArchiveEnabled":false,"taskAutoArchiveOlderThanDays":7,"closeToTrayOnWindows":false,"closeToTrayOnWindowsMigrationInitialized":true,"keepAwakeWhileRunning":false,"desktopWindowSize":{"width":1920,"height":1080,"maximized":false},"desktopChromiumHardwareAccelerationEnabled":true,"messageStreamShowReasoning":true,"messageStreamShowReasoningMigrationInitialized":true,"messageStreamShowTodos":false,"toolGroupingExploreEnabled":true,"toolGroupingTerminalEnabled":true,"toolGroupingChangesEnabled":false,"zcodeInteractionBehavior":"queue","askUserQuestionAutoResolutionEnabled":false,"modelIoFullRetentionEnabled":false,"startPlanRecommendationDismissed":false,"providerFamilyConnectionSelections":{},"providerFamilyDomain":"zai","providerFamilyDomainMigrated":true,"nativeSearchEnhancementsEnabled":true,"memoryEnabled":false,"lastWorkspaceSession":[{"kind":"local","workspacePath":"C:\\Users\\USER\\Desktop\\Personal\\ZCode\\.tmp\\z1-native-1790566588657-b664be\\workspace","workspacePurpose":"project"},{"kind":"local","workspacePath":"C:\\Users\\USER\\Desktop\\Personal\\ZCode\\.tmp\\z1-native-1790566588657-b664be\\data\\.zcode\\workspace\\default","workspacePurpose":"conversation"}],"lastActiveTabIndex":0,"receivePreviewUpdates":false,"autoDownloadAndInstallUpdates":false,"skippedElectronUpdateVersions":{},"settingsSyncFirstRunPromptHandled":true}
[Z1 child] [2026-09-28 11:36:36.081] [pid:40180] [zcode-host] [rpc:call] graphEngineering.getWorkspace OK (6.0ms)
[2026-09-28 11:36:36.081] [pid:26224] [main] [host-log] (local-1) [host] [2026-09-28 11:36:36.081] [pid:40180] [zcode-host] [rpc:call] graphEngineering.getWorkspace OK (6.0ms)
[Z1 child] [2026-09-28 11:36:36.081] [pid:40180] [settingService] reading settings from: C:\Users\USER\Desktop\Personal\ZCode\.tmp\z1-native-1790566588657-b664be\home\.zcode\v2\setting.json
[2026-09-28 11:36:36.081] [pid:40180] [settingService] read result: {"recentProjects":[],"locale":"zh-CN","localePreference":"en-US","terminalInheritSystemProfile":true,"embeddedBrowserAllowInsecureCertificates":false,"embeddedBrowserViewportPreference":{"mode":"normal","viewport":{"width":393,"height":852},"zoom":"fit"},"computerUseComposerEntryHidden":true,"taskAutoArchiveEnabled":false,"taskAutoArchiveOlderThanDays":7,"closeToTrayOnWindows":false,"closeToTrayOnWindowsMigrationInitialized":true,"keepAwakeWhileRunning":false,"desktopWindowSize":{"width":1920,"height":1080,"maximized":false},"desktopChromiumHardwareAccelerationEnabled":true,"messageStreamShowReasoning":true,"messageStreamShowReasoningMigrationInitialized":true,"messageStreamShowTodos":false,"toolGroupingExploreEnabled":true,"toolGroupingTerminalEnabled":true,"toolGroupingChangesEnabled":false,"zcodeInteractionBehavior":"queue","askUserQuestionAutoResolutionEnabled":false,"modelIoFullRetentionEnabled":false,"startPlanRecommendationDismissed":false,"providerFamilyConnectionSelections":{},"providerFamilyDomain":"zai","providerFamilyDomainMigrated":true,"nativeSearchEnhancementsEnabled":true,"memoryEnabled":false,"lastWorkspaceSession":[{"kind":"local","workspacePath":"C:\\Users\\USER\\Desktop\\Personal\\ZCode\\.tmp\\z1-native-1790566588657-b664be\\workspace","workspacePurpose":"project"},{"kind":"local","workspacePath":"C:\\Users\\USER\\Desktop\\Personal\\ZCode\\.tmp\\z1-native-1790566588657-b664be\\data\\.zcode\\workspace\\default","workspacePurpose":"conversation"}],"lastActiveTabIndex":0,"receivePreviewUpdates":false,"autoDownloadAndInstallUpdates":false,"skippedElectronUpdateVersions":{},"settingsSyncFirstRunPromptHandled":true}
[Z1 child] [2026-09-28 11:36:36.082] [pid:40180] [zcode-host] [rpc:call] graphEngineering.getWorkspace OK (5.9ms)
[2026-09-28 11:36:36.082] [pid:26224] [main] [host-log] (local-1) [host] [2026-09-28 11:36:36.082] [pid:40180] [zcode-host] [rpc:call] graphEngineering.getWorkspace OK (5.9ms)
[Z1 child] [2026-09-28 11:36:36.480] [pid:40180] [cua-pip-session] [cua-pip-session] event delivery dropped {
  eventId: 'a7d70eb0-cea0-4886-b9f5-d9e08da348e3',
  kind: 'turn-started',
  sequenceNumber: 3,
  sessionId: 'sess_734c5147-6409-43fe-9d07-f3880e49e8ae',
  turnId: 'turn_87d8cd1c-2f89-469d-be6f-f8db6f1c6b52',
  skipReason: 'service-disabled'
}
[2026-09-28 11:36:36.480] [pid:26224] [main] [host-log] (local-1) [host] [2026-09-28 11:36:36.480] [pid:40180] [cua-pip-session] [cua-pip-session] event delivery dropped {"eventId":"a7d70eb0-cea0-4886-b9f5-d9e08da348e3","kind":"turn-started","sequenceNumber":3,"sessionId":"sess_734c5147-6409-43fe-9d07-f3880e49e8ae","turnId":"turn_87d8cd1c-2f89-469d-be6f-f8db6f1c6b52","skipReason":"service-disabled"}
[Z1 child] [2026-09-28 11:36:36.539] [pid:40180] [settingService] reading settings from: C:\Users\USER\Desktop\Personal\ZCode\.tmp\z1-native-1790566588657-b664be\home\.zcode\v2\setting.json
[Z1 child] [2026-09-28 11:36:36.539] [pid:40180] [settingService] read result: {"recentProjects":[],"locale":"zh-CN","localePreference":"en-US","terminalInheritSystemProfile":true,"embeddedBrowserAllowInsecureCertificates":false,"embeddedBrowserViewportPreference":{"mode":"normal","viewport":{"width":393,"height":852},"zoom":"fit"},"computerUseComposerEntryHidden":true,"taskAutoArchiveEnabled":false,"taskAutoArchiveOlderThanDays":7,"closeToTrayOnWindows":false,"closeToTrayOnWindowsMigrationInitialized":true,"keepAwakeWhileRunning":false,"desktopWindowSize":{"width":1920,"height":1080,"maximized":false},"desktopChromiumHardwareAccelerationEnabled":true,"messageStreamShowReasoning":true,"messageStreamShowReasoningMigrationInitialized":true,"messageStreamShowTodos":false,"toolGroupingExploreEnabled":true,"toolGroupingTerminalEnabled":true,"toolGroupingChangesEnabled":false,"zcodeInteractionBehavior":"queue","askUserQuestionAutoResolutionEnabled":false,"modelIoFullRetentionEnabled":false,"startPlanRecommendationDismissed":false,"providerFamilyConnectionSelections":{},"providerFamilyDomain":"zai","providerFamilyDomainMigrated":true,"nativeSearchEnhancementsEnabled":true,"memoryEnabled":false,"lastWorkspaceSession":[{"kind":"local","workspacePath":"C:\\Users\\USER\\Desktop\\Personal\\ZCode\\.tmp\\z1-native-1790566588657-b664be\\workspace","workspacePurpose":"project"},{"kind":"local","workspacePath":"C:\\Users\\USER\\Desktop\\Personal\\ZCode\\.tmp\\z1-native-1790566588657-b664be\\data\\.zcode\\workspace\\default","workspacePurpose":"conversation"}],"lastActiveTabIndex":0,"receivePreviewUpdates":false,"autoDownloadAndInstallUpdates":false,"skippedElectronUpdateVersions":{},"settingsSyncFirstRunPromptHandled":true}
[Z1 child] [2026-09-28 11:36:36.540] [pid:40180] [zcode-host] [rpc:call] graphEngineering.getWorkspace OK (1.1ms)
[2026-09-28 11:36:36.540] [pid:26224] [main] [host-log] (local-1) [host] [2026-09-28 11:36:36.540] [pid:40180] [zcode-host] [rpc:call] graphEngineering.getWorkspace OK (1.1ms)
[Z1 child] [2026-09-28 11:36:36.570] [pid:40180] [zcode-task-index-syncer] [list-refresh-trace] emitWorkspaceTaskListChanged reason=task_created taskId=sess_734c5147-6409-43fe-9d07-f3880e49e8ae workspace=C:\Users\USER\Desktop\Personal\ZCode\.tmp\z1-native-1790566588657-b664be\workspace hasMeta=true
[Z1 child] [2026-09-28 11:36:36.573] [pid:40180] [zcode-host] [rpc:call] zcode-task.listPinnedTaskIds OK (0.1ms)
[2026-09-28 11:36:36.573] [pid:26224] [main] [host-log] (local-1) [host] [2026-09-28 11:36:36.573] [pid:40180] [zcode-host] [rpc:call] zcode-task.listPinnedTaskIds OK (0.1ms)
[2026-09-28 11:36:36.574] [pid:26224] [main] [host-log] (local-1) [host] [2026-09-28 11:36:36.573] [pid:40180] [zcode-host] [rpc:call] zcode-task.listArchivedTasks OK (0.1ms)
[2026-09-28 11:36:36.574] [pid:26224] [main] [host-log] (local-1) [host] [2026-09-28 11:36:36.573] [pid:40180] [zcode-host] [rpc:call] zcode-task.listTasks OK (0.1ms)
[2026-09-28 11:36:36.575] [pid:26224] [main] [host-log] (local-1) [host] [2026-09-28 11:36:36.573] [pid:40180] [zcode-host] [rpc:call] zcode-task.listPinnedTasks OK (0.1ms)
[2026-09-28 11:36:36.576] [pid:26224] [main] [host-log] (local-1) [host] [2026-09-28 11:36:36.573] [pid:40180] [zcode-host] [rpc:call] zcode-task.listDeletedTaskIds OK (0.1ms)
[Z1 child] [2026-09-28 11:36:36.573] [pid:40180] [zcode-host] [rpc:call] zcode-task.listArchivedTasks OK (0.1ms)
[2026-09-28 11:36:36.573] [pid:40180] [zcode-host] [rpc:call] zcode-task.listTasks OK (0.1ms)
[2026-09-28 11:36:36.573] [pid:40180] [zcode-host] [rpc:call] zcode-task.listPinnedTasks OK (0.1ms)
[2026-09-28 11:36:36.573] [pid:40180] [zcode-host] [rpc:call] zcode-task.listDeletedTaskIds OK (0.1ms)
[2026-09-28 11:36:36.576] [pid:40180] [zcode-host] [rpc:call] window-controller.listTaskList OK (0.1ms)
[2026-09-28 11:36:36.576] [pid:26224] [main] [host-log] (local-1) [host] [2026-09-28 11:36:36.576] [pid:40180] [zcode-host] [rpc:call] window-controller.listTaskList OK (0.1ms)
[Z1 child] [2026-09-28 11:36:36.643] [pid:40180] [settingService] reading settings from: C:\Users\USER\Desktop\Personal\ZCode\.tmp\z1-native-1790566588657-b664be\home\.zcode\v2\setting.json
[Z1 child] [2026-09-28 11:36:36.644] [pid:40180] [settingService] read result: {"recentProjects":[],"locale":"zh-CN","localePreference":"en-US","terminalInheritSystemProfile":true,"embeddedBrowserAllowInsecureCertificates":false,"embeddedBrowserViewportPreference":{"mode":"normal","viewport":{"width":393,"height":852},"zoom":"fit"},"computerUseComposerEntryHidden":true,"taskAutoArchiveEnabled":false,"taskAutoArchiveOlderThanDays":7,"closeToTrayOnWindows":false,"closeToTrayOnWindowsMigrationInitialized":true,"keepAwakeWhileRunning":false,"desktopWindowSize":{"width":1920,"height":1080,"maximized":false},"desktopChromiumHardwareAccelerationEnabled":true,"messageStreamShowReasoning":true,"messageStreamShowReasoningMigrationInitialized":true,"messageStreamShowTodos":false,"toolGroupingExploreEnabled":true,"toolGroupingTerminalEnabled":true,"toolGroupingChangesEnabled":false,"zcodeInteractionBehavior":"queue","askUserQuestionAutoResolutionEnabled":false,"modelIoFullRetentionEnabled":false,"startPlanRecommendationDismissed":false,"providerFamilyConnectionSelections":{},"providerFamilyDomain":"zai","providerFamilyDomainMigrated":true,"nativeSearchEnhancementsEnabled":true,"memoryEnabled":false,"lastWorkspaceSession":[{"kind":"local","workspacePath":"C:\\Users\\USER\\Desktop\\Personal\\ZCode\\.tmp\\z1-native-1790566588657-b664be\\workspace","workspacePurpose":"project"},{"kind":"local","workspacePath":"C:\\Users\\USER\\Desktop\\Personal\\ZCode\\.tmp\\z1-native-1790566588657-b664be\\data\\.zcode\\workspace\\default","workspacePurpose":"conversation"}],"lastActiveTabIndex":0,"receivePreviewUpdates":false,"autoDownloadAndInstallUpdates":false,"skippedElectronUpdateVersions":{},"settingsSyncFirstRunPromptHandled":true}
[Z1 child] [2026-09-28 11:36:36.644] [pid:40180] [zcode-host] [rpc:call] graphEngineering.getWorkspace OK (1.2ms)
[2026-09-28 11:36:36.645] [pid:26224] [main] [host-log] (local-1) [host] [2026-09-28 11:36:36.644] [pid:40180] [zcode-host] [rpc:call] graphEngineering.getWorkspace OK (1.2ms)
[Z1 child] [2026-09-28 11:36:36.690] [pid:40180] [cua-pip-session] [cua-pip-session] event delivery dropped {
  eventId: '4560cb51-0dd0-4ab7-ad24-a946a0520ad5',
  kind: 'turn-ended',
  sequenceNumber: 33,
  sessionId: 'sess_734c5147-6409-43fe-9d07-f3880e49e8ae',
  turnId: 'turn_87d8cd1c-2f89-469d-be6f-f8db6f1c6b52',
  outcome: 'completed',
  skipReason: 'service-disabled'
}
[2026-09-28 11:36:36.690] [pid:26224] [main] [host-log] (local-1) [host] [2026-09-28 11:36:36.690] [pid:40180] [cua-pip-session] [cua-pip-session] event delivery dropped {"eventId":"4560cb51-0dd0-4ab7-ad24-a946a0520ad5","kind":"turn-ended","sequenceNumber":33,"sessionId":"sess_734c5147-6409-43fe-9d07-f3880e49e8ae","turnId":"turn_87d8cd1c-2f89-469d-be6f-f8db6f1c6b52","outcome":"completed","skipReason":"service-disabled"}
[Z1 child] [2026-09-28 11:36:36.692] [pid:40180] [zcode-task-index-syncer] task 终态未读裁决 {
  goalStatus: null,
  phase: 'completedSuccess',
  taskId: 'sess_734c5147-6409-43fe-9d07-f3880e49e8ae',
  unreadSignal: 'background_terminal'
}
[Z1 child] [2026-09-28 11:36:36.693] [pid:40180] [zcode-task-index-syncer] [list-refresh-trace] emitWorkspaceTaskListChanged reason=task_status_changed taskId=sess_734c5147-6409-43fe-9d07-f3880e49e8ae workspace=C:\Users\USER\Desktop\Personal\ZCode\.tmp\z1-native-1790566588657-b664be\workspace hasMeta=true
[Z1 child] [2026-09-28 11:36:36.705] [pid:40180] [zcode-task-index-syncer] [list-refresh-trace] emitWorkspaceTaskListChanged reason=task_meta_changed taskId=sess_734c5147-6409-43fe-9d07-f3880e49e8ae workspace=C:\Users\USER\Desktop\Personal\ZCode\.tmp\z1-native-1790566588657-b664be\workspace hasMeta=true
[2026-09-28 11:36:36.706] [pid:40180] [zcode-host] [rpc:call] zcode-task.setTaskUnread OK (1.3ms)
[2026-09-28 11:36:36.708] [pid:26224] [main] [host-log] (local-1) [host] [2026-09-28 11:36:36.706] [pid:40180] [zcode-host] [rpc:call] zcode-task.setTaskUnread OK (1.3ms)
[Z1 child] [2026-09-28 11:36:36.722] [pid:40180] [zcode-host] [rpc:call] zcode-task.listPinnedTaskIds OK (0.2ms)
[2026-09-28 11:36:36.723] [pid:26224] [main] [host-log] (local-1) [host] [2026-09-28 11:36:36.722] [pid:40180] [zcode-host] [rpc:call] zcode-task.listPinnedTaskIds OK (0.2ms)
[2026-09-28 11:36:36.723] [pid:26224] [main] [host-log] (local-1) [host] [2026-09-28 11:36:36.723] [pid:40180] [zcode-host] [rpc:call] zcode-task.listArchivedTasks OK (0.1ms)
[2026-09-28 11:36:36.724] [pid:26224] [main] [host-log] (local-1) [host] [2026-09-28 11:36:36.723] [pid:40180] [zcode-host] [rpc:call] zcode-task.listTasks OK (0.3ms)
[Z1 child] [2026-09-28 11:36:36.723] [pid:40180] [zcode-host] [rpc:call] zcode-task.listArchivedTasks OK (0.1ms)
[2026-09-28 11:36:36.723] [pid:40180] [zcode-host] [rpc:call] zcode-task.listTasks OK (0.3ms)
[2026-09-28 11:36:36.723] [pid:40180] [zcode-host] [rpc:call] zcode-task.listPinnedTasks OK (0.1ms)
[2026-09-28 11:36:36.723] [pid:40180] [zcode-host] [rpc:call] zcode-task.listDeletedTaskIds OK (0.1ms)
[2026-09-28 11:36:36.725] [pid:26224] [main] [host-log] (local-1) [host] [2026-09-28 11:36:36.723] [pid:40180] [zcode-host] [rpc:call] zcode-task.listPinnedTasks OK (0.1ms)
[2026-09-28 11:36:36.725] [pid:26224] [main] [host-log] (local-1) [host] [2026-09-28 11:36:36.723] [pid:40180] [zcode-host] [rpc:call] zcode-task.listDeletedTaskIds OK (0.1ms)
[Z1 child] [2026-09-28 11:36:36.777] [pid:40180] [zcode-task-index-syncer] [list-refresh-trace] emitWorkspaceTaskListChanged reason=task_title_changed taskId=sess_734c5147-6409-43fe-9d07-f3880e49e8ae workspace=C:\Users\USER\Desktop\Personal\ZCode\.tmp\z1-native-1790566588657-b664be\workspace hasMeta=true
[Z1 child] [2026-09-28 11:36:36.778] [pid:40180] [zcode-task-index-syncer] [list-refresh-trace] emitWorkspaceTaskListChanged reason=task_status_changed taskId=sess_734c5147-6409-43fe-9d07-f3880e49e8ae workspace=C:\Users\USER\Desktop\Personal\ZCode\.tmp\z1-native-1790566588657-b664be\workspace hasMeta=true
[Z1 child] [2026-09-28 11:36:36.884] [pid:40180] [zcode-agent-service] 开始初始化 ZCode agent {
  workspaceKey: 'C:\\Users\\USER\\Desktop\\Personal\\ZCode\\.tmp\\z1-native-1790566588657-b664be\\workspace',
  workspacePath: 'C:\\Users\\USER\\Desktop\\Personal\\ZCode\\.tmp\\z1-native-1790566588657-b664be\\workspace'
}
[2026-09-28 11:36:36.884] [pid:40180] [zcode-agent-service] ZCode agent 初始化完成 {
  durationMs: 0,
  transportKind: 'stdio',
  workspaceKey: 'C:\\Users\\USER\\Desktop\\Personal\\ZCode\\.tmp\\z1-native-1790566588657-b664be\\workspace',
  workspacePath: 'C:\\Users\\USER\\Desktop\\Personal\\ZCode\\.tmp\\z1-native-1790566588657-b664be\\workspace'
}
[2026-09-28 11:36:36.885] [pid:26224] [main] [host-log] (local-1) [host] [2026-09-28 11:36:36.884] [pid:40180] [zcode-agent-service] 开始初始化 ZCode agent {"workspaceKey":"C:\\Users\\USER\\Desktop\\Personal\\ZCode\\.tmp\\z1-native-1790566588657-b664be\\workspace","workspacePath":"C:\\Users\\USER\\Desktop\\Personal\\ZCode\\.tmp\\z1-native-1790566588657-b664be\\workspace"}
[2026-09-28 11:36:36.885] [pid:26224] [main] [host-log] (local-1) [host] [2026-09-28 11:36:36.884] [pid:40180] [zcode-agent-service] ZCode agent 初始化完成 {"durationMs":0,"transportKind":"stdio","workspaceKey":"C:\\Users\\USER\\Desktop\\Personal\\ZCode\\.tmp\\z1-native-1790566588657-b664be\\workspace","workspacePath":"C:\\Users\\USER\\Desktop\\Personal\\ZCode\\.tmp\\z1-native-1790566588657-b664be\\workspace"}
[2026-09-28 11:36:36.886] [pid:26224] [main] [host-log] (local-1) [host] [2026-09-28 11:36:36.884] [pid:40180] [zcode-session-service][trace:63a45e95-a839-44e0-b17f-45438ff44990] [zcode-session-service] createSession 分配 session trace {"persistence":"deferred","workspacePath":"C:\\Users\\USER\\Desktop\\Personal\\ZCode\\.tmp\\z1-native-1790566588657-b664be\\workspace"}
[2026-09-28 11:36:36.887] [pid:26224] [main] [host-log] (local-1) [host] [2026-09-28 11:36:36.884] [pid:40180] [zcode-agent-service][trace:63a45e95-a839-44e0-b17f-45438ff44990] 开始请求 ZCode Protocol session/create {"hasInitialModel":true,"hasInitialThoughtLevel":false,"initialModel":"z1-local-fixture/z1-fixture$enabled","mcpServerCount":0,"mcpServerNames":[],"persistence":"deferred","workspaceKey":"C:\\Users\\USER\\Desktop\\Personal\\ZCode\\.tmp\\z1-native-1790566588657-b664be\\workspace","workspacePath":"C:\\Users\\USER\\Desktop\\Personal\\ZCode\\.tmp\\z1-native-1790566588657-b664be\\workspace"}
[Z1 child] [2026-09-28 11:36:36.884] [pid:40180] [zcode-session-service][trace:63a45e95-a839-44e0-b17f-45438ff44990] [zcode-session-service] createSession 分配 session trace {
  persistence: 'deferred',
  workspaceIdentity: undefined,
  workspacePath: 'C:\\Users\\USER\\Desktop\\Personal\\ZCode\\.tmp\\z1-native-1790566588657-b664be\\workspace'
}
[2026-09-28 11:36:36.884] [pid:40180] [zcode-agent-service][trace:63a45e95-a839-44e0-b17f-45438ff44990] 开始请求 ZCode Protocol session/create {
  hasInitialModel: true,
  hasInitialThoughtLevel: false,
  initialModel: 'z1-local-fixture/z1-fixture$enabled',
  mcpServerCount: 0,
  mcpServerNames: [],
  persistence: 'deferred',
  workspaceKey: 'C:\\Users\\USER\\Desktop\\Personal\\ZCode\\.tmp\\z1-native-1790566588657-b664be\\workspace',
  workspacePath: 'C:\\Users\\USER\\Desktop\\Personal\\ZCode\\.tmp\\z1-native-1790566588657-b664be\\workspace'
}
[2026-09-28 11:36:36.886] [pid:40180] [settingService] reading settings from: C:\Users\USER\Desktop\Personal\ZCode\.tmp\z1-native-1790566588657-b664be\home\.zcode\v2\setting.json
[2026-09-28 11:36:36.886] [pid:40180] [settingService] read result: {"recentProjects":[],"locale":"zh-CN","localePreference":"en-US","terminalInheritSystemProfile":true,"embeddedBrowserAllowInsecureCertificates":false,"embeddedBrowserViewportPreference":{"mode":"normal","viewport":{"width":393,"height":852},"zoom":"fit"},"computerUseComposerEntryHidden":true,"taskAutoArchiveEnabled":false,"taskAutoArchiveOlderThanDays":7,"closeToTrayOnWindows":false,"closeToTrayOnWindowsMigrationInitialized":true,"keepAwakeWhileRunning":false,"desktopWindowSize":{"width":1920,"height":1080,"maximized":false},"desktopChromiumHardwareAccelerationEnabled":true,"messageStreamShowReasoning":true,"messageStreamShowReasoningMigrationInitialized":true,"messageStreamShowTodos":false,"toolGroupingExploreEnabled":true,"toolGroupingTerminalEnabled":true,"toolGroupingChangesEnabled":false,"zcodeInteractionBehavior":"queue","askUserQuestionAutoResolutionEnabled":false,"modelIoFullRetentionEnabled":false,"startPlanRecommendationDismissed":false,"providerFamilyConnectionSelections":{},"providerFamilyDomain":"zai","providerFamilyDomainMigrated":true,"nativeSearchEnhancementsEnabled":true,"memoryEnabled":false,"lastWorkspaceSession":[{"kind":"local","workspacePath":"C:\\Users\\USER\\Desktop\\Personal\\ZCode\\.tmp\\z1-native-1790566588657-b664be\\workspace","workspacePurpose":"project"},{"kind":"local","workspacePath":"C:\\Users\\USER\\Desktop\\Personal\\ZCode\\.tmp\\z1-native-1790566588657-b664be\\data\\.zcode\\workspace\\default","workspacePurpose":"conversation"}],"lastActiveTabIndex":0,"receivePreviewUpdates":false,"autoDownloadAndInstallUpdates":false,"skippedElectronUpdateVersions":{},"settingsSyncFirstRunPromptHandled":true}
[Z1 child] [2026-09-28 11:36:36.941] [pid:40180] [zcode-agent-service][trace:63a45e95-a839-44e0-b17f-45438ff44990] ZCode Protocol session/create 完成 {
  durationMs: 57,
  messageCount: 0,
  modelCurrent: 'z1-local-fixture/z1-fixture',
  mcpServerCount: 0,
  persistence: 'deferred',
  sessionId: 'sess_f9497e91-6a27-46f8-8a4e-0beeb83a6dc7',
  snapshotTraceId: '63a45e95-a839-44e0-b17f-45438ff44990',
  workspaceKey: 'C:\\Users\\USER\\Desktop\\Personal\\ZCode\\.tmp\\z1-native-1790566588657-b664be\\workspace',
  workspacePath: 'C:\\Users\\USER\\Desktop\\Personal\\ZCode\\.tmp\\z1-native-1790566588657-b664be\\workspace'
}
[2026-09-28 11:36:36.942] [pid:26224] [main] [host-log] (local-1) [host] [2026-09-28 11:36:36.941] [pid:40180] [zcode-agent-service][trace:63a45e95-a839-44e0-b17f-45438ff44990] ZCode Protocol session/create 完成 {"durationMs":57,"messageCount":0,"modelCurrent":"z1-local-fixture/z1-fixture","mcpServerCount":0,"persistence":"deferred","sessionId":"sess_f9497e91-6a27-46f8-8a4e-0beeb83a6dc7","snapshotTraceId":"63a45e95-a839-44e0-b17f-45438ff44990","workspaceKey":"C:\\Users\\USER\\Desktop\\Personal\\ZCode\\.tmp\\z1-native-1790566588657-b664be\\workspace","workspacePath":"C:\\Users\\USER\\Desktop\\Personal\\ZCode\\.tmp\\z1-native-1790566588657-b664be\\workspace"}
[2026-09-28 11:36:36.942] [pid:26224] [main] [host-log] (local-1) [host] [2026-09-28 11:36:36.942] [pid:40180] [zcode-session-service][trace:63a45e95-a839-44e0-b17f-45438ff44990] [zcode-session-service] createSession agent 返回 {"durationMs":58,"mcpServerCount":0,"persistence":"deferred","snapshotTraceId":"63a45e95-a839-44e0-b17f-45438ff44990","sessionId":"sess_f9497e91-6a27-46f8-8a4e-0beeb83a6dc7","workspacePath":"C:\\Users\\USER\\Desktop\\Personal\\ZCode\\.tmp\\z1-native-1790566588657-b664be\\workspace"}
[Z1 child] [2026-09-28 11:36:36.942] [pid:40180] [zcode-session-service][trace:63a45e95-a839-44e0-b17f-45438ff44990] [zcode-session-service] createSession agent 返回 {
  durationMs: 58,
  mcpServerCount: 0,
  persistence: 'deferred',
  snapshotTraceId: '63a45e95-a839-44e0-b17f-45438ff44990',
  sessionId: 'sess_f9497e91-6a27-46f8-8a4e-0beeb83a6dc7',
  workspaceIdentity: undefined,
  workspacePath: 'C:\\Users\\USER\\Desktop\\Personal\\ZCode\\.tmp\\z1-native-1790566588657-b664be\\workspace'
}
[2026-09-28 11:36:36.977] [pid:26224] [main] [browser-use] execute start browserId=iab:97763482-3094-47c8-9add-e5d6301acdbf sessionId=sess_f9497e91-6a27-46f8-8a4e-0beeb83a6dc7 method=list
[2026-09-28 11:36:36.978] [pid:26224] [main] [browser-use] execute requestId=c4baec8e-37d5-43d5-a164-ff8a2b0522a3 browserId=iab:97763482-3094-47c8-9add-e5d6301acdbf generation=1790566591034 windowId=1 sessionId=sess_f9497e91-6a27-46f8-8a4e-0beeb83a6dc7 method=list
[2026-09-28 11:36:36.978] [pid:26224] [main] [browser-use] execute done sessionId=sess_f9497e91-6a27-46f8-8a4e-0beeb83a6dc7 method=list ok=true elapsedMs=0
[2026-09-28 11:36:36.979] [pid:26224] [main] [browser-use] execute start browserId=iab:97763482-3094-47c8-9add-e5d6301acdbf sessionId=sess_f9497e91-6a27-46f8-8a4e-0beeb83a6dc7 method=listUserTabs
[2026-09-28 11:36:36.979] [pid:26224] [main] [browser-use] execute requestId=aa5cd723-8842-4d96-b08d-1a0fae834d13 browserId=iab:97763482-3094-47c8-9add-e5d6301acdbf generation=1790566591034 windowId=1 sessionId=sess_f9497e91-6a27-46f8-8a4e-0beeb83a6dc7 method=listUserTabs
[2026-09-28 11:36:36.980] [pid:26224] [main] [browser-use] execute done sessionId=sess_f9497e91-6a27-46f8-8a4e-0beeb83a6dc7 method=listUserTabs ok=true elapsedMs=0
[Z1 child] [2026-09-28 11:36:36.989] [pid:40180] [settingService] reading settings from: C:\Users\USER\Desktop\Personal\ZCode\.tmp\z1-native-1790566588657-b664be\home\.zcode\v2\setting.json
[Z1 child] [2026-09-28 11:36:36.989] [pid:40180] [settingService] read result: {"recentProjects":[],"locale":"zh-CN","localePreference":"en-US","terminalInheritSystemProfile":true,"embeddedBrowserAllowInsecureCertificates":false,"embeddedBrowserViewportPreference":{"mode":"normal","viewport":{"width":393,"height":852},"zoom":"fit"},"computerUseComposerEntryHidden":true,"taskAutoArchiveEnabled":false,"taskAutoArchiveOlderThanDays":7,"closeToTrayOnWindows":false,"closeToTrayOnWindowsMigrationInitialized":true,"keepAwakeWhileRunning":false,"desktopWindowSize":{"width":1920,"height":1080,"maximized":false},"desktopChromiumHardwareAccelerationEnabled":true,"messageStreamShowReasoning":true,"messageStreamShowReasoningMigrationInitialized":true,"messageStreamShowTodos":false,"toolGroupingExploreEnabled":true,"toolGroupingTerminalEnabled":true,"toolGroupingChangesEnabled":false,"zcodeInteractionBehavior":"queue","askUserQuestionAutoResolutionEnabled":false,"modelIoFullRetentionEnabled":false,"startPlanRecommendationDismissed":false,"providerFamilyConnectionSelections":{},"providerFamilyDomain":"zai","providerFamilyDomainMigrated":true,"nativeSearchEnhancementsEnabled":true,"memoryEnabled":false,"lastWorkspaceSession":[{"kind":"local","workspacePath":"C:\\Users\\USER\\Desktop\\Personal\\ZCode\\.tmp\\z1-native-1790566588657-b664be\\workspace","workspacePurpose":"project"},{"kind":"local","workspacePath":"C:\\Users\\USER\\Desktop\\Personal\\ZCode\\.tmp\\z1-native-1790566588657-b664be\\data\\.zcode\\workspace\\default","workspacePurpose":"conversation"}],"lastActiveTabIndex":0,"receivePreviewUpdates":false,"autoDownloadAndInstallUpdates":false,"skippedElectronUpdateVersions":{},"settingsSyncFirstRunPromptHandled":true}
[Z1 child] [2026-09-28 11:36:36.995] [pid:40180] [settingService] reading settings from: C:\Users\USER\Desktop\Personal\ZCode\.tmp\z1-native-1790566588657-b664be\home\.zcode\v2\setting.json
[Z1 child] [2026-09-28 11:36:36.995] [pid:40180] [settingService] read result: {"recentProjects":[],"locale":"zh-CN","localePreference":"en-US","terminalInheritSystemProfile":true,"embeddedBrowserAllowInsecureCertificates":false,"embeddedBrowserViewportPreference":{"mode":"normal","viewport":{"width":393,"height":852},"zoom":"fit"},"computerUseComposerEntryHidden":true,"taskAutoArchiveEnabled":false,"taskAutoArchiveOlderThanDays":7,"closeToTrayOnWindows":false,"closeToTrayOnWindowsMigrationInitialized":true,"keepAwakeWhileRunning":false,"desktopWindowSize":{"width":1920,"height":1080,"maximized":false},"desktopChromiumHardwareAccelerationEnabled":true,"messageStreamShowReasoning":true,"messageStreamShowReasoningMigrationInitialized":true,"messageStreamShowTodos":false,"toolGroupingExploreEnabled":true,"toolGroupingTerminalEnabled":true,"toolGroupingChangesEnabled":false,"zcodeInteractionBehavior":"queue","askUserQuestionAutoResolutionEnabled":false,"modelIoFullRetentionEnabled":false,"startPlanRecommendationDismissed":false,"providerFamilyConnectionSelections":{},"providerFamilyDomain":"zai","providerFamilyDomainMigrated":true,"nativeSearchEnhancementsEnabled":true,"memoryEnabled":false,"lastWorkspaceSession":[{"kind":"local","workspacePath":"C:\\Users\\USER\\Desktop\\Personal\\ZCode\\.tmp\\z1-native-1790566588657-b664be\\workspace","workspacePurpose":"project"},{"kind":"local","workspacePath":"C:\\Users\\USER\\Desktop\\Personal\\ZCode\\.tmp\\z1-native-1790566588657-b664be\\data\\.zcode\\workspace\\default","workspacePurpose":"conversation"}],"lastActiveTabIndex":0,"receivePreviewUpdates":false,"autoDownloadAndInstallUpdates":false,"skippedElectronUpdateVersions":{},"settingsSyncFirstRunPromptHandled":true}
[Z1 child] [2026-09-28 11:36:36.996] [pid:40180] [zcode-host] [rpc:call] graphEngineering.getWorkspace OK (191.1ms)
[2026-09-28 11:36:36.996] [pid:26224] [main] [host-log] (local-1) [host] [2026-09-28 11:36:36.996] [pid:40180] [zcode-host] [rpc:call] graphEngineering.getWorkspace OK (191.1ms)
[Z1 child] [2026-09-28 11:36:36.996] [pid:40180] [settingService] reading settings from: C:\Users\USER\Desktop\Personal\ZCode\.tmp\z1-native-1790566588657-b664be\home\.zcode\v2\setting.json
[2026-09-28 11:36:36.997] [pid:40180] [settingService] read result: {"recentProjects":[],"locale":"zh-CN","localePreference":"en-US","terminalInheritSystemProfile":true,"embeddedBrowserAllowInsecureCertificates":false,"embeddedBrowserViewportPreference":{"mode":"normal","viewport":{"width":393,"height":852},"zoom":"fit"},"computerUseComposerEntryHidden":true,"taskAutoArchiveEnabled":false,"taskAutoArchiveOlderThanDays":7,"closeToTrayOnWindows":false,"closeToTrayOnWindowsMigrationInitialized":true,"keepAwakeWhileRunning":false,"desktopWindowSize":{"width":1920,"height":1080,"maximized":false},"desktopChromiumHardwareAccelerationEnabled":true,"messageStreamShowReasoning":true,"messageStreamShowReasoningMigrationInitialized":true,"messageStreamShowTodos":false,"toolGroupingExploreEnabled":true,"toolGroupingTerminalEnabled":true,"toolGroupingChangesEnabled":false,"zcodeInteractionBehavior":"queue","askUserQuestionAutoResolutionEnabled":false,"modelIoFullRetentionEnabled":false,"startPlanRecommendationDismissed":false,"providerFamilyConnectionSelections":{},"providerFamilyDomain":"zai","providerFamilyDomainMigrated":true,"nativeSearchEnhancementsEnabled":true,"memoryEnabled":false,"lastWorkspaceSession":[{"kind":"local","workspacePath":"C:\\Users\\USER\\Desktop\\Personal\\ZCode\\.tmp\\z1-native-1790566588657-b664be\\workspace","workspacePurpose":"project"},{"kind":"local","workspacePath":"C:\\Users\\USER\\Desktop\\Personal\\ZCode\\.tmp\\z1-native-1790566588657-b664be\\data\\.zcode\\workspace\\default","workspacePurpose":"conversation"}],"lastActiveTabIndex":0,"receivePreviewUpdates":false,"autoDownloadAndInstallUpdates":false,"skippedElectronUpdateVersions":{},"settingsSyncFirstRunPromptHandled":true}
[Z1 child] [2026-09-28 11:36:36.997] [pid:40180] [zcode-host] [rpc:call] graphEngineering.getWorkspace OK (113.0ms)
[2026-09-28 11:36:36.998] [pid:26224] [main] [host-log] (local-1) [host] [2026-09-28 11:36:36.997] [pid:40180] [zcode-host] [rpc:call] graphEngineering.getWorkspace OK (113.0ms)
[Z1 child] [2026-09-28 11:36:36.997] [pid:40180] [settingService] reading settings from: C:\Users\USER\Desktop\Personal\ZCode\.tmp\z1-native-1790566588657-b664be\home\.zcode\v2\setting.json
[2026-09-28 11:36:36.998] [pid:40180] [settingService] read result: {"recentProjects":[],"locale":"zh-CN","localePreference":"en-US","terminalInheritSystemProfile":true,"embeddedBrowserAllowInsecureCertificates":false,"embeddedBrowserViewportPreference":{"mode":"normal","viewport":{"width":393,"height":852},"zoom":"fit"},"computerUseComposerEntryHidden":true,"taskAutoArchiveEnabled":false,"taskAutoArchiveOlderThanDays":7,"closeToTrayOnWindows":false,"closeToTrayOnWindowsMigrationInitialized":true,"keepAwakeWhileRunning":false,"desktopWindowSize":{"width":1920,"height":1080,"maximized":false},"desktopChromiumHardwareAccelerationEnabled":true,"messageStreamShowReasoning":true,"messageStreamShowReasoningMigrationInitialized":true,"messageStreamShowTodos":false,"toolGroupingExploreEnabled":true,"toolGroupingTerminalEnabled":true,"toolGroupingChangesEnabled":false,"zcodeInteractionBehavior":"queue","askUserQuestionAutoResolutionEnabled":false,"modelIoFullRetentionEnabled":false,"startPlanRecommendationDismissed":false,"providerFamilyConnectionSelections":{},"providerFamilyDomain":"zai","providerFamilyDomainMigrated":true,"nativeSearchEnhancementsEnabled":true,"memoryEnabled":false,"lastWorkspaceSession":[{"kind":"local","workspacePath":"C:\\Users\\USER\\Desktop\\Personal\\ZCode\\.tmp\\z1-native-1790566588657-b664be\\workspace","workspacePurpose":"project"},{"kind":"local","workspacePath":"C:\\Users\\USER\\Desktop\\Personal\\ZCode\\.tmp\\z1-native-1790566588657-b664be\\data\\.zcode\\workspace\\default","workspacePurpose":"conversation"}],"lastActiveTabIndex":0,"receivePreviewUpdates":false,"autoDownloadAndInstallUpdates":false,"skippedElectronUpdateVersions":{},"settingsSyncFirstRunPromptHandled":true}
[2026-09-28 11:36:36.998] [pid:40180] [zcode-host] [rpc:call] graphEngineering.getWorkspace OK (53.3ms)
[2026-09-28 11:36:36.998] [pid:26224] [main] [host-log] (local-1) [host] [2026-09-28 11:36:36.998] [pid:40180] [zcode-host] [rpc:call] graphEngineering.getWorkspace OK (53.3ms)
[Z1 child] [2026-09-28 11:36:36.999] [pid:40180] [settingService] reading settings from: C:\Users\USER\Desktop\Personal\ZCode\.tmp\z1-native-1790566588657-b664be\home\.zcode\v2\setting.json
[2026-09-28 11:36:36.999] [pid:40180] [settingService] read result: {"recentProjects":[],"locale":"zh-CN","localePreference":"en-US","terminalInheritSystemProfile":true,"embeddedBrowserAllowInsecureCertificates":false,"embeddedBrowserViewportPreference":{"mode":"normal","viewport":{"width":393,"height":852},"zoom":"fit"},"computerUseComposerEntryHidden":true,"taskAutoArchiveEnabled":false,"taskAutoArchiveOlderThanDays":7,"closeToTrayOnWindows":false,"closeToTrayOnWindowsMigrationInitialized":true,"keepAwakeWhileRunning":false,"desktopWindowSize":{"width":1920,"height":1080,"maximized":false},"desktopChromiumHardwareAccelerationEnabled":true,"messageStreamShowReasoning":true,"messageStreamShowReasoningMigrationInitialized":true,"messageStreamShowTodos":false,"toolGroupingExploreEnabled":true,"toolGroupingTerminalEnabled":true,"toolGroupingChangesEnabled":false,"zcodeInteractionBehavior":"queue","askUserQuestionAutoResolutionEnabled":false,"modelIoFullRetentionEnabled":false,"startPlanRecommendationDismissed":false,"providerFamilyConnectionSelections":{},"providerFamilyDomain":"zai","providerFamilyDomainMigrated":true,"nativeSearchEnhancementsEnabled":true,"memoryEnabled":false,"lastWorkspaceSession":[{"kind":"local","workspacePath":"C:\\Users\\USER\\Desktop\\Personal\\ZCode\\.tmp\\z1-native-1790566588657-b664be\\workspace","workspacePurpose":"project"},{"kind":"local","workspacePath":"C:\\Users\\USER\\Desktop\\Personal\\ZCode\\.tmp\\z1-native-1790566588657-b664be\\data\\.zcode\\workspace\\default","workspacePurpose":"conversation"}],"lastActiveTabIndex":0,"receivePreviewUpdates":false,"autoDownloadAndInstallUpdates":false,"skippedElectronUpdateVersions":{},"settingsSyncFirstRunPromptHandled":true}
[Z1 child] [2026-09-28 11:36:36.999] [pid:40180] [zcode-host] [rpc:call] graphEngineering.getWorkspace OK (22.8ms)
[2026-09-28 11:36:36.999] [pid:26224] [main] [host-log] (local-1) [host] [2026-09-28 11:36:36.999] [pid:40180] [zcode-host] [rpc:call] graphEngineering.getWorkspace OK (22.8ms)
[Z1 child] [2026-09-28 11:36:37.000] [pid:40180] [settingService] reading settings from: C:\Users\USER\Desktop\Personal\ZCode\.tmp\z1-native-1790566588657-b664be\home\.zcode\v2\setting.json
[2026-09-28 11:36:37.000] [pid:40180] [settingService] read result: {"recentProjects":[],"locale":"zh-CN","localePreference":"en-US","terminalInheritSystemProfile":true,"embeddedBrowserAllowInsecureCertificates":false,"embeddedBrowserViewportPreference":{"mode":"normal","viewport":{"width":393,"height":852},"zoom":"fit"},"computerUseComposerEntryHidden":true,"taskAutoArchiveEnabled":false,"taskAutoArchiveOlderThanDays":7,"closeToTrayOnWindows":false,"closeToTrayOnWindowsMigrationInitialized":true,"keepAwakeWhileRunning":false,"desktopWindowSize":{"width":1920,"height":1080,"maximized":false},"desktopChromiumHardwareAccelerationEnabled":true,"messageStreamShowReasoning":true,"messageStreamShowReasoningMigrationInitialized":true,"messageStreamShowTodos":false,"toolGroupingExploreEnabled":true,"toolGroupingTerminalEnabled":true,"toolGroupingChangesEnabled":false,"zcodeInteractionBehavior":"queue","askUserQuestionAutoResolutionEnabled":false,"modelIoFullRetentionEnabled":false,"startPlanRecommendationDismissed":false,"providerFamilyConnectionSelections":{},"providerFamilyDomain":"zai","providerFamilyDomainMigrated":true,"nativeSearchEnhancementsEnabled":true,"memoryEnabled":false,"lastWorkspaceSession":[{"kind":"local","workspacePath":"C:\\Users\\USER\\Desktop\\Personal\\ZCode\\.tmp\\z1-native-1790566588657-b664be\\workspace","workspacePurpose":"project"},{"kind":"local","workspacePath":"C:\\Users\\USER\\Desktop\\Personal\\ZCode\\.tmp\\z1-native-1790566588657-b664be\\data\\.zcode\\workspace\\default","workspacePurpose":"conversation"}],"lastActiveTabIndex":0,"receivePreviewUpdates":false,"autoDownloadAndInstallUpdates":false,"skippedElectronUpdateVersions":{},"settingsSyncFirstRunPromptHandled":true}
[Z1 child] [2026-09-28 11:36:37.000] [pid:40180] [zcode-host] [rpc:call] graphEngineering.getWorkspace OK (5.1ms)
[2026-09-28 11:36:37.000] [pid:26224] [main] [host-log] (local-1) [host] [2026-09-28 11:36:37.000] [pid:40180] [zcode-host] [rpc:call] graphEngineering.getWorkspace OK (5.1ms)
[Z1 child] [2026-09-28 11:36:37.370] [pid:40180] [cua-pip-session] [cua-pip-session] event delivery dropped {
  eventId: '56ce34d4-3d6b-47e7-91e3-1ff7abc37263',
  kind: 'turn-started',
  sequenceNumber: 3,
  sessionId: 'sess_f9497e91-6a27-46f8-8a4e-0beeb83a6dc7',
  turnId: 'turn_12a397b7-40c8-476b-bf4e-0fede003f36c',
  skipReason: 'service-disabled'
}
[2026-09-28 11:36:37.370] [pid:26224] [main] [host-log] (local-1) [host] [2026-09-28 11:36:37.370] [pid:40180] [cua-pip-session] [cua-pip-session] event delivery dropped {"eventId":"56ce34d4-3d6b-47e7-91e3-1ff7abc37263","kind":"turn-started","sequenceNumber":3,"sessionId":"sess_f9497e91-6a27-46f8-8a4e-0beeb83a6dc7","turnId":"turn_12a397b7-40c8-476b-bf4e-0fede003f36c","skipReason":"service-disabled"}
[Z1 child] [2026-09-28 11:36:37.422] [pid:40180] [settingService] reading settings from: C:\Users\USER\Desktop\Personal\ZCode\.tmp\z1-native-1790566588657-b664be\home\.zcode\v2\setting.json
[Z1 child] [2026-09-28 11:36:37.422] [pid:40180] [settingService] read result: {"recentProjects":[],"locale":"zh-CN","localePreference":"en-US","terminalInheritSystemProfile":true,"embeddedBrowserAllowInsecureCertificates":false,"embeddedBrowserViewportPreference":{"mode":"normal","viewport":{"width":393,"height":852},"zoom":"fit"},"computerUseComposerEntryHidden":true,"taskAutoArchiveEnabled":false,"taskAutoArchiveOlderThanDays":7,"closeToTrayOnWindows":false,"closeToTrayOnWindowsMigrationInitialized":true,"keepAwakeWhileRunning":false,"desktopWindowSize":{"width":1920,"height":1080,"maximized":false},"desktopChromiumHardwareAccelerationEnabled":true,"messageStreamShowReasoning":true,"messageStreamShowReasoningMigrationInitialized":true,"messageStreamShowTodos":false,"toolGroupingExploreEnabled":true,"toolGroupingTerminalEnabled":true,"toolGroupingChangesEnabled":false,"zcodeInteractionBehavior":"queue","askUserQuestionAutoResolutionEnabled":false,"modelIoFullRetentionEnabled":false,"startPlanRecommendationDismissed":false,"providerFamilyConnectionSelections":{},"providerFamilyDomain":"zai","providerFamilyDomainMigrated":true,"nativeSearchEnhancementsEnabled":true,"memoryEnabled":false,"lastWorkspaceSession":[{"kind":"local","workspacePath":"C:\\Users\\USER\\Desktop\\Personal\\ZCode\\.tmp\\z1-native-1790566588657-b664be\\workspace","workspacePurpose":"project"},{"kind":"local","workspacePath":"C:\\Users\\USER\\Desktop\\Personal\\ZCode\\.tmp\\z1-native-1790566588657-b664be\\data\\.zcode\\workspace\\default","workspacePurpose":"conversation"}],"lastActiveTabIndex":0,"receivePreviewUpdates":false,"autoDownloadAndInstallUpdates":false,"skippedElectronUpdateVersions":{},"settingsSyncFirstRunPromptHandled":true}
[Z1 child] [2026-09-28 11:36:37.423] [pid:40180] [zcode-host] [rpc:call] graphEngineering.getWorkspace OK (1.1ms)
[2026-09-28 11:36:37.423] [pid:26224] [main] [host-log] (local-1) [host] [2026-09-28 11:36:37.423] [pid:40180] [zcode-host] [rpc:call] graphEngineering.getWorkspace OK (1.1ms)
[Z1 child] [2026-09-28 11:36:37.474] [pid:40180] [zcode-task-index-syncer] [list-refresh-trace] emitWorkspaceTaskListChanged reason=task_created taskId=sess_f9497e91-6a27-46f8-8a4e-0beeb83a6dc7 workspace=C:\Users\USER\Desktop\Personal\ZCode\.tmp\z1-native-1790566588657-b664be\workspace hasMeta=true
[Z1 child] [2026-09-28 11:36:37.476] [pid:40180] [zcode-host] [rpc:call] zcode-task.listPinnedTaskIds OK (0.1ms)
[2026-09-28 11:36:37.476] [pid:26224] [main] [host-log] (local-1) [host] [2026-09-28 11:36:37.476] [pid:40180] [zcode-host] [rpc:call] zcode-task.listPinnedTaskIds OK (0.1ms)
[Z1 child] [2026-09-28 11:36:37.476] [pid:40180] [zcode-host] [rpc:call] zcode-task.listArchivedTasks OK (0.1ms)
[2026-09-28 11:36:37.476] [pid:40180] [zcode-host] [rpc:call] zcode-task.listTasks OK (0.2ms)
[2026-09-28 11:36:37.477] [pid:40180] [zcode-host] [rpc:call] zcode-task.listPinnedTasks OK (0.1ms)
[2026-09-28 11:36:37.477] [pid:40180] [zcode-host] [rpc:call] zcode-task.listDeletedTaskIds OK (0.1ms)
[2026-09-28 11:36:37.477] [pid:26224] [main] [host-log] (local-1) [host] [2026-09-28 11:36:37.476] [pid:40180] [zcode-host] [rpc:call] zcode-task.listArchivedTasks OK (0.1ms)
[2026-09-28 11:36:37.478] [pid:26224] [main] [host-log] (local-1) [host] [2026-09-28 11:36:37.476] [pid:40180] [zcode-host] [rpc:call] zcode-task.listTasks OK (0.2ms)
[2026-09-28 11:36:37.478] [pid:26224] [main] [host-log] (local-1) [host] [2026-09-28 11:36:37.477] [pid:40180] [zcode-host] [rpc:call] zcode-task.listPinnedTasks OK (0.1ms)
[2026-09-28 11:36:37.479] [pid:26224] [main] [host-log] (local-1) [host] [2026-09-28 11:36:37.477] [pid:40180] [zcode-host] [rpc:call] zcode-task.listDeletedTaskIds OK (0.1ms)
[2026-09-28 11:36:37.480] [pid:26224] [main] [host-log] (local-1) [host] [2026-09-28 11:36:37.477] [pid:40180] [zcode-host] [rpc:call] window-controller.listTaskList OK (0.1ms)
[Z1 child] [2026-09-28 11:36:37.477] [pid:40180] [zcode-host] [rpc:call] window-controller.listTaskList OK (0.1ms)
[2026-09-28 11:36:37.478] [pid:40180] [settingService] reading settings from: C:\Users\USER\Desktop\Personal\ZCode\.tmp\z1-native-1790566588657-b664be\home\.zcode\v2\setting.json
[2026-09-28 11:36:37.478] [pid:40180] [settingService] read result: {"recentProjects":[],"locale":"zh-CN","localePreference":"en-US","terminalInheritSystemProfile":true,"embeddedBrowserAllowInsecureCertificates":false,"embeddedBrowserViewportPreference":{"mode":"normal","viewport":{"width":393,"height":852},"zoom":"fit"},"computerUseComposerEntryHidden":true,"taskAutoArchiveEnabled":false,"taskAutoArchiveOlderThanDays":7,"closeToTrayOnWindows":false,"closeToTrayOnWindowsMigrationInitialized":true,"keepAwakeWhileRunning":false,"desktopWindowSize":{"width":1920,"height":1080,"maximized":false},"desktopChromiumHardwareAccelerationEnabled":true,"messageStreamShowReasoning":true,"messageStreamShowReasoningMigrationInitialized":true,"messageStreamShowTodos":false,"toolGroupingExploreEnabled":true,"toolGroupingTerminalEnabled":true,"toolGroupingChangesEnabled":false,"zcodeInteractionBehavior":"queue","askUserQuestionAutoResolutionEnabled":false,"modelIoFullRetentionEnabled":false,"startPlanRecommendationDismissed":false,"providerFamilyConnectionSelections":{},"providerFamilyDomain":"zai","providerFamilyDomainMigrated":true,"nativeSearchEnhancementsEnabled":true,"memoryEnabled":false,"lastWorkspaceSession":[{"kind":"local","workspacePath":"C:\\Users\\USER\\Desktop\\Personal\\ZCode\\.tmp\\z1-native-1790566588657-b664be\\workspace","workspacePurpose":"project"},{"kind":"local","workspacePath":"C:\\Users\\USER\\Desktop\\Personal\\ZCode\\.tmp\\z1-native-1790566588657-b664be\\data\\.zcode\\workspace\\default","workspacePurpose":"conversation"}],"lastActiveTabIndex":0,"receivePreviewUpdates":false,"autoDownloadAndInstallUpdates":false,"skippedElectronUpdateVersions":{},"settingsSyncFirstRunPromptHandled":true}
[2026-09-28 11:36:37.479] [pid:40180] [zcode-host] [rpc:call] graphEngineering.getWorkspace OK (1.3ms)
[2026-09-28 11:36:37.480] [pid:26224] [main] [host-log] (local-1) [host] [2026-09-28 11:36:37.479] [pid:40180] [zcode-host] [rpc:call] graphEngineering.getWorkspace OK (1.3ms)
[Z1 child] [2026-09-28 11:36:37.524] [pid:40180] [settingService] reading settings from: C:\Users\USER\Desktop\Personal\ZCode\.tmp\z1-native-1790566588657-b664be\home\.zcode\v2\setting.json
[Z1 child] [2026-09-28 11:36:37.525] [pid:40180] [settingService] read result: {"recentProjects":[],"locale":"zh-CN","localePreference":"en-US","terminalInheritSystemProfile":true,"embeddedBrowserAllowInsecureCertificates":false,"embeddedBrowserViewportPreference":{"mode":"normal","viewport":{"width":393,"height":852},"zoom":"fit"},"computerUseComposerEntryHidden":true,"taskAutoArchiveEnabled":false,"taskAutoArchiveOlderThanDays":7,"closeToTrayOnWindows":false,"closeToTrayOnWindowsMigrationInitialized":true,"keepAwakeWhileRunning":false,"desktopWindowSize":{"width":1920,"height":1080,"maximized":false},"desktopChromiumHardwareAccelerationEnabled":true,"messageStreamShowReasoning":true,"messageStreamShowReasoningMigrationInitialized":true,"messageStreamShowTodos":false,"toolGroupingExploreEnabled":true,"toolGroupingTerminalEnabled":true,"toolGroupingChangesEnabled":false,"zcodeInteractionBehavior":"queue","askUserQuestionAutoResolutionEnabled":false,"modelIoFullRetentionEnabled":false,"startPlanRecommendationDismissed":false,"providerFamilyConnectionSelections":{},"providerFamilyDomain":"zai","providerFamilyDomainMigrated":true,"nativeSearchEnhancementsEnabled":true,"memoryEnabled":false,"lastWorkspaceSession":[{"kind":"local","workspacePath":"C:\\Users\\USER\\Desktop\\Personal\\ZCode\\.tmp\\z1-native-1790566588657-b664be\\workspace","workspacePurpose":"project"},{"kind":"local","workspacePath":"C:\\Users\\USER\\Desktop\\Personal\\ZCode\\.tmp\\z1-native-1790566588657-b664be\\data\\.zcode\\workspace\\default","workspacePurpose":"conversation"}],"lastActiveTabIndex":0,"receivePreviewUpdates":false,"autoDownloadAndInstallUpdates":false,"skippedElectronUpdateVersions":{},"settingsSyncFirstRunPromptHandled":true}
[Z1 child] [2026-09-28 11:36:37.525] [pid:40180] [zcode-host] [rpc:call] graphEngineering.getWorkspace OK (1.1ms)
[2026-09-28 11:36:37.526] [pid:26224] [main] [host-log] (local-1) [host] [2026-09-28 11:36:37.525] [pid:40180] [zcode-host] [rpc:call] graphEngineering.getWorkspace OK (1.1ms)
[Z1 child] [2026-09-28 11:36:37.634] [pid:40180] [cua-pip-session] [cua-pip-session] event delivery dropped {
  kind: 'focus-changed',
  revision: 4,
  sessionId: 'sess_f9497e91-6a27-46f8-8a4e-0beeb83a6dc7',
  sourceWindowId: 'window-1',
  skipReason: 'service-disabled'
}
[2026-09-28 11:36:37.634] [pid:26224] [main] [host-log] (local-1) [host] [2026-09-28 11:36:37.634] [pid:40180] [cua-pip-session] [cua-pip-session] event delivery dropped {"kind":"focus-changed","revision":4,"sessionId":"sess_f9497e91-6a27-46f8-8a4e-0beeb83a6dc7","sourceWindowId":"window-1","skipReason":"service-disabled"}
[2026-09-28 11:36:37.639] [pid:26224] [renderer] v4 workspace connection reused {
  event: 'v4.workspace_connection.reused',
  isRemote: false,
  key: '__base__ C:\\Users\\USER\\Desktop\\Personal\\ZCode\\.tmp\\z1-native-1790566588657-b664be\\workspace',
  module: 'ui.v4.workspace_connection_registry',
  refCount: 1,
  serviceGeneration: 1,
  status: 'completed'
}
INFO: Could not find files for the given pattern(s).
INFO: Could not find files for the given pattern(s).
[Z1 child] [2026-09-28 11:36:37.656] [pid:40180] [zcode-host] [rpc:call] zcode-task.getTaskSessionFilePath OK (0.1ms)
[2026-09-28 11:36:37.657] [pid:40180] [zcode-host] [rpc:call] zcode-task.getTaskNativeSessionLogFile OK (0.2ms)
[2026-09-28 11:36:37.657] [pid:40180] [settingService] reading settings from: C:\Users\USER\Desktop\Personal\ZCode\.tmp\z1-native-1790566588657-b664be\home\.zcode\v2\setting.json
[2026-09-28 11:36:37.657] [pid:40180] [zcode-host] [rpc:listen] zcode-agent.onAgentRuntimeLifecycle subscribed
[2026-09-28 11:36:37.657] [pid:40180] [zcode-host] [rpc:listen] graphEngineering.onDidChange subscribed
[2026-09-28 11:36:37.657] [pid:40180] [zcode-host] [rpc:call] graphEngineering.isSessionOwned OK (0.0ms)
[2026-09-28 11:36:37.657] [pid:40180] [zcode-host] [rpc:listen] model-selection.onDidChange subscribed
[2026-09-28 11:36:37.657] [pid:40180] [settingService] read result: {"recentProjects":[],"locale":"zh-CN","localePreference":"en-US","terminalInheritSystemProfile":true,"embeddedBrowserAllowInsecureCertificates":false,"embeddedBrowserViewportPreference":{"mode":"normal","viewport":{"width":393,"height":852},"zoom":"fit"},"computerUseComposerEntryHidden":true,"taskAutoArchiveEnabled":false,"taskAutoArchiveOlderThanDays":7,"closeToTrayOnWindows":false,"closeToTrayOnWindowsMigrationInitialized":true,"keepAwakeWhileRunning":false,"desktopWindowSize":{"width":1920,"height":1080,"maximized":false},"desktopChromiumHardwareAccelerationEnabled":true,"messageStreamShowReasoning":true,"messageStreamShowReasoningMigrationInitialized":true,"messageStreamShowTodos":false,"toolGroupingExploreEnabled":true,"toolGroupingTerminalEnabled":true,"toolGroupingChangesEnabled":false,"zcodeInteractionBehavior":"queue","askUserQuestionAutoResolutionEnabled":false,"modelIoFullRetentionEnabled":false,"startPlanRecommendationDismissed":false,"providerFamilyConnectionSelections":{},"providerFamilyDomain":"zai","providerFamilyDomainMigrated":true,"nativeSearchEnhancementsEnabled":true,"memoryEnabled":false,"lastWorkspaceSession":[{"kind":"local","workspacePath":"C:\\Users\\USER\\Desktop\\Personal\\ZCode\\.tmp\\z1-native-1790566588657-b664be\\workspace","workspacePurpose":"project"},{"kind":"local","workspacePath":"C:\\Users\\USER\\Desktop\\Personal\\ZCode\\.tmp\\z1-native-1790566588657-b664be\\data\\.zcode\\workspace\\default","workspacePurpose":"conversation"}],"lastActiveTabIndex":0,"receivePreviewUpdates":false,"autoDownloadAndInstallUpdates":false,"skippedElectronUpdateVersions":{},"settingsSyncFirstRunPromptHandled":true}
[2026-09-28 11:36:37.657] [pid:40180] [zcode-host] [rpc:call] setting.get OK (0.9ms)
[2026-09-28 11:36:37.658] [pid:40180] [zcode-host] [rpc:listen] zcode-agent.onAgentRuntimeRestarted subscribed
[2026-09-28 11:36:37.658] [pid:40180] [zcode-host] [rpc:call] model-selection.getView OK (0.8ms)
[2026-09-28 11:36:37.658] [pid:40180] [zcode-host] [rpc:call] zcode-task.getTaskNativeSessionLogFile OK (0.1ms)
[2026-09-28 11:36:37.658] [pid:40180] [zcode-host] [rpc:call] zcode-task.getTaskSessionFilePath OK (0.0ms)
[2026-09-28 11:36:37.668] [pid:40180] [zcode-host] [rpc:call] zcode-agent.conversationWorkflowRunsV4 OK (1.2ms)
[2026-09-28 11:36:37.669] [pid:40180] [zcode-host] [rpc:call] zcode-agent.subscribeConversationV4 OK (2.0ms)
[2026-09-28 11:36:37.703] [pid:40180] [zcode-host] [rpc:listen] model-selection.onDidChange subscribed
[2026-09-28 11:36:37.703] [pid:40180] [zcode-host] [rpc:call] model-selection.getView OK (0.5ms)
[2026-09-28 11:36:37.709] [pid:40180] [zcode-host] [rpc:call] zcode-agent.conversationPlansV4 OK (0.7ms)
[2026-09-28 11:36:37.904] [pid:26224] [main] [host-log] (local-1) [host] [2026-09-28 11:36:37.656] [pid:40180] [zcode-host] [rpc:call] zcode-task.getTaskSessionFilePath OK (0.1ms)
[2026-09-28 11:36:37.905] [pid:26224] [renderer] v4 conversation store connect started {
  event: 'v4.conversation.store.connect.started',
  generation: 1,
  hasBase: false,
  module: 'ui.v4.conversation_projection_store',
  status: 'started',
  topic: 'conversation/sess_f9497e91-6a27-46f8-8a4e-0beeb83a6dc7'
}
[2026-09-28 11:36:37.906] [pid:26224] [renderer] v4 conversation subscription started {
  workspaceKey: 'C:\\Users\\USER\\Desktop\\Personal\\ZCode\\.tmp\\z1-native-1790566588657-b664be\\workspace',
  workspacePath: 'C:\\Users\\USER\\Desktop\\Personal\\ZCode\\.tmp\\z1-native-1790566588657-b664be\\workspace',
  event: 'v4.conversation.subscribe.started',
  module: 'ui.v4.conversation_transport',
  runtimeGeneration: 0,
  sessionId: 'sess_f9497e91-6a27-46f8-8a4e-0beeb83a6dc7',
  status: 'started',
  topic: 'conversation/sess_f9497e91-6a27-46f8-8a4e-0beeb83a6dc7'
}
[2026-09-28 11:36:37.907] [pid:26224] [renderer] v4 session data lease acquired {
  event: 'v4.session_data.acquire',
  keepWarm: false,
  module: 'ui.v4.session_data_layer',
  openKind: 'cold',
  refCount: 1,
  sessionId: 'sess_f9497e91-6a27-46f8-8a4e-0beeb83a6dc7',
  status: 'completed',
  topic: 'conversation/sess_f9497e91-6a27-46f8-8a4e-0beeb83a6dc7'
}
[2026-09-28 11:36:37.907] [pid:26224] [renderer] v4 conversation subscription acknowledged {
  workspaceKey: 'C:\\Users\\USER\\Desktop\\Personal\\ZCode\\.tmp\\z1-native-1790566588657-b664be\\workspace',
  workspacePath: 'C:\\Users\\USER\\Desktop\\Personal\\ZCode\\.tmp\\z1-native-1790566588657-b664be\\workspace',
  durationMs: 16,
  event: 'v4.conversation.subscribe.acknowledged',
  module: 'ui.v4.conversation_transport',
  runtimeGeneration: 0,
  sessionId: 'sess_f9497e91-6a27-46f8-8a4e-0beeb83a6dc7',
  status: 'completed',
  subscriptionId: 'sub-mukp4cib-4emrp3yj-2',
  topic: 'conversation/sess_f9497e91-6a27-46f8-8a4e-0beeb83a6dc7'
}
[2026-09-28 11:36:37.908] [pid:26224] [renderer] v4 conversation subscription activated {
  workspaceKey: 'C:\\Users\\USER\\Desktop\\Personal\\ZCode\\.tmp\\z1-native-1790566588657-b664be\\workspace',
  workspacePath: 'C:\\Users\\USER\\Desktop\\Personal\\ZCode\\.tmp\\z1-native-1790566588657-b664be\\workspace',
  event: 'v4.conversation.subscribe.activated',
  module: 'ui.v4.conversation_transport',
  runtimeGeneration: 0,
  status: 'completed',
  subscriptionId: 'sub-mukp4cib-4emrp3yj-2',
  topic: 'conversation/sess_f9497e91-6a27-46f8-8a4e-0beeb83a6dc7'
}
[2026-09-28 11:36:37.909] [pid:26224] [renderer] v4 conversation store connect completed {
  durationMs: 23,
  event: 'v4.conversation.store.connect.completed',
  generation: 1,
  logEpoch: 'mukp4cib-4emrp3yj',
  mode: 'snapshot',
  module: 'ui.v4.conversation_projection_store',
  status: 'completed',
  subscriptionId: 'sub-mukp4cib-4emrp3yj-2',
  topic: 'conversation/sess_f9497e91-6a27-46f8-8a4e-0beeb83a6dc7'
}
[2026-09-28 11:36:37.910] [pid:26224] [main] [host-log] (local-1) [host] [2026-09-28 11:36:37.657] [pid:40180] [zcode-host] [rpc:call] zcode-task.getTaskNativeSessionLogFile OK (0.2ms)
[2026-09-28 11:36:37.911] [pid:26224] [main] [host-log] (local-1) [host] [2026-09-28 11:36:37.657] [pid:40180] [zcode-host] [rpc:listen] zcode-agent.onAgentRuntimeLifecycle subscribed
[2026-09-28 11:36:37.912] [pid:26224] [main] [host-log] (local-1) [host] [2026-09-28 11:36:37.657] [pid:40180] [zcode-host] [rpc:listen] graphEngineering.onDidChange subscribed
[2026-09-28 11:36:37.912] [pid:26224] [main] [host-log] (local-1) [host] [2026-09-28 11:36:37.657] [pid:40180] [zcode-host] [rpc:call] graphEngineering.isSessionOwned OK (0.0ms)
[2026-09-28 11:36:37.913] [pid:26224] [main] [host-log] (local-1) [host] [2026-09-28 11:36:37.657] [pid:40180] [zcode-host] [rpc:listen] model-selection.onDidChange subscribed
[2026-09-28 11:36:37.913] [pid:26224] [main] [host-log] (local-1) [host] [2026-09-28 11:36:37.657] [pid:40180] [zcode-host] [rpc:call] setting.get OK (0.9ms)
[2026-09-28 11:36:37.914] [pid:26224] [main] [host-log] (local-1) [host] [2026-09-28 11:36:37.658] [pid:40180] [zcode-host] [rpc:listen] zcode-agent.onAgentRuntimeRestarted subscribed
[2026-09-28 11:36:37.915] [pid:26224] [main] [host-log] (local-1) [host] [2026-09-28 11:36:37.658] [pid:40180] [zcode-host] [rpc:call] model-selection.getView OK (0.8ms)
[2026-09-28 11:36:37.915] [pid:26224] [main] [host-log] (local-1) [host] [2026-09-28 11:36:37.658] [pid:40180] [zcode-host] [rpc:call] zcode-task.getTaskNativeSessionLogFile OK (0.1ms)
[2026-09-28 11:36:37.916] [pid:26224] [main] [host-log] (local-1) [host] [2026-09-28 11:36:37.658] [pid:40180] [zcode-host] [rpc:call] zcode-task.getTaskSessionFilePath OK (0.0ms)
[2026-09-28 11:36:37.917] [pid:26224] [main] [host-log] (local-1) [host] [2026-09-28 11:36:37.668] [pid:40180] [zcode-host] [rpc:call] zcode-agent.conversationWorkflowRunsV4 OK (1.2ms)
[2026-09-28 11:36:37.917] [pid:26224] [main] [host-log] (local-1) [host] [2026-09-28 11:36:37.669] [pid:40180] [zcode-host] [rpc:call] zcode-agent.subscribeConversationV4 OK (2.0ms)
[2026-09-28 11:36:37.918] [pid:26224] [main] [host-log] (local-1) [host] [2026-09-28 11:36:37.703] [pid:40180] [zcode-host] [rpc:listen] model-selection.onDidChange subscribed
[2026-09-28 11:36:37.919] [pid:26224] [main] [host-log] (local-1) [host] [2026-09-28 11:36:37.703] [pid:40180] [zcode-host] [rpc:call] model-selection.getView OK (0.5ms)
[2026-09-28 11:36:37.919] [pid:26224] [main] [host-log] (local-1) [host] [2026-09-28 11:36:37.709] [pid:40180] [zcode-host] [rpc:call] zcode-agent.conversationPlansV4 OK (0.7ms)
[Z1 child] [2026-09-28 11:36:38.010] [pid:40180] [settingService] reading settings from: C:\Users\USER\Desktop\Personal\ZCode\.tmp\z1-native-1790566588657-b664be\home\.zcode\v2\setting.json
[Z1 child] [2026-09-28 11:36:38.010] [pid:40180] [settingService] read result: {"recentProjects":[],"locale":"zh-CN","localePreference":"en-US","terminalInheritSystemProfile":true,"embeddedBrowserAllowInsecureCertificates":false,"embeddedBrowserViewportPreference":{"mode":"normal","viewport":{"width":393,"height":852},"zoom":"fit"},"computerUseComposerEntryHidden":true,"taskAutoArchiveEnabled":false,"taskAutoArchiveOlderThanDays":7,"closeToTrayOnWindows":false,"closeToTrayOnWindowsMigrationInitialized":true,"keepAwakeWhileRunning":false,"desktopWindowSize":{"width":1920,"height":1080,"maximized":false},"desktopChromiumHardwareAccelerationEnabled":true,"messageStreamShowReasoning":true,"messageStreamShowReasoningMigrationInitialized":true,"messageStreamShowTodos":false,"toolGroupingExploreEnabled":true,"toolGroupingTerminalEnabled":true,"toolGroupingChangesEnabled":false,"zcodeInteractionBehavior":"queue","askUserQuestionAutoResolutionEnabled":false,"modelIoFullRetentionEnabled":false,"startPlanRecommendationDismissed":false,"providerFamilyConnectionSelections":{},"providerFamilyDomain":"zai","providerFamilyDomainMigrated":true,"nativeSearchEnhancementsEnabled":true,"memoryEnabled":false,"lastWorkspaceSession":[{"kind":"local","workspacePath":"C:\\Users\\USER\\Desktop\\Personal\\ZCode\\.tmp\\z1-native-1790566588657-b664be\\workspace","workspacePurpose":"project"},{"kind":"local","workspacePath":"C:\\Users\\USER\\Desktop\\Personal\\ZCode\\.tmp\\z1-native-1790566588657-b664be\\data\\.zcode\\workspace\\default","workspacePurpose":"conversation"}],"lastActiveTabIndex":0,"receivePreviewUpdates":false,"autoDownloadAndInstallUpdates":false,"skippedElectronUpdateVersions":{},"settingsSyncFirstRunPromptHandled":true}
[2026-09-28 11:36:38.011] [pid:26224] [main] [host-log] (local-1) [host] [2026-09-28 11:36:38.010] [pid:40180] [settingService] writing settings to: C:\Users\USER\Desktop\Personal\ZCode\.tmp\z1-native-1790566588657-b664be\home\.zcode\v2\setting.json {"recentProjects":[],"locale":"zh-CN","localePreference":"en-US","terminalInheritSystemProfile":true,"embeddedBrowserAllowInsecureCertificates":false,"embeddedBrowserViewportPreference":{"mode":"normal","viewport":{"width":393,"height":852},"zoom":"fit"},"computerUseComposerEntryHidden":true,"taskAutoArchiveEnabled":false,"taskAutoArchiveOlderThanDays":7,"closeToTrayOnWindows":false,"closeToTrayOnWindowsMigrationInitialized":true,"keepAwakeWhileRunning":false,"desktopWindowSize":{"width":1920,"height":1080,"maximized":false},"desktopChromiumHardwareAccelerationEnabled":true,"messageStreamShowReasoning":true,"messageStreamShowReasoningMigrationInitialized":true,"messageStreamShowTodos":false,"toolGroupingExploreEnabled":true,"toolGroupingTerminalEnabled":true,"toolGroupingChangesEnabled":false,"zcodeInteractionBehavior":"queue","askUserQuestionAutoResolutionEnabled":false,"modelIoFullRetentionEnabled":false,"startPlanRecommendationDismissed":false,"providerFamilyConnectionSelections":{},"providerFamilyDomain":"zai","providerFamilyDomainMigrated":true,"nativeSearchEnhancementsEnabled":true,"memoryEnabled":false,"lastWorkspaceSession":[{"kind":"local","workspacePath":"C:\\Users\\USER\\Desktop\\Personal\\ZCode\\.tmp\\z1-native-1790566588657-b664be\\workspace","workspacePurpose":"project"},{"kind":"local","workspacePath":"C:\\Users\\USER\\Desktop\\Personal\\ZCode\\.tmp\\z1-native-1790566588657-b664be\\data\\.zcode\\workspace\\default","workspacePurpose":"conversation"}],"lastActiveTabIndex":0,"receivePreviewUpdates":false,"autoDownloadAndInstallUpdates":false,"skippedElectronUpdateVersions":{},"settingsSyncFirstRunPromptHandled":true}
[Z1 child] [2026-09-28 11:36:38.010] [pid:40180] [settingService] writing settings to: C:\Users\USER\Desktop\Personal\ZCode\.tmp\z1-native-1790566588657-b664be\home\.zcode\v2\setting.json {"recentProjects":[],"locale":"zh-CN","localePreference":"en-US","terminalInheritSystemProfile":true,"embeddedBrowserAllowInsecureCertificates":false,"embeddedBrowserViewportPreference":{"mode":"normal","viewport":{"width":393,"height":852},"zoom":"fit"},"computerUseComposerEntryHidden":true,"taskAutoArchiveEnabled":false,"taskAutoArchiveOlderThanDays":7,"closeToTrayOnWindows":false,"closeToTrayOnWindowsMigrationInitialized":true,"keepAwakeWhileRunning":false,"desktopWindowSize":{"width":1920,"height":1080,"maximized":false},"desktopChromiumHardwareAccelerationEnabled":true,"messageStreamShowReasoning":true,"messageStreamShowReasoningMigrationInitialized":true,"messageStreamShowTodos":false,"toolGroupingExploreEnabled":true,"toolGroupingTerminalEnabled":true,"toolGroupingChangesEnabled":false,"zcodeInteractionBehavior":"queue","askUserQuestionAutoResolutionEnabled":false,"modelIoFullRetentionEnabled":false,"startPlanRecommendationDismissed":false,"providerFamilyConnectionSelections":{},"providerFamilyDomain":"zai","providerFamilyDomainMigrated":true,"nativeSearchEnhancementsEnabled":true,"memoryEnabled":false,"lastWorkspaceSession":[{"kind":"local","workspacePath":"C:\\Users\\USER\\Desktop\\Personal\\ZCode\\.tmp\\z1-native-1790566588657-b664be\\workspace","workspacePurpose":"project"},{"kind":"local","workspacePath":"C:\\Users\\USER\\Desktop\\Personal\\ZCode\\.tmp\\z1-native-1790566588657-b664be\\data\\.zcode\\workspace\\default","workspacePurpose":"conversation"}],"lastActiveTabIndex":0,"receivePreviewUpdates":false,"autoDownloadAndInstallUpdates":false,"skippedElectronUpdateVersions":{},"settingsSyncFirstRunPromptHandled":true}
[Z1 child] [2026-09-28 11:36:38.015] [pid:40180] [settingService] write done
[2026-09-28 11:36:38.015] [pid:26224] [main] [host-log] (local-1) [host] [2026-09-28 11:36:38.015] [pid:40180] [settingService] write done
[Z1 child] [2026-09-28 11:36:38.015] [pid:40180] [zcode-host] [rpc:call] setting.update OK (5.5ms)
[2026-09-28 11:36:38.016] [pid:26224] [main] [host-log] (local-1) [host] [2026-09-28 11:36:38.015] [pid:40180] [zcode-host] [rpc:call] setting.update OK (5.5ms)
[2026-09-28 11:36:38.072] [pid:26224] [main] [host-log] (local-1) [host] [2026-09-28 11:36:38.072] [pid:40180] [zcode-host] [rpc:call] zcode-agent.sendConversationCommandV4 OK (4.0ms)
[Z1 child] [2026-09-28 11:36:38.072] [pid:40180] [zcode-host] [rpc:call] zcode-agent.sendConversationCommandV4 OK (4.0ms)
[Z1 child] [2026-09-28 11:36:38.146] [pid:40180] [cua-pip-session] [cua-pip-session] event delivery dropped {
  eventId: '514881f6-5d17-4b02-8fb7-f8a4045c28bb',
  kind: 'turn-ended',
  sequenceNumber: 55,
  sessionId: 'sess_f9497e91-6a27-46f8-8a4e-0beeb83a6dc7',
  turnId: 'turn_12a397b7-40c8-476b-bf4e-0fede003f36c',
  outcome: 'completed',
  skipReason: 'service-disabled'
}
[2026-09-28 11:36:38.147] [pid:26224] [main] [host-log] (local-1) [host] [2026-09-28 11:36:38.146] [pid:40180] [cua-pip-session] [cua-pip-session] event delivery dropped {"eventId":"514881f6-5d17-4b02-8fb7-f8a4045c28bb","kind":"turn-ended","sequenceNumber":55,"sessionId":"sess_f9497e91-6a27-46f8-8a4e-0beeb83a6dc7","turnId":"turn_12a397b7-40c8-476b-bf4e-0fede003f36c","outcome":"completed","skipReason":"service-disabled"}
[Z1 child] [2026-09-28 11:36:38.147] [pid:40180] [zcode-task-index-syncer] task 终态未读裁决 {
  goalStatus: null,
  phase: 'completedSuccess',
  taskId: 'sess_f9497e91-6a27-46f8-8a4e-0beeb83a6dc7',
  unreadSignal: 'background_terminal'
}
[Z1 child] [2026-09-28 11:36:38.148] [pid:40180] [zcode-task-index-syncer] [list-refresh-trace] emitWorkspaceTaskListChanged reason=task_status_changed taskId=sess_f9497e91-6a27-46f8-8a4e-0beeb83a6dc7 workspace=C:\Users\USER\Desktop\Personal\ZCode\.tmp\z1-native-1790566588657-b664be\workspace hasMeta=true
[Z1 child] [2026-09-28 11:36:38.179] [pid:40180] [zcode-host] [rpc:call] graphEngineering.isSessionOwned OK (0.0ms)
[2026-09-28 11:36:38.180] [pid:26224] [main] [host-log] (local-1) [host] [2026-09-28 11:36:38.179] [pid:40180] [zcode-host] [rpc:call] graphEngineering.isSessionOwned OK (0.0ms)
[2026-09-28 11:36:38.197] [pid:26224] [settingService] writing settings to: C:\Users\USER\Desktop\Personal\ZCode\.tmp\z1-native-1790566588657-b664be\home\.zcode\v2\setting.json {"recentProjects":[],"locale":"zh-CN","localePreference":"en-US","terminalInheritSystemProfile":true,"embeddedBrowserAllowInsecureCertificates":false,"embeddedBrowserViewportPreference":{"mode":"normal","viewport":{"width":393,"height":852},"zoom":"fit"},"computerUseComposerEntryHidden":true,"taskAutoArchiveEnabled":false,"taskAutoArchiveOlderThanDays":7,"closeToTrayOnWindows":false,"closeToTrayOnWindowsMigrationInitialized":true,"keepAwakeWhileRunning":false,"desktopWindowSize":{"width":1600,"height":1000,"maximized":false},"desktopChromiumHardwareAccelerationEnabled":true,"messageStreamShowReasoning":true,"messageStreamShowReasoningMigrationInitialized":true,"messageStreamShowTodos":false,"toolGroupingExploreEnabled":true,"toolGroupingTerminalEnabled":true,"toolGroupingChangesEnabled":false,"zcodeInteractionBehavior":"queue","askUserQuestionAutoResolutionEnabled":false,"modelIoFullRetentionEnabled":false,"startPlanRecommendationDismissed":false,"providerFamilyConnectionSelections":{},"providerFamilyDomain":"zai","providerFamilyDomainMigrated":true,"nativeSearchEnhancementsEnabled":true,"memoryEnabled":false,"lastWorkspaceSession":[{"kind":"local","workspacePath":"C:\\Users\\USER\\Desktop\\Personal\\ZCode\\.tmp\\z1-native-1790566588657-b664be\\workspace","workspacePurpose":"project"},{"kind":"local","workspacePath":"C:\\Users\\USER\\Desktop\\Personal\\ZCode\\.tmp\\z1-native-1790566588657-b664be\\data\\.zcode\\workspace\\default","workspacePurpose":"conversation"}],"lastActiveTabIndex":0,"receivePreviewUpdates":false,"autoDownloadAndInstallUpdates":false,"skippedElectronUpdateVersions":{},"settingsSyncFirstRunPromptHandled":true}
[2026-09-28 11:36:38.202] [pid:26224] [settingService] write done
[Z1 child] [2026-09-28 11:36:38.230] [pid:40180] [zcode-task-index-syncer] [list-refresh-trace] emitWorkspaceTaskListChanged reason=task_title_changed taskId=sess_f9497e91-6a27-46f8-8a4e-0beeb83a6dc7 workspace=C:\Users\USER\Desktop\Personal\ZCode\.tmp\z1-native-1790566588657-b664be\workspace hasMeta=true
[Z1 child] [2026-09-28 11:36:38.232] [pid:40180] [zcode-task-index-syncer] [list-refresh-trace] emitWorkspaceTaskListChanged reason=task_status_changed taskId=sess_f9497e91-6a27-46f8-8a4e-0beeb83a6dc7 workspace=C:\Users\USER\Desktop\Personal\ZCode\.tmp\z1-native-1790566588657-b664be\workspace hasMeta=true
[Z1 child] [2026-09-28 11:36:38.291] [pid:40180] [zcode-host] [rpc:call] graphEngineering.isSessionOwned OK (0.0ms)
[2026-09-28 11:36:38.292] [pid:26224] [main] [host-log] (local-1) [host] [2026-09-28 11:36:38.291] [pid:40180] [zcode-host] [rpc:call] graphEngineering.isSessionOwned OK (0.0ms)
[2026-09-28 11:36:38.308] [pid:26224] [renderer] v4 workspace connection lease released {
  event: 'v4.workspace_connection.release',
  keepWarmMs: 30000,
  key: '__base__ C:\\Users\\USER\\Desktop\\Personal\\ZCode\\.tmp\\z1-native-1790566588657-b664be\\workspace',
  module: 'ui.v4.workspace_connection_registry',
  refCount: 0,
  status: 'keep_warm'
}
[2026-09-28 11:36:38.309] [pid:26224] [renderer] v4 session data lease released {
  event: 'v4.session_data.release',
  keepWarmMs: 30000,
  module: 'ui.v4.session_data_layer',
  refCount: 0,
  status: 'keep_warm',
  topic: 'conversation/sess_f9497e91-6a27-46f8-8a4e-0beeb83a6dc7'
}
[Z1 child] [2026-09-28 11:36:38.310] [pid:40180] [zcode-host] [rpc:listen] graphEngineering.onDidChange subscribed
[2026-09-28 11:36:38.310] [pid:26224] [main] [host-log] (local-1) [host] [2026-09-28 11:36:38.310] [pid:40180] [zcode-host] [rpc:listen] graphEngineering.onDidChange subscribed
[Z1 child] [2026-09-28 11:36:38.386] [pid:40180] [zcode-agent-service] 开始初始化 ZCode agent {
  workspaceKey: 'C:\\Users\\USER\\Desktop\\Personal\\ZCode\\.tmp\\z1-native-1790566588657-b664be\\workspace',
  workspacePath: 'C:\\Users\\USER\\Desktop\\Personal\\ZCode\\.tmp\\z1-native-1790566588657-b664be\\workspace'
}
[2026-09-28 11:36:38.386] [pid:26224] [main] [host-log] (local-1) [host] [2026-09-28 11:36:38.386] [pid:40180] [zcode-agent-service] 开始初始化 ZCode agent {"workspaceKey":"C:\\Users\\USER\\Desktop\\Personal\\ZCode\\.tmp\\z1-native-1790566588657-b664be\\workspace","workspacePath":"C:\\Users\\USER\\Desktop\\Personal\\ZCode\\.tmp\\z1-native-1790566588657-b664be\\workspace"}
[2026-09-28 11:36:38.387] [pid:26224] [main] [host-log] (local-1) [host] [2026-09-28 11:36:38.386] [pid:40180] [zcode-agent-service] ZCode agent 初始化完成 {"durationMs":0,"transportKind":"stdio","workspaceKey":"C:\\Users\\USER\\Desktop\\Personal\\ZCode\\.tmp\\z1-native-1790566588657-b664be\\workspace","workspacePath":"C:\\Users\\USER\\Desktop\\Personal\\ZCode\\.tmp\\z1-native-1790566588657-b664be\\workspace"}
[2026-09-28 11:36:38.388] [pid:26224] [main] [host-log] (local-1) [host] [2026-09-28 11:36:38.386] [pid:40180] [zcode-session-service][trace:46fd94b5-c836-49e5-8b16-7df63362fd23] [zcode-session-service] createSession 分配 session trace {"persistence":"deferred","workspacePath":"C:\\Users\\USER\\Desktop\\Personal\\ZCode\\.tmp\\z1-native-1790566588657-b664be\\workspace"}
[2026-09-28 11:36:38.388] [pid:26224] [main] [host-log] (local-1) [host] [2026-09-28 11:36:38.386] [pid:40180] [zcode-agent-service][trace:46fd94b5-c836-49e5-8b16-7df63362fd23] 开始请求 ZCode Protocol session/create {"hasInitialModel":false,"hasInitialThoughtLevel":false,"initialModel":null,"mcpServerCount":0,"mcpServerNames":[],"persistence":"deferred","workspaceKey":"C:\\Users\\USER\\Desktop\\Personal\\ZCode\\.tmp\\z1-native-1790566588657-b664be\\workspace","workspacePath":"C:\\Users\\USER\\Desktop\\Personal\\ZCode\\.tmp\\z1-native-1790566588657-b664be\\workspace"}
[Z1 child] [2026-09-28 11:36:38.386] [pid:40180] [zcode-agent-service] ZCode agent 初始化完成 {
  durationMs: 0,
  transportKind: 'stdio',
  workspaceKey: 'C:\\Users\\USER\\Desktop\\Personal\\ZCode\\.tmp\\z1-native-1790566588657-b664be\\workspace',
  workspacePath: 'C:\\Users\\USER\\Desktop\\Personal\\ZCode\\.tmp\\z1-native-1790566588657-b664be\\workspace'
}
[2026-09-28 11:36:38.386] [pid:40180] [zcode-session-service][trace:46fd94b5-c836-49e5-8b16-7df63362fd23] [zcode-session-service] createSession 分配 session trace {
  persistence: 'deferred',
  workspaceIdentity: undefined,
  workspacePath: 'C:\\Users\\USER\\Desktop\\Personal\\ZCode\\.tmp\\z1-native-1790566588657-b664be\\workspace'
}
[2026-09-28 11:36:38.386] [pid:40180] [zcode-agent-service][trace:46fd94b5-c836-49e5-8b16-7df63362fd23] 开始请求 ZCode Protocol session/create {
  hasInitialModel: false,
  hasInitialThoughtLevel: false,
  initialModel: null,
  mcpServerCount: 0,
  mcpServerNames: [],
  persistence: 'deferred',
  workspaceKey: 'C:\\Users\\USER\\Desktop\\Personal\\ZCode\\.tmp\\z1-native-1790566588657-b664be\\workspace',
  workspacePath: 'C:\\Users\\USER\\Desktop\\Personal\\ZCode\\.tmp\\z1-native-1790566588657-b664be\\workspace'
}
[2026-09-28 11:36:38.388] [pid:40180] [settingService] reading settings from: C:\Users\USER\Desktop\Personal\ZCode\.tmp\z1-native-1790566588657-b664be\home\.zcode\v2\setting.json
[2026-09-28 11:36:38.388] [pid:40180] [settingService] read result: {"recentProjects":[],"locale":"zh-CN","localePreference":"en-US","terminalInheritSystemProfile":true,"embeddedBrowserAllowInsecureCertificates":false,"embeddedBrowserViewportPreference":{"mode":"normal","viewport":{"width":393,"height":852},"zoom":"fit"},"computerUseComposerEntryHidden":true,"taskAutoArchiveEnabled":false,"taskAutoArchiveOlderThanDays":7,"closeToTrayOnWindows":false,"closeToTrayOnWindowsMigrationInitialized":true,"keepAwakeWhileRunning":false,"desktopWindowSize":{"width":1600,"height":1000,"maximized":false},"desktopChromiumHardwareAccelerationEnabled":true,"messageStreamShowReasoning":true,"messageStreamShowReasoningMigrationInitialized":true,"messageStreamShowTodos":false,"toolGroupingExploreEnabled":true,"toolGroupingTerminalEnabled":true,"toolGroupingChangesEnabled":false,"zcodeInteractionBehavior":"queue","askUserQuestionAutoResolutionEnabled":false,"modelIoFullRetentionEnabled":false,"startPlanRecommendationDismissed":false,"providerFamilyConnectionSelections":{},"providerFamilyDomain":"zai","providerFamilyDomainMigrated":true,"nativeSearchEnhancementsEnabled":true,"memoryEnabled":false,"lastWorkspaceSession":[{"kind":"local","workspacePath":"C:\\Users\\USER\\Desktop\\Personal\\ZCode\\.tmp\\z1-native-1790566588657-b664be\\workspace","workspacePurpose":"project"},{"kind":"local","workspacePath":"C:\\Users\\USER\\Desktop\\Personal\\ZCode\\.tmp\\z1-native-1790566588657-b664be\\data\\.zcode\\workspace\\default","workspacePurpose":"conversation"}],"lastActiveTabIndex":0,"receivePreviewUpdates":false,"autoDownloadAndInstallUpdates":false,"skippedElectronUpdateVersions":{},"settingsSyncFirstRunPromptHandled":true}
[Z1 child] [2026-09-28 11:36:38.448] [pid:40180] [zcode-agent-service][trace:46fd94b5-c836-49e5-8b16-7df63362fd23] ZCode Protocol session/create 完成 {
  durationMs: 62,
  messageCount: 0,
  modelCurrent: 'z1-local-fixture/z1-fixture$enabled',
  mcpServerCount: 0,
  persistence: 'deferred',
  sessionId: 'sess_3b256886-0faf-4678-87e7-cac2279134a2',
  snapshotTraceId: '46fd94b5-c836-49e5-8b16-7df63362fd23',
  workspaceKey: 'C:\\Users\\USER\\Desktop\\Personal\\ZCode\\.tmp\\z1-native-1790566588657-b664be\\workspace',
  workspacePath: 'C:\\Users\\USER\\Desktop\\Personal\\ZCode\\.tmp\\z1-native-1790566588657-b664be\\workspace'
}
[2026-09-28 11:36:38.448] [pid:40180] [zcode-session-service][trace:46fd94b5-c836-49e5-8b16-7df63362fd23] [zcode-session-service] createSession agent 返回 {
  durationMs: 62,
  mcpServerCount: 0,
  persistence: 'deferred',
  snapshotTraceId: '46fd94b5-c836-49e5-8b16-7df63362fd23',
  sessionId: 'sess_3b256886-0faf-4678-87e7-cac2279134a2',
  workspaceIdentity: undefined,
  workspacePath: 'C:\\Users\\USER\\Desktop\\Personal\\ZCode\\.tmp\\z1-native-1790566588657-b664be\\workspace'
}
[2026-09-28 11:36:38.448] [pid:26224] [main] [host-log] (local-1) [host] [2026-09-28 11:36:38.448] [pid:40180] [zcode-agent-service][trace:46fd94b5-c836-49e5-8b16-7df63362fd23] ZCode Protocol session/create 完成 {"durationMs":62,"messageCount":0,"modelCurrent":"z1-local-fixture/z1-fixture$enabled","mcpServerCount":0,"persistence":"deferred","sessionId":"sess_3b256886-0faf-4678-87e7-cac2279134a2","snapshotTraceId":"46fd94b5-c836-49e5-8b16-7df63362fd23","workspaceKey":"C:\\Users\\USER\\Desktop\\Personal\\ZCode\\.tmp\\z1-native-1790566588657-b664be\\workspace","workspacePath":"C:\\Users\\USER\\Desktop\\Personal\\ZCode\\.tmp\\z1-native-1790566588657-b664be\\workspace"}
[2026-09-28 11:36:38.449] [pid:26224] [main] [host-log] (local-1) [host] [2026-09-28 11:36:38.448] [pid:40180] [zcode-session-service][trace:46fd94b5-c836-49e5-8b16-7df63362fd23] [zcode-session-service] createSession agent 返回 {"durationMs":62,"mcpServerCount":0,"persistence":"deferred","snapshotTraceId":"46fd94b5-c836-49e5-8b16-7df63362fd23","sessionId":"sess_3b256886-0faf-4678-87e7-cac2279134a2","workspacePath":"C:\\Users\\USER\\Desktop\\Personal\\ZCode\\.tmp\\z1-native-1790566588657-b664be\\workspace"}
[Z1 child] [2026-09-28 11:36:38.496] [pid:40180] [settingService] reading settings from: C:\Users\USER\Desktop\Personal\ZCode\.tmp\z1-native-1790566588657-b664be\home\.zcode\v2\setting.json
[Z1 child] [2026-09-28 11:36:38.498] [pid:40180] [settingService] read result: {"recentProjects":[],"locale":"zh-CN","localePreference":"en-US","terminalInheritSystemProfile":true,"embeddedBrowserAllowInsecureCertificates":false,"embeddedBrowserViewportPreference":{"mode":"normal","viewport":{"width":393,"height":852},"zoom":"fit"},"computerUseComposerEntryHidden":true,"taskAutoArchiveEnabled":false,"taskAutoArchiveOlderThanDays":7,"closeToTrayOnWindows":false,"closeToTrayOnWindowsMigrationInitialized":true,"keepAwakeWhileRunning":false,"desktopWindowSize":{"width":1600,"height":1000,"maximized":false},"desktopChromiumHardwareAccelerationEnabled":true,"messageStreamShowReasoning":true,"messageStreamShowReasoningMigrationInitialized":true,"messageStreamShowTodos":false,"toolGroupingExploreEnabled":true,"toolGroupingTerminalEnabled":true,"toolGroupingChangesEnabled":false,"zcodeInteractionBehavior":"queue","askUserQuestionAutoResolutionEnabled":false,"modelIoFullRetentionEnabled":false,"startPlanRecommendationDismissed":false,"providerFamilyConnectionSelections":{},"providerFamilyDomain":"zai","providerFamilyDomainMigrated":true,"nativeSearchEnhancementsEnabled":true,"memoryEnabled":false,"lastWorkspaceSession":[{"kind":"local","workspacePath":"C:\\Users\\USER\\Desktop\\Personal\\ZCode\\.tmp\\z1-native-1790566588657-b664be\\workspace","workspacePurpose":"project"},{"kind":"local","workspacePath":"C:\\Users\\USER\\Desktop\\Personal\\ZCode\\.tmp\\z1-native-1790566588657-b664be\\data\\.zcode\\workspace\\default","workspacePurpose":"conversation"}],"lastActiveTabIndex":0,"receivePreviewUpdates":false,"autoDownloadAndInstallUpdates":false,"skippedElectronUpdateVersions":{},"settingsSyncFirstRunPromptHandled":true}
[Z1 child] [2026-09-28 11:36:38.499] [pid:40180] [zcode-host] [rpc:call] graphEngineering.getWorkspace OK (188.6ms)
[2026-09-28 11:36:38.499] [pid:26224] [main] [host-log] (local-1) [host] [2026-09-28 11:36:38.499] [pid:40180] [zcode-host] [rpc:call] graphEngineering.getWorkspace OK (188.6ms)
[Z1 child] [2026-09-28 11:36:38.499] [pid:40180] [settingService] reading settings from: C:\Users\USER\Desktop\Personal\ZCode\.tmp\z1-native-1790566588657-b664be\home\.zcode\v2\setting.json
[2026-09-28 11:36:38.499] [pid:40180] [settingService] read result: {"recentProjects":[],"locale":"zh-CN","localePreference":"en-US","terminalInheritSystemProfile":true,"embeddedBrowserAllowInsecureCertificates":false,"embeddedBrowserViewportPreference":{"mode":"normal","viewport":{"width":393,"height":852},"zoom":"fit"},"computerUseComposerEntryHidden":true,"taskAutoArchiveEnabled":false,"taskAutoArchiveOlderThanDays":7,"closeToTrayOnWindows":false,"closeToTrayOnWindowsMigrationInitialized":true,"keepAwakeWhileRunning":false,"desktopWindowSize":{"width":1600,"height":1000,"maximized":false},"desktopChromiumHardwareAccelerationEnabled":true,"messageStreamShowReasoning":true,"messageStreamShowReasoningMigrationInitialized":true,"messageStreamShowTodos":false,"toolGroupingExploreEnabled":true,"toolGroupingTerminalEnabled":true,"toolGroupingChangesEnabled":false,"zcodeInteractionBehavior":"queue","askUserQuestionAutoResolutionEnabled":false,"modelIoFullRetentionEnabled":false,"startPlanRecommendationDismissed":false,"providerFamilyConnectionSelections":{},"providerFamilyDomain":"zai","providerFamilyDomainMigrated":true,"nativeSearchEnhancementsEnabled":true,"memoryEnabled":false,"lastWorkspaceSession":[{"kind":"local","workspacePath":"C:\\Users\\USER\\Desktop\\Personal\\ZCode\\.tmp\\z1-native-1790566588657-b664be\\workspace","workspacePurpose":"project"},{"kind":"local","workspacePath":"C:\\Users\\USER\\Desktop\\Personal\\ZCode\\.tmp\\z1-native-1790566588657-b664be\\data\\.zcode\\workspace\\default","workspacePurpose":"conversation"}],"lastActiveTabIndex":0,"receivePreviewUpdates":false,"autoDownloadAndInstallUpdates":false,"skippedElectronUpdateVersions":{},"settingsSyncFirstRunPromptHandled":true}
[Z1 child] [2026-09-28 11:36:38.500] [pid:40180] [zcode-host] [rpc:call] graphEngineering.getWorkspace OK (113.5ms)
[2026-09-28 11:36:38.500] [pid:26224] [main] [host-log] (local-1) [host] [2026-09-28 11:36:38.500] [pid:40180] [zcode-host] [rpc:call] graphEngineering.getWorkspace OK (113.5ms)
[Z1 child] [2026-09-28 11:36:38.500] [pid:40180] [settingService] reading settings from: C:\Users\USER\Desktop\Personal\ZCode\.tmp\z1-native-1790566588657-b664be\home\.zcode\v2\setting.json
[2026-09-28 11:36:38.501] [pid:40180] [settingService] read result: {"recentProjects":[],"locale":"zh-CN","localePreference":"en-US","terminalInheritSystemProfile":true,"embeddedBrowserAllowInsecureCertificates":false,"embeddedBrowserViewportPreference":{"mode":"normal","viewport":{"width":393,"height":852},"zoom":"fit"},"computerUseComposerEntryHidden":true,"taskAutoArchiveEnabled":false,"taskAutoArchiveOlderThanDays":7,"closeToTrayOnWindows":false,"closeToTrayOnWindowsMigrationInitialized":true,"keepAwakeWhileRunning":false,"desktopWindowSize":{"width":1600,"height":1000,"maximized":false},"desktopChromiumHardwareAccelerationEnabled":true,"messageStreamShowReasoning":true,"messageStreamShowReasoningMigrationInitialized":true,"messageStreamShowTodos":false,"toolGroupingExploreEnabled":true,"toolGroupingTerminalEnabled":true,"toolGroupingChangesEnabled":false,"zcodeInteractionBehavior":"queue","askUserQuestionAutoResolutionEnabled":false,"modelIoFullRetentionEnabled":false,"startPlanRecommendationDismissed":false,"providerFamilyConnectionSelections":{},"providerFamilyDomain":"zai","providerFamilyDomainMigrated":true,"nativeSearchEnhancementsEnabled":true,"memoryEnabled":false,"lastWorkspaceSession":[{"kind":"local","workspacePath":"C:\\Users\\USER\\Desktop\\Personal\\ZCode\\.tmp\\z1-native-1790566588657-b664be\\workspace","workspacePurpose":"project"},{"kind":"local","workspacePath":"C:\\Users\\USER\\Desktop\\Personal\\ZCode\\.tmp\\z1-native-1790566588657-b664be\\data\\.zcode\\workspace\\default","workspacePurpose":"conversation"}],"lastActiveTabIndex":0,"receivePreviewUpdates":false,"autoDownloadAndInstallUpdates":false,"skippedElectronUpdateVersions":{},"settingsSyncFirstRunPromptHandled":true}
[Z1 child] [2026-09-28 11:36:38.501] [pid:40180] [zcode-host] [rpc:call] graphEngineering.getWorkspace OK (49.5ms)
[2026-09-28 11:36:38.501] [pid:26224] [main] [host-log] (local-1) [host] [2026-09-28 11:36:38.501] [pid:40180] [zcode-host] [rpc:call] graphEngineering.getWorkspace OK (49.5ms)
[Z1 child] [2026-09-28 11:36:38.501] [pid:40180] [settingService] reading settings from: C:\Users\USER\Desktop\Personal\ZCode\.tmp\z1-native-1790566588657-b664be\home\.zcode\v2\setting.json
[2026-09-28 11:36:38.502] [pid:40180] [settingService] read result: {"recentProjects":[],"locale":"zh-CN","localePreference":"en-US","terminalInheritSystemProfile":true,"embeddedBrowserAllowInsecureCertificates":false,"embeddedBrowserViewportPreference":{"mode":"normal","viewport":{"width":393,"height":852},"zoom":"fit"},"computerUseComposerEntryHidden":true,"taskAutoArchiveEnabled":false,"taskAutoArchiveOlderThanDays":7,"closeToTrayOnWindows":false,"closeToTrayOnWindowsMigrationInitialized":true,"keepAwakeWhileRunning":false,"desktopWindowSize":{"width":1600,"height":1000,"maximized":false},"desktopChromiumHardwareAccelerationEnabled":true,"messageStreamShowReasoning":true,"messageStreamShowReasoningMigrationInitialized":true,"messageStreamShowTodos":false,"toolGroupingExploreEnabled":true,"toolGroupingTerminalEnabled":true,"toolGroupingChangesEnabled":false,"zcodeInteractionBehavior":"queue","askUserQuestionAutoResolutionEnabled":false,"modelIoFullRetentionEnabled":false,"startPlanRecommendationDismissed":false,"providerFamilyConnectionSelections":{},"providerFamilyDomain":"zai","providerFamilyDomainMigrated":true,"nativeSearchEnhancementsEnabled":true,"memoryEnabled":false,"lastWorkspaceSession":[{"kind":"local","workspacePath":"C:\\Users\\USER\\Desktop\\Personal\\ZCode\\.tmp\\z1-native-1790566588657-b664be\\workspace","workspacePurpose":"project"},{"kind":"local","workspacePath":"C:\\Users\\USER\\Desktop\\Personal\\ZCode\\.tmp\\z1-native-1790566588657-b664be\\data\\.zcode\\workspace\\default","workspacePurpose":"conversation"}],"lastActiveTabIndex":0,"receivePreviewUpdates":false,"autoDownloadAndInstallUpdates":false,"skippedElectronUpdateVersions":{},"settingsSyncFirstRunPromptHandled":true}
[Z1 child] [2026-09-28 11:36:38.503] [pid:40180] [zcode-host] [rpc:call] graphEngineering.getWorkspace OK (18.9ms)
[2026-09-28 11:36:38.503] [pid:26224] [main] [host-log] (local-1) [host] [2026-09-28 11:36:38.503] [pid:40180] [zcode-host] [rpc:call] graphEngineering.getWorkspace OK (18.9ms)
[Z1 child] [2026-09-28 11:36:38.503] [pid:40180] [settingService] reading settings from: C:\Users\USER\Desktop\Personal\ZCode\.tmp\z1-native-1790566588657-b664be\home\.zcode\v2\setting.json
[Z1 child] [2026-09-28 11:36:38.504] [pid:40180] [settingService] read result: {"recentProjects":[],"locale":"zh-CN","localePreference":"en-US","terminalInheritSystemProfile":true,"embeddedBrowserAllowInsecureCertificates":false,"embeddedBrowserViewportPreference":{"mode":"normal","viewport":{"width":393,"height":852},"zoom":"fit"},"computerUseComposerEntryHidden":true,"taskAutoArchiveEnabled":false,"taskAutoArchiveOlderThanDays":7,"closeToTrayOnWindows":false,"closeToTrayOnWindowsMigrationInitialized":true,"keepAwakeWhileRunning":false,"desktopWindowSize":{"width":1600,"height":1000,"maximized":false},"desktopChromiumHardwareAccelerationEnabled":true,"messageStreamShowReasoning":true,"messageStreamShowReasoningMigrationInitialized":true,"messageStreamShowTodos":false,"toolGroupingExploreEnabled":true,"toolGroupingTerminalEnabled":true,"toolGroupingChangesEnabled":false,"zcodeInteractionBehavior":"queue","askUserQuestionAutoResolutionEnabled":false,"modelIoFullRetentionEnabled":false,"startPlanRecommendationDismissed":false,"providerFamilyConnectionSelections":{},"providerFamilyDomain":"zai","providerFamilyDomainMigrated":true,"nativeSearchEnhancementsEnabled":true,"memoryEnabled":false,"lastWorkspaceSession":[{"kind":"local","workspacePath":"C:\\Users\\USER\\Desktop\\Personal\\ZCode\\.tmp\\z1-native-1790566588657-b664be\\workspace","workspacePurpose":"project"},{"kind":"local","workspacePath":"C:\\Users\\USER\\Desktop\\Personal\\ZCode\\.tmp\\z1-native-1790566588657-b664be\\data\\.zcode\\workspace\\default","workspacePurpose":"conversation"}],"lastActiveTabIndex":0,"receivePreviewUpdates":false,"autoDownloadAndInstallUpdates":false,"skippedElectronUpdateVersions":{},"settingsSyncFirstRunPromptHandled":true}
[Z1 child] [2026-09-28 11:36:38.504] [pid:40180] [zcode-host] [rpc:call] graphEngineering.getWorkspace OK (4.7ms)
[2026-09-28 11:36:38.504] [pid:26224] [main] [host-log] (local-1) [host] [2026-09-28 11:36:38.504] [pid:40180] [zcode-host] [rpc:call] graphEngineering.getWorkspace OK (4.7ms)
[Z1 child] [2026-09-28 11:36:38.515] [pid:40180] [settingService] reading settings from: C:\Users\USER\Desktop\Personal\ZCode\.tmp\z1-native-1790566588657-b664be\home\.zcode\v2\setting.json
[2026-09-28 11:36:38.515] [pid:40180] [zcode-host] [rpc:listen] model-selection.onDidChange subscribed
[2026-09-28 11:36:38.515] [pid:26224] [main] [host-log] (local-1) [host] [2026-09-28 11:36:38.515] [pid:40180] [zcode-host] [rpc:listen] model-selection.onDidChange subscribed
[2026-09-28 11:36:38.516] [pid:26224] [main] [host-log] (local-1) [host] [2026-09-28 11:36:38.516] [pid:40180] [zcode-host] [rpc:call] graphEngineering.validateDefinition OK (0.2ms)
[2026-09-28 11:36:38.517] [pid:26224] [main] [host-log] (local-1) [host] [2026-09-28 11:36:38.516] [pid:40180] [zcode-host] [rpc:call] setting.get OK (1.0ms)
[2026-09-28 11:36:38.518] [pid:26224] [main] [host-log] (local-1) [host] [2026-09-28 11:36:38.516] [pid:40180] [zcode-host] [rpc:call] model-selection.getView OK (1.0ms)
[Z1 child] [2026-09-28 11:36:38.516] [pid:40180] [zcode-host] [rpc:call] graphEngineering.validateDefinition OK (0.2ms)
[2026-09-28 11:36:38.516] [pid:40180] [settingService] read result: {"recentProjects":[],"locale":"zh-CN","localePreference":"en-US","terminalInheritSystemProfile":true,"embeddedBrowserAllowInsecureCertificates":false,"embeddedBrowserViewportPreference":{"mode":"normal","viewport":{"width":393,"height":852},"zoom":"fit"},"computerUseComposerEntryHidden":true,"taskAutoArchiveEnabled":false,"taskAutoArchiveOlderThanDays":7,"closeToTrayOnWindows":false,"closeToTrayOnWindowsMigrationInitialized":true,"keepAwakeWhileRunning":false,"desktopWindowSize":{"width":1600,"height":1000,"maximized":false},"desktopChromiumHardwareAccelerationEnabled":true,"messageStreamShowReasoning":true,"messageStreamShowReasoningMigrationInitialized":true,"messageStreamShowTodos":false,"toolGroupingExploreEnabled":true,"toolGroupingTerminalEnabled":true,"toolGroupingChangesEnabled":false,"zcodeInteractionBehavior":"queue","askUserQuestionAutoResolutionEnabled":false,"modelIoFullRetentionEnabled":false,"startPlanRecommendationDismissed":false,"providerFamilyConnectionSelections":{},"providerFamilyDomain":"zai","providerFamilyDomainMigrated":true,"nativeSearchEnhancementsEnabled":true,"memoryEnabled":false,"lastWorkspaceSession":[{"kind":"local","workspacePath":"C:\\Users\\USER\\Desktop\\Personal\\ZCode\\.tmp\\z1-native-1790566588657-b664be\\workspace","workspacePurpose":"project"},{"kind":"local","workspacePath":"C:\\Users\\USER\\Desktop\\Personal\\ZCode\\.tmp\\z1-native-1790566588657-b664be\\data\\.zcode\\workspace\\default","workspacePurpose":"conversation"}],"lastActiveTabIndex":0,"receivePreviewUpdates":false,"autoDownloadAndInstallUpdates":false,"skippedElectronUpdateVersions":{},"settingsSyncFirstRunPromptHandled":true}
[2026-09-28 11:36:38.516] [pid:40180] [zcode-host] [rpc:call] setting.get OK (1.0ms)
[2026-09-28 11:36:38.516] [pid:40180] [zcode-host] [rpc:call] model-selection.getView OK (1.0ms)
[Z1 child] [2026-09-28 11:36:38.759] [pid:40180] [cua-pip-session] [cua-pip-session] event delivery dropped {
  kind: 'focus-changed',
  revision: 5,
  sessionId: 'sess_3b256886-0faf-4678-87e7-cac2279134a2',
  sourceWindowId: 'window-1',
  skipReason: 'service-disabled'
}
[2026-09-28 11:36:38.759] [pid:26224] [main] [host-log] (local-1) [host] [2026-09-28 11:36:38.759] [pid:40180] [cua-pip-session] [cua-pip-session] event delivery dropped {"kind":"focus-changed","revision":5,"sessionId":"sess_3b256886-0faf-4678-87e7-cac2279134a2","sourceWindowId":"window-1","skipReason":"service-disabled"}
[2026-09-28 11:36:38.762] [pid:26224] [renderer] v4 workspace connection reused {
  event: 'v4.workspace_connection.reused',
  isRemote: false,
  key: '__base__ C:\\Users\\USER\\Desktop\\Personal\\ZCode\\.tmp\\z1-native-1790566588657-b664be\\workspace',
  module: 'ui.v4.workspace_connection_registry',
  refCount: 1,
  serviceGeneration: 1,
  status: 'completed'
}
[Z1 child] [2026-09-28 11:36:38.773] [pid:40180] [zcode-host] [rpc:call] zcode-task.getTaskSessionFilePath OK (0.0ms)
[2026-09-28 11:36:38.773] [pid:26224] [main] [host-log] (local-1) [host] [2026-09-28 11:36:38.773] [pid:40180] [zcode-host] [rpc:call] zcode-task.getTaskSessionFilePath OK (0.0ms)
[2026-09-28 11:36:38.774] [pid:26224] [renderer] v4 conversation store connect started {
  event: 'v4.conversation.store.connect.started',
  generation: 1,
  hasBase: false,
  module: 'ui.v4.conversation_projection_store',
  status: 'started',
  topic: 'conversation/sess_3b256886-0faf-4678-87e7-cac2279134a2'
}
[2026-09-28 11:36:38.775] [pid:26224] [renderer] v4 conversation subscription started {
  workspaceKey: 'C:\\Users\\USER\\Desktop\\Personal\\ZCode\\.tmp\\z1-native-1790566588657-b664be\\workspace',
  workspacePath: 'C:\\Users\\USER\\Desktop\\Personal\\ZCode\\.tmp\\z1-native-1790566588657-b664be\\workspace',
  event: 'v4.conversation.subscribe.started',
  module: 'ui.v4.conversation_transport',
  runtimeGeneration: 0,
  sessionId: 'sess_3b256886-0faf-4678-87e7-cac2279134a2',
  status: 'started',
  topic: 'conversation/sess_3b256886-0faf-4678-87e7-cac2279134a2'
}
[2026-09-28 11:36:38.776] [pid:26224] [renderer] v4 session data lease acquired {
  event: 'v4.session_data.acquire',
  keepWarm: false,
  module: 'ui.v4.session_data_layer',
  openKind: 'cold',
  refCount: 1,
  sessionId: 'sess_3b256886-0faf-4678-87e7-cac2279134a2',
  status: 'completed',
  topic: 'conversation/sess_3b256886-0faf-4678-87e7-cac2279134a2'
}
[2026-09-28 11:36:38.776] [pid:26224] [main] [host-log] (local-1) [host] [2026-09-28 11:36:38.773] [pid:40180] [zcode-host] [rpc:call] zcode-task.getTaskNativeSessionLogFile OK (0.2ms)
[2026-09-28 11:36:38.777] [pid:26224] [main] [host-log] (local-1) [host] [2026-09-28 11:36:38.774] [pid:40180] [zcode-host] [rpc:listen] graphEngineering.onDidChange subscribed
[2026-09-28 11:36:38.778] [pid:26224] [main] [host-log] (local-1) [host] [2026-09-28 11:36:38.774] [pid:40180] [zcode-host] [rpc:call] graphEngineering.isSessionOwned OK (0.0ms)
[2026-09-28 11:36:38.779] [pid:26224] [main] [host-log] (local-1) [host] [2026-09-28 11:36:38.774] [pid:40180] [zcode-host] [rpc:listen] model-selection.onDidChange subscribed
[Z1 child] [2026-09-28 11:36:38.773] [pid:40180] [zcode-host] [rpc:call] zcode-task.getTaskNativeSessionLogFile OK (0.2ms)
[2026-09-28 11:36:38.773] [pid:40180] [settingService] reading settings from: C:\Users\USER\Desktop\Personal\ZCode\.tmp\z1-native-1790566588657-b664be\home\.zcode\v2\setting.json
[2026-09-28 11:36:38.774] [pid:40180] [zcode-host] [rpc:listen] graphEngineering.onDidChange subscribed
[2026-09-28 11:36:38.774] [pid:40180] [zcode-host] [rpc:call] graphEngineering.isSessionOwned OK (0.0ms)
[2026-09-28 11:36:38.774] [pid:40180] [zcode-host] [rpc:listen] model-selection.onDidChange subscribed
[2026-09-28 11:36:38.774] [pid:40180] [zcode-host] [rpc:call] zcode-task.getTaskNativeSessionLogFile OK (0.1ms)
[2026-09-28 11:36:38.775] [pid:40180] [zcode-host] [rpc:call] zcode-task.getTaskSessionFilePath OK (0.0ms)
[2026-09-28 11:36:38.775] [pid:40180] [settingService] read result: {"recentProjects":[],"locale":"zh-CN","localePreference":"en-US","terminalInheritSystemProfile":true,"embeddedBrowserAllowInsecureCertificates":false,"embeddedBrowserViewportPreference":{"mode":"normal","viewport":{"width":393,"height":852},"zoom":"fit"},"computerUseComposerEntryHidden":true,"taskAutoArchiveEnabled":false,"taskAutoArchiveOlderThanDays":7,"closeToTrayOnWindows":false,"closeToTrayOnWindowsMigrationInitialized":true,"keepAwakeWhileRunning":false,"desktopWindowSize":{"width":1600,"height":1000,"maximized":false},"desktopChromiumHardwareAccelerationEnabled":true,"messageStreamShowReasoning":true,"messageStreamShowReasoningMigrationInitialized":true,"messageStreamShowTodos":false,"toolGroupingExploreEnabled":true,"toolGroupingTerminalEnabled":true,"toolGroupingChangesEnabled":false,"zcodeInteractionBehavior":"queue","askUserQuestionAutoResolutionEnabled":false,"modelIoFullRetentionEnabled":false,"startPlanRecommendationDismissed":false,"providerFamilyConnectionSelections":{},"providerFamilyDomain":"zai","providerFamilyDomainMigrated":true,"nativeSearchEnhancementsEnabled":true,"memoryEnabled":false,"lastWorkspaceSession":[{"kind":"local","workspacePath":"C:\\Users\\USER\\Desktop\\Personal\\ZCode\\.tmp\\z1-native-1790566588657-b664be\\workspace","workspacePurpose":"project"},{"kind":"local","workspacePath":"C:\\Users\\USER\\Desktop\\Personal\\ZCode\\.tmp\\z1-native-1790566588657-b664be\\data\\.zcode\\workspace\\default","workspacePurpose":"conversation"}],"lastActiveTabIndex":0,"receivePreviewUpdates":false,"autoDownloadAndInstallUpdates":false,"skippedElectronUpdateVersions":{},"settingsSyncFirstRunPromptHandled":true}
[2026-09-28 11:36:38.775] [pid:40180] [zcode-host] [rpc:call] setting.get OK (1.5ms)
[2026-09-28 11:36:38.776] [pid:40180] [zcode-host] [rpc:call] model-selection.getView OK (2.1ms)
[2026-09-28 11:36:38.779] [pid:26224] [main] [host-log] (local-1) [host] [2026-09-28 11:36:38.774] [pid:40180] [zcode-host] [rpc:call] zcode-task.getTaskNativeSessionLogFile OK (0.1ms)
[2026-09-28 11:36:38.780] [pid:26224] [main] [host-log] (local-1) [host] [2026-09-28 11:36:38.775] [pid:40180] [zcode-host] [rpc:call] zcode-task.getTaskSessionFilePath OK (0.0ms)
[2026-09-28 11:36:38.781] [pid:26224] [main] [host-log] (local-1) [host] [2026-09-28 11:36:38.775] [pid:40180] [zcode-host] [rpc:call] setting.get OK (1.5ms)
[2026-09-28 11:36:38.781] [pid:26224] [main] [host-log] (local-1) [host] [2026-09-28 11:36:38.776] [pid:40180] [zcode-host] [rpc:call] model-selection.getView OK (2.1ms)
[2026-09-28 11:36:38.807] [pid:26224] [main] [host-log] (local-1) [host] [2026-09-28 11:36:38.806] [pid:40180] [zcode-session-service] [zcode-session-service] readSession 历史快照读取完成 {"durationMs":32,"messageLimit":1,"sessionId":"sess_3b256886-0faf-4678-87e7-cac2279134a2","snapshot":{"activeTurnId":null,"eventSeq":2,"messageCount":0,"pendingRequestCount":1,"sessionStatus":"idle","stateRevision":0},"workspaceIdentity":null,"workspacePath":"C:\\Users\\USER\\Desktop\\Personal\\ZCode\\.tmp\\z1-native-1790566588657-b664be\\workspace"}
[Z1 child] [2026-09-28 11:36:38.806] [pid:40180] [zcode-session-service] [zcode-session-service] readSession 历史快照读取完成 {
  deliveryKind: undefined,
  durationMs: 32,
  messageLimit: 1,
  sessionId: 'sess_3b256886-0faf-4678-87e7-cac2279134a2',
  snapshot: {
    activeTurnId: null,
    eventSeq: 2,
    messageCount: 0,
    pendingRequestCount: 1,
    sessionStatus: 'idle',
    stateRevision: 0
  },
  workspaceIdentity: null,
  workspacePath: 'C:\\Users\\USER\\Desktop\\Personal\\ZCode\\.tmp\\z1-native-1790566588657-b664be\\workspace'
}
[2026-09-28 11:36:38.806] [pid:40180] [zcode-host] [rpc:call] zcode-session.readSession OK (32.4ms)
[2026-09-28 11:36:38.807] [pid:40180] [zcode-host] [rpc:call] zcode-agent.conversationWorkflowRunsV4 OK (22.0ms)
[2026-09-28 11:36:38.808] [pid:26224] [main] [host-log] (local-1) [host] [2026-09-28 11:36:38.806] [pid:40180] [zcode-host] [rpc:call] zcode-session.readSession OK (32.4ms)
[2026-09-28 11:36:38.809] [pid:26224] [main] [host-log] (local-1) [host] [2026-09-28 11:36:38.807] [pid:40180] [zcode-host] [rpc:call] zcode-agent.conversationWorkflowRunsV4 OK (22.0ms)
[2026-09-28 11:36:38.810] [pid:26224] [main] [host-log] (local-1) [host] [2026-09-28 11:36:38.809] [pid:40180] [zcode-host] [rpc:call] zcode-agent.subscribeConversationV4 OK (24.1ms)
[Z1 child] [2026-09-28 11:36:38.809] [pid:40180] [zcode-host] [rpc:call] zcode-agent.subscribeConversationV4 OK (24.1ms)
[Z1 child] [2026-09-28 11:36:38.814] [pid:40180] [zcode-host] [rpc:call] zcode-task.getTaskNativeSessionLogFile OK (0.2ms)
[2026-09-28 11:36:38.814] [pid:26224] [main] [host-log] (local-1) [host] [2026-09-28 11:36:38.814] [pid:40180] [zcode-host] [rpc:call] zcode-task.getTaskNativeSessionLogFile OK (0.2ms)
[2026-09-28 11:36:38.824] [pid:26224] [renderer] v4 conversation subscription acknowledged {
  workspaceKey: 'C:\\Users\\USER\\Desktop\\Personal\\ZCode\\.tmp\\z1-native-1790566588657-b664be\\workspace',
  workspacePath: 'C:\\Users\\USER\\Desktop\\Personal\\ZCode\\.tmp\\z1-native-1790566588657-b664be\\workspace',
  durationMs: 50,
  event: 'v4.conversation.subscribe.acknowledged',
  module: 'ui.v4.conversation_transport',
  runtimeGeneration: 0,
  sessionId: 'sess_3b256886-0faf-4678-87e7-cac2279134a2',
  status: 'completed',
  subscriptionId: 'sub-mukp4dp6-m0mv28hu-1',
  topic: 'conversation/sess_3b256886-0faf-4678-87e7-cac2279134a2'
}
[2026-09-28 11:36:38.824] [pid:26224] [renderer] v4 conversation subscription activated {
  workspaceKey: 'C:\\Users\\USER\\Desktop\\Personal\\ZCode\\.tmp\\z1-native-1790566588657-b664be\\workspace',
  workspacePath: 'C:\\Users\\USER\\Desktop\\Personal\\ZCode\\.tmp\\z1-native-1790566588657-b664be\\workspace',
  event: 'v4.conversation.subscribe.activated',
  module: 'ui.v4.conversation_transport',
  runtimeGeneration: 0,
  status: 'completed',
  subscriptionId: 'sub-mukp4dp6-m0mv28hu-1',
  topic: 'conversation/sess_3b256886-0faf-4678-87e7-cac2279134a2'
}
[2026-09-28 11:36:38.825] [pid:26224] [renderer] v4 conversation store connect completed {
  durationMs: 50,
  event: 'v4.conversation.store.connect.completed',
  generation: 1,
  logEpoch: 'mukp4dp6-m0mv28hu',
  mode: 'snapshot',
  module: 'ui.v4.conversation_projection_store',
  status: 'completed',
  subscriptionId: 'sub-mukp4dp6-m0mv28hu-1',
  topic: 'conversation/sess_3b256886-0faf-4678-87e7-cac2279134a2'
}
[Z1 child] [2026-09-28 11:36:38.831] [pid:40180] [zcode-host] [rpc:listen] model-selection.onDidChange subscribed
[2026-09-28 11:36:38.831] [pid:26224] [main] [host-log] (local-1) [host] [2026-09-28 11:36:38.831] [pid:40180] [zcode-host] [rpc:listen] model-selection.onDidChange subscribed
[Z1 child] [2026-09-28 11:36:38.831] [pid:40180] [zcode-host] [rpc:call] model-selection.getView OK (0.6ms)
[2026-09-28 11:36:38.832] [pid:26224] [main] [host-log] (local-1) [host] [2026-09-28 11:36:38.831] [pid:40180] [zcode-host] [rpc:call] model-selection.getView OK (0.6ms)
[Z1 child] [2026-09-28 11:36:38.834] [pid:40180] [zcode-host] [rpc:call] zcode-agent.conversationPlansV4 OK (0.4ms)
[2026-09-28 11:36:38.835] [pid:26224] [main] [host-log] (local-1) [host] [2026-09-28 11:36:38.834] [pid:40180] [zcode-host] [rpc:call] zcode-agent.conversationPlansV4 OK (0.4ms)
[Z1 child] [2026-09-28 11:36:39.135] [pid:40180] [zcode-host] [rpc:call] zcode-agent.sendConversationCommandV4 OK (2.0ms)
[2026-09-28 11:36:39.135] [pid:26224] [main] [host-log] (local-1) [host] [2026-09-28 11:36:39.135] [pid:40180] [zcode-host] [rpc:call] zcode-agent.sendConversationCommandV4 OK (2.0ms)
[Z1 child] [2026-09-28 11:36:39.136] [pid:40180] [settingService] reading settings from: C:\Users\USER\Desktop\Personal\ZCode\.tmp\z1-native-1790566588657-b664be\home\.zcode\v2\setting.json
[Z1 child] [2026-09-28 11:36:39.136] [pid:40180] [settingService] read result: {"recentProjects":[],"locale":"zh-CN","localePreference":"en-US","terminalInheritSystemProfile":true,"embeddedBrowserAllowInsecureCertificates":false,"embeddedBrowserViewportPreference":{"mode":"normal","viewport":{"width":393,"height":852},"zoom":"fit"},"computerUseComposerEntryHidden":true,"taskAutoArchiveEnabled":false,"taskAutoArchiveOlderThanDays":7,"closeToTrayOnWindows":false,"closeToTrayOnWindowsMigrationInitialized":true,"keepAwakeWhileRunning":false,"desktopWindowSize":{"width":1600,"height":1000,"maximized":false},"desktopChromiumHardwareAccelerationEnabled":true,"messageStreamShowReasoning":true,"messageStreamShowReasoningMigrationInitialized":true,"messageStreamShowTodos":false,"toolGroupingExploreEnabled":true,"toolGroupingTerminalEnabled":true,"toolGroupingChangesEnabled":false,"zcodeInteractionBehavior":"queue","askUserQuestionAutoResolutionEnabled":false,"modelIoFullRetentionEnabled":false,"startPlanRecommendationDismissed":false,"providerFamilyConnectionSelections":{},"providerFamilyDomain":"zai","providerFamilyDomainMigrated":true,"nativeSearchEnhancementsEnabled":true,"memoryEnabled":false,"lastWorkspaceSession":[{"kind":"local","workspacePath":"C:\\Users\\USER\\Desktop\\Personal\\ZCode\\.tmp\\z1-native-1790566588657-b664be\\workspace","workspacePurpose":"project"},{"kind":"local","workspacePath":"C:\\Users\\USER\\Desktop\\Personal\\ZCode\\.tmp\\z1-native-1790566588657-b664be\\data\\.zcode\\workspace\\default","workspacePurpose":"conversation"}],"lastActiveTabIndex":0,"receivePreviewUpdates":false,"autoDownloadAndInstallUpdates":false,"skippedElectronUpdateVersions":{},"settingsSyncFirstRunPromptHandled":true}
[Z1 child] [2026-09-28 11:36:39.137] [pid:40180] [settingService] writing settings to: C:\Users\USER\Desktop\Personal\ZCode\.tmp\z1-native-1790566588657-b664be\home\.zcode\v2\setting.json {"recentProjects":[],"locale":"zh-CN","localePreference":"en-US","terminalInheritSystemProfile":true,"embeddedBrowserAllowInsecureCertificates":false,"embeddedBrowserViewportPreference":{"mode":"normal","viewport":{"width":393,"height":852},"zoom":"fit"},"computerUseComposerEntryHidden":true,"taskAutoArchiveEnabled":false,"taskAutoArchiveOlderThanDays":7,"closeToTrayOnWindows":false,"closeToTrayOnWindowsMigrationInitialized":true,"keepAwakeWhileRunning":false,"desktopWindowSize":{"width":1600,"height":1000,"maximized":false},"desktopChromiumHardwareAccelerationEnabled":true,"messageStreamShowReasoning":true,"messageStreamShowReasoningMigrationInitialized":true,"messageStreamShowTodos":false,"toolGroupingExploreEnabled":true,"toolGroupingTerminalEnabled":true,"toolGroupingChangesEnabled":false,"zcodeInteractionBehavior":"queue","askUserQuestionAutoResolutionEnabled":false,"modelIoFullRetentionEnabled":false,"startPlanRecommendationDismissed":false,"providerFamilyConnectionSelections":{},"providerFamilyDomain":"zai","providerFamilyDomainMigrated":true,"nativeSearchEnhancementsEnabled":true,"memoryEnabled":false,"lastWorkspaceSession":[{"kind":"local","workspacePath":"C:\\Users\\USER\\Desktop\\Personal\\ZCode\\.tmp\\z1-native-1790566588657-b664be\\workspace","workspacePurpose":"project"},{"kind":"local","workspacePath":"C:\\Users\\USER\\Desktop\\Personal\\ZCode\\.tmp\\z1-native-1790566588657-b664be\\data\\.zcode\\workspace\\default","workspacePurpose":"conversation"}],"lastActiveTabIndex":0,"receivePreviewUpdates":false,"autoDownloadAndInstallUpdates":false,"skippedElectronUpdateVersions":{},"settingsSyncFirstRunPromptHandled":true}
[2026-09-28 11:36:39.137] [pid:26224] [main] [host-log] (local-1) [host] [2026-09-28 11:36:39.137] [pid:40180] [settingService] writing settings to: C:\Users\USER\Desktop\Personal\ZCode\.tmp\z1-native-1790566588657-b664be\home\.zcode\v2\setting.json {"recentProjects":[],"locale":"zh-CN","localePreference":"en-US","terminalInheritSystemProfile":true,"embeddedBrowserAllowInsecureCertificates":false,"embeddedBrowserViewportPreference":{"mode":"normal","viewport":{"width":393,"height":852},"zoom":"fit"},"computerUseComposerEntryHidden":true,"taskAutoArchiveEnabled":false,"taskAutoArchiveOlderThanDays":7,"closeToTrayOnWindows":false,"closeToTrayOnWindowsMigrationInitialized":true,"keepAwakeWhileRunning":false,"desktopWindowSize":{"width":1600,"height":1000,"maximized":false},"desktopChromiumHardwareAccelerationEnabled":true,"messageStreamShowReasoning":true,"messageStreamShowReasoningMigrationInitialized":true,"messageStreamShowTodos":false,"toolGroupingExploreEnabled":true,"toolGroupingTerminalEnabled":true,"toolGroupingChangesEnabled":false,"zcodeInteractionBehavior":"queue","askUserQuestionAutoResolutionEnabled":false,"modelIoFullRetentionEnabled":false,"startPlanRecommendationDismissed":false,"providerFamilyConnectionSelections":{},"providerFamilyDomain":"zai","providerFamilyDomainMigrated":true,"nativeSearchEnhancementsEnabled":true,"memoryEnabled":false,"lastWorkspaceSession":[{"kind":"local","workspacePath":"C:\\Users\\USER\\Desktop\\Personal\\ZCode\\.tmp\\z1-native-1790566588657-b664be\\workspace","workspacePurpose":"project"},{"kind":"local","workspacePath":"C:\\Users\\USER\\Desktop\\Personal\\ZCode\\.tmp\\z1-native-1790566588657-b664be\\data\\.zcode\\workspace\\default","workspacePurpose":"conversation"}],"lastActiveTabIndex":0,"receivePreviewUpdates":false,"autoDownloadAndInstallUpdates":false,"skippedElectronUpdateVersions":{},"settingsSyncFirstRunPromptHandled":true}
[Z1 child] [2026-09-28 11:36:39.142] [pid:40180] [settingService] write done
[2026-09-28 11:36:39.142] [pid:26224] [main] [host-log] (local-1) [host] [2026-09-28 11:36:39.142] [pid:40180] [settingService] write done
[2026-09-28 11:36:39.143] [pid:26224] [main] [host-log] (local-1) [host] [2026-09-28 11:36:39.142] [pid:40180] [zcode-host] [rpc:call] setting.update OK (6.0ms)
[Z1 child] [2026-09-28 11:36:39.142] [pid:40180] [zcode-host] [rpc:call] setting.update OK (6.0ms)
[2026-09-28 11:36:39.208] [pid:26224] [renderer] v4 workspace connection lease released {
  event: 'v4.workspace_connection.release',
  keepWarmMs: 30000,
  key: '__base__ C:\\Users\\USER\\Desktop\\Personal\\ZCode\\.tmp\\z1-native-1790566588657-b664be\\workspace',
  module: 'ui.v4.workspace_connection_registry',
  refCount: 0,
  status: 'keep_warm'
}
[2026-09-28 11:36:39.209] [pid:26224] [renderer] v4 session data lease released {
  event: 'v4.session_data.release',
  keepWarmMs: 30000,
  module: 'ui.v4.session_data_layer',
  refCount: 0,
  status: 'keep_warm',
  topic: 'conversation/sess_3b256886-0faf-4678-87e7-cac2279134a2'
}
[Z1 child] [2026-09-28 11:36:39.210] [pid:40180] [zcode-host] [rpc:listen] graphEngineering.onDidChange subscribed
[2026-09-28 11:36:39.210] [pid:26224] [main] [host-log] (local-1) [host] [2026-09-28 11:36:39.210] [pid:40180] [zcode-host] [rpc:listen] graphEngineering.onDidChange subscribed
[Z1 child] [2026-09-28 11:36:39.210] [pid:40180] [settingService] reading settings from: C:\Users\USER\Desktop\Personal\ZCode\.tmp\z1-native-1790566588657-b664be\home\.zcode\v2\setting.json
[Z1 child] [2026-09-28 11:36:39.211] [pid:40180] [settingService] read result: {"recentProjects":[],"locale":"zh-CN","localePreference":"en-US","terminalInheritSystemProfile":true,"embeddedBrowserAllowInsecureCertificates":false,"embeddedBrowserViewportPreference":{"mode":"normal","viewport":{"width":393,"height":852},"zoom":"fit"},"computerUseComposerEntryHidden":true,"taskAutoArchiveEnabled":false,"taskAutoArchiveOlderThanDays":7,"closeToTrayOnWindows":false,"closeToTrayOnWindowsMigrationInitialized":true,"keepAwakeWhileRunning":false,"desktopWindowSize":{"width":1600,"height":1000,"maximized":false},"desktopChromiumHardwareAccelerationEnabled":true,"messageStreamShowReasoning":true,"messageStreamShowReasoningMigrationInitialized":true,"messageStreamShowTodos":false,"toolGroupingExploreEnabled":true,"toolGroupingTerminalEnabled":true,"toolGroupingChangesEnabled":false,"zcodeInteractionBehavior":"queue","askUserQuestionAutoResolutionEnabled":false,"modelIoFullRetentionEnabled":false,"startPlanRecommendationDismissed":false,"providerFamilyConnectionSelections":{},"providerFamilyDomain":"zai","providerFamilyDomainMigrated":true,"nativeSearchEnhancementsEnabled":true,"memoryEnabled":false,"lastWorkspaceSession":[{"kind":"local","workspacePath":"C:\\Users\\USER\\Desktop\\Personal\\ZCode\\.tmp\\z1-native-1790566588657-b664be\\workspace","workspacePurpose":"project"},{"kind":"local","workspacePath":"C:\\Users\\USER\\Desktop\\Personal\\ZCode\\.tmp\\z1-native-1790566588657-b664be\\data\\.zcode\\workspace\\default","workspacePurpose":"conversation"}],"lastActiveTabIndex":0,"receivePreviewUpdates":false,"autoDownloadAndInstallUpdates":false,"skippedElectronUpdateVersions":{},"settingsSyncFirstRunPromptHandled":true}
[Z1 child] [2026-09-28 11:36:39.212] [pid:40180] [zcode-host] [rpc:call] graphEngineering.getWorkspace OK (1.7ms)
[2026-09-28 11:36:39.212] [pid:26224] [main] [host-log] (local-1) [host] [2026-09-28 11:36:39.212] [pid:40180] [zcode-host] [rpc:call] graphEngineering.getWorkspace OK (1.7ms)
[Z1 child] [2026-09-28 11:36:39.223] [pid:40180] [settingService] reading settings from: C:\Users\USER\Desktop\Personal\ZCode\.tmp\z1-native-1790566588657-b664be\home\.zcode\v2\setting.json
[2026-09-28 11:36:39.223] [pid:40180] [zcode-host] [rpc:listen] model-selection.onDidChange subscribed
[2026-09-28 11:36:39.223] [pid:26224] [main] [host-log] (local-1) [host] [2026-09-28 11:36:39.223] [pid:40180] [zcode-host] [rpc:listen] model-selection.onDidChange subscribed
[Z1 child] [2026-09-28 11:36:39.224] [pid:40180] [zcode-host] [rpc:call] graphEngineering.validateDefinition OK (0.5ms)
[2026-09-28 11:36:39.224] [pid:26224] [main] [host-log] (local-1) [host] [2026-09-28 11:36:39.224] [pid:40180] [zcode-host] [rpc:call] graphEngineering.validateDefinition OK (0.5ms)
[2026-09-28 11:36:39.224] [pid:26224] [main] [host-log] (local-1) [host] [2026-09-28 11:36:39.224] [pid:40180] [zcode-host] [rpc:call] setting.get OK (1.3ms)
[Z1 child] [2026-09-28 11:36:39.224] [pid:40180] [settingService] read result: {"recentProjects":[],"locale":"zh-CN","localePreference":"en-US","terminalInheritSystemProfile":true,"embeddedBrowserAllowInsecureCertificates":false,"embeddedBrowserViewportPreference":{"mode":"normal","viewport":{"width":393,"height":852},"zoom":"fit"},"computerUseComposerEntryHidden":true,"taskAutoArchiveEnabled":false,"taskAutoArchiveOlderThanDays":7,"closeToTrayOnWindows":false,"closeToTrayOnWindowsMigrationInitialized":true,"keepAwakeWhileRunning":false,"desktopWindowSize":{"width":1600,"height":1000,"maximized":false},"desktopChromiumHardwareAccelerationEnabled":true,"messageStreamShowReasoning":true,"messageStreamShowReasoningMigrationInitialized":true,"messageStreamShowTodos":false,"toolGroupingExploreEnabled":true,"toolGroupingTerminalEnabled":true,"toolGroupingChangesEnabled":false,"zcodeInteractionBehavior":"queue","askUserQuestionAutoResolutionEnabled":false,"modelIoFullRetentionEnabled":false,"startPlanRecommendationDismissed":false,"providerFamilyConnectionSelections":{},"providerFamilyDomain":"zai","providerFamilyDomainMigrated":true,"nativeSearchEnhancementsEnabled":true,"memoryEnabled":false,"lastWorkspaceSession":[{"kind":"local","workspacePath":"C:\\Users\\USER\\Desktop\\Personal\\ZCode\\.tmp\\z1-native-1790566588657-b664be\\workspace","workspacePurpose":"project"},{"kind":"local","workspacePath":"C:\\Users\\USER\\Desktop\\Personal\\ZCode\\.tmp\\z1-native-1790566588657-b664be\\data\\.zcode\\workspace\\default","workspacePurpose":"conversation"}],"lastActiveTabIndex":0,"receivePreviewUpdates":false,"autoDownloadAndInstallUpdates":false,"skippedElectronUpdateVersions":{},"settingsSyncFirstRunPromptHandled":true}
[2026-09-28 11:36:39.224] [pid:40180] [zcode-host] [rpc:call] setting.get OK (1.3ms)
[2026-09-28 11:36:39.224] [pid:40180] [zcode-host] [rpc:call] model-selection.getView OK (1.5ms)
[2026-09-28 11:36:39.225] [pid:26224] [main] [host-log] (local-1) [host] [2026-09-28 11:36:39.224] [pid:40180] [zcode-host] [rpc:call] model-selection.getView OK (1.5ms)
[Z1 child] [2026-09-28 11:36:39.492] [pid:40180] [zcode-agent-service] 开始初始化 ZCode agent {
  workspaceKey: 'C:\\Users\\USER\\Desktop\\Personal\\ZCode\\.tmp\\z1-native-1790566588657-b664be\\workspace',
  workspacePath: 'C:\\Users\\USER\\Desktop\\Personal\\ZCode\\.tmp\\z1-native-1790566588657-b664be\\workspace'
}
[2026-09-28 11:36:39.493] [pid:26224] [main] [host-log] (local-1) [host] [2026-09-28 11:36:39.492] [pid:40180] [zcode-agent-service] 开始初始化 ZCode agent {"workspaceKey":"C:\\Users\\USER\\Desktop\\Personal\\ZCode\\.tmp\\z1-native-1790566588657-b664be\\workspace","workspacePath":"C:\\Users\\USER\\Desktop\\Personal\\ZCode\\.tmp\\z1-native-1790566588657-b664be\\workspace"}
[Z1 child] [2026-09-28 11:36:39.492] [pid:40180] [zcode-agent-service] ZCode agent 初始化完成 {
  durationMs: 0,
  transportKind: 'stdio',
  workspaceKey: 'C:\\Users\\USER\\Desktop\\Personal\\ZCode\\.tmp\\z1-native-1790566588657-b664be\\workspace',
  workspacePath: 'C:\\Users\\USER\\Desktop\\Personal\\ZCode\\.tmp\\z1-native-1790566588657-b664be\\workspace'
}
[2026-09-28 11:36:39.492] [pid:40180] [zcode-session-service][trace:de53e282-b940-4a42-ab06-9db617afc365] [zcode-session-service] createSession 分配 session trace {
  persistence: 'deferred',
  workspaceIdentity: undefined,
  workspacePath: 'C:\\Users\\USER\\Desktop\\Personal\\ZCode\\.tmp\\z1-native-1790566588657-b664be\\workspace'
}
[2026-09-28 11:36:39.492] [pid:40180] [zcode-agent-service][trace:de53e282-b940-4a42-ab06-9db617afc365] 开始请求 ZCode Protocol session/create {
  hasInitialModel: false,
  hasInitialThoughtLevel: false,
  initialModel: null,
  mcpServerCount: 0,
  mcpServerNames: [],
  persistence: 'deferred',
  workspaceKey: 'C:\\Users\\USER\\Desktop\\Personal\\ZCode\\.tmp\\z1-native-1790566588657-b664be\\workspace',
  workspacePath: 'C:\\Users\\USER\\Desktop\\Personal\\ZCode\\.tmp\\z1-native-1790566588657-b664be\\workspace'
}
[2026-09-28 11:36:39.493] [pid:26224] [main] [host-log] (local-1) [host] [2026-09-28 11:36:39.492] [pid:40180] [zcode-agent-service] ZCode agent 初始化完成 {"durationMs":0,"transportKind":"stdio","workspaceKey":"C:\\Users\\USER\\Desktop\\Personal\\ZCode\\.tmp\\z1-native-1790566588657-b664be\\workspace","workspacePath":"C:\\Users\\USER\\Desktop\\Personal\\ZCode\\.tmp\\z1-native-1790566588657-b664be\\workspace"}
[2026-09-28 11:36:39.494] [pid:26224] [main] [host-log] (local-1) [host] [2026-09-28 11:36:39.492] [pid:40180] [zcode-session-service][trace:de53e282-b940-4a42-ab06-9db617afc365] [zcode-session-service] createSession 分配 session trace {"persistence":"deferred","workspacePath":"C:\\Users\\USER\\Desktop\\Personal\\ZCode\\.tmp\\z1-native-1790566588657-b664be\\workspace"}
[2026-09-28 11:36:39.495] [pid:26224] [main] [host-log] (local-1) [host] [2026-09-28 11:36:39.492] [pid:40180] [zcode-agent-service][trace:de53e282-b940-4a42-ab06-9db617afc365] 开始请求 ZCode Protocol session/create {"hasInitialModel":false,"hasInitialThoughtLevel":false,"initialModel":null,"mcpServerCount":0,"mcpServerNames":[],"persistence":"deferred","workspaceKey":"C:\\Users\\USER\\Desktop\\Personal\\ZCode\\.tmp\\z1-native-1790566588657-b664be\\workspace","workspacePath":"C:\\Users\\USER\\Desktop\\Personal\\ZCode\\.tmp\\z1-native-1790566588657-b664be\\workspace"}
[Z1 child] [2026-09-28 11:36:39.494] [pid:40180] [settingService] reading settings from: C:\Users\USER\Desktop\Personal\ZCode\.tmp\z1-native-1790566588657-b664be\home\.zcode\v2\setting.json
[2026-09-28 11:36:39.494] [pid:40180] [settingService] read result: {"recentProjects":[],"locale":"zh-CN","localePreference":"en-US","terminalInheritSystemProfile":true,"embeddedBrowserAllowInsecureCertificates":false,"embeddedBrowserViewportPreference":{"mode":"normal","viewport":{"width":393,"height":852},"zoom":"fit"},"computerUseComposerEntryHidden":true,"taskAutoArchiveEnabled":false,"taskAutoArchiveOlderThanDays":7,"closeToTrayOnWindows":false,"closeToTrayOnWindowsMigrationInitialized":true,"keepAwakeWhileRunning":false,"desktopWindowSize":{"width":1600,"height":1000,"maximized":false},"desktopChromiumHardwareAccelerationEnabled":true,"messageStreamShowReasoning":true,"messageStreamShowReasoningMigrationInitialized":true,"messageStreamShowTodos":false,"toolGroupingExploreEnabled":true,"toolGroupingTerminalEnabled":true,"toolGroupingChangesEnabled":false,"zcodeInteractionBehavior":"queue","askUserQuestionAutoResolutionEnabled":false,"modelIoFullRetentionEnabled":false,"startPlanRecommendationDismissed":false,"providerFamilyConnectionSelections":{},"providerFamilyDomain":"zai","providerFamilyDomainMigrated":true,"nativeSearchEnhancementsEnabled":true,"memoryEnabled":false,"lastWorkspaceSession":[{"kind":"local","workspacePath":"C:\\Users\\USER\\Desktop\\Personal\\ZCode\\.tmp\\z1-native-1790566588657-b664be\\workspace","workspacePurpose":"project"},{"kind":"local","workspacePath":"C:\\Users\\USER\\Desktop\\Personal\\ZCode\\.tmp\\z1-native-1790566588657-b664be\\data\\.zcode\\workspace\\default","workspacePurpose":"conversation"}],"lastActiveTabIndex":0,"receivePreviewUpdates":false,"autoDownloadAndInstallUpdates":false,"skippedElectronUpdateVersions":{},"settingsSyncFirstRunPromptHandled":true}
[Z1 child] [2026-09-28 11:36:39.554] [pid:40180] [zcode-agent-service][trace:de53e282-b940-4a42-ab06-9db617afc365] ZCode Protocol session/create 完成 {
  durationMs: 62,
  messageCount: 0,
  modelCurrent: 'z1-local-fixture/z1-fixture$enabled',
  mcpServerCount: 0,
  persistence: 'deferred',
  sessionId: 'sess_16ae2802-1a90-4b61-a300-660c140b87c5',
  snapshotTraceId: 'de53e282-b940-4a42-ab06-9db617afc365',
  workspaceKey: 'C:\\Users\\USER\\Desktop\\Personal\\ZCode\\.tmp\\z1-native-1790566588657-b664be\\workspace',
  workspacePath: 'C:\\Users\\USER\\Desktop\\Personal\\ZCode\\.tmp\\z1-native-1790566588657-b664be\\workspace'
}
[2026-09-28 11:36:39.554] [pid:26224] [main] [host-log] (local-1) [host] [2026-09-28 11:36:39.554] [pid:40180] [zcode-agent-service][trace:de53e282-b940-4a42-ab06-9db617afc365] ZCode Protocol session/create 完成 {"durationMs":62,"messageCount":0,"modelCurrent":"z1-local-fixture/z1-fixture$enabled","mcpServerCount":0,"persistence":"deferred","sessionId":"sess_16ae2802-1a90-4b61-a300-660c140b87c5","snapshotTraceId":"de53e282-b940-4a42-ab06-9db617afc365","workspaceKey":"C:\\Users\\USER\\Desktop\\Personal\\ZCode\\.tmp\\z1-native-1790566588657-b664be\\workspace","workspacePath":"C:\\Users\\USER\\Desktop\\Personal\\ZCode\\.tmp\\z1-native-1790566588657-b664be\\workspace"}
[2026-09-28 11:36:39.555] [pid:26224] [main] [host-log] (local-1) [host] [2026-09-28 11:36:39.554] [pid:40180] [zcode-session-service][trace:de53e282-b940-4a42-ab06-9db617afc365] [zcode-session-service] createSession agent 返回 {"durationMs":62,"mcpServerCount":0,"persistence":"deferred","snapshotTraceId":"de53e282-b940-4a42-ab06-9db617afc365","sessionId":"sess_16ae2802-1a90-4b61-a300-660c140b87c5","workspacePath":"C:\\Users\\USER\\Desktop\\Personal\\ZCode\\.tmp\\z1-native-1790566588657-b664be\\workspace"}
[Z1 child] [2026-09-28 11:36:39.554] [pid:40180] [zcode-session-service][trace:de53e282-b940-4a42-ab06-9db617afc365] [zcode-session-service] createSession agent 返回 {
  durationMs: 62,
  mcpServerCount: 0,
  persistence: 'deferred',
  snapshotTraceId: 'de53e282-b940-4a42-ab06-9db617afc365',
  sessionId: 'sess_16ae2802-1a90-4b61-a300-660c140b87c5',
  workspaceIdentity: undefined,
  workspacePath: 'C:\\Users\\USER\\Desktop\\Personal\\ZCode\\.tmp\\z1-native-1790566588657-b664be\\workspace'
}
[Z1 child] [2026-09-28 11:36:39.595] [pid:40180] [settingService] reading settings from: C:\Users\USER\Desktop\Personal\ZCode\.tmp\z1-native-1790566588657-b664be\home\.zcode\v2\setting.json
[Z1 child] [2026-09-28 11:36:39.595] [pid:40180] [settingService] read result: {"recentProjects":[],"locale":"zh-CN","localePreference":"en-US","terminalInheritSystemProfile":true,"embeddedBrowserAllowInsecureCertificates":false,"embeddedBrowserViewportPreference":{"mode":"normal","viewport":{"width":393,"height":852},"zoom":"fit"},"computerUseComposerEntryHidden":true,"taskAutoArchiveEnabled":false,"taskAutoArchiveOlderThanDays":7,"closeToTrayOnWindows":false,"closeToTrayOnWindowsMigrationInitialized":true,"keepAwakeWhileRunning":false,"desktopWindowSize":{"width":1600,"height":1000,"maximized":false},"desktopChromiumHardwareAccelerationEnabled":true,"messageStreamShowReasoning":true,"messageStreamShowReasoningMigrationInitialized":true,"messageStreamShowTodos":false,"toolGroupingExploreEnabled":true,"toolGroupingTerminalEnabled":true,"toolGroupingChangesEnabled":false,"zcodeInteractionBehavior":"queue","askUserQuestionAutoResolutionEnabled":false,"modelIoFullRetentionEnabled":false,"startPlanRecommendationDismissed":false,"providerFamilyConnectionSelections":{},"providerFamilyDomain":"zai","providerFamilyDomainMigrated":true,"nativeSearchEnhancementsEnabled":true,"memoryEnabled":false,"lastWorkspaceSession":[{"kind":"local","workspacePath":"C:\\Users\\USER\\Desktop\\Personal\\ZCode\\.tmp\\z1-native-1790566588657-b664be\\workspace","workspacePurpose":"project"},{"kind":"local","workspacePath":"C:\\Users\\USER\\Desktop\\Personal\\ZCode\\.tmp\\z1-native-1790566588657-b664be\\data\\.zcode\\workspace\\default","workspacePurpose":"conversation"}],"lastActiveTabIndex":0,"receivePreviewUpdates":false,"autoDownloadAndInstallUpdates":false,"skippedElectronUpdateVersions":{},"settingsSyncFirstRunPromptHandled":true}
[Z1 child] [2026-09-28 11:36:39.596] [pid:40180] [zcode-host] [rpc:call] graphEngineering.getWorkspace OK (202.8ms)
[2026-09-28 11:36:39.597] [pid:26224] [main] [host-log] (local-1) [host] [2026-09-28 11:36:39.596] [pid:40180] [zcode-host] [rpc:call] graphEngineering.getWorkspace OK (202.8ms)
[Z1 child] [2026-09-28 11:36:39.597] [pid:40180] [settingService] reading settings from: C:\Users\USER\Desktop\Personal\ZCode\.tmp\z1-native-1790566588657-b664be\home\.zcode\v2\setting.json
[Z1 child] [2026-09-28 11:36:39.597] [pid:40180] [settingService] read result: {"recentProjects":[],"locale":"zh-CN","localePreference":"en-US","terminalInheritSystemProfile":true,"embeddedBrowserAllowInsecureCertificates":false,"embeddedBrowserViewportPreference":{"mode":"normal","viewport":{"width":393,"height":852},"zoom":"fit"},"computerUseComposerEntryHidden":true,"taskAutoArchiveEnabled":false,"taskAutoArchiveOlderThanDays":7,"closeToTrayOnWindows":false,"closeToTrayOnWindowsMigrationInitialized":true,"keepAwakeWhileRunning":false,"desktopWindowSize":{"width":1600,"height":1000,"maximized":false},"desktopChromiumHardwareAccelerationEnabled":true,"messageStreamShowReasoning":true,"messageStreamShowReasoningMigrationInitialized":true,"messageStreamShowTodos":false,"toolGroupingExploreEnabled":true,"toolGroupingTerminalEnabled":true,"toolGroupingChangesEnabled":false,"zcodeInteractionBehavior":"queue","askUserQuestionAutoResolutionEnabled":false,"modelIoFullRetentionEnabled":false,"startPlanRecommendationDismissed":false,"providerFamilyConnectionSelections":{},"providerFamilyDomain":"zai","providerFamilyDomainMigrated":true,"nativeSearchEnhancementsEnabled":true,"memoryEnabled":false,"lastWorkspaceSession":[{"kind":"local","workspacePath":"C:\\Users\\USER\\Desktop\\Personal\\ZCode\\.tmp\\z1-native-1790566588657-b664be\\workspace","workspacePurpose":"project"},{"kind":"local","workspacePath":"C:\\Users\\USER\\Desktop\\Personal\\ZCode\\.tmp\\z1-native-1790566588657-b664be\\data\\.zcode\\workspace\\default","workspacePurpose":"conversation"}],"lastActiveTabIndex":0,"receivePreviewUpdates":false,"autoDownloadAndInstallUpdates":false,"skippedElectronUpdateVersions":{},"settingsSyncFirstRunPromptHandled":true}
[Z1 child] [2026-09-28 11:36:39.598] [pid:40180] [zcode-host] [rpc:call] graphEngineering.getWorkspace OK (105.1ms)
[2026-09-28 11:36:39.598] [pid:26224] [main] [host-log] (local-1) [host] [2026-09-28 11:36:39.598] [pid:40180] [zcode-host] [rpc:call] graphEngineering.getWorkspace OK (105.1ms)
[Z1 child] [2026-09-28 11:36:39.598] [pid:40180] [settingService] reading settings from: C:\Users\USER\Desktop\Personal\ZCode\.tmp\z1-native-1790566588657-b664be\home\.zcode\v2\setting.json
[2026-09-28 11:36:39.599] [pid:40180] [settingService] read result: {"recentProjects":[],"locale":"zh-CN","localePreference":"en-US","terminalInheritSystemProfile":true,"embeddedBrowserAllowInsecureCertificates":false,"embeddedBrowserViewportPreference":{"mode":"normal","viewport":{"width":393,"height":852},"zoom":"fit"},"computerUseComposerEntryHidden":true,"taskAutoArchiveEnabled":false,"taskAutoArchiveOlderThanDays":7,"closeToTrayOnWindows":false,"closeToTrayOnWindowsMigrationInitialized":true,"keepAwakeWhileRunning":false,"desktopWindowSize":{"width":1600,"height":1000,"maximized":false},"desktopChromiumHardwareAccelerationEnabled":true,"messageStreamShowReasoning":true,"messageStreamShowReasoningMigrationInitialized":true,"messageStreamShowTodos":false,"toolGroupingExploreEnabled":true,"toolGroupingTerminalEnabled":true,"toolGroupingChangesEnabled":false,"zcodeInteractionBehavior":"queue","askUserQuestionAutoResolutionEnabled":false,"modelIoFullRetentionEnabled":false,"startPlanRecommendationDismissed":false,"providerFamilyConnectionSelections":{},"providerFamilyDomain":"zai","providerFamilyDomainMigrated":true,"nativeSearchEnhancementsEnabled":true,"memoryEnabled":false,"lastWorkspaceSession":[{"kind":"local","workspacePath":"C:\\Users\\USER\\Desktop\\Personal\\ZCode\\.tmp\\z1-native-1790566588657-b664be\\workspace","workspacePurpose":"project"},{"kind":"local","workspacePath":"C:\\Users\\USER\\Desktop\\Personal\\ZCode\\.tmp\\z1-native-1790566588657-b664be\\data\\.zcode\\workspace\\default","workspacePurpose":"conversation"}],"lastActiveTabIndex":0,"receivePreviewUpdates":false,"autoDownloadAndInstallUpdates":false,"skippedElectronUpdateVersions":{},"settingsSyncFirstRunPromptHandled":true}
[Z1 child] [2026-09-28 11:36:39.599] [pid:40180] [zcode-host] [rpc:call] graphEngineering.getWorkspace OK (41.4ms)
[2026-09-28 11:36:39.599] [pid:26224] [main] [host-log] (local-1) [host] [2026-09-28 11:36:39.599] [pid:40180] [zcode-host] [rpc:call] graphEngineering.getWorkspace OK (41.4ms)
[Z1 child] [2026-09-28 11:36:39.599] [pid:40180] [settingService] reading settings from: C:\Users\USER\Desktop\Personal\ZCode\.tmp\z1-native-1790566588657-b664be\home\.zcode\v2\setting.json
[2026-09-28 11:36:39.600] [pid:40180] [settingService] read result: {"recentProjects":[],"locale":"zh-CN","localePreference":"en-US","terminalInheritSystemProfile":true,"embeddedBrowserAllowInsecureCertificates":false,"embeddedBrowserViewportPreference":{"mode":"normal","viewport":{"width":393,"height":852},"zoom":"fit"},"computerUseComposerEntryHidden":true,"taskAutoArchiveEnabled":false,"taskAutoArchiveOlderThanDays":7,"closeToTrayOnWindows":false,"closeToTrayOnWindowsMigrationInitialized":true,"keepAwakeWhileRunning":false,"desktopWindowSize":{"width":1600,"height":1000,"maximized":false},"desktopChromiumHardwareAccelerationEnabled":true,"messageStreamShowReasoning":true,"messageStreamShowReasoningMigrationInitialized":true,"messageStreamShowTodos":false,"toolGroupingExploreEnabled":true,"toolGroupingTerminalEnabled":true,"toolGroupingChangesEnabled":false,"zcodeInteractionBehavior":"queue","askUserQuestionAutoResolutionEnabled":false,"modelIoFullRetentionEnabled":false,"startPlanRecommendationDismissed":false,"providerFamilyConnectionSelections":{},"providerFamilyDomain":"zai","providerFamilyDomainMigrated":true,"nativeSearchEnhancementsEnabled":true,"memoryEnabled":false,"lastWorkspaceSession":[{"kind":"local","workspacePath":"C:\\Users\\USER\\Desktop\\Personal\\ZCode\\.tmp\\z1-native-1790566588657-b664be\\workspace","workspacePurpose":"project"},{"kind":"local","workspacePath":"C:\\Users\\USER\\Desktop\\Personal\\ZCode\\.tmp\\z1-native-1790566588657-b664be\\data\\.zcode\\workspace\\default","workspacePurpose":"conversation"}],"lastActiveTabIndex":0,"receivePreviewUpdates":false,"autoDownloadAndInstallUpdates":false,"skippedElectronUpdateVersions":{},"settingsSyncFirstRunPromptHandled":true}
[Z1 child] [2026-09-28 11:36:39.600] [pid:40180] [zcode-host] [rpc:call] graphEngineering.getWorkspace OK (13.4ms)
[2026-09-28 11:36:39.600] [pid:26224] [main] [host-log] (local-1) [host] [2026-09-28 11:36:39.600] [pid:40180] [zcode-host] [rpc:call] graphEngineering.getWorkspace OK (13.4ms)
[Z1 child] [2026-09-28 11:36:39.601] [pid:40180] [settingService] reading settings from: C:\Users\USER\Desktop\Personal\ZCode\.tmp\z1-native-1790566588657-b664be\home\.zcode\v2\setting.json
[Z1 child] [2026-09-28 11:36:39.601] [pid:40180] [settingService] read result: {"recentProjects":[],"locale":"zh-CN","localePreference":"en-US","terminalInheritSystemProfile":true,"embeddedBrowserAllowInsecureCertificates":false,"embeddedBrowserViewportPreference":{"mode":"normal","viewport":{"width":393,"height":852},"zoom":"fit"},"computerUseComposerEntryHidden":true,"taskAutoArchiveEnabled":false,"taskAutoArchiveOlderThanDays":7,"closeToTrayOnWindows":false,"closeToTrayOnWindowsMigrationInitialized":true,"keepAwakeWhileRunning":false,"desktopWindowSize":{"width":1600,"height":1000,"maximized":false},"desktopChromiumHardwareAccelerationEnabled":true,"messageStreamShowReasoning":true,"messageStreamShowReasoningMigrationInitialized":true,"messageStreamShowTodos":false,"toolGroupingExploreEnabled":true,"toolGroupingTerminalEnabled":true,"toolGroupingChangesEnabled":false,"zcodeInteractionBehavior":"queue","askUserQuestionAutoResolutionEnabled":false,"modelIoFullRetentionEnabled":false,"startPlanRecommendationDismissed":false,"providerFamilyConnectionSelections":{},"providerFamilyDomain":"zai","providerFamilyDomainMigrated":true,"nativeSearchEnhancementsEnabled":true,"memoryEnabled":false,"lastWorkspaceSession":[{"kind":"local","workspacePath":"C:\\Users\\USER\\Desktop\\Personal\\ZCode\\.tmp\\z1-native-1790566588657-b664be\\workspace","workspacePurpose":"project"},{"kind":"local","workspacePath":"C:\\Users\\USER\\Desktop\\Personal\\ZCode\\.tmp\\z1-native-1790566588657-b664be\\data\\.zcode\\workspace\\default","workspacePurpose":"conversation"}],"lastActiveTabIndex":0,"receivePreviewUpdates":false,"autoDownloadAndInstallUpdates":false,"skippedElectronUpdateVersions":{},"settingsSyncFirstRunPromptHandled":true}
[Z1 child] [2026-09-28 11:36:39.602] [pid:40180] [zcode-host] [rpc:call] graphEngineering.getWorkspace OK (3.6ms)
[2026-09-28 11:36:39.602] [pid:26224] [main] [host-log] (local-1) [host] [2026-09-28 11:36:39.602] [pid:40180] [zcode-host] [rpc:call] graphEngineering.getWorkspace OK (3.6ms)
[Z1 child] [2026-09-28 11:36:39.742] [pid:40180] [cua-pip-session] [cua-pip-session] event delivery dropped {
  kind: 'focus-changed',
  revision: 6,
  sessionId: 'sess_16ae2802-1a90-4b61-a300-660c140b87c5',
  sourceWindowId: 'window-1',
  skipReason: 'service-disabled'
}
[2026-09-28 11:36:39.742] [pid:26224] [main] [host-log] (local-1) [host] [2026-09-28 11:36:39.742] [pid:40180] [cua-pip-session] [cua-pip-session] event delivery dropped {"kind":"focus-changed","revision":6,"sessionId":"sess_16ae2802-1a90-4b61-a300-660c140b87c5","sourceWindowId":"window-1","skipReason":"service-disabled"}
[2026-09-28 11:36:39.745] [pid:26224] [renderer] v4 workspace connection reused {
  event: 'v4.workspace_connection.reused',
  isRemote: false,
  key: '__base__ C:\\Users\\USER\\Desktop\\Personal\\ZCode\\.tmp\\z1-native-1790566588657-b664be\\workspace',
  module: 'ui.v4.workspace_connection_registry',
  refCount: 1,
  serviceGeneration: 1,
  status: 'completed'
}
[Z1 child] [2026-09-28 11:36:39.756] [pid:40180] [zcode-host] [rpc:call] zcode-task.getTaskSessionFilePath OK (0.0ms)
[2026-09-28 11:36:39.756] [pid:26224] [main] [host-log] (local-1) [host] [2026-09-28 11:36:39.756] [pid:40180] [zcode-host] [rpc:call] zcode-task.getTaskSessionFilePath OK (0.0ms)
[2026-09-28 11:36:39.757] [pid:26224] [renderer] v4 conversation store connect started {
  event: 'v4.conversation.store.connect.started',
  generation: 1,
  hasBase: false,
  module: 'ui.v4.conversation_projection_store',
  status: 'started',
  topic: 'conversation/sess_16ae2802-1a90-4b61-a300-660c140b87c5'
}
[2026-09-28 11:36:39.758] [pid:26224] [renderer] v4 conversation subscription started {
  workspaceKey: 'C:\\Users\\USER\\Desktop\\Personal\\ZCode\\.tmp\\z1-native-1790566588657-b664be\\workspace',
  workspacePath: 'C:\\Users\\USER\\Desktop\\Personal\\ZCode\\.tmp\\z1-native-1790566588657-b664be\\workspace',
  event: 'v4.conversation.subscribe.started',
  module: 'ui.v4.conversation_transport',
  runtimeGeneration: 0,
  sessionId: 'sess_16ae2802-1a90-4b61-a300-660c140b87c5',
  status: 'started',
  topic: 'conversation/sess_16ae2802-1a90-4b61-a300-660c140b87c5'
}
[2026-09-28 11:36:39.758] [pid:26224] [renderer] v4 session data lease acquired {
  event: 'v4.session_data.acquire',
  keepWarm: false,
  module: 'ui.v4.session_data_layer',
  openKind: 'cold',
  refCount: 1,
  sessionId: 'sess_16ae2802-1a90-4b61-a300-660c140b87c5',
  status: 'completed',
  topic: 'conversation/sess_16ae2802-1a90-4b61-a300-660c140b87c5'
}
[2026-09-28 11:36:39.759] [pid:26224] [main] [host-log] (local-1) [host] [2026-09-28 11:36:39.756] [pid:40180] [zcode-host] [rpc:call] zcode-task.getTaskNativeSessionLogFile OK (0.2ms)
[2026-09-28 11:36:39.760] [pid:26224] [main] [host-log] (local-1) [host] [2026-09-28 11:36:39.756] [pid:40180] [zcode-host] [rpc:listen] graphEngineering.onDidChange subscribed
[2026-09-28 11:36:39.760] [pid:26224] [main] [host-log] (local-1) [host] [2026-09-28 11:36:39.757] [pid:40180] [zcode-host] [rpc:call] graphEngineering.isSessionOwned OK (0.0ms)
[2026-09-28 11:36:39.761] [pid:26224] [main] [host-log] (local-1) [host] [2026-09-28 11:36:39.757] [pid:40180] [zcode-host] [rpc:listen] model-selection.onDidChange subscribed
[Z1 child] [2026-09-28 11:36:39.756] [pid:40180] [zcode-host] [rpc:call] zcode-task.getTaskNativeSessionLogFile OK (0.2ms)
[2026-09-28 11:36:39.756] [pid:40180] [settingService] reading settings from: C:\Users\USER\Desktop\Personal\ZCode\.tmp\z1-native-1790566588657-b664be\home\.zcode\v2\setting.json
[2026-09-28 11:36:39.756] [pid:40180] [zcode-host] [rpc:listen] graphEngineering.onDidChange subscribed
[2026-09-28 11:36:39.757] [pid:40180] [zcode-host] [rpc:call] graphEngineering.isSessionOwned OK (0.0ms)
[2026-09-28 11:36:39.757] [pid:40180] [zcode-host] [rpc:listen] model-selection.onDidChange subscribed
[2026-09-28 11:36:39.757] [pid:40180] [zcode-host] [rpc:call] zcode-task.getTaskNativeSessionLogFile OK (0.2ms)
[2026-09-28 11:36:39.757] [pid:40180] [zcode-host] [rpc:call] zcode-task.getTaskSessionFilePath OK (0.0ms)
[2026-09-28 11:36:39.758] [pid:40180] [settingService] read result: {"recentProjects":[],"locale":"zh-CN","localePreference":"en-US","terminalInheritSystemProfile":true,"embeddedBrowserAllowInsecureCertificates":false,"embeddedBrowserViewportPreference":{"mode":"normal","viewport":{"width":393,"height":852},"zoom":"fit"},"computerUseComposerEntryHidden":true,"taskAutoArchiveEnabled":false,"taskAutoArchiveOlderThanDays":7,"closeToTrayOnWindows":false,"closeToTrayOnWindowsMigrationInitialized":true,"keepAwakeWhileRunning":false,"desktopWindowSize":{"width":1600,"height":1000,"maximized":false},"desktopChromiumHardwareAccelerationEnabled":true,"messageStreamShowReasoning":true,"messageStreamShowReasoningMigrationInitialized":true,"messageStreamShowTodos":false,"toolGroupingExploreEnabled":true,"toolGroupingTerminalEnabled":true,"toolGroupingChangesEnabled":false,"zcodeInteractionBehavior":"queue","askUserQuestionAutoResolutionEnabled":false,"modelIoFullRetentionEnabled":false,"startPlanRecommendationDismissed":false,"providerFamilyConnectionSelections":{},"providerFamilyDomain":"zai","providerFamilyDomainMigrated":true,"nativeSearchEnhancementsEnabled":true,"memoryEnabled":false,"lastWorkspaceSession":[{"kind":"local","workspacePath":"C:\\Users\\USER\\Desktop\\Personal\\ZCode\\.tmp\\z1-native-1790566588657-b664be\\workspace","workspacePurpose":"project"},{"kind":"local","workspacePath":"C:\\Users\\USER\\Desktop\\Personal\\ZCode\\.tmp\\z1-native-1790566588657-b664be\\data\\.zcode\\workspace\\default","workspacePurpose":"conversation"}],"lastActiveTabIndex":0,"receivePreviewUpdates":false,"autoDownloadAndInstallUpdates":false,"skippedElectronUpdateVersions":{},"settingsSyncFirstRunPromptHandled":true}
[2026-09-28 11:36:39.758] [pid:40180] [zcode-host] [rpc:call] setting.get OK (1.5ms)
[2026-09-28 11:36:39.758] [pid:40180] [zcode-host] [rpc:call] model-selection.getView OK (1.3ms)
[2026-09-28 11:36:39.762] [pid:26224] [main] [host-log] (local-1) [host] [2026-09-28 11:36:39.757] [pid:40180] [zcode-host] [rpc:call] zcode-task.getTaskNativeSessionLogFile OK (0.2ms)
[2026-09-28 11:36:39.762] [pid:26224] [main] [host-log] (local-1) [host] [2026-09-28 11:36:39.757] [pid:40180] [zcode-host] [rpc:call] zcode-task.getTaskSessionFilePath OK (0.0ms)
[2026-09-28 11:36:39.763] [pid:26224] [main] [host-log] (local-1) [host] [2026-09-28 11:36:39.758] [pid:40180] [zcode-host] [rpc:call] setting.get OK (1.5ms)
[2026-09-28 11:36:39.764] [pid:26224] [main] [host-log] (local-1) [host] [2026-09-28 11:36:39.758] [pid:40180] [zcode-host] [rpc:call] model-selection.getView OK (1.3ms)
[Z1 child] [2026-09-28 11:36:39.764] [pid:40180] [zcode-host] [rpc:call] zcode-task.getTaskNativeSessionLogFile OK (0.2ms)
[2026-09-28 11:36:39.765] [pid:26224] [main] [host-log] (local-1) [host] [2026-09-28 11:36:39.764] [pid:40180] [zcode-host] [rpc:call] zcode-task.getTaskNativeSessionLogFile OK (0.2ms)
[2026-09-28 11:36:39.792] [pid:26224] [main] [host-log] (local-1) [host] [2026-09-28 11:36:39.792] [pid:40180] [zcode-session-service] [zcode-session-service] readSession 历史快照读取完成 {"durationMs":35,"messageLimit":1,"sessionId":"sess_16ae2802-1a90-4b61-a300-660c140b87c5","snapshot":{"activeTurnId":null,"eventSeq":2,"messageCount":0,"pendingRequestCount":1,"sessionStatus":"idle","stateRevision":0},"workspaceIdentity":null,"workspacePath":"C:\\Users\\USER\\Desktop\\Personal\\ZCode\\.tmp\\z1-native-1790566588657-b664be\\workspace"}
[Z1 child] [2026-09-28 11:36:39.792] [pid:40180] [zcode-session-service] [zcode-session-service] readSession 历史快照读取完成 {
  deliveryKind: undefined,
  durationMs: 35,
  messageLimit: 1,
  sessionId: 'sess_16ae2802-1a90-4b61-a300-660c140b87c5',
  snapshot: {
    activeTurnId: null,
    eventSeq: 2,
    messageCount: 0,
    pendingRequestCount: 1,
    sessionStatus: 'idle',
    stateRevision: 0
  },
  workspaceIdentity: null,
  workspacePath: 'C:\\Users\\USER\\Desktop\\Personal\\ZCode\\.tmp\\z1-native-1790566588657-b664be\\workspace'
}
[2026-09-28 11:36:39.792] [pid:40180] [zcode-host] [rpc:call] zcode-session.readSession OK (34.9ms)
[2026-09-28 11:36:39.792] [pid:40180] [zcode-host] [rpc:call] zcode-agent.conversationWorkflowRunsV4 OK (23.4ms)
[2026-09-28 11:36:39.793] [pid:26224] [main] [host-log] (local-1) [host] [2026-09-28 11:36:39.792] [pid:40180] [zcode-host] [rpc:call] zcode-session.readSession OK (34.9ms)
[2026-09-28 11:36:39.794] [pid:26224] [main] [host-log] (local-1) [host] [2026-09-28 11:36:39.792] [pid:40180] [zcode-host] [rpc:call] zcode-agent.conversationWorkflowRunsV4 OK (23.4ms)
[Z1 child] [2026-09-28 11:36:39.796] [pid:40180] [zcode-host] [rpc:call] zcode-agent.subscribeConversationV4 OK (27.2ms)
[2026-09-28 11:36:39.796] [pid:26224] [main] [host-log] (local-1) [host] [2026-09-28 11:36:39.796] [pid:40180] [zcode-host] [rpc:call] zcode-agent.subscribeConversationV4 OK (27.2ms)
[2026-09-28 11:36:39.804] [pid:26224] [main] [host-log] (local-1) [host] [2026-09-28 11:36:39.804] [pid:40180] [zcode-host] [rpc:call] zcode-task.getTaskNativeSessionLogFile OK (0.2ms)
[Z1 child] [2026-09-28 11:36:39.804] [pid:40180] [zcode-host] [rpc:call] zcode-task.getTaskNativeSessionLogFile OK (0.2ms)
[2026-09-28 11:36:39.817] [pid:26224] [renderer] v4 conversation subscription acknowledged {
  workspaceKey: 'C:\\Users\\USER\\Desktop\\Personal\\ZCode\\.tmp\\z1-native-1790566588657-b664be\\workspace',
  workspacePath: 'C:\\Users\\USER\\Desktop\\Personal\\ZCode\\.tmp\\z1-native-1790566588657-b664be\\workspace',
  durationMs: 60,
  event: 'v4.conversation.subscribe.acknowledged',
  module: 'ui.v4.conversation_transport',
  runtimeGeneration: 0,
  sessionId: 'sess_16ae2802-1a90-4b61-a300-660c140b87c5',
  status: 'completed',
  subscriptionId: 'sub-mukp4ejs-olykjpsc-1',
  topic: 'conversation/sess_16ae2802-1a90-4b61-a300-660c140b87c5'
}
[2026-09-28 11:36:39.817] [pid:26224] [renderer] v4 conversation subscription activated {
  workspaceKey: 'C:\\Users\\USER\\Desktop\\Personal\\ZCode\\.tmp\\z1-native-1790566588657-b664be\\workspace',
  workspacePath: 'C:\\Users\\USER\\Desktop\\Personal\\ZCode\\.tmp\\z1-native-1790566588657-b664be\\workspace',
  event: 'v4.conversation.subscribe.activated',
  module: 'ui.v4.conversation_transport',
  runtimeGeneration: 0,
  status: 'completed',
  subscriptionId: 'sub-mukp4ejs-olykjpsc-1',
  topic: 'conversation/sess_16ae2802-1a90-4b61-a300-660c140b87c5'
}
[2026-09-28 11:36:39.818] [pid:26224] [renderer] v4 conversation store connect completed {
  durationMs: 61,
  event: 'v4.conversation.store.connect.completed',
  generation: 1,
  logEpoch: 'mukp4ejs-olykjpsc',
  mode: 'snapshot',
  module: 'ui.v4.conversation_projection_store',
  status: 'completed',
  subscriptionId: 'sub-mukp4ejs-olykjpsc-1',
  topic: 'conversation/sess_16ae2802-1a90-4b61-a300-660c140b87c5'
}
[Z1 child] [2026-09-28 11:36:39.826] [pid:40180] [zcode-host] [rpc:listen] model-selection.onDidChange subscribed
[2026-09-28 11:36:39.826] [pid:26224] [main] [host-log] (local-1) [host] [2026-09-28 11:36:39.826] [pid:40180] [zcode-host] [rpc:listen] model-selection.onDidChange subscribed
[2026-09-28 11:36:39.827] [pid:26224] [main] [host-log] (local-1) [host] [2026-09-28 11:36:39.826] [pid:40180] [zcode-host] [rpc:call] model-selection.getView OK (0.5ms)
[Z1 child] [2026-09-28 11:36:39.826] [pid:40180] [zcode-host] [rpc:call] model-selection.getView OK (0.5ms)
[Z1 child] [2026-09-28 11:36:39.830] [pid:40180] [zcode-host] [rpc:call] zcode-agent.conversationPlansV4 OK (0.3ms)
[2026-09-28 11:36:39.831] [pid:26224] [main] [host-log] (local-1) [host] [2026-09-28 11:36:39.830] [pid:40180] [zcode-host] [rpc:call] zcode-agent.conversationPlansV4 OK (0.3ms)
[Z1 child] [2026-09-28 11:36:40.120] [pid:40180] [zcode-host] [rpc:call] zcode-agent.sendConversationCommandV4 OK (3.2ms)
[2026-09-28 11:36:40.121] [pid:26224] [main] [host-log] (local-1) [host] [2026-09-28 11:36:40.120] [pid:40180] [zcode-host] [rpc:call] zcode-agent.sendConversationCommandV4 OK (3.2ms)
[Z1 child] [2026-09-28 11:36:40.134] [pid:40180] [settingService] reading settings from: C:\Users\USER\Desktop\Personal\ZCode\.tmp\z1-native-1790566588657-b664be\home\.zcode\v2\setting.json
[Z1 child] [2026-09-28 11:36:40.135] [pid:40180] [settingService] read result: {"recentProjects":[],"locale":"zh-CN","localePreference":"en-US","terminalInheritSystemProfile":true,"embeddedBrowserAllowInsecureCertificates":false,"embeddedBrowserViewportPreference":{"mode":"normal","viewport":{"width":393,"height":852},"zoom":"fit"},"computerUseComposerEntryHidden":true,"taskAutoArchiveEnabled":false,"taskAutoArchiveOlderThanDays":7,"closeToTrayOnWindows":false,"closeToTrayOnWindowsMigrationInitialized":true,"keepAwakeWhileRunning":false,"desktopWindowSize":{"width":1600,"height":1000,"maximized":false},"desktopChromiumHardwareAccelerationEnabled":true,"messageStreamShowReasoning":true,"messageStreamShowReasoningMigrationInitialized":true,"messageStreamShowTodos":false,"toolGroupingExploreEnabled":true,"toolGroupingTerminalEnabled":true,"toolGroupingChangesEnabled":false,"zcodeInteractionBehavior":"queue","askUserQuestionAutoResolutionEnabled":false,"modelIoFullRetentionEnabled":false,"startPlanRecommendationDismissed":false,"providerFamilyConnectionSelections":{},"providerFamilyDomain":"zai","providerFamilyDomainMigrated":true,"nativeSearchEnhancementsEnabled":true,"memoryEnabled":false,"lastWorkspaceSession":[{"kind":"local","workspacePath":"C:\\Users\\USER\\Desktop\\Personal\\ZCode\\.tmp\\z1-native-1790566588657-b664be\\workspace","workspacePurpose":"project"},{"kind":"local","workspacePath":"C:\\Users\\USER\\Desktop\\Personal\\ZCode\\.tmp\\z1-native-1790566588657-b664be\\data\\.zcode\\workspace\\default","workspacePurpose":"conversation"}],"lastActiveTabIndex":0,"receivePreviewUpdates":false,"autoDownloadAndInstallUpdates":false,"skippedElectronUpdateVersions":{},"settingsSyncFirstRunPromptHandled":true}
[Z1 child] [2026-09-28 11:36:40.135] [pid:40180] [settingService] writing settings to: C:\Users\USER\Desktop\Personal\ZCode\.tmp\z1-native-1790566588657-b664be\home\.zcode\v2\setting.json {"recentProjects":[],"locale":"zh-CN","localePreference":"en-US","terminalInheritSystemProfile":true,"embeddedBrowserAllowInsecureCertificates":false,"embeddedBrowserViewportPreference":{"mode":"normal","viewport":{"width":393,"height":852},"zoom":"fit"},"computerUseComposerEntryHidden":true,"taskAutoArchiveEnabled":false,"taskAutoArchiveOlderThanDays":7,"closeToTrayOnWindows":false,"closeToTrayOnWindowsMigrationInitialized":true,"keepAwakeWhileRunning":false,"desktopWindowSize":{"width":1600,"height":1000,"maximized":false},"desktopChromiumHardwareAccelerationEnabled":true,"messageStreamShowReasoning":true,"messageStreamShowReasoningMigrationInitialized":true,"messageStreamShowTodos":false,"toolGroupingExploreEnabled":true,"toolGroupingTerminalEnabled":true,"toolGroupingChangesEnabled":false,"zcodeInteractionBehavior":"queue","askUserQuestionAutoResolutionEnabled":false,"modelIoFullRetentionEnabled":false,"startPlanRecommendationDismissed":false,"providerFamilyConnectionSelections":{},"providerFamilyDomain":"zai","providerFamilyDomainMigrated":true,"nativeSearchEnhancementsEnabled":true,"memoryEnabled":false,"lastWorkspaceSession":[{"kind":"local","workspacePath":"C:\\Users\\USER\\Desktop\\Personal\\ZCode\\.tmp\\z1-native-1790566588657-b664be\\workspace","workspacePurpose":"project"},{"kind":"local","workspacePath":"C:\\Users\\USER\\Desktop\\Personal\\ZCode\\.tmp\\z1-native-1790566588657-b664be\\data\\.zcode\\workspace\\default","workspacePurpose":"conversation"}],"lastActiveTabIndex":0,"receivePreviewUpdates":false,"autoDownloadAndInstallUpdates":false,"skippedElectronUpdateVersions":{},"settingsSyncFirstRunPromptHandled":true}
[2026-09-28 11:36:40.135] [pid:26224] [main] [host-log] (local-1) [host] [2026-09-28 11:36:40.135] [pid:40180] [settingService] writing settings to: C:\Users\USER\Desktop\Personal\ZCode\.tmp\z1-native-1790566588657-b664be\home\.zcode\v2\setting.json {"recentProjects":[],"locale":"zh-CN","localePreference":"en-US","terminalInheritSystemProfile":true,"embeddedBrowserAllowInsecureCertificates":false,"embeddedBrowserViewportPreference":{"mode":"normal","viewport":{"width":393,"height":852},"zoom":"fit"},"computerUseComposerEntryHidden":true,"taskAutoArchiveEnabled":false,"taskAutoArchiveOlderThanDays":7,"closeToTrayOnWindows":false,"closeToTrayOnWindowsMigrationInitialized":true,"keepAwakeWhileRunning":false,"desktopWindowSize":{"width":1600,"height":1000,"maximized":false},"desktopChromiumHardwareAccelerationEnabled":true,"messageStreamShowReasoning":true,"messageStreamShowReasoningMigrationInitialized":true,"messageStreamShowTodos":false,"toolGroupingExploreEnabled":true,"toolGroupingTerminalEnabled":true,"toolGroupingChangesEnabled":false,"zcodeInteractionBehavior":"queue","askUserQuestionAutoResolutionEnabled":false,"modelIoFullRetentionEnabled":false,"startPlanRecommendationDismissed":false,"providerFamilyConnectionSelections":{},"providerFamilyDomain":"zai","providerFamilyDomainMigrated":true,"nativeSearchEnhancementsEnabled":true,"memoryEnabled":false,"lastWorkspaceSession":[{"kind":"local","workspacePath":"C:\\Users\\USER\\Desktop\\Personal\\ZCode\\.tmp\\z1-native-1790566588657-b664be\\workspace","workspacePurpose":"project"},{"kind":"local","workspacePath":"C:\\Users\\USER\\Desktop\\Personal\\ZCode\\.tmp\\z1-native-1790566588657-b664be\\data\\.zcode\\workspace\\default","workspacePurpose":"conversation"}],"lastActiveTabIndex":0,"receivePreviewUpdates":false,"autoDownloadAndInstallUpdates":false,"skippedElectronUpdateVersions":{},"settingsSyncFirstRunPromptHandled":true}
[Z1 child] [2026-09-28 11:36:40.140] [pid:40180] [settingService] write done
[2026-09-28 11:36:40.140] [pid:40180] [zcode-host] [rpc:call] setting.update OK (6.0ms)
[2026-09-28 11:36:40.141] [pid:26224] [main] [host-log] (local-1) [host] [2026-09-28 11:36:40.140] [pid:40180] [settingService] write done
[2026-09-28 11:36:40.142] [pid:26224] [main] [host-log] (local-1) [host] [2026-09-28 11:36:40.140] [pid:40180] [zcode-host] [rpc:call] setting.update OK (6.0ms)
[2026-09-28 11:36:40.195] [pid:26224] [renderer] v4 workspace connection lease released {
  event: 'v4.workspace_connection.release',
  keepWarmMs: 30000,
  key: '__base__ C:\\Users\\USER\\Desktop\\Personal\\ZCode\\.tmp\\z1-native-1790566588657-b664be\\workspace',
  module: 'ui.v4.workspace_connection_registry',
  refCount: 0,
  status: 'keep_warm'
}
[2026-09-28 11:36:40.196] [pid:26224] [renderer] v4 session data lease released {
  event: 'v4.session_data.release',
  keepWarmMs: 30000,
  module: 'ui.v4.session_data_layer',
  refCount: 0,
  status: 'keep_warm',
  topic: 'conversation/sess_16ae2802-1a90-4b61-a300-660c140b87c5'
}
[2026-09-28 11:36:40.198] [pid:26224] [main] [host-log] (local-1) [host] [2026-09-28 11:36:40.197] [pid:40180] [zcode-host] [rpc:listen] graphEngineering.onDidChange subscribed
[Z1 child] [2026-09-28 11:36:40.197] [pid:40180] [zcode-host] [rpc:listen] graphEngineering.onDidChange subscribed
[2026-09-28 11:36:40.198] [pid:40180] [settingService] reading settings from: C:\Users\USER\Desktop\Personal\ZCode\.tmp\z1-native-1790566588657-b664be\home\.zcode\v2\setting.json
[Z1 child] [2026-09-28 11:36:40.198] [pid:40180] [settingService] read result: {"recentProjects":[],"locale":"zh-CN","localePreference":"en-US","terminalInheritSystemProfile":true,"embeddedBrowserAllowInsecureCertificates":false,"embeddedBrowserViewportPreference":{"mode":"normal","viewport":{"width":393,"height":852},"zoom":"fit"},"computerUseComposerEntryHidden":true,"taskAutoArchiveEnabled":false,"taskAutoArchiveOlderThanDays":7,"closeToTrayOnWindows":false,"closeToTrayOnWindowsMigrationInitialized":true,"keepAwakeWhileRunning":false,"desktopWindowSize":{"width":1600,"height":1000,"maximized":false},"desktopChromiumHardwareAccelerationEnabled":true,"messageStreamShowReasoning":true,"messageStreamShowReasoningMigrationInitialized":true,"messageStreamShowTodos":false,"toolGroupingExploreEnabled":true,"toolGroupingTerminalEnabled":true,"toolGroupingChangesEnabled":false,"zcodeInteractionBehavior":"queue","askUserQuestionAutoResolutionEnabled":false,"modelIoFullRetentionEnabled":false,"startPlanRecommendationDismissed":false,"providerFamilyConnectionSelections":{},"providerFamilyDomain":"zai","providerFamilyDomainMigrated":true,"nativeSearchEnhancementsEnabled":true,"memoryEnabled":false,"lastWorkspaceSession":[{"kind":"local","workspacePath":"C:\\Users\\USER\\Desktop\\Personal\\ZCode\\.tmp\\z1-native-1790566588657-b664be\\workspace","workspacePurpose":"project"},{"kind":"local","workspacePath":"C:\\Users\\USER\\Desktop\\Personal\\ZCode\\.tmp\\z1-native-1790566588657-b664be\\data\\.zcode\\workspace\\default","workspacePurpose":"conversation"}],"lastActiveTabIndex":0,"receivePreviewUpdates":false,"autoDownloadAndInstallUpdates":false,"skippedElectronUpdateVersions":{},"settingsSyncFirstRunPromptHandled":true}
[Z1 child] [2026-09-28 11:36:40.199] [pid:40180] [zcode-host] [rpc:call] graphEngineering.getWorkspace OK (1.6ms)
[2026-09-28 11:36:40.199] [pid:26224] [main] [host-log] (local-1) [host] [2026-09-28 11:36:40.199] [pid:40180] [zcode-host] [rpc:call] graphEngineering.getWorkspace OK (1.6ms)
[Z1 child] [2026-09-28 11:36:40.215] [pid:40180] [settingService] reading settings from: C:\Users\USER\Desktop\Personal\ZCode\.tmp\z1-native-1790566588657-b664be\home\.zcode\v2\setting.json
[2026-09-28 11:36:40.215] [pid:40180] [zcode-host] [rpc:listen] model-selection.onDidChange subscribed
[2026-09-28 11:36:40.215] [pid:26224] [main] [host-log] (local-1) [host] [2026-09-28 11:36:40.215] [pid:40180] [zcode-host] [rpc:listen] model-selection.onDidChange subscribed
[Z1 child] [2026-09-28 11:36:40.215] [pid:40180] [zcode-host] [rpc:call] graphEngineering.validateDefinition OK (0.3ms)
[2026-09-28 11:36:40.216] [pid:26224] [main] [host-log] (local-1) [host] [2026-09-28 11:36:40.215] [pid:40180] [zcode-host] [rpc:call] graphEngineering.validateDefinition OK (0.3ms)
[2026-09-28 11:36:40.217] [pid:26224] [main] [host-log] (local-1) [host] [2026-09-28 11:36:40.216] [pid:40180] [zcode-host] [rpc:call] model-selection.getView OK (1.2ms)
[2026-09-28 11:36:40.217] [pid:26224] [main] [host-log] (local-1) [host] [2026-09-28 11:36:40.216] [pid:40180] [zcode-host] [rpc:call] setting.get OK (1.8ms)
[Z1 child] [2026-09-28 11:36:40.216] [pid:40180] [zcode-host] [rpc:call] model-selection.getView OK (1.2ms)
[2026-09-28 11:36:40.216] [pid:40180] [settingService] read result: {"recentProjects":[],"locale":"zh-CN","localePreference":"en-US","terminalInheritSystemProfile":true,"embeddedBrowserAllowInsecureCertificates":false,"embeddedBrowserViewportPreference":{"mode":"normal","viewport":{"width":393,"height":852},"zoom":"fit"},"computerUseComposerEntryHidden":true,"taskAutoArchiveEnabled":false,"taskAutoArchiveOlderThanDays":7,"closeToTrayOnWindows":false,"closeToTrayOnWindowsMigrationInitialized":true,"keepAwakeWhileRunning":false,"desktopWindowSize":{"width":1600,"height":1000,"maximized":false},"desktopChromiumHardwareAccelerationEnabled":true,"messageStreamShowReasoning":true,"messageStreamShowReasoningMigrationInitialized":true,"messageStreamShowTodos":false,"toolGroupingExploreEnabled":true,"toolGroupingTerminalEnabled":true,"toolGroupingChangesEnabled":false,"zcodeInteractionBehavior":"queue","askUserQuestionAutoResolutionEnabled":false,"modelIoFullRetentionEnabled":false,"startPlanRecommendationDismissed":false,"providerFamilyConnectionSelections":{},"providerFamilyDomain":"zai","providerFamilyDomainMigrated":true,"nativeSearchEnhancementsEnabled":true,"memoryEnabled":false,"lastWorkspaceSession":[{"kind":"local","workspacePath":"C:\\Users\\USER\\Desktop\\Personal\\ZCode\\.tmp\\z1-native-1790566588657-b664be\\workspace","workspacePurpose":"project"},{"kind":"local","workspacePath":"C:\\Users\\USER\\Desktop\\Personal\\ZCode\\.tmp\\z1-native-1790566588657-b664be\\data\\.zcode\\workspace\\default","workspacePurpose":"conversation"}],"lastActiveTabIndex":0,"receivePreviewUpdates":false,"autoDownloadAndInstallUpdates":false,"skippedElectronUpdateVersions":{},"settingsSyncFirstRunPromptHandled":true}
[2026-09-28 11:36:40.216] [pid:40180] [zcode-host] [rpc:call] setting.get OK (1.8ms)
[Z1 child] [2026-09-28 11:36:40.230] [pid:40180] [settingService] reading settings from: C:\Users\USER\Desktop\Personal\ZCode\.tmp\z1-native-1790566588657-b664be\home\.zcode\v2\setting.json
[2026-09-28 11:36:40.233] [pid:26224] [main] [host-log] (local-1) [host] [2026-09-28 11:36:40.232] [pid:40180] [zcode-host] [rpc:call] graphEngineering.getWorkspace OK (1.6ms)
[Z1 child] [2026-09-28 11:36:40.231] [pid:40180] [settingService] read result: {"recentProjects":[],"locale":"zh-CN","localePreference":"en-US","terminalInheritSystemProfile":true,"embeddedBrowserAllowInsecureCertificates":false,"embeddedBrowserViewportPreference":{"mode":"normal","viewport":{"width":393,"height":852},"zoom":"fit"},"computerUseComposerEntryHidden":true,"taskAutoArchiveEnabled":false,"taskAutoArchiveOlderThanDays":7,"closeToTrayOnWindows":false,"closeToTrayOnWindowsMigrationInitialized":true,"keepAwakeWhileRunning":false,"desktopWindowSize":{"width":1600,"height":1000,"maximized":false},"desktopChromiumHardwareAccelerationEnabled":true,"messageStreamShowReasoning":true,"messageStreamShowReasoningMigrationInitialized":true,"messageStreamShowTodos":false,"toolGroupingExploreEnabled":true,"toolGroupingTerminalEnabled":true,"toolGroupingChangesEnabled":false,"zcodeInteractionBehavior":"queue","askUserQuestionAutoResolutionEnabled":false,"modelIoFullRetentionEnabled":false,"startPlanRecommendationDismissed":false,"providerFamilyConnectionSelections":{},"providerFamilyDomain":"zai","providerFamilyDomainMigrated":true,"nativeSearchEnhancementsEnabled":true,"memoryEnabled":false,"lastWorkspaceSession":[{"kind":"local","workspacePath":"C:\\Users\\USER\\Desktop\\Personal\\ZCode\\.tmp\\z1-native-1790566588657-b664be\\workspace","workspacePurpose":"project"},{"kind":"local","workspacePath":"C:\\Users\\USER\\Desktop\\Personal\\ZCode\\.tmp\\z1-native-1790566588657-b664be\\data\\.zcode\\workspace\\default","workspacePurpose":"conversation"}],"lastActiveTabIndex":0,"receivePreviewUpdates":false,"autoDownloadAndInstallUpdates":false,"skippedElectronUpdateVersions":{},"settingsSyncFirstRunPromptHandled":true}
[2026-09-28 11:36:40.232] [pid:40180] [zcode-host] [rpc:call] graphEngineering.getWorkspace OK (1.6ms)
[Z1 child] [2026-09-28 11:36:40.561] [pid:40180] [zcode-agent-service] 开始初始化 ZCode agent {
  workspaceKey: 'C:\\Users\\USER\\Desktop\\Personal\\ZCode\\.tmp\\z1-native-1790566588657-b664be\\workspace',
  workspacePath: 'C:\\Users\\USER\\Desktop\\Personal\\ZCode\\.tmp\\z1-native-1790566588657-b664be\\workspace'
}
[2026-09-28 11:36:40.561] [pid:40180] [zcode-agent-service] ZCode agent 初始化完成 {
  durationMs: 0,
  transportKind: 'stdio',
  workspaceKey: 'C:\\Users\\USER\\Desktop\\Personal\\ZCode\\.tmp\\z1-native-1790566588657-b664be\\workspace',
  workspacePath: 'C:\\Users\\USER\\Desktop\\Personal\\ZCode\\.tmp\\z1-native-1790566588657-b664be\\workspace'
}
[2026-09-28 11:36:40.562] [pid:26224] [main] [host-log] (local-1) [host] [2026-09-28 11:36:40.561] [pid:40180] [zcode-agent-service] 开始初始化 ZCode agent {"workspaceKey":"C:\\Users\\USER\\Desktop\\Personal\\ZCode\\.tmp\\z1-native-1790566588657-b664be\\workspace","workspacePath":"C:\\Users\\USER\\Desktop\\Personal\\ZCode\\.tmp\\z1-native-1790566588657-b664be\\workspace"}
[2026-09-28 11:36:40.562] [pid:26224] [main] [host-log] (local-1) [host] [2026-09-28 11:36:40.561] [pid:40180] [zcode-agent-service] ZCode agent 初始化完成 {"durationMs":0,"transportKind":"stdio","workspaceKey":"C:\\Users\\USER\\Desktop\\Personal\\ZCode\\.tmp\\z1-native-1790566588657-b664be\\workspace","workspacePath":"C:\\Users\\USER\\Desktop\\Personal\\ZCode\\.tmp\\z1-native-1790566588657-b664be\\workspace"}
[2026-09-28 11:36:40.563] [pid:26224] [main] [host-log] (local-1) [host] [2026-09-28 11:36:40.561] [pid:40180] [zcode-session-service][trace:8ae99606-ef4a-4244-957d-69140c84130d] [zcode-session-service] createSession 分配 session trace {"persistence":"deferred","workspacePath":"C:\\Users\\USER\\Desktop\\Personal\\ZCode\\.tmp\\z1-native-1790566588657-b664be\\workspace"}
[2026-09-28 11:36:40.563] [pid:26224] [main] [host-log] (local-1) [host] [2026-09-28 11:36:40.561] [pid:40180] [zcode-agent-service][trace:8ae99606-ef4a-4244-957d-69140c84130d] 开始请求 ZCode Protocol session/create {"hasInitialModel":true,"hasInitialThoughtLevel":false,"initialModel":"z1-local-fixture/z1-fixture$enabled","mcpServerCount":0,"mcpServerNames":[],"persistence":"deferred","workspaceKey":"C:\\Users\\USER\\Desktop\\Personal\\ZCode\\.tmp\\z1-native-1790566588657-b664be\\workspace","workspacePath":"C:\\Users\\USER\\Desktop\\Personal\\ZCode\\.tmp\\z1-native-1790566588657-b664be\\workspace"}
[Z1 child] [2026-09-28 11:36:40.561] [pid:40180] [zcode-session-service][trace:8ae99606-ef4a-4244-957d-69140c84130d] [zcode-session-service] createSession 分配 session trace {
  persistence: 'deferred',
  workspaceIdentity: undefined,
  workspacePath: 'C:\\Users\\USER\\Desktop\\Personal\\ZCode\\.tmp\\z1-native-1790566588657-b664be\\workspace'
}
[2026-09-28 11:36:40.561] [pid:40180] [zcode-agent-service][trace:8ae99606-ef4a-4244-957d-69140c84130d] 开始请求 ZCode Protocol session/create {
  hasInitialModel: true,
  hasInitialThoughtLevel: false,
  initialModel: 'z1-local-fixture/z1-fixture$enabled',
  mcpServerCount: 0,
  mcpServerNames: [],
  persistence: 'deferred',
  workspaceKey: 'C:\\Users\\USER\\Desktop\\Personal\\ZCode\\.tmp\\z1-native-1790566588657-b664be\\workspace',
  workspacePath: 'C:\\Users\\USER\\Desktop\\Personal\\ZCode\\.tmp\\z1-native-1790566588657-b664be\\workspace'
}
[2026-09-28 11:36:40.563] [pid:40180] [settingService] reading settings from: C:\Users\USER\Desktop\Personal\ZCode\.tmp\z1-native-1790566588657-b664be\home\.zcode\v2\setting.json
[2026-09-28 11:36:40.563] [pid:40180] [settingService] read result: {"recentProjects":[],"locale":"zh-CN","localePreference":"en-US","terminalInheritSystemProfile":true,"embeddedBrowserAllowInsecureCertificates":false,"embeddedBrowserViewportPreference":{"mode":"normal","viewport":{"width":393,"height":852},"zoom":"fit"},"computerUseComposerEntryHidden":true,"taskAutoArchiveEnabled":false,"taskAutoArchiveOlderThanDays":7,"closeToTrayOnWindows":false,"closeToTrayOnWindowsMigrationInitialized":true,"keepAwakeWhileRunning":false,"desktopWindowSize":{"width":1600,"height":1000,"maximized":false},"desktopChromiumHardwareAccelerationEnabled":true,"messageStreamShowReasoning":true,"messageStreamShowReasoningMigrationInitialized":true,"messageStreamShowTodos":false,"toolGroupingExploreEnabled":true,"toolGroupingTerminalEnabled":true,"toolGroupingChangesEnabled":false,"zcodeInteractionBehavior":"queue","askUserQuestionAutoResolutionEnabled":false,"modelIoFullRetentionEnabled":false,"startPlanRecommendationDismissed":false,"providerFamilyConnectionSelections":{},"providerFamilyDomain":"zai","providerFamilyDomainMigrated":true,"nativeSearchEnhancementsEnabled":true,"memoryEnabled":false,"lastWorkspaceSession":[{"kind":"local","workspacePath":"C:\\Users\\USER\\Desktop\\Personal\\ZCode\\.tmp\\z1-native-1790566588657-b664be\\workspace","workspacePurpose":"project"},{"kind":"local","workspacePath":"C:\\Users\\USER\\Desktop\\Personal\\ZCode\\.tmp\\z1-native-1790566588657-b664be\\data\\.zcode\\workspace\\default","workspacePurpose":"conversation"}],"lastActiveTabIndex":0,"receivePreviewUpdates":false,"autoDownloadAndInstallUpdates":false,"skippedElectronUpdateVersions":{},"settingsSyncFirstRunPromptHandled":true}
[Z1 child] [2026-09-28 11:36:40.617] [pid:40180] [zcode-agent-service][trace:8ae99606-ef4a-4244-957d-69140c84130d] ZCode Protocol session/create 完成 {
  durationMs: 56,
  messageCount: 0,
  modelCurrent: 'z1-local-fixture/z1-fixture',
  mcpServerCount: 0,
  persistence: 'deferred',
  sessionId: 'sess_eb2f317c-0034-45b5-a573-7abda6c7330d',
  snapshotTraceId: '8ae99606-ef4a-4244-957d-69140c84130d',
  workspaceKey: 'C:\\Users\\USER\\Desktop\\Personal\\ZCode\\.tmp\\z1-native-1790566588657-b664be\\workspace',
  workspacePath: 'C:\\Users\\USER\\Desktop\\Personal\\ZCode\\.tmp\\z1-native-1790566588657-b664be\\workspace'
}
[2026-09-28 11:36:40.617] [pid:40180] [zcode-session-service][trace:8ae99606-ef4a-4244-957d-69140c84130d] [zcode-session-service] createSession agent 返回 {
  durationMs: 56,
  mcpServerCount: 0,
  persistence: 'deferred',
  snapshotTraceId: '8ae99606-ef4a-4244-957d-69140c84130d',
  sessionId: 'sess_eb2f317c-0034-45b5-a573-7abda6c7330d',
  workspaceIdentity: undefined,
  workspacePath: 'C:\\Users\\USER\\Desktop\\Personal\\ZCode\\.tmp\\z1-native-1790566588657-b664be\\workspace'
}
[2026-09-28 11:36:40.617] [pid:26224] [main] [host-log] (local-1) [host] [2026-09-28 11:36:40.617] [pid:40180] [zcode-agent-service][trace:8ae99606-ef4a-4244-957d-69140c84130d] ZCode Protocol session/create 完成 {"durationMs":56,"messageCount":0,"modelCurrent":"z1-local-fixture/z1-fixture","mcpServerCount":0,"persistence":"deferred","sessionId":"sess_eb2f317c-0034-45b5-a573-7abda6c7330d","snapshotTraceId":"8ae99606-ef4a-4244-957d-69140c84130d","workspaceKey":"C:\\Users\\USER\\Desktop\\Personal\\ZCode\\.tmp\\z1-native-1790566588657-b664be\\workspace","workspacePath":"C:\\Users\\USER\\Desktop\\Personal\\ZCode\\.tmp\\z1-native-1790566588657-b664be\\workspace"}
[2026-09-28 11:36:40.618] [pid:26224] [main] [host-log] (local-1) [host] [2026-09-28 11:36:40.617] [pid:40180] [zcode-session-service][trace:8ae99606-ef4a-4244-957d-69140c84130d] [zcode-session-service] createSession agent 返回 {"durationMs":56,"mcpServerCount":0,"persistence":"deferred","snapshotTraceId":"8ae99606-ef4a-4244-957d-69140c84130d","sessionId":"sess_eb2f317c-0034-45b5-a573-7abda6c7330d","workspacePath":"C:\\Users\\USER\\Desktop\\Personal\\ZCode\\.tmp\\z1-native-1790566588657-b664be\\workspace"}
[2026-09-28 11:36:40.652] [pid:26224] [main] [browser-use] execute start browserId=iab:97763482-3094-47c8-9add-e5d6301acdbf sessionId=sess_eb2f317c-0034-45b5-a573-7abda6c7330d method=list
[2026-09-28 11:36:40.653] [pid:26224] [main] [browser-use] execute requestId=ad96734c-8840-4578-b710-95e3d1e71eca browserId=iab:97763482-3094-47c8-9add-e5d6301acdbf generation=1790566591034 windowId=1 sessionId=sess_eb2f317c-0034-45b5-a573-7abda6c7330d method=list
[2026-09-28 11:36:40.653] [pid:26224] [main] [browser-use] execute done sessionId=sess_eb2f317c-0034-45b5-a573-7abda6c7330d method=list ok=true elapsedMs=0
[2026-09-28 11:36:40.654] [pid:26224] [main] [browser-use] execute start browserId=iab:97763482-3094-47c8-9add-e5d6301acdbf sessionId=sess_eb2f317c-0034-45b5-a573-7abda6c7330d method=listUserTabs
[2026-09-28 11:36:40.655] [pid:26224] [main] [browser-use] execute requestId=942d3f68-92f2-497f-829c-8950767c795a browserId=iab:97763482-3094-47c8-9add-e5d6301acdbf generation=1790566591034 windowId=1 sessionId=sess_eb2f317c-0034-45b5-a573-7abda6c7330d method=listUserTabs
[2026-09-28 11:36:40.655] [pid:26224] [main] [browser-use] execute done sessionId=sess_eb2f317c-0034-45b5-a573-7abda6c7330d method=listUserTabs ok=true elapsedMs=0
[Z1 child] [2026-09-28 11:36:40.663] [pid:40180] [settingService] reading settings from: C:\Users\USER\Desktop\Personal\ZCode\.tmp\z1-native-1790566588657-b664be\home\.zcode\v2\setting.json
[Z1 child] [2026-09-28 11:36:40.664] [pid:40180] [settingService] read result: {"recentProjects":[],"locale":"zh-CN","localePreference":"en-US","terminalInheritSystemProfile":true,"embeddedBrowserAllowInsecureCertificates":false,"embeddedBrowserViewportPreference":{"mode":"normal","viewport":{"width":393,"height":852},"zoom":"fit"},"computerUseComposerEntryHidden":true,"taskAutoArchiveEnabled":false,"taskAutoArchiveOlderThanDays":7,"closeToTrayOnWindows":false,"closeToTrayOnWindowsMigrationInitialized":true,"keepAwakeWhileRunning":false,"desktopWindowSize":{"width":1600,"height":1000,"maximized":false},"desktopChromiumHardwareAccelerationEnabled":true,"messageStreamShowReasoning":true,"messageStreamShowReasoningMigrationInitialized":true,"messageStreamShowTodos":false,"toolGroupingExploreEnabled":true,"toolGroupingTerminalEnabled":true,"toolGroupingChangesEnabled":false,"zcodeInteractionBehavior":"queue","askUserQuestionAutoResolutionEnabled":false,"modelIoFullRetentionEnabled":false,"startPlanRecommendationDismissed":false,"providerFamilyConnectionSelections":{},"providerFamilyDomain":"zai","providerFamilyDomainMigrated":true,"nativeSearchEnhancementsEnabled":true,"memoryEnabled":false,"lastWorkspaceSession":[{"kind":"local","workspacePath":"C:\\Users\\USER\\Desktop\\Personal\\ZCode\\.tmp\\z1-native-1790566588657-b664be\\workspace","workspacePurpose":"project"},{"kind":"local","workspacePath":"C:\\Users\\USER\\Desktop\\Personal\\ZCode\\.tmp\\z1-native-1790566588657-b664be\\data\\.zcode\\workspace\\default","workspacePurpose":"conversation"}],"lastActiveTabIndex":0,"receivePreviewUpdates":false,"autoDownloadAndInstallUpdates":false,"skippedElectronUpdateVersions":{},"settingsSyncFirstRunPromptHandled":true}
[Z1 child] [2026-09-28 11:36:40.670] [pid:40180] [settingService] reading settings from: C:\Users\USER\Desktop\Personal\ZCode\.tmp\z1-native-1790566588657-b664be\home\.zcode\v2\setting.json
[Z1 child] [2026-09-28 11:36:40.670] [pid:40180] [settingService] read result: {"recentProjects":[],"locale":"zh-CN","localePreference":"en-US","terminalInheritSystemProfile":true,"embeddedBrowserAllowInsecureCertificates":false,"embeddedBrowserViewportPreference":{"mode":"normal","viewport":{"width":393,"height":852},"zoom":"fit"},"computerUseComposerEntryHidden":true,"taskAutoArchiveEnabled":false,"taskAutoArchiveOlderThanDays":7,"closeToTrayOnWindows":false,"closeToTrayOnWindowsMigrationInitialized":true,"keepAwakeWhileRunning":false,"desktopWindowSize":{"width":1600,"height":1000,"maximized":false},"desktopChromiumHardwareAccelerationEnabled":true,"messageStreamShowReasoning":true,"messageStreamShowReasoningMigrationInitialized":true,"messageStreamShowTodos":false,"toolGroupingExploreEnabled":true,"toolGroupingTerminalEnabled":true,"toolGroupingChangesEnabled":false,"zcodeInteractionBehavior":"queue","askUserQuestionAutoResolutionEnabled":false,"modelIoFullRetentionEnabled":false,"startPlanRecommendationDismissed":false,"providerFamilyConnectionSelections":{},"providerFamilyDomain":"zai","providerFamilyDomainMigrated":true,"nativeSearchEnhancementsEnabled":true,"memoryEnabled":false,"lastWorkspaceSession":[{"kind":"local","workspacePath":"C:\\Users\\USER\\Desktop\\Personal\\ZCode\\.tmp\\z1-native-1790566588657-b664be\\workspace","workspacePurpose":"project"},{"kind":"local","workspacePath":"C:\\Users\\USER\\Desktop\\Personal\\ZCode\\.tmp\\z1-native-1790566588657-b664be\\data\\.zcode\\workspace\\default","workspacePurpose":"conversation"}],"lastActiveTabIndex":0,"receivePreviewUpdates":false,"autoDownloadAndInstallUpdates":false,"skippedElectronUpdateVersions":{},"settingsSyncFirstRunPromptHandled":true}
[Z1 child] [2026-09-28 11:36:40.670] [pid:40180] [zcode-host] [rpc:call] graphEngineering.getWorkspace OK (188.5ms)
[2026-09-28 11:36:40.671] [pid:26224] [main] [host-log] (local-1) [host] [2026-09-28 11:36:40.670] [pid:40180] [zcode-host] [rpc:call] graphEngineering.getWorkspace OK (188.5ms)
[Z1 child] [2026-09-28 11:36:40.671] [pid:40180] [settingService] reading settings from: C:\Users\USER\Desktop\Personal\ZCode\.tmp\z1-native-1790566588657-b664be\home\.zcode\v2\setting.json
[Z1 child] [2026-09-28 11:36:40.671] [pid:40180] [settingService] read result: {"recentProjects":[],"locale":"zh-CN","localePreference":"en-US","terminalInheritSystemProfile":true,"embeddedBrowserAllowInsecureCertificates":false,"embeddedBrowserViewportPreference":{"mode":"normal","viewport":{"width":393,"height":852},"zoom":"fit"},"computerUseComposerEntryHidden":true,"taskAutoArchiveEnabled":false,"taskAutoArchiveOlderThanDays":7,"closeToTrayOnWindows":false,"closeToTrayOnWindowsMigrationInitialized":true,"keepAwakeWhileRunning":false,"desktopWindowSize":{"width":1600,"height":1000,"maximized":false},"desktopChromiumHardwareAccelerationEnabled":true,"messageStreamShowReasoning":true,"messageStreamShowReasoningMigrationInitialized":true,"messageStreamShowTodos":false,"toolGroupingExploreEnabled":true,"toolGroupingTerminalEnabled":true,"toolGroupingChangesEnabled":false,"zcodeInteractionBehavior":"queue","askUserQuestionAutoResolutionEnabled":false,"modelIoFullRetentionEnabled":false,"startPlanRecommendationDismissed":false,"providerFamilyConnectionSelections":{},"providerFamilyDomain":"zai","providerFamilyDomainMigrated":true,"nativeSearchEnhancementsEnabled":true,"memoryEnabled":false,"lastWorkspaceSession":[{"kind":"local","workspacePath":"C:\\Users\\USER\\Desktop\\Personal\\ZCode\\.tmp\\z1-native-1790566588657-b664be\\workspace","workspacePurpose":"project"},{"kind":"local","workspacePath":"C:\\Users\\USER\\Desktop\\Personal\\ZCode\\.tmp\\z1-native-1790566588657-b664be\\data\\.zcode\\workspace\\default","workspacePurpose":"conversation"}],"lastActiveTabIndex":0,"receivePreviewUpdates":false,"autoDownloadAndInstallUpdates":false,"skippedElectronUpdateVersions":{},"settingsSyncFirstRunPromptHandled":true}
[Z1 child] [2026-09-28 11:36:40.672] [pid:40180] [zcode-host] [rpc:call] graphEngineering.getWorkspace OK (111.1ms)
[2026-09-28 11:36:40.672] [pid:26224] [main] [host-log] (local-1) [host] [2026-09-28 11:36:40.672] [pid:40180] [zcode-host] [rpc:call] graphEngineering.getWorkspace OK (111.1ms)
[Z1 child] [2026-09-28 11:36:40.673] [pid:40180] [settingService] reading settings from: C:\Users\USER\Desktop\Personal\ZCode\.tmp\z1-native-1790566588657-b664be\home\.zcode\v2\setting.json
[Z1 child] [2026-09-28 11:36:40.673] [pid:40180] [settingService] read result: {"recentProjects":[],"locale":"zh-CN","localePreference":"en-US","terminalInheritSystemProfile":true,"embeddedBrowserAllowInsecureCertificates":false,"embeddedBrowserViewportPreference":{"mode":"normal","viewport":{"width":393,"height":852},"zoom":"fit"},"computerUseComposerEntryHidden":true,"taskAutoArchiveEnabled":false,"taskAutoArchiveOlderThanDays":7,"closeToTrayOnWindows":false,"closeToTrayOnWindowsMigrationInitialized":true,"keepAwakeWhileRunning":false,"desktopWindowSize":{"width":1600,"height":1000,"maximized":false},"desktopChromiumHardwareAccelerationEnabled":true,"messageStreamShowReasoning":true,"messageStreamShowReasoningMigrationInitialized":true,"messageStreamShowTodos":false,"toolGroupingExploreEnabled":true,"toolGroupingTerminalEnabled":true,"toolGroupingChangesEnabled":false,"zcodeInteractionBehavior":"queue","askUserQuestionAutoResolutionEnabled":false,"modelIoFullRetentionEnabled":false,"startPlanRecommendationDismissed":false,"providerFamilyConnectionSelections":{},"providerFamilyDomain":"zai","providerFamilyDomainMigrated":true,"nativeSearchEnhancementsEnabled":true,"memoryEnabled":false,"lastWorkspaceSession":[{"kind":"local","workspacePath":"C:\\Users\\USER\\Desktop\\Personal\\ZCode\\.tmp\\z1-native-1790566588657-b664be\\workspace","workspacePurpose":"project"},{"kind":"local","workspacePath":"C:\\Users\\USER\\Desktop\\Personal\\ZCode\\.tmp\\z1-native-1790566588657-b664be\\data\\.zcode\\workspace\\default","workspacePurpose":"conversation"}],"lastActiveTabIndex":0,"receivePreviewUpdates":false,"autoDownloadAndInstallUpdates":false,"skippedElectronUpdateVersions":{},"settingsSyncFirstRunPromptHandled":true}
[Z1 child] [2026-09-28 11:36:40.673] [pid:40180] [zcode-host] [rpc:call] graphEngineering.getWorkspace OK (52.9ms)
[2026-09-28 11:36:40.674] [pid:26224] [main] [host-log] (local-1) [host] [2026-09-28 11:36:40.673] [pid:40180] [zcode-host] [rpc:call] graphEngineering.getWorkspace OK (52.9ms)
[Z1 child] [2026-09-28 11:36:40.674] [pid:40180] [settingService] reading settings from: C:\Users\USER\Desktop\Personal\ZCode\.tmp\z1-native-1790566588657-b664be\home\.zcode\v2\setting.json
[Z1 child] [2026-09-28 11:36:40.674] [pid:40180] [settingService] read result: {"recentProjects":[],"locale":"zh-CN","localePreference":"en-US","terminalInheritSystemProfile":true,"embeddedBrowserAllowInsecureCertificates":false,"embeddedBrowserViewportPreference":{"mode":"normal","viewport":{"width":393,"height":852},"zoom":"fit"},"computerUseComposerEntryHidden":true,"taskAutoArchiveEnabled":false,"taskAutoArchiveOlderThanDays":7,"closeToTrayOnWindows":false,"closeToTrayOnWindowsMigrationInitialized":true,"keepAwakeWhileRunning":false,"desktopWindowSize":{"width":1600,"height":1000,"maximized":false},"desktopChromiumHardwareAccelerationEnabled":true,"messageStreamShowReasoning":true,"messageStreamShowReasoningMigrationInitialized":true,"messageStreamShowTodos":false,"toolGroupingExploreEnabled":true,"toolGroupingTerminalEnabled":true,"toolGroupingChangesEnabled":false,"zcodeInteractionBehavior":"queue","askUserQuestionAutoResolutionEnabled":false,"modelIoFullRetentionEnabled":false,"startPlanRecommendationDismissed":false,"providerFamilyConnectionSelections":{},"providerFamilyDomain":"zai","providerFamilyDomainMigrated":true,"nativeSearchEnhancementsEnabled":true,"memoryEnabled":false,"lastWorkspaceSession":[{"kind":"local","workspacePath":"C:\\Users\\USER\\Desktop\\Personal\\ZCode\\.tmp\\z1-native-1790566588657-b664be\\workspace","workspacePurpose":"project"},{"kind":"local","workspacePath":"C:\\Users\\USER\\Desktop\\Personal\\ZCode\\.tmp\\z1-native-1790566588657-b664be\\data\\.zcode\\workspace\\default","workspacePurpose":"conversation"}],"lastActiveTabIndex":0,"receivePreviewUpdates":false,"autoDownloadAndInstallUpdates":false,"skippedElectronUpdateVersions":{},"settingsSyncFirstRunPromptHandled":true}
[Z1 child] [2026-09-28 11:36:40.675] [pid:40180] [zcode-host] [rpc:call] graphEngineering.getWorkspace OK (23.4ms)
[2026-09-28 11:36:40.675] [pid:26224] [main] [host-log] (local-1) [host] [2026-09-28 11:36:40.675] [pid:40180] [zcode-host] [rpc:call] graphEngineering.getWorkspace OK (23.4ms)
[Z1 child] [2026-09-28 11:36:40.675] [pid:40180] [settingService] reading settings from: C:\Users\USER\Desktop\Personal\ZCode\.tmp\z1-native-1790566588657-b664be\home\.zcode\v2\setting.json
[2026-09-28 11:36:40.675] [pid:40180] [settingService] read result: {"recentProjects":[],"locale":"zh-CN","localePreference":"en-US","terminalInheritSystemProfile":true,"embeddedBrowserAllowInsecureCertificates":false,"embeddedBrowserViewportPreference":{"mode":"normal","viewport":{"width":393,"height":852},"zoom":"fit"},"computerUseComposerEntryHidden":true,"taskAutoArchiveEnabled":false,"taskAutoArchiveOlderThanDays":7,"closeToTrayOnWindows":false,"closeToTrayOnWindowsMigrationInitialized":true,"keepAwakeWhileRunning":false,"desktopWindowSize":{"width":1600,"height":1000,"maximized":false},"desktopChromiumHardwareAccelerationEnabled":true,"messageStreamShowReasoning":true,"messageStreamShowReasoningMigrationInitialized":true,"messageStreamShowTodos":false,"toolGroupingExploreEnabled":true,"toolGroupingTerminalEnabled":true,"toolGroupingChangesEnabled":false,"zcodeInteractionBehavior":"queue","askUserQuestionAutoResolutionEnabled":false,"modelIoFullRetentionEnabled":false,"startPlanRecommendationDismissed":false,"providerFamilyConnectionSelections":{},"providerFamilyDomain":"zai","providerFamilyDomainMigrated":true,"nativeSearchEnhancementsEnabled":true,"memoryEnabled":false,"lastWorkspaceSession":[{"kind":"local","workspacePath":"C:\\Users\\USER\\Desktop\\Personal\\ZCode\\.tmp\\z1-native-1790566588657-b664be\\workspace","workspacePurpose":"project"},{"kind":"local","workspacePath":"C:\\Users\\USER\\Desktop\\Personal\\ZCode\\.tmp\\z1-native-1790566588657-b664be\\data\\.zcode\\workspace\\default","workspacePurpose":"conversation"}],"lastActiveTabIndex":0,"receivePreviewUpdates":false,"autoDownloadAndInstallUpdates":false,"skippedElectronUpdateVersions":{},"settingsSyncFirstRunPromptHandled":true}
[Z1 child] [2026-09-28 11:36:40.676] [pid:40180] [zcode-host] [rpc:call] graphEngineering.getWorkspace OK (6.4ms)
[2026-09-28 11:36:40.676] [pid:26224] [main] [host-log] (local-1) [host] [2026-09-28 11:36:40.676] [pid:40180] [zcode-host] [rpc:call] graphEngineering.getWorkspace OK (6.4ms)
[Z1 child] [2026-09-28 11:36:41.055] [pid:40180] [cua-pip-session] [cua-pip-session] event delivery dropped {
  eventId: '51aa84e9-947c-4ed9-8d3a-736c3084dbd9',
  kind: 'turn-started',
  sequenceNumber: 3,
  sessionId: 'sess_eb2f317c-0034-45b5-a573-7abda6c7330d',
  turnId: 'turn_66926d88-174d-45d5-9b68-b9c20d461c75',
  skipReason: 'service-disabled'
}
[2026-09-28 11:36:41.056] [pid:26224] [main] [host-log] (local-1) [host] [2026-09-28 11:36:41.055] [pid:40180] [cua-pip-session] [cua-pip-session] event delivery dropped {"eventId":"51aa84e9-947c-4ed9-8d3a-736c3084dbd9","kind":"turn-started","sequenceNumber":3,"sessionId":"sess_eb2f317c-0034-45b5-a573-7abda6c7330d","turnId":"turn_66926d88-174d-45d5-9b68-b9c20d461c75","skipReason":"service-disabled"}
[Z1 child] [2026-09-28 11:36:41.108] [pid:40180] [settingService] reading settings from: C:\Users\USER\Desktop\Personal\ZCode\.tmp\z1-native-1790566588657-b664be\home\.zcode\v2\setting.json
[Z1 child] [2026-09-28 11:36:41.109] [pid:40180] [settingService] read result: {"recentProjects":[],"locale":"zh-CN","localePreference":"en-US","terminalInheritSystemProfile":true,"embeddedBrowserAllowInsecureCertificates":false,"embeddedBrowserViewportPreference":{"mode":"normal","viewport":{"width":393,"height":852},"zoom":"fit"},"computerUseComposerEntryHidden":true,"taskAutoArchiveEnabled":false,"taskAutoArchiveOlderThanDays":7,"closeToTrayOnWindows":false,"closeToTrayOnWindowsMigrationInitialized":true,"keepAwakeWhileRunning":false,"desktopWindowSize":{"width":1600,"height":1000,"maximized":false},"desktopChromiumHardwareAccelerationEnabled":true,"messageStreamShowReasoning":true,"messageStreamShowReasoningMigrationInitialized":true,"messageStreamShowTodos":false,"toolGroupingExploreEnabled":true,"toolGroupingTerminalEnabled":true,"toolGroupingChangesEnabled":false,"zcodeInteractionBehavior":"queue","askUserQuestionAutoResolutionEnabled":false,"modelIoFullRetentionEnabled":false,"startPlanRecommendationDismissed":false,"providerFamilyConnectionSelections":{},"providerFamilyDomain":"zai","providerFamilyDomainMigrated":true,"nativeSearchEnhancementsEnabled":true,"memoryEnabled":false,"lastWorkspaceSession":[{"kind":"local","workspacePath":"C:\\Users\\USER\\Desktop\\Personal\\ZCode\\.tmp\\z1-native-1790566588657-b664be\\workspace","workspacePurpose":"project"},{"kind":"local","workspacePath":"C:\\Users\\USER\\Desktop\\Personal\\ZCode\\.tmp\\z1-native-1790566588657-b664be\\data\\.zcode\\workspace\\default","workspacePurpose":"conversation"}],"lastActiveTabIndex":0,"receivePreviewUpdates":false,"autoDownloadAndInstallUpdates":false,"skippedElectronUpdateVersions":{},"settingsSyncFirstRunPromptHandled":true}
[Z1 child] [2026-09-28 11:36:41.110] [pid:40180] [zcode-host] [rpc:call] graphEngineering.getWorkspace OK (2.1ms)
[2026-09-28 11:36:41.110] [pid:26224] [main] [host-log] (local-1) [host] [2026-09-28 11:36:41.110] [pid:40180] [zcode-host] [rpc:call] graphEngineering.getWorkspace OK (2.1ms)
[Z1 child] [2026-09-28 11:36:41.127] [pid:40180] [cua-pip-session] [cua-pip-session] event delivery dropped {
  eventId: '80b01c2f-cc67-4678-a792-ef19f3ec9d4d',
  kind: 'turn-ended',
  sequenceNumber: 14,
  sessionId: 'sess_eb2f317c-0034-45b5-a573-7abda6c7330d',
  turnId: 'turn_66926d88-174d-45d5-9b68-b9c20d461c75',
  outcome: 'completed',
  skipReason: 'service-disabled'
}
[2026-09-28 11:36:41.127] [pid:26224] [main] [host-log] (local-1) [host] [2026-09-28 11:36:41.127] [pid:40180] [cua-pip-session] [cua-pip-session] event delivery dropped {"eventId":"80b01c2f-cc67-4678-a792-ef19f3ec9d4d","kind":"turn-ended","sequenceNumber":14,"sessionId":"sess_eb2f317c-0034-45b5-a573-7abda6c7330d","turnId":"turn_66926d88-174d-45d5-9b68-b9c20d461c75","outcome":"completed","skipReason":"service-disabled"}
[Z1 child] [2026-09-28 11:36:41.128] [pid:40180] [zcode-task-index-syncer] task 终态未读裁决 {
  goalStatus: null,
  phase: 'completedSuccess',
  taskId: 'sess_eb2f317c-0034-45b5-a573-7abda6c7330d',
  unreadSignal: 'background_terminal'
}
[Z1 child] [2026-09-28 11:36:41.169] [pid:40180] [zcode-task-index-syncer] [list-refresh-trace] emitWorkspaceTaskListChanged reason=task_created taskId=sess_eb2f317c-0034-45b5-a573-7abda6c7330d workspace=C:\Users\USER\Desktop\Personal\ZCode\.tmp\z1-native-1790566588657-b664be\workspace hasMeta=true
[Z1 child] [2026-09-28 11:36:41.175] [pid:40180] [zcode-host] [rpc:call] zcode-task.listPinnedTaskIds OK (0.1ms)
[2026-09-28 11:36:41.175] [pid:26224] [main] [host-log] (local-1) [host] [2026-09-28 11:36:41.175] [pid:40180] [zcode-host] [rpc:call] zcode-task.listPinnedTaskIds OK (0.1ms)
[2026-09-28 11:36:41.176] [pid:26224] [main] [host-log] (local-1) [host] [2026-09-28 11:36:41.175] [pid:40180] [zcode-host] [rpc:call] zcode-task.listArchivedTasks OK (0.1ms)
[2026-09-28 11:36:41.177] [pid:26224] [main] [host-log] (local-1) [host] [2026-09-28 11:36:41.175] [pid:40180] [zcode-host] [rpc:call] zcode-task.listTasks OK (0.2ms)
[2026-09-28 11:36:41.178] [pid:26224] [main] [host-log] (local-1) [host] [2026-09-28 11:36:41.176] [pid:40180] [zcode-host] [rpc:call] zcode-task.listPinnedTasks OK (0.1ms)
[2026-09-28 11:36:41.178] [pid:26224] [main] [host-log] (local-1) [host] [2026-09-28 11:36:41.176] [pid:40180] [zcode-host] [rpc:call] zcode-task.listDeletedTaskIds OK (0.1ms)
[2026-09-28 11:36:41.181] [pid:26224] [main] [host-log] (local-1) [host] [2026-09-28 11:36:41.177] [pid:40180] [zcode-host] [rpc:call] window-controller.listTaskList OK (0.2ms)
[Z1 child] [2026-09-28 11:36:41.175] [pid:40180] [zcode-host] [rpc:call] zcode-task.listArchivedTasks OK (0.1ms)
[2026-09-28 11:36:41.175] [pid:40180] [zcode-host] [rpc:call] zcode-task.listTasks OK (0.2ms)
[2026-09-28 11:36:41.176] [pid:40180] [zcode-host] [rpc:call] zcode-task.listPinnedTasks OK (0.1ms)
[2026-09-28 11:36:41.176] [pid:40180] [zcode-host] [rpc:call] zcode-task.listDeletedTaskIds OK (0.1ms)
[2026-09-28 11:36:41.177] [pid:40180] [zcode-host] [rpc:call] window-controller.listTaskList OK (0.2ms)
[Z1 child] [2026-09-28 11:36:41.195] [pid:40180] [zcode-task-index-syncer] [list-refresh-trace] emitWorkspaceTaskListChanged reason=task_status_changed taskId=sess_eb2f317c-0034-45b5-a573-7abda6c7330d workspace=C:\Users\USER\Desktop\Personal\ZCode\.tmp\z1-native-1790566588657-b664be\workspace hasMeta=true
[Z1 child] [2026-09-28 11:36:41.196] [pid:40180] [zcode-task-index-syncer] [list-refresh-trace] emitWorkspaceTaskListChanged reason=task_meta_changed taskId=sess_eb2f317c-0034-45b5-a573-7abda6c7330d workspace=C:\Users\USER\Desktop\Personal\ZCode\.tmp\z1-native-1790566588657-b664be\workspace hasMeta=true
[Z1 child] [2026-09-28 11:36:41.197] [pid:40180] [zcode-host] [rpc:call] zcode-task.setTaskUnread OK (0.9ms)
[2026-09-28 11:36:41.197] [pid:26224] [main] [host-log] (local-1) [host] [2026-09-28 11:36:41.197] [pid:40180] [zcode-host] [rpc:call] zcode-task.setTaskUnread OK (0.9ms)
[Z1 child] [2026-09-28 11:36:41.203] [pid:40180] [zcode-host] [rpc:call] zcode-task.listPinnedTaskIds OK (0.1ms)
[2026-09-28 11:36:41.203] [pid:26224] [main] [host-log] (local-1) [host] [2026-09-28 11:36:41.203] [pid:40180] [zcode-host] [rpc:call] zcode-task.listPinnedTaskIds OK (0.1ms)
[2026-09-28 11:36:41.204] [pid:26224] [main] [host-log] (local-1) [host] [2026-09-28 11:36:41.203] [pid:40180] [zcode-host] [rpc:call] zcode-task.listArchivedTasks OK (0.1ms)
[2026-09-28 11:36:41.204] [pid:26224] [main] [host-log] (local-1) [host] [2026-09-28 11:36:41.203] [pid:40180] [zcode-host] [rpc:call] zcode-task.listTasks OK (0.2ms)
[2026-09-28 11:36:41.205] [pid:26224] [main] [host-log] (local-1) [host] [2026-09-28 11:36:41.203] [pid:40180] [zcode-host] [rpc:call] zcode-task.listPinnedTasks OK (0.1ms)
[2026-09-28 11:36:41.205] [pid:26224] [main] [host-log] (local-1) [host] [2026-09-28 11:36:41.203] [pid:40180] [zcode-host] [rpc:call] zcode-task.listDeletedTaskIds OK (0.0ms)
[Z1 child] [2026-09-28 11:36:41.203] [pid:40180] [zcode-host] [rpc:call] zcode-task.listArchivedTasks OK (0.1ms)
[2026-09-28 11:36:41.203] [pid:40180] [zcode-host] [rpc:call] zcode-task.listTasks OK (0.2ms)
[2026-09-28 11:36:41.203] [pid:40180] [zcode-host] [rpc:call] zcode-task.listPinnedTasks OK (0.1ms)
[2026-09-28 11:36:41.203] [pid:40180] [zcode-host] [rpc:call] zcode-task.listDeletedTaskIds OK (0.0ms)
[Z1 child] [2026-09-28 11:36:41.222] [pid:40180] [zcode-task-index-syncer] [list-refresh-trace] emitWorkspaceTaskListChanged reason=task_status_changed taskId=sess_eb2f317c-0034-45b5-a573-7abda6c7330d workspace=C:\Users\USER\Desktop\Personal\ZCode\.tmp\z1-native-1790566588657-b664be\workspace hasMeta=true
[Z1 child] [2026-09-28 11:36:41.531] [pid:40180] [settingService] reading settings from: C:\Users\USER\Desktop\Personal\ZCode\.tmp\z1-native-1790566588657-b664be\home\.zcode\v2\setting.json
[Z1 child] [2026-09-28 11:36:41.531] [pid:40180] [settingService] read result: {"recentProjects":[],"locale":"zh-CN","localePreference":"en-US","terminalInheritSystemProfile":true,"embeddedBrowserAllowInsecureCertificates":false,"embeddedBrowserViewportPreference":{"mode":"normal","viewport":{"width":393,"height":852},"zoom":"fit"},"computerUseComposerEntryHidden":true,"taskAutoArchiveEnabled":false,"taskAutoArchiveOlderThanDays":7,"closeToTrayOnWindows":false,"closeToTrayOnWindowsMigrationInitialized":true,"keepAwakeWhileRunning":false,"desktopWindowSize":{"width":1600,"height":1000,"maximized":false},"desktopChromiumHardwareAccelerationEnabled":true,"messageStreamShowReasoning":true,"messageStreamShowReasoningMigrationInitialized":true,"messageStreamShowTodos":false,"toolGroupingExploreEnabled":true,"toolGroupingTerminalEnabled":true,"toolGroupingChangesEnabled":false,"zcodeInteractionBehavior":"queue","askUserQuestionAutoResolutionEnabled":false,"modelIoFullRetentionEnabled":false,"startPlanRecommendationDismissed":false,"providerFamilyConnectionSelections":{},"providerFamilyDomain":"zai","providerFamilyDomainMigrated":true,"nativeSearchEnhancementsEnabled":true,"memoryEnabled":false,"lastWorkspaceSession":[{"kind":"local","workspacePath":"C:\\Users\\USER\\Desktop\\Personal\\ZCode\\.tmp\\z1-native-1790566588657-b664be\\workspace","workspacePurpose":"project"},{"kind":"local","workspacePath":"C:\\Users\\USER\\Desktop\\Personal\\ZCode\\.tmp\\z1-native-1790566588657-b664be\\data\\.zcode\\workspace\\default","workspacePurpose":"conversation"}],"lastActiveTabIndex":0,"receivePreviewUpdates":false,"autoDownloadAndInstallUpdates":false,"skippedElectronUpdateVersions":{},"settingsSyncFirstRunPromptHandled":true}
[Z1 child] [2026-09-28 11:36:41.532] [pid:40180] [zcode-host] [rpc:call] graphEngineering.getWorkspace OK (281.9ms)
[2026-09-28 11:36:41.532] [pid:26224] [main] [host-log] (local-1) [host] [2026-09-28 11:36:41.532] [pid:40180] [zcode-host] [rpc:call] graphEngineering.getWorkspace OK (281.9ms)
[Z1 child] [2026-09-28 11:36:41.532] [pid:40180] [settingService] reading settings from: C:\Users\USER\Desktop\Personal\ZCode\.tmp\z1-native-1790566588657-b664be\home\.zcode\v2\setting.json
[2026-09-28 11:36:41.532] [pid:40180] [settingService] read result: {"recentProjects":[],"locale":"zh-CN","localePreference":"en-US","terminalInheritSystemProfile":true,"embeddedBrowserAllowInsecureCertificates":false,"embeddedBrowserViewportPreference":{"mode":"normal","viewport":{"width":393,"height":852},"zoom":"fit"},"computerUseComposerEntryHidden":true,"taskAutoArchiveEnabled":false,"taskAutoArchiveOlderThanDays":7,"closeToTrayOnWindows":false,"closeToTrayOnWindowsMigrationInitialized":true,"keepAwakeWhileRunning":false,"desktopWindowSize":{"width":1600,"height":1000,"maximized":false},"desktopChromiumHardwareAccelerationEnabled":true,"messageStreamShowReasoning":true,"messageStreamShowReasoningMigrationInitialized":true,"messageStreamShowTodos":false,"toolGroupingExploreEnabled":true,"toolGroupingTerminalEnabled":true,"toolGroupingChangesEnabled":false,"zcodeInteractionBehavior":"queue","askUserQuestionAutoResolutionEnabled":false,"modelIoFullRetentionEnabled":false,"startPlanRecommendationDismissed":false,"providerFamilyConnectionSelections":{},"providerFamilyDomain":"zai","providerFamilyDomainMigrated":true,"nativeSearchEnhancementsEnabled":true,"memoryEnabled":false,"lastWorkspaceSession":[{"kind":"local","workspacePath":"C:\\Users\\USER\\Desktop\\Personal\\ZCode\\.tmp\\z1-native-1790566588657-b664be\\workspace","workspacePurpose":"project"},{"kind":"local","workspacePath":"C:\\Users\\USER\\Desktop\\Personal\\ZCode\\.tmp\\z1-native-1790566588657-b664be\\data\\.zcode\\workspace\\default","workspacePurpose":"conversation"}],"lastActiveTabIndex":0,"receivePreviewUpdates":false,"autoDownloadAndInstallUpdates":false,"skippedElectronUpdateVersions":{},"settingsSyncFirstRunPromptHandled":true}
[Z1 child] [2026-09-28 11:36:41.533] [pid:40180] [zcode-host] [rpc:call] graphEngineering.getWorkspace OK (2.1ms)
[2026-09-28 11:36:41.533] [pid:26224] [main] [host-log] (local-1) [host] [2026-09-28 11:36:41.533] [pid:40180] [zcode-host] [rpc:call] graphEngineering.getWorkspace OK (2.1ms)
[Z1 child] [2026-09-28 11:36:41.803] [pid:40180] [zcode-host] [rpc:call] graphEngineering.artifact OK (4.3ms)
[2026-09-28 11:36:41.803] [pid:26224] [main] [host-log] (local-1) [host] [2026-09-28 11:36:41.803] [pid:40180] [zcode-host] [rpc:call] graphEngineering.artifact OK (4.3ms)
[Z1 child] [2026-09-28 11:36:41.915] [pid:40180] [zcode-host] [rpc:call] graphEngineering.artifact OK (4.3ms)
[2026-09-28 11:36:41.916] [pid:26224] [main] [host-log] (local-1) [host] [2026-09-28 11:36:41.915] [pid:40180] [zcode-host] [rpc:call] graphEngineering.artifact OK (4.3ms)
