[2026-09-28 11:37:23.767] [pid:12696] [settingService] write done
[2026-09-28 11:37:23.770] [pid:12696] [main] [open-folder] Windows Explorer 右键菜单安装失败 { error: '[Z1 isolation] registry access blocked' }
[2026-09-28 11:37:23.793] [pid:12696] [main] [desktop-network] renderer proxy mode=direct bypass=disabled customCa=disabled insecureCerts=rejected
[2026-09-28 11:37:23.794] [pid:12696] [main] [desktop-network] renderer proxy mode=system bypass=disabled customCa=disabled insecureCerts=rejected
[2026-09-28 11:37:23.795] [pid:12696] [main] [auto-update] disabled for this desktop product flavor
[Z1 isolation] blocked recent-document mutation
[2026-09-28 11:37:23.809] [pid:12696] [main] [resource] sampling started interval=10000ms report=60000ms
[2026-09-28 11:37:23.810] [pid:12696] [main] [network] reporting started interval=60000ms
[2026-09-28 11:37:23.811] [pid:12696] [main] [force-update] Preview 跳过远端强制升级检查
[2026-09-28 11:37:23.811] [pid:12696] [main] [startup] 创建主窗口
[2026-09-28 11:37:23.812] [pid:12696] [main] [primary-window] creating main window (app-ready)
[2026-09-28 11:37:23.813] [pid:12696] [main] [startup-workspace] using explicit open workspace: C:\Users\USER\Desktop\Personal\ZCode\.tmp\z1-native-1790566642265-7bfb99\workspace
[2026-09-28 11:37:23.907] [pid:12696] [main] [desktop-context-prompt] config refreshed { enabled: false, configVersion: undefined }
[2026-09-28 11:37:24.264] [pid:12696] [main] [createWindow] dom-ready fired (local-1)
[2026-09-28 11:37:24.265] [pid:12696] [main] [desktop-context-prompt] first host spawn decision resolved { enabled: false, configVersion: undefined }
[2026-09-28 11:37:24.268] [pid:12696] [main] [spawnHostProcess] forked host process for (local-1), pid=undefined
[2026-09-28 11:37:24.269] [pid:12696] [main] [spawnHostProcess] host module path: C:\Users\USER\Desktop\Personal\ZCode\packages\desktop\out\host\index.js
[2026-09-28 11:37:24.269] [pid:12696] [main] [spawnHostProcess] glm binary path: <not found>
[2026-09-28 11:37:24.270] [pid:12696] [main] [spawnHostProcess] BIGMODEL_OAUTH_APP_SECRET source: fallback
[2026-09-28 11:37:24.271] [pid:12696] [main] [task-realtime] registered host {
  hostId: 'b8c547bb-af67-422c-a623-58d5b6743eec',
  windowId: 1,
  workspaceKeyCount: 0,
  deliveryKind: 'desktop_window'
}
[2026-09-28 11:37:24.280] [pid:12696] [main] [renderer-action-trace] config refreshed { enabled: false, configVersion: 'disabled' }
[Z1 child] (node:31632) ExperimentalWarning: SQLite is an experimental feature and might change at any time
(Use `electron --trace-warnings ...` to show where the warning was created)
[Z1 child] [2026-09-28 11:37:24.609] [pid:31632] [zcode-host] ExperimentalWarning: SQLite is an experimental feature and might change at any time
[2026-09-28 11:37:24.612] [pid:12696] [main] [host-log] (local-1) [host] [2026-09-28 11:37:24.609] [pid:31632] [zcode-host] ExperimentalWarning: SQLite is an experimental feature and might change at any time
[2026-09-28 11:37:24.614] [pid:12696] [main] [host-log] (local-1) [host] [2026-09-28 11:37:24.614] [pid:31632] [zcode-host] [cua-pip-session] focus event dropped: service unavailable
[Z1 child] [2026-09-28 11:37:24.614] [pid:31632] [zcode-host] [cua-pip-session] focus event dropped: service unavailable
[Z1 child] (node:31632) ExperimentalWarning: SQLite is an experimental feature and might change at any time
(Use `electron --trace-warnings ...` to show where the warning was created)
[Z1 child] [2026-09-28 11:37:26.269] [pid:31632] [zcode-host] initializing local services
[2026-09-28 11:37:26.269] [pid:12696] [main] [host-log] (local-1) [host] [2026-09-28 11:37:26.269] [pid:31632] [zcode-host] initializing local services
[Z1 child] [2026-09-28 11:37:26.331] [pid:31632] [cua-pip-session] [cua-pip-session] wiring resolved {
  enabled: false,
  platform: 'win32',
  serviceAuthorityMode: 'desktop-local',
  lifecycleWired: true
}
[2026-09-28 11:37:26.332] [pid:12696] [main] [host-log] (local-1) [host] [2026-09-28 11:37:26.331] [pid:31632] [cua-pip-session] [cua-pip-session] wiring resolved {"enabled":false,"platform":"win32","serviceAuthorityMode":"desktop-local","lifecycleWired":true}
[Z1 child] [2026-09-28 11:37:26.336] [pid:31632] [settingService] reading settings from: C:\Users\USER\Desktop\Personal\ZCode\.tmp\z1-native-1790566642265-7bfb99\home\.zcode\v2\setting.json
[Z1 child] [2026-09-28 11:37:26.336] [pid:31632] [zcode-agent-service] 开始初始化 ZCode agent {
  workspaceKey: 'C:\\Users\\USER\\Desktop\\Personal\\ZCode\\.tmp\\z1-native-1790566642265-7bfb99\\workspace',
  workspacePath: 'C:\\Users\\USER\\Desktop\\Personal\\ZCode\\.tmp\\z1-native-1790566642265-7bfb99\\workspace'
}
[2026-09-28 11:37:26.336] [pid:12696] [main] [host-log] (local-1) [host] [2026-09-28 11:37:26.336] [pid:31632] [zcode-agent-service] 开始初始化 ZCode agent {"workspaceKey":"C:\\Users\\USER\\Desktop\\Personal\\ZCode\\.tmp\\z1-native-1790566642265-7bfb99\\workspace","workspacePath":"C:\\Users\\USER\\Desktop\\Personal\\ZCode\\.tmp\\z1-native-1790566642265-7bfb99\\workspace"}
[2026-09-28 11:37:26.337] [pid:12696] [main] [host-log] (local-1) [host] [2026-09-28 11:37:26.336] [pid:31632] [zcode-host] exposing services on ChannelServer...
[2026-09-28 11:37:26.338] [pid:12696] [main] [host-log] (local-1) [host] [2026-09-28 11:37:26.337] [pid:31632] [zcode-host] creating ChannelServer (deferInit=false)
[Z1 child] [2026-09-28 11:37:26.336] [pid:31632] [zcode-host] exposing services on ChannelServer...
[2026-09-28 11:37:26.337] [pid:31632] [zcode-host] creating ChannelServer (deferInit=false)
[2026-09-28 11:37:26.337] [pid:31632] [zcode-host] [rpc:register] channel "graphEngineering"
[2026-09-28 11:37:26.337] [pid:31632] [zcode-host] [rpc:register] channel "graphWorkflow"
[2026-09-28 11:37:26.337] [pid:31632] [zcode-host] [rpc:register] channel "graphParallel"
[2026-09-28 11:37:26.337] [pid:31632] [zcode-host] [rpc:register] channel "file"
[2026-09-28 11:37:26.338] [pid:31632] [zcode-host] [rpc:register] channel "media-preview"
[2026-09-28 11:37:26.338] [pid:31632] [zcode-host] [rpc:register] channel "git"
[2026-09-28 11:37:26.338] [pid:31632] [zcode-host] [rpc:register] channel "git-checkpoint"
[2026-09-28 11:37:26.338] [pid:31632] [zcode-host] [rpc:register] channel "system"
[2026-09-28 11:37:26.338] [pid:31632] [zcode-host] [rpc:register] channel "terminal"
[2026-09-28 11:37:26.338] [pid:31632] [zcode-host] [rpc:register] channel "setting"
[2026-09-28 11:37:26.338] [pid:31632] [zcode-host] [rpc:register] channel "onboarding-record"
[2026-09-28 11:37:26.338] [pid:31632] [zcode-host] [rpc:register] channel "credential"
[2026-09-28 11:37:26.338] [pid:31632] [zcode-host] [rpc:register] channel "broadcast"
[2026-09-28 11:37:26.338] [pid:31632] [zcode-host] [rpc:register] channel "zcode-task"
[2026-09-28 11:37:26.338] [pid:31632] [zcode-host] [rpc:register] channel "zcode-agent"
[2026-09-28 11:37:26.338] [pid:31632] [zcode-host] [rpc:register] channel "zcode-session"
[2026-09-28 11:37:26.338] [pid:31632] [zcode-host] [rpc:register] channel "cua-permission"
[2026-09-28 11:37:26.338] [pid:31632] [zcode-host] [rpc:register] channel "cua-pip-session"
[2026-09-28 11:37:26.338] [pid:31632] [zcode-host] [rpc:register] channel "conversation-share"
[2026-09-28 11:37:26.338] [pid:31632] [zcode-host] [rpc:register] channel "bots"
[2026-09-28 11:37:26.338] [pid:31632] [zcode-host] [rpc:register] channel "file-watcher"
[2026-09-28 11:37:26.338] [pid:31632] [zcode-host] [rpc:register] channel "oauth"
[2026-09-28 11:37:26.338] [pid:31632] [zcode-host] [rpc:register] channel "usage-stats"
[2026-09-28 11:37:26.338] [pid:31632] [zcode-host] [rpc:register] channel "coding-plan-subscription"
[2026-09-28 11:37:26.338] [pid:31632] [zcode-host] [rpc:register] channel "client-config"
[2026-09-28 11:37:26.338] [pid:31632] [zcode-host] [rpc:register] channel "client-scenes"
[2026-09-28 11:37:26.338] [pid:31632] [zcode-host] [rpc:register] channel "off-peak-task"
[2026-09-28 11:37:26.338] [pid:31632] [zcode-host] [rpc:register] channel "skills"
[2026-09-28 11:37:26.338] [pid:31632] [zcode-host] [rpc:register] channel "skill-sync"
[2026-09-28 11:37:26.338] [pid:31632] [zcode-host] [rpc:register] channel "mcp-sync"
[2026-09-28 11:37:26.338] [pid:31632] [zcode-host] [rpc:register] channel "plugin-sync"
[2026-09-28 11:37:26.338] [pid:31632] [zcode-host] [rpc:register] channel "plugins"
[2026-09-28 11:37:26.338] [pid:31632] [zcode-host] [rpc:register] channel "plugin-management"
[2026-09-28 11:37:26.338] [pid:31632] [zcode-host] [rpc:register] channel "subagents"
[2026-09-28 11:37:26.338] [pid:31632] [zcode-host] [rpc:register] channel "commands"
[2026-09-28 11:37:26.338] [pid:31632] [zcode-host] [rpc:register] channel "hooks"
[2026-09-28 11:37:26.338] [pid:31632] [zcode-host] [rpc:register] channel "memory"
[2026-09-28 11:37:26.338] [pid:31632] [zcode-host] [rpc:register] channel "settings-sync"
[2026-09-28 11:37:26.338] [pid:31632] [zcode-host] [rpc:register] channel "feedback"
[2026-09-28 11:37:26.338] [pid:31632] [zcode-host] [rpc:register] channel "prompt-attachment-transfer"
[2026-09-28 11:37:26.338] [pid:31632] [zcode-host] [rpc:register] channel "provider-settings"
[2026-09-28 11:37:26.338] [pid:31632] [zcode-host] [rpc:register] channel "model-selection"
[2026-09-28 11:37:26.338] [pid:31632] [zcode-host] [rpc:register] channel "window-controller"
[2026-09-28 11:37:26.338] [pid:31632] [zcode-host] service connection ready mode=desktop-continuous
[2026-09-28 11:37:26.338] [pid:31632] [zcode-host] window Host topology, reason=base-attachment-ready, pid=31632, connections=0, logicalSessions=0, attachments=1
[2026-09-28 11:37:26.338] [pid:12696] [main] [host-log] (local-1) [host] [2026-09-28 11:37:26.337] [pid:31632] [zcode-host] [rpc:register] channel "graphEngineering"
[2026-09-28 11:37:26.339] [pid:12696] [main] [host-log] (local-1) [host] [2026-09-28 11:37:26.337] [pid:31632] [zcode-host] [rpc:register] channel "graphWorkflow"
[2026-09-28 11:37:26.340] [pid:12696] [main] [host-log] (local-1) [host] [2026-09-28 11:37:26.337] [pid:31632] [zcode-host] [rpc:register] channel "graphParallel"
[2026-09-28 11:37:26.341] [pid:12696] [main] [host-log] (local-1) [host] [2026-09-28 11:37:26.337] [pid:31632] [zcode-host] [rpc:register] channel "file"
[2026-09-28 11:37:26.341] [pid:12696] [main] [host-log] (local-1) [host] [2026-09-28 11:37:26.338] [pid:31632] [zcode-host] [rpc:register] channel "media-preview"
[2026-09-28 11:37:26.342] [pid:12696] [main] [host-log] (local-1) [host] [2026-09-28 11:37:26.338] [pid:31632] [zcode-host] [rpc:register] channel "git"
[2026-09-28 11:37:26.343] [pid:12696] [main] [host-log] (local-1) [host] [2026-09-28 11:37:26.338] [pid:31632] [zcode-host] [rpc:register] channel "git-checkpoint"
[2026-09-28 11:37:26.343] [pid:12696] [main] [host-log] (local-1) [host] [2026-09-28 11:37:26.338] [pid:31632] [zcode-host] [rpc:register] channel "system"
[2026-09-28 11:37:26.344] [pid:12696] [main] [host-log] (local-1) [host] [2026-09-28 11:37:26.338] [pid:31632] [zcode-host] [rpc:register] channel "terminal"
[2026-09-28 11:37:26.344] [pid:12696] [main] [host-log] (local-1) [host] [2026-09-28 11:37:26.338] [pid:31632] [zcode-host] [rpc:register] channel "setting"
[2026-09-28 11:37:26.345] [pid:12696] [main] [host-log] (local-1) [host] [2026-09-28 11:37:26.338] [pid:31632] [zcode-host] [rpc:register] channel "onboarding-record"
[2026-09-28 11:37:26.346] [pid:12696] [main] [host-log] (local-1) [host] [2026-09-28 11:37:26.338] [pid:31632] [zcode-host] [rpc:register] channel "credential"
[2026-09-28 11:37:26.346] [pid:12696] [main] [host-log] (local-1) [host] [2026-09-28 11:37:26.338] [pid:31632] [zcode-host] [rpc:register] channel "broadcast"
[2026-09-28 11:37:26.347] [pid:12696] [main] [host-log] (local-1) [host] [2026-09-28 11:37:26.338] [pid:31632] [zcode-host] [rpc:register] channel "zcode-task"
[2026-09-28 11:37:26.348] [pid:12696] [main] [host-log] (local-1) [host] [2026-09-28 11:37:26.338] [pid:31632] [zcode-host] [rpc:register] channel "zcode-agent"
[2026-09-28 11:37:26.348] [pid:12696] [main] [host-log] (local-1) [host] [2026-09-28 11:37:26.338] [pid:31632] [zcode-host] [rpc:register] channel "zcode-session"
[2026-09-28 11:37:26.350] [pid:12696] [main] [host-log] (local-1) [host] [2026-09-28 11:37:26.338] [pid:31632] [zcode-host] [rpc:register] channel "cua-permission"
[2026-09-28 11:37:26.350] [pid:12696] [main] [host-log] (local-1) [host] [2026-09-28 11:37:26.338] [pid:31632] [zcode-host] [rpc:register] channel "cua-pip-session"
[2026-09-28 11:37:26.351] [pid:12696] [main] [host-log] (local-1) [host] [2026-09-28 11:37:26.338] [pid:31632] [zcode-host] [rpc:register] channel "conversation-share"
[2026-09-28 11:37:26.352] [pid:12696] [main] [host-log] (local-1) [host] [2026-09-28 11:37:26.338] [pid:31632] [zcode-host] [rpc:register] channel "bots"
[2026-09-28 11:37:26.353] [pid:12696] [main] [host-log] (local-1) [host] [2026-09-28 11:37:26.338] [pid:31632] [zcode-host] [rpc:register] channel "file-watcher"
[2026-09-28 11:37:26.353] [pid:12696] [main] [host-log] (local-1) [host] [2026-09-28 11:37:26.338] [pid:31632] [zcode-host] [rpc:register] channel "oauth"
[2026-09-28 11:37:26.354] [pid:12696] [main] [host-log] (local-1) [host] [2026-09-28 11:37:26.338] [pid:31632] [zcode-host] [rpc:register] channel "usage-stats"
[2026-09-28 11:37:26.355] [pid:12696] [main] [host-log] (local-1) [host] [2026-09-28 11:37:26.338] [pid:31632] [zcode-host] [rpc:register] channel "coding-plan-subscription"
[2026-09-28 11:37:26.355] [pid:12696] [main] [host-log] (local-1) [host] [2026-09-28 11:37:26.338] [pid:31632] [zcode-host] [rpc:register] channel "client-config"
[2026-09-28 11:37:26.356] [pid:12696] [main] [host-log] (local-1) [host] [2026-09-28 11:37:26.338] [pid:31632] [zcode-host] [rpc:register] channel "client-scenes"
[2026-09-28 11:37:26.357] [pid:12696] [main] [host-log] (local-1) [host] [2026-09-28 11:37:26.338] [pid:31632] [zcode-host] [rpc:register] channel "off-peak-task"
[2026-09-28 11:37:26.358] [pid:12696] [main] [host-log] (local-1) [host] [2026-09-28 11:37:26.338] [pid:31632] [zcode-host] [rpc:register] channel "skills"
[2026-09-28 11:37:26.358] [pid:12696] [main] [host-log] (local-1) [host] [2026-09-28 11:37:26.338] [pid:31632] [zcode-host] [rpc:register] channel "skill-sync"
[2026-09-28 11:37:26.359] [pid:12696] [main] [host-log] (local-1) [host] [2026-09-28 11:37:26.338] [pid:31632] [zcode-host] [rpc:register] channel "mcp-sync"
[2026-09-28 11:37:26.360] [pid:12696] [main] [host-log] (local-1) [host] [2026-09-28 11:37:26.338] [pid:31632] [zcode-host] [rpc:register] channel "plugin-sync"
[2026-09-28 11:37:26.361] [pid:12696] [main] [host-log] (local-1) [host] [2026-09-28 11:37:26.338] [pid:31632] [zcode-host] [rpc:register] channel "plugins"
[2026-09-28 11:37:26.361] [pid:12696] [main] [host-log] (local-1) [host] [2026-09-28 11:37:26.338] [pid:31632] [zcode-host] [rpc:register] channel "plugin-management"
[2026-09-28 11:37:26.362] [pid:12696] [main] [host-log] (local-1) [host] [2026-09-28 11:37:26.338] [pid:31632] [zcode-host] [rpc:register] channel "subagents"
[2026-09-28 11:37:26.363] [pid:12696] [main] [host-log] (local-1) [host] [2026-09-28 11:37:26.338] [pid:31632] [zcode-host] [rpc:register] channel "commands"
[2026-09-28 11:37:26.363] [pid:12696] [main] [host-log] (local-1) [host] [2026-09-28 11:37:26.338] [pid:31632] [zcode-host] [rpc:register] channel "hooks"
[2026-09-28 11:37:26.364] [pid:12696] [main] [host-log] (local-1) [host] [2026-09-28 11:37:26.338] [pid:31632] [zcode-host] [rpc:register] channel "memory"
[2026-09-28 11:37:26.364] [pid:12696] [main] [host-log] (local-1) [host] [2026-09-28 11:37:26.338] [pid:31632] [zcode-host] [rpc:register] channel "settings-sync"
[2026-09-28 11:37:26.365] [pid:12696] [main] [host-log] (local-1) [host] [2026-09-28 11:37:26.338] [pid:31632] [zcode-host] [rpc:register] channel "feedback"
[2026-09-28 11:37:26.366] [pid:12696] [main] [host-log] (local-1) [host] [2026-09-28 11:37:26.338] [pid:31632] [zcode-host] [rpc:register] channel "prompt-attachment-transfer"
[2026-09-28 11:37:26.366] [pid:12696] [main] [host-log] (local-1) [host] [2026-09-28 11:37:26.338] [pid:31632] [zcode-host] [rpc:register] channel "provider-settings"
[2026-09-28 11:37:26.367] [pid:12696] [main] [host-log] (local-1) [host] [2026-09-28 11:37:26.338] [pid:31632] [zcode-host] [rpc:register] channel "model-selection"
[2026-09-28 11:37:26.368] [pid:12696] [main] [host-log] (local-1) [host] [2026-09-28 11:37:26.338] [pid:31632] [zcode-host] [rpc:register] channel "window-controller"
[2026-09-28 11:37:26.368] [pid:12696] [main] [host-log] (local-1) [host] [2026-09-28 11:37:26.338] [pid:31632] [zcode-host] service connection ready mode=desktop-continuous
[Z1 child] [2026-09-28 11:37:26.339] [pid:31632] [zcode-host] local services ready, all channels registered
[2026-09-28 11:37:26.346] [pid:31632] [settingService] read result: {"recentProjects":[],"locale":"zh-CN","localePreference":"en-US","terminalInheritSystemProfile":true,"embeddedBrowserAllowInsecureCertificates":false,"embeddedBrowserViewportPreference":{"mode":"normal","viewport":{"width":393,"height":852},"zoom":"fit"},"computerUseComposerEntryHidden":true,"taskAutoArchiveEnabled":false,"taskAutoArchiveOlderThanDays":7,"closeToTrayOnWindows":false,"closeToTrayOnWindowsMigrationInitialized":true,"keepAwakeWhileRunning":false,"desktopChromiumHardwareAccelerationEnabled":true,"messageStreamShowReasoning":true,"messageStreamShowReasoningMigrationInitialized":true,"messageStreamShowTodos":false,"toolGroupingExploreEnabled":true,"toolGroupingTerminalEnabled":true,"toolGroupingChangesEnabled":false,"zcodeInteractionBehavior":"queue","askUserQuestionAutoResolutionEnabled":false,"modelIoFullRetentionEnabled":false,"startPlanRecommendationDismissed":false,"providerFamilyConnectionSelections":{},"providerFamilyDomain":"zai","providerFamilyDomainMigrated":true,"nativeSearchEnhancementsEnabled":true,"memoryEnabled":false,"lastWorkspaceSession":[],"lastActiveTabIndex":0,"receivePreviewUpdates":false,"autoDownloadAndInstallUpdates":false,"skippedElectronUpdateVersions":{}}
[2026-09-28 11:37:26.369] [pid:12696] [main] [host-log] (local-1) [host] [2026-09-28 11:37:26.338] [pid:31632] [zcode-host] window Host topology, reason=base-attachment-ready, pid=31632, connections=0, logicalSessions=0, attachments=1
[2026-09-28 11:37:26.370] [pid:12696] [main] [host-log] (local-1) [host] [2026-09-28 11:37:26.339] [pid:31632] [zcode-host] local services ready, all channels registered
[2026-09-28 11:37:26.371] [pid:12696] [main] [database-startup] terminal {
  attemptId: '5167a555-f4fd-440b-af10-6e7b8fbe9c29',
  status: 'ready',
  durationMs: 1727,
  errorCode: undefined,
  disk: [
    {
      scopeId: '9319b000c8e74f2867e1e7bd121ddaf54b120dc84ca6297ecd939a191d9c2c40',
      observedAvailableDropPeakBytes: 151552,
      minAvailableBytes: 267340394496,
      quality: 'complete',
      sampledAt: 1790566645210
    }
  ]
}
[2026-09-28 11:37:26.372] [pid:12696] [main] [cron-scheduler] forked scheduler process pid=undefined
[Z1 child] [2026-09-28 11:37:26.375] [pid:31632] [zcode-host] [rpc:listen] broadcast.onMessage subscribed
[2026-09-28 11:37:26.375] [pid:12696] [main] [host-log] (local-1) [host] [2026-09-28 11:37:26.375] [pid:31632] [zcode-host] [rpc:listen] broadcast.onMessage subscribed
[Z1 child] [2026-09-28 11:37:26.381] [pid:31632] [zcode-host] [rpc:listen] zcode-agent.onDynamicCuaPermissionObservation subscribed
[2026-09-28 11:37:26.381] [pid:12696] [main] [host-log] (local-1) [host] [2026-09-28 11:37:26.381] [pid:31632] [zcode-host] [rpc:listen] zcode-agent.onDynamicCuaPermissionObservation subscribed
[2026-09-28 11:37:26.382] [pid:12696] [main] [host-log] (local-1) [host] [2026-09-28 11:37:26.382] [pid:31632] [zcode-host] [rpc:listen] model-selection.onDidChange subscribed
[Z1 child] [2026-09-28 11:37:26.382] [pid:31632] [settingService] reading settings from: C:\Users\USER\Desktop\Personal\ZCode\.tmp\z1-native-1790566642265-7bfb99\home\.zcode\v2\setting.json
[2026-09-28 11:37:26.382] [pid:31632] [settingService] reading settings from: C:\Users\USER\Desktop\Personal\ZCode\.tmp\z1-native-1790566642265-7bfb99\home\.zcode\v2\setting.json
[2026-09-28 11:37:26.382] [pid:31632] [zcode-host] [rpc:listen] model-selection.onDidChange subscribed
[2026-09-28 11:37:26.382] [pid:31632] [zcode-host] [rpc:listen] broadcast.onMessage subscribed
[2026-09-28 11:37:26.382] [pid:31632] [zcode-host] [rpc:listen] provider-settings.onDidChange subscribed
[2026-09-28 11:37:26.382] [pid:31632] [settingService] reading settings from: C:\Users\USER\Desktop\Personal\ZCode\.tmp\z1-native-1790566642265-7bfb99\home\.zcode\v2\setting.json
[2026-09-28 11:37:26.383] [pid:31632] [zcode-host] [rpc:listen] broadcast.onMessage subscribed
[2026-09-28 11:37:26.383] [pid:31632] [settingService] read result: {"recentProjects":[],"locale":"zh-CN","localePreference":"en-US","terminalInheritSystemProfile":true,"embeddedBrowserAllowInsecureCertificates":false,"embeddedBrowserViewportPreference":{"mode":"normal","viewport":{"width":393,"height":852},"zoom":"fit"},"computerUseComposerEntryHidden":true,"taskAutoArchiveEnabled":false,"taskAutoArchiveOlderThanDays":7,"closeToTrayOnWindows":false,"closeToTrayOnWindowsMigrationInitialized":true,"keepAwakeWhileRunning":false,"desktopChromiumHardwareAccelerationEnabled":true,"messageStreamShowReasoning":true,"messageStreamShowReasoningMigrationInitialized":true,"messageStreamShowTodos":false,"toolGroupingExploreEnabled":true,"toolGroupingTerminalEnabled":true,"toolGroupingChangesEnabled":false,"zcodeInteractionBehavior":"queue","askUserQuestionAutoResolutionEnabled":false,"modelIoFullRetentionEnabled":false,"startPlanRecommendationDismissed":false,"providerFamilyConnectionSelections":{},"providerFamilyDomain":"zai","providerFamilyDomainMigrated":true,"nativeSearchEnhancementsEnabled":true,"memoryEnabled":false,"lastWorkspaceSession":[],"lastActiveTabIndex":0,"receivePreviewUpdates":false,"autoDownloadAndInstallUpdates":false,"skippedElectronUpdateVersions":{}}
[2026-09-28 11:37:26.383] [pid:12696] [main] [task-realtime] updated host workspace scopes {
  hostId: 'b8c547bb-af67-422c-a623-58d5b6743eec',
  workspaceKeyCount: 0
}
[2026-09-28 11:37:26.384] [pid:12696] [main] [open-folder] Windows Explorer 右键菜单安装失败 { error: '[Z1 isolation] registry access blocked' }
[2026-09-28 11:37:26.386] [pid:12696] [main] [host-log] (local-1) [host] [2026-09-28 11:37:26.382] [pid:31632] [zcode-host] [rpc:listen] broadcast.onMessage subscribed
[2026-09-28 11:37:26.386] [pid:12696] [main] [host-log] (local-1) [host] [2026-09-28 11:37:26.382] [pid:31632] [zcode-host] [rpc:listen] provider-settings.onDidChange subscribed
[2026-09-28 11:37:26.387] [pid:12696] [main] [host-log] (local-1) [host] [2026-09-28 11:37:26.383] [pid:31632] [zcode-host] [rpc:listen] broadcast.onMessage subscribed
[Z1 child] [2026-09-28 11:37:26.385] [pid:31632] [node-api-client] zcode endpoint request headers prepared {
  headerKeys: [
    'http-referer',
    'user-agent',
    'x-client-language',
    'x-client-timezone',
    'x-device-mid',
    'x-os-category',
    'x-os-version',
    'x-platform',
    'x-release-channel',
    'x-request-id',
    'x-title',
    'x-zcode-app-version'
  ],
  method: 'GET',
  url: 'http://127.0.0.1:60626/api/v1/client/configs?app_version=3.14.0&platform=win32-x64'
}
[2026-09-28 11:37:26.385] [pid:31632] [settingService] reading settings from: C:\Users\USER\Desktop\Personal\ZCode\.tmp\z1-native-1790566642265-7bfb99\home\.zcode\v2\setting.json
[2026-09-28 11:37:26.385] [pid:31632] [settingService] read result: {"recentProjects":[],"locale":"zh-CN","localePreference":"en-US","terminalInheritSystemProfile":true,"embeddedBrowserAllowInsecureCertificates":false,"embeddedBrowserViewportPreference":{"mode":"normal","viewport":{"width":393,"height":852},"zoom":"fit"},"computerUseComposerEntryHidden":true,"taskAutoArchiveEnabled":false,"taskAutoArchiveOlderThanDays":7,"closeToTrayOnWindows":false,"closeToTrayOnWindowsMigrationInitialized":true,"keepAwakeWhileRunning":false,"desktopChromiumHardwareAccelerationEnabled":true,"messageStreamShowReasoning":true,"messageStreamShowReasoningMigrationInitialized":true,"messageStreamShowTodos":false,"toolGroupingExploreEnabled":true,"toolGroupingTerminalEnabled":true,"toolGroupingChangesEnabled":false,"zcodeInteractionBehavior":"queue","askUserQuestionAutoResolutionEnabled":false,"modelIoFullRetentionEnabled":false,"startPlanRecommendationDismissed":false,"providerFamilyConnectionSelections":{},"providerFamilyDomain":"zai","providerFamilyDomainMigrated":true,"nativeSearchEnhancementsEnabled":true,"memoryEnabled":false,"lastWorkspaceSession":[],"lastActiveTabIndex":0,"receivePreviewUpdates":false,"autoDownloadAndInstallUpdates":false,"skippedElectronUpdateVersions":{}}
[2026-09-28 11:37:26.385] [pid:31632] [zcode-host] [rpc:call] setting.get OK (3.3ms)
[2026-09-28 11:37:26.386] [pid:31632] [zcode-host] [rpc:listen] provider-settings.onDidChange subscribed
[2026-09-28 11:37:26.386] [pid:31632] [zcode-host] [rpc:listen] broadcast.onMessage subscribed
[2026-09-28 11:37:26.386] [pid:31632] [settingService] reading settings from: C:\Users\USER\Desktop\Personal\ZCode\.tmp\z1-native-1790566642265-7bfb99\home\.zcode\v2\setting.json
[2026-09-28 11:37:26.386] [pid:31632] [zcode-host] [rpc:listen] broadcast.onMessage subscribed
[2026-09-28 11:37:26.388] [pid:31632] [zcode-host] [rpc:call] zcode-agent.syncAppRuntimePreferences OK (0.1ms)
[2026-09-28 11:37:26.388] [pid:31632] [zcode-host] [rpc:call] bots.syncAppRuntimePreferences OK (0.1ms)
[2026-09-28 11:37:26.388] [pid:31632] [settingService] read result: {"recentProjects":[],"locale":"zh-CN","localePreference":"en-US","terminalInheritSystemProfile":true,"embeddedBrowserAllowInsecureCertificates":false,"embeddedBrowserViewportPreference":{"mode":"normal","viewport":{"width":393,"height":852},"zoom":"fit"},"computerUseComposerEntryHidden":true,"taskAutoArchiveEnabled":false,"taskAutoArchiveOlderThanDays":7,"closeToTrayOnWindows":false,"closeToTrayOnWindowsMigrationInitialized":true,"keepAwakeWhileRunning":false,"desktopChromiumHardwareAccelerationEnabled":true,"messageStreamShowReasoning":true,"messageStreamShowReasoningMigrationInitialized":true,"messageStreamShowTodos":false,"toolGroupingExploreEnabled":true,"toolGroupingTerminalEnabled":true,"toolGroupingChangesEnabled":false,"zcodeInteractionBehavior":"queue","askUserQuestionAutoResolutionEnabled":false,"modelIoFullRetentionEnabled":false,"startPlanRecommendationDismissed":false,"providerFamilyConnectionSelections":{},"providerFamilyDomain":"zai","providerFamilyDomainMigrated":true,"nativeSearchEnhancementsEnabled":true,"memoryEnabled":false,"lastWorkspaceSession":[],"lastActiveTabIndex":0,"receivePreviewUpdates":false,"autoDownloadAndInstallUpdates":false,"skippedElectronUpdateVersions":{}}
[2026-09-28 11:37:26.388] [pid:31632] [zcode-host] [rpc:call] setting.get OK (6.0ms)
[2026-09-28 11:37:26.389] [pid:31632] [oauthService] restoreCachedSession skipped: no active provider
[Z1 child] [2026-09-28 11:37:26.388] [pid:31632] [cua-pip-session] [cua-pip-session] event delivery dropped {
  kind: 'focus-changed',
  revision: 3,
  sessionId: null,
  sourceWindowId: 'window-1',
  skipReason: 'service-disabled'
}
[2026-09-28 11:37:26.390] [pid:12696] [main] [host-log] (local-1) [host] [2026-09-28 11:37:26.385] [pid:31632] [zcode-host] [rpc:call] setting.get OK (3.3ms)
[2026-09-28 11:37:26.391] [pid:12696] [main] [host-log] (local-1) [host] [2026-09-28 11:37:26.386] [pid:31632] [zcode-host] [rpc:listen] provider-settings.onDidChange subscribed
[2026-09-28 11:37:26.391] [pid:12696] [main] [host-log] (local-1) [host] [2026-09-28 11:37:26.386] [pid:31632] [zcode-host] [rpc:listen] broadcast.onMessage subscribed
[2026-09-28 11:37:26.392] [pid:12696] [main] [host-log] (local-1) [host] [2026-09-28 11:37:26.386] [pid:31632] [zcode-host] [rpc:listen] broadcast.onMessage subscribed
[2026-09-28 11:37:26.393] [pid:12696] [main] [host-log] (local-1) [host] [2026-09-28 11:37:26.388] [pid:31632] [cua-pip-session] [cua-pip-session] event delivery dropped {"kind":"focus-changed","revision":3,"sessionId":null,"sourceWindowId":"window-1","skipReason":"service-disabled"}
[2026-09-28 11:37:26.393] [pid:12696] [main] [host-log] (local-1) [host] [2026-09-28 11:37:26.388] [pid:31632] [zcode-host] [rpc:call] zcode-agent.syncAppRuntimePreferences OK (0.1ms)
[Z1 child] [2026-09-28 11:37:26.390] [pid:31632] [zcode-host] [rpc:call] oauth.restoreCachedSessionState OK (4.0ms)
[2026-09-28 11:37:26.390] [pid:31632] [settingService] reading settings from: C:\Users\USER\Desktop\Personal\ZCode\.tmp\z1-native-1790566642265-7bfb99\home\.zcode\v2\setting.json
[2026-09-28 11:37:26.393] [pid:31632] [settingService] read result: {"recentProjects":[],"locale":"zh-CN","localePreference":"en-US","terminalInheritSystemProfile":true,"embeddedBrowserAllowInsecureCertificates":false,"embeddedBrowserViewportPreference":{"mode":"normal","viewport":{"width":393,"height":852},"zoom":"fit"},"computerUseComposerEntryHidden":true,"taskAutoArchiveEnabled":false,"taskAutoArchiveOlderThanDays":7,"closeToTrayOnWindows":false,"closeToTrayOnWindowsMigrationInitialized":true,"keepAwakeWhileRunning":false,"desktopChromiumHardwareAccelerationEnabled":true,"messageStreamShowReasoning":true,"messageStreamShowReasoningMigrationInitialized":true,"messageStreamShowTodos":false,"toolGroupingExploreEnabled":true,"toolGroupingTerminalEnabled":true,"toolGroupingChangesEnabled":false,"zcodeInteractionBehavior":"queue","askUserQuestionAutoResolutionEnabled":false,"modelIoFullRetentionEnabled":false,"startPlanRecommendationDismissed":false,"providerFamilyConnectionSelections":{},"providerFamilyDomain":"zai","providerFamilyDomainMigrated":true,"nativeSearchEnhancementsEnabled":true,"memoryEnabled":false,"lastWorkspaceSession":[],"lastActiveTabIndex":0,"receivePreviewUpdates":false,"autoDownloadAndInstallUpdates":false,"skippedElectronUpdateVersions":{}}
[2026-09-28 11:37:26.394] [pid:12696] [main] [host-log] (local-1) [host] [2026-09-28 11:37:26.388] [pid:31632] [zcode-host] [rpc:call] bots.syncAppRuntimePreferences OK (0.1ms)
[2026-09-28 11:37:26.395] [pid:12696] [main] [host-log] (local-1) [host] [2026-09-28 11:37:26.388] [pid:31632] [zcode-host] [rpc:call] setting.get OK (6.0ms)
[2026-09-28 11:37:26.395] [pid:12696] [main] [host-log] (local-1) [host] [2026-09-28 11:37:26.389] [pid:31632] [oauthService] restoreCachedSession skipped: no active provider
[2026-09-28 11:37:26.396] [pid:12696] [main] [host-log] (local-1) [host] [2026-09-28 11:37:26.390] [pid:31632] [zcode-host] [rpc:call] oauth.restoreCachedSessionState OK (4.0ms)
[2026-09-28 11:37:26.404] [pid:12696] [main] [host-log] (local-1) [host] [2026-09-28 11:37:26.404] [pid:31632] [zcode-host] [rpc:call] setting.get OK (17.6ms)
[Z1 child] [2026-09-28 11:37:26.404] [pid:31632] [settingService] read result: {"recentProjects":[],"locale":"zh-CN","localePreference":"en-US","terminalInheritSystemProfile":true,"embeddedBrowserAllowInsecureCertificates":false,"embeddedBrowserViewportPreference":{"mode":"normal","viewport":{"width":393,"height":852},"zoom":"fit"},"computerUseComposerEntryHidden":true,"taskAutoArchiveEnabled":false,"taskAutoArchiveOlderThanDays":7,"closeToTrayOnWindows":false,"closeToTrayOnWindowsMigrationInitialized":true,"keepAwakeWhileRunning":false,"desktopChromiumHardwareAccelerationEnabled":true,"messageStreamShowReasoning":true,"messageStreamShowReasoningMigrationInitialized":true,"messageStreamShowTodos":false,"toolGroupingExploreEnabled":true,"toolGroupingTerminalEnabled":true,"toolGroupingChangesEnabled":false,"zcodeInteractionBehavior":"queue","askUserQuestionAutoResolutionEnabled":false,"modelIoFullRetentionEnabled":false,"startPlanRecommendationDismissed":false,"providerFamilyConnectionSelections":{},"providerFamilyDomain":"zai","providerFamilyDomainMigrated":true,"nativeSearchEnhancementsEnabled":true,"memoryEnabled":false,"lastWorkspaceSession":[],"lastActiveTabIndex":0,"receivePreviewUpdates":false,"autoDownloadAndInstallUpdates":false,"skippedElectronUpdateVersions":{}}
[2026-09-28 11:37:26.404] [pid:31632] [zcode-host] [rpc:call] setting.get OK (17.6ms)
[Z1 child] [2026-09-28 11:37:26.413] [pid:31632] [zcode-host] [rpc:call] coding-plan-subscription.getDynamicWorkflowClientConfig OK (31.6ms)
[2026-09-28 11:37:26.413] [pid:12696] [main] [host-log] (local-1) [host] [2026-09-28 11:37:26.413] [pid:31632] [zcode-host] [rpc:call] coding-plan-subscription.getDynamicWorkflowClientConfig OK (31.6ms)
[2026-09-28 11:37:26.414] [pid:12696] [main] [host-log] (local-1) [host] [2026-09-28 11:37:26.414] [pid:31632] [zcode-host] [rpc:call] setting.get OK (24.3ms)
[Z1 child] [2026-09-28 11:37:26.414] [pid:31632] [settingService] read result: {"recentProjects":[],"locale":"zh-CN","localePreference":"en-US","terminalInheritSystemProfile":true,"embeddedBrowserAllowInsecureCertificates":false,"embeddedBrowserViewportPreference":{"mode":"normal","viewport":{"width":393,"height":852},"zoom":"fit"},"computerUseComposerEntryHidden":true,"taskAutoArchiveEnabled":false,"taskAutoArchiveOlderThanDays":7,"closeToTrayOnWindows":false,"closeToTrayOnWindowsMigrationInitialized":true,"keepAwakeWhileRunning":false,"desktopChromiumHardwareAccelerationEnabled":true,"messageStreamShowReasoning":true,"messageStreamShowReasoningMigrationInitialized":true,"messageStreamShowTodos":false,"toolGroupingExploreEnabled":true,"toolGroupingTerminalEnabled":true,"toolGroupingChangesEnabled":false,"zcodeInteractionBehavior":"queue","askUserQuestionAutoResolutionEnabled":false,"modelIoFullRetentionEnabled":false,"startPlanRecommendationDismissed":false,"providerFamilyConnectionSelections":{},"providerFamilyDomain":"zai","providerFamilyDomainMigrated":true,"nativeSearchEnhancementsEnabled":true,"memoryEnabled":false,"lastWorkspaceSession":[],"lastActiveTabIndex":0,"receivePreviewUpdates":false,"autoDownloadAndInstallUpdates":false,"skippedElectronUpdateVersions":{}}
[2026-09-28 11:37:26.414] [pid:31632] [zcode-host] [rpc:call] setting.get OK (24.3ms)
[Z1 child] [2026-09-28 11:37:26.440] [pid:31632] [settingService] reading settings from: C:\Users\USER\Desktop\Personal\ZCode\.tmp\z1-native-1790566642265-7bfb99\home\.zcode\v2\setting.json
[Z1 child] [2026-09-28 11:37:26.441] [pid:31632] [settingService] read result: {"recentProjects":[],"locale":"zh-CN","localePreference":"en-US","terminalInheritSystemProfile":true,"embeddedBrowserAllowInsecureCertificates":false,"embeddedBrowserViewportPreference":{"mode":"normal","viewport":{"width":393,"height":852},"zoom":"fit"},"computerUseComposerEntryHidden":true,"taskAutoArchiveEnabled":false,"taskAutoArchiveOlderThanDays":7,"closeToTrayOnWindows":false,"closeToTrayOnWindowsMigrationInitialized":true,"keepAwakeWhileRunning":false,"desktopChromiumHardwareAccelerationEnabled":true,"messageStreamShowReasoning":true,"messageStreamShowReasoningMigrationInitialized":true,"messageStreamShowTodos":false,"toolGroupingExploreEnabled":true,"toolGroupingTerminalEnabled":true,"toolGroupingChangesEnabled":false,"zcodeInteractionBehavior":"queue","askUserQuestionAutoResolutionEnabled":false,"modelIoFullRetentionEnabled":false,"startPlanRecommendationDismissed":false,"providerFamilyConnectionSelections":{},"providerFamilyDomain":"zai","providerFamilyDomainMigrated":true,"nativeSearchEnhancementsEnabled":true,"memoryEnabled":false,"lastWorkspaceSession":[],"lastActiveTabIndex":0,"receivePreviewUpdates":false,"autoDownloadAndInstallUpdates":false,"skippedElectronUpdateVersions":{}}
[Z1 child] [2026-09-28 11:37:26.442] [pid:31632] [settingService] reading settings from: C:\Users\USER\Desktop\Personal\ZCode\.tmp\z1-native-1790566642265-7bfb99\home\.zcode\v2\setting.json
[Z1 child] [2026-09-28 11:37:26.442] [pid:31632] [settingService] read result: {"recentProjects":[],"locale":"zh-CN","localePreference":"en-US","terminalInheritSystemProfile":true,"embeddedBrowserAllowInsecureCertificates":false,"embeddedBrowserViewportPreference":{"mode":"normal","viewport":{"width":393,"height":852},"zoom":"fit"},"computerUseComposerEntryHidden":true,"taskAutoArchiveEnabled":false,"taskAutoArchiveOlderThanDays":7,"closeToTrayOnWindows":false,"closeToTrayOnWindowsMigrationInitialized":true,"keepAwakeWhileRunning":false,"desktopChromiumHardwareAccelerationEnabled":true,"messageStreamShowReasoning":true,"messageStreamShowReasoningMigrationInitialized":true,"messageStreamShowTodos":false,"toolGroupingExploreEnabled":true,"toolGroupingTerminalEnabled":true,"toolGroupingChangesEnabled":false,"zcodeInteractionBehavior":"queue","askUserQuestionAutoResolutionEnabled":false,"modelIoFullRetentionEnabled":false,"startPlanRecommendationDismissed":false,"providerFamilyConnectionSelections":{},"providerFamilyDomain":"zai","providerFamilyDomainMigrated":true,"nativeSearchEnhancementsEnabled":true,"memoryEnabled":false,"lastWorkspaceSession":[],"lastActiveTabIndex":0,"receivePreviewUpdates":false,"autoDownloadAndInstallUpdates":false,"skippedElectronUpdateVersions":{}}
[Z1 child] [2026-09-28 11:37:26.461] [pid:31632] [settingService] reading settings from: C:\Users\USER\Desktop\Personal\ZCode\.tmp\z1-native-1790566642265-7bfb99\home\.zcode\v2\setting.json
[Z1 child] [2026-09-28 11:37:26.461] [pid:31632] [settingService] read result: {"recentProjects":[],"locale":"zh-CN","localePreference":"en-US","terminalInheritSystemProfile":true,"embeddedBrowserAllowInsecureCertificates":false,"embeddedBrowserViewportPreference":{"mode":"normal","viewport":{"width":393,"height":852},"zoom":"fit"},"computerUseComposerEntryHidden":true,"taskAutoArchiveEnabled":false,"taskAutoArchiveOlderThanDays":7,"closeToTrayOnWindows":false,"closeToTrayOnWindowsMigrationInitialized":true,"keepAwakeWhileRunning":false,"desktopChromiumHardwareAccelerationEnabled":true,"messageStreamShowReasoning":true,"messageStreamShowReasoningMigrationInitialized":true,"messageStreamShowTodos":false,"toolGroupingExploreEnabled":true,"toolGroupingTerminalEnabled":true,"toolGroupingChangesEnabled":false,"zcodeInteractionBehavior":"queue","askUserQuestionAutoResolutionEnabled":false,"modelIoFullRetentionEnabled":false,"startPlanRecommendationDismissed":false,"providerFamilyConnectionSelections":{},"providerFamilyDomain":"zai","providerFamilyDomainMigrated":true,"nativeSearchEnhancementsEnabled":true,"memoryEnabled":false,"lastWorkspaceSession":[],"lastActiveTabIndex":0,"receivePreviewUpdates":false,"autoDownloadAndInstallUpdates":false,"skippedElectronUpdateVersions":{}}
[Z1 child] [2026-09-28 11:37:26.464] [pid:31632] [settingService] reading settings from: C:\Users\USER\Desktop\Personal\ZCode\.tmp\z1-native-1790566642265-7bfb99\home\.zcode\v2\setting.json
[Z1 child] [2026-09-28 11:37:26.465] [pid:31632] [settingService] reading settings from: C:\Users\USER\Desktop\Personal\ZCode\.tmp\z1-native-1790566642265-7bfb99\home\.zcode\v2\setting.json
[Z1 child] [2026-09-28 11:37:26.465] [pid:31632] [settingService] read result: {"recentProjects":[],"locale":"zh-CN","localePreference":"en-US","terminalInheritSystemProfile":true,"embeddedBrowserAllowInsecureCertificates":false,"embeddedBrowserViewportPreference":{"mode":"normal","viewport":{"width":393,"height":852},"zoom":"fit"},"computerUseComposerEntryHidden":true,"taskAutoArchiveEnabled":false,"taskAutoArchiveOlderThanDays":7,"closeToTrayOnWindows":false,"closeToTrayOnWindowsMigrationInitialized":true,"keepAwakeWhileRunning":false,"desktopChromiumHardwareAccelerationEnabled":true,"messageStreamShowReasoning":true,"messageStreamShowReasoningMigrationInitialized":true,"messageStreamShowTodos":false,"toolGroupingExploreEnabled":true,"toolGroupingTerminalEnabled":true,"toolGroupingChangesEnabled":false,"zcodeInteractionBehavior":"queue","askUserQuestionAutoResolutionEnabled":false,"modelIoFullRetentionEnabled":false,"startPlanRecommendationDismissed":false,"providerFamilyConnectionSelections":{},"providerFamilyDomain":"zai","providerFamilyDomainMigrated":true,"nativeSearchEnhancementsEnabled":true,"memoryEnabled":false,"lastWorkspaceSession":[],"lastActiveTabIndex":0,"receivePreviewUpdates":false,"autoDownloadAndInstallUpdates":false,"skippedElectronUpdateVersions":{}}
[Z1 child] [2026-09-28 11:37:26.466] [pid:31632] [settingService] read result: {"recentProjects":[],"locale":"zh-CN","localePreference":"en-US","terminalInheritSystemProfile":true,"embeddedBrowserAllowInsecureCertificates":false,"embeddedBrowserViewportPreference":{"mode":"normal","viewport":{"width":393,"height":852},"zoom":"fit"},"computerUseComposerEntryHidden":true,"taskAutoArchiveEnabled":false,"taskAutoArchiveOlderThanDays":7,"closeToTrayOnWindows":false,"closeToTrayOnWindowsMigrationInitialized":true,"keepAwakeWhileRunning":false,"desktopChromiumHardwareAccelerationEnabled":true,"messageStreamShowReasoning":true,"messageStreamShowReasoningMigrationInitialized":true,"messageStreamShowTodos":false,"toolGroupingExploreEnabled":true,"toolGroupingTerminalEnabled":true,"toolGroupingChangesEnabled":false,"zcodeInteractionBehavior":"queue","askUserQuestionAutoResolutionEnabled":false,"modelIoFullRetentionEnabled":false,"startPlanRecommendationDismissed":false,"providerFamilyConnectionSelections":{},"providerFamilyDomain":"zai","providerFamilyDomainMigrated":true,"nativeSearchEnhancementsEnabled":true,"memoryEnabled":false,"lastWorkspaceSession":[],"lastActiveTabIndex":0,"receivePreviewUpdates":false,"autoDownloadAndInstallUpdates":false,"skippedElectronUpdateVersions":{}}
[Z1 child] [2026-09-28 11:37:26.467] [pid:31632] [node-api-client] zcode endpoint request headers prepared {
  headerKeys: [
    'http-referer',
    'user-agent',
    'x-client-language',
    'x-client-timezone',
    'x-device-mid',
    'x-os-category',
    'x-os-version',
    'x-platform',
    'x-release-channel',
    'x-request-id',
    'x-title',
    'x-zcode-app-version'
  ],
  method: 'GET',
  url: 'http://127.0.0.1:60626/api/v1/client/configs?app_version=3.14.0&platform=windows-x86_64'
}
[Z1 child] [2026-09-28 11:37:26.468] [pid:31632] [settingService] reading settings from: C:\Users\USER\Desktop\Personal\ZCode\.tmp\z1-native-1790566642265-7bfb99\home\.zcode\v2\setting.json
[Z1 child] [2026-09-28 11:37:26.470] [pid:31632] [settingService] reading settings from: C:\Users\USER\Desktop\Personal\ZCode\.tmp\z1-native-1790566642265-7bfb99\home\.zcode\v2\setting.json
[Z1 child] [2026-09-28 11:37:26.477] [pid:31632] [settingService] read result: {"recentProjects":[],"locale":"zh-CN","localePreference":"en-US","terminalInheritSystemProfile":true,"embeddedBrowserAllowInsecureCertificates":false,"embeddedBrowserViewportPreference":{"mode":"normal","viewport":{"width":393,"height":852},"zoom":"fit"},"computerUseComposerEntryHidden":true,"taskAutoArchiveEnabled":false,"taskAutoArchiveOlderThanDays":7,"closeToTrayOnWindows":false,"closeToTrayOnWindowsMigrationInitialized":true,"keepAwakeWhileRunning":false,"desktopChromiumHardwareAccelerationEnabled":true,"messageStreamShowReasoning":true,"messageStreamShowReasoningMigrationInitialized":true,"messageStreamShowTodos":false,"toolGroupingExploreEnabled":true,"toolGroupingTerminalEnabled":true,"toolGroupingChangesEnabled":false,"zcodeInteractionBehavior":"queue","askUserQuestionAutoResolutionEnabled":false,"modelIoFullRetentionEnabled":false,"startPlanRecommendationDismissed":false,"providerFamilyConnectionSelections":{},"providerFamilyDomain":"zai","providerFamilyDomainMigrated":true,"nativeSearchEnhancementsEnabled":true,"memoryEnabled":false,"lastWorkspaceSession":[],"lastActiveTabIndex":0,"receivePreviewUpdates":false,"autoDownloadAndInstallUpdates":false,"skippedElectronUpdateVersions":{}}
[Z1 child] [2026-09-28 11:37:26.478] [pid:31632] [settingService] reading settings from: C:\Users\USER\Desktop\Personal\ZCode\.tmp\z1-native-1790566642265-7bfb99\home\.zcode\v2\setting.json
[Z1 child] [2026-09-28 11:37:26.478] [pid:31632] [settingService] read result: {"recentProjects":[],"locale":"zh-CN","localePreference":"en-US","terminalInheritSystemProfile":true,"embeddedBrowserAllowInsecureCertificates":false,"embeddedBrowserViewportPreference":{"mode":"normal","viewport":{"width":393,"height":852},"zoom":"fit"},"computerUseComposerEntryHidden":true,"taskAutoArchiveEnabled":false,"taskAutoArchiveOlderThanDays":7,"closeToTrayOnWindows":false,"closeToTrayOnWindowsMigrationInitialized":true,"keepAwakeWhileRunning":false,"desktopChromiumHardwareAccelerationEnabled":true,"messageStreamShowReasoning":true,"messageStreamShowReasoningMigrationInitialized":true,"messageStreamShowTodos":false,"toolGroupingExploreEnabled":true,"toolGroupingTerminalEnabled":true,"toolGroupingChangesEnabled":false,"zcodeInteractionBehavior":"queue","askUserQuestionAutoResolutionEnabled":false,"modelIoFullRetentionEnabled":false,"startPlanRecommendationDismissed":false,"providerFamilyConnectionSelections":{},"providerFamilyDomain":"zai","providerFamilyDomainMigrated":true,"nativeSearchEnhancementsEnabled":true,"memoryEnabled":false,"lastWorkspaceSession":[],"lastActiveTabIndex":0,"receivePreviewUpdates":false,"autoDownloadAndInstallUpdates":false,"skippedElectronUpdateVersions":{}}
[Z1 child] [2026-09-28 11:37:26.478] [pid:31632] [settingService] read result: {"recentProjects":[],"locale":"zh-CN","localePreference":"en-US","terminalInheritSystemProfile":true,"embeddedBrowserAllowInsecureCertificates":false,"embeddedBrowserViewportPreference":{"mode":"normal","viewport":{"width":393,"height":852},"zoom":"fit"},"computerUseComposerEntryHidden":true,"taskAutoArchiveEnabled":false,"taskAutoArchiveOlderThanDays":7,"closeToTrayOnWindows":false,"closeToTrayOnWindowsMigrationInitialized":true,"keepAwakeWhileRunning":false,"desktopChromiumHardwareAccelerationEnabled":true,"messageStreamShowReasoning":true,"messageStreamShowReasoningMigrationInitialized":true,"messageStreamShowTodos":false,"toolGroupingExploreEnabled":true,"toolGroupingTerminalEnabled":true,"toolGroupingChangesEnabled":false,"zcodeInteractionBehavior":"queue","askUserQuestionAutoResolutionEnabled":false,"modelIoFullRetentionEnabled":false,"startPlanRecommendationDismissed":false,"providerFamilyConnectionSelections":{},"providerFamilyDomain":"zai","providerFamilyDomainMigrated":true,"nativeSearchEnhancementsEnabled":true,"memoryEnabled":false,"lastWorkspaceSession":[],"lastActiveTabIndex":0,"receivePreviewUpdates":false,"autoDownloadAndInstallUpdates":false,"skippedElectronUpdateVersions":{}}
[Z1 child] [2026-09-28 11:37:26.496] [pid:31632] [provider-config] ZCode Built-in 刷新检查 { result: 'missing' }
[Z1 child] [2026-09-28 11:37:26.513] [pid:31632] [provider-runtime][trace:Provider Registry 已就绪] {
  configRevision: '["zcode-builtin:30:e373592c4d000ca26b6feda2bba9a3cbe9de88fdd008c10df58244995d395d05","d131ed4508c5f02b0da6cbdac6913eed1e8bb7a3761532f71330ea2484d15049"]',
  providerCount: 1
}
[2026-09-28 11:37:26.513] [pid:12696] [main] [host-log] (local-1) [host] [2026-09-28 11:37:26.513] [pid:31632] [provider-runtime][trace:Provider Registry 已就绪] {"configRevision":"[\"zcode-builtin:30:e373592c4d000ca26b6feda2bba9a3cbe9de88fdd008c10df58244995d395d05\",\"d131ed4508c5f02b0da6cbdac6913eed1e8bb7a3761532f71330ea2484d15049\"]","providerCount":1}
[2026-09-28 11:37:26.514] [pid:12696] [main] [host-log] (local-1) [host] [2026-09-28 11:37:26.513] [pid:31632] [zcode-host] [rpc:call] provider-settings.getView OK (131.0ms)
[2026-09-28 11:37:26.514] [pid:12696] [main] [host-log] (local-1) [host] [2026-09-28 11:37:26.513] [pid:31632] [zcode-host] [rpc:call] provider-settings.getView OK (127.6ms)
[Z1 child] [2026-09-28 11:37:26.513] [pid:31632] [settingService] reading settings from: C:\Users\USER\Desktop\Personal\ZCode\.tmp\z1-native-1790566642265-7bfb99\home\.zcode\v2\setting.json
[2026-09-28 11:37:26.513] [pid:31632] [zcode-host] [rpc:call] provider-settings.getView OK (131.0ms)
[2026-09-28 11:37:26.513] [pid:31632] [zcode-host] [rpc:call] provider-settings.getView OK (127.6ms)
[2026-09-28 11:37:26.515] [pid:31632] [zcode-agent] ZCode agent command resolved {
  workspaceKey: 'C:\\Users\\USER\\Desktop\\Personal\\ZCode\\.tmp\\z1-native-1790566642265-7bfb99\\workspace',
  command: 'C:\\Users\\USER\\Desktop\\Personal\\ZCode\\node_modules\\electron\\dist\\electron.exe',
  effectiveCommand: 'C:\\Users\\USER\\Desktop\\Personal\\ZCode\\node_modules\\electron\\dist\\electron.exe',
  resolveCommandDurationMs: 0
}
[2026-09-28 11:37:26.515] [pid:12696] [main] [host-log] (local-1) [host] [2026-09-28 11:37:26.515] [pid:31632] [zcode-agent] ZCode agent command resolved {"workspaceKey":"C:\\Users\\USER\\Desktop\\Personal\\ZCode\\.tmp\\z1-native-1790566642265-7bfb99\\workspace","command":"C:\\Users\\USER\\Desktop\\Personal\\ZCode\\node_modules\\electron\\dist\\electron.exe","effectiveCommand":"C:\\Users\\USER\\Desktop\\Personal\\ZCode\\node_modules\\electron\\dist\\electron.exe","resolveCommandDurationMs":0}
[2026-09-28 11:37:26.516] [pid:12696] [main] [host-log] (local-1) [host] [2026-09-28 11:37:26.516] [pid:31632] [zcode-host] [rpc:call] model-selection.getView OK (133.7ms)
[Z1 child] [2026-09-28 11:37:26.516] [pid:31632] [settingService] reading settings from: C:\Users\USER\Desktop\Personal\ZCode\.tmp\z1-native-1790566642265-7bfb99\home\.zcode\v2\setting.json
[2026-09-28 11:37:26.516] [pid:31632] [zcode-host] [rpc:call] model-selection.getView OK (133.7ms)
[2026-09-28 11:37:26.517] [pid:31632] [settingService] read result: {"recentProjects":[],"locale":"zh-CN","localePreference":"en-US","terminalInheritSystemProfile":true,"embeddedBrowserAllowInsecureCertificates":false,"embeddedBrowserViewportPreference":{"mode":"normal","viewport":{"width":393,"height":852},"zoom":"fit"},"computerUseComposerEntryHidden":true,"taskAutoArchiveEnabled":false,"taskAutoArchiveOlderThanDays":7,"closeToTrayOnWindows":false,"closeToTrayOnWindowsMigrationInitialized":true,"keepAwakeWhileRunning":false,"desktopChromiumHardwareAccelerationEnabled":true,"messageStreamShowReasoning":true,"messageStreamShowReasoningMigrationInitialized":true,"messageStreamShowTodos":false,"toolGroupingExploreEnabled":true,"toolGroupingTerminalEnabled":true,"toolGroupingChangesEnabled":false,"zcodeInteractionBehavior":"queue","askUserQuestionAutoResolutionEnabled":false,"modelIoFullRetentionEnabled":false,"startPlanRecommendationDismissed":false,"providerFamilyConnectionSelections":{},"providerFamilyDomain":"zai","providerFamilyDomainMigrated":true,"nativeSearchEnhancementsEnabled":true,"memoryEnabled":false,"lastWorkspaceSession":[],"lastActiveTabIndex":0,"receivePreviewUpdates":false,"autoDownloadAndInstallUpdates":false,"skippedElectronUpdateVersions":{}}
[2026-09-28 11:37:26.517] [pid:31632] [settingService] reading settings from: C:\Users\USER\Desktop\Personal\ZCode\.tmp\z1-native-1790566642265-7bfb99\home\.zcode\v2\setting.json
[Z1 child] [2026-09-28 11:37:26.517] [pid:31632] [zcode-host] [rpc:call] credential.load OK (0.5ms)
[2026-09-28 11:37:26.517] [pid:12696] [main] [host-log] (local-1) [host] [2026-09-28 11:37:26.517] [pid:31632] [zcode-host] [rpc:call] credential.load OK (0.5ms)
[2026-09-28 11:37:26.518] [pid:12696] [main] [host-log] (local-1) [host] [2026-09-28 11:37:26.517] [pid:31632] [zcode-host] [rpc:call] credential.load OK (0.6ms)
[2026-09-28 11:37:26.518] [pid:12696] [main] [host-log] (local-1) [host] [2026-09-28 11:37:26.518] [pid:31632] [zcode-agent] ZCode agent process start already in progress {"workspaceKey":"C:\\Users\\USER\\Desktop\\Personal\\ZCode\\.tmp\\z1-native-1790566642265-7bfb99\\workspace"}
[Z1 child] [2026-09-28 11:37:26.517] [pid:31632] [zcode-host] [rpc:call] credential.load OK (0.6ms)
[2026-09-28 11:37:26.517] [pid:31632] [settingService] read result: {"recentProjects":[],"locale":"zh-CN","localePreference":"en-US","terminalInheritSystemProfile":true,"embeddedBrowserAllowInsecureCertificates":false,"embeddedBrowserViewportPreference":{"mode":"normal","viewport":{"width":393,"height":852},"zoom":"fit"},"computerUseComposerEntryHidden":true,"taskAutoArchiveEnabled":false,"taskAutoArchiveOlderThanDays":7,"closeToTrayOnWindows":false,"closeToTrayOnWindowsMigrationInitialized":true,"keepAwakeWhileRunning":false,"desktopChromiumHardwareAccelerationEnabled":true,"messageStreamShowReasoning":true,"messageStreamShowReasoningMigrationInitialized":true,"messageStreamShowTodos":false,"toolGroupingExploreEnabled":true,"toolGroupingTerminalEnabled":true,"toolGroupingChangesEnabled":false,"zcodeInteractionBehavior":"queue","askUserQuestionAutoResolutionEnabled":false,"modelIoFullRetentionEnabled":false,"startPlanRecommendationDismissed":false,"providerFamilyConnectionSelections":{},"providerFamilyDomain":"zai","providerFamilyDomainMigrated":true,"nativeSearchEnhancementsEnabled":true,"memoryEnabled":false,"lastWorkspaceSession":[],"lastActiveTabIndex":0,"receivePreviewUpdates":false,"autoDownloadAndInstallUpdates":false,"skippedElectronUpdateVersions":{}}
[2026-09-28 11:37:26.518] [pid:31632] [zcode-agent] ZCode agent process start already in progress {
  workspaceKey: 'C:\\Users\\USER\\Desktop\\Personal\\ZCode\\.tmp\\z1-native-1790566642265-7bfb99\\workspace'
}
[2026-09-28 11:37:26.518] [pid:31632] [settingService] read result: {"recentProjects":[],"locale":"zh-CN","localePreference":"en-US","terminalInheritSystemProfile":true,"embeddedBrowserAllowInsecureCertificates":false,"embeddedBrowserViewportPreference":{"mode":"normal","viewport":{"width":393,"height":852},"zoom":"fit"},"computerUseComposerEntryHidden":true,"taskAutoArchiveEnabled":false,"taskAutoArchiveOlderThanDays":7,"closeToTrayOnWindows":false,"closeToTrayOnWindowsMigrationInitialized":true,"keepAwakeWhileRunning":false,"desktopChromiumHardwareAccelerationEnabled":true,"messageStreamShowReasoning":true,"messageStreamShowReasoningMigrationInitialized":true,"messageStreamShowTodos":false,"toolGroupingExploreEnabled":true,"toolGroupingTerminalEnabled":true,"toolGroupingChangesEnabled":false,"zcodeInteractionBehavior":"queue","askUserQuestionAutoResolutionEnabled":false,"modelIoFullRetentionEnabled":false,"startPlanRecommendationDismissed":false,"providerFamilyConnectionSelections":{},"providerFamilyDomain":"zai","providerFamilyDomainMigrated":true,"nativeSearchEnhancementsEnabled":true,"memoryEnabled":false,"lastWorkspaceSession":[],"lastActiveTabIndex":0,"receivePreviewUpdates":false,"autoDownloadAndInstallUpdates":false,"skippedElectronUpdateVersions":{}}
[Z1 child] [2026-09-28 11:37:26.521] [pid:31632] [settingService] reading settings from: C:\Users\USER\Desktop\Personal\ZCode\.tmp\z1-native-1790566642265-7bfb99\home\.zcode\v2\setting.json
[Z1 child] [2026-09-28 11:37:26.521] [pid:31632] [cua-product-helper] Windows CUA Helper runtime resolution failed {
  reason: 'invalid-runtime-manifest',
  artifact: 'runtime-manifest.json',
  errorName: 'WindowsCuaDevRuntimeResolutionError',
  message: 'Windows CUA packaged runtime has an invalid runtime-manifest.json.'
}
[2026-09-28 11:37:26.521] [pid:12696] [main] [host-log] (local-1) [host] [2026-09-28 11:37:26.521] [pid:31632] [cua-product-helper] Windows CUA Helper runtime resolution failed {"reason":"invalid-runtime-manifest","artifact":"runtime-manifest.json","errorName":"WindowsCuaDevRuntimeResolutionError","message":"Windows CUA packaged runtime has an invalid runtime-manifest.json."}
[Z1 child] [2026-09-28 11:37:26.521] [pid:31632] [cua-product-helper] Computer Use Helper broker_unavailable; disabling workspace zcode-cua MCP server for this agent spawn (Windows CUA packaged runtime has an invalid runtime-manifest.json.)
[Z1 child] [2026-09-28 11:37:26.522] [pid:31632] [settingService] reading settings from: C:\Users\USER\Desktop\Personal\ZCode\.tmp\z1-native-1790566642265-7bfb99\home\.zcode\v2\setting.json
[2026-09-28 11:37:26.522] [pid:31632] [settingService] read result: {"recentProjects":[],"locale":"zh-CN","localePreference":"en-US","terminalInheritSystemProfile":true,"embeddedBrowserAllowInsecureCertificates":false,"embeddedBrowserViewportPreference":{"mode":"normal","viewport":{"width":393,"height":852},"zoom":"fit"},"computerUseComposerEntryHidden":true,"taskAutoArchiveEnabled":false,"taskAutoArchiveOlderThanDays":7,"closeToTrayOnWindows":false,"closeToTrayOnWindowsMigrationInitialized":true,"keepAwakeWhileRunning":false,"desktopChromiumHardwareAccelerationEnabled":true,"messageStreamShowReasoning":true,"messageStreamShowReasoningMigrationInitialized":true,"messageStreamShowTodos":false,"toolGroupingExploreEnabled":true,"toolGroupingTerminalEnabled":true,"toolGroupingChangesEnabled":false,"zcodeInteractionBehavior":"queue","askUserQuestionAutoResolutionEnabled":false,"modelIoFullRetentionEnabled":false,"startPlanRecommendationDismissed":false,"providerFamilyConnectionSelections":{},"providerFamilyDomain":"zai","providerFamilyDomainMigrated":true,"nativeSearchEnhancementsEnabled":true,"memoryEnabled":false,"lastWorkspaceSession":[],"lastActiveTabIndex":0,"receivePreviewUpdates":false,"autoDownloadAndInstallUpdates":false,"skippedElectronUpdateVersions":{}}
[2026-09-28 11:37:26.522] [pid:31632] [zcode-host] [rpc:call] setting.get OK (0.8ms)
[2026-09-28 11:37:26.522] [pid:31632] [settingService] read result: {"recentProjects":[],"locale":"zh-CN","localePreference":"en-US","terminalInheritSystemProfile":true,"embeddedBrowserAllowInsecureCertificates":false,"embeddedBrowserViewportPreference":{"mode":"normal","viewport":{"width":393,"height":852},"zoom":"fit"},"computerUseComposerEntryHidden":true,"taskAutoArchiveEnabled":false,"taskAutoArchiveOlderThanDays":7,"closeToTrayOnWindows":false,"closeToTrayOnWindowsMigrationInitialized":true,"keepAwakeWhileRunning":false,"desktopChromiumHardwareAccelerationEnabled":true,"messageStreamShowReasoning":true,"messageStreamShowReasoningMigrationInitialized":true,"messageStreamShowTodos":false,"toolGroupingExploreEnabled":true,"toolGroupingTerminalEnabled":true,"toolGroupingChangesEnabled":false,"zcodeInteractionBehavior":"queue","askUserQuestionAutoResolutionEnabled":false,"modelIoFullRetentionEnabled":false,"startPlanRecommendationDismissed":false,"providerFamilyConnectionSelections":{},"providerFamilyDomain":"zai","providerFamilyDomainMigrated":true,"nativeSearchEnhancementsEnabled":true,"memoryEnabled":false,"lastWorkspaceSession":[],"lastActiveTabIndex":0,"receivePreviewUpdates":false,"autoDownloadAndInstallUpdates":false,"skippedElectronUpdateVersions":{}}
[2026-09-28 11:37:26.522] [pid:31632] [settingService] reading settings from: C:\Users\USER\Desktop\Personal\ZCode\.tmp\z1-native-1790566642265-7bfb99\home\.zcode\v2\setting.json
[2026-09-28 11:37:26.522] [pid:12696] [main] [host-log] (local-1) [host] [2026-09-28 11:37:26.521] [pid:31632] [cua-product-helper] Computer Use Helper broker_unavailable; disabling workspace zcode-cua MCP server for this agent spawn (Windows CUA packaged runtime has an invalid runtime-manifest.json.)
[2026-09-28 11:37:26.523] [pid:12696] [main] [host-log] (local-1) [host] [2026-09-28 11:37:26.522] [pid:31632] [zcode-host] [rpc:call] setting.get OK (0.8ms)
[Z1 child] [2026-09-28 11:37:26.524] [pid:31632] [settingService] read result: {"recentProjects":[],"locale":"zh-CN","localePreference":"en-US","terminalInheritSystemProfile":true,"embeddedBrowserAllowInsecureCertificates":false,"embeddedBrowserViewportPreference":{"mode":"normal","viewport":{"width":393,"height":852},"zoom":"fit"},"computerUseComposerEntryHidden":true,"taskAutoArchiveEnabled":false,"taskAutoArchiveOlderThanDays":7,"closeToTrayOnWindows":false,"closeToTrayOnWindowsMigrationInitialized":true,"keepAwakeWhileRunning":false,"desktopChromiumHardwareAccelerationEnabled":true,"messageStreamShowReasoning":true,"messageStreamShowReasoningMigrationInitialized":true,"messageStreamShowTodos":false,"toolGroupingExploreEnabled":true,"toolGroupingTerminalEnabled":true,"toolGroupingChangesEnabled":false,"zcodeInteractionBehavior":"queue","askUserQuestionAutoResolutionEnabled":false,"modelIoFullRetentionEnabled":false,"startPlanRecommendationDismissed":false,"providerFamilyConnectionSelections":{},"providerFamilyDomain":"zai","providerFamilyDomainMigrated":true,"nativeSearchEnhancementsEnabled":true,"memoryEnabled":false,"lastWorkspaceSession":[],"lastActiveTabIndex":0,"receivePreviewUpdates":false,"autoDownloadAndInstallUpdates":false,"skippedElectronUpdateVersions":{}}
[Z1 child] [2026-09-28 11:37:26.525] [pid:31632] [zcode-host] [rpc:call] file.ensureConversationWorkspace OK (3.2ms)
[2026-09-28 11:37:26.525] [pid:12696] [main] [host-log] (local-1) [host] [2026-09-28 11:37:26.525] [pid:31632] [zcode-host] [rpc:call] file.ensureConversationWorkspace OK (3.2ms)
[2026-09-28 11:37:26.526] [pid:12696] [main] [host-log] (local-1) [host] [2026-09-28 11:37:26.526] [pid:31632] [zcode-agent] ZCode agent spawn preflight {"workspaceKey":"C:\\Users\\USER\\Desktop\\Personal\\ZCode\\.tmp\\z1-native-1790566642265-7bfb99\\workspace","spawnPreflight":{"command":"C:\\Users\\USER\\Desktop\\Personal\\ZCode\\node_modules\\electron\\dist\\electron.exe","args":["C:\\Users\\USER\\Desktop\\Personal\\ZCode\\apps\\zcode-cli\\packages\\cli\\dist\\zcode.cjs","app-server","--stdio"],"requestedCwd":"C:\\Users\\USER\\Desktop\\Personal\\ZCode\\.tmp\\z1-native-1790566642265-7bfb99\\workspace","cwd":"C:\\Users\\USER\\Desktop\\Personal\\ZCode\\.tmp\\z1-native-1790566642265-7bfb99\\workspace","cwdSource":"command","commandPathKind":"absolute","commandExists":true,"cwdExists":true}}
[Z1 child] [2026-09-28 11:37:26.526] [pid:31632] [zcode-agent] ZCode agent spawn preflight {
  workspaceKey: 'C:\\Users\\USER\\Desktop\\Personal\\ZCode\\.tmp\\z1-native-1790566642265-7bfb99\\workspace',
  spawnPreflight: {
    command: 'C:\\Users\\USER\\Desktop\\Personal\\ZCode\\node_modules\\electron\\dist\\electron.exe',
    args: [
      'C:\\Users\\USER\\Desktop\\Personal\\ZCode\\apps\\zcode-cli\\packages\\cli\\dist\\zcode.cjs',
      'app-server',
      '--stdio'
    ],
    requestedCwd: 'C:\\Users\\USER\\Desktop\\Personal\\ZCode\\.tmp\\z1-native-1790566642265-7bfb99\\workspace',
    cwd: 'C:\\Users\\USER\\Desktop\\Personal\\ZCode\\.tmp\\z1-native-1790566642265-7bfb99\\workspace',
    cwdSource: 'command',
    commandPathKind: 'absolute',
    commandExists: true,
    cwdExists: true
  }
}
[2026-09-28 11:37:26.528] [pid:12696] [main] [task-realtime] updated host workspace scopes {
  hostId: 'b8c547bb-af67-422c-a623-58d5b6743eec',
  workspaceKeyCount: 1
}
[2026-09-28 11:37:26.530] [pid:12696] [main] [task-realtime] updated host workspace scopes {
  hostId: 'b8c547bb-af67-422c-a623-58d5b6743eec',
  workspaceKeyCount: 2
}
[Z1 child] [2026-09-28 11:37:26.537] [pid:31632] [zcode-agent] ZCode agent process start wait completed {
  workspaceKey: 'C:\\Users\\USER\\Desktop\\Personal\\ZCode\\.tmp\\z1-native-1790566642265-7bfb99\\workspace',
  durationMs: 19
}
[2026-09-28 11:37:26.537] [pid:12696] [main] [host-log] (local-1) [host] [2026-09-28 11:37:26.537] [pid:31632] [zcode-agent] ZCode agent process start wait completed {"workspaceKey":"C:\\Users\\USER\\Desktop\\Personal\\ZCode\\.tmp\\z1-native-1790566642265-7bfb99\\workspace","durationMs":19}
[2026-09-28 11:37:26.539] [pid:12696] [main] [stability] perf_agent_start reported {
  pid: 11024,
  runtimeGeneration: 1,
  runtimeInstanceId: 'agent-114e8db7-7fde-4d8a-b159-fa1fe2817f47'
}
[Z1 child] [2026-09-28 11:37:26.539] [pid:31632] [zcode-agent] ZCode agent process started {
  workspaceKey: 'C:\\Users\\USER\\Desktop\\Personal\\ZCode\\.tmp\\z1-native-1790566642265-7bfb99\\workspace',
  command: 'C:\\Users\\USER\\Desktop\\Personal\\ZCode\\node_modules\\electron\\dist\\electron.exe',
  cwd: 'C:\\Users\\USER\\Desktop\\Personal\\ZCode\\.tmp\\z1-native-1790566642265-7bfb99\\workspace',
  pid: 11024,
  durationMs: 24
}
[2026-09-28 11:37:26.539] [pid:31632] [settingService] reading settings from: C:\Users\USER\Desktop\Personal\ZCode\.tmp\z1-native-1790566642265-7bfb99\home\.zcode\v2\setting.json
[2026-09-28 11:37:26.539] [pid:31632] [zcode-host] [rpc:call] onboarding-record.claimAnonymousRecord OK (0.2ms)
[2026-09-28 11:37:26.540] [pid:12696] [main] [host-log] (local-1) [host] [2026-09-28 11:37:26.539] [pid:31632] [zcode-agent] ZCode agent process started {"workspaceKey":"C:\\Users\\USER\\Desktop\\Personal\\ZCode\\.tmp\\z1-native-1790566642265-7bfb99\\workspace","command":"C:\\Users\\USER\\Desktop\\Personal\\ZCode\\node_modules\\electron\\dist\\electron.exe","cwd":"C:\\Users\\USER\\Desktop\\Personal\\ZCode\\.tmp\\z1-native-1790566642265-7bfb99\\workspace","pid":11024,"durationMs":24}
[2026-09-28 11:37:26.540] [pid:12696] [main] [host-log] (local-1) [host] [2026-09-28 11:37:26.539] [pid:31632] [zcode-host] [rpc:call] onboarding-record.claimAnonymousRecord OK (0.2ms)
[Z1 child] [2026-09-28 11:37:26.540] [pid:31632] [zcode-host] [rpc:call] onboarding-record.getLatestEntry OK (0.8ms)
[2026-09-28 11:37:26.540] [pid:31632] [settingService] read result: {"recentProjects":[],"locale":"zh-CN","localePreference":"en-US","terminalInheritSystemProfile":true,"embeddedBrowserAllowInsecureCertificates":false,"embeddedBrowserViewportPreference":{"mode":"normal","viewport":{"width":393,"height":852},"zoom":"fit"},"computerUseComposerEntryHidden":true,"taskAutoArchiveEnabled":false,"taskAutoArchiveOlderThanDays":7,"closeToTrayOnWindows":false,"closeToTrayOnWindowsMigrationInitialized":true,"keepAwakeWhileRunning":false,"desktopChromiumHardwareAccelerationEnabled":true,"messageStreamShowReasoning":true,"messageStreamShowReasoningMigrationInitialized":true,"messageStreamShowTodos":false,"toolGroupingExploreEnabled":true,"toolGroupingTerminalEnabled":true,"toolGroupingChangesEnabled":false,"zcodeInteractionBehavior":"queue","askUserQuestionAutoResolutionEnabled":false,"modelIoFullRetentionEnabled":false,"startPlanRecommendationDismissed":false,"providerFamilyConnectionSelections":{},"providerFamilyDomain":"zai","providerFamilyDomainMigrated":true,"nativeSearchEnhancementsEnabled":true,"memoryEnabled":false,"lastWorkspaceSession":[],"lastActiveTabIndex":0,"receivePreviewUpdates":false,"autoDownloadAndInstallUpdates":false,"skippedElectronUpdateVersions":{}}
[2026-09-28 11:37:26.540] [pid:31632] [zcode-host] [rpc:call] setting.get OK (1.5ms)
[2026-09-28 11:37:26.541] [pid:12696] [main] [host-log] (local-1) [host] [2026-09-28 11:37:26.540] [pid:31632] [zcode-host] [rpc:call] onboarding-record.getLatestEntry OK (0.8ms)
[2026-09-28 11:37:26.542] [pid:12696] [main] [host-log] (local-1) [host] [2026-09-28 11:37:26.540] [pid:31632] [zcode-host] [rpc:call] setting.get OK (1.5ms)
[Z1 child] [2026-09-28 11:37:26.552] [pid:31632] [zcode-host] [rpc:call] onboarding-record.shouldOnboard OK (12.1ms)
[2026-09-28 11:37:26.552] [pid:12696] [main] [host-log] (local-1) [host] [2026-09-28 11:37:26.552] [pid:31632] [zcode-host] [rpc:call] onboarding-record.shouldOnboard OK (12.1ms)
[Z1 child] [2026-09-28 11:37:26.554] [pid:31632] [settingService] reading settings from: C:\Users\USER\Desktop\Personal\ZCode\.tmp\z1-native-1790566642265-7bfb99\home\.zcode\v2\setting.json
[Z1 child] [2026-09-28 11:37:26.556] [pid:31632] [settingService] read result: {"recentProjects":[],"locale":"zh-CN","localePreference":"en-US","terminalInheritSystemProfile":true,"embeddedBrowserAllowInsecureCertificates":false,"embeddedBrowserViewportPreference":{"mode":"normal","viewport":{"width":393,"height":852},"zoom":"fit"},"computerUseComposerEntryHidden":true,"taskAutoArchiveEnabled":false,"taskAutoArchiveOlderThanDays":7,"closeToTrayOnWindows":false,"closeToTrayOnWindowsMigrationInitialized":true,"keepAwakeWhileRunning":false,"desktopChromiumHardwareAccelerationEnabled":true,"messageStreamShowReasoning":true,"messageStreamShowReasoningMigrationInitialized":true,"messageStreamShowTodos":false,"toolGroupingExploreEnabled":true,"toolGroupingTerminalEnabled":true,"toolGroupingChangesEnabled":false,"zcodeInteractionBehavior":"queue","askUserQuestionAutoResolutionEnabled":false,"modelIoFullRetentionEnabled":false,"startPlanRecommendationDismissed":false,"providerFamilyConnectionSelections":{},"providerFamilyDomain":"zai","providerFamilyDomainMigrated":true,"nativeSearchEnhancementsEnabled":true,"memoryEnabled":false,"lastWorkspaceSession":[],"lastActiveTabIndex":0,"receivePreviewUpdates":false,"autoDownloadAndInstallUpdates":false,"skippedElectronUpdateVersions":{}}
[Z1 child] [2026-09-28 11:37:26.557] [pid:31632] [settingService] reading settings from: C:\Users\USER\Desktop\Personal\ZCode\.tmp\z1-native-1790566642265-7bfb99\home\.zcode\v2\setting.json
[2026-09-28 11:37:26.557] [pid:31632] [settingService] reading settings from: C:\Users\USER\Desktop\Personal\ZCode\.tmp\z1-native-1790566642265-7bfb99\home\.zcode\v2\setting.json
[Z1 child] [2026-09-28 11:37:26.558] [pid:31632] [settingService] read result: {"recentProjects":[],"locale":"zh-CN","localePreference":"en-US","terminalInheritSystemProfile":true,"embeddedBrowserAllowInsecureCertificates":false,"embeddedBrowserViewportPreference":{"mode":"normal","viewport":{"width":393,"height":852},"zoom":"fit"},"computerUseComposerEntryHidden":true,"taskAutoArchiveEnabled":false,"taskAutoArchiveOlderThanDays":7,"closeToTrayOnWindows":false,"closeToTrayOnWindowsMigrationInitialized":true,"keepAwakeWhileRunning":false,"desktopChromiumHardwareAccelerationEnabled":true,"messageStreamShowReasoning":true,"messageStreamShowReasoningMigrationInitialized":true,"messageStreamShowTodos":false,"toolGroupingExploreEnabled":true,"toolGroupingTerminalEnabled":true,"toolGroupingChangesEnabled":false,"zcodeInteractionBehavior":"queue","askUserQuestionAutoResolutionEnabled":false,"modelIoFullRetentionEnabled":false,"startPlanRecommendationDismissed":false,"providerFamilyConnectionSelections":{},"providerFamilyDomain":"zai","providerFamilyDomainMigrated":true,"nativeSearchEnhancementsEnabled":true,"memoryEnabled":false,"lastWorkspaceSession":[],"lastActiveTabIndex":0,"receivePreviewUpdates":false,"autoDownloadAndInstallUpdates":false,"skippedElectronUpdateVersions":{}}
[Z1 child] [2026-09-28 11:37:26.558] [pid:31632] [settingService] reading settings from: C:\Users\USER\Desktop\Personal\ZCode\.tmp\z1-native-1790566642265-7bfb99\home\.zcode\v2\setting.json
[2026-09-28 11:37:26.558] [pid:31632] [settingService] read result: {"recentProjects":[],"locale":"zh-CN","localePreference":"en-US","terminalInheritSystemProfile":true,"embeddedBrowserAllowInsecureCertificates":false,"embeddedBrowserViewportPreference":{"mode":"normal","viewport":{"width":393,"height":852},"zoom":"fit"},"computerUseComposerEntryHidden":true,"taskAutoArchiveEnabled":false,"taskAutoArchiveOlderThanDays":7,"closeToTrayOnWindows":false,"closeToTrayOnWindowsMigrationInitialized":true,"keepAwakeWhileRunning":false,"desktopChromiumHardwareAccelerationEnabled":true,"messageStreamShowReasoning":true,"messageStreamShowReasoningMigrationInitialized":true,"messageStreamShowTodos":false,"toolGroupingExploreEnabled":true,"toolGroupingTerminalEnabled":true,"toolGroupingChangesEnabled":false,"zcodeInteractionBehavior":"queue","askUserQuestionAutoResolutionEnabled":false,"modelIoFullRetentionEnabled":false,"startPlanRecommendationDismissed":false,"providerFamilyConnectionSelections":{},"providerFamilyDomain":"zai","providerFamilyDomainMigrated":true,"nativeSearchEnhancementsEnabled":true,"memoryEnabled":false,"lastWorkspaceSession":[],"lastActiveTabIndex":0,"receivePreviewUpdates":false,"autoDownloadAndInstallUpdates":false,"skippedElectronUpdateVersions":{}}
[Z1 child] [2026-09-28 11:37:26.558] [pid:31632] [node-api-client] zcode endpoint request headers prepared {
  headerKeys: [
    'http-referer',
    'user-agent',
    'x-client-language',
    'x-client-timezone',
    'x-device-mid',
    'x-os-category',
    'x-os-version',
    'x-platform',
    'x-release-channel',
    'x-request-id',
    'x-title',
    'x-zcode-app-version'
  ],
  method: 'GET',
  url: 'http://127.0.0.1:60626/api/v1/client/configs?app_version=3.14.0&platform=windows-x86_64'
}
[Z1 child] [2026-09-28 11:37:26.559] [pid:31632] [settingService] reading settings from: C:\Users\USER\Desktop\Personal\ZCode\.tmp\z1-native-1790566642265-7bfb99\home\.zcode\v2\setting.json
[Z1 child] [2026-09-28 11:37:26.560] [pid:31632] [settingService] read result: {"recentProjects":[],"locale":"zh-CN","localePreference":"en-US","terminalInheritSystemProfile":true,"embeddedBrowserAllowInsecureCertificates":false,"embeddedBrowserViewportPreference":{"mode":"normal","viewport":{"width":393,"height":852},"zoom":"fit"},"computerUseComposerEntryHidden":true,"taskAutoArchiveEnabled":false,"taskAutoArchiveOlderThanDays":7,"closeToTrayOnWindows":false,"closeToTrayOnWindowsMigrationInitialized":true,"keepAwakeWhileRunning":false,"desktopChromiumHardwareAccelerationEnabled":true,"messageStreamShowReasoning":true,"messageStreamShowReasoningMigrationInitialized":true,"messageStreamShowTodos":false,"toolGroupingExploreEnabled":true,"toolGroupingTerminalEnabled":true,"toolGroupingChangesEnabled":false,"zcodeInteractionBehavior":"queue","askUserQuestionAutoResolutionEnabled":false,"modelIoFullRetentionEnabled":false,"startPlanRecommendationDismissed":false,"providerFamilyConnectionSelections":{},"providerFamilyDomain":"zai","providerFamilyDomainMigrated":true,"nativeSearchEnhancementsEnabled":true,"memoryEnabled":false,"lastWorkspaceSession":[],"lastActiveTabIndex":0,"receivePreviewUpdates":false,"autoDownloadAndInstallUpdates":false,"skippedElectronUpdateVersions":{}}
[Z1 child] [2026-09-28 11:37:26.560] [pid:31632] [settingService] read result: {"recentProjects":[],"locale":"zh-CN","localePreference":"en-US","terminalInheritSystemProfile":true,"embeddedBrowserAllowInsecureCertificates":false,"embeddedBrowserViewportPreference":{"mode":"normal","viewport":{"width":393,"height":852},"zoom":"fit"},"computerUseComposerEntryHidden":true,"taskAutoArchiveEnabled":false,"taskAutoArchiveOlderThanDays":7,"closeToTrayOnWindows":false,"closeToTrayOnWindowsMigrationInitialized":true,"keepAwakeWhileRunning":false,"desktopChromiumHardwareAccelerationEnabled":true,"messageStreamShowReasoning":true,"messageStreamShowReasoningMigrationInitialized":true,"messageStreamShowTodos":false,"toolGroupingExploreEnabled":true,"toolGroupingTerminalEnabled":true,"toolGroupingChangesEnabled":false,"zcodeInteractionBehavior":"queue","askUserQuestionAutoResolutionEnabled":false,"modelIoFullRetentionEnabled":false,"startPlanRecommendationDismissed":false,"providerFamilyConnectionSelections":{},"providerFamilyDomain":"zai","providerFamilyDomainMigrated":true,"nativeSearchEnhancementsEnabled":true,"memoryEnabled":false,"lastWorkspaceSession":[],"lastActiveTabIndex":0,"receivePreviewUpdates":false,"autoDownloadAndInstallUpdates":false,"skippedElectronUpdateVersions":{}}
[Z1 child] [2026-09-28 11:37:26.574] [pid:31632] [settingService] reading settings from: C:\Users\USER\Desktop\Personal\ZCode\.tmp\z1-native-1790566642265-7bfb99\home\.zcode\v2\setting.json
[Z1 child] [2026-09-28 11:37:26.576] [pid:31632] [settingService] read result: {"recentProjects":[],"locale":"zh-CN","localePreference":"en-US","terminalInheritSystemProfile":true,"embeddedBrowserAllowInsecureCertificates":false,"embeddedBrowserViewportPreference":{"mode":"normal","viewport":{"width":393,"height":852},"zoom":"fit"},"computerUseComposerEntryHidden":true,"taskAutoArchiveEnabled":false,"taskAutoArchiveOlderThanDays":7,"closeToTrayOnWindows":false,"closeToTrayOnWindowsMigrationInitialized":true,"keepAwakeWhileRunning":false,"desktopChromiumHardwareAccelerationEnabled":true,"messageStreamShowReasoning":true,"messageStreamShowReasoningMigrationInitialized":true,"messageStreamShowTodos":false,"toolGroupingExploreEnabled":true,"toolGroupingTerminalEnabled":true,"toolGroupingChangesEnabled":false,"zcodeInteractionBehavior":"queue","askUserQuestionAutoResolutionEnabled":false,"modelIoFullRetentionEnabled":false,"startPlanRecommendationDismissed":false,"providerFamilyConnectionSelections":{},"providerFamilyDomain":"zai","providerFamilyDomainMigrated":true,"nativeSearchEnhancementsEnabled":true,"memoryEnabled":false,"lastWorkspaceSession":[],"lastActiveTabIndex":0,"receivePreviewUpdates":false,"autoDownloadAndInstallUpdates":false,"skippedElectronUpdateVersions":{}}
[Z1 child] [2026-09-28 11:37:26.577] [pid:31632] [provider-config] ZCode Built-in 刷新检查 { result: 'missing' }
[Z1 child] [2026-09-28 11:37:26.587] [pid:31632] [settingService] reading settings from: C:\Users\USER\Desktop\Personal\ZCode\.tmp\z1-native-1790566642265-7bfb99\home\.zcode\v2\setting.json
[Z1 child] [2026-09-28 11:37:26.588] [pid:31632] [settingService] read result: {"recentProjects":[],"locale":"zh-CN","localePreference":"en-US","terminalInheritSystemProfile":true,"embeddedBrowserAllowInsecureCertificates":false,"embeddedBrowserViewportPreference":{"mode":"normal","viewport":{"width":393,"height":852},"zoom":"fit"},"computerUseComposerEntryHidden":true,"taskAutoArchiveEnabled":false,"taskAutoArchiveOlderThanDays":7,"closeToTrayOnWindows":false,"closeToTrayOnWindowsMigrationInitialized":true,"keepAwakeWhileRunning":false,"desktopChromiumHardwareAccelerationEnabled":true,"messageStreamShowReasoning":true,"messageStreamShowReasoningMigrationInitialized":true,"messageStreamShowTodos":false,"toolGroupingExploreEnabled":true,"toolGroupingTerminalEnabled":true,"toolGroupingChangesEnabled":false,"zcodeInteractionBehavior":"queue","askUserQuestionAutoResolutionEnabled":false,"modelIoFullRetentionEnabled":false,"startPlanRecommendationDismissed":false,"providerFamilyConnectionSelections":{},"providerFamilyDomain":"zai","providerFamilyDomainMigrated":true,"nativeSearchEnhancementsEnabled":true,"memoryEnabled":false,"lastWorkspaceSession":[],"lastActiveTabIndex":0,"receivePreviewUpdates":false,"autoDownloadAndInstallUpdates":false,"skippedElectronUpdateVersions":{}}
[Z1 child] [2026-09-28 11:37:26.588] [pid:31632] [settingService] reading settings from: C:\Users\USER\Desktop\Personal\ZCode\.tmp\z1-native-1790566642265-7bfb99\home\.zcode\v2\setting.json
[Z1 child] [2026-09-28 11:37:26.589] [pid:31632] [settingService] read result: {"recentProjects":[],"locale":"zh-CN","localePreference":"en-US","terminalInheritSystemProfile":true,"embeddedBrowserAllowInsecureCertificates":false,"embeddedBrowserViewportPreference":{"mode":"normal","viewport":{"width":393,"height":852},"zoom":"fit"},"computerUseComposerEntryHidden":true,"taskAutoArchiveEnabled":false,"taskAutoArchiveOlderThanDays":7,"closeToTrayOnWindows":false,"closeToTrayOnWindowsMigrationInitialized":true,"keepAwakeWhileRunning":false,"desktopChromiumHardwareAccelerationEnabled":true,"messageStreamShowReasoning":true,"messageStreamShowReasoningMigrationInitialized":true,"messageStreamShowTodos":false,"toolGroupingExploreEnabled":true,"toolGroupingTerminalEnabled":true,"toolGroupingChangesEnabled":false,"zcodeInteractionBehavior":"queue","askUserQuestionAutoResolutionEnabled":false,"modelIoFullRetentionEnabled":false,"startPlanRecommendationDismissed":false,"providerFamilyConnectionSelections":{},"providerFamilyDomain":"zai","providerFamilyDomainMigrated":true,"nativeSearchEnhancementsEnabled":true,"memoryEnabled":false,"lastWorkspaceSession":[],"lastActiveTabIndex":0,"receivePreviewUpdates":false,"autoDownloadAndInstallUpdates":false,"skippedElectronUpdateVersions":{}}
[Z1 child] [2026-09-28 11:37:26.589] [pid:31632] [settingService] reading settings from: C:\Users\USER\Desktop\Personal\ZCode\.tmp\z1-native-1790566642265-7bfb99\home\.zcode\v2\setting.json
[Z1 child] [2026-09-28 11:37:26.589] [pid:31632] [settingService] read result: {"recentProjects":[],"locale":"zh-CN","localePreference":"en-US","terminalInheritSystemProfile":true,"embeddedBrowserAllowInsecureCertificates":false,"embeddedBrowserViewportPreference":{"mode":"normal","viewport":{"width":393,"height":852},"zoom":"fit"},"computerUseComposerEntryHidden":true,"taskAutoArchiveEnabled":false,"taskAutoArchiveOlderThanDays":7,"closeToTrayOnWindows":false,"closeToTrayOnWindowsMigrationInitialized":true,"keepAwakeWhileRunning":false,"desktopChromiumHardwareAccelerationEnabled":true,"messageStreamShowReasoning":true,"messageStreamShowReasoningMigrationInitialized":true,"messageStreamShowTodos":false,"toolGroupingExploreEnabled":true,"toolGroupingTerminalEnabled":true,"toolGroupingChangesEnabled":false,"zcodeInteractionBehavior":"queue","askUserQuestionAutoResolutionEnabled":false,"modelIoFullRetentionEnabled":false,"startPlanRecommendationDismissed":false,"providerFamilyConnectionSelections":{},"providerFamilyDomain":"zai","providerFamilyDomainMigrated":true,"nativeSearchEnhancementsEnabled":true,"memoryEnabled":false,"lastWorkspaceSession":[],"lastActiveTabIndex":0,"receivePreviewUpdates":false,"autoDownloadAndInstallUpdates":false,"skippedElectronUpdateVersions":{}}
[Z1 child] [2026-09-28 11:37:26.601] [pid:31632] [settingService] reading settings from: C:\Users\USER\Desktop\Personal\ZCode\.tmp\z1-native-1790566642265-7bfb99\home\.zcode\v2\setting.json
[Z1 child] [2026-09-28 11:37:26.601] [pid:31632] [settingService] read result: {"recentProjects":[],"locale":"zh-CN","localePreference":"en-US","terminalInheritSystemProfile":true,"embeddedBrowserAllowInsecureCertificates":false,"embeddedBrowserViewportPreference":{"mode":"normal","viewport":{"width":393,"height":852},"zoom":"fit"},"computerUseComposerEntryHidden":true,"taskAutoArchiveEnabled":false,"taskAutoArchiveOlderThanDays":7,"closeToTrayOnWindows":false,"closeToTrayOnWindowsMigrationInitialized":true,"keepAwakeWhileRunning":false,"desktopChromiumHardwareAccelerationEnabled":true,"messageStreamShowReasoning":true,"messageStreamShowReasoningMigrationInitialized":true,"messageStreamShowTodos":false,"toolGroupingExploreEnabled":true,"toolGroupingTerminalEnabled":true,"toolGroupingChangesEnabled":false,"zcodeInteractionBehavior":"queue","askUserQuestionAutoResolutionEnabled":false,"modelIoFullRetentionEnabled":false,"startPlanRecommendationDismissed":false,"providerFamilyConnectionSelections":{},"providerFamilyDomain":"zai","providerFamilyDomainMigrated":true,"nativeSearchEnhancementsEnabled":true,"memoryEnabled":false,"lastWorkspaceSession":[],"lastActiveTabIndex":0,"receivePreviewUpdates":false,"autoDownloadAndInstallUpdates":false,"skippedElectronUpdateVersions":{}}
[Z1 child] [2026-09-28 11:37:26.612] [pid:31632] [settingService] reading settings from: C:\Users\USER\Desktop\Personal\ZCode\.tmp\z1-native-1790566642265-7bfb99\home\.zcode\v2\setting.json
[Z1 child] [2026-09-28 11:37:26.612] [pid:31632] [settingService] read result: {"recentProjects":[],"locale":"zh-CN","localePreference":"en-US","terminalInheritSystemProfile":true,"embeddedBrowserAllowInsecureCertificates":false,"embeddedBrowserViewportPreference":{"mode":"normal","viewport":{"width":393,"height":852},"zoom":"fit"},"computerUseComposerEntryHidden":true,"taskAutoArchiveEnabled":false,"taskAutoArchiveOlderThanDays":7,"closeToTrayOnWindows":false,"closeToTrayOnWindowsMigrationInitialized":true,"keepAwakeWhileRunning":false,"desktopChromiumHardwareAccelerationEnabled":true,"messageStreamShowReasoning":true,"messageStreamShowReasoningMigrationInitialized":true,"messageStreamShowTodos":false,"toolGroupingExploreEnabled":true,"toolGroupingTerminalEnabled":true,"toolGroupingChangesEnabled":false,"zcodeInteractionBehavior":"queue","askUserQuestionAutoResolutionEnabled":false,"modelIoFullRetentionEnabled":false,"startPlanRecommendationDismissed":false,"providerFamilyConnectionSelections":{},"providerFamilyDomain":"zai","providerFamilyDomainMigrated":true,"nativeSearchEnhancementsEnabled":true,"memoryEnabled":false,"lastWorkspaceSession":[],"lastActiveTabIndex":0,"receivePreviewUpdates":false,"autoDownloadAndInstallUpdates":false,"skippedElectronUpdateVersions":{}}
[Z1 child] [2026-09-28 11:37:26.622] [pid:31632] [zcode-host] [rpc:call] provider-settings.refresh OK (231.3ms)
[2026-09-28 11:37:26.622] [pid:31632] [zcode-host] [rpc:call] provider-settings.refresh OK (182.6ms)
[2026-09-28 11:37:26.622] [pid:12696] [main] [host-log] (local-1) [host] [2026-09-28 11:37:26.622] [pid:31632] [zcode-host] [rpc:call] provider-settings.refresh OK (231.3ms)
[2026-09-28 11:37:26.623] [pid:12696] [main] [host-log] (local-1) [host] [2026-09-28 11:37:26.622] [pid:31632] [zcode-host] [rpc:call] provider-settings.refresh OK (182.6ms)
[Z1 child] (node:18240) ExperimentalWarning: SQLite is an experimental feature and might change at any time
(Use `electron --trace-warnings ...` to show where the warning was created)
[2026-09-28 11:37:26.719] [pid:12696] [main] [cron-scheduler] cron scheduler started
[Z1 child] [2026-09-28 11:37:26.737] [pid:31632] [zcode-host] [rpc:call] onboarding-record.dismissOnboarding OK (5.2ms)
[2026-09-28 11:37:26.737] [pid:12696] [main] [host-log] (local-1) [host] [2026-09-28 11:37:26.737] [pid:31632] [zcode-host] [rpc:call] onboarding-record.dismissOnboarding OK (5.2ms)
[2026-09-28 11:37:26.760] [pid:12696] [renderer] v4 conversation frame upstream attached {
  workspaceKey: 'C:\\Users\\USER\\Desktop\\Personal\\ZCode\\.tmp\\z1-native-1790566642265-7bfb99\\workspace',
  workspacePath: 'C:\\Users\\USER\\Desktop\\Personal\\ZCode\\.tmp\\z1-native-1790566642265-7bfb99\\workspace',
  event: 'v4.conversation.frames.upstream_attached',
  listenerCount: 1,
  module: 'ui.v4.conversation_transport',
  runtimeGeneration: 0,
  status: 'completed'
}
[2026-09-28 11:37:26.761] [pid:12696] [renderer] v4 workspace connection created {
  event: 'v4.workspace_connection.created',
  isRemote: false,
  key: '__base__ C:\\Users\\USER\\Desktop\\Personal\\ZCode\\.tmp\\z1-native-1790566642265-7bfb99\\workspace',
  module: 'ui.v4.workspace_connection_registry',
  refCount: 1,
  serviceGeneration: 1,
  status: 'completed'
}
[Z1 child] [2026-09-28 11:37:26.760] [pid:31632] [zcode-host] [rpc:listen] zcode-agent.onDynamicLocalTtftFacts subscribed
[2026-09-28 11:37:26.760] [pid:31632] [zcode-host] [rpc:listen] zcode-agent.onDynamicConversationFrame subscribed
[2026-09-28 11:37:26.762] [pid:12696] [main] [host-log] (local-1) [host] [2026-09-28 11:37:26.760] [pid:31632] [zcode-host] [rpc:listen] zcode-agent.onDynamicLocalTtftFacts subscribed
[2026-09-28 11:37:26.763] [pid:12696] [main] [host-log] (local-1) [host] [2026-09-28 11:37:26.760] [pid:31632] [zcode-host] [rpc:listen] zcode-agent.onDynamicConversationFrame subscribed
[Z1 child] [2026-09-28 11:37:26.799] [pid:31632] [settingService] reading settings from: C:\Users\USER\Desktop\Personal\ZCode\.tmp\z1-native-1790566642265-7bfb99\home\.zcode\v2\setting.json
[Z1 child] [2026-09-28 11:37:26.800] [pid:31632] [settingService] read result: {"recentProjects":[],"locale":"zh-CN","localePreference":"en-US","terminalInheritSystemProfile":true,"embeddedBrowserAllowInsecureCertificates":false,"embeddedBrowserViewportPreference":{"mode":"normal","viewport":{"width":393,"height":852},"zoom":"fit"},"computerUseComposerEntryHidden":true,"taskAutoArchiveEnabled":false,"taskAutoArchiveOlderThanDays":7,"closeToTrayOnWindows":false,"closeToTrayOnWindowsMigrationInitialized":true,"keepAwakeWhileRunning":false,"desktopChromiumHardwareAccelerationEnabled":true,"messageStreamShowReasoning":true,"messageStreamShowReasoningMigrationInitialized":true,"messageStreamShowTodos":false,"toolGroupingExploreEnabled":true,"toolGroupingTerminalEnabled":true,"toolGroupingChangesEnabled":false,"zcodeInteractionBehavior":"queue","askUserQuestionAutoResolutionEnabled":false,"modelIoFullRetentionEnabled":false,"startPlanRecommendationDismissed":false,"providerFamilyConnectionSelections":{},"providerFamilyDomain":"zai","providerFamilyDomainMigrated":true,"nativeSearchEnhancementsEnabled":true,"memoryEnabled":false,"lastWorkspaceSession":[],"lastActiveTabIndex":0,"receivePreviewUpdates":false,"autoDownloadAndInstallUpdates":false,"skippedElectronUpdateVersions":{}}
[Z1 child] [2026-09-28 11:37:26.800] [pid:31632] [node-api-client] zcode endpoint request headers prepared {
  headerKeys: [
    'http-referer',
    'user-agent',
    'x-client-language',
    'x-client-timezone',
    'x-device-mid',
    'x-os-category',
    'x-os-version',
    'x-platform',
    'x-release-channel',
    'x-request-id',
    'x-title',
    'x-zcode-app-version'
  ],
  method: 'GET',
  url: 'http://127.0.0.1:60626/api/v1/client/scenes'
}
[Z1 child] [2026-09-28 11:37:26.801] [pid:31632] [zcode-host] [rpc:call] client-scenes.list OK (2.0ms)
[2026-09-28 11:37:26.801] [pid:12696] [main] [host-log] (local-1) [host] [2026-09-28 11:37:26.801] [pid:31632] [zcode-host] [rpc:call] client-scenes.list OK (2.0ms)
[2026-09-28 11:37:26.802] [pid:12696] [main] [host-log] (local-1) [host] [2026-09-28 11:37:26.802] [pid:31632] [zcode-host] [rpc:listen] window-controller.onDynamicControllerFrame subscribed
[2026-09-28 11:37:26.802] [pid:12696] [main] [host-log] (local-1) [host] [2026-09-28 11:37:26.802] [pid:31632] [zcode-host] [rpc:call] window-controller.subscribeControllerV4 OK (0.2ms)
[2026-09-28 11:37:26.803] [pid:12696] [main] [host-log] (local-1) [host] [2026-09-28 11:37:26.802] [pid:31632] [zcode-host] [rpc:call] window-controller.subscribeControllerV4 OK (0.1ms)
[Z1 child] [2026-09-28 11:37:26.802] [pid:31632] [zcode-host] [rpc:listen] window-controller.onDynamicControllerFrame subscribed
[2026-09-28 11:37:26.802] [pid:31632] [zcode-host] [rpc:call] window-controller.subscribeControllerV4 OK (0.2ms)
[2026-09-28 11:37:26.802] [pid:31632] [zcode-host] [rpc:call] window-controller.subscribeControllerV4 OK (0.1ms)
[2026-09-28 11:37:26.802] [pid:31632] [settingService] reading settings from: C:\Users\USER\Desktop\Personal\ZCode\.tmp\z1-native-1790566642265-7bfb99\home\.zcode\v2\setting.json
[2026-09-28 11:37:26.804] [pid:31632] [zcode-host] [rpc:call] window-controller.listTaskList OK (0.1ms)
[2026-09-28 11:37:26.804] [pid:12696] [main] [host-log] (local-1) [host] [2026-09-28 11:37:26.804] [pid:31632] [zcode-host] [rpc:call] window-controller.listTaskList OK (0.1ms)
[Z1 child] [2026-09-28 11:37:26.804] [pid:31632] [zcode-host] [rpc:listen] zcode-agent.onDynamicSessionsIndexFrame subscribed
[2026-09-28 11:37:26.804] [pid:31632] [zcode-host] [rpc:listen] zcode-agent.onAgentRuntimeLifecycle subscribed
[2026-09-28 11:37:26.805] [pid:31632] [zcode-host] [rpc:call] zcode-agent.helloConversationV4 OK (0.1ms)
[2026-09-28 11:37:26.805] [pid:31632] [zcode-host] [rpc:call] zcode-task.listPinnedTaskIds OK (0.2ms)
[2026-09-28 11:37:26.805] [pid:31632] [zcode-host] [rpc:call] zcode-task.listArchivedTasks OK (0.1ms)
[2026-09-28 11:37:26.805] [pid:12696] [main] [host-log] (local-1) [host] [2026-09-28 11:37:26.804] [pid:31632] [zcode-host] [rpc:listen] zcode-agent.onDynamicSessionsIndexFrame subscribed
[2026-09-28 11:37:26.806] [pid:12696] [main] [host-log] (local-1) [host] [2026-09-28 11:37:26.804] [pid:31632] [zcode-host] [rpc:listen] zcode-agent.onAgentRuntimeLifecycle subscribed
[2026-09-28 11:37:26.807] [pid:12696] [main] [host-log] (local-1) [host] [2026-09-28 11:37:26.805] [pid:31632] [zcode-host] [rpc:call] zcode-agent.helloConversationV4 OK (0.1ms)
[2026-09-28 11:37:26.807] [pid:12696] [main] [host-log] (local-1) [host] [2026-09-28 11:37:26.805] [pid:31632] [zcode-host] [rpc:call] zcode-task.listPinnedTaskIds OK (0.2ms)
[2026-09-28 11:37:26.808] [pid:12696] [main] [host-log] (local-1) [host] [2026-09-28 11:37:26.805] [pid:31632] [zcode-host] [rpc:call] zcode-task.listArchivedTasks OK (0.1ms)
[2026-09-28 11:37:26.809] [pid:12696] [main] [host-log] (local-1) [host] [2026-09-28 11:37:26.805] [pid:31632] [zcode-host] [rpc:call] zcode-task.listTasks OK (0.1ms)
[2026-09-28 11:37:26.810] [pid:12696] [main] [host-log] (local-1) [host] [2026-09-28 11:37:26.805] [pid:31632] [zcode-host] [rpc:call] zcode-task.listPinnedTasks OK (0.1ms)
[2026-09-28 11:37:26.810] [pid:12696] [main] [host-log] (local-1) [host] [2026-09-28 11:37:26.806] [pid:31632] [zcode-host] [rpc:call] zcode-task.listDeletedTaskIds OK (0.1ms)
[2026-09-28 11:37:26.811] [pid:12696] [main] [host-log] (local-1) [host] [2026-09-28 11:37:26.806] [pid:31632] [zcode-host] [rpc:listen] zcode-task.onDynamicWorkspaceEvent subscribed
[2026-09-28 11:37:26.812] [pid:12696] [main] [host-log] (local-1) [host] [2026-09-28 11:37:26.806] [pid:31632] [zcode-host] [rpc:call] setting.get OK (4.1ms)
[Z1 child] [2026-09-28 11:37:26.805] [pid:31632] [zcode-host] [rpc:call] zcode-task.listTasks OK (0.1ms)
[2026-09-28 11:37:26.805] [pid:31632] [zcode-host] [rpc:call] zcode-task.listPinnedTasks OK (0.1ms)
[2026-09-28 11:37:26.806] [pid:31632] [zcode-host] [rpc:call] zcode-task.listDeletedTaskIds OK (0.1ms)
[2026-09-28 11:37:26.806] [pid:31632] [zcode-host] [rpc:listen] zcode-task.onDynamicWorkspaceEvent subscribed
[2026-09-28 11:37:26.806] [pid:31632] [settingService] read result: {"recentProjects":[],"locale":"zh-CN","localePreference":"en-US","terminalInheritSystemProfile":true,"embeddedBrowserAllowInsecureCertificates":false,"embeddedBrowserViewportPreference":{"mode":"normal","viewport":{"width":393,"height":852},"zoom":"fit"},"computerUseComposerEntryHidden":true,"taskAutoArchiveEnabled":false,"taskAutoArchiveOlderThanDays":7,"closeToTrayOnWindows":false,"closeToTrayOnWindowsMigrationInitialized":true,"keepAwakeWhileRunning":false,"desktopChromiumHardwareAccelerationEnabled":true,"messageStreamShowReasoning":true,"messageStreamShowReasoningMigrationInitialized":true,"messageStreamShowTodos":false,"toolGroupingExploreEnabled":true,"toolGroupingTerminalEnabled":true,"toolGroupingChangesEnabled":false,"zcodeInteractionBehavior":"queue","askUserQuestionAutoResolutionEnabled":false,"modelIoFullRetentionEnabled":false,"startPlanRecommendationDismissed":false,"providerFamilyConnectionSelections":{},"providerFamilyDomain":"zai","providerFamilyDomainMigrated":true,"nativeSearchEnhancementsEnabled":true,"memoryEnabled":false,"lastWorkspaceSession":[],"lastActiveTabIndex":0,"receivePreviewUpdates":false,"autoDownloadAndInstallUpdates":false,"skippedElectronUpdateVersions":{}}
[2026-09-28 11:37:26.806] [pid:31632] [zcode-host] [rpc:call] setting.get OK (4.1ms)
[2026-09-28 11:37:26.808] [pid:31632] [zcode-host] [rpc:listen] zcode-agent.onAgentRuntimeLifecycle subscribed
[2026-09-28 11:37:26.810] [pid:31632] [zcode-host] [rpc:call] system.info OK (0.0ms)
[2026-09-28 11:37:26.810] [pid:31632] [zcode-host] [rpc:call] subagents.list OK (2.9ms)
[2026-09-28 11:37:26.810] [pid:31632] [zcode-host] [rpc:listen] model-selection.onDidChange subscribed
[2026-09-28 11:37:26.810] [pid:31632] [zcode-host] [rpc:listen] model-selection.onDidChange subscribed
[2026-09-28 11:37:26.811] [pid:31632] [zcode-host] [rpc:call] model-selection.getView OK (0.6ms)
[2026-09-28 11:37:26.811] [pid:31632] [zcode-host] [rpc:call] model-selection.getView OK (0.8ms)
[2026-09-28 11:37:26.811] [pid:31632] [zcode-host] [rpc:listen] zcode-agent.onDynamicConversationTelemetryFact subscribed
[2026-09-28 11:37:26.813] [pid:12696] [main] [host-log] (local-1) [host] [2026-09-28 11:37:26.808] [pid:31632] [zcode-host] [rpc:listen] zcode-agent.onAgentRuntimeLifecycle subscribed
[2026-09-28 11:37:26.813] [pid:12696] [main] [host-log] (local-1) [host] [2026-09-28 11:37:26.810] [pid:31632] [zcode-host] [rpc:call] system.info OK (0.0ms)
[2026-09-28 11:37:26.814] [pid:12696] [main] [host-log] (local-1) [host] [2026-09-28 11:37:26.810] [pid:31632] [zcode-host] [rpc:call] subagents.list OK (2.9ms)
[2026-09-28 11:37:26.815] [pid:12696] [main] [host-log] (local-1) [host] [2026-09-28 11:37:26.810] [pid:31632] [zcode-host] [rpc:listen] model-selection.onDidChange subscribed
[2026-09-28 11:37:26.816] [pid:12696] [main] [host-log] (local-1) [host] [2026-09-28 11:37:26.810] [pid:31632] [zcode-host] [rpc:listen] model-selection.onDidChange subscribed
[2026-09-28 11:37:26.816] [pid:12696] [main] [host-log] (local-1) [host] [2026-09-28 11:37:26.811] [pid:31632] [zcode-host] [rpc:call] model-selection.getView OK (0.6ms)
[2026-09-28 11:37:26.817] [pid:12696] [main] [host-log] (local-1) [host] [2026-09-28 11:37:26.811] [pid:31632] [zcode-host] [rpc:call] model-selection.getView OK (0.8ms)
[2026-09-28 11:37:26.818] [pid:12696] [main] [host-log] (local-1) [host] [2026-09-28 11:37:26.811] [pid:31632] [zcode-host] [rpc:listen] zcode-agent.onDynamicConversationTelemetryFact subscribed
[Z1 child] [2026-09-28 11:37:26.813] [pid:31632] [zcode-host] [rpc:call] off-peak-task.list OK (0.3ms)
[2026-09-28 11:37:26.819] [pid:12696] [main] [host-log] (local-1) [host] [2026-09-28 11:37:26.813] [pid:31632] [zcode-host] [rpc:call] off-peak-task.list OK (0.3ms)
[2026-09-28 11:37:26.825] [pid:12696] [main] [host-log] (local-1) [host] [2026-09-28 11:37:26.823] [pid:31632] [zcode-host] [rpc:call] settings-sync.getFirstRunPromptState OK (0.6ms)
[Z1 child] [2026-09-28 11:37:26.823] [pid:31632] [settingService] reading settings from: C:\Users\USER\Desktop\Personal\ZCode\.tmp\z1-native-1790566642265-7bfb99\home\.zcode\v2\setting.json
[2026-09-28 11:37:26.823] [pid:31632] [settingService] read result: {"recentProjects":[],"locale":"zh-CN","localePreference":"en-US","terminalInheritSystemProfile":true,"embeddedBrowserAllowInsecureCertificates":false,"embeddedBrowserViewportPreference":{"mode":"normal","viewport":{"width":393,"height":852},"zoom":"fit"},"computerUseComposerEntryHidden":true,"taskAutoArchiveEnabled":false,"taskAutoArchiveOlderThanDays":7,"closeToTrayOnWindows":false,"closeToTrayOnWindowsMigrationInitialized":true,"keepAwakeWhileRunning":false,"desktopChromiumHardwareAccelerationEnabled":true,"messageStreamShowReasoning":true,"messageStreamShowReasoningMigrationInitialized":true,"messageStreamShowTodos":false,"toolGroupingExploreEnabled":true,"toolGroupingTerminalEnabled":true,"toolGroupingChangesEnabled":false,"zcodeInteractionBehavior":"queue","askUserQuestionAutoResolutionEnabled":false,"modelIoFullRetentionEnabled":false,"startPlanRecommendationDismissed":false,"providerFamilyConnectionSelections":{},"providerFamilyDomain":"zai","providerFamilyDomainMigrated":true,"nativeSearchEnhancementsEnabled":true,"memoryEnabled":false,"lastWorkspaceSession":[],"lastActiveTabIndex":0,"receivePreviewUpdates":false,"autoDownloadAndInstallUpdates":false,"skippedElectronUpdateVersions":{}}
[2026-09-28 11:37:26.823] [pid:31632] [zcode-host] [rpc:call] settings-sync.getFirstRunPromptState OK (0.6ms)
[2026-09-28 11:37:26.832] [pid:12696] [main] [community] failed to fetch remote config: ZodError: [
  {
    "expected": "object",
    "code": "invalid_type",
    "path": [
      "data",
      "configs",
      "feedbackUrl"
    ],
    "message": "Invalid input: expected object, received undefined"
  }
]
    at file:///C:/Users/USER/Desktop/Personal/ZCode/packages/desktop/out/main/chunk-CUCX7L4D.js:64:122510
    at process.processTicksAndRejections (node:internal/process/task_queues:104:5)
    at async file:///C:/Users/USER/Desktop/Personal/ZCode/packages/desktop/out/main/chunk-CUCX7L4D.js:64:122616
    at async resolveCommunityUrl (file:///C:/Users/USER/Desktop/Personal/ZCode/packages/desktop/out/main/index.js:606:21172)
    at async file:///C:/Users/USER/Desktop/Personal/ZCode/packages/desktop/out/main/index.js:1337:10297
    at async Session.<anonymous> (node:electron/js2c/browser_init:2:116791)
[Z1 child] [2026-09-28 11:37:26.844] [pid:31632] [settingService] reading settings from: C:\Users\USER\Desktop\Personal\ZCode\.tmp\z1-native-1790566642265-7bfb99\home\.zcode\v2\setting.json
[Z1 child] [2026-09-28 11:37:26.844] [pid:31632] [settingService] read result: {"recentProjects":[],"locale":"zh-CN","localePreference":"en-US","terminalInheritSystemProfile":true,"embeddedBrowserAllowInsecureCertificates":false,"embeddedBrowserViewportPreference":{"mode":"normal","viewport":{"width":393,"height":852},"zoom":"fit"},"computerUseComposerEntryHidden":true,"taskAutoArchiveEnabled":false,"taskAutoArchiveOlderThanDays":7,"closeToTrayOnWindows":false,"closeToTrayOnWindowsMigrationInitialized":true,"keepAwakeWhileRunning":false,"desktopChromiumHardwareAccelerationEnabled":true,"messageStreamShowReasoning":true,"messageStreamShowReasoningMigrationInitialized":true,"messageStreamShowTodos":false,"toolGroupingExploreEnabled":true,"toolGroupingTerminalEnabled":true,"toolGroupingChangesEnabled":false,"zcodeInteractionBehavior":"queue","askUserQuestionAutoResolutionEnabled":false,"modelIoFullRetentionEnabled":false,"startPlanRecommendationDismissed":false,"providerFamilyConnectionSelections":{},"providerFamilyDomain":"zai","providerFamilyDomainMigrated":true,"nativeSearchEnhancementsEnabled":true,"memoryEnabled":false,"lastWorkspaceSession":[],"lastActiveTabIndex":0,"receivePreviewUpdates":false,"autoDownloadAndInstallUpdates":false,"skippedElectronUpdateVersions":{}}
[2026-09-28 11:37:26.844] [pid:31632] [settingService] writing settings to: C:\Users\USER\Desktop\Personal\ZCode\.tmp\z1-native-1790566642265-7bfb99\home\.zcode\v2\setting.json {"recentProjects":[],"locale":"zh-CN","localePreference":"en-US","terminalInheritSystemProfile":true,"embeddedBrowserAllowInsecureCertificates":false,"embeddedBrowserViewportPreference":{"mode":"normal","viewport":{"width":393,"height":852},"zoom":"fit"},"computerUseComposerEntryHidden":true,"taskAutoArchiveEnabled":false,"taskAutoArchiveOlderThanDays":7,"closeToTrayOnWindows":false,"closeToTrayOnWindowsMigrationInitialized":true,"keepAwakeWhileRunning":false,"desktopChromiumHardwareAccelerationEnabled":true,"messageStreamShowReasoning":true,"messageStreamShowReasoningMigrationInitialized":true,"messageStreamShowTodos":false,"toolGroupingExploreEnabled":true,"toolGroupingTerminalEnabled":true,"toolGroupingChangesEnabled":false,"zcodeInteractionBehavior":"queue","askUserQuestionAutoResolutionEnabled":false,"modelIoFullRetentionEnabled":false,"startPlanRecommendationDismissed":false,"providerFamilyConnectionSelections":{},"providerFamilyDomain":"zai","providerFamilyDomainMigrated":true,"nativeSearchEnhancementsEnabled":true,"memoryEnabled":false,"lastWorkspaceSession":[{"kind":"local","workspacePath":"C:\\Users\\USER\\Desktop\\Personal\\ZCode\\.tmp\\z1-native-1790566642265-7bfb99\\workspace","workspacePurpose":"project"},{"kind":"local","workspacePath":"C:\\Users\\USER\\Desktop\\Personal\\ZCode\\.tmp\\z1-native-1790566642265-7bfb99\\data\\.zcode\\workspace\\default","workspacePurpose":"conversation"}],"lastActiveTabIndex":0,"receivePreviewUpdates":false,"autoDownloadAndInstallUpdates":false,"skippedElectronUpdateVersions":{}}
[2026-09-28 11:37:26.845] [pid:12696] [main] [host-log] (local-1) [host] [2026-09-28 11:37:26.844] [pid:31632] [settingService] writing settings to: C:\Users\USER\Desktop\Personal\ZCode\.tmp\z1-native-1790566642265-7bfb99\home\.zcode\v2\setting.json {"recentProjects":[],"locale":"zh-CN","localePreference":"en-US","terminalInheritSystemProfile":true,"embeddedBrowserAllowInsecureCertificates":false,"embeddedBrowserViewportPreference":{"mode":"normal","viewport":{"width":393,"height":852},"zoom":"fit"},"computerUseComposerEntryHidden":true,"taskAutoArchiveEnabled":false,"taskAutoArchiveOlderThanDays":7,"closeToTrayOnWindows":false,"closeToTrayOnWindowsMigrationInitialized":true,"keepAwakeWhileRunning":false,"desktopChromiumHardwareAccelerationEnabled":true,"messageStreamShowReasoning":true,"messageStreamShowReasoningMigrationInitialized":true,"messageStreamShowTodos":false,"toolGroupingExploreEnabled":true,"toolGroupingTerminalEnabled":true,"toolGroupingChangesEnabled":false,"zcodeInteractionBehavior":"queue","askUserQuestionAutoResolutionEnabled":false,"modelIoFullRetentionEnabled":false,"startPlanRecommendationDismissed":false,"providerFamilyConnectionSelections":{},"providerFamilyDomain":"zai","providerFamilyDomainMigrated":true,"nativeSearchEnhancementsEnabled":true,"memoryEnabled":false,"lastWorkspaceSession":[{"kind":"local","workspacePath":"C:\\Users\\USER\\Desktop\\Personal\\ZCode\\.tmp\\z1-native-1790566642265-7bfb99\\workspace","workspacePurpose":"project"},{"kind":"local","workspacePath":"C:\\Users\\USER\\Desktop\\Personal\\ZCode\\.tmp\\z1-native-1790566642265-7bfb99\\data\\.zcode\\workspace\\default","workspacePurpose":"conversation"}],"lastActiveTabIndex":0,"receivePreviewUpdates":false,"autoDownloadAndInstallUpdates":false,"skippedElectronUpdateVersions":{}}
[Z1 child] [2026-09-28 11:37:26.849] [pid:31632] [zcode-host] [rpc:call] window-controller.listTaskList OK (0.0ms)
[2026-09-28 11:37:26.849] [pid:12696] [main] [host-log] (local-1) [host] [2026-09-28 11:37:26.849] [pid:31632] [zcode-host] [rpc:call] window-controller.listTaskList OK (0.0ms)
[Z1 child] [2026-09-28 11:37:26.850] [pid:31632] [settingService] write done
[2026-09-28 11:37:26.850] [pid:12696] [main] [host-log] (local-1) [host] [2026-09-28 11:37:26.850] [pid:31632] [settingService] write done
[Z1 child] [2026-09-28 11:37:26.850] [pid:31632] [zcode-host] [rpc:call] setting.update OK (8.4ms)
[2026-09-28 11:37:26.851] [pid:31632] [zcode-host] [rpc:call] zcode-agent.initializeConversationV4 OK (0.4ms)
[2026-09-28 11:37:26.851] [pid:12696] [main] [host-log] (local-1) [host] [2026-09-28 11:37:26.850] [pid:31632] [zcode-host] [rpc:call] setting.update OK (8.4ms)
[2026-09-28 11:37:26.852] [pid:12696] [main] [host-log] (local-1) [host] [2026-09-28 11:37:26.851] [pid:31632] [zcode-host] [rpc:call] zcode-agent.initializeConversationV4 OK (0.4ms)
[Z1 child] [2026-09-28 11:37:26.870] [pid:31632] [zcode-host] [rpc:call] settings-sync.detect OK (0.1ms)
[2026-09-28 11:37:26.870] [pid:12696] [main] [host-log] (local-1) [host] [2026-09-28 11:37:26.870] [pid:31632] [zcode-host] [rpc:call] settings-sync.detect OK (0.1ms)
[2026-09-28 11:37:26.871] [pid:12696] [main] [host-log] (local-1) [host] [2026-09-28 11:37:26.870] [pid:31632] [zcode-host] [rpc:listen] model-selection.onDidChange subscribed
[2026-09-28 11:37:26.871] [pid:12696] [main] [host-log] (local-1) [host] [2026-09-28 11:37:26.870] [pid:31632] [zcode-agent-service] 开始请求 ZCode Protocol workspace/readPresentation {"workspaceKey":"C:\\Users\\USER\\Desktop\\Personal\\ZCode\\.tmp\\z1-native-1790566642265-7bfb99\\workspace","workspacePath":"C:\\Users\\USER\\Desktop\\Personal\\ZCode\\.tmp\\z1-native-1790566642265-7bfb99\\workspace"}
[2026-09-28 11:37:26.872] [pid:12696] [main] [host-log] (local-1) [host] [2026-09-28 11:37:26.871] [pid:31632] [zcode-host] [rpc:call] model-selection.getView OK (0.8ms)
[Z1 child] [2026-09-28 11:37:26.870] [pid:31632] [zcode-host] [rpc:listen] model-selection.onDidChange subscribed
[2026-09-28 11:37:26.870] [pid:31632] [zcode-agent-service] 开始请求 ZCode Protocol workspace/readPresentation {
  workspaceKey: 'C:\\Users\\USER\\Desktop\\Personal\\ZCode\\.tmp\\z1-native-1790566642265-7bfb99\\workspace',
  workspacePath: 'C:\\Users\\USER\\Desktop\\Personal\\ZCode\\.tmp\\z1-native-1790566642265-7bfb99\\workspace'
}
[2026-09-28 11:37:26.871] [pid:31632] [zcode-host] [rpc:call] model-selection.getView OK (0.8ms)
[Z1 child] [2026-09-28 11:37:26.879] [pid:31632] [settingService] reading settings from: C:\Users\USER\Desktop\Personal\ZCode\.tmp\z1-native-1790566642265-7bfb99\home\.zcode\v2\setting.json
[Z1 child] [2026-09-28 11:37:26.879] [pid:31632] [settingService] read result: {"recentProjects":[],"locale":"zh-CN","localePreference":"en-US","terminalInheritSystemProfile":true,"embeddedBrowserAllowInsecureCertificates":false,"embeddedBrowserViewportPreference":{"mode":"normal","viewport":{"width":393,"height":852},"zoom":"fit"},"computerUseComposerEntryHidden":true,"taskAutoArchiveEnabled":false,"taskAutoArchiveOlderThanDays":7,"closeToTrayOnWindows":false,"closeToTrayOnWindowsMigrationInitialized":true,"keepAwakeWhileRunning":false,"desktopChromiumHardwareAccelerationEnabled":true,"messageStreamShowReasoning":true,"messageStreamShowReasoningMigrationInitialized":true,"messageStreamShowTodos":false,"toolGroupingExploreEnabled":true,"toolGroupingTerminalEnabled":true,"toolGroupingChangesEnabled":false,"zcodeInteractionBehavior":"queue","askUserQuestionAutoResolutionEnabled":false,"modelIoFullRetentionEnabled":false,"startPlanRecommendationDismissed":false,"providerFamilyConnectionSelections":{},"providerFamilyDomain":"zai","providerFamilyDomainMigrated":true,"nativeSearchEnhancementsEnabled":true,"memoryEnabled":false,"lastWorkspaceSession":[{"kind":"local","workspacePath":"C:\\Users\\USER\\Desktop\\Personal\\ZCode\\.tmp\\z1-native-1790566642265-7bfb99\\workspace","workspacePurpose":"project"},{"kind":"local","workspacePath":"C:\\Users\\USER\\Desktop\\Personal\\ZCode\\.tmp\\z1-native-1790566642265-7bfb99\\data\\.zcode\\workspace\\default","workspacePurpose":"conversation"}],"lastActiveTabIndex":0,"receivePreviewUpdates":false,"autoDownloadAndInstallUpdates":false,"skippedElectronUpdateVersions":{}}
[2026-09-28 11:37:26.879] [pid:12696] [main] [host-log] (local-1) [host] [2026-09-28 11:37:26.879] [pid:31632] [settingService] writing settings to: C:\Users\USER\Desktop\Personal\ZCode\.tmp\z1-native-1790566642265-7bfb99\home\.zcode\v2\setting.json {"recentProjects":[],"locale":"zh-CN","localePreference":"en-US","terminalInheritSystemProfile":true,"embeddedBrowserAllowInsecureCertificates":false,"embeddedBrowserViewportPreference":{"mode":"normal","viewport":{"width":393,"height":852},"zoom":"fit"},"computerUseComposerEntryHidden":true,"taskAutoArchiveEnabled":false,"taskAutoArchiveOlderThanDays":7,"closeToTrayOnWindows":false,"closeToTrayOnWindowsMigrationInitialized":true,"keepAwakeWhileRunning":false,"desktopChromiumHardwareAccelerationEnabled":true,"messageStreamShowReasoning":true,"messageStreamShowReasoningMigrationInitialized":true,"messageStreamShowTodos":false,"toolGroupingExploreEnabled":true,"toolGroupingTerminalEnabled":true,"toolGroupingChangesEnabled":false,"zcodeInteractionBehavior":"queue","askUserQuestionAutoResolutionEnabled":false,"modelIoFullRetentionEnabled":false,"startPlanRecommendationDismissed":false,"providerFamilyConnectionSelections":{},"providerFamilyDomain":"zai","providerFamilyDomainMigrated":true,"nativeSearchEnhancementsEnabled":true,"memoryEnabled":false,"lastWorkspaceSession":[{"kind":"local","workspacePath":"C:\\Users\\USER\\Desktop\\Personal\\ZCode\\.tmp\\z1-native-1790566642265-7bfb99\\workspace","workspacePurpose":"project"},{"kind":"local","workspacePath":"C:\\Users\\USER\\Desktop\\Personal\\ZCode\\.tmp\\z1-native-1790566642265-7bfb99\\data\\.zcode\\workspace\\default","workspacePurpose":"conversation"}],"lastActiveTabIndex":0,"receivePreviewUpdates":false,"autoDownloadAndInstallUpdates":false,"skippedElectronUpdateVersions":{},"settingsSyncFirstRunPromptHandled":true}
[Z1 child] [2026-09-28 11:37:26.879] [pid:31632] [settingService] writing settings to: C:\Users\USER\Desktop\Personal\ZCode\.tmp\z1-native-1790566642265-7bfb99\home\.zcode\v2\setting.json {"recentProjects":[],"locale":"zh-CN","localePreference":"en-US","terminalInheritSystemProfile":true,"embeddedBrowserAllowInsecureCertificates":false,"embeddedBrowserViewportPreference":{"mode":"normal","viewport":{"width":393,"height":852},"zoom":"fit"},"computerUseComposerEntryHidden":true,"taskAutoArchiveEnabled":false,"taskAutoArchiveOlderThanDays":7,"closeToTrayOnWindows":false,"closeToTrayOnWindowsMigrationInitialized":true,"keepAwakeWhileRunning":false,"desktopChromiumHardwareAccelerationEnabled":true,"messageStreamShowReasoning":true,"messageStreamShowReasoningMigrationInitialized":true,"messageStreamShowTodos":false,"toolGroupingExploreEnabled":true,"toolGroupingTerminalEnabled":true,"toolGroupingChangesEnabled":false,"zcodeInteractionBehavior":"queue","askUserQuestionAutoResolutionEnabled":false,"modelIoFullRetentionEnabled":false,"startPlanRecommendationDismissed":false,"providerFamilyConnectionSelections":{},"providerFamilyDomain":"zai","providerFamilyDomainMigrated":true,"nativeSearchEnhancementsEnabled":true,"memoryEnabled":false,"lastWorkspaceSession":[{"kind":"local","workspacePath":"C:\\Users\\USER\\Desktop\\Personal\\ZCode\\.tmp\\z1-native-1790566642265-7bfb99\\workspace","workspacePurpose":"project"},{"kind":"local","workspacePath":"C:\\Users\\USER\\Desktop\\Personal\\ZCode\\.tmp\\z1-native-1790566642265-7bfb99\\data\\.zcode\\workspace\\default","workspacePurpose":"conversation"}],"lastActiveTabIndex":0,"receivePreviewUpdates":false,"autoDownloadAndInstallUpdates":false,"skippedElectronUpdateVersions":{},"settingsSyncFirstRunPromptHandled":true}
[Z1 child] [2026-09-28 11:37:26.884] [pid:31632] [settingService] write done
[2026-09-28 11:37:26.884] [pid:12696] [main] [host-log] (local-1) [host] [2026-09-28 11:37:26.884] [pid:31632] [settingService] write done
[Z1 child] [2026-09-28 11:37:26.884] [pid:31632] [zcode-host] [rpc:call] settings-sync.markFirstRunPromptHandled OK (5.3ms)
[2026-09-28 11:37:26.884] [pid:12696] [main] [host-log] (local-1) [host] [2026-09-28 11:37:26.884] [pid:31632] [zcode-host] [rpc:call] settings-sync.markFirstRunPromptHandled OK (5.3ms)
[2026-09-28 11:37:26.967] [pid:12696] [renderer] v4 workspace connection lease released {
  event: 'v4.workspace_connection.release',
  keepWarmMs: 30000,
  key: '__base__ C:\\Users\\USER\\Desktop\\Personal\\ZCode\\.tmp\\z1-native-1790566642265-7bfb99\\workspace',
  module: 'ui.v4.workspace_connection_registry',
  refCount: 0,
  status: 'keep_warm'
}
[Z1 child] [2026-09-28 11:37:26.973] [pid:31632] [zcode-host] [rpc:call] git.refresh OK (160.2ms)
[2026-09-28 11:37:26.973] [pid:12696] [main] [host-log] (local-1) [host] [2026-09-28 11:37:26.973] [pid:31632] [zcode-host] [rpc:call] git.refresh OK (160.2ms)
[Z1 child] [2026-09-28 11:37:26.984] [pid:31632] [zcode-host] [rpc:call] system.info OK (0.0ms)
[2026-09-28 11:37:26.984] [pid:12696] [main] [host-log] (local-1) [host] [2026-09-28 11:37:26.984] [pid:31632] [zcode-host] [rpc:call] system.info OK (0.0ms)
[Z1 child] [2026-09-28 11:37:26.985] [pid:31632] [zcode-host] [rpc:call] file-watcher.watch OK (0.9ms)
[2026-09-28 11:37:26.985] [pid:12696] [main] [host-log] (local-1) [host] [2026-09-28 11:37:26.985] [pid:31632] [zcode-host] [rpc:call] file-watcher.watch OK (0.9ms)
[2026-09-28 11:37:26.986] [pid:12696] [main] [host-log] (local-1) [host] [2026-09-28 11:37:26.986] [pid:31632] [zcode-host] [rpc:call] file-watcher.watch OK (0.8ms)
[2026-09-28 11:37:26.987] [pid:12696] [main] [host-log] (local-1) [host] [2026-09-28 11:37:26.986] [pid:31632] [zcode-host] [rpc:listen] file-watcher.onDynamicChange subscribed
[2026-09-28 11:37:26.987] [pid:12696] [main] [host-log] (local-1) [host] [2026-09-28 11:37:26.987] [pid:31632] [zcode-host] [rpc:call] file-watcher.unwatch OK (0.1ms)
[Z1 child] [2026-09-28 11:37:26.986] [pid:31632] [zcode-host] [rpc:call] file-watcher.watch OK (0.8ms)
[2026-09-28 11:37:26.986] [pid:31632] [zcode-host] [rpc:listen] file-watcher.onDynamicChange subscribed
[2026-09-28 11:37:26.987] [pid:31632] [zcode-host] [rpc:call] file-watcher.unwatch OK (0.1ms)
[2026-09-28 11:37:26.988] [pid:31632] [zcode-host] [rpc:call] file-watcher.watch OK (0.9ms)
[2026-09-28 11:37:26.988] [pid:12696] [main] [host-log] (local-1) [host] [2026-09-28 11:37:26.988] [pid:31632] [zcode-host] [rpc:call] file-watcher.watch OK (0.9ms)
[2026-09-28 11:37:26.989] [pid:12696] [main] [host-log] (local-1) [host] [2026-09-28 11:37:26.989] [pid:31632] [zcode-host] [rpc:call] file-watcher.watch OK (1.0ms)
[Z1 child] [2026-09-28 11:37:26.989] [pid:31632] [zcode-host] [rpc:call] file-watcher.watch OK (1.0ms)
[2026-09-28 11:37:26.990] [pid:31632] [zcode-host] [rpc:call] file-watcher.watch OK (0.9ms)
[2026-09-28 11:37:26.990] [pid:12696] [main] [host-log] (local-1) [host] [2026-09-28 11:37:26.990] [pid:31632] [zcode-host] [rpc:call] file-watcher.watch OK (0.9ms)
[Z1 child] [2026-09-28 11:37:26.990] [pid:31632] [zcode-host] [rpc:call] file-watcher.unwatch OK (0.0ms)
[2026-09-28 11:37:26.990] [pid:31632] [zcode-host] [rpc:listen] file-watcher.onDynamicChange subscribed
[2026-09-28 11:37:26.991] [pid:31632] [zcode-host] [rpc:listen] file-watcher.onDynamicChange subscribed
[2026-09-28 11:37:26.991] [pid:31632] [zcode-host] [rpc:listen] file-watcher.onDynamicChange subscribed
[2026-09-28 11:37:26.992] [pid:12696] [main] [host-log] (local-1) [host] [2026-09-28 11:37:26.990] [pid:31632] [zcode-host] [rpc:call] file-watcher.unwatch OK (0.0ms)
[2026-09-28 11:37:26.992] [pid:12696] [main] [host-log] (local-1) [host] [2026-09-28 11:37:26.990] [pid:31632] [zcode-host] [rpc:listen] file-watcher.onDynamicChange subscribed
[2026-09-28 11:37:26.993] [pid:12696] [main] [host-log] (local-1) [host] [2026-09-28 11:37:26.991] [pid:31632] [zcode-host] [rpc:listen] file-watcher.onDynamicChange subscribed
[2026-09-28 11:37:26.994] [pid:12696] [main] [host-log] (local-1) [host] [2026-09-28 11:37:26.991] [pid:31632] [zcode-host] [rpc:listen] file-watcher.onDynamicChange subscribed
[Z1 child] [2026-09-28 11:37:27.202] [pid:31632] [zcode-host] [rpc:call] zcode-agent.subscribeSessionsIndexV4 OK (324.8ms)
[2026-09-28 11:37:27.202] [pid:12696] [main] [host-log] (local-1) [host] [2026-09-28 11:37:27.202] [pid:31632] [zcode-host] [rpc:call] zcode-agent.subscribeSessionsIndexV4 OK (324.8ms)
[Z1 child] [2026-09-28 11:37:27.202] [pid:31632] [zcode-host] [rpc:call] window-controller.listTaskList OK (400.3ms)
[2026-09-28 11:37:27.202] [pid:31632] [zcode-host] [rpc:call] window-controller.listTaskList OK (353.4ms)
[2026-09-28 11:37:27.203] [pid:31632] [zcode-agent-service] 为只读会话控制面启动 ZCode agent {
  workspaceKey: 'C:\\Users\\USER\\Desktop\\Personal\\ZCode\\.tmp\\z1-native-1790566642265-7bfb99\\workspace',
  workspacePath: 'C:\\Users\\USER\\Desktop\\Personal\\ZCode\\.tmp\\z1-native-1790566642265-7bfb99\\workspace'
}
[2026-09-28 11:37:27.203] [pid:31632] [zcode-agent-service] provider/model 就绪，允许 ZCode agent 模型执行 {
  modelId: 'z1-fixture',
  providerId: 'z1-local-fixture',
  revision: 'model-selection:1',
  workspaceKey: 'C:\\Users\\USER\\Desktop\\Personal\\ZCode\\.tmp\\z1-native-1790566642265-7bfb99\\workspace',
  workspacePath: 'C:\\Users\\USER\\Desktop\\Personal\\ZCode\\.tmp\\z1-native-1790566642265-7bfb99\\workspace'
}
[2026-09-28 11:37:27.203] [pid:31632] [zcode-agent-service] provider/model 就绪，允许 ZCode agent 模型执行 {
  modelId: 'z1-fixture',
  providerId: 'z1-local-fixture',
  revision: 'model-selection:1',
  workspaceKey: 'C:\\Users\\USER\\Desktop\\Personal\\ZCode\\.tmp\\z1-native-1790566642265-7bfb99\\workspace',
  workspacePath: 'C:\\Users\\USER\\Desktop\\Personal\\ZCode\\.tmp\\z1-native-1790566642265-7bfb99\\workspace'
}
[2026-09-28 11:37:27.203] [pid:31632] [zcode-agent-service] provider/model 就绪，允许 ZCode agent 模型执行 {
  modelId: 'z1-fixture',
  providerId: 'z1-local-fixture',
  revision: 'model-selection:1',
  workspaceKey: 'C:\\Users\\USER\\Desktop\\Personal\\ZCode\\.tmp\\z1-native-1790566642265-7bfb99\\workspace',
  workspacePath: 'C:\\Users\\USER\\Desktop\\Personal\\ZCode\\.tmp\\z1-native-1790566642265-7bfb99\\workspace'
}
[2026-09-28 11:37:27.203] [pid:12696] [main] [host-log] (local-1) [host] [2026-09-28 11:37:27.202] [pid:31632] [zcode-host] [rpc:call] window-controller.listTaskList OK (400.3ms)
[2026-09-28 11:37:27.204] [pid:12696] [main] [host-log] (local-1) [host] [2026-09-28 11:37:27.202] [pid:31632] [zcode-host] [rpc:call] window-controller.listTaskList OK (353.4ms)
[2026-09-28 11:37:27.204] [pid:12696] [main] [host-log] (local-1) [host] [2026-09-28 11:37:27.203] [pid:31632] [zcode-agent-service] 为只读会话控制面启动 ZCode agent {"workspaceKey":"C:\\Users\\USER\\Desktop\\Personal\\ZCode\\.tmp\\z1-native-1790566642265-7bfb99\\workspace","workspacePath":"C:\\Users\\USER\\Desktop\\Personal\\ZCode\\.tmp\\z1-native-1790566642265-7bfb99\\workspace"}
[2026-09-28 11:37:27.206] [pid:12696] [main] [stability] perf_agent_ready reported {
  pid: 11024,
  runtimeGeneration: 1,
  runtimeInstanceId: 'agent-114e8db7-7fde-4d8a-b159-fa1fe2817f47',
  startupDurationMs: 666
}
[2026-09-28 11:37:27.206] [pid:12696] [main] [host-log] (local-1) [host] [2026-09-28 11:37:27.203] [pid:31632] [zcode-agent-service] provider/model 就绪，允许 ZCode agent 模型执行 {"modelId":"z1-fixture","providerId":"z1-local-fixture","revision":"model-selection:1","workspaceKey":"C:\\Users\\USER\\Desktop\\Personal\\ZCode\\.tmp\\z1-native-1790566642265-7bfb99\\workspace","workspacePath":"C:\\Users\\USER\\Desktop\\Personal\\ZCode\\.tmp\\z1-native-1790566642265-7bfb99\\workspace"}
[2026-09-28 11:37:27.207] [pid:12696] [main] [host-log] (local-1) [host] [2026-09-28 11:37:27.203] [pid:31632] [zcode-agent-service] provider/model 就绪，允许 ZCode agent 模型执行 {"modelId":"z1-fixture","providerId":"z1-local-fixture","revision":"model-selection:1","workspaceKey":"C:\\Users\\USER\\Desktop\\Personal\\ZCode\\.tmp\\z1-native-1790566642265-7bfb99\\workspace","workspacePath":"C:\\Users\\USER\\Desktop\\Personal\\ZCode\\.tmp\\z1-native-1790566642265-7bfb99\\workspace"}
[Z1 child] [2026-09-28 11:37:27.203] [pid:31632] [zcode-agent-service] ZCode agent 初始化完成 {
  durationMs: 867,
  transportKind: 'stdio',
  workspaceKey: 'C:\\Users\\USER\\Desktop\\Personal\\ZCode\\.tmp\\z1-native-1790566642265-7bfb99\\workspace',
  workspacePath: 'C:\\Users\\USER\\Desktop\\Personal\\ZCode\\.tmp\\z1-native-1790566642265-7bfb99\\workspace'
}
[2026-09-28 11:37:27.204] [pid:31632] [zcode-host] ZCode agent warmup ready (local host init (1/1)) workspace=C:\Users\USER\Desktop\Personal\ZCode\.tmp\z1-native-1790566642265-7bfb99\workspace transport=stdio
[2026-09-28 11:37:27.208] [pid:12696] [main] [host-log] (local-1) [host] [2026-09-28 11:37:27.203] [pid:31632] [zcode-agent-service] provider/model 就绪，允许 ZCode agent 模型执行 {"modelId":"z1-fixture","providerId":"z1-local-fixture","revision":"model-selection:1","workspaceKey":"C:\\Users\\USER\\Desktop\\Personal\\ZCode\\.tmp\\z1-native-1790566642265-7bfb99\\workspace","workspacePath":"C:\\Users\\USER\\Desktop\\Personal\\ZCode\\.tmp\\z1-native-1790566642265-7bfb99\\workspace"}
[2026-09-28 11:37:27.209] [pid:12696] [main] [host-log] (local-1) [host] [2026-09-28 11:37:27.203] [pid:31632] [zcode-agent-service] ZCode agent 初始化完成 {"durationMs":867,"transportKind":"stdio","workspaceKey":"C:\\Users\\USER\\Desktop\\Personal\\ZCode\\.tmp\\z1-native-1790566642265-7bfb99\\workspace","workspacePath":"C:\\Users\\USER\\Desktop\\Personal\\ZCode\\.tmp\\z1-native-1790566642265-7bfb99\\workspace"}
[2026-09-28 11:37:27.209] [pid:12696] [main] [host-log] (local-1) [host] [2026-09-28 11:37:27.204] [pid:31632] [zcode-host] ZCode agent warmup ready (local host init (1/1)) workspace=C:\Users\USER\Desktop\Personal\ZCode\.tmp\z1-native-1790566642265-7bfb99\workspace transport=stdio
[Z1 child] [2026-09-28 11:37:27.228] [pid:31632] [zcode-agent-service] account provider config 已交付到 ZCode agent {
  providerCount: 8,
  reason: 'startup_ready:model_selection_changed',
  receivedRevision: 'account:["zcode-builtin:30:e373592c4d000ca26b6feda2bba9a3cbe9de88fdd008c10df58244995d395d05",[{"providerId":"account:zai-individual-coding-plan","config":{"access":{"type":"zhipu-account","entitled":false}}},{"providerId":"account:zai-team-coding-plan","config":{"access":{"type":"zhipu-account","entitled":false}}},{"providerId":"account:zai-start-plan","config":{"access":{"type":"zhipu-account","entitled":false}}},{"providerId":"account:bigmodel-individual-coding-plan","config":{"access":{"type":"zhipu-account","entitled":false}}},{"providerId":"account:bigmodel-team-coding-plan","config":{"access":{"type":"zhipu-account","entitled":false}}},{"providerId":"account:bigmodel-start-plan","config":{"access":{"type":"zhipu-account","entitled":false}}},{"providerId":"account:zai-offpeak-idle-plan","config":{"access":{"type":"zhipu-account","entitled":false}}},{"providerId":"account:bigmodel-offpeak-idle-plan","config":{"access":{"type":"zhipu-account","entitled":false}}}],{"account:zai-individual-coding-plan":{"availability":"unavailable","entitled":false,"unavailableReason":"not-connected","current":false,"connectionKey":"41717a7a173a5e88981ed3b30d6c754715277dce3b302a8e7b1386cdf57b9b4c"},"account:zai-team-coding-plan":{"availability":"unavailable","entitled":false,"unavailableReason":"not-connected","current":false,"connectionKey":"41717a7a173a5e88981ed3b30d6c754715277dce3b302a8e7b1386cdf57b9b4c"},"account:zai-start-plan":{"availability":"unavailable","entitled":false,"unavailableReason":"not-connected","current":false,"connectionKey":"b20a8f39ea1865b9bdbc4f21e0774500034895a93cdf0c737917b6532ebedcea"},"account:bigmodel-individual-coding-plan":{"availability":"unavailable","entitled":false,"unavailableReason":"not-connected","current":false,"connectionKey":"145736c8450a04bf4ba21aee47794f53d87ea79c5dc4cc5b9f27fbf5b6038d53"},"account:bigmodel-team-coding-plan":{"availability":"unavailable","entitled":false,"unavailableReason":"not-connected","current":false,"connectionKey":"145736c8450a04bf4ba21aee47794f53d87ea79c5dc4cc5b9f27fbf5b6038d53"},"account:bigmodel-start-plan":{"availability":"unavailable","entitled":false,"unavailableReason":"not-connected","current":false,"connectionKey":"116fde2fcda0bb10f88164a63caadb0a0ec8611edcf75b35a9924684f9ba84bd"},"account:zai-offpeak-idle-plan":{"availability":"unavailable","entitled":false},"account:bigmodel-offpeak-idle-plan":{"availability":"unavailable","entitled":false}}]',
  status: 'received'
}
[2026-09-28 11:37:27.228] [pid:31632] [zcode-agent-service] provider/model 就绪后已启动等待中的 ZCode agent {
  providerCount: 1,
  reason: 'model_selection_changed',
  revision: 'model-selection:1',
  workspaceKey: 'C:\\Users\\USER\\Desktop\\Personal\\ZCode\\.tmp\\z1-native-1790566642265-7bfb99\\workspace',
  workspacePath: 'C:\\Users\\USER\\Desktop\\Personal\\ZCode\\.tmp\\z1-native-1790566642265-7bfb99\\workspace'
}
[2026-09-28 11:37:27.228] [pid:12696] [main] [host-log] (local-1) [host] [2026-09-28 11:37:27.228] [pid:31632] [zcode-agent-service] account provider config 已交付到 ZCode agent {"providerCount":8,"reason":"startup_ready:model_selection_changed","receivedRevision":"account:[\"zcode-builtin:30:e373592c4d000ca26b6feda2bba9a3cbe9de88fdd008c10df58244995d395d05\",[{\"providerId\":\"account:zai-individual-coding-plan\",\"config\":{\"access\":{\"type\":\"zhipu-account\",\"entitled\":false}}},{\"providerId\":\"account:zai-team-coding-plan\",\"config\":{\"access\":{\"type\":\"zhipu-account\",\"entitled\":false}}},{\"providerId\":\"account:zai-start-plan\",\"config\":{\"access\":{\"type\":\"zhipu-account\",\"entitled\":false}}},{\"providerId\":\"account:bigmodel-individual-coding-plan\",\"config\":{\"access\":{\"type\":\"zhipu-account\",\"entitled\":false}}},{\"providerId\":\"account:bigmodel-team-coding-plan\",\"config\":{\"access\":{\"type\":\"zhipu-account\",\"entitled\":false}}},{\"providerId\":\"account:bigmodel-start-plan\",\"config\":{\"access\":{\"type\":\"zhipu-account\",\"entitled\":false}}},{\"providerId\":\"account:zai-offpeak-idle-plan\",\"config\":{\"access\":{\"type\":\"zhipu-account\",\"entitled\":false}}},{\"providerId\":\"account:bigmodel-offpeak-idle-plan\",\"config\":{\"access\":{\"type\":\"zhipu-account\",\"entitled\":false}}}],{\"account:zai-individual-coding-plan\":{\"availability\":\"unavailable\",\"entitled\":false,\"unavailableReason\":\"not-connected\",\"current\":false,\"connectionKey\":\"41717a7a173a5e88981ed3b30d6c754715277dce3b302a8e7b1386cdf57b9b4c\"},\"account:zai-team-coding-plan\":{\"availability\":\"unavailable\",\"entitled\":false,\"unavailableReason\":\"not-connected\",\"current\":false,\"connectionKey\":\"41717a7a173a5e88981ed3b30d6c754715277dce3b302a8e7b1386cdf57b9b4c\"},\"account:zai-start-plan\":{\"availability\":\"unavailable\",\"entitled\":false,\"unavailableReason\":\"not-connected\",\"current\":false,\"connectionKey\":\"b20a8f39ea1865b9bdbc4f21e0774500034895a93cdf0c737917b6532ebedcea\"},\"account:bigmodel-individual-coding-plan\":{\"availability\":\"unavailable\",\"entitled\":false,\"unavailableReason\":\"not-connected\",\"current\":false,\"connectionKey\":\"145736c8450a04bf4ba21aee47794f53d87ea79c5dc4cc5b9f27fbf5b6038d53\"},\"account:bigmodel-team-coding-plan\":{\"availability\":\"unavailable\",\"entitled\":false,\"unavailableReason\":\"not-connected\",\"current\":false,\"connectionKey\":\"145736c8450a04bf4ba21aee47794f53d87ea79c5dc4cc5b9f27fbf5b6038d53\"},\"account:bigmodel-start-plan\":{\"availability\":\"unavailable\",\"entitled\":false,\"unavailableReason\":\"not-connected\",\"current\":false,\"connectionKey\":\"116fde2fcda0bb10f88164a63caadb0a0ec8611edcf75b35a9924684f9ba84bd\"},\"account:zai-offpeak-idle-plan\":{\"availability\":\"unavailable\",\"entitled\":false},\"account:bigmodel-offpeak-idle-plan\":{\"availability\":\"unavailable\",\"entitled\":false}}]","status":"received"}
[2026-09-28 11:37:27.229] [pid:12696] [main] [host-log] (local-1) [host] [2026-09-28 11:37:27.228] [pid:31632] [zcode-agent-service] provider/model 就绪后已启动等待中的 ZCode agent {"providerCount":1,"reason":"model_selection_changed","revision":"model-selection:1","workspaceKey":"C:\\Users\\USER\\Desktop\\Personal\\ZCode\\.tmp\\z1-native-1790566642265-7bfb99\\workspace","workspacePath":"C:\\Users\\USER\\Desktop\\Personal\\ZCode\\.tmp\\z1-native-1790566642265-7bfb99\\workspace"}
[Z1 child] [2026-09-28 11:37:27.281] [pid:31632] [zcode-host] [rpc:listen] graphEngineering.onDidChange subscribed
[2026-09-28 11:37:27.282] [pid:12696] [main] [host-log] (local-1) [host] [2026-09-28 11:37:27.281] [pid:31632] [zcode-host] [rpc:listen] graphEngineering.onDidChange subscribed
[Z1 child] [2026-09-28 11:37:27.285] [pid:31632] [settingService] reading settings from: C:\Users\USER\Desktop\Personal\ZCode\.tmp\z1-native-1790566642265-7bfb99\home\.zcode\v2\setting.json
[Z1 child] [2026-09-28 11:37:27.286] [pid:31632] [settingService] read result: {"recentProjects":[],"locale":"zh-CN","localePreference":"en-US","terminalInheritSystemProfile":true,"embeddedBrowserAllowInsecureCertificates":false,"embeddedBrowserViewportPreference":{"mode":"normal","viewport":{"width":393,"height":852},"zoom":"fit"},"computerUseComposerEntryHidden":true,"taskAutoArchiveEnabled":false,"taskAutoArchiveOlderThanDays":7,"closeToTrayOnWindows":false,"closeToTrayOnWindowsMigrationInitialized":true,"keepAwakeWhileRunning":false,"desktopChromiumHardwareAccelerationEnabled":true,"messageStreamShowReasoning":true,"messageStreamShowReasoningMigrationInitialized":true,"messageStreamShowTodos":false,"toolGroupingExploreEnabled":true,"toolGroupingTerminalEnabled":true,"toolGroupingChangesEnabled":false,"zcodeInteractionBehavior":"queue","askUserQuestionAutoResolutionEnabled":false,"modelIoFullRetentionEnabled":false,"startPlanRecommendationDismissed":false,"providerFamilyConnectionSelections":{},"providerFamilyDomain":"zai","providerFamilyDomainMigrated":true,"nativeSearchEnhancementsEnabled":true,"memoryEnabled":false,"lastWorkspaceSession":[{"kind":"local","workspacePath":"C:\\Users\\USER\\Desktop\\Personal\\ZCode\\.tmp\\z1-native-1790566642265-7bfb99\\workspace","workspacePurpose":"project"},{"kind":"local","workspacePath":"C:\\Users\\USER\\Desktop\\Personal\\ZCode\\.tmp\\z1-native-1790566642265-7bfb99\\data\\.zcode\\workspace\\default","workspacePurpose":"conversation"}],"lastActiveTabIndex":0,"receivePreviewUpdates":false,"autoDownloadAndInstallUpdates":false,"skippedElectronUpdateVersions":{},"settingsSyncFirstRunPromptHandled":true}
[Z1 child] [2026-09-28 11:37:27.286] [pid:31632] [zcode-host] [rpc:call] graphEngineering.getWorkspace OK (4.8ms)
[2026-09-28 11:37:27.286] [pid:12696] [main] [host-log] (local-1) [host] [2026-09-28 11:37:27.286] [pid:31632] [zcode-host] [rpc:call] graphEngineering.getWorkspace OK (4.8ms)
[Z1 child] [2026-09-28 11:37:27.298] [pid:31632] [zcode-agent-service] ZCode Protocol workspace/readPresentation 完成 {
  durationMs: 428,
  slashCommandCount: 4,
  workspaceKey: 'C:\\Users\\USER\\Desktop\\Personal\\ZCode\\.tmp\\z1-native-1790566642265-7bfb99\\workspace',
  workspacePath: 'C:\\Users\\USER\\Desktop\\Personal\\ZCode\\.tmp\\z1-native-1790566642265-7bfb99\\workspace'
}
[2026-09-28 11:37:27.298] [pid:31632] [zcode-host] [rpc:call] zcode-session.readWorkspacePresentation OK (427.9ms)
[2026-09-28 11:37:27.298] [pid:12696] [main] [host-log] (local-1) [host] [2026-09-28 11:37:27.298] [pid:31632] [zcode-agent-service] ZCode Protocol workspace/readPresentation 完成 {"durationMs":428,"slashCommandCount":4,"workspaceKey":"C:\\Users\\USER\\Desktop\\Personal\\ZCode\\.tmp\\z1-native-1790566642265-7bfb99\\workspace","workspacePath":"C:\\Users\\USER\\Desktop\\Personal\\ZCode\\.tmp\\z1-native-1790566642265-7bfb99\\workspace"}
[2026-09-28 11:37:27.299] [pid:12696] [main] [host-log] (local-1) [host] [2026-09-28 11:37:27.298] [pid:31632] [zcode-host] [rpc:call] zcode-session.readWorkspacePresentation OK (427.9ms)
[Z1 child] [2026-09-28 11:37:27.301] [pid:31632] [settingService] reading settings from: C:\Users\USER\Desktop\Personal\ZCode\.tmp\z1-native-1790566642265-7bfb99\home\.zcode\v2\setting.json
[Z1 child] [2026-09-28 11:37:27.301] [pid:31632] [settingService] read result: {"recentProjects":[],"locale":"zh-CN","localePreference":"en-US","terminalInheritSystemProfile":true,"embeddedBrowserAllowInsecureCertificates":false,"embeddedBrowserViewportPreference":{"mode":"normal","viewport":{"width":393,"height":852},"zoom":"fit"},"computerUseComposerEntryHidden":true,"taskAutoArchiveEnabled":false,"taskAutoArchiveOlderThanDays":7,"closeToTrayOnWindows":false,"closeToTrayOnWindowsMigrationInitialized":true,"keepAwakeWhileRunning":false,"desktopChromiumHardwareAccelerationEnabled":true,"messageStreamShowReasoning":true,"messageStreamShowReasoningMigrationInitialized":true,"messageStreamShowTodos":false,"toolGroupingExploreEnabled":true,"toolGroupingTerminalEnabled":true,"toolGroupingChangesEnabled":false,"zcodeInteractionBehavior":"queue","askUserQuestionAutoResolutionEnabled":false,"modelIoFullRetentionEnabled":false,"startPlanRecommendationDismissed":false,"providerFamilyConnectionSelections":{},"providerFamilyDomain":"zai","providerFamilyDomainMigrated":true,"nativeSearchEnhancementsEnabled":true,"memoryEnabled":false,"lastWorkspaceSession":[{"kind":"local","workspacePath":"C:\\Users\\USER\\Desktop\\Personal\\ZCode\\.tmp\\z1-native-1790566642265-7bfb99\\workspace","workspacePurpose":"project"},{"kind":"local","workspacePath":"C:\\Users\\USER\\Desktop\\Personal\\ZCode\\.tmp\\z1-native-1790566642265-7bfb99\\data\\.zcode\\workspace\\default","workspacePurpose":"conversation"}],"lastActiveTabIndex":0,"receivePreviewUpdates":false,"autoDownloadAndInstallUpdates":false,"skippedElectronUpdateVersions":{},"settingsSyncFirstRunPromptHandled":true}
[2026-09-28 11:37:27.301] [pid:31632] [zcode-host] [rpc:call] setting.get OK (0.5ms)
[2026-09-28 11:37:27.301] [pid:12696] [main] [host-log] (local-1) [host] [2026-09-28 11:37:27.301] [pid:31632] [zcode-host] [rpc:call] setting.get OK (0.5ms)
[Z1 child] [2026-09-28 11:37:27.303] [pid:31632] [settingService] reading settings from: C:\Users\USER\Desktop\Personal\ZCode\.tmp\z1-native-1790566642265-7bfb99\home\.zcode\v2\setting.json
[Z1 child] [2026-09-28 11:37:27.303] [pid:31632] [settingService] read result: {"recentProjects":[],"locale":"zh-CN","localePreference":"en-US","terminalInheritSystemProfile":true,"embeddedBrowserAllowInsecureCertificates":false,"embeddedBrowserViewportPreference":{"mode":"normal","viewport":{"width":393,"height":852},"zoom":"fit"},"computerUseComposerEntryHidden":true,"taskAutoArchiveEnabled":false,"taskAutoArchiveOlderThanDays":7,"closeToTrayOnWindows":false,"closeToTrayOnWindowsMigrationInitialized":true,"keepAwakeWhileRunning":false,"desktopChromiumHardwareAccelerationEnabled":true,"messageStreamShowReasoning":true,"messageStreamShowReasoningMigrationInitialized":true,"messageStreamShowTodos":false,"toolGroupingExploreEnabled":true,"toolGroupingTerminalEnabled":true,"toolGroupingChangesEnabled":false,"zcodeInteractionBehavior":"queue","askUserQuestionAutoResolutionEnabled":false,"modelIoFullRetentionEnabled":false,"startPlanRecommendationDismissed":false,"providerFamilyConnectionSelections":{},"providerFamilyDomain":"zai","providerFamilyDomainMigrated":true,"nativeSearchEnhancementsEnabled":true,"memoryEnabled":false,"lastWorkspaceSession":[{"kind":"local","workspacePath":"C:\\Users\\USER\\Desktop\\Personal\\ZCode\\.tmp\\z1-native-1790566642265-7bfb99\\workspace","workspacePurpose":"project"},{"kind":"local","workspacePath":"C:\\Users\\USER\\Desktop\\Personal\\ZCode\\.tmp\\z1-native-1790566642265-7bfb99\\data\\.zcode\\workspace\\default","workspacePurpose":"conversation"}],"lastActiveTabIndex":0,"receivePreviewUpdates":false,"autoDownloadAndInstallUpdates":false,"skippedElectronUpdateVersions":{},"settingsSyncFirstRunPromptHandled":true}
[Z1 child] [2026-09-28 11:37:27.308] [pid:31632] [zcode-host] [rpc:listen] model-selection.onDidChange subscribed
[2026-09-28 11:37:27.308] [pid:12696] [main] [host-log] (local-1) [host] [2026-09-28 11:37:27.308] [pid:31632] [zcode-host] [rpc:listen] model-selection.onDidChange subscribed
[Z1 child] [2026-09-28 11:37:27.310] [pid:31632] [zcode-host] [rpc:call] graphEngineering.validateDefinition OK (1.0ms)
[2026-09-28 11:37:27.309] [pid:12696] [main] [host-log] (local-1) [host] [2026-09-28 11:37:27.310] [pid:31632] [zcode-host] [rpc:call] graphEngineering.validateDefinition OK (1.0ms)
[Z1 child] [2026-09-28 11:37:27.310] [pid:31632] [zcode-host] [rpc:call] model-selection.getView OK (1.8ms)
[2026-09-28 11:37:27.310] [pid:12696] [main] [host-log] (local-1) [host] [2026-09-28 11:37:27.310] [pid:31632] [zcode-host] [rpc:call] model-selection.getView OK (1.8ms)
[2026-09-28 11:37:27.362] [pid:12696] [main] [host-log] (local-1) [host] [2026-09-28 11:37:27.362] [pid:31632] [zcode-host] [rpc:call] zcode-agent.sendConversationCommandV4 OK (484.7ms)
[Z1 child] [2026-09-28 11:37:27.362] [pid:31632] [zcode-host] [rpc:call] zcode-agent.sendConversationCommandV4 OK (484.7ms)
[Z1 child] [2026-09-28 11:37:27.375] [pid:31632] [zcode-host] [rpc:call] zcode-agent.sendConversationCommandV4 OK (12.2ms)
[2026-09-28 11:37:27.375] [pid:12696] [main] [host-log] (local-1) [host] [2026-09-28 11:37:27.375] [pid:31632] [zcode-host] [rpc:call] zcode-agent.sendConversationCommandV4 OK (12.2ms)
[2026-09-28 11:37:27.427] [pid:12696] [main] [host-log] (local-1) [host] [2026-09-28 11:37:27.427] [pid:31632] [zcode-host] [rpc:call] graphWorkflow.list OK (2.1ms)
[Z1 child] [2026-09-28 11:37:27.427] [pid:31632] [zcode-host] [rpc:call] graphWorkflow.list OK (2.1ms)
[Z1 child] [2026-09-28 11:37:27.434] [pid:31632] [zcode-host] [rpc:call] graphEngineering.recipes OK (8.8ms)
[2026-09-28 11:37:27.434] [pid:12696] [main] [host-log] (local-1) [host] [2026-09-28 11:37:27.434] [pid:31632] [zcode-host] [rpc:call] graphEngineering.recipes OK (8.8ms)
[2026-09-28 11:37:27.484] [pid:12696] [main] [stability] perf_app_start reported
[Z1 child] [2026-09-28 11:37:27.557] [pid:31632] [zcode-host] [rpc:call] graphEngineering.recipes OK (3.9ms)
[2026-09-28 11:37:27.557] [pid:12696] [main] [host-log] (local-1) [host] [2026-09-28 11:37:27.557] [pid:31632] [zcode-host] [rpc:call] graphEngineering.recipes OK (3.9ms)
[Z1 child] [2026-09-28 11:37:27.725] [pid:31632] [zcode-host] [rpc:call] graphWorkflow.instantiate OK (15.8ms)
[2026-09-28 11:37:27.726] [pid:12696] [main] [host-log] (local-1) [host] [2026-09-28 11:37:27.725] [pid:31632] [zcode-host] [rpc:call] graphWorkflow.instantiate OK (15.8ms)
[Z1 child] [2026-09-28 11:37:27.726] [pid:31632] [settingService] reading settings from: C:\Users\USER\Desktop\Personal\ZCode\.tmp\z1-native-1790566642265-7bfb99\home\.zcode\v2\setting.json
[2026-09-28 11:37:27.726] [pid:31632] [settingService] read result: {"recentProjects":[],"locale":"zh-CN","localePreference":"en-US","terminalInheritSystemProfile":true,"embeddedBrowserAllowInsecureCertificates":false,"embeddedBrowserViewportPreference":{"mode":"normal","viewport":{"width":393,"height":852},"zoom":"fit"},"computerUseComposerEntryHidden":true,"taskAutoArchiveEnabled":false,"taskAutoArchiveOlderThanDays":7,"closeToTrayOnWindows":false,"closeToTrayOnWindowsMigrationInitialized":true,"keepAwakeWhileRunning":false,"desktopChromiumHardwareAccelerationEnabled":true,"messageStreamShowReasoning":true,"messageStreamShowReasoningMigrationInitialized":true,"messageStreamShowTodos":false,"toolGroupingExploreEnabled":true,"toolGroupingTerminalEnabled":true,"toolGroupingChangesEnabled":false,"zcodeInteractionBehavior":"queue","askUserQuestionAutoResolutionEnabled":false,"modelIoFullRetentionEnabled":false,"startPlanRecommendationDismissed":false,"providerFamilyConnectionSelections":{},"providerFamilyDomain":"zai","providerFamilyDomainMigrated":true,"nativeSearchEnhancementsEnabled":true,"memoryEnabled":false,"lastWorkspaceSession":[{"kind":"local","workspacePath":"C:\\Users\\USER\\Desktop\\Personal\\ZCode\\.tmp\\z1-native-1790566642265-7bfb99\\workspace","workspacePurpose":"project"},{"kind":"local","workspacePath":"C:\\Users\\USER\\Desktop\\Personal\\ZCode\\.tmp\\z1-native-1790566642265-7bfb99\\data\\.zcode\\workspace\\default","workspacePurpose":"conversation"}],"lastActiveTabIndex":0,"receivePreviewUpdates":false,"autoDownloadAndInstallUpdates":false,"skippedElectronUpdateVersions":{},"settingsSyncFirstRunPromptHandled":true}
[Z1 child] [2026-09-28 11:37:27.727] [pid:31632] [zcode-host] [rpc:call] graphEngineering.getWorkspace OK (1.2ms)
[2026-09-28 11:37:27.727] [pid:12696] [main] [host-log] (local-1) [host] [2026-09-28 11:37:27.727] [pid:31632] [zcode-host] [rpc:call] graphEngineering.getWorkspace OK (1.2ms)
[Z1 child] [2026-09-28 11:37:27.727] [pid:31632] [settingService] reading settings from: C:\Users\USER\Desktop\Personal\ZCode\.tmp\z1-native-1790566642265-7bfb99\home\.zcode\v2\setting.json
[2026-09-28 11:37:27.728] [pid:31632] [settingService] read result: {"recentProjects":[],"locale":"zh-CN","localePreference":"en-US","terminalInheritSystemProfile":true,"embeddedBrowserAllowInsecureCertificates":false,"embeddedBrowserViewportPreference":{"mode":"normal","viewport":{"width":393,"height":852},"zoom":"fit"},"computerUseComposerEntryHidden":true,"taskAutoArchiveEnabled":false,"taskAutoArchiveOlderThanDays":7,"closeToTrayOnWindows":false,"closeToTrayOnWindowsMigrationInitialized":true,"keepAwakeWhileRunning":false,"desktopChromiumHardwareAccelerationEnabled":true,"messageStreamShowReasoning":true,"messageStreamShowReasoningMigrationInitialized":true,"messageStreamShowTodos":false,"toolGroupingExploreEnabled":true,"toolGroupingTerminalEnabled":true,"toolGroupingChangesEnabled":false,"zcodeInteractionBehavior":"queue","askUserQuestionAutoResolutionEnabled":false,"modelIoFullRetentionEnabled":false,"startPlanRecommendationDismissed":false,"providerFamilyConnectionSelections":{},"providerFamilyDomain":"zai","providerFamilyDomainMigrated":true,"nativeSearchEnhancementsEnabled":true,"memoryEnabled":false,"lastWorkspaceSession":[{"kind":"local","workspacePath":"C:\\Users\\USER\\Desktop\\Personal\\ZCode\\.tmp\\z1-native-1790566642265-7bfb99\\workspace","workspacePurpose":"project"},{"kind":"local","workspacePath":"C:\\Users\\USER\\Desktop\\Personal\\ZCode\\.tmp\\z1-native-1790566642265-7bfb99\\data\\.zcode\\workspace\\default","workspacePurpose":"conversation"}],"lastActiveTabIndex":0,"receivePreviewUpdates":false,"autoDownloadAndInstallUpdates":false,"skippedElectronUpdateVersions":{},"settingsSyncFirstRunPromptHandled":true}
[Z1 child] [2026-09-28 11:37:27.728] [pid:31632] [zcode-host] [rpc:call] graphEngineering.getWorkspace OK (1.9ms)
[2026-09-28 11:37:27.728] [pid:12696] [main] [host-log] (local-1) [host] [2026-09-28 11:37:27.728] [pid:31632] [zcode-host] [rpc:call] graphEngineering.getWorkspace OK (1.9ms)
[Z1 child] [2026-09-28 11:37:27.741] [pid:31632] [settingService] reading settings from: C:\Users\USER\Desktop\Personal\ZCode\.tmp\z1-native-1790566642265-7bfb99\home\.zcode\v2\setting.json
[Z1 child] [2026-09-28 11:37:27.741] [pid:31632] [settingService] read result: {"recentProjects":[],"locale":"zh-CN","localePreference":"en-US","terminalInheritSystemProfile":true,"embeddedBrowserAllowInsecureCertificates":false,"embeddedBrowserViewportPreference":{"mode":"normal","viewport":{"width":393,"height":852},"zoom":"fit"},"computerUseComposerEntryHidden":true,"taskAutoArchiveEnabled":false,"taskAutoArchiveOlderThanDays":7,"closeToTrayOnWindows":false,"closeToTrayOnWindowsMigrationInitialized":true,"keepAwakeWhileRunning":false,"desktopChromiumHardwareAccelerationEnabled":true,"messageStreamShowReasoning":true,"messageStreamShowReasoningMigrationInitialized":true,"messageStreamShowTodos":false,"toolGroupingExploreEnabled":true,"toolGroupingTerminalEnabled":true,"toolGroupingChangesEnabled":false,"zcodeInteractionBehavior":"queue","askUserQuestionAutoResolutionEnabled":false,"modelIoFullRetentionEnabled":false,"startPlanRecommendationDismissed":false,"providerFamilyConnectionSelections":{},"providerFamilyDomain":"zai","providerFamilyDomainMigrated":true,"nativeSearchEnhancementsEnabled":true,"memoryEnabled":false,"lastWorkspaceSession":[{"kind":"local","workspacePath":"C:\\Users\\USER\\Desktop\\Personal\\ZCode\\.tmp\\z1-native-1790566642265-7bfb99\\workspace","workspacePurpose":"project"},{"kind":"local","workspacePath":"C:\\Users\\USER\\Desktop\\Personal\\ZCode\\.tmp\\z1-native-1790566642265-7bfb99\\data\\.zcode\\workspace\\default","workspacePurpose":"conversation"}],"lastActiveTabIndex":0,"receivePreviewUpdates":false,"autoDownloadAndInstallUpdates":false,"skippedElectronUpdateVersions":{},"settingsSyncFirstRunPromptHandled":true}
[2026-09-28 11:37:27.741] [pid:31632] [zcode-host] [rpc:call] setting.get OK (0.5ms)
[2026-09-28 11:37:27.741] [pid:12696] [main] [host-log] (local-1) [host] [2026-09-28 11:37:27.741] [pid:31632] [zcode-host] [rpc:call] setting.get OK (0.5ms)
[Z1 child] [2026-09-28 11:37:27.748] [pid:31632] [zcode-host] [rpc:call] graphEngineering.validateDefinition OK (0.4ms)
[2026-09-28 11:37:27.748] [pid:12696] [main] [host-log] (local-1) [host] [2026-09-28 11:37:27.748] [pid:31632] [zcode-host] [rpc:call] graphEngineering.validateDefinition OK (0.4ms)
[Z1 child] [2026-09-28 11:37:27.788] [pid:31632] [zcode-host] [rpc:call] graphEngineering.saveDefinition OK (2.9ms)
[2026-09-28 11:37:27.789] [pid:12696] [main] [host-log] (local-1) [host] [2026-09-28 11:37:27.788] [pid:31632] [zcode-host] [rpc:call] graphEngineering.saveDefinition OK (2.9ms)
[Z1 child] [2026-09-28 11:37:27.797] [pid:31632] [settingService] reading settings from: C:\Users\USER\Desktop\Personal\ZCode\.tmp\z1-native-1790566642265-7bfb99\home\.zcode\v2\setting.json
[Z1 child] [2026-09-28 11:37:27.798] [pid:31632] [settingService] read result: {"recentProjects":[],"locale":"zh-CN","localePreference":"en-US","terminalInheritSystemProfile":true,"embeddedBrowserAllowInsecureCertificates":false,"embeddedBrowserViewportPreference":{"mode":"normal","viewport":{"width":393,"height":852},"zoom":"fit"},"computerUseComposerEntryHidden":true,"taskAutoArchiveEnabled":false,"taskAutoArchiveOlderThanDays":7,"closeToTrayOnWindows":false,"closeToTrayOnWindowsMigrationInitialized":true,"keepAwakeWhileRunning":false,"desktopChromiumHardwareAccelerationEnabled":true,"messageStreamShowReasoning":true,"messageStreamShowReasoningMigrationInitialized":true,"messageStreamShowTodos":false,"toolGroupingExploreEnabled":true,"toolGroupingTerminalEnabled":true,"toolGroupingChangesEnabled":false,"zcodeInteractionBehavior":"queue","askUserQuestionAutoResolutionEnabled":false,"modelIoFullRetentionEnabled":false,"startPlanRecommendationDismissed":false,"providerFamilyConnectionSelections":{},"providerFamilyDomain":"zai","providerFamilyDomainMigrated":true,"nativeSearchEnhancementsEnabled":true,"memoryEnabled":false,"lastWorkspaceSession":[{"kind":"local","workspacePath":"C:\\Users\\USER\\Desktop\\Personal\\ZCode\\.tmp\\z1-native-1790566642265-7bfb99\\workspace","workspacePurpose":"project"},{"kind":"local","workspacePath":"C:\\Users\\USER\\Desktop\\Personal\\ZCode\\.tmp\\z1-native-1790566642265-7bfb99\\data\\.zcode\\workspace\\default","workspacePurpose":"conversation"}],"lastActiveTabIndex":0,"receivePreviewUpdates":false,"autoDownloadAndInstallUpdates":false,"skippedElectronUpdateVersions":{},"settingsSyncFirstRunPromptHandled":true}
[Z1 child] [2026-09-28 11:37:27.798] [pid:31632] [zcode-host] [rpc:call] graphEngineering.getWorkspace OK (1.5ms)
[2026-09-28 11:37:27.798] [pid:12696] [main] [host-log] (local-1) [host] [2026-09-28 11:37:27.798] [pid:31632] [zcode-host] [rpc:call] graphEngineering.getWorkspace OK (1.5ms)
[Z1 child] [2026-09-28 11:37:27.799] [pid:31632] [settingService] reading settings from: C:\Users\USER\Desktop\Personal\ZCode\.tmp\z1-native-1790566642265-7bfb99\home\.zcode\v2\setting.json
[2026-09-28 11:37:27.799] [pid:31632] [settingService] read result: {"recentProjects":[],"locale":"zh-CN","localePreference":"en-US","terminalInheritSystemProfile":true,"embeddedBrowserAllowInsecureCertificates":false,"embeddedBrowserViewportPreference":{"mode":"normal","viewport":{"width":393,"height":852},"zoom":"fit"},"computerUseComposerEntryHidden":true,"taskAutoArchiveEnabled":false,"taskAutoArchiveOlderThanDays":7,"closeToTrayOnWindows":false,"closeToTrayOnWindowsMigrationInitialized":true,"keepAwakeWhileRunning":false,"desktopChromiumHardwareAccelerationEnabled":true,"messageStreamShowReasoning":true,"messageStreamShowReasoningMigrationInitialized":true,"messageStreamShowTodos":false,"toolGroupingExploreEnabled":true,"toolGroupingTerminalEnabled":true,"toolGroupingChangesEnabled":false,"zcodeInteractionBehavior":"queue","askUserQuestionAutoResolutionEnabled":false,"modelIoFullRetentionEnabled":false,"startPlanRecommendationDismissed":false,"providerFamilyConnectionSelections":{},"providerFamilyDomain":"zai","providerFamilyDomainMigrated":true,"nativeSearchEnhancementsEnabled":true,"memoryEnabled":false,"lastWorkspaceSession":[{"kind":"local","workspacePath":"C:\\Users\\USER\\Desktop\\Personal\\ZCode\\.tmp\\z1-native-1790566642265-7bfb99\\workspace","workspacePurpose":"project"},{"kind":"local","workspacePath":"C:\\Users\\USER\\Desktop\\Personal\\ZCode\\.tmp\\z1-native-1790566642265-7bfb99\\data\\.zcode\\workspace\\default","workspacePurpose":"conversation"}],"lastActiveTabIndex":0,"receivePreviewUpdates":false,"autoDownloadAndInstallUpdates":false,"skippedElectronUpdateVersions":{},"settingsSyncFirstRunPromptHandled":true}
[Z1 child] [2026-09-28 11:37:27.805] [pid:31632] [zcode-host] [rpc:call] graphEngineering.validateDefinition OK (0.3ms)
[2026-09-28 11:37:27.805] [pid:12696] [main] [host-log] (local-1) [host] [2026-09-28 11:37:27.805] [pid:31632] [zcode-host] [rpc:call] graphEngineering.validateDefinition OK (0.3ms)
[Z1 child] [2026-09-28 11:37:27.838] [pid:31632] [zcode-host] [rpc:call] graphWorkflow.prepare OK (41.3ms)
[2026-09-28 11:37:27.838] [pid:12696] [main] [host-log] (local-1) [host] [2026-09-28 11:37:27.838] [pid:31632] [zcode-host] [rpc:call] graphWorkflow.prepare OK (41.3ms)
[Z1 child] [2026-09-28 11:37:27.839] [pid:31632] [settingService] reading settings from: C:\Users\USER\Desktop\Personal\ZCode\.tmp\z1-native-1790566642265-7bfb99\home\.zcode\v2\setting.json
[2026-09-28 11:37:27.840] [pid:31632] [settingService] read result: {"recentProjects":[],"locale":"zh-CN","localePreference":"en-US","terminalInheritSystemProfile":true,"embeddedBrowserAllowInsecureCertificates":false,"embeddedBrowserViewportPreference":{"mode":"normal","viewport":{"width":393,"height":852},"zoom":"fit"},"computerUseComposerEntryHidden":true,"taskAutoArchiveEnabled":false,"taskAutoArchiveOlderThanDays":7,"closeToTrayOnWindows":false,"closeToTrayOnWindowsMigrationInitialized":true,"keepAwakeWhileRunning":false,"desktopChromiumHardwareAccelerationEnabled":true,"messageStreamShowReasoning":true,"messageStreamShowReasoningMigrationInitialized":true,"messageStreamShowTodos":false,"toolGroupingExploreEnabled":true,"toolGroupingTerminalEnabled":true,"toolGroupingChangesEnabled":false,"zcodeInteractionBehavior":"queue","askUserQuestionAutoResolutionEnabled":false,"modelIoFullRetentionEnabled":false,"startPlanRecommendationDismissed":false,"providerFamilyConnectionSelections":{},"providerFamilyDomain":"zai","providerFamilyDomainMigrated":true,"nativeSearchEnhancementsEnabled":true,"memoryEnabled":false,"lastWorkspaceSession":[{"kind":"local","workspacePath":"C:\\Users\\USER\\Desktop\\Personal\\ZCode\\.tmp\\z1-native-1790566642265-7bfb99\\workspace","workspacePurpose":"project"},{"kind":"local","workspacePath":"C:\\Users\\USER\\Desktop\\Personal\\ZCode\\.tmp\\z1-native-1790566642265-7bfb99\\data\\.zcode\\workspace\\default","workspacePurpose":"conversation"}],"lastActiveTabIndex":0,"receivePreviewUpdates":false,"autoDownloadAndInstallUpdates":false,"skippedElectronUpdateVersions":{},"settingsSyncFirstRunPromptHandled":true}
[Z1 child] [2026-09-28 11:37:27.840] [pid:31632] [zcode-host] [rpc:call] graphEngineering.getWorkspace OK (0.9ms)
[2026-09-28 11:37:27.840] [pid:12696] [main] [host-log] (local-1) [host] [2026-09-28 11:37:27.840] [pid:31632] [zcode-host] [rpc:call] graphEngineering.getWorkspace OK (0.9ms)
[Z1 child] [2026-09-28 11:37:28.099] [pid:31632] [settingService] reading settings from: C:\Users\USER\Desktop\Personal\ZCode\.tmp\z1-native-1790566642265-7bfb99\home\.zcode\v2\setting.json
[Z1 child] [2026-09-28 11:37:28.099] [pid:31632] [settingService] read result: {"recentProjects":[],"locale":"zh-CN","localePreference":"en-US","terminalInheritSystemProfile":true,"embeddedBrowserAllowInsecureCertificates":false,"embeddedBrowserViewportPreference":{"mode":"normal","viewport":{"width":393,"height":852},"zoom":"fit"},"computerUseComposerEntryHidden":true,"taskAutoArchiveEnabled":false,"taskAutoArchiveOlderThanDays":7,"closeToTrayOnWindows":false,"closeToTrayOnWindowsMigrationInitialized":true,"keepAwakeWhileRunning":false,"desktopChromiumHardwareAccelerationEnabled":true,"messageStreamShowReasoning":true,"messageStreamShowReasoningMigrationInitialized":true,"messageStreamShowTodos":false,"toolGroupingExploreEnabled":true,"toolGroupingTerminalEnabled":true,"toolGroupingChangesEnabled":false,"zcodeInteractionBehavior":"queue","askUserQuestionAutoResolutionEnabled":false,"modelIoFullRetentionEnabled":false,"startPlanRecommendationDismissed":false,"providerFamilyConnectionSelections":{},"providerFamilyDomain":"zai","providerFamilyDomainMigrated":true,"nativeSearchEnhancementsEnabled":true,"memoryEnabled":false,"lastWorkspaceSession":[{"kind":"local","workspacePath":"C:\\Users\\USER\\Desktop\\Personal\\ZCode\\.tmp\\z1-native-1790566642265-7bfb99\\workspace","workspacePurpose":"project"},{"kind":"local","workspacePath":"C:\\Users\\USER\\Desktop\\Personal\\ZCode\\.tmp\\z1-native-1790566642265-7bfb99\\data\\.zcode\\workspace\\default","workspacePurpose":"conversation"}],"lastActiveTabIndex":0,"receivePreviewUpdates":false,"autoDownloadAndInstallUpdates":false,"skippedElectronUpdateVersions":{},"settingsSyncFirstRunPromptHandled":true}
[Z1 child] [2026-09-28 11:37:28.245] [pid:31632] [zcode-agent-service] 开始初始化 ZCode agent {
  workspaceKey: 'C:\\Users\\USER\\Desktop\\Personal\\ZCode\\.tmp\\z1-native-1790566642265-7bfb99\\workspace',
  workspacePath: 'C:\\Users\\USER\\Desktop\\Personal\\ZCode\\.tmp\\z1-native-1790566642265-7bfb99\\workspace'
}
[2026-09-28 11:37:28.246] [pid:12696] [main] [host-log] (local-1) [host] [2026-09-28 11:37:28.245] [pid:31632] [zcode-agent-service] 开始初始化 ZCode agent {"workspaceKey":"C:\\Users\\USER\\Desktop\\Personal\\ZCode\\.tmp\\z1-native-1790566642265-7bfb99\\workspace","workspacePath":"C:\\Users\\USER\\Desktop\\Personal\\ZCode\\.tmp\\z1-native-1790566642265-7bfb99\\workspace"}
[2026-09-28 11:37:28.246] [pid:12696] [main] [host-log] (local-1) [host] [2026-09-28 11:37:28.246] [pid:31632] [zcode-agent-service] ZCode agent 初始化完成 {"durationMs":1,"transportKind":"stdio","workspaceKey":"C:\\Users\\USER\\Desktop\\Personal\\ZCode\\.tmp\\z1-native-1790566642265-7bfb99\\workspace","workspacePath":"C:\\Users\\USER\\Desktop\\Personal\\ZCode\\.tmp\\z1-native-1790566642265-7bfb99\\workspace"}
[2026-09-28 11:37:28.247] [pid:12696] [main] [host-log] (local-1) [host] [2026-09-28 11:37:28.246] [pid:31632] [zcode-session-service][trace:32295761-5675-41e9-a8ca-d14d9dc8f4a5] [zcode-session-service] createSession 分配 session trace {"persistence":"deferred","workspacePath":"C:\\Users\\USER\\Desktop\\Personal\\ZCode\\.tmp\\z1-native-1790566642265-7bfb99\\workspace"}
[2026-09-28 11:37:28.248] [pid:12696] [main] [host-log] (local-1) [host] [2026-09-28 11:37:28.246] [pid:31632] [zcode-agent-service][trace:32295761-5675-41e9-a8ca-d14d9dc8f4a5] 开始请求 ZCode Protocol session/create {"hasInitialModel":true,"hasInitialThoughtLevel":false,"initialModel":"z1-local-fixture/z1-fixture$enabled","mcpServerCount":0,"mcpServerNames":[],"persistence":"deferred","workspaceKey":"C:\\Users\\USER\\Desktop\\Personal\\ZCode\\.tmp\\z1-native-1790566642265-7bfb99\\workspace","workspacePath":"C:\\Users\\USER\\Desktop\\Personal\\ZCode\\.tmp\\z1-native-1790566642265-7bfb99\\workspace"}
[Z1 child] [2026-09-28 11:37:28.246] [pid:31632] [zcode-agent-service] ZCode agent 初始化完成 {
  durationMs: 1,
  transportKind: 'stdio',
  workspaceKey: 'C:\\Users\\USER\\Desktop\\Personal\\ZCode\\.tmp\\z1-native-1790566642265-7bfb99\\workspace',
  workspacePath: 'C:\\Users\\USER\\Desktop\\Personal\\ZCode\\.tmp\\z1-native-1790566642265-7bfb99\\workspace'
}
[2026-09-28 11:37:28.246] [pid:31632] [zcode-session-service][trace:32295761-5675-41e9-a8ca-d14d9dc8f4a5] [zcode-session-service] createSession 分配 session trace {
  persistence: 'deferred',
  workspaceIdentity: undefined,
  workspacePath: 'C:\\Users\\USER\\Desktop\\Personal\\ZCode\\.tmp\\z1-native-1790566642265-7bfb99\\workspace'
}
[2026-09-28 11:37:28.246] [pid:31632] [zcode-agent-service][trace:32295761-5675-41e9-a8ca-d14d9dc8f4a5] 开始请求 ZCode Protocol session/create {
  hasInitialModel: true,
  hasInitialThoughtLevel: false,
  initialModel: 'z1-local-fixture/z1-fixture$enabled',
  mcpServerCount: 0,
  mcpServerNames: [],
  persistence: 'deferred',
  workspaceKey: 'C:\\Users\\USER\\Desktop\\Personal\\ZCode\\.tmp\\z1-native-1790566642265-7bfb99\\workspace',
  workspacePath: 'C:\\Users\\USER\\Desktop\\Personal\\ZCode\\.tmp\\z1-native-1790566642265-7bfb99\\workspace'
}
[2026-09-28 11:37:28.248] [pid:31632] [settingService] reading settings from: C:\Users\USER\Desktop\Personal\ZCode\.tmp\z1-native-1790566642265-7bfb99\home\.zcode\v2\setting.json
[2026-09-28 11:37:28.248] [pid:31632] [settingService] read result: {"recentProjects":[],"locale":"zh-CN","localePreference":"en-US","terminalInheritSystemProfile":true,"embeddedBrowserAllowInsecureCertificates":false,"embeddedBrowserViewportPreference":{"mode":"normal","viewport":{"width":393,"height":852},"zoom":"fit"},"computerUseComposerEntryHidden":true,"taskAutoArchiveEnabled":false,"taskAutoArchiveOlderThanDays":7,"closeToTrayOnWindows":false,"closeToTrayOnWindowsMigrationInitialized":true,"keepAwakeWhileRunning":false,"desktopChromiumHardwareAccelerationEnabled":true,"messageStreamShowReasoning":true,"messageStreamShowReasoningMigrationInitialized":true,"messageStreamShowTodos":false,"toolGroupingExploreEnabled":true,"toolGroupingTerminalEnabled":true,"toolGroupingChangesEnabled":false,"zcodeInteractionBehavior":"queue","askUserQuestionAutoResolutionEnabled":false,"modelIoFullRetentionEnabled":false,"startPlanRecommendationDismissed":false,"providerFamilyConnectionSelections":{},"providerFamilyDomain":"zai","providerFamilyDomainMigrated":true,"nativeSearchEnhancementsEnabled":true,"memoryEnabled":false,"lastWorkspaceSession":[{"kind":"local","workspacePath":"C:\\Users\\USER\\Desktop\\Personal\\ZCode\\.tmp\\z1-native-1790566642265-7bfb99\\workspace","workspacePurpose":"project"},{"kind":"local","workspacePath":"C:\\Users\\USER\\Desktop\\Personal\\ZCode\\.tmp\\z1-native-1790566642265-7bfb99\\data\\.zcode\\workspace\\default","workspacePurpose":"conversation"}],"lastActiveTabIndex":0,"receivePreviewUpdates":false,"autoDownloadAndInstallUpdates":false,"skippedElectronUpdateVersions":{},"settingsSyncFirstRunPromptHandled":true}
[Z1 child] [2026-09-28 11:37:28.311] [pid:31632] [zcode-agent-service][trace:32295761-5675-41e9-a8ca-d14d9dc8f4a5] ZCode Protocol session/create 完成 {
  durationMs: 65,
  messageCount: 0,
  modelCurrent: 'z1-local-fixture/z1-fixture',
  mcpServerCount: 0,
  persistence: 'deferred',
  sessionId: 'sess_58e70984-dcbf-415c-8a07-31b9bc1f5534',
  snapshotTraceId: '32295761-5675-41e9-a8ca-d14d9dc8f4a5',
  workspaceKey: 'C:\\Users\\USER\\Desktop\\Personal\\ZCode\\.tmp\\z1-native-1790566642265-7bfb99\\workspace',
  workspacePath: 'C:\\Users\\USER\\Desktop\\Personal\\ZCode\\.tmp\\z1-native-1790566642265-7bfb99\\workspace'
}
[2026-09-28 11:37:28.311] [pid:31632] [zcode-session-service][trace:32295761-5675-41e9-a8ca-d14d9dc8f4a5] [zcode-session-service] createSession agent 返回 {
  durationMs: 65,
  mcpServerCount: 0,
  persistence: 'deferred',
  snapshotTraceId: '32295761-5675-41e9-a8ca-d14d9dc8f4a5',
  sessionId: 'sess_58e70984-dcbf-415c-8a07-31b9bc1f5534',
  workspaceIdentity: undefined,
  workspacePath: 'C:\\Users\\USER\\Desktop\\Personal\\ZCode\\.tmp\\z1-native-1790566642265-7bfb99\\workspace'
}
[2026-09-28 11:37:28.311] [pid:12696] [main] [host-log] (local-1) [host] [2026-09-28 11:37:28.311] [pid:31632] [zcode-agent-service][trace:32295761-5675-41e9-a8ca-d14d9dc8f4a5] ZCode Protocol session/create 完成 {"durationMs":65,"messageCount":0,"modelCurrent":"z1-local-fixture/z1-fixture","mcpServerCount":0,"persistence":"deferred","sessionId":"sess_58e70984-dcbf-415c-8a07-31b9bc1f5534","snapshotTraceId":"32295761-5675-41e9-a8ca-d14d9dc8f4a5","workspaceKey":"C:\\Users\\USER\\Desktop\\Personal\\ZCode\\.tmp\\z1-native-1790566642265-7bfb99\\workspace","workspacePath":"C:\\Users\\USER\\Desktop\\Personal\\ZCode\\.tmp\\z1-native-1790566642265-7bfb99\\workspace"}
[2026-09-28 11:37:28.312] [pid:12696] [main] [host-log] (local-1) [host] [2026-09-28 11:37:28.311] [pid:31632] [zcode-session-service][trace:32295761-5675-41e9-a8ca-d14d9dc8f4a5] [zcode-session-service] createSession agent 返回 {"durationMs":65,"mcpServerCount":0,"persistence":"deferred","snapshotTraceId":"32295761-5675-41e9-a8ca-d14d9dc8f4a5","sessionId":"sess_58e70984-dcbf-415c-8a07-31b9bc1f5534","workspacePath":"C:\\Users\\USER\\Desktop\\Personal\\ZCode\\.tmp\\z1-native-1790566642265-7bfb99\\workspace"}
[2026-09-28 11:37:28.378] [pid:12696] [main] [browser-use] execute start browserId=iab:0fa573d2-eea4-4ad2-a404-602e19ee3156 sessionId=sess_58e70984-dcbf-415c-8a07-31b9bc1f5534 method=list
[2026-09-28 11:37:28.379] [pid:12696] [main] [browser-use] execute requestId=97edce77-c15e-4b15-ba3e-dbf2cb3732f4 browserId=iab:0fa573d2-eea4-4ad2-a404-602e19ee3156 generation=1790566644608 windowId=1 sessionId=sess_58e70984-dcbf-415c-8a07-31b9bc1f5534 method=list
[2026-09-28 11:37:28.380] [pid:12696] [main] [browser-use] execute done sessionId=sess_58e70984-dcbf-415c-8a07-31b9bc1f5534 method=list ok=true elapsedMs=0
[2026-09-28 11:37:28.381] [pid:12696] [main] [browser-use] execute start browserId=iab:0fa573d2-eea4-4ad2-a404-602e19ee3156 sessionId=sess_58e70984-dcbf-415c-8a07-31b9bc1f5534 method=listUserTabs
[2026-09-28 11:37:28.381] [pid:12696] [main] [browser-use] execute requestId=c9aff337-3ddc-42e1-8f9b-69e1becc9b16 browserId=iab:0fa573d2-eea4-4ad2-a404-602e19ee3156 generation=1790566644608 windowId=1 sessionId=sess_58e70984-dcbf-415c-8a07-31b9bc1f5534 method=listUserTabs
[2026-09-28 11:37:28.382] [pid:12696] [main] [browser-use] execute done sessionId=sess_58e70984-dcbf-415c-8a07-31b9bc1f5534 method=listUserTabs ok=true elapsedMs=0
[Z1 child] [2026-09-28 11:37:28.400] [pid:31632] [settingService] reading settings from: C:\Users\USER\Desktop\Personal\ZCode\.tmp\z1-native-1790566642265-7bfb99\home\.zcode\v2\setting.json
[Z1 child] [2026-09-28 11:37:28.400] [pid:31632] [settingService] read result: {"recentProjects":[],"locale":"zh-CN","localePreference":"en-US","terminalInheritSystemProfile":true,"embeddedBrowserAllowInsecureCertificates":false,"embeddedBrowserViewportPreference":{"mode":"normal","viewport":{"width":393,"height":852},"zoom":"fit"},"computerUseComposerEntryHidden":true,"taskAutoArchiveEnabled":false,"taskAutoArchiveOlderThanDays":7,"closeToTrayOnWindows":false,"closeToTrayOnWindowsMigrationInitialized":true,"keepAwakeWhileRunning":false,"desktopChromiumHardwareAccelerationEnabled":true,"messageStreamShowReasoning":true,"messageStreamShowReasoningMigrationInitialized":true,"messageStreamShowTodos":false,"toolGroupingExploreEnabled":true,"toolGroupingTerminalEnabled":true,"toolGroupingChangesEnabled":false,"zcodeInteractionBehavior":"queue","askUserQuestionAutoResolutionEnabled":false,"modelIoFullRetentionEnabled":false,"startPlanRecommendationDismissed":false,"providerFamilyConnectionSelections":{},"providerFamilyDomain":"zai","providerFamilyDomainMigrated":true,"nativeSearchEnhancementsEnabled":true,"memoryEnabled":false,"lastWorkspaceSession":[{"kind":"local","workspacePath":"C:\\Users\\USER\\Desktop\\Personal\\ZCode\\.tmp\\z1-native-1790566642265-7bfb99\\workspace","workspacePurpose":"project"},{"kind":"local","workspacePath":"C:\\Users\\USER\\Desktop\\Personal\\ZCode\\.tmp\\z1-native-1790566642265-7bfb99\\data\\.zcode\\workspace\\default","workspacePurpose":"conversation"}],"lastActiveTabIndex":0,"receivePreviewUpdates":false,"autoDownloadAndInstallUpdates":false,"skippedElectronUpdateVersions":{},"settingsSyncFirstRunPromptHandled":true}
[Z1 child] [2026-09-28 11:37:28.410] [pid:31632] [zcode-host] [rpc:call] graphEngineering.run OK (311.5ms)
[2026-09-28 11:37:28.410] [pid:12696] [main] [host-log] (local-1) [host] [2026-09-28 11:37:28.410] [pid:31632] [zcode-host] [rpc:call] graphEngineering.run OK (311.5ms)
[Z1 child] [2026-09-28 11:37:28.410] [pid:31632] [settingService] reading settings from: C:\Users\USER\Desktop\Personal\ZCode\.tmp\z1-native-1790566642265-7bfb99\home\.zcode\v2\setting.json
[2026-09-28 11:37:28.410] [pid:31632] [settingService] read result: {"recentProjects":[],"locale":"zh-CN","localePreference":"en-US","terminalInheritSystemProfile":true,"embeddedBrowserAllowInsecureCertificates":false,"embeddedBrowserViewportPreference":{"mode":"normal","viewport":{"width":393,"height":852},"zoom":"fit"},"computerUseComposerEntryHidden":true,"taskAutoArchiveEnabled":false,"taskAutoArchiveOlderThanDays":7,"closeToTrayOnWindows":false,"closeToTrayOnWindowsMigrationInitialized":true,"keepAwakeWhileRunning":false,"desktopChromiumHardwareAccelerationEnabled":true,"messageStreamShowReasoning":true,"messageStreamShowReasoningMigrationInitialized":true,"messageStreamShowTodos":false,"toolGroupingExploreEnabled":true,"toolGroupingTerminalEnabled":true,"toolGroupingChangesEnabled":false,"zcodeInteractionBehavior":"queue","askUserQuestionAutoResolutionEnabled":false,"modelIoFullRetentionEnabled":false,"startPlanRecommendationDismissed":false,"providerFamilyConnectionSelections":{},"providerFamilyDomain":"zai","providerFamilyDomainMigrated":true,"nativeSearchEnhancementsEnabled":true,"memoryEnabled":false,"lastWorkspaceSession":[{"kind":"local","workspacePath":"C:\\Users\\USER\\Desktop\\Personal\\ZCode\\.tmp\\z1-native-1790566642265-7bfb99\\workspace","workspacePurpose":"project"},{"kind":"local","workspacePath":"C:\\Users\\USER\\Desktop\\Personal\\ZCode\\.tmp\\z1-native-1790566642265-7bfb99\\data\\.zcode\\workspace\\default","workspacePurpose":"conversation"}],"lastActiveTabIndex":0,"receivePreviewUpdates":false,"autoDownloadAndInstallUpdates":false,"skippedElectronUpdateVersions":{},"settingsSyncFirstRunPromptHandled":true}
[Z1 child] [2026-09-28 11:37:28.411] [pid:31632] [zcode-host] [rpc:call] graphEngineering.getWorkspace OK (266.3ms)
[2026-09-28 11:37:28.411] [pid:12696] [main] [host-log] (local-1) [host] [2026-09-28 11:37:28.411] [pid:31632] [zcode-host] [rpc:call] graphEngineering.getWorkspace OK (266.3ms)
[Z1 child] [2026-09-28 11:37:28.411] [pid:31632] [settingService] reading settings from: C:\Users\USER\Desktop\Personal\ZCode\.tmp\z1-native-1790566642265-7bfb99\home\.zcode\v2\setting.json
[2026-09-28 11:37:28.412] [pid:31632] [settingService] read result: {"recentProjects":[],"locale":"zh-CN","localePreference":"en-US","terminalInheritSystemProfile":true,"embeddedBrowserAllowInsecureCertificates":false,"embeddedBrowserViewportPreference":{"mode":"normal","viewport":{"width":393,"height":852},"zoom":"fit"},"computerUseComposerEntryHidden":true,"taskAutoArchiveEnabled":false,"taskAutoArchiveOlderThanDays":7,"closeToTrayOnWindows":false,"closeToTrayOnWindowsMigrationInitialized":true,"keepAwakeWhileRunning":false,"desktopChromiumHardwareAccelerationEnabled":true,"messageStreamShowReasoning":true,"messageStreamShowReasoningMigrationInitialized":true,"messageStreamShowTodos":false,"toolGroupingExploreEnabled":true,"toolGroupingTerminalEnabled":true,"toolGroupingChangesEnabled":false,"zcodeInteractionBehavior":"queue","askUserQuestionAutoResolutionEnabled":false,"modelIoFullRetentionEnabled":false,"startPlanRecommendationDismissed":false,"providerFamilyConnectionSelections":{},"providerFamilyDomain":"zai","providerFamilyDomainMigrated":true,"nativeSearchEnhancementsEnabled":true,"memoryEnabled":false,"lastWorkspaceSession":[{"kind":"local","workspacePath":"C:\\Users\\USER\\Desktop\\Personal\\ZCode\\.tmp\\z1-native-1790566642265-7bfb99\\workspace","workspacePurpose":"project"},{"kind":"local","workspacePath":"C:\\Users\\USER\\Desktop\\Personal\\ZCode\\.tmp\\z1-native-1790566642265-7bfb99\\data\\.zcode\\workspace\\default","workspacePurpose":"conversation"}],"lastActiveTabIndex":0,"receivePreviewUpdates":false,"autoDownloadAndInstallUpdates":false,"skippedElectronUpdateVersions":{},"settingsSyncFirstRunPromptHandled":true}
[Z1 child] [2026-09-28 11:37:28.412] [pid:31632] [zcode-host] [rpc:call] graphEngineering.getWorkspace OK (167.0ms)
[2026-09-28 11:37:28.412] [pid:12696] [main] [host-log] (local-1) [host] [2026-09-28 11:37:28.412] [pid:31632] [zcode-host] [rpc:call] graphEngineering.getWorkspace OK (167.0ms)
[Z1 child] [2026-09-28 11:37:28.412] [pid:31632] [settingService] reading settings from: C:\Users\USER\Desktop\Personal\ZCode\.tmp\z1-native-1790566642265-7bfb99\home\.zcode\v2\setting.json
[2026-09-28 11:37:28.413] [pid:31632] [settingService] read result: {"recentProjects":[],"locale":"zh-CN","localePreference":"en-US","terminalInheritSystemProfile":true,"embeddedBrowserAllowInsecureCertificates":false,"embeddedBrowserViewportPreference":{"mode":"normal","viewport":{"width":393,"height":852},"zoom":"fit"},"computerUseComposerEntryHidden":true,"taskAutoArchiveEnabled":false,"taskAutoArchiveOlderThanDays":7,"closeToTrayOnWindows":false,"closeToTrayOnWindowsMigrationInitialized":true,"keepAwakeWhileRunning":false,"desktopChromiumHardwareAccelerationEnabled":true,"messageStreamShowReasoning":true,"messageStreamShowReasoningMigrationInitialized":true,"messageStreamShowTodos":false,"toolGroupingExploreEnabled":true,"toolGroupingTerminalEnabled":true,"toolGroupingChangesEnabled":false,"zcodeInteractionBehavior":"queue","askUserQuestionAutoResolutionEnabled":false,"modelIoFullRetentionEnabled":false,"startPlanRecommendationDismissed":false,"providerFamilyConnectionSelections":{},"providerFamilyDomain":"zai","providerFamilyDomainMigrated":true,"nativeSearchEnhancementsEnabled":true,"memoryEnabled":false,"lastWorkspaceSession":[{"kind":"local","workspacePath":"C:\\Users\\USER\\Desktop\\Personal\\ZCode\\.tmp\\z1-native-1790566642265-7bfb99\\workspace","workspacePurpose":"project"},{"kind":"local","workspacePath":"C:\\Users\\USER\\Desktop\\Personal\\ZCode\\.tmp\\z1-native-1790566642265-7bfb99\\data\\.zcode\\workspace\\default","workspacePurpose":"conversation"}],"lastActiveTabIndex":0,"receivePreviewUpdates":false,"autoDownloadAndInstallUpdates":false,"skippedElectronUpdateVersions":{},"settingsSyncFirstRunPromptHandled":true}
[Z1 child] [2026-09-28 11:37:28.413] [pid:31632] [zcode-host] [rpc:call] graphEngineering.getWorkspace OK (97.9ms)
[2026-09-28 11:37:28.413] [pid:12696] [main] [host-log] (local-1) [host] [2026-09-28 11:37:28.413] [pid:31632] [zcode-host] [rpc:call] graphEngineering.getWorkspace OK (97.9ms)
[Z1 child] [2026-09-28 11:37:28.414] [pid:31632] [settingService] reading settings from: C:\Users\USER\Desktop\Personal\ZCode\.tmp\z1-native-1790566642265-7bfb99\home\.zcode\v2\setting.json
[Z1 child] [2026-09-28 11:37:28.414] [pid:31632] [settingService] read result: {"recentProjects":[],"locale":"zh-CN","localePreference":"en-US","terminalInheritSystemProfile":true,"embeddedBrowserAllowInsecureCertificates":false,"embeddedBrowserViewportPreference":{"mode":"normal","viewport":{"width":393,"height":852},"zoom":"fit"},"computerUseComposerEntryHidden":true,"taskAutoArchiveEnabled":false,"taskAutoArchiveOlderThanDays":7,"closeToTrayOnWindows":false,"closeToTrayOnWindowsMigrationInitialized":true,"keepAwakeWhileRunning":false,"desktopChromiumHardwareAccelerationEnabled":true,"messageStreamShowReasoning":true,"messageStreamShowReasoningMigrationInitialized":true,"messageStreamShowTodos":false,"toolGroupingExploreEnabled":true,"toolGroupingTerminalEnabled":true,"toolGroupingChangesEnabled":false,"zcodeInteractionBehavior":"queue","askUserQuestionAutoResolutionEnabled":false,"modelIoFullRetentionEnabled":false,"startPlanRecommendationDismissed":false,"providerFamilyConnectionSelections":{},"providerFamilyDomain":"zai","providerFamilyDomainMigrated":true,"nativeSearchEnhancementsEnabled":true,"memoryEnabled":false,"lastWorkspaceSession":[{"kind":"local","workspacePath":"C:\\Users\\USER\\Desktop\\Personal\\ZCode\\.tmp\\z1-native-1790566642265-7bfb99\\workspace","workspacePurpose":"project"},{"kind":"local","workspacePath":"C:\\Users\\USER\\Desktop\\Personal\\ZCode\\.tmp\\z1-native-1790566642265-7bfb99\\data\\.zcode\\workspace\\default","workspacePurpose":"conversation"}],"lastActiveTabIndex":0,"receivePreviewUpdates":false,"autoDownloadAndInstallUpdates":false,"skippedElectronUpdateVersions":{},"settingsSyncFirstRunPromptHandled":true}
[Z1 child] [2026-09-28 11:37:28.415] [pid:31632] [zcode-host] [rpc:call] graphEngineering.getWorkspace OK (39.4ms)
[2026-09-28 11:37:28.415] [pid:12696] [main] [host-log] (local-1) [host] [2026-09-28 11:37:28.415] [pid:31632] [zcode-host] [rpc:call] graphEngineering.getWorkspace OK (39.4ms)
[Z1 child] [2026-09-28 11:37:28.415] [pid:31632] [settingService] reading settings from: C:\Users\USER\Desktop\Personal\ZCode\.tmp\z1-native-1790566642265-7bfb99\home\.zcode\v2\setting.json
[2026-09-28 11:37:28.415] [pid:31632] [settingService] read result: {"recentProjects":[],"locale":"zh-CN","localePreference":"en-US","terminalInheritSystemProfile":true,"embeddedBrowserAllowInsecureCertificates":false,"embeddedBrowserViewportPreference":{"mode":"normal","viewport":{"width":393,"height":852},"zoom":"fit"},"computerUseComposerEntryHidden":true,"taskAutoArchiveEnabled":false,"taskAutoArchiveOlderThanDays":7,"closeToTrayOnWindows":false,"closeToTrayOnWindowsMigrationInitialized":true,"keepAwakeWhileRunning":false,"desktopChromiumHardwareAccelerationEnabled":true,"messageStreamShowReasoning":true,"messageStreamShowReasoningMigrationInitialized":true,"messageStreamShowTodos":false,"toolGroupingExploreEnabled":true,"toolGroupingTerminalEnabled":true,"toolGroupingChangesEnabled":false,"zcodeInteractionBehavior":"queue","askUserQuestionAutoResolutionEnabled":false,"modelIoFullRetentionEnabled":false,"startPlanRecommendationDismissed":false,"providerFamilyConnectionSelections":{},"providerFamilyDomain":"zai","providerFamilyDomainMigrated":true,"nativeSearchEnhancementsEnabled":true,"memoryEnabled":false,"lastWorkspaceSession":[{"kind":"local","workspacePath":"C:\\Users\\USER\\Desktop\\Personal\\ZCode\\.tmp\\z1-native-1790566642265-7bfb99\\workspace","workspacePurpose":"project"},{"kind":"local","workspacePath":"C:\\Users\\USER\\Desktop\\Personal\\ZCode\\.tmp\\z1-native-1790566642265-7bfb99\\data\\.zcode\\workspace\\default","workspacePurpose":"conversation"}],"lastActiveTabIndex":0,"receivePreviewUpdates":false,"autoDownloadAndInstallUpdates":false,"skippedElectronUpdateVersions":{},"settingsSyncFirstRunPromptHandled":true}
[Z1 child] [2026-09-28 11:37:28.416] [pid:31632] [zcode-host] [rpc:call] graphEngineering.getWorkspace OK (6.0ms)
[2026-09-28 11:37:28.416] [pid:12696] [main] [host-log] (local-1) [host] [2026-09-28 11:37:28.416] [pid:31632] [zcode-host] [rpc:call] graphEngineering.getWorkspace OK (6.0ms)
[Z1 child] [2026-09-28 11:37:28.416] [pid:31632] [settingService] reading settings from: C:\Users\USER\Desktop\Personal\ZCode\.tmp\z1-native-1790566642265-7bfb99\home\.zcode\v2\setting.json
[2026-09-28 11:37:28.417] [pid:31632] [settingService] read result: {"recentProjects":[],"locale":"zh-CN","localePreference":"en-US","terminalInheritSystemProfile":true,"embeddedBrowserAllowInsecureCertificates":false,"embeddedBrowserViewportPreference":{"mode":"normal","viewport":{"width":393,"height":852},"zoom":"fit"},"computerUseComposerEntryHidden":true,"taskAutoArchiveEnabled":false,"taskAutoArchiveOlderThanDays":7,"closeToTrayOnWindows":false,"closeToTrayOnWindowsMigrationInitialized":true,"keepAwakeWhileRunning":false,"desktopChromiumHardwareAccelerationEnabled":true,"messageStreamShowReasoning":true,"messageStreamShowReasoningMigrationInitialized":true,"messageStreamShowTodos":false,"toolGroupingExploreEnabled":true,"toolGroupingTerminalEnabled":true,"toolGroupingChangesEnabled":false,"zcodeInteractionBehavior":"queue","askUserQuestionAutoResolutionEnabled":false,"modelIoFullRetentionEnabled":false,"startPlanRecommendationDismissed":false,"providerFamilyConnectionSelections":{},"providerFamilyDomain":"zai","providerFamilyDomainMigrated":true,"nativeSearchEnhancementsEnabled":true,"memoryEnabled":false,"lastWorkspaceSession":[{"kind":"local","workspacePath":"C:\\Users\\USER\\Desktop\\Personal\\ZCode\\.tmp\\z1-native-1790566642265-7bfb99\\workspace","workspacePurpose":"project"},{"kind":"local","workspacePath":"C:\\Users\\USER\\Desktop\\Personal\\ZCode\\.tmp\\z1-native-1790566642265-7bfb99\\data\\.zcode\\workspace\\default","workspacePurpose":"conversation"}],"lastActiveTabIndex":0,"receivePreviewUpdates":false,"autoDownloadAndInstallUpdates":false,"skippedElectronUpdateVersions":{},"settingsSyncFirstRunPromptHandled":true}
[Z1 child] [2026-09-28 11:37:28.418] [pid:31632] [zcode-host] [rpc:call] graphEngineering.getWorkspace OK (6.3ms)
[2026-09-28 11:37:28.418] [pid:12696] [main] [host-log] (local-1) [host] [2026-09-28 11:37:28.418] [pid:31632] [zcode-host] [rpc:call] graphEngineering.getWorkspace OK (6.3ms)
[Z1 child] [2026-09-28 11:37:28.792] [pid:31632] [cua-pip-session] [cua-pip-session] event delivery dropped {
  eventId: '1cbac2fb-7052-473f-b9ac-aaed5b5683e9',
  kind: 'turn-started',
  sequenceNumber: 3,
  sessionId: 'sess_58e70984-dcbf-415c-8a07-31b9bc1f5534',
  turnId: 'turn_bdd0fb8a-af93-4d80-a534-0b3ecc62dcef',
  skipReason: 'service-disabled'
}
[2026-09-28 11:37:28.793] [pid:12696] [main] [host-log] (local-1) [host] [2026-09-28 11:37:28.792] [pid:31632] [cua-pip-session] [cua-pip-session] event delivery dropped {"eventId":"1cbac2fb-7052-473f-b9ac-aaed5b5683e9","kind":"turn-started","sequenceNumber":3,"sessionId":"sess_58e70984-dcbf-415c-8a07-31b9bc1f5534","turnId":"turn_bdd0fb8a-af93-4d80-a534-0b3ecc62dcef","skipReason":"service-disabled"}
[Z1 child] [2026-09-28 11:37:28.856] [pid:31632] [settingService] reading settings from: C:\Users\USER\Desktop\Personal\ZCode\.tmp\z1-native-1790566642265-7bfb99\home\.zcode\v2\setting.json
[Z1 child] [2026-09-28 11:37:28.856] [pid:31632] [settingService] read result: {"recentProjects":[],"locale":"zh-CN","localePreference":"en-US","terminalInheritSystemProfile":true,"embeddedBrowserAllowInsecureCertificates":false,"embeddedBrowserViewportPreference":{"mode":"normal","viewport":{"width":393,"height":852},"zoom":"fit"},"computerUseComposerEntryHidden":true,"taskAutoArchiveEnabled":false,"taskAutoArchiveOlderThanDays":7,"closeToTrayOnWindows":false,"closeToTrayOnWindowsMigrationInitialized":true,"keepAwakeWhileRunning":false,"desktopChromiumHardwareAccelerationEnabled":true,"messageStreamShowReasoning":true,"messageStreamShowReasoningMigrationInitialized":true,"messageStreamShowTodos":false,"toolGroupingExploreEnabled":true,"toolGroupingTerminalEnabled":true,"toolGroupingChangesEnabled":false,"zcodeInteractionBehavior":"queue","askUserQuestionAutoResolutionEnabled":false,"modelIoFullRetentionEnabled":false,"startPlanRecommendationDismissed":false,"providerFamilyConnectionSelections":{},"providerFamilyDomain":"zai","providerFamilyDomainMigrated":true,"nativeSearchEnhancementsEnabled":true,"memoryEnabled":false,"lastWorkspaceSession":[{"kind":"local","workspacePath":"C:\\Users\\USER\\Desktop\\Personal\\ZCode\\.tmp\\z1-native-1790566642265-7bfb99\\workspace","workspacePurpose":"project"},{"kind":"local","workspacePath":"C:\\Users\\USER\\Desktop\\Personal\\ZCode\\.tmp\\z1-native-1790566642265-7bfb99\\data\\.zcode\\workspace\\default","workspacePurpose":"conversation"}],"lastActiveTabIndex":0,"receivePreviewUpdates":false,"autoDownloadAndInstallUpdates":false,"skippedElectronUpdateVersions":{},"settingsSyncFirstRunPromptHandled":true}
[Z1 child] [2026-09-28 11:37:28.857] [pid:31632] [zcode-host] [rpc:call] graphEngineering.getWorkspace OK (1.2ms)
[2026-09-28 11:37:28.857] [pid:12696] [main] [host-log] (local-1) [host] [2026-09-28 11:37:28.857] [pid:31632] [zcode-host] [rpc:call] graphEngineering.getWorkspace OK (1.2ms)
[Z1 child] [2026-09-28 11:37:28.889] [pid:31632] [zcode-task-index-syncer] [list-refresh-trace] emitWorkspaceTaskListChanged reason=task_created taskId=sess_58e70984-dcbf-415c-8a07-31b9bc1f5534 workspace=C:\Users\USER\Desktop\Personal\ZCode\.tmp\z1-native-1790566642265-7bfb99\workspace hasMeta=true
[Z1 child] [2026-09-28 11:37:28.891] [pid:31632] [zcode-host] [rpc:call] zcode-task.listPinnedTaskIds OK (0.2ms)
[2026-09-28 11:37:28.891] [pid:12696] [main] [host-log] (local-1) [host] [2026-09-28 11:37:28.891] [pid:31632] [zcode-host] [rpc:call] zcode-task.listPinnedTaskIds OK (0.2ms)
[2026-09-28 11:37:28.892] [pid:12696] [main] [host-log] (local-1) [host] [2026-09-28 11:37:28.891] [pid:31632] [zcode-host] [rpc:call] zcode-task.listArchivedTasks OK (0.1ms)
[2026-09-28 11:37:28.892] [pid:12696] [main] [host-log] (local-1) [host] [2026-09-28 11:37:28.891] [pid:31632] [zcode-host] [rpc:call] zcode-task.listTasks OK (0.2ms)
[2026-09-28 11:37:28.893] [pid:12696] [main] [host-log] (local-1) [host] [2026-09-28 11:37:28.892] [pid:31632] [zcode-host] [rpc:call] zcode-task.listPinnedTasks OK (0.1ms)
[Z1 child] [2026-09-28 11:37:28.891] [pid:31632] [zcode-host] [rpc:call] zcode-task.listArchivedTasks OK (0.1ms)
[2026-09-28 11:37:28.891] [pid:31632] [zcode-host] [rpc:call] zcode-task.listTasks OK (0.2ms)
[2026-09-28 11:37:28.892] [pid:31632] [zcode-host] [rpc:call] zcode-task.listPinnedTasks OK (0.1ms)
[2026-09-28 11:37:28.892] [pid:31632] [zcode-host] [rpc:call] zcode-task.listDeletedTaskIds OK (0.1ms)
[2026-09-28 11:37:28.894] [pid:12696] [main] [host-log] (local-1) [host] [2026-09-28 11:37:28.892] [pid:31632] [zcode-host] [rpc:call] zcode-task.listDeletedTaskIds OK (0.1ms)
[2026-09-28 11:37:28.895] [pid:12696] [main] [host-log] (local-1) [host] [2026-09-28 11:37:28.894] [pid:31632] [zcode-host] [rpc:call] window-controller.listTaskList OK (0.2ms)
[Z1 child] [2026-09-28 11:37:28.894] [pid:31632] [zcode-host] [rpc:call] window-controller.listTaskList OK (0.2ms)
[Z1 child] [2026-09-28 11:37:28.956] [pid:31632] [settingService] reading settings from: C:\Users\USER\Desktop\Personal\ZCode\.tmp\z1-native-1790566642265-7bfb99\home\.zcode\v2\setting.json
[Z1 child] [2026-09-28 11:37:28.957] [pid:31632] [settingService] read result: {"recentProjects":[],"locale":"zh-CN","localePreference":"en-US","terminalInheritSystemProfile":true,"embeddedBrowserAllowInsecureCertificates":false,"embeddedBrowserViewportPreference":{"mode":"normal","viewport":{"width":393,"height":852},"zoom":"fit"},"computerUseComposerEntryHidden":true,"taskAutoArchiveEnabled":false,"taskAutoArchiveOlderThanDays":7,"closeToTrayOnWindows":false,"closeToTrayOnWindowsMigrationInitialized":true,"keepAwakeWhileRunning":false,"desktopChromiumHardwareAccelerationEnabled":true,"messageStreamShowReasoning":true,"messageStreamShowReasoningMigrationInitialized":true,"messageStreamShowTodos":false,"toolGroupingExploreEnabled":true,"toolGroupingTerminalEnabled":true,"toolGroupingChangesEnabled":false,"zcodeInteractionBehavior":"queue","askUserQuestionAutoResolutionEnabled":false,"modelIoFullRetentionEnabled":false,"startPlanRecommendationDismissed":false,"providerFamilyConnectionSelections":{},"providerFamilyDomain":"zai","providerFamilyDomainMigrated":true,"nativeSearchEnhancementsEnabled":true,"memoryEnabled":false,"lastWorkspaceSession":[{"kind":"local","workspacePath":"C:\\Users\\USER\\Desktop\\Personal\\ZCode\\.tmp\\z1-native-1790566642265-7bfb99\\workspace","workspacePurpose":"project"},{"kind":"local","workspacePath":"C:\\Users\\USER\\Desktop\\Personal\\ZCode\\.tmp\\z1-native-1790566642265-7bfb99\\data\\.zcode\\workspace\\default","workspacePurpose":"conversation"}],"lastActiveTabIndex":0,"receivePreviewUpdates":false,"autoDownloadAndInstallUpdates":false,"skippedElectronUpdateVersions":{},"settingsSyncFirstRunPromptHandled":true}
[Z1 child] [2026-09-28 11:37:28.958] [pid:31632] [zcode-host] [rpc:call] graphEngineering.getWorkspace OK (2.2ms)
[2026-09-28 11:37:28.958] [pid:12696] [main] [host-log] (local-1) [host] [2026-09-28 11:37:28.958] [pid:31632] [zcode-host] [rpc:call] graphEngineering.getWorkspace OK (2.2ms)
[Z1 child] [2026-09-28 11:37:28.998] [pid:31632] [settingService] reading settings from: C:\Users\USER\Desktop\Personal\ZCode\.tmp\z1-native-1790566642265-7bfb99\home\.zcode\v2\setting.json
[Z1 child] [2026-09-28 11:37:28.998] [pid:31632] [settingService] read result: {"recentProjects":[],"locale":"zh-CN","localePreference":"en-US","terminalInheritSystemProfile":true,"embeddedBrowserAllowInsecureCertificates":false,"embeddedBrowserViewportPreference":{"mode":"normal","viewport":{"width":393,"height":852},"zoom":"fit"},"computerUseComposerEntryHidden":true,"taskAutoArchiveEnabled":false,"taskAutoArchiveOlderThanDays":7,"closeToTrayOnWindows":false,"closeToTrayOnWindowsMigrationInitialized":true,"keepAwakeWhileRunning":false,"desktopChromiumHardwareAccelerationEnabled":true,"messageStreamShowReasoning":true,"messageStreamShowReasoningMigrationInitialized":true,"messageStreamShowTodos":false,"toolGroupingExploreEnabled":true,"toolGroupingTerminalEnabled":true,"toolGroupingChangesEnabled":false,"zcodeInteractionBehavior":"queue","askUserQuestionAutoResolutionEnabled":false,"modelIoFullRetentionEnabled":false,"startPlanRecommendationDismissed":false,"providerFamilyConnectionSelections":{},"providerFamilyDomain":"zai","providerFamilyDomainMigrated":true,"nativeSearchEnhancementsEnabled":true,"memoryEnabled":false,"lastWorkspaceSession":[{"kind":"local","workspacePath":"C:\\Users\\USER\\Desktop\\Personal\\ZCode\\.tmp\\z1-native-1790566642265-7bfb99\\workspace","workspacePurpose":"project"},{"kind":"local","workspacePath":"C:\\Users\\USER\\Desktop\\Personal\\ZCode\\.tmp\\z1-native-1790566642265-7bfb99\\data\\.zcode\\workspace\\default","workspacePurpose":"conversation"}],"lastActiveTabIndex":0,"receivePreviewUpdates":false,"autoDownloadAndInstallUpdates":false,"skippedElectronUpdateVersions":{},"settingsSyncFirstRunPromptHandled":true}
[Z1 child] [2026-09-28 11:37:28.999] [pid:31632] [zcode-host] [rpc:call] graphEngineering.getWorkspace OK (1.3ms)
[2026-09-28 11:37:28.999] [pid:12696] [main] [host-log] (local-1) [host] [2026-09-28 11:37:28.999] [pid:31632] [zcode-host] [rpc:call] graphEngineering.getWorkspace OK (1.3ms)
[2026-09-28 11:37:29.015] [pid:12696] [main] [host-log] (local-1) [host] [2026-09-28 11:37:29.015] [pid:31632] [cua-pip-session] [cua-pip-session] event delivery dropped {"eventId":"48d36de3-a330-4b88-9b84-e64c1b29ecff","kind":"turn-ended","sequenceNumber":33,"sessionId":"sess_58e70984-dcbf-415c-8a07-31b9bc1f5534","turnId":"turn_bdd0fb8a-af93-4d80-a534-0b3ecc62dcef","outcome":"completed","skipReason":"service-disabled"}
[Z1 child] [2026-09-28 11:37:29.015] [pid:31632] [cua-pip-session] [cua-pip-session] event delivery dropped {
  eventId: '48d36de3-a330-4b88-9b84-e64c1b29ecff',
  kind: 'turn-ended',
  sequenceNumber: 33,
  sessionId: 'sess_58e70984-dcbf-415c-8a07-31b9bc1f5534',
  turnId: 'turn_bdd0fb8a-af93-4d80-a534-0b3ecc62dcef',
  outcome: 'completed',
  skipReason: 'service-disabled'
}
[Z1 child] [2026-09-28 11:37:29.017] [pid:31632] [zcode-task-index-syncer] task 终态未读裁决 {
  goalStatus: null,
  phase: 'completedSuccess',
  taskId: 'sess_58e70984-dcbf-415c-8a07-31b9bc1f5534',
  unreadSignal: 'background_terminal'
}
[Z1 child] [2026-09-28 11:37:29.018] [pid:31632] [zcode-task-index-syncer] [list-refresh-trace] emitWorkspaceTaskListChanged reason=task_status_changed taskId=sess_58e70984-dcbf-415c-8a07-31b9bc1f5534 workspace=C:\Users\USER\Desktop\Personal\ZCode\.tmp\z1-native-1790566642265-7bfb99\workspace hasMeta=true
[Z1 child] [2026-09-28 11:37:29.023] [pid:31632] [zcode-task-index-syncer] [list-refresh-trace] emitWorkspaceTaskListChanged reason=task_meta_changed taskId=sess_58e70984-dcbf-415c-8a07-31b9bc1f5534 workspace=C:\Users\USER\Desktop\Personal\ZCode\.tmp\z1-native-1790566642265-7bfb99\workspace hasMeta=true
[Z1 child] [2026-09-28 11:37:29.023] [pid:31632] [zcode-host] [rpc:call] zcode-task.setTaskUnread OK (1.4ms)
[2026-09-28 11:37:29.023] [pid:12696] [main] [host-log] (local-1) [host] [2026-09-28 11:37:29.023] [pid:31632] [zcode-host] [rpc:call] zcode-task.setTaskUnread OK (1.4ms)
[Z1 child] [2026-09-28 11:37:29.034] [pid:31632] [zcode-host] [rpc:call] zcode-task.listPinnedTaskIds OK (0.1ms)
[2026-09-28 11:37:29.034] [pid:31632] [zcode-host] [rpc:call] zcode-task.listArchivedTasks OK (0.1ms)
[2026-09-28 11:37:29.034] [pid:31632] [zcode-host] [rpc:call] zcode-task.listTasks OK (0.2ms)
[2026-09-28 11:37:29.035] [pid:31632] [zcode-host] [rpc:call] zcode-task.listPinnedTasks OK (0.1ms)
[2026-09-28 11:37:29.035] [pid:31632] [zcode-host] [rpc:call] zcode-task.listDeletedTaskIds OK (0.0ms)
[2026-09-28 11:37:29.036] [pid:12696] [main] [host-log] (local-1) [host] [2026-09-28 11:37:29.034] [pid:31632] [zcode-host] [rpc:call] zcode-task.listPinnedTaskIds OK (0.1ms)
[2026-09-28 11:37:29.036] [pid:12696] [main] [host-log] (local-1) [host] [2026-09-28 11:37:29.034] [pid:31632] [zcode-host] [rpc:call] zcode-task.listArchivedTasks OK (0.1ms)
[2026-09-28 11:37:29.037] [pid:12696] [main] [host-log] (local-1) [host] [2026-09-28 11:37:29.034] [pid:31632] [zcode-host] [rpc:call] zcode-task.listTasks OK (0.2ms)
[2026-09-28 11:37:29.038] [pid:12696] [main] [host-log] (local-1) [host] [2026-09-28 11:37:29.035] [pid:31632] [zcode-host] [rpc:call] zcode-task.listPinnedTasks OK (0.1ms)
[2026-09-28 11:37:29.039] [pid:12696] [main] [host-log] (local-1) [host] [2026-09-28 11:37:29.035] [pid:31632] [zcode-host] [rpc:call] zcode-task.listDeletedTaskIds OK (0.0ms)
[Z1 child] [2026-09-28 11:37:29.087] [pid:31632] [zcode-task-index-syncer] [list-refresh-trace] emitWorkspaceTaskListChanged reason=task_status_changed taskId=sess_58e70984-dcbf-415c-8a07-31b9bc1f5534 workspace=C:\Users\USER\Desktop\Personal\ZCode\.tmp\z1-native-1790566642265-7bfb99\workspace hasMeta=true
[Z1 child] [2026-09-28 11:37:29.098] [pid:31632] [zcode-task-index-syncer] [list-refresh-trace] emitWorkspaceTaskListChanged reason=task_title_changed taskId=sess_58e70984-dcbf-415c-8a07-31b9bc1f5534 workspace=C:\Users\USER\Desktop\Personal\ZCode\.tmp\z1-native-1790566642265-7bfb99\workspace hasMeta=true
[Z1 child] [2026-09-28 11:37:29.204] [pid:31632] [zcode-agent-service] 开始初始化 ZCode agent {
  workspaceKey: 'C:\\Users\\USER\\Desktop\\Personal\\ZCode\\.tmp\\z1-native-1790566642265-7bfb99\\workspace',
  workspacePath: 'C:\\Users\\USER\\Desktop\\Personal\\ZCode\\.tmp\\z1-native-1790566642265-7bfb99\\workspace'
}
[2026-09-28 11:37:29.205] [pid:31632] [zcode-agent-service] ZCode agent 初始化完成 {
  durationMs: 1,
  transportKind: 'stdio',
  workspaceKey: 'C:\\Users\\USER\\Desktop\\Personal\\ZCode\\.tmp\\z1-native-1790566642265-7bfb99\\workspace',
  workspacePath: 'C:\\Users\\USER\\Desktop\\Personal\\ZCode\\.tmp\\z1-native-1790566642265-7bfb99\\workspace'
}
[2026-09-28 11:37:29.205] [pid:12696] [main] [host-log] (local-1) [host] [2026-09-28 11:37:29.204] [pid:31632] [zcode-agent-service] 开始初始化 ZCode agent {"workspaceKey":"C:\\Users\\USER\\Desktop\\Personal\\ZCode\\.tmp\\z1-native-1790566642265-7bfb99\\workspace","workspacePath":"C:\\Users\\USER\\Desktop\\Personal\\ZCode\\.tmp\\z1-native-1790566642265-7bfb99\\workspace"}
[Z1 child] [2026-09-28 11:37:29.205] [pid:31632] [zcode-session-service][trace:f855f8cd-113e-4d59-b919-4f316bad38af] [zcode-session-service] createSession 分配 session trace {
  persistence: 'deferred',
  workspaceIdentity: undefined,
  workspacePath: 'C:\\Users\\USER\\Desktop\\Personal\\ZCode\\.tmp\\z1-native-1790566642265-7bfb99\\workspace'
}
[2026-09-28 11:37:29.205] [pid:31632] [zcode-agent-service][trace:f855f8cd-113e-4d59-b919-4f316bad38af] 开始请求 ZCode Protocol session/create {
  hasInitialModel: true,
  hasInitialThoughtLevel: false,
  initialModel: 'z1-local-fixture/z1-fixture$enabled',
  mcpServerCount: 0,
  mcpServerNames: [],
  persistence: 'deferred',
  workspaceKey: 'C:\\Users\\USER\\Desktop\\Personal\\ZCode\\.tmp\\z1-native-1790566642265-7bfb99\\workspace',
  workspacePath: 'C:\\Users\\USER\\Desktop\\Personal\\ZCode\\.tmp\\z1-native-1790566642265-7bfb99\\workspace'
}
[2026-09-28 11:37:29.205] [pid:12696] [main] [host-log] (local-1) [host] [2026-09-28 11:37:29.205] [pid:31632] [zcode-agent-service] ZCode agent 初始化完成 {"durationMs":1,"transportKind":"stdio","workspaceKey":"C:\\Users\\USER\\Desktop\\Personal\\ZCode\\.tmp\\z1-native-1790566642265-7bfb99\\workspace","workspacePath":"C:\\Users\\USER\\Desktop\\Personal\\ZCode\\.tmp\\z1-native-1790566642265-7bfb99\\workspace"}
[2026-09-28 11:37:29.206] [pid:12696] [main] [host-log] (local-1) [host] [2026-09-28 11:37:29.205] [pid:31632] [zcode-session-service][trace:f855f8cd-113e-4d59-b919-4f316bad38af] [zcode-session-service] createSession 分配 session trace {"persistence":"deferred","workspacePath":"C:\\Users\\USER\\Desktop\\Personal\\ZCode\\.tmp\\z1-native-1790566642265-7bfb99\\workspace"}
[2026-09-28 11:37:29.207] [pid:12696] [main] [host-log] (local-1) [host] [2026-09-28 11:37:29.205] [pid:31632] [zcode-agent-service][trace:f855f8cd-113e-4d59-b919-4f316bad38af] 开始请求 ZCode Protocol session/create {"hasInitialModel":true,"hasInitialThoughtLevel":false,"initialModel":"z1-local-fixture/z1-fixture$enabled","mcpServerCount":0,"mcpServerNames":[],"persistence":"deferred","workspaceKey":"C:\\Users\\USER\\Desktop\\Personal\\ZCode\\.tmp\\z1-native-1790566642265-7bfb99\\workspace","workspacePath":"C:\\Users\\USER\\Desktop\\Personal\\ZCode\\.tmp\\z1-native-1790566642265-7bfb99\\workspace"}
[Z1 child] [2026-09-28 11:37:29.206] [pid:31632] [settingService] reading settings from: C:\Users\USER\Desktop\Personal\ZCode\.tmp\z1-native-1790566642265-7bfb99\home\.zcode\v2\setting.json
[2026-09-28 11:37:29.206] [pid:31632] [settingService] read result: {"recentProjects":[],"locale":"zh-CN","localePreference":"en-US","terminalInheritSystemProfile":true,"embeddedBrowserAllowInsecureCertificates":false,"embeddedBrowserViewportPreference":{"mode":"normal","viewport":{"width":393,"height":852},"zoom":"fit"},"computerUseComposerEntryHidden":true,"taskAutoArchiveEnabled":false,"taskAutoArchiveOlderThanDays":7,"closeToTrayOnWindows":false,"closeToTrayOnWindowsMigrationInitialized":true,"keepAwakeWhileRunning":false,"desktopChromiumHardwareAccelerationEnabled":true,"messageStreamShowReasoning":true,"messageStreamShowReasoningMigrationInitialized":true,"messageStreamShowTodos":false,"toolGroupingExploreEnabled":true,"toolGroupingTerminalEnabled":true,"toolGroupingChangesEnabled":false,"zcodeInteractionBehavior":"queue","askUserQuestionAutoResolutionEnabled":false,"modelIoFullRetentionEnabled":false,"startPlanRecommendationDismissed":false,"providerFamilyConnectionSelections":{},"providerFamilyDomain":"zai","providerFamilyDomainMigrated":true,"nativeSearchEnhancementsEnabled":true,"memoryEnabled":false,"lastWorkspaceSession":[{"kind":"local","workspacePath":"C:\\Users\\USER\\Desktop\\Personal\\ZCode\\.tmp\\z1-native-1790566642265-7bfb99\\workspace","workspacePurpose":"project"},{"kind":"local","workspacePath":"C:\\Users\\USER\\Desktop\\Personal\\ZCode\\.tmp\\z1-native-1790566642265-7bfb99\\data\\.zcode\\workspace\\default","workspacePurpose":"conversation"}],"lastActiveTabIndex":0,"receivePreviewUpdates":false,"autoDownloadAndInstallUpdates":false,"skippedElectronUpdateVersions":{},"settingsSyncFirstRunPromptHandled":true}
[Z1 child] [2026-09-28 11:37:29.260] [pid:31632] [zcode-agent-service][trace:f855f8cd-113e-4d59-b919-4f316bad38af] ZCode Protocol session/create 完成 {
  durationMs: 55,
  messageCount: 0,
  modelCurrent: 'z1-local-fixture/z1-fixture',
  mcpServerCount: 0,
  persistence: 'deferred',
  sessionId: 'sess_b648a996-7633-450f-9671-c11cf0247167',
  snapshotTraceId: 'f855f8cd-113e-4d59-b919-4f316bad38af',
  workspaceKey: 'C:\\Users\\USER\\Desktop\\Personal\\ZCode\\.tmp\\z1-native-1790566642265-7bfb99\\workspace',
  workspacePath: 'C:\\Users\\USER\\Desktop\\Personal\\ZCode\\.tmp\\z1-native-1790566642265-7bfb99\\workspace'
}
[2026-09-28 11:37:29.260] [pid:31632] [zcode-session-service][trace:f855f8cd-113e-4d59-b919-4f316bad38af] [zcode-session-service] createSession agent 返回 {
  durationMs: 55,
  mcpServerCount: 0,
  persistence: 'deferred',
  snapshotTraceId: 'f855f8cd-113e-4d59-b919-4f316bad38af',
  sessionId: 'sess_b648a996-7633-450f-9671-c11cf0247167',
  workspaceIdentity: undefined,
  workspacePath: 'C:\\Users\\USER\\Desktop\\Personal\\ZCode\\.tmp\\z1-native-1790566642265-7bfb99\\workspace'
}
[2026-09-28 11:37:29.260] [pid:12696] [main] [host-log] (local-1) [host] [2026-09-28 11:37:29.260] [pid:31632] [zcode-agent-service][trace:f855f8cd-113e-4d59-b919-4f316bad38af] ZCode Protocol session/create 完成 {"durationMs":55,"messageCount":0,"modelCurrent":"z1-local-fixture/z1-fixture","mcpServerCount":0,"persistence":"deferred","sessionId":"sess_b648a996-7633-450f-9671-c11cf0247167","snapshotTraceId":"f855f8cd-113e-4d59-b919-4f316bad38af","workspaceKey":"C:\\Users\\USER\\Desktop\\Personal\\ZCode\\.tmp\\z1-native-1790566642265-7bfb99\\workspace","workspacePath":"C:\\Users\\USER\\Desktop\\Personal\\ZCode\\.tmp\\z1-native-1790566642265-7bfb99\\workspace"}
[2026-09-28 11:37:29.260] [pid:12696] [main] [host-log] (local-1) [host] [2026-09-28 11:37:29.260] [pid:31632] [zcode-session-service][trace:f855f8cd-113e-4d59-b919-4f316bad38af] [zcode-session-service] createSession agent 返回 {"durationMs":55,"mcpServerCount":0,"persistence":"deferred","snapshotTraceId":"f855f8cd-113e-4d59-b919-4f316bad38af","sessionId":"sess_b648a996-7633-450f-9671-c11cf0247167","workspacePath":"C:\\Users\\USER\\Desktop\\Personal\\ZCode\\.tmp\\z1-native-1790566642265-7bfb99\\workspace"}
[2026-09-28 11:37:29.295] [pid:12696] [main] [browser-use] execute start browserId=iab:0fa573d2-eea4-4ad2-a404-602e19ee3156 sessionId=sess_b648a996-7633-450f-9671-c11cf0247167 method=list
[2026-09-28 11:37:29.295] [pid:12696] [main] [browser-use] execute requestId=3ab9e1bf-c830-43bd-940d-a8ac073c39a5 browserId=iab:0fa573d2-eea4-4ad2-a404-602e19ee3156 generation=1790566644608 windowId=1 sessionId=sess_b648a996-7633-450f-9671-c11cf0247167 method=list
[2026-09-28 11:37:29.296] [pid:12696] [main] [browser-use] execute done sessionId=sess_b648a996-7633-450f-9671-c11cf0247167 method=list ok=true elapsedMs=0
[2026-09-28 11:37:29.297] [pid:12696] [main] [browser-use] execute start browserId=iab:0fa573d2-eea4-4ad2-a404-602e19ee3156 sessionId=sess_b648a996-7633-450f-9671-c11cf0247167 method=listUserTabs
[2026-09-28 11:37:29.297] [pid:12696] [main] [browser-use] execute requestId=020f19fd-511e-492a-bc25-3f4417c26af0 browserId=iab:0fa573d2-eea4-4ad2-a404-602e19ee3156 generation=1790566644608 windowId=1 sessionId=sess_b648a996-7633-450f-9671-c11cf0247167 method=listUserTabs
[2026-09-28 11:37:29.298] [pid:12696] [main] [browser-use] execute done sessionId=sess_b648a996-7633-450f-9671-c11cf0247167 method=listUserTabs ok=true elapsedMs=0
[Z1 child] [2026-09-28 11:37:29.307] [pid:31632] [settingService] reading settings from: C:\Users\USER\Desktop\Personal\ZCode\.tmp\z1-native-1790566642265-7bfb99\home\.zcode\v2\setting.json
[Z1 child] [2026-09-28 11:37:29.307] [pid:31632] [settingService] read result: {"recentProjects":[],"locale":"zh-CN","localePreference":"en-US","terminalInheritSystemProfile":true,"embeddedBrowserAllowInsecureCertificates":false,"embeddedBrowserViewportPreference":{"mode":"normal","viewport":{"width":393,"height":852},"zoom":"fit"},"computerUseComposerEntryHidden":true,"taskAutoArchiveEnabled":false,"taskAutoArchiveOlderThanDays":7,"closeToTrayOnWindows":false,"closeToTrayOnWindowsMigrationInitialized":true,"keepAwakeWhileRunning":false,"desktopChromiumHardwareAccelerationEnabled":true,"messageStreamShowReasoning":true,"messageStreamShowReasoningMigrationInitialized":true,"messageStreamShowTodos":false,"toolGroupingExploreEnabled":true,"toolGroupingTerminalEnabled":true,"toolGroupingChangesEnabled":false,"zcodeInteractionBehavior":"queue","askUserQuestionAutoResolutionEnabled":false,"modelIoFullRetentionEnabled":false,"startPlanRecommendationDismissed":false,"providerFamilyConnectionSelections":{},"providerFamilyDomain":"zai","providerFamilyDomainMigrated":true,"nativeSearchEnhancementsEnabled":true,"memoryEnabled":false,"lastWorkspaceSession":[{"kind":"local","workspacePath":"C:\\Users\\USER\\Desktop\\Personal\\ZCode\\.tmp\\z1-native-1790566642265-7bfb99\\workspace","workspacePurpose":"project"},{"kind":"local","workspacePath":"C:\\Users\\USER\\Desktop\\Personal\\ZCode\\.tmp\\z1-native-1790566642265-7bfb99\\data\\.zcode\\workspace\\default","workspacePurpose":"conversation"}],"lastActiveTabIndex":0,"receivePreviewUpdates":false,"autoDownloadAndInstallUpdates":false,"skippedElectronUpdateVersions":{},"settingsSyncFirstRunPromptHandled":true}
[Z1 child] [2026-09-28 11:37:29.313] [pid:31632] [settingService] reading settings from: C:\Users\USER\Desktop\Personal\ZCode\.tmp\z1-native-1790566642265-7bfb99\home\.zcode\v2\setting.json
[Z1 child] [2026-09-28 11:37:29.314] [pid:31632] [settingService] read result: {"recentProjects":[],"locale":"zh-CN","localePreference":"en-US","terminalInheritSystemProfile":true,"embeddedBrowserAllowInsecureCertificates":false,"embeddedBrowserViewportPreference":{"mode":"normal","viewport":{"width":393,"height":852},"zoom":"fit"},"computerUseComposerEntryHidden":true,"taskAutoArchiveEnabled":false,"taskAutoArchiveOlderThanDays":7,"closeToTrayOnWindows":false,"closeToTrayOnWindowsMigrationInitialized":true,"keepAwakeWhileRunning":false,"desktopChromiumHardwareAccelerationEnabled":true,"messageStreamShowReasoning":true,"messageStreamShowReasoningMigrationInitialized":true,"messageStreamShowTodos":false,"toolGroupingExploreEnabled":true,"toolGroupingTerminalEnabled":true,"toolGroupingChangesEnabled":false,"zcodeInteractionBehavior":"queue","askUserQuestionAutoResolutionEnabled":false,"modelIoFullRetentionEnabled":false,"startPlanRecommendationDismissed":false,"providerFamilyConnectionSelections":{},"providerFamilyDomain":"zai","providerFamilyDomainMigrated":true,"nativeSearchEnhancementsEnabled":true,"memoryEnabled":false,"lastWorkspaceSession":[{"kind":"local","workspacePath":"C:\\Users\\USER\\Desktop\\Personal\\ZCode\\.tmp\\z1-native-1790566642265-7bfb99\\workspace","workspacePurpose":"project"},{"kind":"local","workspacePath":"C:\\Users\\USER\\Desktop\\Personal\\ZCode\\.tmp\\z1-native-1790566642265-7bfb99\\data\\.zcode\\workspace\\default","workspacePurpose":"conversation"}],"lastActiveTabIndex":0,"receivePreviewUpdates":false,"autoDownloadAndInstallUpdates":false,"skippedElectronUpdateVersions":{},"settingsSyncFirstRunPromptHandled":true}
[Z1 child] [2026-09-28 11:37:29.314] [pid:31632] [zcode-host] [rpc:call] graphEngineering.getWorkspace OK (190.9ms)
[2026-09-28 11:37:29.314] [pid:12696] [main] [host-log] (local-1) [host] [2026-09-28 11:37:29.314] [pid:31632] [zcode-host] [rpc:call] graphEngineering.getWorkspace OK (190.9ms)
[Z1 child] [2026-09-28 11:37:29.314] [pid:31632] [settingService] reading settings from: C:\Users\USER\Desktop\Personal\ZCode\.tmp\z1-native-1790566642265-7bfb99\home\.zcode\v2\setting.json
[2026-09-28 11:37:29.315] [pid:31632] [settingService] read result: {"recentProjects":[],"locale":"zh-CN","localePreference":"en-US","terminalInheritSystemProfile":true,"embeddedBrowserAllowInsecureCertificates":false,"embeddedBrowserViewportPreference":{"mode":"normal","viewport":{"width":393,"height":852},"zoom":"fit"},"computerUseComposerEntryHidden":true,"taskAutoArchiveEnabled":false,"taskAutoArchiveOlderThanDays":7,"closeToTrayOnWindows":false,"closeToTrayOnWindowsMigrationInitialized":true,"keepAwakeWhileRunning":false,"desktopChromiumHardwareAccelerationEnabled":true,"messageStreamShowReasoning":true,"messageStreamShowReasoningMigrationInitialized":true,"messageStreamShowTodos":false,"toolGroupingExploreEnabled":true,"toolGroupingTerminalEnabled":true,"toolGroupingChangesEnabled":false,"zcodeInteractionBehavior":"queue","askUserQuestionAutoResolutionEnabled":false,"modelIoFullRetentionEnabled":false,"startPlanRecommendationDismissed":false,"providerFamilyConnectionSelections":{},"providerFamilyDomain":"zai","providerFamilyDomainMigrated":true,"nativeSearchEnhancementsEnabled":true,"memoryEnabled":false,"lastWorkspaceSession":[{"kind":"local","workspacePath":"C:\\Users\\USER\\Desktop\\Personal\\ZCode\\.tmp\\z1-native-1790566642265-7bfb99\\workspace","workspacePurpose":"project"},{"kind":"local","workspacePath":"C:\\Users\\USER\\Desktop\\Personal\\ZCode\\.tmp\\z1-native-1790566642265-7bfb99\\data\\.zcode\\workspace\\default","workspacePurpose":"conversation"}],"lastActiveTabIndex":0,"receivePreviewUpdates":false,"autoDownloadAndInstallUpdates":false,"skippedElectronUpdateVersions":{},"settingsSyncFirstRunPromptHandled":true}
[Z1 child] [2026-09-28 11:37:29.315] [pid:31632] [zcode-host] [rpc:call] graphEngineering.getWorkspace OK (111.1ms)
[2026-09-28 11:37:29.315] [pid:12696] [main] [host-log] (local-1) [host] [2026-09-28 11:37:29.315] [pid:31632] [zcode-host] [rpc:call] graphEngineering.getWorkspace OK (111.1ms)
[Z1 child] [2026-09-28 11:37:29.316] [pid:31632] [settingService] reading settings from: C:\Users\USER\Desktop\Personal\ZCode\.tmp\z1-native-1790566642265-7bfb99\home\.zcode\v2\setting.json
[2026-09-28 11:37:29.316] [pid:31632] [settingService] read result: {"recentProjects":[],"locale":"zh-CN","localePreference":"en-US","terminalInheritSystemProfile":true,"embeddedBrowserAllowInsecureCertificates":false,"embeddedBrowserViewportPreference":{"mode":"normal","viewport":{"width":393,"height":852},"zoom":"fit"},"computerUseComposerEntryHidden":true,"taskAutoArchiveEnabled":false,"taskAutoArchiveOlderThanDays":7,"closeToTrayOnWindows":false,"closeToTrayOnWindowsMigrationInitialized":true,"keepAwakeWhileRunning":false,"desktopChromiumHardwareAccelerationEnabled":true,"messageStreamShowReasoning":true,"messageStreamShowReasoningMigrationInitialized":true,"messageStreamShowTodos":false,"toolGroupingExploreEnabled":true,"toolGroupingTerminalEnabled":true,"toolGroupingChangesEnabled":false,"zcodeInteractionBehavior":"queue","askUserQuestionAutoResolutionEnabled":false,"modelIoFullRetentionEnabled":false,"startPlanRecommendationDismissed":false,"providerFamilyConnectionSelections":{},"providerFamilyDomain":"zai","providerFamilyDomainMigrated":true,"nativeSearchEnhancementsEnabled":true,"memoryEnabled":false,"lastWorkspaceSession":[{"kind":"local","workspacePath":"C:\\Users\\USER\\Desktop\\Personal\\ZCode\\.tmp\\z1-native-1790566642265-7bfb99\\workspace","workspacePurpose":"project"},{"kind":"local","workspacePath":"C:\\Users\\USER\\Desktop\\Personal\\ZCode\\.tmp\\z1-native-1790566642265-7bfb99\\data\\.zcode\\workspace\\default","workspacePurpose":"conversation"}],"lastActiveTabIndex":0,"receivePreviewUpdates":false,"autoDownloadAndInstallUpdates":false,"skippedElectronUpdateVersions":{},"settingsSyncFirstRunPromptHandled":true}
[Z1 child] [2026-09-28 11:37:29.317] [pid:31632] [zcode-host] [rpc:call] graphEngineering.getWorkspace OK (53.6ms)
[2026-09-28 11:37:29.317] [pid:12696] [main] [host-log] (local-1) [host] [2026-09-28 11:37:29.317] [pid:31632] [zcode-host] [rpc:call] graphEngineering.getWorkspace OK (53.6ms)
[Z1 child] [2026-09-28 11:37:29.317] [pid:31632] [settingService] reading settings from: C:\Users\USER\Desktop\Personal\ZCode\.tmp\z1-native-1790566642265-7bfb99\home\.zcode\v2\setting.json
[2026-09-28 11:37:29.317] [pid:31632] [settingService] read result: {"recentProjects":[],"locale":"zh-CN","localePreference":"en-US","terminalInheritSystemProfile":true,"embeddedBrowserAllowInsecureCertificates":false,"embeddedBrowserViewportPreference":{"mode":"normal","viewport":{"width":393,"height":852},"zoom":"fit"},"computerUseComposerEntryHidden":true,"taskAutoArchiveEnabled":false,"taskAutoArchiveOlderThanDays":7,"closeToTrayOnWindows":false,"closeToTrayOnWindowsMigrationInitialized":true,"keepAwakeWhileRunning":false,"desktopChromiumHardwareAccelerationEnabled":true,"messageStreamShowReasoning":true,"messageStreamShowReasoningMigrationInitialized":true,"messageStreamShowTodos":false,"toolGroupingExploreEnabled":true,"toolGroupingTerminalEnabled":true,"toolGroupingChangesEnabled":false,"zcodeInteractionBehavior":"queue","askUserQuestionAutoResolutionEnabled":false,"modelIoFullRetentionEnabled":false,"startPlanRecommendationDismissed":false,"providerFamilyConnectionSelections":{},"providerFamilyDomain":"zai","providerFamilyDomainMigrated":true,"nativeSearchEnhancementsEnabled":true,"memoryEnabled":false,"lastWorkspaceSession":[{"kind":"local","workspacePath":"C:\\Users\\USER\\Desktop\\Personal\\ZCode\\.tmp\\z1-native-1790566642265-7bfb99\\workspace","workspacePurpose":"project"},{"kind":"local","workspacePath":"C:\\Users\\USER\\Desktop\\Personal\\ZCode\\.tmp\\z1-native-1790566642265-7bfb99\\data\\.zcode\\workspace\\default","workspacePurpose":"conversation"}],"lastActiveTabIndex":0,"receivePreviewUpdates":false,"autoDownloadAndInstallUpdates":false,"skippedElectronUpdateVersions":{},"settingsSyncFirstRunPromptHandled":true}
[Z1 child] [2026-09-28 11:37:29.318] [pid:31632] [zcode-host] [rpc:call] graphEngineering.getWorkspace OK (23.1ms)
[2026-09-28 11:37:29.318] [pid:12696] [main] [host-log] (local-1) [host] [2026-09-28 11:37:29.318] [pid:31632] [zcode-host] [rpc:call] graphEngineering.getWorkspace OK (23.1ms)
[Z1 child] [2026-09-28 11:37:29.318] [pid:31632] [settingService] reading settings from: C:\Users\USER\Desktop\Personal\ZCode\.tmp\z1-native-1790566642265-7bfb99\home\.zcode\v2\setting.json
[2026-09-28 11:37:29.319] [pid:31632] [settingService] read result: {"recentProjects":[],"locale":"zh-CN","localePreference":"en-US","terminalInheritSystemProfile":true,"embeddedBrowserAllowInsecureCertificates":false,"embeddedBrowserViewportPreference":{"mode":"normal","viewport":{"width":393,"height":852},"zoom":"fit"},"computerUseComposerEntryHidden":true,"taskAutoArchiveEnabled":false,"taskAutoArchiveOlderThanDays":7,"closeToTrayOnWindows":false,"closeToTrayOnWindowsMigrationInitialized":true,"keepAwakeWhileRunning":false,"desktopChromiumHardwareAccelerationEnabled":true,"messageStreamShowReasoning":true,"messageStreamShowReasoningMigrationInitialized":true,"messageStreamShowTodos":false,"toolGroupingExploreEnabled":true,"toolGroupingTerminalEnabled":true,"toolGroupingChangesEnabled":false,"zcodeInteractionBehavior":"queue","askUserQuestionAutoResolutionEnabled":false,"modelIoFullRetentionEnabled":false,"startPlanRecommendationDismissed":false,"providerFamilyConnectionSelections":{},"providerFamilyDomain":"zai","providerFamilyDomainMigrated":true,"nativeSearchEnhancementsEnabled":true,"memoryEnabled":false,"lastWorkspaceSession":[{"kind":"local","workspacePath":"C:\\Users\\USER\\Desktop\\Personal\\ZCode\\.tmp\\z1-native-1790566642265-7bfb99\\workspace","workspacePurpose":"project"},{"kind":"local","workspacePath":"C:\\Users\\USER\\Desktop\\Personal\\ZCode\\.tmp\\z1-native-1790566642265-7bfb99\\data\\.zcode\\workspace\\default","workspacePurpose":"conversation"}],"lastActiveTabIndex":0,"receivePreviewUpdates":false,"autoDownloadAndInstallUpdates":false,"skippedElectronUpdateVersions":{},"settingsSyncFirstRunPromptHandled":true}
[Z1 child] [2026-09-28 11:37:29.319] [pid:31632] [zcode-host] [rpc:call] graphEngineering.getWorkspace OK (5.5ms)
[2026-09-28 11:37:29.319] [pid:12696] [main] [host-log] (local-1) [host] [2026-09-28 11:37:29.319] [pid:31632] [zcode-host] [rpc:call] graphEngineering.getWorkspace OK (5.5ms)
[Z1 child] [2026-09-28 11:37:29.684] [pid:31632] [cua-pip-session] [cua-pip-session] event delivery dropped {
  eventId: 'c1f1c907-ced4-4b3a-9cab-f711dd1c9c4d',
  kind: 'turn-started',
  sequenceNumber: 3,
  sessionId: 'sess_b648a996-7633-450f-9671-c11cf0247167',
  turnId: 'turn_11a8a209-9ffd-445c-9ae2-b38a1e9d610b',
  skipReason: 'service-disabled'
}
[2026-09-28 11:37:29.684] [pid:12696] [main] [host-log] (local-1) [host] [2026-09-28 11:37:29.684] [pid:31632] [cua-pip-session] [cua-pip-session] event delivery dropped {"eventId":"c1f1c907-ced4-4b3a-9cab-f711dd1c9c4d","kind":"turn-started","sequenceNumber":3,"sessionId":"sess_b648a996-7633-450f-9671-c11cf0247167","turnId":"turn_11a8a209-9ffd-445c-9ae2-b38a1e9d610b","skipReason":"service-disabled"}
[Z1 child] [2026-09-28 11:37:29.733] [pid:31632] [settingService] reading settings from: C:\Users\USER\Desktop\Personal\ZCode\.tmp\z1-native-1790566642265-7bfb99\home\.zcode\v2\setting.json
[Z1 child] [2026-09-28 11:37:29.734] [pid:31632] [settingService] read result: {"recentProjects":[],"locale":"zh-CN","localePreference":"en-US","terminalInheritSystemProfile":true,"embeddedBrowserAllowInsecureCertificates":false,"embeddedBrowserViewportPreference":{"mode":"normal","viewport":{"width":393,"height":852},"zoom":"fit"},"computerUseComposerEntryHidden":true,"taskAutoArchiveEnabled":false,"taskAutoArchiveOlderThanDays":7,"closeToTrayOnWindows":false,"closeToTrayOnWindowsMigrationInitialized":true,"keepAwakeWhileRunning":false,"desktopChromiumHardwareAccelerationEnabled":true,"messageStreamShowReasoning":true,"messageStreamShowReasoningMigrationInitialized":true,"messageStreamShowTodos":false,"toolGroupingExploreEnabled":true,"toolGroupingTerminalEnabled":true,"toolGroupingChangesEnabled":false,"zcodeInteractionBehavior":"queue","askUserQuestionAutoResolutionEnabled":false,"modelIoFullRetentionEnabled":false,"startPlanRecommendationDismissed":false,"providerFamilyConnectionSelections":{},"providerFamilyDomain":"zai","providerFamilyDomainMigrated":true,"nativeSearchEnhancementsEnabled":true,"memoryEnabled":false,"lastWorkspaceSession":[{"kind":"local","workspacePath":"C:\\Users\\USER\\Desktop\\Personal\\ZCode\\.tmp\\z1-native-1790566642265-7bfb99\\workspace","workspacePurpose":"project"},{"kind":"local","workspacePath":"C:\\Users\\USER\\Desktop\\Personal\\ZCode\\.tmp\\z1-native-1790566642265-7bfb99\\data\\.zcode\\workspace\\default","workspacePurpose":"conversation"}],"lastActiveTabIndex":0,"receivePreviewUpdates":false,"autoDownloadAndInstallUpdates":false,"skippedElectronUpdateVersions":{},"settingsSyncFirstRunPromptHandled":true}
[Z1 child] [2026-09-28 11:37:29.734] [pid:31632] [zcode-host] [rpc:call] graphEngineering.getWorkspace OK (1.2ms)
[2026-09-28 11:37:29.735] [pid:12696] [main] [host-log] (local-1) [host] [2026-09-28 11:37:29.734] [pid:31632] [zcode-host] [rpc:call] graphEngineering.getWorkspace OK (1.2ms)
[Z1 child] [2026-09-28 11:37:29.786] [pid:31632] [zcode-task-index-syncer] [list-refresh-trace] emitWorkspaceTaskListChanged reason=task_created taskId=sess_b648a996-7633-450f-9671-c11cf0247167 workspace=C:\Users\USER\Desktop\Personal\ZCode\.tmp\z1-native-1790566642265-7bfb99\workspace hasMeta=true
[Z1 child] [2026-09-28 11:37:29.787] [pid:31632] [zcode-host] [rpc:call] zcode-task.listPinnedTaskIds OK (0.1ms)
[2026-09-28 11:37:29.787] [pid:12696] [main] [host-log] (local-1) [host] [2026-09-28 11:37:29.787] [pid:31632] [zcode-host] [rpc:call] zcode-task.listPinnedTaskIds OK (0.1ms)
[Z1 child] [2026-09-28 11:37:29.787] [pid:31632] [zcode-host] [rpc:call] zcode-task.listArchivedTasks OK (0.1ms)
[2026-09-28 11:37:29.788] [pid:31632] [zcode-host] [rpc:call] zcode-task.listTasks OK (0.2ms)
[2026-09-28 11:37:29.788] [pid:31632] [zcode-host] [rpc:call] zcode-task.listPinnedTasks OK (0.1ms)
[2026-09-28 11:37:29.788] [pid:31632] [zcode-host] [rpc:call] zcode-task.listDeletedTaskIds OK (0.1ms)
[2026-09-28 11:37:29.788] [pid:12696] [main] [host-log] (local-1) [host] [2026-09-28 11:37:29.787] [pid:31632] [zcode-host] [rpc:call] zcode-task.listArchivedTasks OK (0.1ms)
[2026-09-28 11:37:29.789] [pid:12696] [main] [host-log] (local-1) [host] [2026-09-28 11:37:29.788] [pid:31632] [zcode-host] [rpc:call] zcode-task.listTasks OK (0.2ms)
[2026-09-28 11:37:29.790] [pid:12696] [main] [host-log] (local-1) [host] [2026-09-28 11:37:29.788] [pid:31632] [zcode-host] [rpc:call] zcode-task.listPinnedTasks OK (0.1ms)
[2026-09-28 11:37:29.790] [pid:12696] [main] [host-log] (local-1) [host] [2026-09-28 11:37:29.788] [pid:31632] [zcode-host] [rpc:call] zcode-task.listDeletedTaskIds OK (0.1ms)
[2026-09-28 11:37:29.791] [pid:12696] [main] [host-log] (local-1) [host] [2026-09-28 11:37:29.789] [pid:31632] [zcode-host] [rpc:call] window-controller.listTaskList OK (0.1ms)
[2026-09-28 11:37:29.792] [pid:12696] [main] [host-log] (local-1) [host] [2026-09-28 11:37:29.790] [pid:31632] [zcode-host] [rpc:call] graphEngineering.getWorkspace OK (1.0ms)
[Z1 child] [2026-09-28 11:37:29.789] [pid:31632] [zcode-host] [rpc:call] window-controller.listTaskList OK (0.1ms)
[2026-09-28 11:37:29.789] [pid:31632] [settingService] reading settings from: C:\Users\USER\Desktop\Personal\ZCode\.tmp\z1-native-1790566642265-7bfb99\home\.zcode\v2\setting.json
[2026-09-28 11:37:29.790] [pid:31632] [settingService] read result: {"recentProjects":[],"locale":"zh-CN","localePreference":"en-US","terminalInheritSystemProfile":true,"embeddedBrowserAllowInsecureCertificates":false,"embeddedBrowserViewportPreference":{"mode":"normal","viewport":{"width":393,"height":852},"zoom":"fit"},"computerUseComposerEntryHidden":true,"taskAutoArchiveEnabled":false,"taskAutoArchiveOlderThanDays":7,"closeToTrayOnWindows":false,"closeToTrayOnWindowsMigrationInitialized":true,"keepAwakeWhileRunning":false,"desktopChromiumHardwareAccelerationEnabled":true,"messageStreamShowReasoning":true,"messageStreamShowReasoningMigrationInitialized":true,"messageStreamShowTodos":false,"toolGroupingExploreEnabled":true,"toolGroupingTerminalEnabled":true,"toolGroupingChangesEnabled":false,"zcodeInteractionBehavior":"queue","askUserQuestionAutoResolutionEnabled":false,"modelIoFullRetentionEnabled":false,"startPlanRecommendationDismissed":false,"providerFamilyConnectionSelections":{},"providerFamilyDomain":"zai","providerFamilyDomainMigrated":true,"nativeSearchEnhancementsEnabled":true,"memoryEnabled":false,"lastWorkspaceSession":[{"kind":"local","workspacePath":"C:\\Users\\USER\\Desktop\\Personal\\ZCode\\.tmp\\z1-native-1790566642265-7bfb99\\workspace","workspacePurpose":"project"},{"kind":"local","workspacePath":"C:\\Users\\USER\\Desktop\\Personal\\ZCode\\.tmp\\z1-native-1790566642265-7bfb99\\data\\.zcode\\workspace\\default","workspacePurpose":"conversation"}],"lastActiveTabIndex":0,"receivePreviewUpdates":false,"autoDownloadAndInstallUpdates":false,"skippedElectronUpdateVersions":{},"settingsSyncFirstRunPromptHandled":true}
[2026-09-28 11:37:29.790] [pid:31632] [zcode-host] [rpc:call] graphEngineering.getWorkspace OK (1.0ms)
[Z1 child] [2026-09-28 11:37:29.843] [pid:31632] [settingService] reading settings from: C:\Users\USER\Desktop\Personal\ZCode\.tmp\z1-native-1790566642265-7bfb99\home\.zcode\v2\setting.json
[Z1 child] [2026-09-28 11:37:29.844] [pid:31632] [settingService] read result: {"recentProjects":[],"locale":"zh-CN","localePreference":"en-US","terminalInheritSystemProfile":true,"embeddedBrowserAllowInsecureCertificates":false,"embeddedBrowserViewportPreference":{"mode":"normal","viewport":{"width":393,"height":852},"zoom":"fit"},"computerUseComposerEntryHidden":true,"taskAutoArchiveEnabled":false,"taskAutoArchiveOlderThanDays":7,"closeToTrayOnWindows":false,"closeToTrayOnWindowsMigrationInitialized":true,"keepAwakeWhileRunning":false,"desktopChromiumHardwareAccelerationEnabled":true,"messageStreamShowReasoning":true,"messageStreamShowReasoningMigrationInitialized":true,"messageStreamShowTodos":false,"toolGroupingExploreEnabled":true,"toolGroupingTerminalEnabled":true,"toolGroupingChangesEnabled":false,"zcodeInteractionBehavior":"queue","askUserQuestionAutoResolutionEnabled":false,"modelIoFullRetentionEnabled":false,"startPlanRecommendationDismissed":false,"providerFamilyConnectionSelections":{},"providerFamilyDomain":"zai","providerFamilyDomainMigrated":true,"nativeSearchEnhancementsEnabled":true,"memoryEnabled":false,"lastWorkspaceSession":[{"kind":"local","workspacePath":"C:\\Users\\USER\\Desktop\\Personal\\ZCode\\.tmp\\z1-native-1790566642265-7bfb99\\workspace","workspacePurpose":"project"},{"kind":"local","workspacePath":"C:\\Users\\USER\\Desktop\\Personal\\ZCode\\.tmp\\z1-native-1790566642265-7bfb99\\data\\.zcode\\workspace\\default","workspacePurpose":"conversation"}],"lastActiveTabIndex":0,"receivePreviewUpdates":false,"autoDownloadAndInstallUpdates":false,"skippedElectronUpdateVersions":{},"settingsSyncFirstRunPromptHandled":true}
[Z1 child] [2026-09-28 11:37:29.844] [pid:31632] [zcode-host] [rpc:call] graphEngineering.getWorkspace OK (1.4ms)
[2026-09-28 11:37:29.844] [pid:12696] [main] [host-log] (local-1) [host] [2026-09-28 11:37:29.844] [pid:31632] [zcode-host] [rpc:call] graphEngineering.getWorkspace OK (1.4ms)
[Z1 child] [2026-09-28 11:37:30.003] [pid:31632] [cua-pip-session] [cua-pip-session] event delivery dropped {
  kind: 'focus-changed',
  revision: 4,
  sessionId: 'sess_b648a996-7633-450f-9671-c11cf0247167',
  sourceWindowId: 'window-1',
  skipReason: 'service-disabled'
}
[2026-09-28 11:37:30.003] [pid:12696] [main] [host-log] (local-1) [host] [2026-09-28 11:37:30.003] [pid:31632] [cua-pip-session] [cua-pip-session] event delivery dropped {"kind":"focus-changed","revision":4,"sessionId":"sess_b648a996-7633-450f-9671-c11cf0247167","sourceWindowId":"window-1","skipReason":"service-disabled"}
[2026-09-28 11:37:30.007] [pid:12696] [renderer] v4 workspace connection reused {
  event: 'v4.workspace_connection.reused',
  isRemote: false,
  key: '__base__ C:\\Users\\USER\\Desktop\\Personal\\ZCode\\.tmp\\z1-native-1790566642265-7bfb99\\workspace',
  module: 'ui.v4.workspace_connection_registry',
  refCount: 1,
  serviceGeneration: 1,
  status: 'completed'
}
INFO: Could not find files for the given pattern(s).
INFO: Could not find files for the given pattern(s).
[Z1 child] [2026-09-28 11:37:30.024] [pid:31632] [zcode-host] [rpc:call] zcode-task.getTaskSessionFilePath OK (0.0ms)
[2026-09-28 11:37:30.025] [pid:31632] [zcode-host] [rpc:call] zcode-task.getTaskNativeSessionLogFile OK (0.3ms)
[2026-09-28 11:37:30.025] [pid:31632] [settingService] reading settings from: C:\Users\USER\Desktop\Personal\ZCode\.tmp\z1-native-1790566642265-7bfb99\home\.zcode\v2\setting.json
[2026-09-28 11:37:30.025] [pid:31632] [zcode-host] [rpc:listen] zcode-agent.onAgentRuntimeLifecycle subscribed
[2026-09-28 11:37:30.025] [pid:31632] [zcode-host] [rpc:listen] graphEngineering.onDidChange subscribed
[2026-09-28 11:37:30.025] [pid:31632] [zcode-host] [rpc:call] graphEngineering.isSessionOwned OK (0.0ms)
[2026-09-28 11:37:30.025] [pid:31632] [zcode-host] [rpc:listen] model-selection.onDidChange subscribed
[2026-09-28 11:37:30.025] [pid:31632] [zcode-host] [rpc:listen] zcode-agent.onAgentRuntimeRestarted subscribed
[2026-09-28 11:37:30.026] [pid:31632] [settingService] read result: {"recentProjects":[],"locale":"zh-CN","localePreference":"en-US","terminalInheritSystemProfile":true,"embeddedBrowserAllowInsecureCertificates":false,"embeddedBrowserViewportPreference":{"mode":"normal","viewport":{"width":393,"height":852},"zoom":"fit"},"computerUseComposerEntryHidden":true,"taskAutoArchiveEnabled":false,"taskAutoArchiveOlderThanDays":7,"closeToTrayOnWindows":false,"closeToTrayOnWindowsMigrationInitialized":true,"keepAwakeWhileRunning":false,"desktopChromiumHardwareAccelerationEnabled":true,"messageStreamShowReasoning":true,"messageStreamShowReasoningMigrationInitialized":true,"messageStreamShowTodos":false,"toolGroupingExploreEnabled":true,"toolGroupingTerminalEnabled":true,"toolGroupingChangesEnabled":false,"zcodeInteractionBehavior":"queue","askUserQuestionAutoResolutionEnabled":false,"modelIoFullRetentionEnabled":false,"startPlanRecommendationDismissed":false,"providerFamilyConnectionSelections":{},"providerFamilyDomain":"zai","providerFamilyDomainMigrated":true,"nativeSearchEnhancementsEnabled":true,"memoryEnabled":false,"lastWorkspaceSession":[{"kind":"local","workspacePath":"C:\\Users\\USER\\Desktop\\Personal\\ZCode\\.tmp\\z1-native-1790566642265-7bfb99\\workspace","workspacePurpose":"project"},{"kind":"local","workspacePath":"C:\\Users\\USER\\Desktop\\Personal\\ZCode\\.tmp\\z1-native-1790566642265-7bfb99\\data\\.zcode\\workspace\\default","workspacePurpose":"conversation"}],"lastActiveTabIndex":0,"receivePreviewUpdates":false,"autoDownloadAndInstallUpdates":false,"skippedElectronUpdateVersions":{},"settingsSyncFirstRunPromptHandled":true}
[2026-09-28 11:37:30.026] [pid:31632] [zcode-host] [rpc:call] setting.get OK (1.0ms)
[2026-09-28 11:37:30.026] [pid:31632] [zcode-host] [rpc:call] model-selection.getView OK (0.7ms)
[2026-09-28 11:37:30.026] [pid:31632] [zcode-host] [rpc:call] zcode-task.getTaskNativeSessionLogFile OK (0.2ms)
[2026-09-28 11:37:30.026] [pid:31632] [zcode-host] [rpc:call] zcode-task.getTaskSessionFilePath OK (0.0ms)
[2026-09-28 11:37:30.036] [pid:31632] [zcode-host] [rpc:call] zcode-agent.conversationWorkflowRunsV4 OK (1.3ms)
[2026-09-28 11:37:30.037] [pid:31632] [zcode-host] [rpc:call] zcode-agent.subscribeConversationV4 OK (2.1ms)
[2026-09-28 11:37:30.073] [pid:31632] [zcode-host] [rpc:listen] model-selection.onDidChange subscribed
[2026-09-28 11:37:30.073] [pid:31632] [zcode-host] [rpc:call] model-selection.getView OK (0.5ms)
[2026-09-28 11:37:30.078] [pid:31632] [zcode-host] [rpc:call] zcode-agent.conversationPlansV4 OK (0.8ms)
[2026-09-28 11:37:30.270] [pid:12696] [main] [host-log] (local-1) [host] [2026-09-28 11:37:30.024] [pid:31632] [zcode-host] [rpc:call] zcode-task.getTaskSessionFilePath OK (0.0ms)
[2026-09-28 11:37:30.271] [pid:12696] [renderer] v4 conversation store connect started {
  event: 'v4.conversation.store.connect.started',
  generation: 1,
  hasBase: false,
  module: 'ui.v4.conversation_projection_store',
  status: 'started',
  topic: 'conversation/sess_b648a996-7633-450f-9671-c11cf0247167'
}
[2026-09-28 11:37:30.272] [pid:12696] [renderer] v4 conversation subscription started {
  workspaceKey: 'C:\\Users\\USER\\Desktop\\Personal\\ZCode\\.tmp\\z1-native-1790566642265-7bfb99\\workspace',
  workspacePath: 'C:\\Users\\USER\\Desktop\\Personal\\ZCode\\.tmp\\z1-native-1790566642265-7bfb99\\workspace',
  event: 'v4.conversation.subscribe.started',
  module: 'ui.v4.conversation_transport',
  runtimeGeneration: 0,
  sessionId: 'sess_b648a996-7633-450f-9671-c11cf0247167',
  status: 'started',
  topic: 'conversation/sess_b648a996-7633-450f-9671-c11cf0247167'
}
[2026-09-28 11:37:30.273] [pid:12696] [renderer] v4 session data lease acquired {
  event: 'v4.session_data.acquire',
  keepWarm: false,
  module: 'ui.v4.session_data_layer',
  openKind: 'cold',
  refCount: 1,
  sessionId: 'sess_b648a996-7633-450f-9671-c11cf0247167',
  status: 'completed',
  topic: 'conversation/sess_b648a996-7633-450f-9671-c11cf0247167'
}
[2026-09-28 11:37:30.273] [pid:12696] [renderer] v4 conversation subscription acknowledged {
  workspaceKey: 'C:\\Users\\USER\\Desktop\\Personal\\ZCode\\.tmp\\z1-native-1790566642265-7bfb99\\workspace',
  workspacePath: 'C:\\Users\\USER\\Desktop\\Personal\\ZCode\\.tmp\\z1-native-1790566642265-7bfb99\\workspace',
  durationMs: 13,
  event: 'v4.conversation.subscribe.acknowledged',
  module: 'ui.v4.conversation_transport',
  runtimeGeneration: 0,
  sessionId: 'sess_b648a996-7633-450f-9671-c11cf0247167',
  status: 'completed',
  subscriptionId: 'sub-mukp5gvk-bvsbljwo-2',
  topic: 'conversation/sess_b648a996-7633-450f-9671-c11cf0247167'
}
[2026-09-28 11:37:30.274] [pid:12696] [renderer] v4 conversation subscription activated {
  workspaceKey: 'C:\\Users\\USER\\Desktop\\Personal\\ZCode\\.tmp\\z1-native-1790566642265-7bfb99\\workspace',
  workspacePath: 'C:\\Users\\USER\\Desktop\\Personal\\ZCode\\.tmp\\z1-native-1790566642265-7bfb99\\workspace',
  event: 'v4.conversation.subscribe.activated',
  module: 'ui.v4.conversation_transport',
  runtimeGeneration: 0,
  status: 'completed',
  subscriptionId: 'sub-mukp5gvk-bvsbljwo-2',
  topic: 'conversation/sess_b648a996-7633-450f-9671-c11cf0247167'
}
[2026-09-28 11:37:30.275] [pid:12696] [renderer] v4 conversation store connect completed {
  durationMs: 21,
  event: 'v4.conversation.store.connect.completed',
  generation: 1,
  logEpoch: 'mukp5gvk-bvsbljwo',
  mode: 'snapshot',
  module: 'ui.v4.conversation_projection_store',
  status: 'completed',
  subscriptionId: 'sub-mukp5gvk-bvsbljwo-2',
  topic: 'conversation/sess_b648a996-7633-450f-9671-c11cf0247167'
}
[2026-09-28 11:37:30.277] [pid:12696] [main] [host-log] (local-1) [host] [2026-09-28 11:37:30.025] [pid:31632] [zcode-host] [rpc:call] zcode-task.getTaskNativeSessionLogFile OK (0.3ms)
[2026-09-28 11:37:30.277] [pid:12696] [main] [host-log] (local-1) [host] [2026-09-28 11:37:30.025] [pid:31632] [zcode-host] [rpc:listen] zcode-agent.onAgentRuntimeLifecycle subscribed
[2026-09-28 11:37:30.278] [pid:12696] [main] [host-log] (local-1) [host] [2026-09-28 11:37:30.025] [pid:31632] [zcode-host] [rpc:listen] graphEngineering.onDidChange subscribed
[2026-09-28 11:37:30.279] [pid:12696] [main] [host-log] (local-1) [host] [2026-09-28 11:37:30.025] [pid:31632] [zcode-host] [rpc:call] graphEngineering.isSessionOwned OK (0.0ms)
[2026-09-28 11:37:30.279] [pid:12696] [main] [host-log] (local-1) [host] [2026-09-28 11:37:30.025] [pid:31632] [zcode-host] [rpc:listen] model-selection.onDidChange subscribed
[2026-09-28 11:37:30.280] [pid:12696] [main] [host-log] (local-1) [host] [2026-09-28 11:37:30.025] [pid:31632] [zcode-host] [rpc:listen] zcode-agent.onAgentRuntimeRestarted subscribed
[2026-09-28 11:37:30.281] [pid:12696] [main] [host-log] (local-1) [host] [2026-09-28 11:37:30.026] [pid:31632] [zcode-host] [rpc:call] setting.get OK (1.0ms)
[2026-09-28 11:37:30.282] [pid:12696] [main] [host-log] (local-1) [host] [2026-09-28 11:37:30.026] [pid:31632] [zcode-host] [rpc:call] model-selection.getView OK (0.7ms)
[2026-09-28 11:37:30.282] [pid:12696] [main] [host-log] (local-1) [host] [2026-09-28 11:37:30.026] [pid:31632] [zcode-host] [rpc:call] zcode-task.getTaskNativeSessionLogFile OK (0.2ms)
[2026-09-28 11:37:30.283] [pid:12696] [main] [host-log] (local-1) [host] [2026-09-28 11:37:30.026] [pid:31632] [zcode-host] [rpc:call] zcode-task.getTaskSessionFilePath OK (0.0ms)
[2026-09-28 11:37:30.283] [pid:12696] [main] [host-log] (local-1) [host] [2026-09-28 11:37:30.036] [pid:31632] [zcode-host] [rpc:call] zcode-agent.conversationWorkflowRunsV4 OK (1.3ms)
[2026-09-28 11:37:30.284] [pid:12696] [main] [host-log] (local-1) [host] [2026-09-28 11:37:30.037] [pid:31632] [zcode-host] [rpc:call] zcode-agent.subscribeConversationV4 OK (2.1ms)
[2026-09-28 11:37:30.285] [pid:12696] [main] [host-log] (local-1) [host] [2026-09-28 11:37:30.073] [pid:31632] [zcode-host] [rpc:listen] model-selection.onDidChange subscribed
[2026-09-28 11:37:30.286] [pid:12696] [main] [host-log] (local-1) [host] [2026-09-28 11:37:30.073] [pid:31632] [zcode-host] [rpc:call] model-selection.getView OK (0.5ms)
[2026-09-28 11:37:30.286] [pid:12696] [main] [host-log] (local-1) [host] [2026-09-28 11:37:30.078] [pid:31632] [zcode-host] [rpc:call] zcode-agent.conversationPlansV4 OK (0.8ms)
[Z1 child] [2026-09-28 11:37:30.380] [pid:31632] [settingService] reading settings from: C:\Users\USER\Desktop\Personal\ZCode\.tmp\z1-native-1790566642265-7bfb99\home\.zcode\v2\setting.json
[Z1 child] [2026-09-28 11:37:30.380] [pid:31632] [settingService] read result: {"recentProjects":[],"locale":"zh-CN","localePreference":"en-US","terminalInheritSystemProfile":true,"embeddedBrowserAllowInsecureCertificates":false,"embeddedBrowserViewportPreference":{"mode":"normal","viewport":{"width":393,"height":852},"zoom":"fit"},"computerUseComposerEntryHidden":true,"taskAutoArchiveEnabled":false,"taskAutoArchiveOlderThanDays":7,"closeToTrayOnWindows":false,"closeToTrayOnWindowsMigrationInitialized":true,"keepAwakeWhileRunning":false,"desktopChromiumHardwareAccelerationEnabled":true,"messageStreamShowReasoning":true,"messageStreamShowReasoningMigrationInitialized":true,"messageStreamShowTodos":false,"toolGroupingExploreEnabled":true,"toolGroupingTerminalEnabled":true,"toolGroupingChangesEnabled":false,"zcodeInteractionBehavior":"queue","askUserQuestionAutoResolutionEnabled":false,"modelIoFullRetentionEnabled":false,"startPlanRecommendationDismissed":false,"providerFamilyConnectionSelections":{},"providerFamilyDomain":"zai","providerFamilyDomainMigrated":true,"nativeSearchEnhancementsEnabled":true,"memoryEnabled":false,"lastWorkspaceSession":[{"kind":"local","workspacePath":"C:\\Users\\USER\\Desktop\\Personal\\ZCode\\.tmp\\z1-native-1790566642265-7bfb99\\workspace","workspacePurpose":"project"},{"kind":"local","workspacePath":"C:\\Users\\USER\\Desktop\\Personal\\ZCode\\.tmp\\z1-native-1790566642265-7bfb99\\data\\.zcode\\workspace\\default","workspacePurpose":"conversation"}],"lastActiveTabIndex":0,"receivePreviewUpdates":false,"autoDownloadAndInstallUpdates":false,"skippedElectronUpdateVersions":{},"settingsSyncFirstRunPromptHandled":true}
[2026-09-28 11:37:30.380] [pid:12696] [main] [host-log] (local-1) [host] [2026-09-28 11:37:30.380] [pid:31632] [settingService] writing settings to: C:\Users\USER\Desktop\Personal\ZCode\.tmp\z1-native-1790566642265-7bfb99\home\.zcode\v2\setting.json {"recentProjects":[],"locale":"zh-CN","localePreference":"en-US","terminalInheritSystemProfile":true,"embeddedBrowserAllowInsecureCertificates":false,"embeddedBrowserViewportPreference":{"mode":"normal","viewport":{"width":393,"height":852},"zoom":"fit"},"computerUseComposerEntryHidden":true,"taskAutoArchiveEnabled":false,"taskAutoArchiveOlderThanDays":7,"closeToTrayOnWindows":false,"closeToTrayOnWindowsMigrationInitialized":true,"keepAwakeWhileRunning":false,"desktopChromiumHardwareAccelerationEnabled":true,"messageStreamShowReasoning":true,"messageStreamShowReasoningMigrationInitialized":true,"messageStreamShowTodos":false,"toolGroupingExploreEnabled":true,"toolGroupingTerminalEnabled":true,"toolGroupingChangesEnabled":false,"zcodeInteractionBehavior":"queue","askUserQuestionAutoResolutionEnabled":false,"modelIoFullRetentionEnabled":false,"startPlanRecommendationDismissed":false,"providerFamilyConnectionSelections":{},"providerFamilyDomain":"zai","providerFamilyDomainMigrated":true,"nativeSearchEnhancementsEnabled":true,"memoryEnabled":false,"lastWorkspaceSession":[{"kind":"local","workspacePath":"C:\\Users\\USER\\Desktop\\Personal\\ZCode\\.tmp\\z1-native-1790566642265-7bfb99\\workspace","workspacePurpose":"project"},{"kind":"local","workspacePath":"C:\\Users\\USER\\Desktop\\Personal\\ZCode\\.tmp\\z1-native-1790566642265-7bfb99\\data\\.zcode\\workspace\\default","workspacePurpose":"conversation"}],"lastActiveTabIndex":0,"receivePreviewUpdates":false,"autoDownloadAndInstallUpdates":false,"skippedElectronUpdateVersions":{},"settingsSyncFirstRunPromptHandled":true}
[Z1 child] [2026-09-28 11:37:30.380] [pid:31632] [settingService] writing settings to: C:\Users\USER\Desktop\Personal\ZCode\.tmp\z1-native-1790566642265-7bfb99\home\.zcode\v2\setting.json {"recentProjects":[],"locale":"zh-CN","localePreference":"en-US","terminalInheritSystemProfile":true,"embeddedBrowserAllowInsecureCertificates":false,"embeddedBrowserViewportPreference":{"mode":"normal","viewport":{"width":393,"height":852},"zoom":"fit"},"computerUseComposerEntryHidden":true,"taskAutoArchiveEnabled":false,"taskAutoArchiveOlderThanDays":7,"closeToTrayOnWindows":false,"closeToTrayOnWindowsMigrationInitialized":true,"keepAwakeWhileRunning":false,"desktopChromiumHardwareAccelerationEnabled":true,"messageStreamShowReasoning":true,"messageStreamShowReasoningMigrationInitialized":true,"messageStreamShowTodos":false,"toolGroupingExploreEnabled":true,"toolGroupingTerminalEnabled":true,"toolGroupingChangesEnabled":false,"zcodeInteractionBehavior":"queue","askUserQuestionAutoResolutionEnabled":false,"modelIoFullRetentionEnabled":false,"startPlanRecommendationDismissed":false,"providerFamilyConnectionSelections":{},"providerFamilyDomain":"zai","providerFamilyDomainMigrated":true,"nativeSearchEnhancementsEnabled":true,"memoryEnabled":false,"lastWorkspaceSession":[{"kind":"local","workspacePath":"C:\\Users\\USER\\Desktop\\Personal\\ZCode\\.tmp\\z1-native-1790566642265-7bfb99\\workspace","workspacePurpose":"project"},{"kind":"local","workspacePath":"C:\\Users\\USER\\Desktop\\Personal\\ZCode\\.tmp\\z1-native-1790566642265-7bfb99\\data\\.zcode\\workspace\\default","workspacePurpose":"conversation"}],"lastActiveTabIndex":0,"receivePreviewUpdates":false,"autoDownloadAndInstallUpdates":false,"skippedElectronUpdateVersions":{},"settingsSyncFirstRunPromptHandled":true}
[Z1 child] [2026-09-28 11:37:30.385] [pid:31632] [settingService] write done
[2026-09-28 11:37:30.385] [pid:12696] [main] [host-log] (local-1) [host] [2026-09-28 11:37:30.385] [pid:31632] [settingService] write done
[2026-09-28 11:37:30.386] [pid:12696] [main] [host-log] (local-1) [host] [2026-09-28 11:37:30.385] [pid:31632] [zcode-host] [rpc:call] setting.update OK (6.0ms)
[Z1 child] [2026-09-28 11:37:30.385] [pid:31632] [zcode-host] [rpc:call] setting.update OK (6.0ms)
[2026-09-28 11:37:30.568] [pid:12696] [settingService] writing settings to: C:\Users\USER\Desktop\Personal\ZCode\.tmp\z1-native-1790566642265-7bfb99\home\.zcode\v2\setting.json {"recentProjects":[],"locale":"zh-CN","localePreference":"en-US","terminalInheritSystemProfile":true,"embeddedBrowserAllowInsecureCertificates":false,"embeddedBrowserViewportPreference":{"mode":"normal","viewport":{"width":393,"height":852},"zoom":"fit"},"computerUseComposerEntryHidden":true,"taskAutoArchiveEnabled":false,"taskAutoArchiveOlderThanDays":7,"closeToTrayOnWindows":false,"closeToTrayOnWindowsMigrationInitialized":true,"keepAwakeWhileRunning":false,"desktopWindowSize":{"width":1600,"height":1000,"maximized":false},"desktopChromiumHardwareAccelerationEnabled":true,"messageStreamShowReasoning":true,"messageStreamShowReasoningMigrationInitialized":true,"messageStreamShowTodos":false,"toolGroupingExploreEnabled":true,"toolGroupingTerminalEnabled":true,"toolGroupingChangesEnabled":false,"zcodeInteractionBehavior":"queue","askUserQuestionAutoResolutionEnabled":false,"modelIoFullRetentionEnabled":false,"startPlanRecommendationDismissed":false,"providerFamilyConnectionSelections":{},"providerFamilyDomain":"zai","providerFamilyDomainMigrated":true,"nativeSearchEnhancementsEnabled":true,"memoryEnabled":false,"lastWorkspaceSession":[{"kind":"local","workspacePath":"C:\\Users\\USER\\Desktop\\Personal\\ZCode\\.tmp\\z1-native-1790566642265-7bfb99\\workspace","workspacePurpose":"project"},{"kind":"local","workspacePath":"C:\\Users\\USER\\Desktop\\Personal\\ZCode\\.tmp\\z1-native-1790566642265-7bfb99\\data\\.zcode\\workspace\\default","workspacePurpose":"conversation"}],"lastActiveTabIndex":0,"receivePreviewUpdates":false,"autoDownloadAndInstallUpdates":false,"skippedElectronUpdateVersions":{},"settingsSyncFirstRunPromptHandled":true}
[2026-09-28 11:37:30.573] [pid:12696] [settingService] write done
[Z1 child] [2026-09-28 11:37:30.672] [pid:31632] [zcode-host] [rpc:call] zcode-agent.sendConversationCommandV4 OK (3.3ms)
[2026-09-28 11:37:30.672] [pid:12696] [main] [host-log] (local-1) [host] [2026-09-28 11:37:30.672] [pid:31632] [zcode-host] [rpc:call] zcode-agent.sendConversationCommandV4 OK (3.3ms)
[Z1 child] [2026-09-28 11:37:30.742] [pid:31632] [cua-pip-session] [cua-pip-session] event delivery dropped {
  eventId: '85553e0e-5bfd-43de-8ee6-be354d1f0c0b',
  kind: 'turn-ended',
  sequenceNumber: 55,
  sessionId: 'sess_b648a996-7633-450f-9671-c11cf0247167',
  turnId: 'turn_11a8a209-9ffd-445c-9ae2-b38a1e9d610b',
  outcome: 'completed',
  skipReason: 'service-disabled'
}
[2026-09-28 11:37:30.743] [pid:12696] [main] [host-log] (local-1) [host] [2026-09-28 11:37:30.742] [pid:31632] [cua-pip-session] [cua-pip-session] event delivery dropped {"eventId":"85553e0e-5bfd-43de-8ee6-be354d1f0c0b","kind":"turn-ended","sequenceNumber":55,"sessionId":"sess_b648a996-7633-450f-9671-c11cf0247167","turnId":"turn_11a8a209-9ffd-445c-9ae2-b38a1e9d610b","outcome":"completed","skipReason":"service-disabled"}
[Z1 child] [2026-09-28 11:37:30.743] [pid:31632] [zcode-task-index-syncer] task 终态未读裁决 {
  goalStatus: null,
  phase: 'completedSuccess',
  taskId: 'sess_b648a996-7633-450f-9671-c11cf0247167',
  unreadSignal: 'background_terminal'
}
[Z1 child] [2026-09-28 11:37:30.744] [pid:31632] [zcode-task-index-syncer] [list-refresh-trace] emitWorkspaceTaskListChanged reason=task_status_changed taskId=sess_b648a996-7633-450f-9671-c11cf0247167 workspace=C:\Users\USER\Desktop\Personal\ZCode\.tmp\z1-native-1790566642265-7bfb99\workspace hasMeta=true
[Z1 child] [2026-09-28 11:37:30.781] [pid:31632] [zcode-host] [rpc:call] graphEngineering.isSessionOwned OK (0.0ms)
[2026-09-28 11:37:30.781] [pid:12696] [main] [host-log] (local-1) [host] [2026-09-28 11:37:30.781] [pid:31632] [zcode-host] [rpc:call] graphEngineering.isSessionOwned OK (0.0ms)
[Z1 child] [2026-09-28 11:37:30.829] [pid:31632] [zcode-task-index-syncer] [list-refresh-trace] emitWorkspaceTaskListChanged reason=task_title_changed taskId=sess_b648a996-7633-450f-9671-c11cf0247167 workspace=C:\Users\USER\Desktop\Personal\ZCode\.tmp\z1-native-1790566642265-7bfb99\workspace hasMeta=true
[Z1 child] [2026-09-28 11:37:30.831] [pid:31632] [zcode-task-index-syncer] [list-refresh-trace] emitWorkspaceTaskListChanged reason=task_status_changed taskId=sess_b648a996-7633-450f-9671-c11cf0247167 workspace=C:\Users\USER\Desktop\Personal\ZCode\.tmp\z1-native-1790566642265-7bfb99\workspace hasMeta=true
[Z1 child] [2026-09-28 11:37:30.900] [pid:31632] [zcode-host] [rpc:call] graphEngineering.isSessionOwned OK (0.0ms)
[2026-09-28 11:37:30.900] [pid:12696] [main] [host-log] (local-1) [host] [2026-09-28 11:37:30.900] [pid:31632] [zcode-host] [rpc:call] graphEngineering.isSessionOwned OK (0.0ms)
[2026-09-28 11:37:30.916] [pid:12696] [renderer] v4 workspace connection lease released {
  event: 'v4.workspace_connection.release',
  keepWarmMs: 30000,
  key: '__base__ C:\\Users\\USER\\Desktop\\Personal\\ZCode\\.tmp\\z1-native-1790566642265-7bfb99\\workspace',
  module: 'ui.v4.workspace_connection_registry',
  refCount: 0,
  status: 'keep_warm'
}
[2026-09-28 11:37:30.917] [pid:12696] [renderer] v4 session data lease released {
  event: 'v4.session_data.release',
  keepWarmMs: 30000,
  module: 'ui.v4.session_data_layer',
  refCount: 0,
  status: 'keep_warm',
  topic: 'conversation/sess_b648a996-7633-450f-9671-c11cf0247167'
}
[Z1 child] [2026-09-28 11:37:30.918] [pid:31632] [zcode-host] [rpc:listen] graphEngineering.onDidChange subscribed
[2026-09-28 11:37:30.918] [pid:12696] [main] [host-log] (local-1) [host] [2026-09-28 11:37:30.918] [pid:31632] [zcode-host] [rpc:listen] graphEngineering.onDidChange subscribed
[Z1 child] [2026-09-28 11:37:30.979] [pid:31632] [zcode-agent-service] 开始初始化 ZCode agent {
  workspaceKey: 'C:\\Users\\USER\\Desktop\\Personal\\ZCode\\.tmp\\z1-native-1790566642265-7bfb99\\workspace',
  workspacePath: 'C:\\Users\\USER\\Desktop\\Personal\\ZCode\\.tmp\\z1-native-1790566642265-7bfb99\\workspace'
}
[2026-09-28 11:37:30.979] [pid:12696] [main] [host-log] (local-1) [host] [2026-09-28 11:37:30.979] [pid:31632] [zcode-agent-service] 开始初始化 ZCode agent {"workspaceKey":"C:\\Users\\USER\\Desktop\\Personal\\ZCode\\.tmp\\z1-native-1790566642265-7bfb99\\workspace","workspacePath":"C:\\Users\\USER\\Desktop\\Personal\\ZCode\\.tmp\\z1-native-1790566642265-7bfb99\\workspace"}
[Z1 child] [2026-09-28 11:37:30.979] [pid:31632] [zcode-agent-service] ZCode agent 初始化完成 {
  durationMs: 0,
  transportKind: 'stdio',
  workspaceKey: 'C:\\Users\\USER\\Desktop\\Personal\\ZCode\\.tmp\\z1-native-1790566642265-7bfb99\\workspace',
  workspacePath: 'C:\\Users\\USER\\Desktop\\Personal\\ZCode\\.tmp\\z1-native-1790566642265-7bfb99\\workspace'
}
[2026-09-28 11:37:30.979] [pid:31632] [zcode-session-service][trace:f74fca5d-c852-4429-b43d-3075fbcead93] [zcode-session-service] createSession 分配 session trace {
  persistence: 'deferred',
  workspaceIdentity: undefined,
  workspacePath: 'C:\\Users\\USER\\Desktop\\Personal\\ZCode\\.tmp\\z1-native-1790566642265-7bfb99\\workspace'
}
[2026-09-28 11:37:30.979] [pid:31632] [zcode-agent-service][trace:f74fca5d-c852-4429-b43d-3075fbcead93] 开始请求 ZCode Protocol session/create {
  hasInitialModel: false,
  hasInitialThoughtLevel: false,
  initialModel: null,
  mcpServerCount: 0,
  mcpServerNames: [],
  persistence: 'deferred',
  workspaceKey: 'C:\\Users\\USER\\Desktop\\Personal\\ZCode\\.tmp\\z1-native-1790566642265-7bfb99\\workspace',
  workspacePath: 'C:\\Users\\USER\\Desktop\\Personal\\ZCode\\.tmp\\z1-native-1790566642265-7bfb99\\workspace'
}
[2026-09-28 11:37:30.980] [pid:12696] [main] [host-log] (local-1) [host] [2026-09-28 11:37:30.979] [pid:31632] [zcode-agent-service] ZCode agent 初始化完成 {"durationMs":0,"transportKind":"stdio","workspaceKey":"C:\\Users\\USER\\Desktop\\Personal\\ZCode\\.tmp\\z1-native-1790566642265-7bfb99\\workspace","workspacePath":"C:\\Users\\USER\\Desktop\\Personal\\ZCode\\.tmp\\z1-native-1790566642265-7bfb99\\workspace"}
[2026-09-28 11:37:30.981] [pid:12696] [main] [host-log] (local-1) [host] [2026-09-28 11:37:30.979] [pid:31632] [zcode-session-service][trace:f74fca5d-c852-4429-b43d-3075fbcead93] [zcode-session-service] createSession 分配 session trace {"persistence":"deferred","workspacePath":"C:\\Users\\USER\\Desktop\\Personal\\ZCode\\.tmp\\z1-native-1790566642265-7bfb99\\workspace"}
[2026-09-28 11:37:30.982] [pid:12696] [main] [host-log] (local-1) [host] [2026-09-28 11:37:30.979] [pid:31632] [zcode-agent-service][trace:f74fca5d-c852-4429-b43d-3075fbcead93] 开始请求 ZCode Protocol session/create {"hasInitialModel":false,"hasInitialThoughtLevel":false,"initialModel":null,"mcpServerCount":0,"mcpServerNames":[],"persistence":"deferred","workspaceKey":"C:\\Users\\USER\\Desktop\\Personal\\ZCode\\.tmp\\z1-native-1790566642265-7bfb99\\workspace","workspacePath":"C:\\Users\\USER\\Desktop\\Personal\\ZCode\\.tmp\\z1-native-1790566642265-7bfb99\\workspace"}
[Z1 child] [2026-09-28 11:37:30.981] [pid:31632] [settingService] reading settings from: C:\Users\USER\Desktop\Personal\ZCode\.tmp\z1-native-1790566642265-7bfb99\home\.zcode\v2\setting.json
[2026-09-28 11:37:30.981] [pid:31632] [settingService] read result: {"recentProjects":[],"locale":"zh-CN","localePreference":"en-US","terminalInheritSystemProfile":true,"embeddedBrowserAllowInsecureCertificates":false,"embeddedBrowserViewportPreference":{"mode":"normal","viewport":{"width":393,"height":852},"zoom":"fit"},"computerUseComposerEntryHidden":true,"taskAutoArchiveEnabled":false,"taskAutoArchiveOlderThanDays":7,"closeToTrayOnWindows":false,"closeToTrayOnWindowsMigrationInitialized":true,"keepAwakeWhileRunning":false,"desktopWindowSize":{"width":1600,"height":1000,"maximized":false},"desktopChromiumHardwareAccelerationEnabled":true,"messageStreamShowReasoning":true,"messageStreamShowReasoningMigrationInitialized":true,"messageStreamShowTodos":false,"toolGroupingExploreEnabled":true,"toolGroupingTerminalEnabled":true,"toolGroupingChangesEnabled":false,"zcodeInteractionBehavior":"queue","askUserQuestionAutoResolutionEnabled":false,"modelIoFullRetentionEnabled":false,"startPlanRecommendationDismissed":false,"providerFamilyConnectionSelections":{},"providerFamilyDomain":"zai","providerFamilyDomainMigrated":true,"nativeSearchEnhancementsEnabled":true,"memoryEnabled":false,"lastWorkspaceSession":[{"kind":"local","workspacePath":"C:\\Users\\USER\\Desktop\\Personal\\ZCode\\.tmp\\z1-native-1790566642265-7bfb99\\workspace","workspacePurpose":"project"},{"kind":"local","workspacePath":"C:\\Users\\USER\\Desktop\\Personal\\ZCode\\.tmp\\z1-native-1790566642265-7bfb99\\data\\.zcode\\workspace\\default","workspacePurpose":"conversation"}],"lastActiveTabIndex":0,"receivePreviewUpdates":false,"autoDownloadAndInstallUpdates":false,"skippedElectronUpdateVersions":{},"settingsSyncFirstRunPromptHandled":true}
[Z1 child] [2026-09-28 11:37:31.043] [pid:31632] [zcode-agent-service][trace:f74fca5d-c852-4429-b43d-3075fbcead93] ZCode Protocol session/create 完成 {
  durationMs: 64,
  messageCount: 0,
  modelCurrent: 'z1-local-fixture/z1-fixture$enabled',
  mcpServerCount: 0,
  persistence: 'deferred',
  sessionId: 'sess_1b70b064-36e5-40b4-abfd-845bfb10a5bf',
  snapshotTraceId: 'f74fca5d-c852-4429-b43d-3075fbcead93',
  workspaceKey: 'C:\\Users\\USER\\Desktop\\Personal\\ZCode\\.tmp\\z1-native-1790566642265-7bfb99\\workspace',
  workspacePath: 'C:\\Users\\USER\\Desktop\\Personal\\ZCode\\.tmp\\z1-native-1790566642265-7bfb99\\workspace'
}
[2026-09-28 11:37:31.043] [pid:31632] [zcode-session-service][trace:f74fca5d-c852-4429-b43d-3075fbcead93] [zcode-session-service] createSession agent 返回 {
  durationMs: 64,
  mcpServerCount: 0,
  persistence: 'deferred',
  snapshotTraceId: 'f74fca5d-c852-4429-b43d-3075fbcead93',
  sessionId: 'sess_1b70b064-36e5-40b4-abfd-845bfb10a5bf',
  workspaceIdentity: undefined,
  workspacePath: 'C:\\Users\\USER\\Desktop\\Personal\\ZCode\\.tmp\\z1-native-1790566642265-7bfb99\\workspace'
}
[2026-09-28 11:37:31.043] [pid:12696] [main] [host-log] (local-1) [host] [2026-09-28 11:37:31.043] [pid:31632] [zcode-agent-service][trace:f74fca5d-c852-4429-b43d-3075fbcead93] ZCode Protocol session/create 完成 {"durationMs":64,"messageCount":0,"modelCurrent":"z1-local-fixture/z1-fixture$enabled","mcpServerCount":0,"persistence":"deferred","sessionId":"sess_1b70b064-36e5-40b4-abfd-845bfb10a5bf","snapshotTraceId":"f74fca5d-c852-4429-b43d-3075fbcead93","workspaceKey":"C:\\Users\\USER\\Desktop\\Personal\\ZCode\\.tmp\\z1-native-1790566642265-7bfb99\\workspace","workspacePath":"C:\\Users\\USER\\Desktop\\Personal\\ZCode\\.tmp\\z1-native-1790566642265-7bfb99\\workspace"}
[2026-09-28 11:37:31.043] [pid:12696] [main] [host-log] (local-1) [host] [2026-09-28 11:37:31.043] [pid:31632] [zcode-session-service][trace:f74fca5d-c852-4429-b43d-3075fbcead93] [zcode-session-service] createSession agent 返回 {"durationMs":64,"mcpServerCount":0,"persistence":"deferred","snapshotTraceId":"f74fca5d-c852-4429-b43d-3075fbcead93","sessionId":"sess_1b70b064-36e5-40b4-abfd-845bfb10a5bf","workspacePath":"C:\\Users\\USER\\Desktop\\Personal\\ZCode\\.tmp\\z1-native-1790566642265-7bfb99\\workspace"}
[Z1 child] [2026-09-28 11:37:31.089] [pid:31632] [settingService] reading settings from: C:\Users\USER\Desktop\Personal\ZCode\.tmp\z1-native-1790566642265-7bfb99\home\.zcode\v2\setting.json
[Z1 child] [2026-09-28 11:37:31.089] [pid:31632] [settingService] read result: {"recentProjects":[],"locale":"zh-CN","localePreference":"en-US","terminalInheritSystemProfile":true,"embeddedBrowserAllowInsecureCertificates":false,"embeddedBrowserViewportPreference":{"mode":"normal","viewport":{"width":393,"height":852},"zoom":"fit"},"computerUseComposerEntryHidden":true,"taskAutoArchiveEnabled":false,"taskAutoArchiveOlderThanDays":7,"closeToTrayOnWindows":false,"closeToTrayOnWindowsMigrationInitialized":true,"keepAwakeWhileRunning":false,"desktopWindowSize":{"width":1600,"height":1000,"maximized":false},"desktopChromiumHardwareAccelerationEnabled":true,"messageStreamShowReasoning":true,"messageStreamShowReasoningMigrationInitialized":true,"messageStreamShowTodos":false,"toolGroupingExploreEnabled":true,"toolGroupingTerminalEnabled":true,"toolGroupingChangesEnabled":false,"zcodeInteractionBehavior":"queue","askUserQuestionAutoResolutionEnabled":false,"modelIoFullRetentionEnabled":false,"startPlanRecommendationDismissed":false,"providerFamilyConnectionSelections":{},"providerFamilyDomain":"zai","providerFamilyDomainMigrated":true,"nativeSearchEnhancementsEnabled":true,"memoryEnabled":false,"lastWorkspaceSession":[{"kind":"local","workspacePath":"C:\\Users\\USER\\Desktop\\Personal\\ZCode\\.tmp\\z1-native-1790566642265-7bfb99\\workspace","workspacePurpose":"project"},{"kind":"local","workspacePath":"C:\\Users\\USER\\Desktop\\Personal\\ZCode\\.tmp\\z1-native-1790566642265-7bfb99\\data\\.zcode\\workspace\\default","workspacePurpose":"conversation"}],"lastActiveTabIndex":0,"receivePreviewUpdates":false,"autoDownloadAndInstallUpdates":false,"skippedElectronUpdateVersions":{},"settingsSyncFirstRunPromptHandled":true}
[Z1 child] [2026-09-28 11:37:31.090] [pid:31632] [zcode-host] [rpc:call] graphEngineering.getWorkspace OK (172.3ms)
[2026-09-28 11:37:31.090] [pid:12696] [main] [host-log] (local-1) [host] [2026-09-28 11:37:31.090] [pid:31632] [zcode-host] [rpc:call] graphEngineering.getWorkspace OK (172.3ms)
[Z1 child] [2026-09-28 11:37:31.091] [pid:31632] [settingService] reading settings from: C:\Users\USER\Desktop\Personal\ZCode\.tmp\z1-native-1790566642265-7bfb99\home\.zcode\v2\setting.json
[2026-09-28 11:37:31.091] [pid:31632] [settingService] read result: {"recentProjects":[],"locale":"zh-CN","localePreference":"en-US","terminalInheritSystemProfile":true,"embeddedBrowserAllowInsecureCertificates":false,"embeddedBrowserViewportPreference":{"mode":"normal","viewport":{"width":393,"height":852},"zoom":"fit"},"computerUseComposerEntryHidden":true,"taskAutoArchiveEnabled":false,"taskAutoArchiveOlderThanDays":7,"closeToTrayOnWindows":false,"closeToTrayOnWindowsMigrationInitialized":true,"keepAwakeWhileRunning":false,"desktopWindowSize":{"width":1600,"height":1000,"maximized":false},"desktopChromiumHardwareAccelerationEnabled":true,"messageStreamShowReasoning":true,"messageStreamShowReasoningMigrationInitialized":true,"messageStreamShowTodos":false,"toolGroupingExploreEnabled":true,"toolGroupingTerminalEnabled":true,"toolGroupingChangesEnabled":false,"zcodeInteractionBehavior":"queue","askUserQuestionAutoResolutionEnabled":false,"modelIoFullRetentionEnabled":false,"startPlanRecommendationDismissed":false,"providerFamilyConnectionSelections":{},"providerFamilyDomain":"zai","providerFamilyDomainMigrated":true,"nativeSearchEnhancementsEnabled":true,"memoryEnabled":false,"lastWorkspaceSession":[{"kind":"local","workspacePath":"C:\\Users\\USER\\Desktop\\Personal\\ZCode\\.tmp\\z1-native-1790566642265-7bfb99\\workspace","workspacePurpose":"project"},{"kind":"local","workspacePath":"C:\\Users\\USER\\Desktop\\Personal\\ZCode\\.tmp\\z1-native-1790566642265-7bfb99\\data\\.zcode\\workspace\\default","workspacePurpose":"conversation"}],"lastActiveTabIndex":0,"receivePreviewUpdates":false,"autoDownloadAndInstallUpdates":false,"skippedElectronUpdateVersions":{},"settingsSyncFirstRunPromptHandled":true}
[Z1 child] [2026-09-28 11:37:31.092] [pid:31632] [zcode-host] [rpc:call] graphEngineering.getWorkspace OK (112.1ms)
[2026-09-28 11:37:31.092] [pid:12696] [main] [host-log] (local-1) [host] [2026-09-28 11:37:31.092] [pid:31632] [zcode-host] [rpc:call] graphEngineering.getWorkspace OK (112.1ms)
[Z1 child] [2026-09-28 11:37:31.092] [pid:31632] [settingService] reading settings from: C:\Users\USER\Desktop\Personal\ZCode\.tmp\z1-native-1790566642265-7bfb99\home\.zcode\v2\setting.json
[2026-09-28 11:37:31.092] [pid:31632] [settingService] read result: {"recentProjects":[],"locale":"zh-CN","localePreference":"en-US","terminalInheritSystemProfile":true,"embeddedBrowserAllowInsecureCertificates":false,"embeddedBrowserViewportPreference":{"mode":"normal","viewport":{"width":393,"height":852},"zoom":"fit"},"computerUseComposerEntryHidden":true,"taskAutoArchiveEnabled":false,"taskAutoArchiveOlderThanDays":7,"closeToTrayOnWindows":false,"closeToTrayOnWindowsMigrationInitialized":true,"keepAwakeWhileRunning":false,"desktopWindowSize":{"width":1600,"height":1000,"maximized":false},"desktopChromiumHardwareAccelerationEnabled":true,"messageStreamShowReasoning":true,"messageStreamShowReasoningMigrationInitialized":true,"messageStreamShowTodos":false,"toolGroupingExploreEnabled":true,"toolGroupingTerminalEnabled":true,"toolGroupingChangesEnabled":false,"zcodeInteractionBehavior":"queue","askUserQuestionAutoResolutionEnabled":false,"modelIoFullRetentionEnabled":false,"startPlanRecommendationDismissed":false,"providerFamilyConnectionSelections":{},"providerFamilyDomain":"zai","providerFamilyDomainMigrated":true,"nativeSearchEnhancementsEnabled":true,"memoryEnabled":false,"lastWorkspaceSession":[{"kind":"local","workspacePath":"C:\\Users\\USER\\Desktop\\Personal\\ZCode\\.tmp\\z1-native-1790566642265-7bfb99\\workspace","workspacePurpose":"project"},{"kind":"local","workspacePath":"C:\\Users\\USER\\Desktop\\Personal\\ZCode\\.tmp\\z1-native-1790566642265-7bfb99\\data\\.zcode\\workspace\\default","workspacePurpose":"conversation"}],"lastActiveTabIndex":0,"receivePreviewUpdates":false,"autoDownloadAndInstallUpdates":false,"skippedElectronUpdateVersions":{},"settingsSyncFirstRunPromptHandled":true}
[Z1 child] [2026-09-28 11:37:31.093] [pid:31632] [zcode-host] [rpc:call] graphEngineering.getWorkspace OK (46.1ms)
[2026-09-28 11:37:31.093] [pid:12696] [main] [host-log] (local-1) [host] [2026-09-28 11:37:31.093] [pid:31632] [zcode-host] [rpc:call] graphEngineering.getWorkspace OK (46.1ms)
[Z1 child] [2026-09-28 11:37:31.093] [pid:31632] [settingService] reading settings from: C:\Users\USER\Desktop\Personal\ZCode\.tmp\z1-native-1790566642265-7bfb99\home\.zcode\v2\setting.json
[2026-09-28 11:37:31.093] [pid:31632] [settingService] read result: {"recentProjects":[],"locale":"zh-CN","localePreference":"en-US","terminalInheritSystemProfile":true,"embeddedBrowserAllowInsecureCertificates":false,"embeddedBrowserViewportPreference":{"mode":"normal","viewport":{"width":393,"height":852},"zoom":"fit"},"computerUseComposerEntryHidden":true,"taskAutoArchiveEnabled":false,"taskAutoArchiveOlderThanDays":7,"closeToTrayOnWindows":false,"closeToTrayOnWindowsMigrationInitialized":true,"keepAwakeWhileRunning":false,"desktopWindowSize":{"width":1600,"height":1000,"maximized":false},"desktopChromiumHardwareAccelerationEnabled":true,"messageStreamShowReasoning":true,"messageStreamShowReasoningMigrationInitialized":true,"messageStreamShowTodos":false,"toolGroupingExploreEnabled":true,"toolGroupingTerminalEnabled":true,"toolGroupingChangesEnabled":false,"zcodeInteractionBehavior":"queue","askUserQuestionAutoResolutionEnabled":false,"modelIoFullRetentionEnabled":false,"startPlanRecommendationDismissed":false,"providerFamilyConnectionSelections":{},"providerFamilyDomain":"zai","providerFamilyDomainMigrated":true,"nativeSearchEnhancementsEnabled":true,"memoryEnabled":false,"lastWorkspaceSession":[{"kind":"local","workspacePath":"C:\\Users\\USER\\Desktop\\Personal\\ZCode\\.tmp\\z1-native-1790566642265-7bfb99\\workspace","workspacePurpose":"project"},{"kind":"local","workspacePath":"C:\\Users\\USER\\Desktop\\Personal\\ZCode\\.tmp\\z1-native-1790566642265-7bfb99\\data\\.zcode\\workspace\\default","workspacePurpose":"conversation"}],"lastActiveTabIndex":0,"receivePreviewUpdates":false,"autoDownloadAndInstallUpdates":false,"skippedElectronUpdateVersions":{},"settingsSyncFirstRunPromptHandled":true}
[Z1 child] [2026-09-28 11:37:31.094] [pid:31632] [zcode-host] [rpc:call] graphEngineering.getWorkspace OK (15.3ms)
[2026-09-28 11:37:31.094] [pid:12696] [main] [host-log] (local-1) [host] [2026-09-28 11:37:31.094] [pid:31632] [zcode-host] [rpc:call] graphEngineering.getWorkspace OK (15.3ms)
[Z1 child] [2026-09-28 11:37:31.094] [pid:31632] [settingService] reading settings from: C:\Users\USER\Desktop\Personal\ZCode\.tmp\z1-native-1790566642265-7bfb99\home\.zcode\v2\setting.json
[Z1 child] [2026-09-28 11:37:31.095] [pid:31632] [settingService] read result: {"recentProjects":[],"locale":"zh-CN","localePreference":"en-US","terminalInheritSystemProfile":true,"embeddedBrowserAllowInsecureCertificates":false,"embeddedBrowserViewportPreference":{"mode":"normal","viewport":{"width":393,"height":852},"zoom":"fit"},"computerUseComposerEntryHidden":true,"taskAutoArchiveEnabled":false,"taskAutoArchiveOlderThanDays":7,"closeToTrayOnWindows":false,"closeToTrayOnWindowsMigrationInitialized":true,"keepAwakeWhileRunning":false,"desktopWindowSize":{"width":1600,"height":1000,"maximized":false},"desktopChromiumHardwareAccelerationEnabled":true,"messageStreamShowReasoning":true,"messageStreamShowReasoningMigrationInitialized":true,"messageStreamShowTodos":false,"toolGroupingExploreEnabled":true,"toolGroupingTerminalEnabled":true,"toolGroupingChangesEnabled":false,"zcodeInteractionBehavior":"queue","askUserQuestionAutoResolutionEnabled":false,"modelIoFullRetentionEnabled":false,"startPlanRecommendationDismissed":false,"providerFamilyConnectionSelections":{},"providerFamilyDomain":"zai","providerFamilyDomainMigrated":true,"nativeSearchEnhancementsEnabled":true,"memoryEnabled":false,"lastWorkspaceSession":[{"kind":"local","workspacePath":"C:\\Users\\USER\\Desktop\\Personal\\ZCode\\.tmp\\z1-native-1790566642265-7bfb99\\workspace","workspacePurpose":"project"},{"kind":"local","workspacePath":"C:\\Users\\USER\\Desktop\\Personal\\ZCode\\.tmp\\z1-native-1790566642265-7bfb99\\data\\.zcode\\workspace\\default","workspacePurpose":"conversation"}],"lastActiveTabIndex":0,"receivePreviewUpdates":false,"autoDownloadAndInstallUpdates":false,"skippedElectronUpdateVersions":{},"settingsSyncFirstRunPromptHandled":true}
[Z1 child] [2026-09-28 11:37:31.095] [pid:31632] [zcode-host] [rpc:call] graphEngineering.getWorkspace OK (3.1ms)
[2026-09-28 11:37:31.095] [pid:12696] [main] [host-log] (local-1) [host] [2026-09-28 11:37:31.095] [pid:31632] [zcode-host] [rpc:call] graphEngineering.getWorkspace OK (3.1ms)
[Z1 child] [2026-09-28 11:37:31.109] [pid:31632] [settingService] reading settings from: C:\Users\USER\Desktop\Personal\ZCode\.tmp\z1-native-1790566642265-7bfb99\home\.zcode\v2\setting.json
[2026-09-28 11:37:31.109] [pid:31632] [zcode-host] [rpc:listen] model-selection.onDidChange subscribed
[2026-09-28 11:37:31.109] [pid:12696] [main] [host-log] (local-1) [host] [2026-09-28 11:37:31.109] [pid:31632] [zcode-host] [rpc:listen] model-selection.onDidChange subscribed
[2026-09-28 11:37:31.110] [pid:12696] [main] [host-log] (local-1) [host] [2026-09-28 11:37:31.110] [pid:31632] [zcode-host] [rpc:call] graphEngineering.validateDefinition OK (0.2ms)
[2026-09-28 11:37:31.111] [pid:12696] [main] [host-log] (local-1) [host] [2026-09-28 11:37:31.110] [pid:31632] [zcode-host] [rpc:call] setting.get OK (1.0ms)
[2026-09-28 11:37:31.111] [pid:12696] [main] [host-log] (local-1) [host] [2026-09-28 11:37:31.110] [pid:31632] [zcode-host] [rpc:call] model-selection.getView OK (1.1ms)
[Z1 child] [2026-09-28 11:37:31.110] [pid:31632] [zcode-host] [rpc:call] graphEngineering.validateDefinition OK (0.2ms)
[2026-09-28 11:37:31.110] [pid:31632] [settingService] read result: {"recentProjects":[],"locale":"zh-CN","localePreference":"en-US","terminalInheritSystemProfile":true,"embeddedBrowserAllowInsecureCertificates":false,"embeddedBrowserViewportPreference":{"mode":"normal","viewport":{"width":393,"height":852},"zoom":"fit"},"computerUseComposerEntryHidden":true,"taskAutoArchiveEnabled":false,"taskAutoArchiveOlderThanDays":7,"closeToTrayOnWindows":false,"closeToTrayOnWindowsMigrationInitialized":true,"keepAwakeWhileRunning":false,"desktopWindowSize":{"width":1600,"height":1000,"maximized":false},"desktopChromiumHardwareAccelerationEnabled":true,"messageStreamShowReasoning":true,"messageStreamShowReasoningMigrationInitialized":true,"messageStreamShowTodos":false,"toolGroupingExploreEnabled":true,"toolGroupingTerminalEnabled":true,"toolGroupingChangesEnabled":false,"zcodeInteractionBehavior":"queue","askUserQuestionAutoResolutionEnabled":false,"modelIoFullRetentionEnabled":false,"startPlanRecommendationDismissed":false,"providerFamilyConnectionSelections":{},"providerFamilyDomain":"zai","providerFamilyDomainMigrated":true,"nativeSearchEnhancementsEnabled":true,"memoryEnabled":false,"lastWorkspaceSession":[{"kind":"local","workspacePath":"C:\\Users\\USER\\Desktop\\Personal\\ZCode\\.tmp\\z1-native-1790566642265-7bfb99\\workspace","workspacePurpose":"project"},{"kind":"local","workspacePath":"C:\\Users\\USER\\Desktop\\Personal\\ZCode\\.tmp\\z1-native-1790566642265-7bfb99\\data\\.zcode\\workspace\\default","workspacePurpose":"conversation"}],"lastActiveTabIndex":0,"receivePreviewUpdates":false,"autoDownloadAndInstallUpdates":false,"skippedElectronUpdateVersions":{},"settingsSyncFirstRunPromptHandled":true}
[2026-09-28 11:37:31.110] [pid:31632] [zcode-host] [rpc:call] setting.get OK (1.0ms)
[2026-09-28 11:37:31.110] [pid:31632] [zcode-host] [rpc:call] model-selection.getView OK (1.1ms)
[Z1 child] [2026-09-28 11:37:31.318] [pid:31632] [cua-pip-session] [cua-pip-session] event delivery dropped {
  kind: 'focus-changed',
  revision: 5,
  sessionId: 'sess_1b70b064-36e5-40b4-abfd-845bfb10a5bf',
  sourceWindowId: 'window-1',
  skipReason: 'service-disabled'
}
[2026-09-28 11:37:31.319] [pid:12696] [main] [host-log] (local-1) [host] [2026-09-28 11:37:31.318] [pid:31632] [cua-pip-session] [cua-pip-session] event delivery dropped {"kind":"focus-changed","revision":5,"sessionId":"sess_1b70b064-36e5-40b4-abfd-845bfb10a5bf","sourceWindowId":"window-1","skipReason":"service-disabled"}
[2026-09-28 11:37:31.321] [pid:12696] [renderer] v4 workspace connection reused {
  event: 'v4.workspace_connection.reused',
  isRemote: false,
  key: '__base__ C:\\Users\\USER\\Desktop\\Personal\\ZCode\\.tmp\\z1-native-1790566642265-7bfb99\\workspace',
  module: 'ui.v4.workspace_connection_registry',
  refCount: 1,
  serviceGeneration: 1,
  status: 'completed'
}
[Z1 child] [2026-09-28 11:37:31.332] [pid:31632] [zcode-host] [rpc:call] zcode-task.getTaskSessionFilePath OK (0.0ms)
[2026-09-28 11:37:31.332] [pid:12696] [main] [host-log] (local-1) [host] [2026-09-28 11:37:31.332] [pid:31632] [zcode-host] [rpc:call] zcode-task.getTaskSessionFilePath OK (0.0ms)
[2026-09-28 11:37:31.332] [pid:12696] [renderer] v4 conversation store connect started {
  event: 'v4.conversation.store.connect.started',
  generation: 1,
  hasBase: false,
  module: 'ui.v4.conversation_projection_store',
  status: 'started',
  topic: 'conversation/sess_1b70b064-36e5-40b4-abfd-845bfb10a5bf'
}
[2026-09-28 11:37:31.333] [pid:12696] [renderer] v4 conversation subscription started {
  workspaceKey: 'C:\\Users\\USER\\Desktop\\Personal\\ZCode\\.tmp\\z1-native-1790566642265-7bfb99\\workspace',
  workspacePath: 'C:\\Users\\USER\\Desktop\\Personal\\ZCode\\.tmp\\z1-native-1790566642265-7bfb99\\workspace',
  event: 'v4.conversation.subscribe.started',
  module: 'ui.v4.conversation_transport',
  runtimeGeneration: 0,
  sessionId: 'sess_1b70b064-36e5-40b4-abfd-845bfb10a5bf',
  status: 'started',
  topic: 'conversation/sess_1b70b064-36e5-40b4-abfd-845bfb10a5bf'
}
[2026-09-28 11:37:31.334] [pid:12696] [renderer] v4 session data lease acquired {
  event: 'v4.session_data.acquire',
  keepWarm: false,
  module: 'ui.v4.session_data_layer',
  openKind: 'cold',
  refCount: 1,
  sessionId: 'sess_1b70b064-36e5-40b4-abfd-845bfb10a5bf',
  status: 'completed',
  topic: 'conversation/sess_1b70b064-36e5-40b4-abfd-845bfb10a5bf'
}
[2026-09-28 11:37:31.335] [pid:12696] [main] [host-log] (local-1) [host] [2026-09-28 11:37:31.332] [pid:31632] [zcode-host] [rpc:call] zcode-task.getTaskNativeSessionLogFile OK (0.2ms)
[2026-09-28 11:37:31.335] [pid:12696] [main] [host-log] (local-1) [host] [2026-09-28 11:37:31.332] [pid:31632] [zcode-host] [rpc:listen] graphEngineering.onDidChange subscribed
[2026-09-28 11:37:31.336] [pid:12696] [main] [host-log] (local-1) [host] [2026-09-28 11:37:31.332] [pid:31632] [zcode-host] [rpc:call] graphEngineering.isSessionOwned OK (0.0ms)
[2026-09-28 11:37:31.337] [pid:12696] [main] [host-log] (local-1) [host] [2026-09-28 11:37:31.332] [pid:31632] [zcode-host] [rpc:listen] model-selection.onDidChange subscribed
[Z1 child] [2026-09-28 11:37:31.332] [pid:31632] [zcode-host] [rpc:call] zcode-task.getTaskNativeSessionLogFile OK (0.2ms)
[2026-09-28 11:37:31.332] [pid:31632] [settingService] reading settings from: C:\Users\USER\Desktop\Personal\ZCode\.tmp\z1-native-1790566642265-7bfb99\home\.zcode\v2\setting.json
[2026-09-28 11:37:31.332] [pid:31632] [zcode-host] [rpc:listen] graphEngineering.onDidChange subscribed
[2026-09-28 11:37:31.332] [pid:31632] [zcode-host] [rpc:call] graphEngineering.isSessionOwned OK (0.0ms)
[2026-09-28 11:37:31.332] [pid:31632] [zcode-host] [rpc:listen] model-selection.onDidChange subscribed
[2026-09-28 11:37:31.333] [pid:31632] [zcode-host] [rpc:call] zcode-task.getTaskNativeSessionLogFile OK (0.2ms)
[2026-09-28 11:37:31.333] [pid:31632] [zcode-host] [rpc:call] zcode-task.getTaskSessionFilePath OK (0.0ms)
[2026-09-28 11:37:31.334] [pid:31632] [settingService] read result: {"recentProjects":[],"locale":"zh-CN","localePreference":"en-US","terminalInheritSystemProfile":true,"embeddedBrowserAllowInsecureCertificates":false,"embeddedBrowserViewportPreference":{"mode":"normal","viewport":{"width":393,"height":852},"zoom":"fit"},"computerUseComposerEntryHidden":true,"taskAutoArchiveEnabled":false,"taskAutoArchiveOlderThanDays":7,"closeToTrayOnWindows":false,"closeToTrayOnWindowsMigrationInitialized":true,"keepAwakeWhileRunning":false,"desktopWindowSize":{"width":1600,"height":1000,"maximized":false},"desktopChromiumHardwareAccelerationEnabled":true,"messageStreamShowReasoning":true,"messageStreamShowReasoningMigrationInitialized":true,"messageStreamShowTodos":false,"toolGroupingExploreEnabled":true,"toolGroupingTerminalEnabled":true,"toolGroupingChangesEnabled":false,"zcodeInteractionBehavior":"queue","askUserQuestionAutoResolutionEnabled":false,"modelIoFullRetentionEnabled":false,"startPlanRecommendationDismissed":false,"providerFamilyConnectionSelections":{},"providerFamilyDomain":"zai","providerFamilyDomainMigrated":true,"nativeSearchEnhancementsEnabled":true,"memoryEnabled":false,"lastWorkspaceSession":[{"kind":"local","workspacePath":"C:\\Users\\USER\\Desktop\\Personal\\ZCode\\.tmp\\z1-native-1790566642265-7bfb99\\workspace","workspacePurpose":"project"},{"kind":"local","workspacePath":"C:\\Users\\USER\\Desktop\\Personal\\ZCode\\.tmp\\z1-native-1790566642265-7bfb99\\data\\.zcode\\workspace\\default","workspacePurpose":"conversation"}],"lastActiveTabIndex":0,"receivePreviewUpdates":false,"autoDownloadAndInstallUpdates":false,"skippedElectronUpdateVersions":{},"settingsSyncFirstRunPromptHandled":true}
[2026-09-28 11:37:31.334] [pid:31632] [zcode-host] [rpc:call] setting.get OK (1.6ms)
[2026-09-28 11:37:31.334] [pid:31632] [zcode-host] [rpc:call] model-selection.getView OK (1.7ms)
[2026-09-28 11:37:31.337] [pid:12696] [main] [host-log] (local-1) [host] [2026-09-28 11:37:31.333] [pid:31632] [zcode-host] [rpc:call] zcode-task.getTaskNativeSessionLogFile OK (0.2ms)
[2026-09-28 11:37:31.338] [pid:12696] [main] [host-log] (local-1) [host] [2026-09-28 11:37:31.333] [pid:31632] [zcode-host] [rpc:call] zcode-task.getTaskSessionFilePath OK (0.0ms)
[2026-09-28 11:37:31.339] [pid:12696] [main] [host-log] (local-1) [host] [2026-09-28 11:37:31.334] [pid:31632] [zcode-host] [rpc:call] setting.get OK (1.6ms)
[2026-09-28 11:37:31.339] [pid:12696] [main] [host-log] (local-1) [host] [2026-09-28 11:37:31.334] [pid:31632] [zcode-host] [rpc:call] model-selection.getView OK (1.7ms)
[Z1 child] [2026-09-28 11:37:31.365] [pid:31632] [zcode-session-service] [zcode-session-service] readSession 历史快照读取完成 {
  deliveryKind: undefined,
  durationMs: 32,
  messageLimit: 1,
  sessionId: 'sess_1b70b064-36e5-40b4-abfd-845bfb10a5bf',
  snapshot: {
    activeTurnId: null,
    eventSeq: 2,
    messageCount: 0,
    pendingRequestCount: 1,
    sessionStatus: 'idle',
    stateRevision: 0
  },
  workspaceIdentity: null,
  workspacePath: 'C:\\Users\\USER\\Desktop\\Personal\\ZCode\\.tmp\\z1-native-1790566642265-7bfb99\\workspace'
}
[2026-09-28 11:37:31.366] [pid:12696] [main] [host-log] (local-1) [host] [2026-09-28 11:37:31.365] [pid:31632] [zcode-session-service] [zcode-session-service] readSession 历史快照读取完成 {"durationMs":32,"messageLimit":1,"sessionId":"sess_1b70b064-36e5-40b4-abfd-845bfb10a5bf","snapshot":{"activeTurnId":null,"eventSeq":2,"messageCount":0,"pendingRequestCount":1,"sessionStatus":"idle","stateRevision":0},"workspaceIdentity":null,"workspacePath":"C:\\Users\\USER\\Desktop\\Personal\\ZCode\\.tmp\\z1-native-1790566642265-7bfb99\\workspace"}
[2026-09-28 11:37:31.366] [pid:12696] [main] [host-log] (local-1) [host] [2026-09-28 11:37:31.366] [pid:31632] [zcode-host] [rpc:call] zcode-session.readSession OK (32.8ms)
[2026-09-28 11:37:31.367] [pid:12696] [main] [host-log] (local-1) [host] [2026-09-28 11:37:31.366] [pid:31632] [zcode-host] [rpc:call] zcode-agent.conversationWorkflowRunsV4 OK (23.5ms)
[2026-09-28 11:37:31.368] [pid:12696] [main] [host-log] (local-1) [host] [2026-09-28 11:37:31.368] [pid:31632] [zcode-host] [rpc:call] zcode-agent.subscribeConversationV4 OK (25.5ms)
[Z1 child] [2026-09-28 11:37:31.366] [pid:31632] [zcode-host] [rpc:call] zcode-session.readSession OK (32.8ms)
[2026-09-28 11:37:31.366] [pid:31632] [zcode-host] [rpc:call] zcode-agent.conversationWorkflowRunsV4 OK (23.5ms)
[2026-09-28 11:37:31.368] [pid:31632] [zcode-host] [rpc:call] zcode-agent.subscribeConversationV4 OK (25.5ms)
[Z1 child] [2026-09-28 11:37:31.373] [pid:31632] [zcode-host] [rpc:call] zcode-task.getTaskNativeSessionLogFile OK (0.2ms)
[2026-09-28 11:37:31.373] [pid:12696] [main] [host-log] (local-1) [host] [2026-09-28 11:37:31.373] [pid:31632] [zcode-host] [rpc:call] zcode-task.getTaskNativeSessionLogFile OK (0.2ms)
[2026-09-28 11:37:31.383] [pid:12696] [renderer] v4 conversation subscription acknowledged {
  workspaceKey: 'C:\\Users\\USER\\Desktop\\Personal\\ZCode\\.tmp\\z1-native-1790566642265-7bfb99\\workspace',
  workspacePath: 'C:\\Users\\USER\\Desktop\\Personal\\ZCode\\.tmp\\z1-native-1790566642265-7bfb99\\workspace',
  durationMs: 51,
  event: 'v4.conversation.subscribe.acknowledged',
  module: 'ui.v4.conversation_transport',
  runtimeGeneration: 0,
  sessionId: 'sess_1b70b064-36e5-40b4-abfd-845bfb10a5bf',
  status: 'completed',
  subscriptionId: 'sub-mukp5ia5-bqprtznk-1',
  topic: 'conversation/sess_1b70b064-36e5-40b4-abfd-845bfb10a5bf'
}
[2026-09-28 11:37:31.383] [pid:12696] [renderer] v4 conversation subscription activated {
  workspaceKey: 'C:\\Users\\USER\\Desktop\\Personal\\ZCode\\.tmp\\z1-native-1790566642265-7bfb99\\workspace',
  workspacePath: 'C:\\Users\\USER\\Desktop\\Personal\\ZCode\\.tmp\\z1-native-1790566642265-7bfb99\\workspace',
  event: 'v4.conversation.subscribe.activated',
  module: 'ui.v4.conversation_transport',
  runtimeGeneration: 0,
  status: 'completed',
  subscriptionId: 'sub-mukp5ia5-bqprtznk-1',
  topic: 'conversation/sess_1b70b064-36e5-40b4-abfd-845bfb10a5bf'
}
[2026-09-28 11:37:31.384] [pid:12696] [renderer] v4 conversation store connect completed {
  durationMs: 51,
  event: 'v4.conversation.store.connect.completed',
  generation: 1,
  logEpoch: 'mukp5ia5-bqprtznk',
  mode: 'snapshot',
  module: 'ui.v4.conversation_projection_store',
  status: 'completed',
  subscriptionId: 'sub-mukp5ia5-bqprtznk-1',
  topic: 'conversation/sess_1b70b064-36e5-40b4-abfd-845bfb10a5bf'
}
[Z1 child] [2026-09-28 11:37:31.393] [pid:31632] [zcode-host] [rpc:listen] model-selection.onDidChange subscribed
[2026-09-28 11:37:31.393] [pid:12696] [main] [host-log] (local-1) [host] [2026-09-28 11:37:31.393] [pid:31632] [zcode-host] [rpc:listen] model-selection.onDidChange subscribed
[2026-09-28 11:37:31.394] [pid:12696] [main] [host-log] (local-1) [host] [2026-09-28 11:37:31.393] [pid:31632] [zcode-host] [rpc:call] model-selection.getView OK (0.5ms)
[Z1 child] [2026-09-28 11:37:31.393] [pid:31632] [zcode-host] [rpc:call] model-selection.getView OK (0.5ms)
[Z1 child] [2026-09-28 11:37:31.396] [pid:31632] [zcode-host] [rpc:call] zcode-agent.conversationPlansV4 OK (0.4ms)
[2026-09-28 11:37:31.396] [pid:12696] [main] [host-log] (local-1) [host] [2026-09-28 11:37:31.396] [pid:31632] [zcode-host] [rpc:call] zcode-agent.conversationPlansV4 OK (0.4ms)
[Z1 child] [2026-09-28 11:37:31.697] [pid:31632] [settingService] reading settings from: C:\Users\USER\Desktop\Personal\ZCode\.tmp\z1-native-1790566642265-7bfb99\home\.zcode\v2\setting.json
[Z1 child] [2026-09-28 11:37:31.698] [pid:31632] [settingService] read result: {"recentProjects":[],"locale":"zh-CN","localePreference":"en-US","terminalInheritSystemProfile":true,"embeddedBrowserAllowInsecureCertificates":false,"embeddedBrowserViewportPreference":{"mode":"normal","viewport":{"width":393,"height":852},"zoom":"fit"},"computerUseComposerEntryHidden":true,"taskAutoArchiveEnabled":false,"taskAutoArchiveOlderThanDays":7,"closeToTrayOnWindows":false,"closeToTrayOnWindowsMigrationInitialized":true,"keepAwakeWhileRunning":false,"desktopWindowSize":{"width":1600,"height":1000,"maximized":false},"desktopChromiumHardwareAccelerationEnabled":true,"messageStreamShowReasoning":true,"messageStreamShowReasoningMigrationInitialized":true,"messageStreamShowTodos":false,"toolGroupingExploreEnabled":true,"toolGroupingTerminalEnabled":true,"toolGroupingChangesEnabled":false,"zcodeInteractionBehavior":"queue","askUserQuestionAutoResolutionEnabled":false,"modelIoFullRetentionEnabled":false,"startPlanRecommendationDismissed":false,"providerFamilyConnectionSelections":{},"providerFamilyDomain":"zai","providerFamilyDomainMigrated":true,"nativeSearchEnhancementsEnabled":true,"memoryEnabled":false,"lastWorkspaceSession":[{"kind":"local","workspacePath":"C:\\Users\\USER\\Desktop\\Personal\\ZCode\\.tmp\\z1-native-1790566642265-7bfb99\\workspace","workspacePurpose":"project"},{"kind":"local","workspacePath":"C:\\Users\\USER\\Desktop\\Personal\\ZCode\\.tmp\\z1-native-1790566642265-7bfb99\\data\\.zcode\\workspace\\default","workspacePurpose":"conversation"}],"lastActiveTabIndex":0,"receivePreviewUpdates":false,"autoDownloadAndInstallUpdates":false,"skippedElectronUpdateVersions":{},"settingsSyncFirstRunPromptHandled":true}
[Z1 child] [2026-09-28 11:37:31.698] [pid:31632] [settingService] writing settings to: C:\Users\USER\Desktop\Personal\ZCode\.tmp\z1-native-1790566642265-7bfb99\home\.zcode\v2\setting.json {"recentProjects":[],"locale":"zh-CN","localePreference":"en-US","terminalInheritSystemProfile":true,"embeddedBrowserAllowInsecureCertificates":false,"embeddedBrowserViewportPreference":{"mode":"normal","viewport":{"width":393,"height":852},"zoom":"fit"},"computerUseComposerEntryHidden":true,"taskAutoArchiveEnabled":false,"taskAutoArchiveOlderThanDays":7,"closeToTrayOnWindows":false,"closeToTrayOnWindowsMigrationInitialized":true,"keepAwakeWhileRunning":false,"desktopWindowSize":{"width":1600,"height":1000,"maximized":false},"desktopChromiumHardwareAccelerationEnabled":true,"messageStreamShowReasoning":true,"messageStreamShowReasoningMigrationInitialized":true,"messageStreamShowTodos":false,"toolGroupingExploreEnabled":true,"toolGroupingTerminalEnabled":true,"toolGroupingChangesEnabled":false,"zcodeInteractionBehavior":"queue","askUserQuestionAutoResolutionEnabled":false,"modelIoFullRetentionEnabled":false,"startPlanRecommendationDismissed":false,"providerFamilyConnectionSelections":{},"providerFamilyDomain":"zai","providerFamilyDomainMigrated":true,"nativeSearchEnhancementsEnabled":true,"memoryEnabled":false,"lastWorkspaceSession":[{"kind":"local","workspacePath":"C:\\Users\\USER\\Desktop\\Personal\\ZCode\\.tmp\\z1-native-1790566642265-7bfb99\\workspace","workspacePurpose":"project"},{"kind":"local","workspacePath":"C:\\Users\\USER\\Desktop\\Personal\\ZCode\\.tmp\\z1-native-1790566642265-7bfb99\\data\\.zcode\\workspace\\default","workspacePurpose":"conversation"}],"lastActiveTabIndex":0,"receivePreviewUpdates":false,"autoDownloadAndInstallUpdates":false,"skippedElectronUpdateVersions":{},"settingsSyncFirstRunPromptHandled":true}
[2026-09-28 11:37:31.698] [pid:12696] [main] [host-log] (local-1) [host] [2026-09-28 11:37:31.698] [pid:31632] [settingService] writing settings to: C:\Users\USER\Desktop\Personal\ZCode\.tmp\z1-native-1790566642265-7bfb99\home\.zcode\v2\setting.json {"recentProjects":[],"locale":"zh-CN","localePreference":"en-US","terminalInheritSystemProfile":true,"embeddedBrowserAllowInsecureCertificates":false,"embeddedBrowserViewportPreference":{"mode":"normal","viewport":{"width":393,"height":852},"zoom":"fit"},"computerUseComposerEntryHidden":true,"taskAutoArchiveEnabled":false,"taskAutoArchiveOlderThanDays":7,"closeToTrayOnWindows":false,"closeToTrayOnWindowsMigrationInitialized":true,"keepAwakeWhileRunning":false,"desktopWindowSize":{"width":1600,"height":1000,"maximized":false},"desktopChromiumHardwareAccelerationEnabled":true,"messageStreamShowReasoning":true,"messageStreamShowReasoningMigrationInitialized":true,"messageStreamShowTodos":false,"toolGroupingExploreEnabled":true,"toolGroupingTerminalEnabled":true,"toolGroupingChangesEnabled":false,"zcodeInteractionBehavior":"queue","askUserQuestionAutoResolutionEnabled":false,"modelIoFullRetentionEnabled":false,"startPlanRecommendationDismissed":false,"providerFamilyConnectionSelections":{},"providerFamilyDomain":"zai","providerFamilyDomainMigrated":true,"nativeSearchEnhancementsEnabled":true,"memoryEnabled":false,"lastWorkspaceSession":[{"kind":"local","workspacePath":"C:\\Users\\USER\\Desktop\\Personal\\ZCode\\.tmp\\z1-native-1790566642265-7bfb99\\workspace","workspacePurpose":"project"},{"kind":"local","workspacePath":"C:\\Users\\USER\\Desktop\\Personal\\ZCode\\.tmp\\z1-native-1790566642265-7bfb99\\data\\.zcode\\workspace\\default","workspacePurpose":"conversation"}],"lastActiveTabIndex":0,"receivePreviewUpdates":false,"autoDownloadAndInstallUpdates":false,"skippedElectronUpdateVersions":{},"settingsSyncFirstRunPromptHandled":true}
[Z1 child] [2026-09-28 11:37:31.704] [pid:31632] [settingService] write done
[2026-09-28 11:37:31.704] [pid:31632] [zcode-host] [rpc:call] setting.update OK (6.8ms)
[2026-09-28 11:37:31.704] [pid:12696] [main] [host-log] (local-1) [host] [2026-09-28 11:37:31.704] [pid:31632] [settingService] write done
[2026-09-28 11:37:31.705] [pid:12696] [main] [host-log] (local-1) [host] [2026-09-28 11:37:31.704] [pid:31632] [zcode-host] [rpc:call] setting.update OK (6.8ms)
[Z1 child] [2026-09-28 11:37:31.712] [pid:31632] [zcode-host] [rpc:call] zcode-agent.sendConversationCommandV4 OK (2.3ms)
[2026-09-28 11:37:31.712] [pid:12696] [main] [host-log] (local-1) [host] [2026-09-28 11:37:31.712] [pid:31632] [zcode-host] [rpc:call] zcode-agent.sendConversationCommandV4 OK (2.3ms)
[2026-09-28 11:37:31.782] [pid:12696] [renderer] v4 workspace connection lease released {
  event: 'v4.workspace_connection.release',
  keepWarmMs: 30000,
  key: '__base__ C:\\Users\\USER\\Desktop\\Personal\\ZCode\\.tmp\\z1-native-1790566642265-7bfb99\\workspace',
  module: 'ui.v4.workspace_connection_registry',
  refCount: 0,
  status: 'keep_warm'
}
[2026-09-28 11:37:31.783] [pid:12696] [renderer] v4 session data lease released {
  event: 'v4.session_data.release',
  keepWarmMs: 30000,
  module: 'ui.v4.session_data_layer',
  refCount: 0,
  status: 'keep_warm',
  topic: 'conversation/sess_1b70b064-36e5-40b4-abfd-845bfb10a5bf'
}
[Z1 child] [2026-09-28 11:37:31.783] [pid:31632] [zcode-host] [rpc:listen] graphEngineering.onDidChange subscribed
[2026-09-28 11:37:31.783] [pid:12696] [main] [host-log] (local-1) [host] [2026-09-28 11:37:31.783] [pid:31632] [zcode-host] [rpc:listen] graphEngineering.onDidChange subscribed
[Z1 child] [2026-09-28 11:37:31.784] [pid:31632] [settingService] reading settings from: C:\Users\USER\Desktop\Personal\ZCode\.tmp\z1-native-1790566642265-7bfb99\home\.zcode\v2\setting.json
[2026-09-28 11:37:31.784] [pid:31632] [settingService] read result: {"recentProjects":[],"locale":"zh-CN","localePreference":"en-US","terminalInheritSystemProfile":true,"embeddedBrowserAllowInsecureCertificates":false,"embeddedBrowserViewportPreference":{"mode":"normal","viewport":{"width":393,"height":852},"zoom":"fit"},"computerUseComposerEntryHidden":true,"taskAutoArchiveEnabled":false,"taskAutoArchiveOlderThanDays":7,"closeToTrayOnWindows":false,"closeToTrayOnWindowsMigrationInitialized":true,"keepAwakeWhileRunning":false,"desktopWindowSize":{"width":1600,"height":1000,"maximized":false},"desktopChromiumHardwareAccelerationEnabled":true,"messageStreamShowReasoning":true,"messageStreamShowReasoningMigrationInitialized":true,"messageStreamShowTodos":false,"toolGroupingExploreEnabled":true,"toolGroupingTerminalEnabled":true,"toolGroupingChangesEnabled":false,"zcodeInteractionBehavior":"queue","askUserQuestionAutoResolutionEnabled":false,"modelIoFullRetentionEnabled":false,"startPlanRecommendationDismissed":false,"providerFamilyConnectionSelections":{},"providerFamilyDomain":"zai","providerFamilyDomainMigrated":true,"nativeSearchEnhancementsEnabled":true,"memoryEnabled":false,"lastWorkspaceSession":[{"kind":"local","workspacePath":"C:\\Users\\USER\\Desktop\\Personal\\ZCode\\.tmp\\z1-native-1790566642265-7bfb99\\workspace","workspacePurpose":"project"},{"kind":"local","workspacePath":"C:\\Users\\USER\\Desktop\\Personal\\ZCode\\.tmp\\z1-native-1790566642265-7bfb99\\data\\.zcode\\workspace\\default","workspacePurpose":"conversation"}],"lastActiveTabIndex":0,"receivePreviewUpdates":false,"autoDownloadAndInstallUpdates":false,"skippedElectronUpdateVersions":{},"settingsSyncFirstRunPromptHandled":true}
[Z1 child] [2026-09-28 11:37:31.785] [pid:31632] [zcode-host] [rpc:call] graphEngineering.getWorkspace OK (1.3ms)
[2026-09-28 11:37:31.785] [pid:12696] [main] [host-log] (local-1) [host] [2026-09-28 11:37:31.785] [pid:31632] [zcode-host] [rpc:call] graphEngineering.getWorkspace OK (1.3ms)
[Z1 child] [2026-09-28 11:37:31.797] [pid:31632] [settingService] reading settings from: C:\Users\USER\Desktop\Personal\ZCode\.tmp\z1-native-1790566642265-7bfb99\home\.zcode\v2\setting.json
[2026-09-28 11:37:31.797] [pid:12696] [main] [host-log] (local-1) [host] [2026-09-28 11:37:31.797] [pid:31632] [zcode-host] [rpc:listen] model-selection.onDidChange subscribed
[2026-09-28 11:37:31.798] [pid:12696] [main] [host-log] (local-1) [host] [2026-09-28 11:37:31.797] [pid:31632] [zcode-host] [rpc:call] graphEngineering.validateDefinition OK (0.2ms)
[Z1 child] [2026-09-28 11:37:31.797] [pid:31632] [zcode-host] [rpc:listen] model-selection.onDidChange subscribed
[2026-09-28 11:37:31.797] [pid:31632] [zcode-host] [rpc:call] graphEngineering.validateDefinition OK (0.2ms)
[2026-09-28 11:37:31.798] [pid:31632] [zcode-host] [rpc:call] model-selection.getView OK (0.9ms)
[2026-09-28 11:37:31.798] [pid:31632] [settingService] read result: {"recentProjects":[],"locale":"zh-CN","localePreference":"en-US","terminalInheritSystemProfile":true,"embeddedBrowserAllowInsecureCertificates":false,"embeddedBrowserViewportPreference":{"mode":"normal","viewport":{"width":393,"height":852},"zoom":"fit"},"computerUseComposerEntryHidden":true,"taskAutoArchiveEnabled":false,"taskAutoArchiveOlderThanDays":7,"closeToTrayOnWindows":false,"closeToTrayOnWindowsMigrationInitialized":true,"keepAwakeWhileRunning":false,"desktopWindowSize":{"width":1600,"height":1000,"maximized":false},"desktopChromiumHardwareAccelerationEnabled":true,"messageStreamShowReasoning":true,"messageStreamShowReasoningMigrationInitialized":true,"messageStreamShowTodos":false,"toolGroupingExploreEnabled":true,"toolGroupingTerminalEnabled":true,"toolGroupingChangesEnabled":false,"zcodeInteractionBehavior":"queue","askUserQuestionAutoResolutionEnabled":false,"modelIoFullRetentionEnabled":false,"startPlanRecommendationDismissed":false,"providerFamilyConnectionSelections":{},"providerFamilyDomain":"zai","providerFamilyDomainMigrated":true,"nativeSearchEnhancementsEnabled":true,"memoryEnabled":false,"lastWorkspaceSession":[{"kind":"local","workspacePath":"C:\\Users\\USER\\Desktop\\Personal\\ZCode\\.tmp\\z1-native-1790566642265-7bfb99\\workspace","workspacePurpose":"project"},{"kind":"local","workspacePath":"C:\\Users\\USER\\Desktop\\Personal\\ZCode\\.tmp\\z1-native-1790566642265-7bfb99\\data\\.zcode\\workspace\\default","workspacePurpose":"conversation"}],"lastActiveTabIndex":0,"receivePreviewUpdates":false,"autoDownloadAndInstallUpdates":false,"skippedElectronUpdateVersions":{},"settingsSyncFirstRunPromptHandled":true}
[2026-09-28 11:37:31.798] [pid:31632] [zcode-host] [rpc:call] setting.get OK (1.3ms)
[2026-09-28 11:37:31.798] [pid:12696] [main] [host-log] (local-1) [host] [2026-09-28 11:37:31.798] [pid:31632] [zcode-host] [rpc:call] model-selection.getView OK (0.9ms)
[2026-09-28 11:37:31.799] [pid:12696] [main] [host-log] (local-1) [host] [2026-09-28 11:37:31.798] [pid:31632] [zcode-host] [rpc:call] setting.get OK (1.3ms)
[Z1 child] [2026-09-28 11:37:32.060] [pid:31632] [zcode-agent-service] 开始初始化 ZCode agent {
  workspaceKey: 'C:\\Users\\USER\\Desktop\\Personal\\ZCode\\.tmp\\z1-native-1790566642265-7bfb99\\workspace',
  workspacePath: 'C:\\Users\\USER\\Desktop\\Personal\\ZCode\\.tmp\\z1-native-1790566642265-7bfb99\\workspace'
}
[2026-09-28 11:37:32.060] [pid:31632] [zcode-agent-service] ZCode agent 初始化完成 {
  durationMs: 0,
  transportKind: 'stdio',
  workspaceKey: 'C:\\Users\\USER\\Desktop\\Personal\\ZCode\\.tmp\\z1-native-1790566642265-7bfb99\\workspace',
  workspacePath: 'C:\\Users\\USER\\Desktop\\Personal\\ZCode\\.tmp\\z1-native-1790566642265-7bfb99\\workspace'
}
[2026-09-28 11:37:32.060] [pid:12696] [main] [host-log] (local-1) [host] [2026-09-28 11:37:32.060] [pid:31632] [zcode-agent-service] 开始初始化 ZCode agent {"workspaceKey":"C:\\Users\\USER\\Desktop\\Personal\\ZCode\\.tmp\\z1-native-1790566642265-7bfb99\\workspace","workspacePath":"C:\\Users\\USER\\Desktop\\Personal\\ZCode\\.tmp\\z1-native-1790566642265-7bfb99\\workspace"}
[2026-09-28 11:37:32.060] [pid:12696] [main] [host-log] (local-1) [host] [2026-09-28 11:37:32.060] [pid:31632] [zcode-agent-service] ZCode agent 初始化完成 {"durationMs":0,"transportKind":"stdio","workspaceKey":"C:\\Users\\USER\\Desktop\\Personal\\ZCode\\.tmp\\z1-native-1790566642265-7bfb99\\workspace","workspacePath":"C:\\Users\\USER\\Desktop\\Personal\\ZCode\\.tmp\\z1-native-1790566642265-7bfb99\\workspace"}
[2026-09-28 11:37:32.061] [pid:12696] [main] [host-log] (local-1) [host] [2026-09-28 11:37:32.060] [pid:31632] [zcode-session-service][trace:b03201f2-b7cf-487b-9b8c-e8db90fd7978] [zcode-session-service] createSession 分配 session trace {"persistence":"deferred","workspacePath":"C:\\Users\\USER\\Desktop\\Personal\\ZCode\\.tmp\\z1-native-1790566642265-7bfb99\\workspace"}
[2026-09-28 11:37:32.062] [pid:12696] [main] [host-log] (local-1) [host] [2026-09-28 11:37:32.060] [pid:31632] [zcode-agent-service][trace:b03201f2-b7cf-487b-9b8c-e8db90fd7978] 开始请求 ZCode Protocol session/create {"hasInitialModel":false,"hasInitialThoughtLevel":false,"initialModel":null,"mcpServerCount":0,"mcpServerNames":[],"persistence":"deferred","workspaceKey":"C:\\Users\\USER\\Desktop\\Personal\\ZCode\\.tmp\\z1-native-1790566642265-7bfb99\\workspace","workspacePath":"C:\\Users\\USER\\Desktop\\Personal\\ZCode\\.tmp\\z1-native-1790566642265-7bfb99\\workspace"}
[Z1 child] [2026-09-28 11:37:32.060] [pid:31632] [zcode-session-service][trace:b03201f2-b7cf-487b-9b8c-e8db90fd7978] [zcode-session-service] createSession 分配 session trace {
  persistence: 'deferred',
  workspaceIdentity: undefined,
  workspacePath: 'C:\\Users\\USER\\Desktop\\Personal\\ZCode\\.tmp\\z1-native-1790566642265-7bfb99\\workspace'
}
[2026-09-28 11:37:32.060] [pid:31632] [zcode-agent-service][trace:b03201f2-b7cf-487b-9b8c-e8db90fd7978] 开始请求 ZCode Protocol session/create {
  hasInitialModel: false,
  hasInitialThoughtLevel: false,
  initialModel: null,
  mcpServerCount: 0,
  mcpServerNames: [],
  persistence: 'deferred',
  workspaceKey: 'C:\\Users\\USER\\Desktop\\Personal\\ZCode\\.tmp\\z1-native-1790566642265-7bfb99\\workspace',
  workspacePath: 'C:\\Users\\USER\\Desktop\\Personal\\ZCode\\.tmp\\z1-native-1790566642265-7bfb99\\workspace'
}
[2026-09-28 11:37:32.061] [pid:31632] [settingService] reading settings from: C:\Users\USER\Desktop\Personal\ZCode\.tmp\z1-native-1790566642265-7bfb99\home\.zcode\v2\setting.json
[2026-09-28 11:37:32.061] [pid:31632] [settingService] read result: {"recentProjects":[],"locale":"zh-CN","localePreference":"en-US","terminalInheritSystemProfile":true,"embeddedBrowserAllowInsecureCertificates":false,"embeddedBrowserViewportPreference":{"mode":"normal","viewport":{"width":393,"height":852},"zoom":"fit"},"computerUseComposerEntryHidden":true,"taskAutoArchiveEnabled":false,"taskAutoArchiveOlderThanDays":7,"closeToTrayOnWindows":false,"closeToTrayOnWindowsMigrationInitialized":true,"keepAwakeWhileRunning":false,"desktopWindowSize":{"width":1600,"height":1000,"maximized":false},"desktopChromiumHardwareAccelerationEnabled":true,"messageStreamShowReasoning":true,"messageStreamShowReasoningMigrationInitialized":true,"messageStreamShowTodos":false,"toolGroupingExploreEnabled":true,"toolGroupingTerminalEnabled":true,"toolGroupingChangesEnabled":false,"zcodeInteractionBehavior":"queue","askUserQuestionAutoResolutionEnabled":false,"modelIoFullRetentionEnabled":false,"startPlanRecommendationDismissed":false,"providerFamilyConnectionSelections":{},"providerFamilyDomain":"zai","providerFamilyDomainMigrated":true,"nativeSearchEnhancementsEnabled":true,"memoryEnabled":false,"lastWorkspaceSession":[{"kind":"local","workspacePath":"C:\\Users\\USER\\Desktop\\Personal\\ZCode\\.tmp\\z1-native-1790566642265-7bfb99\\workspace","workspacePurpose":"project"},{"kind":"local","workspacePath":"C:\\Users\\USER\\Desktop\\Personal\\ZCode\\.tmp\\z1-native-1790566642265-7bfb99\\data\\.zcode\\workspace\\default","workspacePurpose":"conversation"}],"lastActiveTabIndex":0,"receivePreviewUpdates":false,"autoDownloadAndInstallUpdates":false,"skippedElectronUpdateVersions":{},"settingsSyncFirstRunPromptHandled":true}
[Z1 child] [2026-09-28 11:37:32.117] [pid:31632] [zcode-agent-service][trace:b03201f2-b7cf-487b-9b8c-e8db90fd7978] ZCode Protocol session/create 完成 {
  durationMs: 57,
  messageCount: 0,
  modelCurrent: 'z1-local-fixture/z1-fixture$enabled',
  mcpServerCount: 0,
  persistence: 'deferred',
  sessionId: 'sess_bf3c49f9-d653-4264-ab75-afc85b535331',
  snapshotTraceId: 'b03201f2-b7cf-487b-9b8c-e8db90fd7978',
  workspaceKey: 'C:\\Users\\USER\\Desktop\\Personal\\ZCode\\.tmp\\z1-native-1790566642265-7bfb99\\workspace',
  workspacePath: 'C:\\Users\\USER\\Desktop\\Personal\\ZCode\\.tmp\\z1-native-1790566642265-7bfb99\\workspace'
}
[2026-09-28 11:37:32.118] [pid:12696] [main] [host-log] (local-1) [host] [2026-09-28 11:37:32.117] [pid:31632] [zcode-agent-service][trace:b03201f2-b7cf-487b-9b8c-e8db90fd7978] ZCode Protocol session/create 完成 {"durationMs":57,"messageCount":0,"modelCurrent":"z1-local-fixture/z1-fixture$enabled","mcpServerCount":0,"persistence":"deferred","sessionId":"sess_bf3c49f9-d653-4264-ab75-afc85b535331","snapshotTraceId":"b03201f2-b7cf-487b-9b8c-e8db90fd7978","workspaceKey":"C:\\Users\\USER\\Desktop\\Personal\\ZCode\\.tmp\\z1-native-1790566642265-7bfb99\\workspace","workspacePath":"C:\\Users\\USER\\Desktop\\Personal\\ZCode\\.tmp\\z1-native-1790566642265-7bfb99\\workspace"}
[2026-09-28 11:37:32.118] [pid:12696] [main] [host-log] (local-1) [host] [2026-09-28 11:37:32.118] [pid:31632] [zcode-session-service][trace:b03201f2-b7cf-487b-9b8c-e8db90fd7978] [zcode-session-service] createSession agent 返回 {"durationMs":58,"mcpServerCount":0,"persistence":"deferred","snapshotTraceId":"b03201f2-b7cf-487b-9b8c-e8db90fd7978","sessionId":"sess_bf3c49f9-d653-4264-ab75-afc85b535331","workspacePath":"C:\\Users\\USER\\Desktop\\Personal\\ZCode\\.tmp\\z1-native-1790566642265-7bfb99\\workspace"}
[Z1 child] [2026-09-28 11:37:32.118] [pid:31632] [zcode-session-service][trace:b03201f2-b7cf-487b-9b8c-e8db90fd7978] [zcode-session-service] createSession agent 返回 {
  durationMs: 58,
  mcpServerCount: 0,
  persistence: 'deferred',
  snapshotTraceId: 'b03201f2-b7cf-487b-9b8c-e8db90fd7978',
  sessionId: 'sess_bf3c49f9-d653-4264-ab75-afc85b535331',
  workspaceIdentity: undefined,
  workspacePath: 'C:\\Users\\USER\\Desktop\\Personal\\ZCode\\.tmp\\z1-native-1790566642265-7bfb99\\workspace'
}
[Z1 child] [2026-09-28 11:37:32.156] [pid:31632] [settingService] reading settings from: C:\Users\USER\Desktop\Personal\ZCode\.tmp\z1-native-1790566642265-7bfb99\home\.zcode\v2\setting.json
[Z1 child] [2026-09-28 11:37:32.157] [pid:31632] [settingService] read result: {"recentProjects":[],"locale":"zh-CN","localePreference":"en-US","terminalInheritSystemProfile":true,"embeddedBrowserAllowInsecureCertificates":false,"embeddedBrowserViewportPreference":{"mode":"normal","viewport":{"width":393,"height":852},"zoom":"fit"},"computerUseComposerEntryHidden":true,"taskAutoArchiveEnabled":false,"taskAutoArchiveOlderThanDays":7,"closeToTrayOnWindows":false,"closeToTrayOnWindowsMigrationInitialized":true,"keepAwakeWhileRunning":false,"desktopWindowSize":{"width":1600,"height":1000,"maximized":false},"desktopChromiumHardwareAccelerationEnabled":true,"messageStreamShowReasoning":true,"messageStreamShowReasoningMigrationInitialized":true,"messageStreamShowTodos":false,"toolGroupingExploreEnabled":true,"toolGroupingTerminalEnabled":true,"toolGroupingChangesEnabled":false,"zcodeInteractionBehavior":"queue","askUserQuestionAutoResolutionEnabled":false,"modelIoFullRetentionEnabled":false,"startPlanRecommendationDismissed":false,"providerFamilyConnectionSelections":{},"providerFamilyDomain":"zai","providerFamilyDomainMigrated":true,"nativeSearchEnhancementsEnabled":true,"memoryEnabled":false,"lastWorkspaceSession":[{"kind":"local","workspacePath":"C:\\Users\\USER\\Desktop\\Personal\\ZCode\\.tmp\\z1-native-1790566642265-7bfb99\\workspace","workspacePurpose":"project"},{"kind":"local","workspacePath":"C:\\Users\\USER\\Desktop\\Personal\\ZCode\\.tmp\\z1-native-1790566642265-7bfb99\\data\\.zcode\\workspace\\default","workspacePurpose":"conversation"}],"lastActiveTabIndex":0,"receivePreviewUpdates":false,"autoDownloadAndInstallUpdates":false,"skippedElectronUpdateVersions":{},"settingsSyncFirstRunPromptHandled":true}
[Z1 child] [2026-09-28 11:37:32.157] [pid:31632] [zcode-host] [rpc:call] graphEngineering.getWorkspace OK (192.2ms)
[2026-09-28 11:37:32.158] [pid:12696] [main] [host-log] (local-1) [host] [2026-09-28 11:37:32.157] [pid:31632] [zcode-host] [rpc:call] graphEngineering.getWorkspace OK (192.2ms)
[Z1 child] [2026-09-28 11:37:32.158] [pid:31632] [settingService] reading settings from: C:\Users\USER\Desktop\Personal\ZCode\.tmp\z1-native-1790566642265-7bfb99\home\.zcode\v2\setting.json
[2026-09-28 11:37:32.159] [pid:31632] [settingService] read result: {"recentProjects":[],"locale":"zh-CN","localePreference":"en-US","terminalInheritSystemProfile":true,"embeddedBrowserAllowInsecureCertificates":false,"embeddedBrowserViewportPreference":{"mode":"normal","viewport":{"width":393,"height":852},"zoom":"fit"},"computerUseComposerEntryHidden":true,"taskAutoArchiveEnabled":false,"taskAutoArchiveOlderThanDays":7,"closeToTrayOnWindows":false,"closeToTrayOnWindowsMigrationInitialized":true,"keepAwakeWhileRunning":false,"desktopWindowSize":{"width":1600,"height":1000,"maximized":false},"desktopChromiumHardwareAccelerationEnabled":true,"messageStreamShowReasoning":true,"messageStreamShowReasoningMigrationInitialized":true,"messageStreamShowTodos":false,"toolGroupingExploreEnabled":true,"toolGroupingTerminalEnabled":true,"toolGroupingChangesEnabled":false,"zcodeInteractionBehavior":"queue","askUserQuestionAutoResolutionEnabled":false,"modelIoFullRetentionEnabled":false,"startPlanRecommendationDismissed":false,"providerFamilyConnectionSelections":{},"providerFamilyDomain":"zai","providerFamilyDomainMigrated":true,"nativeSearchEnhancementsEnabled":true,"memoryEnabled":false,"lastWorkspaceSession":[{"kind":"local","workspacePath":"C:\\Users\\USER\\Desktop\\Personal\\ZCode\\.tmp\\z1-native-1790566642265-7bfb99\\workspace","workspacePurpose":"project"},{"kind":"local","workspacePath":"C:\\Users\\USER\\Desktop\\Personal\\ZCode\\.tmp\\z1-native-1790566642265-7bfb99\\data\\.zcode\\workspace\\default","workspacePurpose":"conversation"}],"lastActiveTabIndex":0,"receivePreviewUpdates":false,"autoDownloadAndInstallUpdates":false,"skippedElectronUpdateVersions":{},"settingsSyncFirstRunPromptHandled":true}
[Z1 child] [2026-09-28 11:37:32.159] [pid:31632] [zcode-host] [rpc:call] graphEngineering.getWorkspace OK (99.1ms)
[2026-09-28 11:37:32.159] [pid:12696] [main] [host-log] (local-1) [host] [2026-09-28 11:37:32.159] [pid:31632] [zcode-host] [rpc:call] graphEngineering.getWorkspace OK (99.1ms)
[Z1 child] [2026-09-28 11:37:32.159] [pid:31632] [settingService] reading settings from: C:\Users\USER\Desktop\Personal\ZCode\.tmp\z1-native-1790566642265-7bfb99\home\.zcode\v2\setting.json
[2026-09-28 11:37:32.160] [pid:31632] [settingService] read result: {"recentProjects":[],"locale":"zh-CN","localePreference":"en-US","terminalInheritSystemProfile":true,"embeddedBrowserAllowInsecureCertificates":false,"embeddedBrowserViewportPreference":{"mode":"normal","viewport":{"width":393,"height":852},"zoom":"fit"},"computerUseComposerEntryHidden":true,"taskAutoArchiveEnabled":false,"taskAutoArchiveOlderThanDays":7,"closeToTrayOnWindows":false,"closeToTrayOnWindowsMigrationInitialized":true,"keepAwakeWhileRunning":false,"desktopWindowSize":{"width":1600,"height":1000,"maximized":false},"desktopChromiumHardwareAccelerationEnabled":true,"messageStreamShowReasoning":true,"messageStreamShowReasoningMigrationInitialized":true,"messageStreamShowTodos":false,"toolGroupingExploreEnabled":true,"toolGroupingTerminalEnabled":true,"toolGroupingChangesEnabled":false,"zcodeInteractionBehavior":"queue","askUserQuestionAutoResolutionEnabled":false,"modelIoFullRetentionEnabled":false,"startPlanRecommendationDismissed":false,"providerFamilyConnectionSelections":{},"providerFamilyDomain":"zai","providerFamilyDomainMigrated":true,"nativeSearchEnhancementsEnabled":true,"memoryEnabled":false,"lastWorkspaceSession":[{"kind":"local","workspacePath":"C:\\Users\\USER\\Desktop\\Personal\\ZCode\\.tmp\\z1-native-1790566642265-7bfb99\\workspace","workspacePurpose":"project"},{"kind":"local","workspacePath":"C:\\Users\\USER\\Desktop\\Personal\\ZCode\\.tmp\\z1-native-1790566642265-7bfb99\\data\\.zcode\\workspace\\default","workspacePurpose":"conversation"}],"lastActiveTabIndex":0,"receivePreviewUpdates":false,"autoDownloadAndInstallUpdates":false,"skippedElectronUpdateVersions":{},"settingsSyncFirstRunPromptHandled":true}
[Z1 child] [2026-09-28 11:37:32.160] [pid:31632] [zcode-host] [rpc:call] graphEngineering.getWorkspace OK (39.2ms)
[2026-09-28 11:37:32.160] [pid:12696] [main] [host-log] (local-1) [host] [2026-09-28 11:37:32.160] [pid:31632] [zcode-host] [rpc:call] graphEngineering.getWorkspace OK (39.2ms)
[Z1 child] [2026-09-28 11:37:32.161] [pid:31632] [settingService] reading settings from: C:\Users\USER\Desktop\Personal\ZCode\.tmp\z1-native-1790566642265-7bfb99\home\.zcode\v2\setting.json
[2026-09-28 11:37:32.161] [pid:31632] [settingService] read result: {"recentProjects":[],"locale":"zh-CN","localePreference":"en-US","terminalInheritSystemProfile":true,"embeddedBrowserAllowInsecureCertificates":false,"embeddedBrowserViewportPreference":{"mode":"normal","viewport":{"width":393,"height":852},"zoom":"fit"},"computerUseComposerEntryHidden":true,"taskAutoArchiveEnabled":false,"taskAutoArchiveOlderThanDays":7,"closeToTrayOnWindows":false,"closeToTrayOnWindowsMigrationInitialized":true,"keepAwakeWhileRunning":false,"desktopWindowSize":{"width":1600,"height":1000,"maximized":false},"desktopChromiumHardwareAccelerationEnabled":true,"messageStreamShowReasoning":true,"messageStreamShowReasoningMigrationInitialized":true,"messageStreamShowTodos":false,"toolGroupingExploreEnabled":true,"toolGroupingTerminalEnabled":true,"toolGroupingChangesEnabled":false,"zcodeInteractionBehavior":"queue","askUserQuestionAutoResolutionEnabled":false,"modelIoFullRetentionEnabled":false,"startPlanRecommendationDismissed":false,"providerFamilyConnectionSelections":{},"providerFamilyDomain":"zai","providerFamilyDomainMigrated":true,"nativeSearchEnhancementsEnabled":true,"memoryEnabled":false,"lastWorkspaceSession":[{"kind":"local","workspacePath":"C:\\Users\\USER\\Desktop\\Personal\\ZCode\\.tmp\\z1-native-1790566642265-7bfb99\\workspace","workspacePurpose":"project"},{"kind":"local","workspacePath":"C:\\Users\\USER\\Desktop\\Personal\\ZCode\\.tmp\\z1-native-1790566642265-7bfb99\\data\\.zcode\\workspace\\default","workspacePurpose":"conversation"}],"lastActiveTabIndex":0,"receivePreviewUpdates":false,"autoDownloadAndInstallUpdates":false,"skippedElectronUpdateVersions":{},"settingsSyncFirstRunPromptHandled":true}
[Z1 child] [2026-09-28 11:37:32.162] [pid:31632] [zcode-host] [rpc:call] graphEngineering.getWorkspace OK (13.0ms)
[2026-09-28 11:37:32.161] [pid:12696] [main] [host-log] (local-1) [host] [2026-09-28 11:37:32.162] [pid:31632] [zcode-host] [rpc:call] graphEngineering.getWorkspace OK (13.0ms)
[Z1 child] [2026-09-28 11:37:32.162] [pid:31632] [settingService] reading settings from: C:\Users\USER\Desktop\Personal\ZCode\.tmp\z1-native-1790566642265-7bfb99\home\.zcode\v2\setting.json
[Z1 child] [2026-09-28 11:37:32.163] [pid:31632] [settingService] read result: {"recentProjects":[],"locale":"zh-CN","localePreference":"en-US","terminalInheritSystemProfile":true,"embeddedBrowserAllowInsecureCertificates":false,"embeddedBrowserViewportPreference":{"mode":"normal","viewport":{"width":393,"height":852},"zoom":"fit"},"computerUseComposerEntryHidden":true,"taskAutoArchiveEnabled":false,"taskAutoArchiveOlderThanDays":7,"closeToTrayOnWindows":false,"closeToTrayOnWindowsMigrationInitialized":true,"keepAwakeWhileRunning":false,"desktopWindowSize":{"width":1600,"height":1000,"maximized":false},"desktopChromiumHardwareAccelerationEnabled":true,"messageStreamShowReasoning":true,"messageStreamShowReasoningMigrationInitialized":true,"messageStreamShowTodos":false,"toolGroupingExploreEnabled":true,"toolGroupingTerminalEnabled":true,"toolGroupingChangesEnabled":false,"zcodeInteractionBehavior":"queue","askUserQuestionAutoResolutionEnabled":false,"modelIoFullRetentionEnabled":false,"startPlanRecommendationDismissed":false,"providerFamilyConnectionSelections":{},"providerFamilyDomain":"zai","providerFamilyDomainMigrated":true,"nativeSearchEnhancementsEnabled":true,"memoryEnabled":false,"lastWorkspaceSession":[{"kind":"local","workspacePath":"C:\\Users\\USER\\Desktop\\Personal\\ZCode\\.tmp\\z1-native-1790566642265-7bfb99\\workspace","workspacePurpose":"project"},{"kind":"local","workspacePath":"C:\\Users\\USER\\Desktop\\Personal\\ZCode\\.tmp\\z1-native-1790566642265-7bfb99\\data\\.zcode\\workspace\\default","workspacePurpose":"conversation"}],"lastActiveTabIndex":0,"receivePreviewUpdates":false,"autoDownloadAndInstallUpdates":false,"skippedElectronUpdateVersions":{},"settingsSyncFirstRunPromptHandled":true}
[Z1 child] [2026-09-28 11:37:32.163] [pid:31632] [zcode-host] [rpc:call] graphEngineering.getWorkspace OK (3.2ms)
[2026-09-28 11:37:32.163] [pid:12696] [main] [host-log] (local-1) [host] [2026-09-28 11:37:32.163] [pid:31632] [zcode-host] [rpc:call] graphEngineering.getWorkspace OK (3.2ms)
[Z1 child] [2026-09-28 11:37:32.256] [pid:31632] [cua-pip-session] [cua-pip-session] event delivery dropped {
  kind: 'focus-changed',
  revision: 6,
  sessionId: 'sess_bf3c49f9-d653-4264-ab75-afc85b535331',
  sourceWindowId: 'window-1',
  skipReason: 'service-disabled'
}
[2026-09-28 11:37:32.256] [pid:12696] [main] [host-log] (local-1) [host] [2026-09-28 11:37:32.256] [pid:31632] [cua-pip-session] [cua-pip-session] event delivery dropped {"kind":"focus-changed","revision":6,"sessionId":"sess_bf3c49f9-d653-4264-ab75-afc85b535331","sourceWindowId":"window-1","skipReason":"service-disabled"}
[2026-09-28 11:37:32.258] [pid:12696] [renderer] v4 workspace connection reused {
  event: 'v4.workspace_connection.reused',
  isRemote: false,
  key: '__base__ C:\\Users\\USER\\Desktop\\Personal\\ZCode\\.tmp\\z1-native-1790566642265-7bfb99\\workspace',
  module: 'ui.v4.workspace_connection_registry',
  refCount: 1,
  serviceGeneration: 1,
  status: 'completed'
}
[Z1 child] [2026-09-28 11:37:32.268] [pid:31632] [zcode-host] [rpc:call] zcode-task.getTaskSessionFilePath OK (0.0ms)
[2026-09-28 11:37:32.268] [pid:12696] [main] [host-log] (local-1) [host] [2026-09-28 11:37:32.268] [pid:31632] [zcode-host] [rpc:call] zcode-task.getTaskSessionFilePath OK (0.0ms)
[2026-09-28 11:37:32.268] [pid:12696] [renderer] v4 conversation store connect started {
  event: 'v4.conversation.store.connect.started',
  generation: 1,
  hasBase: false,
  module: 'ui.v4.conversation_projection_store',
  status: 'started',
  topic: 'conversation/sess_bf3c49f9-d653-4264-ab75-afc85b535331'
}
[2026-09-28 11:37:32.269] [pid:12696] [renderer] v4 conversation subscription started {
  workspaceKey: 'C:\\Users\\USER\\Desktop\\Personal\\ZCode\\.tmp\\z1-native-1790566642265-7bfb99\\workspace',
  workspacePath: 'C:\\Users\\USER\\Desktop\\Personal\\ZCode\\.tmp\\z1-native-1790566642265-7bfb99\\workspace',
  event: 'v4.conversation.subscribe.started',
  module: 'ui.v4.conversation_transport',
  runtimeGeneration: 0,
  sessionId: 'sess_bf3c49f9-d653-4264-ab75-afc85b535331',
  status: 'started',
  topic: 'conversation/sess_bf3c49f9-d653-4264-ab75-afc85b535331'
}
[2026-09-28 11:37:32.270] [pid:12696] [renderer] v4 session data lease acquired {
  event: 'v4.session_data.acquire',
  keepWarm: false,
  module: 'ui.v4.session_data_layer',
  openKind: 'cold',
  refCount: 1,
  sessionId: 'sess_bf3c49f9-d653-4264-ab75-afc85b535331',
  status: 'completed',
  topic: 'conversation/sess_bf3c49f9-d653-4264-ab75-afc85b535331'
}
[2026-09-28 11:37:32.271] [pid:12696] [main] [host-log] (local-1) [host] [2026-09-28 11:37:32.268] [pid:31632] [zcode-host] [rpc:call] zcode-task.getTaskNativeSessionLogFile OK (0.2ms)
[2026-09-28 11:37:32.271] [pid:12696] [main] [host-log] (local-1) [host] [2026-09-28 11:37:32.268] [pid:31632] [zcode-host] [rpc:listen] graphEngineering.onDidChange subscribed
[2026-09-28 11:37:32.272] [pid:12696] [main] [host-log] (local-1) [host] [2026-09-28 11:37:32.268] [pid:31632] [zcode-host] [rpc:call] graphEngineering.isSessionOwned OK (0.0ms)
[2026-09-28 11:37:32.272] [pid:12696] [main] [host-log] (local-1) [host] [2026-09-28 11:37:32.268] [pid:31632] [zcode-host] [rpc:listen] model-selection.onDidChange subscribed
[Z1 child] [2026-09-28 11:37:32.268] [pid:31632] [zcode-host] [rpc:call] zcode-task.getTaskNativeSessionLogFile OK (0.2ms)
[2026-09-28 11:37:32.268] [pid:31632] [settingService] reading settings from: C:\Users\USER\Desktop\Personal\ZCode\.tmp\z1-native-1790566642265-7bfb99\home\.zcode\v2\setting.json
[2026-09-28 11:37:32.268] [pid:31632] [zcode-host] [rpc:listen] graphEngineering.onDidChange subscribed
[2026-09-28 11:37:32.268] [pid:31632] [zcode-host] [rpc:call] graphEngineering.isSessionOwned OK (0.0ms)
[2026-09-28 11:37:32.268] [pid:31632] [zcode-host] [rpc:listen] model-selection.onDidChange subscribed
[2026-09-28 11:37:32.269] [pid:31632] [zcode-host] [rpc:call] zcode-task.getTaskNativeSessionLogFile OK (0.2ms)
[2026-09-28 11:37:32.269] [pid:31632] [zcode-host] [rpc:call] zcode-task.getTaskSessionFilePath OK (0.0ms)
[2026-09-28 11:37:32.270] [pid:31632] [settingService] read result: {"recentProjects":[],"locale":"zh-CN","localePreference":"en-US","terminalInheritSystemProfile":true,"embeddedBrowserAllowInsecureCertificates":false,"embeddedBrowserViewportPreference":{"mode":"normal","viewport":{"width":393,"height":852},"zoom":"fit"},"computerUseComposerEntryHidden":true,"taskAutoArchiveEnabled":false,"taskAutoArchiveOlderThanDays":7,"closeToTrayOnWindows":false,"closeToTrayOnWindowsMigrationInitialized":true,"keepAwakeWhileRunning":false,"desktopWindowSize":{"width":1600,"height":1000,"maximized":false},"desktopChromiumHardwareAccelerationEnabled":true,"messageStreamShowReasoning":true,"messageStreamShowReasoningMigrationInitialized":true,"messageStreamShowTodos":false,"toolGroupingExploreEnabled":true,"toolGroupingTerminalEnabled":true,"toolGroupingChangesEnabled":false,"zcodeInteractionBehavior":"queue","askUserQuestionAutoResolutionEnabled":false,"modelIoFullRetentionEnabled":false,"startPlanRecommendationDismissed":false,"providerFamilyConnectionSelections":{},"providerFamilyDomain":"zai","providerFamilyDomainMigrated":true,"nativeSearchEnhancementsEnabled":true,"memoryEnabled":false,"lastWorkspaceSession":[{"kind":"local","workspacePath":"C:\\Users\\USER\\Desktop\\Personal\\ZCode\\.tmp\\z1-native-1790566642265-7bfb99\\workspace","workspacePurpose":"project"},{"kind":"local","workspacePath":"C:\\Users\\USER\\Desktop\\Personal\\ZCode\\.tmp\\z1-native-1790566642265-7bfb99\\data\\.zcode\\workspace\\default","workspacePurpose":"conversation"}],"lastActiveTabIndex":0,"receivePreviewUpdates":false,"autoDownloadAndInstallUpdates":false,"skippedElectronUpdateVersions":{},"settingsSyncFirstRunPromptHandled":true}
[2026-09-28 11:37:32.270] [pid:31632] [zcode-host] [rpc:call] setting.get OK (1.5ms)
[2026-09-28 11:37:32.270] [pid:31632] [zcode-host] [rpc:call] model-selection.getView OK (1.5ms)
[2026-09-28 11:37:32.273] [pid:12696] [main] [host-log] (local-1) [host] [2026-09-28 11:37:32.269] [pid:31632] [zcode-host] [rpc:call] zcode-task.getTaskNativeSessionLogFile OK (0.2ms)
[2026-09-28 11:37:32.274] [pid:12696] [main] [host-log] (local-1) [host] [2026-09-28 11:37:32.269] [pid:31632] [zcode-host] [rpc:call] zcode-task.getTaskSessionFilePath OK (0.0ms)
[2026-09-28 11:37:32.275] [pid:12696] [main] [host-log] (local-1) [host] [2026-09-28 11:37:32.270] [pid:31632] [zcode-host] [rpc:call] setting.get OK (1.5ms)
[2026-09-28 11:37:32.275] [pid:12696] [main] [host-log] (local-1) [host] [2026-09-28 11:37:32.270] [pid:31632] [zcode-host] [rpc:call] model-selection.getView OK (1.5ms)
[Z1 child] [2026-09-28 11:37:32.276] [pid:31632] [zcode-host] [rpc:call] zcode-task.getTaskNativeSessionLogFile OK (0.2ms)
[2026-09-28 11:37:32.276] [pid:12696] [main] [host-log] (local-1) [host] [2026-09-28 11:37:32.276] [pid:31632] [zcode-host] [rpc:call] zcode-task.getTaskNativeSessionLogFile OK (0.2ms)
[2026-09-28 11:37:32.299] [pid:12696] [main] [host-log] (local-1) [host] [2026-09-28 11:37:32.299] [pid:31632] [zcode-session-service] [zcode-session-service] readSession 历史快照读取完成 {"durationMs":30,"messageLimit":1,"sessionId":"sess_bf3c49f9-d653-4264-ab75-afc85b535331","snapshot":{"activeTurnId":null,"eventSeq":2,"messageCount":0,"pendingRequestCount":1,"sessionStatus":"idle","stateRevision":0},"workspaceIdentity":null,"workspacePath":"C:\\Users\\USER\\Desktop\\Personal\\ZCode\\.tmp\\z1-native-1790566642265-7bfb99\\workspace"}
[Z1 child] [2026-09-28 11:37:32.299] [pid:31632] [zcode-session-service] [zcode-session-service] readSession 历史快照读取完成 {
  deliveryKind: undefined,
  durationMs: 30,
  messageLimit: 1,
  sessionId: 'sess_bf3c49f9-d653-4264-ab75-afc85b535331',
  snapshot: {
    activeTurnId: null,
    eventSeq: 2,
    messageCount: 0,
    pendingRequestCount: 1,
    sessionStatus: 'idle',
    stateRevision: 0
  },
  workspaceIdentity: null,
  workspacePath: 'C:\\Users\\USER\\Desktop\\Personal\\ZCode\\.tmp\\z1-native-1790566642265-7bfb99\\workspace'
}
[2026-09-28 11:37:32.299] [pid:31632] [zcode-host] [rpc:call] zcode-session.readSession OK (30.1ms)
[2026-09-28 11:37:32.299] [pid:31632] [zcode-host] [rpc:call] zcode-agent.conversationWorkflowRunsV4 OK (18.9ms)
[2026-09-28 11:37:32.300] [pid:12696] [main] [host-log] (local-1) [host] [2026-09-28 11:37:32.299] [pid:31632] [zcode-host] [rpc:call] zcode-session.readSession OK (30.1ms)
[2026-09-28 11:37:32.301] [pid:12696] [main] [host-log] (local-1) [host] [2026-09-28 11:37:32.299] [pid:31632] [zcode-host] [rpc:call] zcode-agent.conversationWorkflowRunsV4 OK (18.9ms)
[Z1 child] [2026-09-28 11:37:32.302] [pid:31632] [zcode-host] [rpc:call] zcode-agent.subscribeConversationV4 OK (21.0ms)
[2026-09-28 11:37:32.302] [pid:12696] [main] [host-log] (local-1) [host] [2026-09-28 11:37:32.302] [pid:31632] [zcode-host] [rpc:call] zcode-agent.subscribeConversationV4 OK (21.0ms)
[Z1 child] [2026-09-28 11:37:32.307] [pid:31632] [zcode-host] [rpc:call] zcode-task.getTaskNativeSessionLogFile OK (0.2ms)
[2026-09-28 11:37:32.307] [pid:12696] [main] [host-log] (local-1) [host] [2026-09-28 11:37:32.307] [pid:31632] [zcode-host] [rpc:call] zcode-task.getTaskNativeSessionLogFile OK (0.2ms)
[2026-09-28 11:37:32.315] [pid:12696] [renderer] v4 conversation subscription acknowledged {
  workspaceKey: 'C:\\Users\\USER\\Desktop\\Personal\\ZCode\\.tmp\\z1-native-1790566642265-7bfb99\\workspace',
  workspacePath: 'C:\\Users\\USER\\Desktop\\Personal\\ZCode\\.tmp\\z1-native-1790566642265-7bfb99\\workspace',
  durationMs: 47,
  event: 'v4.conversation.subscribe.acknowledged',
  module: 'ui.v4.conversation_transport',
  runtimeGeneration: 0,
  sessionId: 'sess_bf3c49f9-d653-4264-ab75-afc85b535331',
  status: 'completed',
  subscriptionId: 'sub-mukp5j3s-tp1cr7tc-1',
  topic: 'conversation/sess_bf3c49f9-d653-4264-ab75-afc85b535331'
}
[2026-09-28 11:37:32.315] [pid:12696] [renderer] v4 conversation subscription activated {
  workspaceKey: 'C:\\Users\\USER\\Desktop\\Personal\\ZCode\\.tmp\\z1-native-1790566642265-7bfb99\\workspace',
  workspacePath: 'C:\\Users\\USER\\Desktop\\Personal\\ZCode\\.tmp\\z1-native-1790566642265-7bfb99\\workspace',
  event: 'v4.conversation.subscribe.activated',
  module: 'ui.v4.conversation_transport',
  runtimeGeneration: 0,
  status: 'completed',
  subscriptionId: 'sub-mukp5j3s-tp1cr7tc-1',
  topic: 'conversation/sess_bf3c49f9-d653-4264-ab75-afc85b535331'
}
[2026-09-28 11:37:32.316] [pid:12696] [renderer] v4 conversation store connect completed {
  durationMs: 47,
  event: 'v4.conversation.store.connect.completed',
  generation: 1,
  logEpoch: 'mukp5j3s-tp1cr7tc',
  mode: 'snapshot',
  module: 'ui.v4.conversation_projection_store',
  status: 'completed',
  subscriptionId: 'sub-mukp5j3s-tp1cr7tc-1',
  topic: 'conversation/sess_bf3c49f9-d653-4264-ab75-afc85b535331'
}
[Z1 child] [2026-09-28 11:37:32.320] [pid:31632] [zcode-host] [rpc:listen] model-selection.onDidChange subscribed
[2026-09-28 11:37:32.320] [pid:12696] [main] [host-log] (local-1) [host] [2026-09-28 11:37:32.320] [pid:31632] [zcode-host] [rpc:listen] model-selection.onDidChange subscribed
[2026-09-28 11:37:32.321] [pid:12696] [main] [host-log] (local-1) [host] [2026-09-28 11:37:32.320] [pid:31632] [zcode-host] [rpc:call] model-selection.getView OK (0.5ms)
[Z1 child] [2026-09-28 11:37:32.320] [pid:31632] [zcode-host] [rpc:call] model-selection.getView OK (0.5ms)
[Z1 child] [2026-09-28 11:37:32.323] [pid:31632] [zcode-host] [rpc:call] zcode-agent.conversationPlansV4 OK (0.4ms)
[2026-09-28 11:37:32.323] [pid:12696] [main] [host-log] (local-1) [host] [2026-09-28 11:37:32.323] [pid:31632] [zcode-host] [rpc:call] zcode-agent.conversationPlansV4 OK (0.4ms)
[Z1 child] [2026-09-28 11:37:32.628] [pid:31632] [settingService] reading settings from: C:\Users\USER\Desktop\Personal\ZCode\.tmp\z1-native-1790566642265-7bfb99\home\.zcode\v2\setting.json
[Z1 child] [2026-09-28 11:37:32.628] [pid:31632] [settingService] read result: {"recentProjects":[],"locale":"zh-CN","localePreference":"en-US","terminalInheritSystemProfile":true,"embeddedBrowserAllowInsecureCertificates":false,"embeddedBrowserViewportPreference":{"mode":"normal","viewport":{"width":393,"height":852},"zoom":"fit"},"computerUseComposerEntryHidden":true,"taskAutoArchiveEnabled":false,"taskAutoArchiveOlderThanDays":7,"closeToTrayOnWindows":false,"closeToTrayOnWindowsMigrationInitialized":true,"keepAwakeWhileRunning":false,"desktopWindowSize":{"width":1600,"height":1000,"maximized":false},"desktopChromiumHardwareAccelerationEnabled":true,"messageStreamShowReasoning":true,"messageStreamShowReasoningMigrationInitialized":true,"messageStreamShowTodos":false,"toolGroupingExploreEnabled":true,"toolGroupingTerminalEnabled":true,"toolGroupingChangesEnabled":false,"zcodeInteractionBehavior":"queue","askUserQuestionAutoResolutionEnabled":false,"modelIoFullRetentionEnabled":false,"startPlanRecommendationDismissed":false,"providerFamilyConnectionSelections":{},"providerFamilyDomain":"zai","providerFamilyDomainMigrated":true,"nativeSearchEnhancementsEnabled":true,"memoryEnabled":false,"lastWorkspaceSession":[{"kind":"local","workspacePath":"C:\\Users\\USER\\Desktop\\Personal\\ZCode\\.tmp\\z1-native-1790566642265-7bfb99\\workspace","workspacePurpose":"project"},{"kind":"local","workspacePath":"C:\\Users\\USER\\Desktop\\Personal\\ZCode\\.tmp\\z1-native-1790566642265-7bfb99\\data\\.zcode\\workspace\\default","workspacePurpose":"conversation"}],"lastActiveTabIndex":0,"receivePreviewUpdates":false,"autoDownloadAndInstallUpdates":false,"skippedElectronUpdateVersions":{},"settingsSyncFirstRunPromptHandled":true}
[Z1 child] [2026-09-28 11:37:32.628] [pid:31632] [settingService] writing settings to: C:\Users\USER\Desktop\Personal\ZCode\.tmp\z1-native-1790566642265-7bfb99\home\.zcode\v2\setting.json {"recentProjects":[],"locale":"zh-CN","localePreference":"en-US","terminalInheritSystemProfile":true,"embeddedBrowserAllowInsecureCertificates":false,"embeddedBrowserViewportPreference":{"mode":"normal","viewport":{"width":393,"height":852},"zoom":"fit"},"computerUseComposerEntryHidden":true,"taskAutoArchiveEnabled":false,"taskAutoArchiveOlderThanDays":7,"closeToTrayOnWindows":false,"closeToTrayOnWindowsMigrationInitialized":true,"keepAwakeWhileRunning":false,"desktopWindowSize":{"width":1600,"height":1000,"maximized":false},"desktopChromiumHardwareAccelerationEnabled":true,"messageStreamShowReasoning":true,"messageStreamShowReasoningMigrationInitialized":true,"messageStreamShowTodos":false,"toolGroupingExploreEnabled":true,"toolGroupingTerminalEnabled":true,"toolGroupingChangesEnabled":false,"zcodeInteractionBehavior":"queue","askUserQuestionAutoResolutionEnabled":false,"modelIoFullRetentionEnabled":false,"startPlanRecommendationDismissed":false,"providerFamilyConnectionSelections":{},"providerFamilyDomain":"zai","providerFamilyDomainMigrated":true,"nativeSearchEnhancementsEnabled":true,"memoryEnabled":false,"lastWorkspaceSession":[{"kind":"local","workspacePath":"C:\\Users\\USER\\Desktop\\Personal\\ZCode\\.tmp\\z1-native-1790566642265-7bfb99\\workspace","workspacePurpose":"project"},{"kind":"local","workspacePath":"C:\\Users\\USER\\Desktop\\Personal\\ZCode\\.tmp\\z1-native-1790566642265-7bfb99\\data\\.zcode\\workspace\\default","workspacePurpose":"conversation"}],"lastActiveTabIndex":0,"receivePreviewUpdates":false,"autoDownloadAndInstallUpdates":false,"skippedElectronUpdateVersions":{},"settingsSyncFirstRunPromptHandled":true}
[2026-09-28 11:37:32.628] [pid:12696] [main] [host-log] (local-1) [host] [2026-09-28 11:37:32.628] [pid:31632] [settingService] writing settings to: C:\Users\USER\Desktop\Personal\ZCode\.tmp\z1-native-1790566642265-7bfb99\home\.zcode\v2\setting.json {"recentProjects":[],"locale":"zh-CN","localePreference":"en-US","terminalInheritSystemProfile":true,"embeddedBrowserAllowInsecureCertificates":false,"embeddedBrowserViewportPreference":{"mode":"normal","viewport":{"width":393,"height":852},"zoom":"fit"},"computerUseComposerEntryHidden":true,"taskAutoArchiveEnabled":false,"taskAutoArchiveOlderThanDays":7,"closeToTrayOnWindows":false,"closeToTrayOnWindowsMigrationInitialized":true,"keepAwakeWhileRunning":false,"desktopWindowSize":{"width":1600,"height":1000,"maximized":false},"desktopChromiumHardwareAccelerationEnabled":true,"messageStreamShowReasoning":true,"messageStreamShowReasoningMigrationInitialized":true,"messageStreamShowTodos":false,"toolGroupingExploreEnabled":true,"toolGroupingTerminalEnabled":true,"toolGroupingChangesEnabled":false,"zcodeInteractionBehavior":"queue","askUserQuestionAutoResolutionEnabled":false,"modelIoFullRetentionEnabled":false,"startPlanRecommendationDismissed":false,"providerFamilyConnectionSelections":{},"providerFamilyDomain":"zai","providerFamilyDomainMigrated":true,"nativeSearchEnhancementsEnabled":true,"memoryEnabled":false,"lastWorkspaceSession":[{"kind":"local","workspacePath":"C:\\Users\\USER\\Desktop\\Personal\\ZCode\\.tmp\\z1-native-1790566642265-7bfb99\\workspace","workspacePurpose":"project"},{"kind":"local","workspacePath":"C:\\Users\\USER\\Desktop\\Personal\\ZCode\\.tmp\\z1-native-1790566642265-7bfb99\\data\\.zcode\\workspace\\default","workspacePurpose":"conversation"}],"lastActiveTabIndex":0,"receivePreviewUpdates":false,"autoDownloadAndInstallUpdates":false,"skippedElectronUpdateVersions":{},"settingsSyncFirstRunPromptHandled":true}
[Z1 child] [2026-09-28 11:37:32.633] [pid:31632] [settingService] write done
[2026-09-28 11:37:32.632] [pid:12696] [main] [host-log] (local-1) [host] [2026-09-28 11:37:32.633] [pid:31632] [settingService] write done
[2026-09-28 11:37:32.633] [pid:12696] [main] [host-log] (local-1) [host] [2026-09-28 11:37:32.633] [pid:31632] [zcode-host] [rpc:call] setting.update OK (5.1ms)
[Z1 child] [2026-09-28 11:37:32.633] [pid:31632] [zcode-host] [rpc:call] setting.update OK (5.1ms)
[Z1 child] [2026-09-28 11:37:32.641] [pid:31632] [zcode-host] [rpc:call] zcode-agent.sendConversationCommandV4 OK (2.0ms)
[2026-09-28 11:37:32.641] [pid:12696] [main] [host-log] (local-1) [host] [2026-09-28 11:37:32.641] [pid:31632] [zcode-host] [rpc:call] zcode-agent.sendConversationCommandV4 OK (2.0ms)
[2026-09-28 11:37:32.702] [pid:12696] [renderer] v4 workspace connection lease released {
  event: 'v4.workspace_connection.release',
  keepWarmMs: 30000,
  key: '__base__ C:\\Users\\USER\\Desktop\\Personal\\ZCode\\.tmp\\z1-native-1790566642265-7bfb99\\workspace',
  module: 'ui.v4.workspace_connection_registry',
  refCount: 0,
  status: 'keep_warm'
}
[2026-09-28 11:37:32.703] [pid:12696] [renderer] v4 session data lease released {
  event: 'v4.session_data.release',
  keepWarmMs: 30000,
  module: 'ui.v4.session_data_layer',
  refCount: 0,
  status: 'keep_warm',
  topic: 'conversation/sess_bf3c49f9-d653-4264-ab75-afc85b535331'
}
[Z1 child] [2026-09-28 11:37:32.704] [pid:31632] [zcode-host] [rpc:listen] graphEngineering.onDidChange subscribed
[2026-09-28 11:37:32.704] [pid:31632] [settingService] reading settings from: C:\Users\USER\Desktop\Personal\ZCode\.tmp\z1-native-1790566642265-7bfb99\home\.zcode\v2\setting.json
[2026-09-28 11:37:32.704] [pid:12696] [main] [host-log] (local-1) [host] [2026-09-28 11:37:32.704] [pid:31632] [zcode-host] [rpc:listen] graphEngineering.onDidChange subscribed
[Z1 child] [2026-09-28 11:37:32.705] [pid:31632] [settingService] read result: {"recentProjects":[],"locale":"zh-CN","localePreference":"en-US","terminalInheritSystemProfile":true,"embeddedBrowserAllowInsecureCertificates":false,"embeddedBrowserViewportPreference":{"mode":"normal","viewport":{"width":393,"height":852},"zoom":"fit"},"computerUseComposerEntryHidden":true,"taskAutoArchiveEnabled":false,"taskAutoArchiveOlderThanDays":7,"closeToTrayOnWindows":false,"closeToTrayOnWindowsMigrationInitialized":true,"keepAwakeWhileRunning":false,"desktopWindowSize":{"width":1600,"height":1000,"maximized":false},"desktopChromiumHardwareAccelerationEnabled":true,"messageStreamShowReasoning":true,"messageStreamShowReasoningMigrationInitialized":true,"messageStreamShowTodos":false,"toolGroupingExploreEnabled":true,"toolGroupingTerminalEnabled":true,"toolGroupingChangesEnabled":false,"zcodeInteractionBehavior":"queue","askUserQuestionAutoResolutionEnabled":false,"modelIoFullRetentionEnabled":false,"startPlanRecommendationDismissed":false,"providerFamilyConnectionSelections":{},"providerFamilyDomain":"zai","providerFamilyDomainMigrated":true,"nativeSearchEnhancementsEnabled":true,"memoryEnabled":false,"lastWorkspaceSession":[{"kind":"local","workspacePath":"C:\\Users\\USER\\Desktop\\Personal\\ZCode\\.tmp\\z1-native-1790566642265-7bfb99\\workspace","workspacePurpose":"project"},{"kind":"local","workspacePath":"C:\\Users\\USER\\Desktop\\Personal\\ZCode\\.tmp\\z1-native-1790566642265-7bfb99\\data\\.zcode\\workspace\\default","workspacePurpose":"conversation"}],"lastActiveTabIndex":0,"receivePreviewUpdates":false,"autoDownloadAndInstallUpdates":false,"skippedElectronUpdateVersions":{},"settingsSyncFirstRunPromptHandled":true}
[2026-09-28 11:37:32.705] [pid:31632] [zcode-host] [rpc:call] graphEngineering.getWorkspace OK (1.3ms)
[2026-09-28 11:37:32.705] [pid:12696] [main] [host-log] (local-1) [host] [2026-09-28 11:37:32.705] [pid:31632] [zcode-host] [rpc:call] graphEngineering.getWorkspace OK (1.3ms)
[2026-09-28 11:37:32.722] [pid:12696] [main] [host-log] (local-1) [host] [2026-09-28 11:37:32.716] [pid:31632] [zcode-host] [rpc:listen] model-selection.onDidChange subscribed
[2026-09-28 11:37:32.722] [pid:12696] [main] [host-log] (local-1) [host] [2026-09-28 11:37:32.717] [pid:31632] [zcode-host] [rpc:call] graphEngineering.validateDefinition OK (0.3ms)
[2026-09-28 11:37:32.723] [pid:12696] [main] [host-log] (local-1) [host] [2026-09-28 11:37:32.718] [pid:31632] [zcode-host] [rpc:call] setting.get OK (1.4ms)
[2026-09-28 11:37:32.724] [pid:12696] [main] [host-log] (local-1) [host] [2026-09-28 11:37:32.718] [pid:31632] [zcode-host] [rpc:call] model-selection.getView OK (1.4ms)
[Z1 child] [2026-09-28 11:37:32.716] [pid:31632] [settingService] reading settings from: C:\Users\USER\Desktop\Personal\ZCode\.tmp\z1-native-1790566642265-7bfb99\home\.zcode\v2\setting.json
[2026-09-28 11:37:32.716] [pid:31632] [zcode-host] [rpc:listen] model-selection.onDidChange subscribed
[2026-09-28 11:37:32.717] [pid:31632] [zcode-host] [rpc:call] graphEngineering.validateDefinition OK (0.3ms)
[2026-09-28 11:37:32.718] [pid:31632] [settingService] read result: {"recentProjects":[],"locale":"zh-CN","localePreference":"en-US","terminalInheritSystemProfile":true,"embeddedBrowserAllowInsecureCertificates":false,"embeddedBrowserViewportPreference":{"mode":"normal","viewport":{"width":393,"height":852},"zoom":"fit"},"computerUseComposerEntryHidden":true,"taskAutoArchiveEnabled":false,"taskAutoArchiveOlderThanDays":7,"closeToTrayOnWindows":false,"closeToTrayOnWindowsMigrationInitialized":true,"keepAwakeWhileRunning":false,"desktopWindowSize":{"width":1600,"height":1000,"maximized":false},"desktopChromiumHardwareAccelerationEnabled":true,"messageStreamShowReasoning":true,"messageStreamShowReasoningMigrationInitialized":true,"messageStreamShowTodos":false,"toolGroupingExploreEnabled":true,"toolGroupingTerminalEnabled":true,"toolGroupingChangesEnabled":false,"zcodeInteractionBehavior":"queue","askUserQuestionAutoResolutionEnabled":false,"modelIoFullRetentionEnabled":false,"startPlanRecommendationDismissed":false,"providerFamilyConnectionSelections":{},"providerFamilyDomain":"zai","providerFamilyDomainMigrated":true,"nativeSearchEnhancementsEnabled":true,"memoryEnabled":false,"lastWorkspaceSession":[{"kind":"local","workspacePath":"C:\\Users\\USER\\Desktop\\Personal\\ZCode\\.tmp\\z1-native-1790566642265-7bfb99\\workspace","workspacePurpose":"project"},{"kind":"local","workspacePath":"C:\\Users\\USER\\Desktop\\Personal\\ZCode\\.tmp\\z1-native-1790566642265-7bfb99\\data\\.zcode\\workspace\\default","workspacePurpose":"conversation"}],"lastActiveTabIndex":0,"receivePreviewUpdates":false,"autoDownloadAndInstallUpdates":false,"skippedElectronUpdateVersions":{},"settingsSyncFirstRunPromptHandled":true}
[2026-09-28 11:37:32.718] [pid:31632] [zcode-host] [rpc:call] setting.get OK (1.4ms)
[2026-09-28 11:37:32.718] [pid:31632] [zcode-host] [rpc:call] model-selection.getView OK (1.4ms)
[Z1 child] [2026-09-28 11:37:32.940] [pid:31632] [zcode-agent-service] 开始初始化 ZCode agent {
  workspaceKey: 'C:\\Users\\USER\\Desktop\\Personal\\ZCode\\.tmp\\z1-native-1790566642265-7bfb99\\workspace',
  workspacePath: 'C:\\Users\\USER\\Desktop\\Personal\\ZCode\\.tmp\\z1-native-1790566642265-7bfb99\\workspace'
}
[2026-09-28 11:37:32.940] [pid:31632] [zcode-agent-service] ZCode agent 初始化完成 {
  durationMs: 0,
  transportKind: 'stdio',
  workspaceKey: 'C:\\Users\\USER\\Desktop\\Personal\\ZCode\\.tmp\\z1-native-1790566642265-7bfb99\\workspace',
  workspacePath: 'C:\\Users\\USER\\Desktop\\Personal\\ZCode\\.tmp\\z1-native-1790566642265-7bfb99\\workspace'
}
[2026-09-28 11:37:32.940] [pid:12696] [main] [host-log] (local-1) [host] [2026-09-28 11:37:32.940] [pid:31632] [zcode-agent-service] 开始初始化 ZCode agent {"workspaceKey":"C:\\Users\\USER\\Desktop\\Personal\\ZCode\\.tmp\\z1-native-1790566642265-7bfb99\\workspace","workspacePath":"C:\\Users\\USER\\Desktop\\Personal\\ZCode\\.tmp\\z1-native-1790566642265-7bfb99\\workspace"}
[Z1 child] [2026-09-28 11:37:32.940] [pid:31632] [zcode-session-service][trace:ec631de2-9b55-4d01-879d-927325cccd02] [zcode-session-service] createSession 分配 session trace {
  persistence: 'deferred',
  workspaceIdentity: undefined,
  workspacePath: 'C:\\Users\\USER\\Desktop\\Personal\\ZCode\\.tmp\\z1-native-1790566642265-7bfb99\\workspace'
}
[2026-09-28 11:37:32.940] [pid:31632] [zcode-agent-service][trace:ec631de2-9b55-4d01-879d-927325cccd02] 开始请求 ZCode Protocol session/create {
  hasInitialModel: true,
  hasInitialThoughtLevel: false,
  initialModel: 'z1-local-fixture/z1-fixture$enabled',
  mcpServerCount: 0,
  mcpServerNames: [],
  persistence: 'deferred',
  workspaceKey: 'C:\\Users\\USER\\Desktop\\Personal\\ZCode\\.tmp\\z1-native-1790566642265-7bfb99\\workspace',
  workspacePath: 'C:\\Users\\USER\\Desktop\\Personal\\ZCode\\.tmp\\z1-native-1790566642265-7bfb99\\workspace'
}
[2026-09-28 11:37:32.941] [pid:12696] [main] [host-log] (local-1) [host] [2026-09-28 11:37:32.940] [pid:31632] [zcode-agent-service] ZCode agent 初始化完成 {"durationMs":0,"transportKind":"stdio","workspaceKey":"C:\\Users\\USER\\Desktop\\Personal\\ZCode\\.tmp\\z1-native-1790566642265-7bfb99\\workspace","workspacePath":"C:\\Users\\USER\\Desktop\\Personal\\ZCode\\.tmp\\z1-native-1790566642265-7bfb99\\workspace"}
[2026-09-28 11:37:32.941] [pid:12696] [main] [host-log] (local-1) [host] [2026-09-28 11:37:32.940] [pid:31632] [zcode-session-service][trace:ec631de2-9b55-4d01-879d-927325cccd02] [zcode-session-service] createSession 分配 session trace {"persistence":"deferred","workspacePath":"C:\\Users\\USER\\Desktop\\Personal\\ZCode\\.tmp\\z1-native-1790566642265-7bfb99\\workspace"}
[2026-09-28 11:37:32.942] [pid:12696] [main] [host-log] (local-1) [host] [2026-09-28 11:37:32.940] [pid:31632] [zcode-agent-service][trace:ec631de2-9b55-4d01-879d-927325cccd02] 开始请求 ZCode Protocol session/create {"hasInitialModel":true,"hasInitialThoughtLevel":false,"initialModel":"z1-local-fixture/z1-fixture$enabled","mcpServerCount":0,"mcpServerNames":[],"persistence":"deferred","workspaceKey":"C:\\Users\\USER\\Desktop\\Personal\\ZCode\\.tmp\\z1-native-1790566642265-7bfb99\\workspace","workspacePath":"C:\\Users\\USER\\Desktop\\Personal\\ZCode\\.tmp\\z1-native-1790566642265-7bfb99\\workspace"}
[Z1 child] [2026-09-28 11:37:32.941] [pid:31632] [settingService] reading settings from: C:\Users\USER\Desktop\Personal\ZCode\.tmp\z1-native-1790566642265-7bfb99\home\.zcode\v2\setting.json
[2026-09-28 11:37:32.941] [pid:31632] [settingService] read result: {"recentProjects":[],"locale":"zh-CN","localePreference":"en-US","terminalInheritSystemProfile":true,"embeddedBrowserAllowInsecureCertificates":false,"embeddedBrowserViewportPreference":{"mode":"normal","viewport":{"width":393,"height":852},"zoom":"fit"},"computerUseComposerEntryHidden":true,"taskAutoArchiveEnabled":false,"taskAutoArchiveOlderThanDays":7,"closeToTrayOnWindows":false,"closeToTrayOnWindowsMigrationInitialized":true,"keepAwakeWhileRunning":false,"desktopWindowSize":{"width":1600,"height":1000,"maximized":false},"desktopChromiumHardwareAccelerationEnabled":true,"messageStreamShowReasoning":true,"messageStreamShowReasoningMigrationInitialized":true,"messageStreamShowTodos":false,"toolGroupingExploreEnabled":true,"toolGroupingTerminalEnabled":true,"toolGroupingChangesEnabled":false,"zcodeInteractionBehavior":"queue","askUserQuestionAutoResolutionEnabled":false,"modelIoFullRetentionEnabled":false,"startPlanRecommendationDismissed":false,"providerFamilyConnectionSelections":{},"providerFamilyDomain":"zai","providerFamilyDomainMigrated":true,"nativeSearchEnhancementsEnabled":true,"memoryEnabled":false,"lastWorkspaceSession":[{"kind":"local","workspacePath":"C:\\Users\\USER\\Desktop\\Personal\\ZCode\\.tmp\\z1-native-1790566642265-7bfb99\\workspace","workspacePurpose":"project"},{"kind":"local","workspacePath":"C:\\Users\\USER\\Desktop\\Personal\\ZCode\\.tmp\\z1-native-1790566642265-7bfb99\\data\\.zcode\\workspace\\default","workspacePurpose":"conversation"}],"lastActiveTabIndex":0,"receivePreviewUpdates":false,"autoDownloadAndInstallUpdates":false,"skippedElectronUpdateVersions":{},"settingsSyncFirstRunPromptHandled":true}
[Z1 child] [2026-09-28 11:37:32.991] [pid:31632] [zcode-agent-service][trace:ec631de2-9b55-4d01-879d-927325cccd02] ZCode Protocol session/create 完成 {
  durationMs: 51,
  messageCount: 0,
  modelCurrent: 'z1-local-fixture/z1-fixture',
  mcpServerCount: 0,
  persistence: 'deferred',
  sessionId: 'sess_c72b383c-cc28-4d9c-9073-93fe680f212d',
  snapshotTraceId: 'ec631de2-9b55-4d01-879d-927325cccd02',
  workspaceKey: 'C:\\Users\\USER\\Desktop\\Personal\\ZCode\\.tmp\\z1-native-1790566642265-7bfb99\\workspace',
  workspacePath: 'C:\\Users\\USER\\Desktop\\Personal\\ZCode\\.tmp\\z1-native-1790566642265-7bfb99\\workspace'
}
[2026-09-28 11:37:32.991] [pid:31632] [zcode-session-service][trace:ec631de2-9b55-4d01-879d-927325cccd02] [zcode-session-service] createSession agent 返回 {
  durationMs: 51,
  mcpServerCount: 0,
  persistence: 'deferred',
  snapshotTraceId: 'ec631de2-9b55-4d01-879d-927325cccd02',
  sessionId: 'sess_c72b383c-cc28-4d9c-9073-93fe680f212d',
  workspaceIdentity: undefined,
  workspacePath: 'C:\\Users\\USER\\Desktop\\Personal\\ZCode\\.tmp\\z1-native-1790566642265-7bfb99\\workspace'
}
[2026-09-28 11:37:32.991] [pid:12696] [main] [host-log] (local-1) [host] [2026-09-28 11:37:32.991] [pid:31632] [zcode-agent-service][trace:ec631de2-9b55-4d01-879d-927325cccd02] ZCode Protocol session/create 完成 {"durationMs":51,"messageCount":0,"modelCurrent":"z1-local-fixture/z1-fixture","mcpServerCount":0,"persistence":"deferred","sessionId":"sess_c72b383c-cc28-4d9c-9073-93fe680f212d","snapshotTraceId":"ec631de2-9b55-4d01-879d-927325cccd02","workspaceKey":"C:\\Users\\USER\\Desktop\\Personal\\ZCode\\.tmp\\z1-native-1790566642265-7bfb99\\workspace","workspacePath":"C:\\Users\\USER\\Desktop\\Personal\\ZCode\\.tmp\\z1-native-1790566642265-7bfb99\\workspace"}
[2026-09-28 11:37:32.992] [pid:12696] [main] [host-log] (local-1) [host] [2026-09-28 11:37:32.991] [pid:31632] [zcode-session-service][trace:ec631de2-9b55-4d01-879d-927325cccd02] [zcode-session-service] createSession agent 返回 {"durationMs":51,"mcpServerCount":0,"persistence":"deferred","snapshotTraceId":"ec631de2-9b55-4d01-879d-927325cccd02","sessionId":"sess_c72b383c-cc28-4d9c-9073-93fe680f212d","workspacePath":"C:\\Users\\USER\\Desktop\\Personal\\ZCode\\.tmp\\z1-native-1790566642265-7bfb99\\workspace"}
[2026-09-28 11:37:33.026] [pid:12696] [main] [browser-use] execute start browserId=iab:0fa573d2-eea4-4ad2-a404-602e19ee3156 sessionId=sess_c72b383c-cc28-4d9c-9073-93fe680f212d method=list
[2026-09-28 11:37:33.026] [pid:12696] [main] [browser-use] execute requestId=a0feceaf-23a3-415e-b987-692f605894f2 browserId=iab:0fa573d2-eea4-4ad2-a404-602e19ee3156 generation=1790566644608 windowId=1 sessionId=sess_c72b383c-cc28-4d9c-9073-93fe680f212d method=list
[2026-09-28 11:37:33.027] [pid:12696] [main] [browser-use] execute done sessionId=sess_c72b383c-cc28-4d9c-9073-93fe680f212d method=list ok=true elapsedMs=0
[2026-09-28 11:37:33.028] [pid:12696] [main] [browser-use] execute start browserId=iab:0fa573d2-eea4-4ad2-a404-602e19ee3156 sessionId=sess_c72b383c-cc28-4d9c-9073-93fe680f212d method=listUserTabs
[2026-09-28 11:37:33.028] [pid:12696] [main] [browser-use] execute requestId=a1c1e7bd-53cf-44dd-98f2-1cdef607a444 browserId=iab:0fa573d2-eea4-4ad2-a404-602e19ee3156 generation=1790566644608 windowId=1 sessionId=sess_c72b383c-cc28-4d9c-9073-93fe680f212d method=listUserTabs
[2026-09-28 11:37:33.029] [pid:12696] [main] [browser-use] execute done sessionId=sess_c72b383c-cc28-4d9c-9073-93fe680f212d method=listUserTabs ok=true elapsedMs=1
[Z1 child] [2026-09-28 11:37:33.038] [pid:31632] [settingService] reading settings from: C:\Users\USER\Desktop\Personal\ZCode\.tmp\z1-native-1790566642265-7bfb99\home\.zcode\v2\setting.json
[Z1 child] [2026-09-28 11:37:33.039] [pid:31632] [settingService] read result: {"recentProjects":[],"locale":"zh-CN","localePreference":"en-US","terminalInheritSystemProfile":true,"embeddedBrowserAllowInsecureCertificates":false,"embeddedBrowserViewportPreference":{"mode":"normal","viewport":{"width":393,"height":852},"zoom":"fit"},"computerUseComposerEntryHidden":true,"taskAutoArchiveEnabled":false,"taskAutoArchiveOlderThanDays":7,"closeToTrayOnWindows":false,"closeToTrayOnWindowsMigrationInitialized":true,"keepAwakeWhileRunning":false,"desktopWindowSize":{"width":1600,"height":1000,"maximized":false},"desktopChromiumHardwareAccelerationEnabled":true,"messageStreamShowReasoning":true,"messageStreamShowReasoningMigrationInitialized":true,"messageStreamShowTodos":false,"toolGroupingExploreEnabled":true,"toolGroupingTerminalEnabled":true,"toolGroupingChangesEnabled":false,"zcodeInteractionBehavior":"queue","askUserQuestionAutoResolutionEnabled":false,"modelIoFullRetentionEnabled":false,"startPlanRecommendationDismissed":false,"providerFamilyConnectionSelections":{},"providerFamilyDomain":"zai","providerFamilyDomainMigrated":true,"nativeSearchEnhancementsEnabled":true,"memoryEnabled":false,"lastWorkspaceSession":[{"kind":"local","workspacePath":"C:\\Users\\USER\\Desktop\\Personal\\ZCode\\.tmp\\z1-native-1790566642265-7bfb99\\workspace","workspacePurpose":"project"},{"kind":"local","workspacePath":"C:\\Users\\USER\\Desktop\\Personal\\ZCode\\.tmp\\z1-native-1790566642265-7bfb99\\data\\.zcode\\workspace\\default","workspacePurpose":"conversation"}],"lastActiveTabIndex":0,"receivePreviewUpdates":false,"autoDownloadAndInstallUpdates":false,"skippedElectronUpdateVersions":{},"settingsSyncFirstRunPromptHandled":true}
[Z1 child] [2026-09-28 11:37:33.045] [pid:31632] [settingService] reading settings from: C:\Users\USER\Desktop\Personal\ZCode\.tmp\z1-native-1790566642265-7bfb99\home\.zcode\v2\setting.json
[Z1 child] [2026-09-28 11:37:33.045] [pid:31632] [settingService] read result: {"recentProjects":[],"locale":"zh-CN","localePreference":"en-US","terminalInheritSystemProfile":true,"embeddedBrowserAllowInsecureCertificates":false,"embeddedBrowserViewportPreference":{"mode":"normal","viewport":{"width":393,"height":852},"zoom":"fit"},"computerUseComposerEntryHidden":true,"taskAutoArchiveEnabled":false,"taskAutoArchiveOlderThanDays":7,"closeToTrayOnWindows":false,"closeToTrayOnWindowsMigrationInitialized":true,"keepAwakeWhileRunning":false,"desktopWindowSize":{"width":1600,"height":1000,"maximized":false},"desktopChromiumHardwareAccelerationEnabled":true,"messageStreamShowReasoning":true,"messageStreamShowReasoningMigrationInitialized":true,"messageStreamShowTodos":false,"toolGroupingExploreEnabled":true,"toolGroupingTerminalEnabled":true,"toolGroupingChangesEnabled":false,"zcodeInteractionBehavior":"queue","askUserQuestionAutoResolutionEnabled":false,"modelIoFullRetentionEnabled":false,"startPlanRecommendationDismissed":false,"providerFamilyConnectionSelections":{},"providerFamilyDomain":"zai","providerFamilyDomainMigrated":true,"nativeSearchEnhancementsEnabled":true,"memoryEnabled":false,"lastWorkspaceSession":[{"kind":"local","workspacePath":"C:\\Users\\USER\\Desktop\\Personal\\ZCode\\.tmp\\z1-native-1790566642265-7bfb99\\workspace","workspacePurpose":"project"},{"kind":"local","workspacePath":"C:\\Users\\USER\\Desktop\\Personal\\ZCode\\.tmp\\z1-native-1790566642265-7bfb99\\data\\.zcode\\workspace\\default","workspacePurpose":"conversation"}],"lastActiveTabIndex":0,"receivePreviewUpdates":false,"autoDownloadAndInstallUpdates":false,"skippedElectronUpdateVersions":{},"settingsSyncFirstRunPromptHandled":true}
[Z1 child] [2026-09-28 11:37:33.046] [pid:31632] [zcode-host] [rpc:call] graphEngineering.getWorkspace OK (198.3ms)
[2026-09-28 11:37:33.046] [pid:12696] [main] [host-log] (local-1) [host] [2026-09-28 11:37:33.046] [pid:31632] [zcode-host] [rpc:call] graphEngineering.getWorkspace OK (198.3ms)
[Z1 child] [2026-09-28 11:37:33.046] [pid:31632] [settingService] reading settings from: C:\Users\USER\Desktop\Personal\ZCode\.tmp\z1-native-1790566642265-7bfb99\home\.zcode\v2\setting.json
[2026-09-28 11:37:33.046] [pid:31632] [settingService] read result: {"recentProjects":[],"locale":"zh-CN","localePreference":"en-US","terminalInheritSystemProfile":true,"embeddedBrowserAllowInsecureCertificates":false,"embeddedBrowserViewportPreference":{"mode":"normal","viewport":{"width":393,"height":852},"zoom":"fit"},"computerUseComposerEntryHidden":true,"taskAutoArchiveEnabled":false,"taskAutoArchiveOlderThanDays":7,"closeToTrayOnWindows":false,"closeToTrayOnWindowsMigrationInitialized":true,"keepAwakeWhileRunning":false,"desktopWindowSize":{"width":1600,"height":1000,"maximized":false},"desktopChromiumHardwareAccelerationEnabled":true,"messageStreamShowReasoning":true,"messageStreamShowReasoningMigrationInitialized":true,"messageStreamShowTodos":false,"toolGroupingExploreEnabled":true,"toolGroupingTerminalEnabled":true,"toolGroupingChangesEnabled":false,"zcodeInteractionBehavior":"queue","askUserQuestionAutoResolutionEnabled":false,"modelIoFullRetentionEnabled":false,"startPlanRecommendationDismissed":false,"providerFamilyConnectionSelections":{},"providerFamilyDomain":"zai","providerFamilyDomainMigrated":true,"nativeSearchEnhancementsEnabled":true,"memoryEnabled":false,"lastWorkspaceSession":[{"kind":"local","workspacePath":"C:\\Users\\USER\\Desktop\\Personal\\ZCode\\.tmp\\z1-native-1790566642265-7bfb99\\workspace","workspacePurpose":"project"},{"kind":"local","workspacePath":"C:\\Users\\USER\\Desktop\\Personal\\ZCode\\.tmp\\z1-native-1790566642265-7bfb99\\data\\.zcode\\workspace\\default","workspacePurpose":"conversation"}],"lastActiveTabIndex":0,"receivePreviewUpdates":false,"autoDownloadAndInstallUpdates":false,"skippedElectronUpdateVersions":{},"settingsSyncFirstRunPromptHandled":true}
[Z1 child] [2026-09-28 11:37:33.047] [pid:31632] [zcode-host] [rpc:call] graphEngineering.getWorkspace OK (107.2ms)
[2026-09-28 11:37:33.047] [pid:12696] [main] [host-log] (local-1) [host] [2026-09-28 11:37:33.047] [pid:31632] [zcode-host] [rpc:call] graphEngineering.getWorkspace OK (107.2ms)
[Z1 child] [2026-09-28 11:37:33.047] [pid:31632] [settingService] reading settings from: C:\Users\USER\Desktop\Personal\ZCode\.tmp\z1-native-1790566642265-7bfb99\home\.zcode\v2\setting.json
[Z1 child] [2026-09-28 11:37:33.048] [pid:31632] [settingService] read result: {"recentProjects":[],"locale":"zh-CN","localePreference":"en-US","terminalInheritSystemProfile":true,"embeddedBrowserAllowInsecureCertificates":false,"embeddedBrowserViewportPreference":{"mode":"normal","viewport":{"width":393,"height":852},"zoom":"fit"},"computerUseComposerEntryHidden":true,"taskAutoArchiveEnabled":false,"taskAutoArchiveOlderThanDays":7,"closeToTrayOnWindows":false,"closeToTrayOnWindowsMigrationInitialized":true,"keepAwakeWhileRunning":false,"desktopWindowSize":{"width":1600,"height":1000,"maximized":false},"desktopChromiumHardwareAccelerationEnabled":true,"messageStreamShowReasoning":true,"messageStreamShowReasoningMigrationInitialized":true,"messageStreamShowTodos":false,"toolGroupingExploreEnabled":true,"toolGroupingTerminalEnabled":true,"toolGroupingChangesEnabled":false,"zcodeInteractionBehavior":"queue","askUserQuestionAutoResolutionEnabled":false,"modelIoFullRetentionEnabled":false,"startPlanRecommendationDismissed":false,"providerFamilyConnectionSelections":{},"providerFamilyDomain":"zai","providerFamilyDomainMigrated":true,"nativeSearchEnhancementsEnabled":true,"memoryEnabled":false,"lastWorkspaceSession":[{"kind":"local","workspacePath":"C:\\Users\\USER\\Desktop\\Personal\\ZCode\\.tmp\\z1-native-1790566642265-7bfb99\\workspace","workspacePurpose":"project"},{"kind":"local","workspacePath":"C:\\Users\\USER\\Desktop\\Personal\\ZCode\\.tmp\\z1-native-1790566642265-7bfb99\\data\\.zcode\\workspace\\default","workspacePurpose":"conversation"}],"lastActiveTabIndex":0,"receivePreviewUpdates":false,"autoDownloadAndInstallUpdates":false,"skippedElectronUpdateVersions":{},"settingsSyncFirstRunPromptHandled":true}
[Z1 child] [2026-09-28 11:37:33.048] [pid:31632] [zcode-host] [rpc:call] graphEngineering.getWorkspace OK (53.4ms)
[2026-09-28 11:37:33.048] [pid:12696] [main] [host-log] (local-1) [host] [2026-09-28 11:37:33.048] [pid:31632] [zcode-host] [rpc:call] graphEngineering.getWorkspace OK (53.4ms)
[Z1 child] [2026-09-28 11:37:33.049] [pid:31632] [settingService] reading settings from: C:\Users\USER\Desktop\Personal\ZCode\.tmp\z1-native-1790566642265-7bfb99\home\.zcode\v2\setting.json
[Z1 child] [2026-09-28 11:37:33.049] [pid:31632] [settingService] read result: {"recentProjects":[],"locale":"zh-CN","localePreference":"en-US","terminalInheritSystemProfile":true,"embeddedBrowserAllowInsecureCertificates":false,"embeddedBrowserViewportPreference":{"mode":"normal","viewport":{"width":393,"height":852},"zoom":"fit"},"computerUseComposerEntryHidden":true,"taskAutoArchiveEnabled":false,"taskAutoArchiveOlderThanDays":7,"closeToTrayOnWindows":false,"closeToTrayOnWindowsMigrationInitialized":true,"keepAwakeWhileRunning":false,"desktopWindowSize":{"width":1600,"height":1000,"maximized":false},"desktopChromiumHardwareAccelerationEnabled":true,"messageStreamShowReasoning":true,"messageStreamShowReasoningMigrationInitialized":true,"messageStreamShowTodos":false,"toolGroupingExploreEnabled":true,"toolGroupingTerminalEnabled":true,"toolGroupingChangesEnabled":false,"zcodeInteractionBehavior":"queue","askUserQuestionAutoResolutionEnabled":false,"modelIoFullRetentionEnabled":false,"startPlanRecommendationDismissed":false,"providerFamilyConnectionSelections":{},"providerFamilyDomain":"zai","providerFamilyDomainMigrated":true,"nativeSearchEnhancementsEnabled":true,"memoryEnabled":false,"lastWorkspaceSession":[{"kind":"local","workspacePath":"C:\\Users\\USER\\Desktop\\Personal\\ZCode\\.tmp\\z1-native-1790566642265-7bfb99\\workspace","workspacePurpose":"project"},{"kind":"local","workspacePath":"C:\\Users\\USER\\Desktop\\Personal\\ZCode\\.tmp\\z1-native-1790566642265-7bfb99\\data\\.zcode\\workspace\\default","workspacePurpose":"conversation"}],"lastActiveTabIndex":0,"receivePreviewUpdates":false,"autoDownloadAndInstallUpdates":false,"skippedElectronUpdateVersions":{},"settingsSyncFirstRunPromptHandled":true}
[Z1 child] [2026-09-28 11:37:33.049] [pid:31632] [zcode-host] [rpc:call] graphEngineering.getWorkspace OK (23.9ms)
[2026-09-28 11:37:33.049] [pid:12696] [main] [host-log] (local-1) [host] [2026-09-28 11:37:33.049] [pid:31632] [zcode-host] [rpc:call] graphEngineering.getWorkspace OK (23.9ms)
[Z1 child] [2026-09-28 11:37:33.050] [pid:31632] [settingService] reading settings from: C:\Users\USER\Desktop\Personal\ZCode\.tmp\z1-native-1790566642265-7bfb99\home\.zcode\v2\setting.json
[2026-09-28 11:37:33.050] [pid:31632] [settingService] read result: {"recentProjects":[],"locale":"zh-CN","localePreference":"en-US","terminalInheritSystemProfile":true,"embeddedBrowserAllowInsecureCertificates":false,"embeddedBrowserViewportPreference":{"mode":"normal","viewport":{"width":393,"height":852},"zoom":"fit"},"computerUseComposerEntryHidden":true,"taskAutoArchiveEnabled":false,"taskAutoArchiveOlderThanDays":7,"closeToTrayOnWindows":false,"closeToTrayOnWindowsMigrationInitialized":true,"keepAwakeWhileRunning":false,"desktopWindowSize":{"width":1600,"height":1000,"maximized":false},"desktopChromiumHardwareAccelerationEnabled":true,"messageStreamShowReasoning":true,"messageStreamShowReasoningMigrationInitialized":true,"messageStreamShowTodos":false,"toolGroupingExploreEnabled":true,"toolGroupingTerminalEnabled":true,"toolGroupingChangesEnabled":false,"zcodeInteractionBehavior":"queue","askUserQuestionAutoResolutionEnabled":false,"modelIoFullRetentionEnabled":false,"startPlanRecommendationDismissed":false,"providerFamilyConnectionSelections":{},"providerFamilyDomain":"zai","providerFamilyDomainMigrated":true,"nativeSearchEnhancementsEnabled":true,"memoryEnabled":false,"lastWorkspaceSession":[{"kind":"local","workspacePath":"C:\\Users\\USER\\Desktop\\Personal\\ZCode\\.tmp\\z1-native-1790566642265-7bfb99\\workspace","workspacePurpose":"project"},{"kind":"local","workspacePath":"C:\\Users\\USER\\Desktop\\Personal\\ZCode\\.tmp\\z1-native-1790566642265-7bfb99\\data\\.zcode\\workspace\\default","workspacePurpose":"conversation"}],"lastActiveTabIndex":0,"receivePreviewUpdates":false,"autoDownloadAndInstallUpdates":false,"skippedElectronUpdateVersions":{},"settingsSyncFirstRunPromptHandled":true}
[2026-09-28 11:37:33.050] [pid:12696] [main] [host-log] (local-1) [host] [2026-09-28 11:37:33.050] [pid:31632] [zcode-host] [rpc:call] graphEngineering.getWorkspace OK (5.6ms)
[Z1 child] [2026-09-28 11:37:33.050] [pid:31632] [zcode-host] [rpc:call] graphEngineering.getWorkspace OK (5.6ms)
[Z1 child] [2026-09-28 11:37:33.421] [pid:31632] [cua-pip-session] [cua-pip-session] event delivery dropped {
  eventId: '79dc8028-b8d4-4372-91fc-2d929e37a292',
  kind: 'turn-started',
  sequenceNumber: 3,
  sessionId: 'sess_c72b383c-cc28-4d9c-9073-93fe680f212d',
  turnId: 'turn_2b037d31-e29e-41f0-82b9-9fe6af585ac3',
  skipReason: 'service-disabled'
}
[2026-09-28 11:37:33.421] [pid:12696] [main] [host-log] (local-1) [host] [2026-09-28 11:37:33.421] [pid:31632] [cua-pip-session] [cua-pip-session] event delivery dropped {"eventId":"79dc8028-b8d4-4372-91fc-2d929e37a292","kind":"turn-started","sequenceNumber":3,"sessionId":"sess_c72b383c-cc28-4d9c-9073-93fe680f212d","turnId":"turn_2b037d31-e29e-41f0-82b9-9fe6af585ac3","skipReason":"service-disabled"}
[Z1 child] [2026-09-28 11:37:33.472] [pid:31632] [settingService] reading settings from: C:\Users\USER\Desktop\Personal\ZCode\.tmp\z1-native-1790566642265-7bfb99\home\.zcode\v2\setting.json
[Z1 child] [2026-09-28 11:37:33.472] [pid:31632] [settingService] read result: {"recentProjects":[],"locale":"zh-CN","localePreference":"en-US","terminalInheritSystemProfile":true,"embeddedBrowserAllowInsecureCertificates":false,"embeddedBrowserViewportPreference":{"mode":"normal","viewport":{"width":393,"height":852},"zoom":"fit"},"computerUseComposerEntryHidden":true,"taskAutoArchiveEnabled":false,"taskAutoArchiveOlderThanDays":7,"closeToTrayOnWindows":false,"closeToTrayOnWindowsMigrationInitialized":true,"keepAwakeWhileRunning":false,"desktopWindowSize":{"width":1600,"height":1000,"maximized":false},"desktopChromiumHardwareAccelerationEnabled":true,"messageStreamShowReasoning":true,"messageStreamShowReasoningMigrationInitialized":true,"messageStreamShowTodos":false,"toolGroupingExploreEnabled":true,"toolGroupingTerminalEnabled":true,"toolGroupingChangesEnabled":false,"zcodeInteractionBehavior":"queue","askUserQuestionAutoResolutionEnabled":false,"modelIoFullRetentionEnabled":false,"startPlanRecommendationDismissed":false,"providerFamilyConnectionSelections":{},"providerFamilyDomain":"zai","providerFamilyDomainMigrated":true,"nativeSearchEnhancementsEnabled":true,"memoryEnabled":false,"lastWorkspaceSession":[{"kind":"local","workspacePath":"C:\\Users\\USER\\Desktop\\Personal\\ZCode\\.tmp\\z1-native-1790566642265-7bfb99\\workspace","workspacePurpose":"project"},{"kind":"local","workspacePath":"C:\\Users\\USER\\Desktop\\Personal\\ZCode\\.tmp\\z1-native-1790566642265-7bfb99\\data\\.zcode\\workspace\\default","workspacePurpose":"conversation"}],"lastActiveTabIndex":0,"receivePreviewUpdates":false,"autoDownloadAndInstallUpdates":false,"skippedElectronUpdateVersions":{},"settingsSyncFirstRunPromptHandled":true}
[Z1 child] [2026-09-28 11:37:33.473] [pid:31632] [zcode-host] [rpc:call] graphEngineering.getWorkspace OK (1.1ms)
[2026-09-28 11:37:33.473] [pid:12696] [main] [host-log] (local-1) [host] [2026-09-28 11:37:33.473] [pid:31632] [zcode-host] [rpc:call] graphEngineering.getWorkspace OK (1.1ms)
[Z1 child] [2026-09-28 11:37:33.490] [pid:31632] [cua-pip-session] [cua-pip-session] event delivery dropped {
  eventId: '9c49fc83-9084-41a5-b5da-5dfda04a8cea',
  kind: 'turn-ended',
  sequenceNumber: 14,
  sessionId: 'sess_c72b383c-cc28-4d9c-9073-93fe680f212d',
  turnId: 'turn_2b037d31-e29e-41f0-82b9-9fe6af585ac3',
  outcome: 'completed',
  skipReason: 'service-disabled'
}
[2026-09-28 11:37:33.490] [pid:12696] [main] [host-log] (local-1) [host] [2026-09-28 11:37:33.490] [pid:31632] [cua-pip-session] [cua-pip-session] event delivery dropped {"eventId":"9c49fc83-9084-41a5-b5da-5dfda04a8cea","kind":"turn-ended","sequenceNumber":14,"sessionId":"sess_c72b383c-cc28-4d9c-9073-93fe680f212d","turnId":"turn_2b037d31-e29e-41f0-82b9-9fe6af585ac3","outcome":"completed","skipReason":"service-disabled"}
[Z1 child] [2026-09-28 11:37:33.490] [pid:31632] [zcode-task-index-syncer] task 终态未读裁决 {
  goalStatus: null,
  phase: 'completedSuccess',
  taskId: 'sess_c72b383c-cc28-4d9c-9073-93fe680f212d',
  unreadSignal: 'background_terminal'
}
[Z1 child] [2026-09-28 11:37:33.531] [pid:31632] [zcode-task-index-syncer] [list-refresh-trace] emitWorkspaceTaskListChanged reason=task_created taskId=sess_c72b383c-cc28-4d9c-9073-93fe680f212d workspace=C:\Users\USER\Desktop\Personal\ZCode\.tmp\z1-native-1790566642265-7bfb99\workspace hasMeta=true
[Z1 child] [2026-09-28 11:37:33.536] [pid:31632] [zcode-host] [rpc:call] zcode-task.listPinnedTaskIds OK (0.1ms)
[2026-09-28 11:37:33.536] [pid:12696] [main] [host-log] (local-1) [host] [2026-09-28 11:37:33.536] [pid:31632] [zcode-host] [rpc:call] zcode-task.listPinnedTaskIds OK (0.1ms)
[2026-09-28 11:37:33.537] [pid:12696] [main] [host-log] (local-1) [host] [2026-09-28 11:37:33.536] [pid:31632] [zcode-host] [rpc:call] zcode-task.listArchivedTasks OK (0.1ms)
[2026-09-28 11:37:33.537] [pid:12696] [main] [host-log] (local-1) [host] [2026-09-28 11:37:33.536] [pid:31632] [zcode-host] [rpc:call] zcode-task.listTasks OK (0.2ms)
[2026-09-28 11:37:33.538] [pid:12696] [main] [host-log] (local-1) [host] [2026-09-28 11:37:33.537] [pid:31632] [zcode-host] [rpc:call] zcode-task.listPinnedTasks OK (0.1ms)
[2026-09-28 11:37:33.539] [pid:12696] [main] [host-log] (local-1) [host] [2026-09-28 11:37:33.537] [pid:31632] [zcode-host] [rpc:call] zcode-task.listDeletedTaskIds OK (0.1ms)
[Z1 child] [2026-09-28 11:37:33.536] [pid:31632] [zcode-host] [rpc:call] zcode-task.listArchivedTasks OK (0.1ms)
[2026-09-28 11:37:33.536] [pid:31632] [zcode-host] [rpc:call] zcode-task.listTasks OK (0.2ms)
[2026-09-28 11:37:33.537] [pid:31632] [zcode-host] [rpc:call] zcode-task.listPinnedTasks OK (0.1ms)
[2026-09-28 11:37:33.537] [pid:31632] [zcode-host] [rpc:call] zcode-task.listDeletedTaskIds OK (0.1ms)
[2026-09-28 11:37:33.539] [pid:31632] [zcode-host] [rpc:call] window-controller.listTaskList OK (0.1ms)
[2026-09-28 11:37:33.539] [pid:12696] [main] [host-log] (local-1) [host] [2026-09-28 11:37:33.539] [pid:31632] [zcode-host] [rpc:call] window-controller.listTaskList OK (0.1ms)
[Z1 child] [2026-09-28 11:37:33.559] [pid:31632] [zcode-task-index-syncer] [list-refresh-trace] emitWorkspaceTaskListChanged reason=task_status_changed taskId=sess_c72b383c-cc28-4d9c-9073-93fe680f212d workspace=C:\Users\USER\Desktop\Personal\ZCode\.tmp\z1-native-1790566642265-7bfb99\workspace hasMeta=true
[Z1 child] [2026-09-28 11:37:33.560] [pid:31632] [zcode-task-index-syncer] [list-refresh-trace] emitWorkspaceTaskListChanged reason=task_meta_changed taskId=sess_c72b383c-cc28-4d9c-9073-93fe680f212d workspace=C:\Users\USER\Desktop\Personal\ZCode\.tmp\z1-native-1790566642265-7bfb99\workspace hasMeta=true
[Z1 child] [2026-09-28 11:37:33.560] [pid:31632] [zcode-host] [rpc:call] zcode-task.setTaskUnread OK (0.7ms)
[2026-09-28 11:37:33.560] [pid:12696] [main] [host-log] (local-1) [host] [2026-09-28 11:37:33.560] [pid:31632] [zcode-host] [rpc:call] zcode-task.setTaskUnread OK (0.7ms)
[Z1 child] [2026-09-28 11:37:33.568] [pid:31632] [zcode-host] [rpc:call] zcode-task.listPinnedTaskIds OK (0.1ms)
[2026-09-28 11:37:33.568] [pid:12696] [main] [host-log] (local-1) [host] [2026-09-28 11:37:33.568] [pid:31632] [zcode-host] [rpc:call] zcode-task.listPinnedTaskIds OK (0.1ms)
[2026-09-28 11:37:33.569] [pid:12696] [main] [host-log] (local-1) [host] [2026-09-28 11:37:33.569] [pid:31632] [zcode-host] [rpc:call] zcode-task.listArchivedTasks OK (0.1ms)
[2026-09-28 11:37:33.570] [pid:12696] [main] [host-log] (local-1) [host] [2026-09-28 11:37:33.569] [pid:31632] [zcode-host] [rpc:call] zcode-task.listTasks OK (0.2ms)
[2026-09-28 11:37:33.570] [pid:12696] [main] [host-log] (local-1) [host] [2026-09-28 11:37:33.569] [pid:31632] [zcode-host] [rpc:call] zcode-task.listPinnedTasks OK (0.1ms)
[2026-09-28 11:37:33.571] [pid:12696] [main] [host-log] (local-1) [host] [2026-09-28 11:37:33.569] [pid:31632] [zcode-host] [rpc:call] zcode-task.listDeletedTaskIds OK (0.0ms)
[Z1 child] [2026-09-28 11:37:33.569] [pid:31632] [zcode-host] [rpc:call] zcode-task.listArchivedTasks OK (0.1ms)
[2026-09-28 11:37:33.569] [pid:31632] [zcode-host] [rpc:call] zcode-task.listTasks OK (0.2ms)
[2026-09-28 11:37:33.569] [pid:31632] [zcode-host] [rpc:call] zcode-task.listPinnedTasks OK (0.1ms)
[2026-09-28 11:37:33.569] [pid:31632] [zcode-host] [rpc:call] zcode-task.listDeletedTaskIds OK (0.0ms)
[Z1 child] [2026-09-28 11:37:33.587] [pid:31632] [zcode-task-index-syncer] [list-refresh-trace] emitWorkspaceTaskListChanged reason=task_status_changed taskId=sess_c72b383c-cc28-4d9c-9073-93fe680f212d workspace=C:\Users\USER\Desktop\Personal\ZCode\.tmp\z1-native-1790566642265-7bfb99\workspace hasMeta=true
[Z1 child] [2026-09-28 11:37:33.907] [pid:31632] [settingService] reading settings from: C:\Users\USER\Desktop\Personal\ZCode\.tmp\z1-native-1790566642265-7bfb99\home\.zcode\v2\setting.json
[Z1 child] [2026-09-28 11:37:33.908] [pid:31632] [settingService] read result: {"recentProjects":[],"locale":"zh-CN","localePreference":"en-US","terminalInheritSystemProfile":true,"embeddedBrowserAllowInsecureCertificates":false,"embeddedBrowserViewportPreference":{"mode":"normal","viewport":{"width":393,"height":852},"zoom":"fit"},"computerUseComposerEntryHidden":true,"taskAutoArchiveEnabled":false,"taskAutoArchiveOlderThanDays":7,"closeToTrayOnWindows":false,"closeToTrayOnWindowsMigrationInitialized":true,"keepAwakeWhileRunning":false,"desktopWindowSize":{"width":1600,"height":1000,"maximized":false},"desktopChromiumHardwareAccelerationEnabled":true,"messageStreamShowReasoning":true,"messageStreamShowReasoningMigrationInitialized":true,"messageStreamShowTodos":false,"toolGroupingExploreEnabled":true,"toolGroupingTerminalEnabled":true,"toolGroupingChangesEnabled":false,"zcodeInteractionBehavior":"queue","askUserQuestionAutoResolutionEnabled":false,"modelIoFullRetentionEnabled":false,"startPlanRecommendationDismissed":false,"providerFamilyConnectionSelections":{},"providerFamilyDomain":"zai","providerFamilyDomainMigrated":true,"nativeSearchEnhancementsEnabled":true,"memoryEnabled":false,"lastWorkspaceSession":[{"kind":"local","workspacePath":"C:\\Users\\USER\\Desktop\\Personal\\ZCode\\.tmp\\z1-native-1790566642265-7bfb99\\workspace","workspacePurpose":"project"},{"kind":"local","workspacePath":"C:\\Users\\USER\\Desktop\\Personal\\ZCode\\.tmp\\z1-native-1790566642265-7bfb99\\data\\.zcode\\workspace\\default","workspacePurpose":"conversation"}],"lastActiveTabIndex":0,"receivePreviewUpdates":false,"autoDownloadAndInstallUpdates":false,"skippedElectronUpdateVersions":{},"settingsSyncFirstRunPromptHandled":true}
[Z1 child] [2026-09-28 11:37:33.908] [pid:31632] [zcode-host] [rpc:call] graphEngineering.getWorkspace OK (291.3ms)
[2026-09-28 11:37:33.908] [pid:12696] [main] [host-log] (local-1) [host] [2026-09-28 11:37:33.908] [pid:31632] [zcode-host] [rpc:call] graphEngineering.getWorkspace OK (291.3ms)
[Z1 child] [2026-09-28 11:37:33.909] [pid:31632] [settingService] reading settings from: C:\Users\USER\Desktop\Personal\ZCode\.tmp\z1-native-1790566642265-7bfb99\home\.zcode\v2\setting.json
[2026-09-28 11:37:33.909] [pid:31632] [settingService] read result: {"recentProjects":[],"locale":"zh-CN","localePreference":"en-US","terminalInheritSystemProfile":true,"embeddedBrowserAllowInsecureCertificates":false,"embeddedBrowserViewportPreference":{"mode":"normal","viewport":{"width":393,"height":852},"zoom":"fit"},"computerUseComposerEntryHidden":true,"taskAutoArchiveEnabled":false,"taskAutoArchiveOlderThanDays":7,"closeToTrayOnWindows":false,"closeToTrayOnWindowsMigrationInitialized":true,"keepAwakeWhileRunning":false,"desktopWindowSize":{"width":1600,"height":1000,"maximized":false},"desktopChromiumHardwareAccelerationEnabled":true,"messageStreamShowReasoning":true,"messageStreamShowReasoningMigrationInitialized":true,"messageStreamShowTodos":false,"toolGroupingExploreEnabled":true,"toolGroupingTerminalEnabled":true,"toolGroupingChangesEnabled":false,"zcodeInteractionBehavior":"queue","askUserQuestionAutoResolutionEnabled":false,"modelIoFullRetentionEnabled":false,"startPlanRecommendationDismissed":false,"providerFamilyConnectionSelections":{},"providerFamilyDomain":"zai","providerFamilyDomainMigrated":true,"nativeSearchEnhancementsEnabled":true,"memoryEnabled":false,"lastWorkspaceSession":[{"kind":"local","workspacePath":"C:\\Users\\USER\\Desktop\\Personal\\ZCode\\.tmp\\z1-native-1790566642265-7bfb99\\workspace","workspacePurpose":"project"},{"kind":"local","workspacePath":"C:\\Users\\USER\\Desktop\\Personal\\ZCode\\.tmp\\z1-native-1790566642265-7bfb99\\data\\.zcode\\workspace\\default","workspacePurpose":"conversation"}],"lastActiveTabIndex":0,"receivePreviewUpdates":false,"autoDownloadAndInstallUpdates":false,"skippedElectronUpdateVersions":{},"settingsSyncFirstRunPromptHandled":true}
[Z1 child] [2026-09-28 11:37:33.910] [pid:31632] [zcode-host] [rpc:call] graphEngineering.getWorkspace OK (2.1ms)
[2026-09-28 11:37:33.912] [pid:12696] [main] [host-log] (local-1) [host] [2026-09-28 11:37:33.910] [pid:31632] [zcode-host] [rpc:call] graphEngineering.getWorkspace OK (2.1ms)
[Z1 child] [2026-09-28 11:37:34.151] [pid:31632] [zcode-host] [rpc:call] graphEngineering.artifact OK (4.5ms)
[2026-09-28 11:37:34.151] [pid:12696] [main] [host-log] (local-1) [host] [2026-09-28 11:37:34.151] [pid:31632] [zcode-host] [rpc:call] graphEngineering.artifact OK (4.5ms)
[Z1 child] [2026-09-28 11:37:34.290] [pid:31632] [zcode-host] [rpc:call] graphEngineering.artifact OK (4.3ms)
[2026-09-28 11:37:34.290] [pid:12696] [main] [host-log] (local-1) [host] [2026-09-28 11:37:34.290] [pid:31632] [zcode-host] [rpc:call] graphEngineering.artifact OK (4.3ms)
