
> @zcode/desktop@ build:no-runtime-assets C:\Users\USER\Desktop\Personal\ZCode\packages\desktop
> pnpm prepare:build-meta && node scripts/run-production-build.mjs


> @zcode/desktop@ prepare:build-meta C:\Users\USER\Desktop\Personal\ZCode\packages\desktop
> node scripts/build-metadata.mjs

[build-meta] wrote C:\Users\USER\Desktop\Personal\ZCode\packages\desktop\out\metadata\build-meta.json
[build-meta] commit=5ded9d1b time=2026-09-24T17:29:59.287Z
(node:43628) [DEP0190] DeprecationWarning: Passing args to a child process with shell option true can lead to security vulnerabilities, as the arguments are not escaped, only concatenated.
(Use `node --trace-deprecation ...` to show where the warning was created)
vite v8.0.8 building client environment for production...
[2K
transforming...[tsup] ZCODE_ENV=test ZCODE_PRODUCT_FLAVOR=preview
[MAIN] CLI Building entry: {"main/index":"src/main/index.ts","main/browserWebmRecorder":"src/main/browserView/electronBrowserWebmRecorder.ts","main/zcodeDataSizeWorker":"src/main/zcodeDataSizeWorker.ts","main/storageScanWorker":"src/main/storageScanWorker.ts"}
[MAIN] CLI Using tsconfig: tsconfig.json
[PRELOAD] CLI Building entry: {"preload/embeddedBrowserJavaScriptDialog":"src/preload/embeddedBrowserJavaScriptDialog.ts","preload/codingPlanWebview":"src/preload/codingPlanWebview.ts","preload/browserVideoRecorder":"src/preload/browserVideoRecorder.ts","preload/index":"src/preload/index.ts","preload/resourceManager":"src/preload/resourceManager.ts","preload/cuaPermissionPanel":"src/preload/cuaPermissionPanel.ts"}
[PRELOAD] CLI Using tsconfig: tsconfig.json
[HOST] CLI Building entry: {"host/index":"src/host/index.ts","host/tasksStorageWorker":"src/host/tasksStorageWorker.ts"}
[HOST] CLI Using tsconfig: tsconfig.json
[SCHEDULER] CLI Building entry: {"scheduler/index":"src/scheduler/index.ts"}
[SCHEDULER] CLI Using tsconfig: tsconfig.json
[MAIN] CLI tsup v8.5.1
[MAIN] CLI Using tsup config: C:\Users\USER\Desktop\Personal\ZCode\packages\desktop\tsup.config.ts
[PRELOAD] CLI tsup v8.5.1
[PRELOAD] CLI Using tsup config: C:\Users\USER\Desktop\Personal\ZCode\packages\desktop\tsup.config.ts
[HOST] CLI tsup v8.5.1
[HOST] CLI Using tsup config: C:\Users\USER\Desktop\Personal\ZCode\packages\desktop\tsup.config.ts
[SCHEDULER] CLI tsup v8.5.1
[SCHEDULER] CLI Using tsup config: C:\Users\USER\Desktop\Personal\ZCode\packages\desktop\tsup.config.ts
[SCHEDULER] CLI Target: node22
[SCHEDULER] ESM Build start
[HOST] CLI Target: node22
[HOST] ESM Build start
[PRELOAD] CLI Target: node22
[PRELOAD] CJS Build start
[MAIN] CLI Target: node22
[MAIN] ESM Build start
[PRELOAD] CJS out\preload\browserVideoRecorder.cjs            140.00 B
[PRELOAD] CJS out\preload\embeddedBrowserJavaScriptDialog.cjs 671.99 KB
[PRELOAD] CJS out\preload\codingPlanWebview.cjs               671.48 KB
[PRELOAD] CJS out\preload\cuaPermissionPanel.cjs              669.50 KB
[PRELOAD] CJS out\preload\index.cjs                           688.93 KB
[PRELOAD] CJS out\preload\resourceManager.cjs                 670.42 KB
[PRELOAD] CJS ⚡️ Build success in 562ms
[SCHEDULER] ESM out\scheduler\chunk-MOVGSCYQ.js 1.43 KB
[SCHEDULER] ESM out\scheduler\chunk-PAMVIACU.js 107.00 B
[SCHEDULER] ESM out\scheduler\index.js          1.02 MB
[SCHEDULER] ESM ⚡️ Build success in 808ms
[HOST] ESM out\host\tasksStorageWorker.js 611.00 B
[HOST] ESM out\host\chunk-B45ORG4E.js     140.00 B
[HOST] ESM out\host\chunk-TBGY2HLU.js     157.49 KB
[HOST] ESM out\host\chunk-GOVIVXYI.js     1.38 KB
[HOST] ESM out\host\chunk-5AJAOD42.js     202.00 B
[HOST] ESM out\host\chunk-J527MJDJ.js     857.00 B
[HOST] ESM out\host\chunk-DGJQFV6L.js     10.67 KB
[HOST] ESM out\host\chunk-FL2CXUKH.js     96.84 KB
[HOST] ESM out\host\chunk-OAWVEIS4.js     6.48 KB
[HOST] ESM out\host\chunk-VX7P3VUC.js     152.00 B
[HOST] ESM out\host\chunk-XPU7OCSY.js     17.67 KB
[HOST] ESM out\host\chunk-6A3RDH7Q.js     872.00 B
[HOST] ESM out\host\chunk-6IUWV5UR.js     734.00 B
[HOST] ESM out\host\chunk-L4X5TBCR.js     572.00 B
[HOST] ESM out\host\chunk-VGZV7KBJ.js     11.88 KB
[HOST] ESM out\host\chunk-CXWPZ2N5.js     111.31 KB
[HOST] ESM out\host\chunk-JI7JHN4Z.js     742.13 KB
[HOST] ESM out\host\index.js              1.54 MB
[HOST] ESM ⚡️ Build success in 917ms
[MAIN] ESM out\main\chunk-A6MH4NK3.js      96.79 KB
[MAIN] ESM out\main\browserWebmRecorder.js 153.00 B
[MAIN] ESM out\main\zcodeDataSizeWorker.js 319.00 B
[MAIN] ESM out\main\chunk-OEEAMZIK.js      11.66 KB
[MAIN] ESM out\main\storageScanWorker.js   813.00 B
[MAIN] ESM out\main\chunk-NYUAABO3.js      1.86 KB
[MAIN] ESM out\main\chunk-LHI5PJAZ.js      296.56 KB
[MAIN] ESM out\main\chunk-DEXJ73SM.js      981.00 B
[MAIN] ESM out\main\chunk-FHCRRJEU.js      140.00 B
[MAIN] ESM out\main\chunk-6Q2GGKLI.js      48.73 KB
[MAIN] ESM out\main\chunk-QP4J2RND.js      10.67 KB
[MAIN] ESM out\main\chunk-P3MR3E2C.js      572.00 B
[MAIN] ESM out\main\chunk-3WLLXY4Q.js      11.87 KB
[MAIN] ESM out\main\chunk-LUGE5S6M.js      6.48 KB
[MAIN] ESM out\main\chunk-YKK45TIV.js      202.00 B
[MAIN] ESM out\main\chunk-7WFYERIM.js      152.00 B
[MAIN] ESM out\main\index.js               664.53 KB
[MAIN] ESM out\main\chunk-IBXZ4LOM.js      11.51 KB
[MAIN] ESM out\main\chunk-W5HUUFNC.js      872.00 B
[MAIN] ESM out\main\chunk-T2Q5KTXT.js      717.58 KB
[MAIN] ESM out\main\chunk-W3WB5B7R.js      734.00 B
[MAIN] ESM ⚡️ Build success in 958ms
✓ 7801 modules transformed.
rendering chunks...
computing gzip size...
out/renderer/pdfjs/cmaps/CNS2-V.bcmap                                    0.09 kB
out/renderer/pdfjs/cmaps/Roman.bcmap                                     0.09 kB
out/renderer/pdfjs/cmaps/Katakana.bcmap                                  0.10 kB
out/renderer/pdfjs/cmaps/ETenms-B5-H.bcmap                               0.10 kB
out/renderer/pdfjs/cmaps/UniJIS-UCS2-HW-H.bcmap                          0.11 kB
out/renderer/pdfjs/cmaps/Hiragana.bcmap                                  0.12 kB
out/renderer/pdfjs/cmaps/Hankaku.bcmap                                   0.13 kB
out/renderer/pdfjs/cmaps/B5-V.bcmap                                      0.14 kB
out/renderer/pdfjs/cmaps/CNS1-V.bcmap                                    0.14 kB
out/renderer/pdfjs/cmaps/B5pc-V.bcmap                                    0.14 kB
out/renderer/pdfjs/cmaps/HKdla-B5-V.bcmap                                0.14 kB
out/renderer/pdfjs/cmaps/HKdlb-B5-V.bcmap                                0.14 kB
out/renderer/pdfjs/cmaps/HKgccs-B5-V.bcmap                               0.14 kB
out/renderer/pdfjs/cmaps/HKm314-B5-V.bcmap                               0.14 kB
out/renderer/pdfjs/cmaps/HKm471-B5-V.bcmap                               0.14 kB
out/renderer/pdfjs/cmaps/UniCNS-UCS2-V.bcmap                             0.15 kB
out/renderer/pdfjs/cmaps/UniCNS-UTF16-V.bcmap                            0.15 kB
out/renderer/pdfjs/cmaps/UniCNS-UTF8-V.bcmap                             0.15 kB
out/renderer/pdfjs/cmaps/ETHK-B5-V.bcmap                                 0.15 kB
out/renderer/pdfjs/cmaps/ETen-B5-V.bcmap                                 0.15 kB
out/renderer/pdfjs/cmaps/HKscs-B5-V.bcmap                                0.15 kB
out/renderer/pdfjs/cmaps/KSC-V.bcmap                                     0.16 kB
out/renderer/pdfjs/cmaps/UniCNS-UTF32-V.bcmap                            0.16 kB
out/renderer/pdfjs/cmaps/KSC-EUC-V.bcmap                                 0.16 kB
out/renderer/pdfjs/cmaps/UniKS-UTF16-V.bcmap                             0.16 kB
out/renderer/pdfjs/cmaps/KSC-Johab-V.bcmap                               0.16 kB
out/renderer/pdfjs/cmaps/KSCms-UHC-V.bcmap                               0.16 kB
out/renderer/pdfjs/cmaps/KSCpc-EUC-V.bcmap                               0.16 kB
out/renderer/pdfjs/cmaps/V.bcmap                                         0.16 kB
out/renderer/pdfjs/cmaps/UniKS-UTF32-V.bcmap                             0.16 kB
out/renderer/pdfjs/cmaps/78-V.bcmap                                      0.16 kB
out/renderer/pdfjs/cmaps/KSCms-UHC-HW-V.bcmap                            0.16 kB
out/renderer/pdfjs/cmaps/UniKS-UTF8-V.bcmap                              0.16 kB
out/renderer/pdfjs/cmaps/EUC-V.bcmap                                     0.17 kB
out/renderer/pdfjs/cmaps/RKSJ-V.bcmap                                    0.17 kB
out/renderer/pdfjs/cmaps/ETenms-B5-V.bcmap                               0.17 kB
out/renderer/pdfjs/cmaps/78-EUC-V.bcmap                                  0.17 kB
out/renderer/pdfjs/cmaps/78-RKSJ-V.bcmap                                 0.17 kB
out/renderer/pdfjs/cmaps/GB-V.bcmap                                      0.17 kB
out/renderer/pdfjs/cmaps/GBT-V.bcmap                                     0.17 kB
out/renderer/pdfjs/cmaps/UniGB-UTF16-V.bcmap                             0.17 kB
out/renderer/pdfjs/cmaps/UniKS-UCS2-V.bcmap                              0.17 kB
out/renderer/pdfjs/cmaps/GB-EUC-V.bcmap                                  0.17 kB
out/renderer/pdfjs/cmaps/WP-Symbol.bcmap                                 0.17 kB
out/renderer/pdfjs/cmaps/GBK-EUC-V.bcmap                                 0.18 kB
out/renderer/pdfjs/cmaps/GBT-EUC-V.bcmap                                 0.18 kB
out/renderer/pdfjs/cmaps/GBKp-EUC-V.bcmap                                0.18 kB
out/renderer/pdfjs/cmaps/GBpc-EUC-V.bcmap                                0.18 kB
out/renderer/pdfjs/cmaps/UniGB-UTF8-V.bcmap                              0.18 kB
out/renderer/pdfjs/cmaps/GBTpc-EUC-V.bcmap                               0.18 kB
out/renderer/pdfjs/cmaps/UniGB-UTF32-V.bcmap                             0.18 kB
out/renderer/pdfjs/cmaps/UniGB-UCS2-V.bcmap                              0.19 kB
out/renderer/pdfjs/cmaps/Ext-V.bcmap                                     0.21 kB
out/renderer/pdfjs/cmaps/Adobe-GB1-0.bcmap                               0.21 kB
out/renderer/pdfjs/cmaps/Ext-RKSJ-V.bcmap                                0.21 kB
out/renderer/pdfjs/cmaps/GBK2K-V.bcmap                                   0.21 kB
out/renderer/pdfjs/cmaps/Adobe-Japan1-0.bcmap                            0.22 kB
out/renderer/pdfjs/cmaps/Adobe-Japan1-1.bcmap                            0.22 kB
out/renderer/pdfjs/cmaps/Adobe-Japan1-2.bcmap                            0.23 kB
out/renderer/pdfjs/cmaps/Adobe-Korea1-0.bcmap                            0.24 kB
out/renderer/pdfjs/cmaps/Adobe-Japan1-3.bcmap                            0.24 kB
out/renderer/pdfjs/cmaps/Adobe-GB1-1.bcmap                               0.25 kB
out/renderer/pdfjs/cmaps/NWP-V.bcmap                                     0.25 kB
out/renderer/pdfjs/cmaps/90pv-RKSJ-V.bcmap                               0.26 kB
out/renderer/pdfjs/cmaps/Add-V.bcmap                                     0.28 kB
out/renderer/pdfjs/cmaps/Add-RKSJ-V.bcmap                                0.28 kB
out/renderer/pdfjs/cmaps/78ms-RKSJ-V.bcmap                               0.29 kB
out/renderer/pdfjs/cmaps/90ms-RKSJ-V.bcmap                               0.29 kB
out/renderer/pdfjs/cmaps/90msp-RKSJ-V.bcmap                              0.29 kB
out/renderer/pdfjs/cmaps/Adobe-CNS1-0.bcmap                              0.31 kB
out/renderer/pdfjs/cmaps/Adobe-Japan1-4.bcmap                            0.33 kB
out/renderer/pdfjs/cmaps/Adobe-CNS1-1.bcmap                              0.37 kB
out/renderer/pdfjs/cmaps/Adobe-CNS1-2.bcmap                              0.37 kB
out/renderer/pdfjs/cmaps/Adobe-Korea1-1.bcmap                            0.38 kB
out/renderer/pdfjs/cmaps/Adobe-Korea1-2.bcmap                            0.39 kB
out/renderer/pdfjs/cmaps/Adobe-CNS1-3.bcmap                              0.40 kB
out/renderer/pdfjs/cmaps/Adobe-CNS1-4.bcmap                              0.40 kB
out/renderer/pdfjs/cmaps/Adobe-CNS1-5.bcmap                              0.40 kB
out/renderer/pdfjs/cmaps/Adobe-CNS1-6.bcmap                              0.40 kB
out/renderer/pdfjs/cmaps/Adobe-Japan1-5.bcmap                            0.43 kB
out/renderer/pdfjs/cmaps/Adobe-GB1-2.bcmap                               0.46 kB
out/renderer/pdfjs/cmaps/Adobe-GB1-3.bcmap                               0.47 kB
out/renderer/pdfjs/cmaps/Adobe-Japan1-6.bcmap                            0.48 kB
out/renderer/pdfjs/cmaps/CNS2-H.bcmap                                    0.50 kB
out/renderer/pdfjs/cmaps/GB-H.bcmap                                      0.52 kB
out/renderer/pdfjs/cmaps/RKSJ-H.bcmap                                    0.53 kB
out/renderer/pdfjs/cmaps/GB-EUC-H.bcmap                                  0.54 kB
out/renderer/pdfjs/cmaps/H.bcmap                                         0.55 kB
out/renderer/pdfjs/cmaps/GBpc-EUC-H.bcmap                                0.55 kB
out/renderer/pdfjs/cmaps/EUC-H.bcmap                                     0.57 kB
out/renderer/pdfjs/cmaps/Adobe-GB1-4.bcmap                               0.60 kB
out/renderer/pdfjs/cmaps/Adobe-GB1-5.bcmap                               0.62 kB
out/renderer/pdfjs/cmaps/UniJIS-UTF16-V.bcmap                            0.64 kB
out/renderer/pdfjs/cmaps/UniJIS2004-UTF16-V.bcmap                        0.64 kB
out/renderer/pdfjs/cmaps/UniJIS-UCS2-V.bcmap                             0.66 kB
out/renderer/pdfjs/cmaps/UniJIS-UTF32-V.bcmap                            0.67 kB
out/renderer/pdfjs/cmaps/UniJIS-UTF8-V.bcmap                             0.67 kB
out/renderer/pdfjs/cmaps/UniJIS-UCS2-HW-V.bcmap                          0.68 kB
out/renderer/pdfjs/cmaps/UniJIS2004-UTF32-V.bcmap                        0.68 kB
out/renderer/pdfjs/cmaps/UniJIS2004-UTF8-V.bcmap                         0.68 kB
out/renderer/pdfjs/cmaps/UniJISX0213-UTF32-V.bcmap                       0.68 kB
out/renderer/pdfjs/cmaps/UniJISX02132004-UTF32-V.bcmap                   0.68 kB
out/renderer/pdfjs/cmaps/UniJISPro-UCS2-V.bcmap                          0.68 kB
out/renderer/pdfjs/cmaps/UniJISPro-UCS2-HW-V.bcmap                       0.70 kB
out/renderer/pdfjs/cmaps/CNS1-H.bcmap                                    0.70 kB
out/renderer/pdfjs/cmaps/90msp-RKSJ-H.bcmap                              0.71 kB
out/renderer/pdfjs/cmaps/90ms-RKSJ-H.bcmap                               0.72 kB
out/renderer/pdfjs/cmaps/UniJISPro-UTF8-V.bcmap                          0.72 kB
out/renderer/pdfjs/cmaps/83pv-RKSJ-H.bcmap                               0.90 kB
out/renderer/pdfjs/cmaps/90pv-RKSJ-H.bcmap                               0.98 kB
out/renderer/pdfjs/cmaps/B5-H.bcmap                                      1.08 kB
out/renderer/pdfjs/cmaps/B5pc-H.bcmap                                    1.09 kB
out/renderer/pdfjs/cmaps/ETen-B5-H.bcmap                                 1.12 kB
out/renderer/pdfjs/cmaps/HKm314-B5-H.bcmap                               1.77 kB
out/renderer/pdfjs/cmaps/CNS-EUC-H.bcmap                                 1.78 kB
out/renderer/pdfjs/cmaps/KSC-H.bcmap                                     1.83 kB
out/renderer/pdfjs/cmaps/KSC-EUC-H.bcmap                                 1.84 kB
out/renderer/pdfjs/cmaps/CNS-EUC-V.bcmap                                 1.92 kB
out/renderer/pdfjs/cmaps/KSCpc-EUC-H.bcmap                               2.02 kB
out/renderer/pdfjs/cmaps/HKm471-B5-H.bcmap                               2.17 kB
out/renderer/pdfjs/cmaps/HKgccs-B5-H.bcmap                               2.29 kB
out/renderer/pdfjs/cmaps/78-H.bcmap                                      2.37 kB
out/renderer/pdfjs/cmaps/78-RKSJ-H.bcmap                                 2.39 kB
out/renderer/pdfjs/cmaps/78-EUC-H.bcmap                                  2.40 kB
out/renderer/pdfjs/cmaps/Add-RKSJ-H.bcmap                                2.41 kB
out/renderer/pdfjs/cmaps/HKdlb-B5-H.bcmap                                2.41 kB
out/renderer/pdfjs/cmaps/Add-H.bcmap                                     2.41 kB
out/renderer/pdfjs/cmaps/Ext-H.bcmap                                     2.53 kB
out/renderer/pdfjs/cmaps/Ext-RKSJ-H.bcmap                                2.54 kB
out/renderer/pdfjs/cmaps/78ms-RKSJ-H.bcmap                               2.65 kB
out/renderer/pdfjs/cmaps/HKdla-B5-H.bcmap                                2.65 kB
out/renderer/assets/workspaceFileSearchFilter.worker-OQwPzeVM.js         2.65 kB
out/renderer/pdfjs/cmaps/NWP-H.bcmap                                     2.76 kB
out/renderer/pdfjs/cmaps/KSCms-UHC-H.bcmap                               2.78 kB
out/renderer/pdfjs/cmaps/KSCms-UHC-HW-H.bcmap                            2.78 kB
out/renderer/cua-permission-panel.html                                   3.87 kB │ gzip:     1.54 kB
out/renderer/assets/KaTeX_Size3-Regular-CTq5MqoE.woff                    4.42 kB
out/renderer/pdfjs/cmaps/ETHK-B5-H.bcmap                                 4.42 kB
out/renderer/pdfjs/cmaps/HKscs-B5-H.bcmap                                4.43 kB
out/renderer/assets/KaTeX_Size4-Regular-Dl5lxZxV.woff2                   4.92 kB
out/renderer/assets/model-provider-moonshot-kimi-k9BDmLI_.png            4.99 kB
out/renderer/assets/icon-discord@2x-D9OBPr5g.png                         5.18 kB
out/renderer/assets/KaTeX_Size2-Regular-Dy4dx90m.woff2                   5.20 kB
out/renderer/assets/KaTeX_Size1-Regular-mCD8mA8B.woff2                   5.46 kB
out/renderer/assets/icon-dingding@2x-CnYjVOCa.png                        5.46 kB
out/renderer/assets/KaTeX_Size4-Regular-BF-4gkZK.woff                    5.98 kB
out/renderer/assets/KaTeX_Size2-Regular-oD1tc_U0.woff                    6.18 kB
out/renderer/assets/KaTeX_Size1-Regular-C195tn64.woff                    6.49 kB
out/renderer/assets/terminal-C6Bd1jeQ.png                                6.71 kB
out/renderer/assets/KaTeX_Caligraphic-Regular-Di6jR-x-.woff2             6.90 kB
out/renderer/assets/KaTeX_Caligraphic-Bold-Dq_IR9rO.woff2                6.91 kB
out/renderer/assets/icon-wecom@2x-BZVgmBph.png                           7.18 kB
out/renderer/pdfjs/cmaps/GBT-H.bcmap                                     7.26 kB
out/renderer/pdfjs/cmaps/GBT-EUC-H.bcmap                                 7.29 kB
out/renderer/pdfjs/cmaps/GBTpc-EUC-H.bcmap                               7.29 kB
out/renderer/assets/image-search-DCThk39K.png                            7.51 kB
out/renderer/assets/KaTeX_Size3-Regular-DgpXs0kz.ttf                     7.58 kB
out/renderer/assets/KaTeX_Caligraphic-Regular-CTRA-rTL.woff              7.65 kB
out/renderer/assets/KaTeX_Caligraphic-Bold-BEiXGLvX.woff                 7.71 kB
out/renderer/assets/feishu-CCgK6olr.png                                  8.06 kB
out/renderer/assets/model-provider-zai-app-CL3KEqFX.png                  8.78 kB
out/renderer/assets/icon-weixin@2x-Bp9EqCCA.png                          9.06 kB
out/renderer/assets/spreadsheets@2x-CabATt4c.png                         9.50 kB
out/renderer/assets/spreadsheets-Dd4d3fMm.png                            9.50 kB
out/renderer/assets/KaTeX_Script-Regular-D3wIWfF6.woff2                  9.64 kB
out/renderer/assets/presentations-CuyJxtRR.png                           9.66 kB
out/renderer/assets/documents@2x-CPhkfIfU.png                            9.71 kB
out/renderer/assets/documents-DrPsuPJf.png                               9.74 kB
out/renderer/assets/pdf@2x-CMAdO9B0.png                                  9.74 kB
out/renderer/assets/icon-telegram@2x-Cax3aaF9.png                        9.75 kB
out/renderer/assets/pdf-CQM2rvTK.png                                     9.81 kB
out/renderer/assets/KaTeX_SansSerif-Regular-DDBCnlJ7.woff2              10.34 kB
out/renderer/assets/KaTeX_Size4-Regular-DWFBv043.ttf                    10.36 kB
out/renderer/assets/KaTeX_Script-Regular-D5yQViql.woff                  10.58 kB
out/renderer/assets/KaTeX_Fraktur-Regular-CTYiF6lA.woff2                11.31 kB
out/renderer/assets/KaTeX_Fraktur-Bold-CL6g_b3V.woff2                   11.34 kB
out/renderer/assets/KaTeX_Size2-Regular-B7gKUWhC.ttf                    11.50 kB
out/renderer/assets/task-notification-pop-qiQ1Ge3C.mp3                  11.81 kB
out/renderer/assets/KaTeX_SansSerif-Italic-C3H0VqGB.woff2               12.02 kB
out/renderer/assets/KaTeX_SansSerif-Bold-D1sUS0GD.woff2                 12.21 kB
out/renderer/assets/KaTeX_Size1-Regular-Dbsnue_I.ttf                    12.22 kB
out/renderer/assets/KaTeX_SansSerif-Regular-CS6fqUqJ.woff               12.31 kB
out/renderer/assets/KaTeX_Caligraphic-Regular-wX97UBjC.ttf              12.34 kB
out/renderer/assets/KaTeX_Caligraphic-Bold-ATXxdsX0.ttf                 12.36 kB
out/renderer/assets/finder-B1T_P_VR.png                                 12.67 kB
out/renderer/assets/KaTeX_Fraktur-Regular-Dxdc4cR9.woff                 13.20 kB
out/renderer/assets/KaTeX_Fraktur-Bold-BsDP51OF.woff                    13.29 kB
out/renderer/assets/KaTeX_Typewriter-Regular-CO6r4hn1.woff2             13.56 kB
out/renderer/assets/plugin-creator-Bb4PHfyz.png                         13.65 kB
out/renderer/assets/KaTeX_SansSerif-Italic-DN2j7dab.woff                14.11 kB
out/renderer/assets/KaTeX_SansSerif-Bold-DbIhKOiC.woff                  14.40 kB
out/renderer/pdfjs/cmaps/GBKp-EUC-H.bcmap                               14.68 kB
out/renderer/pdfjs/cmaps/GBK-EUC-H.bcmap                                14.69 kB
out/renderer/assets/docx-import-worker-oPk-zLr5.js                      14.85 kB
out/renderer/assets/KaTeX_Typewriter-Regular-C0xS9mPB.woff              16.02 kB
out/renderer/assets/KaTeX_Math-BoldItalic-CZnvNsCZ.woff2                16.40 kB
out/renderer/assets/KaTeX_Math-Italic-t53AETM-.woff2                    16.44 kB
out/renderer/assets/KaTeX_Script-Regular-C5JkGWo-.ttf                   16.64 kB
out/renderer/assets/KaTeX_Main-BoldItalic-DxDJ3AOS.woff2                16.78 kB
out/renderer/pdfjs/cmaps/KSC-Johab-H.bcmap                              16.79 kB
out/renderer/assets/KaTeX_Main-Italic-NWA7e6Wa.woff2                    16.98 kB
out/renderer/assets/KaTeX_Math-BoldItalic-iY-2wyZ7.woff                 18.66 kB
out/renderer/assets/KaTeX_Math-Italic-DA0__PXp.woff                     18.74 kB
out/renderer/assets/KaTeX_Main-BoldItalic-SpSLRI95.woff                 19.41 kB
out/renderer/assets/KaTeX_SansSerif-Regular-BNo7hRIc.ttf                19.43 kB
out/renderer/assets/KaTeX_Fraktur-Regular-CB_wures.ttf                  19.57 kB
out/renderer/assets/KaTeX_Fraktur-Bold-BdnERNNW.ttf                     19.58 kB
out/renderer/pdfjs/cmaps/GBK2K-H.bcmap                                  19.66 kB
out/renderer/assets/KaTeX_Main-Italic-BMLOBm91.woff                     19.67 kB
out/renderer/assets/KaTeX_SansSerif-Italic-YYjJ1zSn.ttf                 22.36 kB
out/renderer/pdfjs/cmaps/Adobe-Korea1-UCS2.bcmap                        23.29 kB
out/renderer/resource-manager.html                                      23.94 kB │ gzip:     4.11 kB
out/renderer/assets/KaTeX_SansSerif-Bold-CFMepnvq.ttf                   24.50 kB
out/renderer/assets/KaTeX_Main-Bold-Cx986IdX.woff2                      25.32 kB
out/renderer/pdfjs/cmaps/UniJIS-UCS2-H.bcmap                            25.43 kB
out/renderer/pdfjs/cmaps/UniKS-UCS2-H.bcmap                             25.78 kB
out/renderer/assets/KaTeX_Main-Regular-B22Nviop.woff2                   26.27 kB
out/renderer/pdfjs/cmaps/UniKS-UTF16-H.bcmap                            26.32 kB
out/renderer/pdfjs/cmaps/UniKS-UTF32-H.bcmap                            26.45 kB
out/renderer/index.html                                                 27.00 kB │ gzip:     5.32 kB
out/renderer/assets/KaTeX_Typewriter-Regular-D3Ib7_Hf.ttf               27.55 kB
out/renderer/pdfjs/cmaps/UniKS-UTF8-H.bcmap                             27.79 kB
out/renderer/assets/KaTeX_AMS-Regular-BQhdFMY1.woff2                    28.07 kB
out/renderer/assets/KaTeX_Main-Bold-Jm3AIy58.woff                       29.91 kB
out/renderer/assets/KaTeX_Main-Regular-Dr94JaBh.woff                    30.77 kB
out/renderer/assets/KaTeX_Math-BoldItalic-B3XSjfu4.ttf                  31.19 kB
out/renderer/assets/KaTeX_Math-Italic-flOr_0UB.ttf                      31.30 kB
out/renderer/assets/KaTeX_Main-BoldItalic-DzxPMmG6.ttf                  32.96 kB
out/renderer/assets/KaTeX_AMS-Regular-DMm9YOAa.woff                     33.51 kB
out/renderer/assets/KaTeX_Main-Italic-3WenGoN9.ttf                      33.58 kB
out/renderer/pdfjs/cmaps/Adobe-GB1-UCS2.bcmap                           33.97 kB
out/renderer/pdfjs/cmaps/UniJIS-UTF16-H.bcmap                           39.44 kB
out/renderer/pdfjs/cmaps/UniJIS2004-UTF16-H.bcmap                       39.53 kB
out/renderer/pdfjs/cmaps/UniJISX0213-UTF32-H.bcmap                      40.51 kB
out/renderer/pdfjs/cmaps/UniJIS-UTF32-H.bcmap                           40.53 kB
out/renderer/pdfjs/cmaps/UniJISX02132004-UTF32-H.bcmap                  40.60 kB
out/renderer/pdfjs/cmaps/UniJIS2004-UTF32-H.bcmap                       40.63 kB
out/renderer/pdfjs/cmaps/Adobe-Japan1-UCS2.bcmap                        40.95 kB
out/renderer/pdfjs/cmaps/Adobe-CNS1-UCS2.bcmap                          41.19 kB
out/renderer/pdfjs/cmaps/UniJIS-UTF8-H.bcmap                            41.69 kB
out/renderer/pdfjs/cmaps/UniJIS2004-UTF8-H.bcmap                        41.77 kB
out/renderer/pdfjs/cmaps/UniGB-UCS2-H.bcmap                             43.36 kB
out/renderer/pdfjs/cmaps/UniGB-UTF16-H.bcmap                            44.08 kB
out/renderer/pdfjs/cmaps/UniGB-UTF32-H.bcmap                            45.73 kB
out/renderer/pdfjs/cmaps/UniGB-UTF8-H.bcmap                             46.83 kB
out/renderer/pdfjs/cmaps/UniCNS-UCS2-H.bcmap                            48.28 kB
out/renderer/pdfjs/cmaps/UniCNS-UTF16-H.bcmap                           50.41 kB
out/renderer/assets/KaTeX_Main-Bold-waoOVXN0.ttf                        51.33 kB
out/renderer/pdfjs/cmaps/UniCNS-UTF32-H.bcmap                           52.67 kB
out/renderer/assets/KaTeX_Main-Regular-ypZvNtVU.ttf                     53.58 kB
out/renderer/pdfjs/cmaps/UniCNS-UTF8-H.bcmap                            53.62 kB
out/renderer/assets/KaTeX_AMS-Regular-DRggAlZN.ttf                      63.63 kB
out/renderer/assets/xlsx-worker-DJiDdvsD.js                            132.12 kB
out/renderer/assets/icon_512@2x-BnwZhfO-.png                           215.70 kB
out/renderer/assets/icon-glm-for-dark-gaDfAQcT.png                     223.61 kB
out/renderer/assets/icon-glm-for-light-Dsx5dwqA.png                    223.80 kB
out/renderer/assets/diffs.worker-CAavpt0L.js                           827.86 kB
out/renderer/assets/pdf.worker.min-qwK7q_zL.mjs                      1,046.21 kB
out/renderer/assets/docx_wasm_bg-HWnIvdMf.wasm                       1,119.33 kB │ gzip:   443.20 kB
out/renderer/assets/duke_sheets_wasm_bg-BCCK9PkU.wasm                4,345.44 kB │ gzip: 1,663.17 kB
out/renderer/assets/pdf-viewer-Dgb4oCkS.css                              1.49 kB │ gzip:     0.59 kB
out/renderer/assets/GraphEngineeringPanel-D_GSloH7.css                  15.93 kB │ gzip:     2.65 kB
out/renderer/assets/styles-C8hTYunK.css                                395.95 kB │ gzip:    63.69 kB
out/renderer/assets/mermaid-GHXKKRXX-B_bqyb6G.js                         0.07 kB │ gzip:     0.08 kB
out/renderer/assets/x-U5rO3iqf.js                                        0.07 kB │ gzip:     0.08 kB
out/renderer/assets/ban-Bct0G-H7.js                                      0.07 kB │ gzip:     0.08 kB
out/renderer/assets/bot-CsI82wD_.js                                      0.07 kB │ gzip:     0.08 kB
out/renderer/assets/bug-DWpA_dfx.js                                      0.07 kB │ gzip:     0.08 kB
out/renderer/assets/cpu-cyBaGPcs.js                                      0.07 kB │ gzip:     0.08 kB
out/renderer/assets/eye-DBGGXXzr.js                                      0.07 kB │ gzip:     0.08 kB
out/renderer/assets/map-BpSWxp6h.js                                      0.07 kB │ gzip:     0.08 kB
out/renderer/assets/pin-DlR0JNX8.js                                      0.07 kB │ gzip:     0.08 kB
out/renderer/assets/sun-7z8zwGEo.js                                      0.07 kB │ gzip:     0.08 kB
out/renderer/assets/tag-Bok4c-mm.js                                      0.07 kB │ gzip:     0.08 kB
out/renderer/assets/copy-DOm79uVo.js                                     0.07 kB │ gzip:     0.09 kB
out/renderer/assets/file-JzGmjGy7.js                                     0.07 kB │ gzip:     0.09 kB
out/renderer/assets/gift-BVDh3lCP.js                                     0.07 kB │ gzip:     0.09 kB
out/renderer/assets/goal-l9ZpftmQ.js                                     0.07 kB │ gzip:     0.09 kB
out/renderer/assets/hand-BLTiDPF2.js                                     0.07 kB │ gzip:     0.09 kB
out/renderer/assets/hash-CGrK8gyJ.js                                     0.07 kB │ gzip:     0.09 kB
out/renderer/assets/info-BTcV3m2q.js                                     0.07 kB │ gzip:     0.09 kB
out/renderer/assets/list-D6LBNpLe.js                                     0.07 kB │ gzip:     0.09 kB
out/renderer/assets/lock-DJO06S22.js                                     0.07 kB │ gzip:     0.09 kB
out/renderer/assets/moon-BoSkh_yt.js                                     0.07 kB │ gzip:     0.09 kB
out/renderer/assets/play-DrFYNrXb.js                                     0.07 kB │ gzip:     0.09 kB
out/renderer/assets/plug-DPL1SHju.js                                     0.07 kB │ gzip:     0.09 kB
out/renderer/assets/plus-CVNyKiJc.js                                     0.07 kB │ gzip:     0.09 kB
out/renderer/assets/save-DvIFqUhf.js                                     0.07 kB │ gzip:     0.09 kB
out/renderer/assets/send-WhvRXHN3.js                                     0.07 kB │ gzip:     0.09 kB
out/renderer/assets/user-Bpac7ObE.js                                     0.07 kB │ gzip:     0.09 kB
out/renderer/assets/brain-BHB8lSgj.js                                    0.07 kB │ gzip:     0.09 kB
out/renderer/assets/cable-DYsoNvVK.js                                    0.07 kB │ gzip:     0.09 kB
out/renderer/assets/check-1vgaF9Ag.js                                    0.07 kB │ gzip:     0.09 kB
out/renderer/assets/clock-D4h7jK3P.js                                    0.07 kB │ gzip:     0.09 kB
out/renderer/assets/cloud-D_Phnfph.js                                    0.07 kB │ gzip:     0.09 kB
out/renderer/assets/crown-BSB0fD2u.js                                    0.07 kB │ gzip:     0.09 kB
out/renderer/assets/earth-CaQl4tn9.js                                    0.07 kB │ gzip:     0.09 kB
out/renderer/assets/files-CzyIBZcw.js                                    0.07 kB │ gzip:     0.09 kB
out/renderer/assets/gauge-BGeg_tRO.js                                    0.07 kB │ gzip:     0.09 kB
out/renderer/assets/globe-CSdtY_R8.js                                    0.07 kB │ gzip:     0.09 kB
out/renderer/assets/house-Bs5lU64h.js                                    0.07 kB │ gzip:     0.09 kB
out/renderer/assets/image-SdpqY_PM.js                                    0.07 kB │ gzip:     0.09 kB
out/renderer/assets/inbox-DnKUYdgd.js                                    0.07 kB │ gzip:     0.09 kB
out/renderer/assets/minus-BcAgXUcU.js                                    0.07 kB │ gzip:     0.09 kB
out/renderer/assets/pause-DhoTGYN4.js                                    0.07 kB │ gzip:     0.09 kB
out/renderer/assets/power-DTLw6yyE.js                                    0.07 kB │ gzip:     0.09 kB
out/renderer/assets/quote-4Rx0v2oS.js                                    0.07 kB │ gzip:     0.09 kB
out/renderer/assets/reply-An9J5Jqo.js                                    0.07 kB │ gzip:     0.09 kB
out/renderer/assets/route-Cy8lbvUI.js                                    0.07 kB │ gzip:     0.09 kB
out/renderer/assets/scale-C52U8p0X.js                                    0.07 kB │ gzip:     0.09 kB
out/renderer/assets/share-BqWaKwYH.js                                    0.07 kB │ gzip:     0.09 kB
out/renderer/assets/store-DLtbSkxp.js                                    0.07 kB │ gzip:     0.09 kB
out/renderer/assets/table-DTQ48p0x.js                                    0.07 kB │ gzip:     0.09 kB
out/renderer/assets/users-BWCe4V70.js                                    0.07 kB │ gzip:     0.09 kB
out/renderer/assets/video-B78nQ2AK.js                                    0.07 kB │ gzip:     0.09 kB
out/renderer/assets/anchor-DOIpJYoP.js                                   0.08 kB │ gzip:     0.09 kB
out/renderer/assets/blocks-CFqzdts6.js                                   0.08 kB │ gzip:     0.09 kB
out/renderer/assets/circle-B3x9e8H_.js                                   0.08 kB │ gzip:     0.09 kB
out/renderer/assets/eraser-C8F29z87.js                                   0.08 kB │ gzip:     0.09 kB
out/renderer/assets/folder-WAxRcpkf.js                                   0.08 kB │ gzip:     0.09 kB
out/renderer/assets/import-DiFw1Ooq.js                                   0.08 kB │ gzip:     0.08 kB
out/renderer/assets/loader-C1Ri0SAU.js                                   0.08 kB │ gzip:     0.09 kB
out/renderer/assets/log-in-BRG0MILr.js                                   0.08 kB │ gzip:     0.09 kB
out/renderer/assets/pencil-BHAes3oy.js                                   0.08 kB │ gzip:     0.09 kB
out/renderer/assets/redo-2-Bf_uaK8q.js                                   0.08 kB │ gzip:     0.09 kB
out/renderer/assets/rocket-BWPAxaNN.js                                   0.08 kB │ gzip:     0.09 kB
out/renderer/assets/search-Zd0YMoSO.js                                   0.08 kB │ gzip:     0.09 kB
out/renderer/assets/server-Bu3TvAcg.js                                   0.08 kB │ gzip:     0.09 kB
out/renderer/assets/square-BClfjbo2.js                                   0.08 kB │ gzip:     0.09 kB
out/renderer/assets/target-CnV38HA5.js                                   0.08 kB │ gzip:     0.09 kB
out/renderer/assets/undo-2-BULFpmnr.js                                   0.08 kB │ gzip:     0.09 kB
out/renderer/assets/unlink-CG48cc8D.js                                   0.08 kB │ gzip:     0.09 kB
out/renderer/assets/unplug-DCMlR4S2.js                                   0.08 kB │ gzip:     0.09 kB
out/renderer/assets/upload-BCIQ8nM6.js                                   0.08 kB │ gzip:     0.09 kB
out/renderer/assets/wrench-BGw-PTv3.js                                   0.08 kB │ gzip:     0.09 kB
out/renderer/assets/archive-CEK0ldpe.js                                  0.08 kB │ gzip:     0.09 kB
out/renderer/assets/astroid-Cdatg0bd.js                                  0.08 kB │ gzip:     0.09 kB
out/renderer/assets/clock-3-DWirUarv.js                                  0.08 kB │ gzip:     0.09 kB
out/renderer/assets/eye-off-BaQHwmjB.js                                  0.08 kB │ gzip:     0.09 kB
out/renderer/assets/history-R-Nc9YFM.js                                  0.08 kB │ gzip:     0.09 kB
out/renderer/assets/library-BmffVsyr.js                                  0.08 kB │ gzip:     0.09 kB
out/renderer/assets/log-out-BbOMFvoL.js                                  0.08 kB │ gzip:     0.09 kB
out/renderer/assets/monitor-i4RTrfJA.js                                  0.08 kB │ gzip:     0.09 kB
out/renderer/assets/music-2-B3_umI1N.js                                  0.08 kB │ gzip:     0.09 kB
out/renderer/assets/network-BWeI7gYM.js                                  0.08 kB │ gzip:     0.09 kB
out/renderer/assets/package-DXZ4uO6T.js                                  0.08 kB │ gzip:     0.09 kB
out/renderer/assets/palette-BRnQ1Asf.js                                  0.08 kB │ gzip:     0.09 kB
out/renderer/assets/qr-code-BKVFwOkF.js                                  0.08 kB │ gzip:     0.09 kB
out/renderer/assets/trash-2-uhAZ4Hu_.js                                  0.08 kB │ gzip:     0.09 kB
out/renderer/assets/webhook-DzgZhsNq.js                                  0.08 kB │ gzip:     0.09 kB
out/renderer/assets/zoom-in-C7djBKmm.js                                  0.08 kB │ gzip:     0.09 kB
out/renderer/assets/activity-BJYt-rZ4.js                                 0.08 kB │ gzip:     0.09 kB
out/renderer/assets/arrow-up-DtO2Jhwf.js                                 0.08 kB │ gzip:     0.09 kB
out/renderer/assets/circle-x-CviTXmch.js                                 0.08 kB │ gzip:     0.09 kB
out/renderer/assets/code-xml-Cgxcetx3.js                                 0.08 kB │ gzip:     0.09 kB
out/renderer/assets/database-PBDH5ns1.js                                 0.08 kB │ gzip:     0.09 kB
out/renderer/assets/download-DIRKvxoe.js                                 0.08 kB │ gzip:     0.09 kB
out/renderer/assets/ellipsis-DCH-qeuL.js                                 0.08 kB │ gzip:     0.09 kB
out/renderer/assets/git-fork-aaGEhqCA.js                                 0.08 kB │ gzip:     0.09 kB
out/renderer/assets/keyboard-Bd1EDs2_.js                                 0.08 kB │ gzip:     0.09 kB
out/renderer/assets/maximize-BNEE1qv3.js                                 0.08 kB │ gzip:     0.09 kB
out/renderer/assets/pen-tool-CFZwjOsq.js                                 0.08 kB │ gzip:     0.09 kB
out/renderer/assets/repeat-2-Bil73bxJ.js                                 0.08 kB │ gzip:     0.09 kB
out/renderer/assets/settings-D-rixuXP.js                                 0.08 kB │ gzip:     0.09 kB
out/renderer/assets/sparkles-Cyt7CJsK.js                                 0.08 kB │ gzip:     0.09 kB
out/renderer/assets/terminal-VI9JomLX.js                                 0.08 kB │ gzip:     0.09 kB
out/renderer/assets/workflow-qJuyfdGQ.js                                 0.08 kB │ gzip:     0.09 kB
out/renderer/assets/zoom-out-BDW7kMG4.js                                 0.08 kB │ gzip:     0.09 kB
out/renderer/assets/archive-x-CyU9LXd1.js                                0.08 kB │ gzip:     0.09 kB
out/renderer/assets/book-open-wT-qT2OZ.js                                0.08 kB │ gzip:     0.09 kB
out/renderer/assets/file-diff-C9kH8-yM.js                                0.08 kB │ gzip:     0.09 kB
out/renderer/assets/file-down-BL5LxnBt.js                                0.08 kB │ gzip:     0.09 kB
out/renderer/assets/file-text-CiDZkcKD.js                                0.08 kB │ gzip:     0.09 kB
out/renderer/assets/git-graph-B29wCoZc.js                                0.08 kB │ gzip:     0.09 kB
out/renderer/assets/git-merge-CzN2lkat.js                                0.08 kB │ gzip:     0.09 kB
out/renderer/assets/hourglass-DJUKgpBg.js                                0.08 kB │ gzip:     0.09 kB
out/renderer/assets/image-off-2O7j-nXK.js                                0.08 kB │ gzip:     0.09 kB
out/renderer/assets/key-round-sIaIAdGJ.js                                0.08 kB │ gzip:     0.09 kB
out/renderer/assets/lightbulb-fyjTB-RJ.js                                0.08 kB │ gzip:     0.09 kB
out/renderer/assets/list-todo-coqtAqAw.js                                0.08 kB │ gzip:     0.09 kB
out/renderer/assets/list-tree-Bznc7Q-A.js                                0.08 kB │ gzip:     0.09 kB
out/renderer/assets/megaphone-DUMz1nk6.js                                0.08 kB │ gzip:     0.09 kB
out/renderer/assets/paperclip-CQ-6leIE.js                                0.08 kB │ gzip:     0.09 kB
out/renderer/assets/text-wrap-Dp6GOEoy.js                                0.08 kB │ gzip:     0.09 kB
out/renderer/assets/thumbs-up-Dfz4BsT4.js                                0.08 kB │ gzip:     0.09 kB
out/renderer/assets/waypoints-j1Y1JBp5.js                                0.08 kB │ gzip:     0.09 kB
out/renderer/assets/app-window-CuE12eSB.js                               0.08 kB │ gzip:     0.09 kB
out/renderer/assets/arrow-down-BKSHhyxA.js                               0.08 kB │ gzip:     0.09 kB
out/renderer/assets/arrow-left-CJKNrrhH.js                               0.08 kB │ gzip:     0.09 kB
out/renderer/assets/chart-line-CJFhOgUi.js                               0.08 kB │ gzip:     0.09 kB
out/renderer/assets/chevron-up-G82IYOPl.js                               0.08 kB │ gzip:     0.09 kB
out/renderer/assets/file-clock-LOI6WNKB.js                               0.08 kB │ gzip:     0.09 kB
out/renderer/assets/git-branch-DE8znuns.js                               0.08 kB │ gzip:     0.09 kB
out/renderer/assets/hard-drive-Ce2hVPqC.js                               0.08 kB │ gzip:     0.09 kB
out/renderer/assets/image-plus-CSekc6fT.js                               0.08 kB │ gzip:     0.09 kB
out/renderer/assets/maximize-2-BajnziAL.js                               0.08 kB │ gzip:     0.09 kB
out/renderer/assets/minimize-2-Cgz3Y8Gq.js                               0.08 kB │ gzip:     0.09 kB
out/renderer/assets/refresh-cw-BWg-PwKS.js                               0.08 kB │ gzip:     0.09 kB
out/renderer/assets/rotate-ccw-Dgnpntbi.js                               0.08 kB │ gzip:     0.09 kB
out/renderer/assets/settings-2-BNMVDYC-.js                               0.08 kB │ gzip:     0.09 kB
out/renderer/assets/smartphone-C9x7X1Vn.js                               0.08 kB │ gzip:     0.09 kB
out/renderer/assets/user-round-DPubVCo3.js                               0.08 kB │ gzip:     0.09 kB
out/renderer/assets/alarm-clock-BT6veYlR.js                              0.08 kB │ gzip:     0.09 kB
out/renderer/assets/arrow-right-vo7Udao2.js                              0.08 kB │ gzip:     0.09 kB
out/renderer/assets/circle-play-DrchYEFU.js                              0.08 kB │ gzip:     0.09 kB
out/renderer/assets/circle-plus-qGhRgPzT.js                              0.08 kB │ gzip:     0.09 kB
out/renderer/assets/circle-stop-8A9P0nkU.js                              0.08 kB │ gzip:     0.09 kB
out/renderer/assets/clock-alert-B75F30rX.js                              0.08 kB │ gzip:     0.09 kB
out/renderer/assets/file-output-Bf93OBeF.js                              0.08 kB │ gzip:     0.09 kB
out/renderer/assets/file-search-D8vLV_O6.js                              0.08 kB │ gzip:     0.09 kB
out/renderer/assets/folder-open-BO8qTrUk.js                              0.08 kB │ gzip:     0.09 kB
out/renderer/assets/folder-plus-GFHh6wNk.js                              0.08 kB │ gzip:     0.09 kB
out/renderer/assets/list-checks-B9w506Sq.js                              0.08 kB │ gzip:     0.09 kB
out/renderer/assets/list-filter-BXFWDG2M.js                              0.08 kB │ gzip:     0.09 kB
out/renderer/assets/monitor-cog-B-zGWzXc.js                              0.08 kB │ gzip:     0.09 kB
out/renderer/assets/refresh-ccw-BWnXjTWM.js                              0.08 kB │ gzip:     0.09 kB
out/renderer/assets/scroll-text-Bk79h-Tu.js                              0.08 kB │ gzip:     0.09 kB
out/renderer/assets/square-code-TdZEkkoy.js                              0.08 kB │ gzip:     0.09 kB
out/renderer/assets/thumbs-down-ByERGg_O.js                              0.08 kB │ gzip:     0.09 kB
out/renderer/assets/chart-column-1N_krzBt.js                             0.08 kB │ gzip:     0.09 kB
out/renderer/assets/chevron-down-CT1FWTiB.js                             0.08 kB │ gzip:     0.09 kB
out/renderer/assets/chevron-left-BvMhkif7.js                             0.08 kB │ gzip:     0.09 kB
out/renderer/assets/circle-alert-xSbdzmNG.js                             0.08 kB │ gzip:     0.09 kB
out/renderer/assets/circle-check-CzfqhB_i.js                             0.08 kB │ gzip:     0.09 kB
out/renderer/assets/circle-minus-dff2G-4p.js                             0.08 kB │ gzip:     0.09 kB
out/renderer/assets/circle-pause-mtuIBdLV.js                             0.08 kB │ gzip:     0.09 kB
out/renderer/assets/cloud-upload-BbKjH6h1.js                             0.08 kB │ gzip:     0.09 kB
out/renderer/assets/lock-keyhole-DvlkWVHO.js                             0.08 kB │ gzip:     0.09 kB
out/renderer/assets/notepad-text-BjgW5O3j.js                             0.08 kB │ gzip:     0.09 kB
out/renderer/assets/package-open-Dzv2SHUX.js                             0.08 kB │ gzip:     0.09 kB
out/renderer/assets/pencil-ruler-DPAKaLhf.js                             0.08 kB │ gzip:     0.09 kB
out/renderer/assets/presentation-W3zFWyKs.js                             0.08 kB │ gzip:     0.09 kB
out/renderer/assets/shield-alert-DVhkHiZT.js                             0.08 kB │ gzip:     0.09 kB
out/renderer/assets/shield-check-D05eRLYg.js                             0.08 kB │ gzip:     0.09 kB
out/renderer/assets/square-slash-DQ7SVcM9.js                             0.08 kB │ gzip:     0.09 kB
out/renderer/assets/calendar-days-DItD7W-e.js                            0.08 kB │ gzip:     0.09 kB
out/renderer/assets/chevron-right-CNdRG142.js                            0.08 kB │ gzip:     0.09 kB
out/renderer/assets/chevrons-down-D29pOs1X.js                            0.08 kB │ gzip:     0.09 kB
out/renderer/assets/circle-dashed-C6zXY0du.js                            0.08 kB │ gzip:     0.09 kB
out/renderer/assets/external-link-2rhc6pcq.js                            0.08 kB │ gzip:     0.09 kB
out/renderer/assets/file-pen-line-BbtFZVBH.js                            0.08 kB │ gzip:     0.09 kB
out/renderer/assets/flask-conical-BC6vALpN.js                            0.08 kB │ gzip:     0.09 kB
out/renderer/assets/grip-vertical-98MyLPuR.js                            0.08 kB │ gzip:     0.09 kB
out/renderer/assets/loader-circle-DzD9JGJs.js                            0.08 kB │ gzip:     0.09 kB
out/renderer/assets/previewPanePdfContent-CDiXSLK4.js                    0.08 kB │ gzip:     0.09 kB
out/renderer/assets/square-kanban-BzwkCUo3.js                            0.08 kB │ gzip:     0.09 kB
out/renderer/assets/wand-sparkles-BiahU4oy.js                            0.08 kB │ gzip:     0.09 kB
out/renderer/assets/arrow-up-right-C_0P3nEV.js                           0.08 kB │ gzip:     0.10 kB
out/renderer/assets/book-open-text-D7q7D0kw.js                           0.08 kB │ gzip:     0.10 kB
out/renderer/assets/calendar-clock-juEnTZVu.js                           0.08 kB │ gzip:     0.10 kB
out/renderer/assets/circle-slash-2-CFVDBBhh.js                           0.08 kB │ gzip:     0.10 kB
out/renderer/assets/cloud-download-B4rDvJba.js                           0.08 kB │ gzip:     0.10 kB
out/renderer/assets/folder-symlink-CC5P9Y_n.js                           0.08 kB │ gzip:     0.10 kB
out/renderer/assets/graduation-cap-ChJxC74U.js                           0.08 kB │ gzip:     0.10 kB
out/renderer/assets/message-circle-NB8hMTcE.js                           0.08 kB │ gzip:     0.10 kB
out/renderer/assets/message-square-DeKqxf-5.js                           0.08 kB │ gzip:     0.10 kB
out/renderer/assets/triangle-alert-CUBocDbo.js                           0.08 kB │ gzip:     0.10 kB
out/renderer/assets/user-round-pen-CpOZMo6a.js                           0.08 kB │ gzip:     0.10 kB
out/renderer/assets/clipboard-check-ByhNGMpg.js                          0.08 kB │ gzip:     0.10 kB
out/renderer/assets/clipboard-paste-C_4QQ3li.js                          0.08 kB │ gzip:     0.10 kB
out/renderer/assets/grip-horizontal-DyZOGaMq.js                          0.08 kB │ gzip:     0.10 kB
out/renderer/assets/messages-square-DyGZDWoK.js                          0.08 kB │ gzip:     0.10 kB
out/renderer/assets/mouse-pointer-2-T7AK7G4b.js                          0.08 kB │ gzip:     0.10 kB
out/renderer/assets/panel-left-open-xtIT86QX.js                          0.08 kB │ gzip:     0.10 kB
out/renderer/assets/panels-top-left-DmX5Q_0B.js                          0.08 kB │ gzip:     0.10 kB
out/renderer/assets/previewPanePptxContent-BrncSjsF.js                   0.08 kB │ gzip:     0.09 kB
out/renderer/assets/square-terminal-CR7nfkMU.js                          0.08 kB │ gzip:     0.10 kB
out/renderer/assets/arrow-right-left-yOIPyraG.js                         0.09 kB │ gzip:     0.10 kB
out/renderer/assets/arrow-up-to-line-DZe_IoCH.js                         0.09 kB │ gzip:     0.10 kB
out/renderer/assets/circle-check-big-CitQOmdS.js                         0.09 kB │ gzip:     0.10 kB
out/renderer/assets/file-code-corner-D0nU3pJh.js                         0.09 kB │ gzip:     0.10 kB
out/renderer/assets/panel-left-close-byHDe_ME.js                         0.09 kB │ gzip:     0.10 kB
out/renderer/assets/panel-right-open-CfOiHLB7.js                         0.09 kB │ gzip:     0.10 kB
out/renderer/assets/trending-up-down-aI3tY0j1.js                         0.09 kB │ gzip:     0.10 kB
out/renderer/assets/panel-right-close-B0I7DZ09.js                        0.09 kB │ gzip:     0.10 kB
out/renderer/assets/arrow-down-to-line-BOr0_VCc.js                       0.09 kB │ gzip:     0.10 kB
out/renderer/assets/arrow-up-from-line-CEuGfV1h.js                       0.09 kB │ gzip:     0.10 kB
out/renderer/assets/bot-message-square-CZaELEEP.js                       0.09 kB │ gzip:     0.10 kB
out/renderer/assets/briefcase-business-zBYBmT9E.js                       0.09 kB │ gzip:     0.10 kB
out/renderer/assets/clipboard-pen-line-R8AisSty.js                       0.09 kB │ gzip:     0.10 kB
out/renderer/assets/monitor-smartphone-DsD7gulM.js                       0.09 kB │ gzip:     0.10 kB
out/renderer/assets/sliders-horizontal-Dnt1-UYz.js                       0.09 kB │ gzip:     0.10 kB
out/renderer/assets/arrow-right-to-line-xa1j1zbE.js                      0.09 kB │ gzip:     0.10 kB
out/renderer/assets/git-commit-vertical-BAZ0PBE3.js                      0.09 kB │ gzip:     0.10 kB
out/renderer/assets/message-circle-plus-C2idXqtr.js                      0.09 kB │ gzip:     0.10 kB
out/renderer/assets/message-square-text-B2E-Qllj.js                      0.09 kB │ gzip:     0.10 kB
out/renderer/assets/mouse-pointer-click-B6n6yCOG.js                      0.09 kB │ gzip:     0.10 kB
out/renderer/assets/arrow-left-from-line-DV7eh82R.js                     0.09 kB │ gzip:     0.10 kB
out/renderer/assets/circle-question-mark-BHpfZC7O.js                     0.09 kB │ gzip:     0.10 kB
out/renderer/assets/clone-BnqbQqXf.js                                    0.09 kB │ gzip:     0.10 kB │ map:      1.33 kB
out/renderer/assets/message-circle-check-CUoZfMhP.js                     0.09 kB │ gzip:     0.10 kB
out/renderer/assets/message-circle-reply-DEyrLlpx.js                     0.09 kB │ gzip:     0.10 kB
out/renderer/assets/square-mouse-pointer-B2bbNxul.js                     0.09 kB │ gzip:     0.10 kB
out/renderer/assets/git-commit-horizontal-CG8IZkLt.js                    0.09 kB │ gzip:     0.10 kB
out/renderer/assets/previewPaneOfficeContent-CGalRodA.js                 0.09 kB │ gzip:     0.09 kB
out/renderer/assets/square-arrow-right-enter-BqBbmvGP.js                 0.09 kB │ gzip:     0.10 kB
out/renderer/assets/message-circle-question-mark-De6PeyZJ.js             0.10 kB │ gzip:     0.11 kB
out/renderer/assets/array-DbwXxhGE.js                                    0.10 kB │ gzip:     0.11 kB │ map:      0.52 kB
out/renderer/assets/channel-DYJ9JV-A.js                                  0.11 kB │ gzip:     0.12 kB │ map:      0.49 kB
out/renderer/assets/pie-ZZUOXDRM-Cm2ZXS_u.js                             0.11 kB │ gzip:     0.11 kB
out/renderer/assets/info-OMHHGYJF-C-zjF4Wj.js                            0.11 kB │ gzip:     0.11 kB
out/renderer/assets/radar-PYXPWWZC-DOcIBC5o.js                           0.11 kB │ gzip:     0.12 kB
out/renderer/assets/packet-4T2RLAQJ-B_NftWr_.js                          0.12 kB │ gzip:     0.12 kB
out/renderer/assets/treemap-W4RFUUIX-XEPwpc3y.js                         0.12 kB │ gzip:     0.12 kB
out/renderer/assets/wardley-RL74JXVD-BPhmZjGe.js                         0.12 kB │ gzip:     0.12 kB
out/renderer/assets/gitGraph-7Q5UKJZL-ClUkZnkZ.js                        0.12 kB │ gzip:     0.12 kB
out/renderer/assets/treeView-SZITEDCU-DjC4V0x_.js                        0.12 kB │ gzip:     0.12 kB
out/renderer/assets/architecture-YZFGNWBL-DjF5msLL.js                    0.12 kB │ gzip:     0.12 kB
out/renderer/assets/minus-t8O5zllw.js                                    0.13 kB │ gzip:     0.14 kB │ map:      0.73 kB
out/renderer/assets/check-BbqvATNi.js                                    0.14 kB │ gzip:     0.14 kB │ map:      0.74 kB
out/renderer/assets/chevron-down-CqFVYKTj.js                             0.14 kB │ gzip:     0.14 kB │ map:      0.77 kB
out/renderer/assets/chevron-up-Bff7CWbx.js                               0.14 kB │ gzip:     0.14 kB │ map:      0.76 kB
out/renderer/assets/chevron-left-D1TfR69v.js                             0.14 kB │ gzip:     0.15 kB │ map:      0.78 kB
out/renderer/assets/chevron-right-CDxQ2oUt.js                            0.14 kB │ gzip:     0.14 kB │ map:      0.78 kB
out/renderer/assets/circle-BrvMvbYG.js                                   0.14 kB │ gzip:     0.14 kB │ map:      0.77 kB
out/renderer/assets/tally-1-BeT_yBrx.js                                  0.14 kB │ gzip:     0.15 kB │ map:      0.74 kB
out/renderer/assets/slash-DCNG4YOF.js                                    0.15 kB │ gzip:     0.15 kB │ map:      0.73 kB
out/renderer/assets/wifi-zero-C2URw2wl.js                                0.15 kB │ gzip:     0.15 kB │ map:      0.75 kB
out/renderer/assets/signal-zero-BhWs_hg5.js                              0.15 kB │ gzip:     0.15 kB │ map:      0.76 kB
out/renderer/assets/tiny-invariant-UyLYq-ML.js                           0.15 kB │ gzip:     0.14 kB │ map:      0.85 kB
out/renderer/assets/loader-circle-ZX4X5VsK.js                            0.16 kB │ gzip:     0.16 kB │ map:      0.80 kB
out/renderer/assets/dot-CW0MLvQO.js                                      0.16 kB │ gzip:     0.15 kB │ map:      0.76 kB
out/renderer/assets/square-pDKzzoaD.js                                   0.16 kB │ gzip:     0.15 kB │ map:      0.83 kB
out/renderer/assets/circle-small-BWpKo8Sj.js                             0.16 kB │ gzip:     0.15 kB │ map:      0.81 kB
out/renderer/assets/mountain-UDZR8iPc.js                                 0.16 kB │ gzip:     0.16 kB │ map:      0.76 kB
out/renderer/assets/bluetooth-BC8kjP6F.js                                0.16 kB │ gzip:     0.17 kB │ map:      0.77 kB
out/renderer/assets/plus-C1KZf6zq.js                                     0.16 kB │ gzip:     0.15 kB │ map:      0.83 kB
out/renderer/assets/x-CZIYvDx6.js                                        0.17 kB │ gzip:     0.16 kB │ map:      0.81 kB
out/renderer/assets/ellipse-CgReMxGT.js                                  0.17 kB │ gzip:     0.16 kB │ map:      0.81 kB
out/renderer/assets/fish-symbol-XMXX6k0t.js                              0.17 kB │ gzip:     0.17 kB │ map:      0.79 kB
out/renderer/assets/cloud-RK4irskX.js                                    0.17 kB │ gzip:     0.17 kB │ map:      0.78 kB
out/renderer/assets/arrow-up-BqoM4Ap6.js                                 0.17 kB │ gzip:     0.16 kB │ map:      0.86 kB
out/renderer/assets/terminal-Dq5BWGLU.js                                 0.17 kB │ gzip:     0.16 kB │ map:      0.86 kB
out/renderer/assets/navigation-XCkbtUda.js                               0.17 kB │ gzip:     0.17 kB │ map:      0.79 kB
out/renderer/assets/chunk-QZHKN3VN-2QDlXE0J.js                           0.18 kB │ gzip:     0.15 kB │ map:      0.78 kB
out/renderer/assets/arrow-down-Bq3OoM5H.js                               0.18 kB │ gzip:     0.16 kB │ map:      0.87 kB
out/renderer/assets/arrow-left-DhEL4_Gd.js                               0.18 kB │ gzip:     0.17 kB │ map:      0.87 kB
out/renderer/assets/arrow-right-DMYrCurZ.js                              0.18 kB │ gzip:     0.17 kB │ map:      0.87 kB
out/renderer/assets/navigation-2-Dib3UIjq.js                             0.18 kB │ gzip:     0.17 kB │ map:      0.80 kB
out/renderer/assets/space-Dp3VS0gO.js                                    0.18 kB │ gzip:     0.17 kB │ map:      0.77 kB
out/renderer/assets/arrow-up-right-Z0WiN9AT.js                           0.18 kB │ gzip:     0.16 kB │ map:      0.89 kB
out/renderer/assets/clock-3-BmIk6SPD.js                                  0.18 kB │ gzip:     0.17 kB │ map:      0.88 kB
out/renderer/assets/clock-C96w0DpX.js                                    0.18 kB │ gzip:     0.17 kB │ map:      0.88 kB
out/renderer/assets/egg-Cnbng2tX.js                                      0.18 kB │ gzip:     0.17 kB │ map:      0.76 kB
out/renderer/assets/tally-2-QU6axGsp.js                                  0.18 kB │ gzip:     0.16 kB │ map:      0.84 kB
out/renderer/assets/music-2-CuTA6KGu.js                                  0.18 kB │ gzip:     0.17 kB │ map:      0.89 kB
out/renderer/assets/chevrons-down-CTCl1exE.js                            0.18 kB │ gzip:     0.16 kB │ map:      0.89 kB
out/renderer/assets/circle-minus-4AwdVCpR.js                             0.18 kB │ gzip:     0.17 kB │ map:      0.91 kB
out/renderer/assets/thermometer-BCc1akAK.js                              0.18 kB │ gzip:     0.18 kB │ map:      0.81 kB
out/renderer/assets/power-Dr8QRFJv.js                                    0.18 kB │ gzip:     0.17 kB │ map:      0.85 kB
out/renderer/assets/option-CiMZ96Qi.js                                   0.19 kB │ gzip:     0.17 kB │ map:      0.85 kB
out/renderer/assets/rectangle-vertical-B1pKarj7.js                       0.19 kB │ gzip:     0.17 kB │ map:      0.90 kB
out/renderer/assets/search-Cp7zYsml.js                                   0.19 kB │ gzip:     0.17 kB │ map:      0.89 kB
out/renderer/assets/signal-low-LtOczWpQ.js                               0.19 kB │ gzip:     0.17 kB │ map:      0.86 kB
out/renderer/assets/unlink-2-2OcJT7yC.js                                 0.19 kB │ gzip:     0.17 kB │ map:      0.79 kB
out/renderer/assets/gauge-hGjJaLxy.js                                    0.19 kB │ gzip:     0.17 kB │ map:      0.86 kB
out/renderer/assets/rectangle-horizontal-B0n7Y_vL.js                     0.19 kB │ gzip:     0.18 kB │ map:      0.91 kB
out/renderer/assets/reply-Bh6x-TrB.js                                    0.19 kB │ gzip:     0.17 kB │ map:      0.86 kB
out/renderer/assets/circle-slash-2-Dcwemw7k.js                           0.19 kB │ gzip:     0.17 kB │ map:      0.93 kB
out/renderer/assets/code-BFeDo0Pk.js                                     0.19 kB │ gzip:     0.17 kB │ map:      0.84 kB
out/renderer/assets/move-up-CUNNFmPl.js                                  0.19 kB │ gzip:     0.17 kB │ map:      0.85 kB
out/renderer/assets/circle-check-Dq6IHsnu.js                             0.19 kB │ gzip:     0.17 kB │ map:      0.92 kB
out/renderer/assets/move-left-BYElVnVU.js                                0.19 kB │ gzip:     0.17 kB │ map:      0.86 kB
out/renderer/assets/squircle-DXCoyXFR.js                                 0.19 kB │ gzip:     0.18 kB │ map:      0.80 kB
out/renderer/assets/move-up-left-D2iJYvX5.js                             0.19 kB │ gzip:     0.18 kB │ map:      0.88 kB
out/renderer/assets/arrow-up-left-neH-iaWm.js                            0.19 kB │ gzip:     0.18 kB │ map:      0.88 kB
out/renderer/assets/ban-BcqJumpW.js                                      0.19 kB │ gzip:     0.17 kB │ map:      0.88 kB
out/renderer/assets/chevron-last-CUEe7-IG.js                             0.19 kB │ gzip:     0.17 kB │ map:      0.88 kB
out/renderer/assets/chevron-first-BHFQ9vtw.js                            0.19 kB │ gzip:     0.18 kB │ map:      0.89 kB
out/renderer/assets/move-down-BGajDAID.js                                0.19 kB │ gzip:     0.18 kB │ map:      0.87 kB
out/renderer/assets/move-up-right-BjID-5bv.js                            0.19 kB │ gzip:     0.18 kB │ map:      0.88 kB
out/renderer/assets/music-3-DNTGjpTZ.js                                  0.19 kB │ gzip:     0.18 kB │ map:      0.88 kB
out/renderer/assets/user-round-DgcvF98B.js                               0.19 kB │ gzip:     0.18 kB │ map:      0.91 kB
out/renderer/assets/arrow-down-left-BK9VLkOG.js                          0.19 kB │ gzip:     0.17 kB │ map:      0.90 kB
out/renderer/assets/clock-12-kGQYdG5c.js                                 0.19 kB │ gzip:     0.18 kB │ map:      0.89 kB
out/renderer/assets/clock-6-uo8ZBjt6.js                                  0.19 kB │ gzip:     0.18 kB │ map:      0.88 kB
out/renderer/assets/move-down-left-DMhtH1Gu.js                           0.19 kB │ gzip:     0.18 kB │ map:      0.89 kB
out/renderer/assets/move-right-DxEjoOeb.js                               0.19 kB │ gzip:     0.17 kB │ map:      0.87 kB
out/renderer/assets/arrow-down-right-CCeGb-Is.js                         0.20 kB │ gzip:     0.18 kB │ map:      0.90 kB
out/renderer/assets/chart-line-hPIPZcOB.js                               0.20 kB │ gzip:     0.18 kB │ map:      0.89 kB
out/renderer/assets/clock-9-bY4OM3vG.js                                  0.20 kB │ gzip:     0.18 kB │ map:      0.88 kB
out/renderer/assets/move-down-right-CXLMOHhS.js                          0.20 kB │ gzip:     0.18 kB │ map:      0.90 kB
out/renderer/assets/clock-1-sLZl_Xyo.js                                  0.20 kB │ gzip:     0.18 kB │ map:      0.89 kB
out/renderer/assets/clock-2-CMjs7pMv.js                                  0.20 kB │ gzip:     0.18 kB │ map:      0.89 kB
out/renderer/assets/clock-4-D1WjZbF5.js                                  0.20 kB │ gzip:     0.18 kB │ map:      0.89 kB
out/renderer/assets/clock-5-Kmq4BHV2.js                                  0.20 kB │ gzip:     0.18 kB │ map:      0.89 kB
out/renderer/assets/chevrons-up-Jn_XCjMG.js                              0.20 kB │ gzip:     0.17 kB │ map:      0.88 kB
out/renderer/assets/clock-7-B3H95piJ.js                                  0.20 kB │ gzip:     0.18 kB │ map:      0.89 kB
out/renderer/assets/clock-8-DpLLY4KM.js                                  0.20 kB │ gzip:     0.18 kB │ map:      0.89 kB
out/renderer/assets/infinity-Cr3dDb3z.js                                 0.20 kB │ gzip:     0.18 kB │ map:      0.82 kB
out/renderer/assets/chevrons-right-DsASEdzS.js                           0.20 kB │ gzip:     0.17 kB │ map:      0.90 kB
out/renderer/assets/clock-10-COMRfMyH.js                                 0.20 kB │ gzip:     0.18 kB │ map:      0.89 kB
out/renderer/assets/clock-11-D-MHqrbt.js                                 0.20 kB │ gzip:     0.18 kB │ map:      0.89 kB
out/renderer/assets/blend-DI0HOEcO.js                                    0.20 kB │ gzip:     0.17 kB │ map:      0.91 kB
out/renderer/assets/chevrons-down-up-DZmj4dm7.js                         0.20 kB │ gzip:     0.18 kB │ map:      0.91 kB
out/renderer/assets/chevrons-left-ZuZUnC_5.js                            0.20 kB │ gzip:     0.17 kB │ map:      0.90 kB
out/renderer/assets/chevrons-up-down-4VPzE6p8.js                         0.20 kB │ gzip:     0.18 kB │ map:      0.91 kB
out/renderer/assets/play-Bq6QIr1k.js                                     0.20 kB │ gzip:     0.18 kB │ map:      0.84 kB
out/renderer/assets/trending-up-C3jpTIU9.js                              0.20 kB │ gzip:     0.18 kB │ map:      0.88 kB
out/renderer/assets/disc-XKzPqCoe.js                                     0.20 kB │ gzip:     0.17 kB │ map:      0.91 kB
out/renderer/assets/wifi-low-l18uFunM.js                                 0.20 kB │ gzip:     0.18 kB │ map:      0.87 kB
out/renderer/assets/bold-Ds6v7F04.js                                     0.20 kB │ gzip:     0.18 kB │ map:      0.81 kB
out/renderer/assets/chevrons-left-right-Muzovahx.js                      0.20 kB │ gzip:     0.18 kB │ map:      0.93 kB
out/renderer/assets/trending-down-Bcs7fLsG.js                            0.20 kB │ gzip:     0.19 kB │ map:      0.90 kB
out/renderer/assets/check-check-BWgtmrmA.js                              0.21 kB │ gzip:     0.19 kB │ map:      0.89 kB
out/renderer/assets/chevrons-right-left-UsUyMnpT.js                      0.21 kB │ gzip:     0.18 kB │ map:      0.93 kB
out/renderer/assets/circle-check-big-CRDCTsVq.js                         0.21 kB │ gzip:     0.19 kB │ map:      0.93 kB
out/renderer/assets/forward-COXlsH_h.js                                  0.21 kB │ gzip:     0.19 kB │ map:      0.87 kB
out/renderer/assets/iteration-cw-B0MjZHgQ.js                             0.21 kB │ gzip:     0.18 kB │ map:      0.90 kB
out/renderer/assets/russian-ruble-DCJYbJdr.js                            0.21 kB │ gzip:     0.18 kB │ map:      0.90 kB
out/renderer/assets/src-2FP7IUE6-CkjmWgS_.js                             0.21 kB │ gzip:     0.17 kB
out/renderer/assets/triangle-CMy6jYb7.js                                 0.21 kB │ gzip:     0.19 kB │ map:      0.83 kB
out/renderer/assets/list-filter-G-XSox5v.js                              0.21 kB │ gzip:     0.17 kB │ map:      0.96 kB
out/renderer/assets/chunk-4BX2VUAB-CK3ajgmq.js                           0.21 kB │ gzip:     0.16 kB │ map:      0.80 kB
out/renderer/assets/eclipse-DYhhgsZl.js                                  0.21 kB │ gzip:     0.18 kB │ map:      0.90 kB
out/renderer/assets/user-Cm4ZaVsV.js                                     0.21 kB │ gzip:     0.18 kB │ map:      0.90 kB
out/renderer/assets/circle-dot-DpuMYZey.js                               0.21 kB │ gzip:     0.17 kB │ map:      0.94 kB
out/renderer/assets/command-DLyA1Jx4.js                                  0.21 kB │ gzip:     0.18 kB │ map:      0.83 kB
out/renderer/assets/iteration-ccw-DJ6JiUKI.js                            0.21 kB │ gzip:     0.19 kB │ map:      0.91 kB
out/renderer/assets/mouse-DXZ3l7d5.js                                    0.21 kB │ gzip:     0.19 kB │ map:      0.92 kB
out/renderer/assets/smartphone-BQteK95-.js                               0.21 kB │ gzip:     0.19 kB │ map:      0.97 kB
out/renderer/assets/circle-chevron-up-Bnynx8pr.js                        0.21 kB │ gzip:     0.19 kB │ map:      0.95 kB
out/renderer/assets/circle-stop-jMBQC5aP.js                              0.21 kB │ gzip:     0.18 kB │ map:      0.99 kB
out/renderer/assets/corner-right-up-CHgy41dF.js                          0.21 kB │ gzip:     0.19 kB │ map:      0.92 kB
out/renderer/assets/rows-2-4j_dY6EV.js                                   0.21 kB │ gzip:     0.19 kB │ map:      0.92 kB
out/renderer/assets/zodiac-taurus-DmFWlLbV.js                            0.21 kB │ gzip:     0.20 kB │ map:      0.93 kB
out/renderer/assets/corner-down-left-7Ckp-8W7.js                         0.21 kB │ gzip:     0.19 kB │ map:      0.92 kB
out/renderer/assets/corner-left-up-C4yx_6Vv.js                           0.21 kB │ gzip:     0.19 kB │ map:      0.91 kB
out/renderer/assets/corner-up-left-BXwMz39z.js                           0.21 kB │ gzip:     0.19 kB │ map:      0.91 kB
out/renderer/assets/crop-DPEv5X6S.js                                     0.21 kB │ gzip:     0.18 kB │ map:      0.86 kB
out/renderer/assets/rotate-ccw-xijnv9qD.js                               0.21 kB │ gzip:     0.19 kB │ map:      0.90 kB
out/renderer/assets/tv-C5y6uIbU.js                                       0.21 kB │ gzip:     0.19 kB │ map:      0.91 kB
out/renderer/assets/circle-chevron-down-UvD6KlEn.js                      0.21 kB │ gzip:     0.19 kB │ map:      0.96 kB
out/renderer/assets/circle-chevron-left-CY8u9c6i.js                      0.21 kB │ gzip:     0.19 kB │ map:      0.96 kB
out/renderer/assets/circle-chevron-right-DM4VIZ8A.js                     0.21 kB │ gzip:     0.19 kB │ map:      0.97 kB
out/renderer/assets/contrast-B0S_VDts.js                                 0.21 kB │ gzip:     0.19 kB │ map:      0.91 kB
out/renderer/assets/panel-top-BYkLDD68.js                                0.21 kB │ gzip:     0.19 kB │ map:      0.94 kB
out/renderer/assets/undo-CennUM0m.js                                     0.21 kB │ gzip:     0.18 kB │ map:      0.86 kB
out/renderer/assets/columns-2-CgBbOEgI.js                                0.21 kB │ gzip:     0.19 kB │ map:      0.94 kB
out/renderer/assets/corner-down-right-Dyez8wFo.js                        0.21 kB │ gzip:     0.19 kB │ map:      0.93 kB
out/renderer/assets/corner-right-down-CddlQyQt.js                        0.21 kB │ gzip:     0.19 kB │ map:      0.93 kB
out/renderer/assets/corner-up-right-D-aMkLrQ.js                          0.21 kB │ gzip:     0.19 kB │ map:      0.92 kB
out/renderer/assets/panel-left-6REFhDPQ.js                               0.21 kB │ gzip:     0.20 kB │ map:      0.95 kB
out/renderer/assets/parentheses-UWhxQIgR.js                              0.21 kB │ gzip:     0.18 kB │ map:      0.90 kB
out/renderer/assets/corner-left-down-BUn17F-n.js                         0.21 kB │ gzip:     0.19 kB │ map:      0.93 kB
out/renderer/assets/equal-BFU_psUe.js                                    0.21 kB │ gzip:     0.18 kB │ map:      0.95 kB
out/renderer/assets/flag-triangle-left-DMcb8uq5.js                       0.21 kB │ gzip:     0.20 kB │ map:      0.89 kB
out/renderer/assets/flag-triangle-right-C6qo0o2m.js                      0.21 kB │ gzip:     0.20 kB │ map:      0.89 kB
out/renderer/assets/redo-BTKNGpZp.js                                     0.21 kB │ gzip:     0.19 kB │ map:      0.86 kB
out/renderer/assets/tv-minimal-Bl5b-uxH.js                               0.21 kB │ gzip:     0.20 kB │ map:      0.95 kB
out/renderer/assets/copyleft-W99zjA5H.js                                 0.22 kB │ gzip:     0.20 kB │ map:      0.91 kB
out/renderer/assets/info-DlFF-fd7.js                                     0.22 kB │ gzip:     0.18 kB │ map:      0.97 kB
out/renderer/assets/menu-DjQz30-R.js                                     0.22 kB │ gzip:     0.17 kB │ map:      0.93 kB
out/renderer/assets/panel-right-DRCNP1x-.js                              0.22 kB │ gzip:     0.20 kB │ map:      0.95 kB
out/renderer/assets/square-minus-6BV503K8.js                             0.22 kB │ gzip:     0.20 kB │ map:      0.96 kB
out/renderer/assets/circle-slash-BG81QgcG.js                             0.22 kB │ gzip:     0.19 kB │ map:      0.97 kB
out/renderer/assets/diff-DpN2JRsd.js                                     0.22 kB │ gzip:     0.18 kB │ map:      0.93 kB
out/renderer/assets/kanban-CWaVap61.js                                   0.22 kB │ gzip:     0.18 kB │ map:      0.94 kB
out/renderer/assets/panel-bottom-Cg_H-ddv.js                             0.22 kB │ gzip:     0.20 kB │ map:      0.96 kB
out/renderer/assets/triangle-right-D0KVDrA5.js                           0.22 kB │ gzip:     0.20 kB │ map:      0.89 kB
out/renderer/assets/copyright-BRYfjvbh.js                                0.22 kB │ gzip:     0.19 kB │ map:      0.92 kB
out/renderer/assets/line-dot-right-horizontal-CpUBEIMs.js                0.22 kB │ gzip:     0.20 kB │ map:      1.00 kB
out/renderer/assets/lock-DJaaviyl.js                                     0.22 kB │ gzip:     0.20 kB │ map:      0.95 kB
out/renderer/assets/tally-3-p_CxNPCs.js                                  0.22 kB │ gzip:     0.18 kB │ map:      0.94 kB
out/renderer/assets/underline-BIPwIVUg.js                                0.22 kB │ gzip:     0.19 kB │ map:      0.93 kB
out/renderer/assets/arrow-up-to-line-9y4-d1i5.js                         0.22 kB │ gzip:     0.18 kB │ map:      1.00 kB
out/renderer/assets/battery-D4OOz5VO.js                                  0.22 kB │ gzip:     0.20 kB │ map:      0.94 kB
out/renderer/assets/circle-parking-BQMK56dn.js                           0.22 kB │ gzip:     0.19 kB │ map:      0.95 kB
out/renderer/assets/circle-plus-CnOh2XcP.js                              0.22 kB │ gzip:     0.18 kB │ map:      1.00 kB
out/renderer/assets/circle-x-DWABs1YU.js                                 0.22 kB │ gzip:     0.18 kB │ map:      0.99 kB
out/renderer/assets/cylinder-DOeff0VJ.js                                 0.22 kB │ gzip:     0.20 kB │ map:      0.93 kB
out/renderer/assets/heading-COyqsly9.js                                  0.22 kB │ gzip:     0.18 kB │ map:      0.94 kB
out/renderer/assets/redo-2-Db60hqIo.js                                   0.22 kB │ gzip:     0.18 kB │ map:      0.89 kB
out/renderer/assets/square-slash-BYf4GNJE.js                             0.22 kB │ gzip:     0.19 kB │ map:      1.02 kB
out/renderer/assets/code-xml-sKT1tj8v.js                                 0.22 kB │ gzip:     0.18 kB │ map:      0.97 kB
out/renderer/assets/dice-1-mzSg-PwJ.js                                   0.22 kB │ gzip:     0.20 kB │ map:      0.95 kB
out/renderer/assets/undo-2-OnP_h98Q.js                                   0.22 kB │ gzip:     0.18 kB │ map:      0.89 kB
out/renderer/assets/arrow-down-to-line-KKhnciCz.js                       0.22 kB │ gzip:     0.18 kB │ map:      1.01 kB
out/renderer/assets/arrow-up-from-line-BeSKf3cG.js                       0.22 kB │ gzip:     0.18 kB │ map:      1.01 kB
out/renderer/assets/book-D03EAAlb.js                                     0.22 kB │ gzip:     0.19 kB │ map:      0.84 kB
out/renderer/assets/arrow-left-from-line-DB3GqD2Q.js                     0.22 kB │ gzip:     0.18 kB │ map:      1.02 kB
out/renderer/assets/square-check-DSJnHe6k.js                             0.22 kB │ gzip:     0.20 kB │ map:      0.97 kB
out/renderer/assets/arrow-right-to-line-B7f0dQe7.js                      0.22 kB │ gzip:     0.18 kB │ map:      1.02 kB
out/renderer/assets/pause-Do5qrOPM.js                                    0.22 kB │ gzip:     0.17 kB │ map:      1.00 kB
out/renderer/assets/line-squiggle-CcbH-Tag.js                            0.22 kB │ gzip:     0.21 kB │ map:      0.89 kB
out/renderer/assets/at-sign-Cox0l8WC.js                                  0.23 kB │ gzip:     0.20 kB │ map:      0.92 kB
out/renderer/assets/flame-BiLJVmki.js                                    0.23 kB │ gzip:     0.20 kB │ map:      0.85 kB
out/renderer/assets/slice-Di8XcNQ0.js                                    0.23 kB │ gzip:     0.20 kB │ map:      0.85 kB
out/renderer/assets/square-dot-BYxqkwX3.js                               0.23 kB │ gzip:     0.20 kB │ map:      0.99 kB
out/renderer/assets/swiss-franc-BJzk1cHu.js                              0.23 kB │ gzip:     0.19 kB │ map:      0.97 kB
out/renderer/assets/text-align-end-C47fRBHL.js                           0.23 kB │ gzip:     0.18 kB │ map:      0.98 kB
out/renderer/assets/toggle-left-YY81Wi84.js                              0.23 kB │ gzip:     0.20 kB │ map:      0.99 kB
out/renderer/assets/torus-BtYWQgDy.js                                    0.23 kB │ gzip:     0.18 kB │ map:      0.96 kB
out/renderer/assets/x-line-top-Dz3DkhJs.js                               0.23 kB │ gzip:     0.18 kB │ map:      0.96 kB
out/renderer/assets/baseline-B4v8PloI.js                                 0.23 kB │ gzip:     0.19 kB │ map:      0.96 kB
out/renderer/assets/git-commit-vertical-XYkkJGww.js                      0.23 kB │ gzip:     0.19 kB │ map:      1.05 kB
out/renderer/assets/square-chevron-up-g5urx43s.js                        0.23 kB │ gzip:     0.21 kB │ map:      1.00 kB
out/renderer/assets/venus-DnIZSEHJ.js                                    0.23 kB │ gzip:     0.20 kB │ map:      0.97 kB
out/renderer/assets/zodiac-aries-1QKlZ7pn.js                             0.23 kB │ gzip:     0.20 kB │ map:      0.92 kB
out/renderer/assets/rotate-cw-CFWkC12e.js                                0.23 kB │ gzip:     0.20 kB │ map:      0.90 kB
out/renderer/assets/signal-medium-BIPXgcaL.js                            0.23 kB │ gzip:     0.19 kB │ map:      0.98 kB
out/renderer/assets/square-radical-rcDAdmpV.js                           0.23 kB │ gzip:     0.21 kB │ map:      0.98 kB
out/renderer/assets/text-align-start-DXe7X7xT.js                         0.23 kB │ gzip:     0.18 kB │ map:      1.00 kB
out/renderer/assets/toggle-right-8QPBJBcx.js                             0.23 kB │ gzip:     0.20 kB │ map:      1.00 kB
out/renderer/assets/moon-BfYb9sxr.js                                     0.23 kB │ gzip:     0.20 kB │ map:      0.86 kB
out/renderer/assets/text-align-center-DTPEWAaz.js                        0.23 kB │ gzip:     0.19 kB │ map:      1.00 kB
out/renderer/assets/check-line-Cxf4pJ77.js                               0.23 kB │ gzip:     0.19 kB │ map:      0.97 kB
out/renderer/assets/square-chevron-down-Y-d1nyFK.js                      0.23 kB │ gzip:     0.21 kB │ map:      1.01 kB
out/renderer/assets/square-chevron-left-Dk4s0kbS.js                      0.23 kB │ gzip:     0.21 kB │ map:      1.01 kB
out/renderer/assets/square-chevron-right-WZmOSxjw.js                     0.23 kB │ gzip:     0.21 kB │ map:      1.01 kB
out/renderer/assets/text-align-justify-FRs1DQL6.js                       0.23 kB │ gzip:     0.18 kB │ map:      1.01 kB
out/renderer/assets/chart-no-axes-gantt-Civad7ok.js                      0.23 kB │ gzip:     0.19 kB │ map:      1.01 kB
out/renderer/assets/move-diagonal-bINneLca.js                            0.23 kB │ gzip:     0.19 kB │ map:      0.99 kB
out/renderer/assets/chart-no-axes-column-BPat0JRk.js                     0.23 kB │ gzip:     0.19 kB │ map:      1.02 kB
out/renderer/assets/radical-BVJWziNy.js                                  0.23 kB │ gzip:     0.21 kB │ map:      0.87 kB
out/renderer/assets/credit-card-CT9dGlnA.js                              0.23 kB │ gzip:     0.21 kB │ map:      1.01 kB
out/renderer/assets/move-diagonal-2-ChIIobSH.js                          0.23 kB │ gzip:     0.19 kB │ map:      1.00 kB
out/renderer/assets/zodiac-sagittarius-DlXHl3zG.js                       0.23 kB │ gzip:     0.20 kB │ map:      1.01 kB
out/renderer/assets/arrow-left-to-line-u_O0Fdpp.js                       0.23 kB │ gzip:     0.20 kB │ map:      1.01 kB
out/renderer/assets/move-vertical-BS5khpEG.js                            0.23 kB │ gzip:     0.19 kB │ map:      0.99 kB
out/renderer/assets/square-sigma-DXTNSL_o.js                             0.23 kB │ gzip:     0.21 kB │ map:      0.98 kB
out/renderer/assets/cone-BDpNW_FL.js                                     0.24 kB │ gzip:     0.21 kB │ map:      0.93 kB
out/renderer/assets/mars-BfZHSBcG.js                                     0.24 kB │ gzip:     0.20 kB │ map:      0.98 kB
out/renderer/assets/rectangle-circle-DP9ikns_.js                         0.24 kB │ gzip:     0.20 kB │ map:      0.97 kB
out/renderer/assets/spell-check-DbRiOKY0.js                              0.24 kB │ gzip:     0.19 kB │ map:      0.98 kB
out/renderer/assets/square-parking-DxrDciuq.js                           0.24 kB │ gzip:     0.21 kB │ map:      0.99 kB
out/renderer/assets/arrow-down-from-line-D6B6PxEU.js                     0.24 kB │ gzip:     0.20 kB │ map:      1.03 kB
out/renderer/assets/circle-equal-dyc_CQfE.js                             0.24 kB │ gzip:     0.19 kB │ map:      1.01 kB
out/renderer/assets/lock-open-9iQkEI32.js                                0.24 kB │ gzip:     0.21 kB │ map:      0.98 kB
out/renderer/assets/move-horizontal-F3jiYk8A.js                          0.24 kB │ gzip:     0.19 kB │ map:      1.01 kB
out/renderer/assets/square-activity-BS4Y1Zyv.js                          0.24 kB │ gzip:     0.21 kB │ map:      1.00 kB
out/renderer/assets/ellipsis-C6sZv4nt.js                                 0.24 kB │ gzip:     0.17 kB │ map:      1.07 kB
out/renderer/assets/target-DnABNa_A.js                                   0.24 kB │ gzip:     0.16 kB │ map:      1.06 kB
out/renderer/assets/arrow-right-from-line-K6_Aa8Bi.js                    0.24 kB │ gzip:     0.20 kB │ map:      1.03 kB
out/renderer/assets/droplet-B8yvMH_i.js                                  0.24 kB │ gzip:     0.21 kB │ map:      0.87 kB
out/renderer/assets/ratio-U_OZJWdn.js                                    0.24 kB │ gzip:     0.19 kB │ map:      1.00 kB
out/renderer/assets/ungroup-pK89Jpwd.js                                  0.24 kB │ gzip:     0.19 kB │ map:      1.01 kB
out/renderer/assets/asterisk-C0cgvsXk.js                                 0.24 kB │ gzip:     0.19 kB │ map:      0.97 kB
out/renderer/assets/folder-BV1nQq0m.js                                   0.24 kB │ gzip:     0.19 kB │ map:      0.88 kB
out/renderer/assets/git-merge-BLOudaDD.js                                0.24 kB │ gzip:     0.19 kB │ map:      1.05 kB
out/renderer/assets/mail-DQ5whX8F.js                                     0.24 kB │ gzip:     0.22 kB │ map:      0.95 kB
out/renderer/assets/panels-top-left-riohrX16.js                          0.24 kB │ gzip:     0.20 kB │ map:      1.07 kB
out/renderer/assets/pill-DUBF5CeL.js                                     0.24 kB │ gzip:     0.20 kB │ map:      0.91 kB
out/renderer/assets/tablet-LO0UnCcP.js                                   0.24 kB │ gzip:     0.21 kB │ map:      1.01 kB
out/renderer/assets/appUsageChartPalette-Cl5y5KJt.js                     0.24 kB │ gzip:     0.13 kB │ map:      0.81 kB
out/renderer/assets/git-branch-W0iDyam9.js                               0.24 kB │ gzip:     0.20 kB │ map:      1.05 kB
out/renderer/assets/separator-vertical-DS0-vico.js                       0.24 kB │ gzip:     0.19 kB │ map:      1.02 kB
out/renderer/assets/share-CHDioJPs.js                                    0.24 kB │ gzip:     0.19 kB │ map:      0.97 kB
out/renderer/assets/captions-DpA01ksJ.js                                 0.24 kB │ gzip:     0.21 kB │ map:      0.98 kB
out/renderer/assets/library-CJr8O_nr.js                                  0.24 kB │ gzip:     0.18 kB │ map:      1.04 kB
out/renderer/assets/log-out-CvaFqnaB.js                                  0.24 kB │ gzip:     0.19 kB │ map:      0.98 kB
out/renderer/assets/pilcrow-njtOtDxG.js                                  0.24 kB │ gzip:     0.19 kB │ map:      0.97 kB
out/renderer/assets/sigma-C-OHDg4H.js                                    0.24 kB │ gzip:     0.20 kB │ map:      0.87 kB
out/renderer/assets/upload-BDMPuBKK.js                                   0.24 kB │ gzip:     0.19 kB │ map:      0.98 kB
out/renderer/assets/flask-round-BCKnIAkX.js                              0.24 kB │ gzip:     0.20 kB │ map:      0.99 kB
out/renderer/assets/log-in-B0-m-R13.js                                   0.24 kB │ gzip:     0.19 kB │ map:      0.98 kB
out/renderer/assets/separator-horizontal-CNs0VdLI.js                     0.24 kB │ gzip:     0.20 kB │ map:      1.04 kB
out/renderer/assets/square-stop-BZEhShgp.js                              0.24 kB │ gzip:     0.20 kB │ map:      1.04 kB
out/renderer/assets/table-2-D8-jsE-L.js                                  0.24 kB │ gzip:     0.20 kB │ map:      0.88 kB
out/renderer/assets/album-B2vbEmBl.js                                    0.24 kB │ gzip:     0.21 kB │ map:      0.97 kB
out/renderer/assets/chart-no-axes-column-decreasing-CzgFGVA-.js          0.24 kB │ gzip:     0.20 kB │ map:      1.08 kB
out/renderer/assets/chart-no-axes-column-increasing-Dwr2Yvb1.js          0.24 kB │ gzip:     0.20 kB │ map:      1.08 kB
out/renderer/assets/chart-spline-BAHSaPpg.js                             0.24 kB │ gzip:     0.21 kB │ map:      0.93 kB
out/renderer/assets/disc-2-B2Mq1Uwt.js                                   0.24 kB │ gzip:     0.19 kB │ map:      1.02 kB
out/renderer/assets/download-H6kJaWn2.js                                 0.24 kB │ gzip:     0.19 kB │ map:      0.99 kB
out/renderer/assets/laptop-minimal-BQxG6AMy.js                           0.24 kB │ gzip:     0.21 kB │ map:      1.05 kB
out/renderer/assets/square-square-Ckun8JBk.js                            0.24 kB │ gzip:     0.19 kB │ map:      1.05 kB
out/renderer/assets/turkish-lira-DP796inw.js                             0.24 kB │ gzip:     0.21 kB │ map:      1.00 kB
out/renderer/assets/arrow-up-from-dot-C_rwAlTQ.js                        0.24 kB │ gzip:     0.21 kB │ map:      1.05 kB
out/renderer/assets/dock-BjPIm95P.js                                     0.24 kB │ gzip:     0.21 kB │ map:      1.01 kB
out/renderer/assets/message-square-B1YufMgJ.js                           0.24 kB │ gzip:     0.21 kB │ map:      0.93 kB
out/renderer/assets/paperclip-BIlDQTcv.js                                0.24 kB │ gzip:     0.20 kB │ map:      0.90 kB
out/renderer/assets/activity-DK8lEBYb.js                                 0.25 kB │ gzip:     0.20 kB │ map:      0.90 kB
out/renderer/assets/arrow-down-to-dot-wYuw9UWd.js                        0.25 kB │ gzip:     0.21 kB │ map:      1.05 kB
out/renderer/assets/circle-arrow-down-BC4yx_oj.js                        0.25 kB │ gzip:     0.20 kB │ map:      1.05 kB
out/renderer/assets/circle-arrow-up-0YGWqK1_.js                          0.25 kB │ gzip:     0.20 kB │ map:      1.04 kB
out/renderer/assets/dollar-sign-Cgmf9iDT.js                              0.25 kB │ gzip:     0.21 kB │ map:      0.97 kB
out/renderer/assets/music-DMC7xU0X.js                                    0.25 kB │ gzip:     0.20 kB │ map:      1.02 kB
out/renderer/assets/panel-left-open-gVRt7Zc4.js                          0.25 kB │ gzip:     0.21 kB │ map:      1.08 kB
out/renderer/assets/presentation-CCa5PsIM.js                             0.25 kB │ gzip:     0.20 kB │ map:      1.02 kB
out/renderer/assets/audio-waveform-B08sPr66.js                           0.25 kB │ gzip:     0.19 kB │ map:      0.92 kB
out/renderer/assets/brackets-BUN5rOzo.js                                 0.25 kB │ gzip:     0.20 kB │ map:      0.92 kB
out/renderer/assets/briefcase-CkoQAmga.js                                0.25 kB │ gzip:     0.21 kB │ map:      0.98 kB
out/renderer/assets/chunk-55IACEB6-D4Phk66i.js                           0.25 kB │ gzip:     0.21 kB │ map:      0.98 kB
out/renderer/assets/circle-arrow-left-DEpqBO6y.js                        0.25 kB │ gzip:     0.20 kB │ map:      1.05 kB
out/renderer/assets/cloud-lightning-CIztZ2a8.js                          0.25 kB │ gzip:     0.21 kB │ map:      0.95 kB
out/renderer/assets/rows-3-B-GsYS1v.js                                   0.25 kB │ gzip:     0.21 kB │ map:      1.02 kB
out/renderer/assets/search-check-C5tOjqQu.js                             0.25 kB │ gzip:     0.21 kB │ map:      1.03 kB
out/renderer/assets/search-slash-C67KsAD1.js                             0.25 kB │ gzip:     0.21 kB │ map:      1.03 kB
out/renderer/assets/type-bAQmHPWr.js                                     0.25 kB │ gzip:     0.20 kB │ map:      0.96 kB
out/renderer/assets/circle-arrow-right-B92cAJ3J.js                       0.25 kB │ gzip:     0.20 kB │ map:      1.06 kB
out/renderer/assets/copy-F6RORJpB.js                                     0.25 kB │ gzip:     0.21 kB │ map:      0.98 kB
out/renderer/assets/highlighter-Cwvlg-aL.js                              0.25 kB │ gzip:     0.21 kB │ map:      0.93 kB
out/renderer/assets/panel-left-close-Ce2-Y2p3.js                         0.25 kB │ gzip:     0.21 kB │ map:      1.09 kB
out/renderer/assets/panel-right-close-J-_NsKes.js                        0.25 kB │ gzip:     0.21 kB │ map:      1.09 kB
out/renderer/assets/square-code-M538CN58.js                              0.25 kB │ gzip:     0.20 kB │ map:      1.07 kB
out/renderer/assets/utils-RGclFdYK.js                                    0.25 kB │ gzip:     0.18 kB │ map:      1.01 kB
out/renderer/assets/grid-2x2-ux87rlgt.js                                 0.25 kB │ gzip:     0.20 kB │ map:      1.03 kB
out/renderer/assets/history-O0We2HKa.js                                  0.25 kB │ gzip:     0.20 kB │ map:      0.99 kB
out/renderer/assets/japanese-yen-DroGAw3F.js                             0.25 kB │ gzip:     0.21 kB │ map:      1.00 kB
out/renderer/assets/panel-right-open-BooFz2GJ.js                         0.25 kB │ gzip:     0.21 kB │ map:      1.09 kB
out/renderer/assets/smartphone-charging-Dk7GeBth.js                      0.25 kB │ gzip:     0.22 kB │ map:      1.04 kB
out/renderer/assets/stretch-vertical-CvL36tZW.js                         0.25 kB │ gzip:     0.19 kB │ map:      1.07 kB
out/renderer/assets/columns-3-BBo-Y3G2.js                                0.25 kB │ gzip:     0.21 kB │ map:      1.04 kB
out/renderer/assets/maximize-2-CiJcARBP.js                               0.25 kB │ gzip:     0.19 kB │ map:      1.06 kB
out/renderer/assets/reply-all-Bxq7QthB.js                                0.25 kB │ gzip:     0.20 kB │ map:      0.99 kB
out/renderer/assets/zodiac-ophiuchus-DWgjcHmi.js                         0.25 kB │ gzip:     0.21 kB │ map:      0.96 kB
out/renderer/assets/beaker-Dspai0rn.js                                   0.25 kB │ gzip:     0.20 kB │ map:      0.97 kB
out/renderer/assets/cloud-check-Dd7NfKJq.js                              0.25 kB │ gzip:     0.22 kB │ map:      0.94 kB
out/renderer/assets/globe-check-DE3Vj2M4.js                              0.25 kB │ gzip:     0.20 kB │ map:      0.95 kB
out/renderer/assets/rss-C1FzWBvl.js                                      0.25 kB │ gzip:     0.21 kB │ map:      0.99 kB
out/renderer/assets/square-plus-C23f4bxa.js                              0.25 kB │ gzip:     0.21 kB │ map:      1.05 kB
out/renderer/assets/stretch-horizontal-DSdJZBBZ.js                       0.25 kB │ gzip:     0.19 kB │ map:      1.08 kB
out/renderer/assets/touchpad-CvjYRpUr.js                                 0.25 kB │ gzip:     0.21 kB │ map:      1.04 kB
out/renderer/assets/minimize-2-Cz0lZEzk.js                               0.25 kB │ gzip:     0.19 kB │ map:      1.07 kB
out/renderer/assets/undo-dot-BifzLRXH.js                                 0.25 kB │ gzip:     0.21 kB │ map:      1.01 kB
out/renderer/assets/bluetooth-off-BhatkdV2.js                            0.25 kB │ gzip:     0.21 kB │ map:      1.01 kB
out/renderer/assets/circle-arrow-out-up-left-B0ydqhz5.js                 0.25 kB │ gzip:     0.21 kB │ map:      1.06 kB
out/renderer/assets/lens-concave-DA5kvNV8.js                             0.25 kB │ gzip:     0.20 kB │ map:      0.91 kB
out/renderer/assets/merge-DOzedBzB.js                                    0.25 kB │ gzip:     0.21 kB │ map:      0.97 kB
out/renderer/assets/message-circle-C1iBSqjs.js                           0.25 kB │ gzip:     0.21 kB │ map:      0.94 kB
out/renderer/assets/spline-BZHkKvFK.js                                   0.25 kB │ gzip:     0.21 kB │ map:      1.03 kB
out/renderer/assets/airplay-BNmF7b2s.js                                  0.25 kB │ gzip:     0.21 kB │ map:      0.95 kB
out/renderer/assets/battery-low-CDBG5Tnw.js                              0.25 kB │ gzip:     0.21 kB │ map:      1.05 kB
out/renderer/assets/globe-CQexClIH.js                                    0.25 kB │ gzip:     0.19 kB │ map:      1.01 kB
out/renderer/assets/square-equal-MBVQSaTv.js                             0.25 kB │ gzip:     0.21 kB │ map:      1.06 kB
out/renderer/assets/square-terminal-Djx9J7Ej.js                          0.25 kB │ gzip:     0.21 kB │ map:      1.11 kB
out/renderer/assets/zodiac-pisces-c5NYPEzH.js                            0.25 kB │ gzip:     0.20 kB │ map:      1.01 kB
out/renderer/assets/database-C3psOzHk.js                                 0.25 kB │ gzip:     0.21 kB │ map:      1.05 kB
out/renderer/assets/square-round-corner-DOYySNQF.js                      0.25 kB │ gzip:     0.20 kB │ map:      0.98 kB
out/renderer/assets/tally-4-UPAGdtWb.js                                  0.25 kB │ gzip:     0.18 kB │ map:      1.04 kB
out/renderer/assets/square-check-big-V-6nm_hM.js                         0.26 kB │ gzip:     0.21 kB │ map:      0.98 kB
out/renderer/assets/user-round-minus-BG0MecyZ.js                         0.26 kB │ gzip:     0.22 kB │ map:      1.05 kB
out/renderer/assets/bookmark-Uwc9gyfc.js                                 0.26 kB │ gzip:     0.22 kB │ map:      0.90 kB
out/renderer/assets/circle-arrow-out-up-right-BjCUip_n.js                0.26 kB │ gzip:     0.21 kB │ map:      1.07 kB
out/renderer/assets/circle-power-CqHv6Cow.js                             0.26 kB │ gzip:     0.21 kB │ map:      1.04 kB
out/renderer/assets/clock-check-8KyeCS4i.js                              0.26 kB │ gzip:     0.21 kB │ map:      1.00 kB
out/renderer/assets/dice-2-CQCy16bO.js                                   0.26 kB │ gzip:     0.21 kB │ map:      1.04 kB
out/renderer/assets/gallery-vertical-BRGQCxGY.js                         0.26 kB │ gzip:     0.21 kB │ map:      1.08 kB
out/renderer/assets/omega-DrYtZdqv.js                                    0.26 kB │ gzip:     0.21 kB │ map:      0.88 kB
out/renderer/assets/section-CXe5_yVa.js                                  0.26 kB │ gzip:     0.20 kB │ map:      0.92 kB
out/renderer/assets/vote-C5om4YIN.js                                     0.26 kB │ gzip:     0.21 kB │ map:      0.97 kB
out/renderer/assets/wallet-minimal-BOnf9Jfs.js                           0.26 kB │ gzip:     0.21 kB │ map:      0.99 kB
out/renderer/assets/circle-pause-BAPH7_DP.js                             0.26 kB │ gzip:     0.19 kB │ map:      1.13 kB
out/renderer/assets/divide-G6lXTaMY.js                                   0.26 kB │ gzip:     0.20 kB │ map:      1.08 kB
out/renderer/assets/gallery-horizontal-CODAuK2L.js                       0.26 kB │ gzip:     0.21 kB │ map:      1.09 kB
out/renderer/assets/rainbow-BoAuv6rQ.js                                  0.26 kB │ gzip:     0.20 kB │ map:      0.99 kB
out/renderer/assets/square-x-O-SQHjzU.js                                 0.26 kB │ gzip:     0.21 kB │ map:      1.06 kB
out/renderer/assets/text-quote-BDhNBmf_.js                               0.26 kB │ gzip:     0.19 kB │ map:      1.06 kB
out/renderer/assets/zodiac-leo-42E0HQRX.js                               0.26 kB │ gzip:     0.23 kB │ map:      0.98 kB
out/renderer/assets/circle-arrow-out-down-left-CiiY6Onj.js               0.26 kB │ gzip:     0.21 kB │ map:      1.08 kB
out/renderer/assets/club-Dap7PgCr.js                                     0.26 kB │ gzip:     0.21 kB │ map:      0.94 kB
out/renderer/assets/door-closed-eXBsqixF.js                              0.26 kB │ gzip:     0.21 kB │ map:      1.00 kB
out/renderer/assets/hdmi-port-CfbP-OQj.js                                0.26 kB │ gzip:     0.21 kB │ map:      0.96 kB
out/renderer/assets/hexagon-BnudW8Zn.js                                  0.26 kB │ gzip:     0.20 kB │ map:      0.89 kB
out/renderer/assets/panels-left-bottom-rPf9Mli1.js                       0.26 kB │ gzip:     0.22 kB │ map:      1.09 kB
out/renderer/assets/philippine-peso-Dtf6vGR6.js                          0.26 kB │ gzip:     0.20 kB │ map:      1.03 kB
out/renderer/assets/wifi-high-DshLRwJP.js                                0.26 kB │ gzip:     0.21 kB │ map:      1.00 kB
out/renderer/assets/arrow-right-left-J7rs2VdN.js                         0.26 kB │ gzip:     0.20 kB │ map:      1.11 kB
out/renderer/assets/circle-question-mark-BGprn486.js                     0.26 kB │ gzip:     0.21 kB │ map:      1.09 kB
out/renderer/assets/ear-C1xpfIV7.js                                      0.26 kB │ gzip:     0.21 kB │ map:      0.91 kB
out/renderer/assets/equal-approximately-Ce0IIbpW.js                      0.26 kB │ gzip:     0.19 kB │ map:      0.99 kB
out/renderer/assets/gallery-vertical-end-C199nFxF.js                     0.26 kB │ gzip:     0.22 kB │ map:      1.10 kB
out/renderer/assets/goal-BaVcIUVo.js                                     0.26 kB │ gzip:     0.21 kB │ map:      0.99 kB
out/renderer/assets/list-minus-DGfYQGr-.js                               0.26 kB │ gzip:     0.19 kB │ map:      1.06 kB
out/renderer/assets/video-Dt5pJje-.js                                    0.26 kB │ gzip:     0.22 kB │ map:      1.02 kB
out/renderer/assets/zoom-out-C0Nh0NiU.js                                 0.26 kB │ gzip:     0.20 kB │ map:      1.11 kB
out/renderer/assets/heading-1-B9JXHBZB.js                                0.26 kB │ gzip:     0.20 kB │ map:      1.06 kB
out/renderer/assets/mountain-snow-Ch8CgogI.js                            0.26 kB │ gzip:     0.23 kB │ map:      0.97 kB
out/renderer/assets/panel-top-close-DVRnMYRs.js                          0.26 kB │ gzip:     0.22 kB │ map:      1.08 kB
out/renderer/assets/panel-top-open-Bb-n3lze.js                           0.26 kB │ gzip:     0.22 kB │ map:      1.08 kB
out/renderer/assets/panels-right-bottom-C4__Uxo2.js                      0.26 kB │ gzip:     0.22 kB │ map:      1.10 kB
out/renderer/assets/user-round-check-B2lK8VCc.js                         0.26 kB │ gzip:     0.22 kB │ map:      1.06 kB
out/renderer/assets/voicemail-DVbOEhhl.js                                0.26 kB │ gzip:     0.20 kB │ map:      1.09 kB
out/renderer/assets/circle-alert-DqOi-W64.js                             0.26 kB │ gzip:     0.19 kB │ map:      1.14 kB
out/renderer/assets/ellipsis-vertical-CNIq9rLj.js                        0.26 kB │ gzip:     0.19 kB │ map:      1.12 kB
out/renderer/assets/mic-CSUWFrGT.js                                      0.26 kB │ gzip:     0.22 kB │ map:      1.02 kB
out/renderer/assets/mirror-rectangular-C3xaYqFd.js                       0.26 kB │ gzip:     0.22 kB │ map:      1.10 kB
out/renderer/assets/pen-B6evXRzw.js                                      0.26 kB │ gzip:     0.22 kB │ map:      0.88 kB
out/renderer/assets/book-minus-CshBOGoe.js                               0.26 kB │ gzip:     0.22 kB │ map:      0.97 kB
out/renderer/assets/chart-column-Cmlo85Uu.js                             0.26 kB │ gzip:     0.20 kB │ map:      1.09 kB
out/renderer/assets/circle-arrow-out-down-right-Bwj3JUsN.js              0.26 kB │ gzip:     0.21 kB │ map:      1.09 kB
out/renderer/assets/cloud-upload-UXi-KEbK.js                             0.26 kB │ gzip:     0.21 kB │ map:      1.03 kB
out/renderer/assets/external-link-uJ1PWYT7.js                            0.26 kB │ gzip:     0.20 kB │ map:      1.03 kB
out/renderer/assets/gallery-horizontal-end-BxMpKHzu.js                   0.26 kB │ gzip:     0.22 kB │ map:      1.12 kB
out/renderer/assets/mouse-pointer-2-CuAhsB3n.js                          0.26 kB │ gzip:     0.22 kB │ map:      0.95 kB
out/renderer/assets/pi-CFI1KpNj.js                                       0.26 kB │ gzip:     0.22 kB │ map:      1.01 kB
out/renderer/assets/signal-high-DVVmyNIk.js                              0.26 kB │ gzip:     0.20 kB │ map:      1.07 kB
out/renderer/assets/square-arrow-down-CITfFCcU.js                        0.26 kB │ gzip:     0.22 kB │ map:      1.09 kB
out/renderer/assets/square-arrow-up-1m05wTB4.js                          0.26 kB │ gzip:     0.22 kB │ map:      1.08 kB
out/renderer/assets/annoyed-Cb2oa93-.js                                  0.26 kB │ gzip:     0.20 kB │ map:      1.08 kB
out/renderer/assets/circle-gauge-D9TIwh8e.js                             0.26 kB │ gzip:     0.22 kB │ map:      1.04 kB
out/renderer/assets/headphones-BcLmTSpd.js                               0.26 kB │ gzip:     0.20 kB │ map:      0.91 kB
out/renderer/assets/panel-bottom-open-Ba2jq0_m.js                        0.26 kB │ gzip:     0.22 kB │ map:      1.10 kB
out/renderer/assets/settings-2-kaAglUGC.js                               0.26 kB │ gzip:     0.19 kB │ map:      1.13 kB
out/renderer/assets/skip-back-FGqIxJat.js                                0.26 kB │ gzip:     0.22 kB │ map:      0.97 kB
out/renderer/assets/skip-forward-f4kxfeG0.js                             0.26 kB │ gzip:     0.22 kB │ map:      0.98 kB
out/renderer/assets/square-arrow-left-CmxYKKMN.js                        0.26 kB │ gzip:     0.22 kB │ map:      1.10 kB
out/renderer/assets/square-arrow-up-right-COHPFF2N.js                    0.26 kB │ gzip:     0.22 kB │ map:      1.11 kB
out/renderer/assets/zodiac-libra-CIjEl4No.js                             0.26 kB │ gzip:     0.23 kB │ map:      0.98 kB
out/renderer/assets/archive-Ba5zEBJe.js                                  0.26 kB │ gzip:     0.21 kB │ map:      1.06 kB
out/renderer/assets/disc-album-DDeus4WF.js                               0.26 kB │ gzip:     0.22 kB │ map:      1.09 kB
out/renderer/assets/list-check-DBlWLPMf.js                               0.26 kB │ gzip:     0.20 kB │ map:      1.07 kB
out/renderer/assets/panel-bottom-close-BcAPceYf.js                       0.26 kB │ gzip:     0.22 kB │ map:      1.10 kB
out/renderer/assets/shell-jujHQYpJ.js                                    0.26 kB │ gzip:     0.21 kB │ map:      0.89 kB
out/renderer/assets/square-arrow-right-BbBbnV2v.js                       0.26 kB │ gzip:     0.22 kB │ map:      1.10 kB
out/renderer/assets/square-arrow-up-left-D1P27AF_.js                     0.26 kB │ gzip:     0.22 kB │ map:      1.11 kB
out/renderer/assets/step-back-ZK6E77dZ.js                                0.26 kB │ gzip:     0.22 kB │ map:      0.97 kB
out/renderer/assets/step-forward-C6WdFCKL.js                             0.26 kB │ gzip:     0.22 kB │ map:      0.99 kB
out/renderer/assets/timer-CoTGhcd6.js                                    0.26 kB │ gzip:     0.20 kB │ map:      1.09 kB
out/renderer/assets/ampersand-K90BKVd1.js                                0.27 kB │ gzip:     0.22 kB │ map:      0.97 kB
out/renderer/assets/bed-C3Tted4N.js                                      0.27 kB │ gzip:     0.20 kB │ map:      1.03 kB
out/renderer/assets/git-commit-horizontal-CfxE0NS3.js                    0.27 kB │ gzip:     0.20 kB │ map:      1.19 kB
out/renderer/assets/route-9QQ699cq.js                                    0.27 kB │ gzip:     0.20 kB │ map:      1.05 kB
out/renderer/assets/square-arrow-down-right-BzRShncF.js                  0.27 kB │ gzip:     0.22 kB │ map:      1.12 kB
out/renderer/assets/align-vertical-space-around-BS2Lr2Op.js              0.27 kB │ gzip:     0.22 kB │ map:      1.14 kB
out/renderer/assets/cloudy-Dx91tkl1.js                                   0.27 kB │ gzip:     0.22 kB │ map:      0.93 kB
out/renderer/assets/laptop-minimal-check-BrlR2VXI.js                     0.27 kB │ gzip:     0.23 kB │ map:      1.11 kB
out/renderer/assets/lock-keyhole-C9hi8FYU.js                             0.27 kB │ gzip:     0.22 kB │ map:      1.12 kB
out/renderer/assets/redo-dot-UGdmYepv.js                                 0.27 kB │ gzip:     0.22 kB │ map:      1.02 kB
out/renderer/assets/square-arrow-down-left-DXReHsLE.js                   0.27 kB │ gzip:     0.22 kB │ map:      1.12 kB
out/renderer/assets/text-wrap-DE7Bbkqx.js                                0.27 kB │ gzip:     0.19 kB │ map:      1.08 kB
out/renderer/assets/circle-play-BOOgijHw.js                              0.27 kB │ gzip:     0.21 kB │ map:      1.03 kB
out/renderer/assets/eye-DSy0zse_.js                                      0.27 kB │ gzip:     0.21 kB │ map:      0.99 kB
out/renderer/assets/popsicle-RFCvkVWc.js                                 0.27 kB │ gzip:     0.22 kB │ map:      0.97 kB
out/renderer/assets/proportions-hMPEr21L.js                              0.27 kB │ gzip:     0.22 kB │ map:      1.07 kB
out/renderer/assets/table-DYpLNUu8.js                                    0.27 kB │ gzip:     0.20 kB │ map:      1.12 kB
out/renderer/assets/align-horizontal-space-around-qKgBS5CR.js            0.27 kB │ gzip:     0.22 kB │ map:      1.16 kB
out/renderer/assets/link-2-TmNmfL6N.js                                   0.27 kB │ gzip:     0.22 kB │ map:      1.03 kB
out/renderer/assets/percent-CASmH1Zg.js                                  0.27 kB │ gzip:     0.21 kB │ map:      1.09 kB
out/renderer/assets/app-window-FBUPbOgU.js                               0.27 kB │ gzip:     0.21 kB │ map:      1.14 kB
out/renderer/assets/book-check-x-pGorEk.js                               0.27 kB │ gzip:     0.22 kB │ map:      0.98 kB
out/renderer/assets/cloud-fog-B3s1sP6o.js                                0.27 kB │ gzip:     0.22 kB │ map:      1.00 kB
out/renderer/assets/move-3d-DlCgdPcn.js                                  0.27 kB │ gzip:     0.20 kB │ map:      1.06 kB
out/renderer/assets/user-check-EQwlmqkp.js                               0.27 kB │ gzip:     0.22 kB │ map:      1.04 kB
out/renderer/assets/anchor-BXNMsovY.js                                   0.27 kB │ gzip:     0.22 kB │ map:      1.10 kB
out/renderer/assets/diamond-FdXI6j6S.js                                  0.27 kB │ gzip:     0.19 kB │ map:      0.91 kB
out/renderer/assets/italic-kvEt83Rn.js                                   0.27 kB │ gzip:     0.20 kB │ map:      1.12 kB
out/renderer/assets/lasso-DUUf9_7d.js                                    0.27 kB │ gzip:     0.23 kB │ map:      1.02 kB
out/renderer/assets/monitor-BYqN7AnZ.js                                  0.27 kB │ gzip:     0.21 kB │ map:      1.15 kB
out/renderer/assets/arrow-down-up-BZ9VmcN4.js                            0.27 kB │ gzip:     0.21 kB │ map:      1.09 kB
out/renderer/assets/arrow-up-down-BmYfdSH_.js                            0.27 kB │ gzip:     0.21 kB │ map:      1.09 kB
out/renderer/assets/banknote-yo-PXphF.js                                 0.27 kB │ gzip:     0.22 kB │ map:      1.09 kB
out/renderer/assets/bluetooth-searching-BgMD_UDQ.js                      0.27 kB │ gzip:     0.22 kB │ map:      1.06 kB
out/renderer/assets/chart-bar-Db_ie_1r.js                                0.27 kB │ gzip:     0.20 kB │ map:      1.07 kB
out/renderer/assets/vibrate-aHrvmKIe.js                                  0.27 kB │ gzip:     0.22 kB │ map:      1.06 kB
out/renderer/assets/cloud-download-C7IOAdrz.js                           0.27 kB │ gzip:     0.22 kB │ map:      1.05 kB
out/renderer/assets/equal-not-CzGJIHke.js                                0.27 kB │ gzip:     0.20 kB │ map:      1.13 kB
out/renderer/assets/square-kanban-P9uVHGYI.js                            0.27 kB │ gzip:     0.21 kB │ map:      1.16 kB
out/renderer/assets/square-power--hNVkBFC.js                             0.27 kB │ gzip:     0.23 kB │ map:      1.08 kB
out/renderer/assets/wind-DwSCmAhV.js                                     0.27 kB │ gzip:     0.21 kB │ map:      0.99 kB
out/renderer/assets/book-marked-BFaHMiYT.js                              0.27 kB │ gzip:     0.22 kB │ map:      0.99 kB
out/renderer/assets/clock-alert-Mz61p38A.js                              0.27 kB │ gzip:     0.21 kB │ map:      1.10 kB
out/renderer/assets/import-DBnxGB1r.js                                   0.27 kB │ gzip:     0.20 kB │ map:      1.04 kB
out/renderer/assets/non-binary-BmU6Kr6m.js                               0.27 kB │ gzip:     0.22 kB │ map:      1.10 kB
out/renderer/assets/picture-in-picture-2-C0DY8Fwl.js                     0.27 kB │ gzip:     0.23 kB │ map:      1.06 kB
out/renderer/assets/strikethrough-BEFP0aJe.js                            0.27 kB │ gzip:     0.23 kB │ map:      1.08 kB
out/renderer/assets/arrow-left-right-B3ZgaUoY.js                         0.27 kB │ gzip:     0.21 kB │ map:      1.11 kB
out/renderer/assets/chart-gantt-D-d3xshK.js                              0.27 kB │ gzip:     0.21 kB │ map:      1.08 kB
out/renderer/assets/circle-dollar-sign-DsHvae8e.js                       0.27 kB │ gzip:     0.22 kB │ map:      1.08 kB
out/renderer/assets/cloud-alert-Da1TZT2-.js                              0.27 kB │ gzip:     0.22 kB │ map:      1.02 kB
out/renderer/assets/mouse-left-CBxNbGxQ.js                               0.27 kB │ gzip:     0.23 kB │ map:      1.04 kB
out/renderer/assets/circle-off-EdwBDKqs.js                               0.28 kB │ gzip:     0.22 kB │ map:      1.02 kB
out/renderer/assets/donut-BrkvJG1Z.js                                    0.28 kB │ gzip:     0.23 kB │ map:      0.99 kB
out/renderer/assets/list-indent-decrease-C3Cvxt6u.js                     0.28 kB │ gzip:     0.20 kB │ map:      1.13 kB
out/renderer/assets/list-indent-increase-DSGtp145.js                     0.28 kB │ gzip:     0.20 kB │ map:      1.13 kB
out/renderer/assets/tent-KCIDm3Fm.js                                     0.28 kB │ gzip:     0.20 kB │ map:      1.05 kB
out/renderer/assets/test-tube-Dg1A9-aX.js                                0.28 kB │ gzip:     0.22 kB │ map:      1.01 kB
out/renderer/assets/e2eStoreBridgeBootstrap-D4xA1Db-.js                  0.28 kB │ gzip:     0.19 kB │ map:      1.43 kB
out/renderer/assets/grid-2x2-check-CH5uz5Dd.js                           0.28 kB │ gzip:     0.21 kB │ map:      1.01 kB
out/renderer/assets/pentagon-DcFIjX51.js                                 0.28 kB │ gzip:     0.22 kB │ map:      0.92 kB
out/renderer/assets/trending-up-down-BhoRJy70.js                         0.28 kB │ gzip:     0.21 kB │ map:      1.13 kB
out/renderer/assets/triangle-alert-pgpL3QcK.js                           0.28 kB │ gzip:     0.22 kB │ map:      1.09 kB
out/renderer/assets/workflow-BuIiqC9u.js                                 0.28 kB │ gzip:     0.21 kB │ map:      1.14 kB
out/renderer/assets/blocks-D7XVzxcY.js                                   0.28 kB │ gzip:     0.22 kB │ map:      1.04 kB
out/renderer/assets/compass-D3Rndyto.js                                  0.28 kB │ gzip:     0.22 kB │ map:      1.00 kB
out/renderer/assets/lens-convex-DZEuxL2X.js                              0.28 kB │ gzip:     0.22 kB │ map:      0.93 kB
out/renderer/assets/sword-DHp-TbcM.js                                    0.28 kB │ gzip:     0.22 kB │ map:      1.06 kB
out/renderer/assets/circle-percent-B5Uka-yt.js                           0.28 kB │ gzip:     0.21 kB │ map:      1.13 kB
out/renderer/assets/lollipop-DkbaGclL.js                                 0.28 kB │ gzip:     0.22 kB │ map:      1.04 kB
out/renderer/assets/mouse-right-Br6_DSrL.js                              0.28 kB │ gzip:     0.23 kB │ map:      1.05 kB
out/renderer/assets/trash-DQ5Us9Iw.js                                    0.28 kB │ gzip:     0.21 kB │ map:      1.00 kB
out/renderer/assets/webcam-Cf0ncuZF.js                                   0.28 kB │ gzip:     0.21 kB │ map:      1.12 kB
out/renderer/assets/circle-user-round-BjiO-xxw.js                        0.28 kB │ gzip:     0.22 kB │ map:      1.11 kB
out/renderer/assets/mars-stroke-BCWwDt9B.js                              0.28 kB │ gzip:     0.22 kB │ map:      1.11 kB
out/renderer/assets/search-alert-DOWX0YLz.js                             0.28 kB │ gzip:     0.22 kB │ map:      1.12 kB
out/renderer/assets/squares-unite-BvtqkJkn.js                            0.28 kB │ gzip:     0.21 kB │ map:      0.94 kB
out/renderer/assets/ticket-minus-wZaSyk_R.js                             0.28 kB │ gzip:     0.22 kB │ map:      1.00 kB
out/renderer/assets/users-round-9GBYe99-.js                              0.28 kB │ gzip:     0.23 kB │ map:      1.05 kB
out/renderer/assets/flag-BRxSPR2_.js                                     0.28 kB │ gzip:     0.23 kB │ map:      0.90 kB
out/renderer/assets/globe-x-D_AQoybK.js                                  0.28 kB │ gzip:     0.21 kB │ map:      1.02 kB
out/renderer/assets/image-Cdf26p9E.js                                    0.28 kB │ gzip:     0.22 kB │ map:      1.11 kB
out/renderer/assets/pound-sterling-DS9iJlZD.js                           0.28 kB │ gzip:     0.21 kB │ map:      1.11 kB
out/renderer/assets/circle-ellipsis-DQFecxn5.js                          0.28 kB │ gzip:     0.20 kB │ map:      1.14 kB
out/renderer/assets/file-DzVCa3n3.js                                     0.28 kB │ gzip:     0.22 kB │ map:      0.98 kB
out/renderer/assets/fishing-rod-Gj3IF__q.js                              0.28 kB │ gzip:     0.23 kB │ map:      1.05 kB
out/renderer/assets/text-cursor-D0AI_NBF.js                              0.28 kB │ gzip:     0.21 kB │ map:      1.03 kB
out/renderer/assets/chart-bar-decreasing-HmqJ4uCt.js                     0.28 kB │ gzip:     0.21 kB │ map:      1.14 kB
out/renderer/assets/chart-bar-increasing-D35-sFRa.js                     0.28 kB │ gzip:     0.21 kB │ map:      1.14 kB
out/renderer/assets/clipboard-BCg2Lp4g.js                                0.28 kB │ gzip:     0.22 kB │ map:      1.06 kB
out/renderer/assets/funnel-CfPdFajM.js                                   0.28 kB │ gzip:     0.23 kB │ map:      0.91 kB
out/renderer/assets/georgian-lari-B8kEMevK.js                            0.28 kB │ gzip:     0.22 kB │ map:      1.10 kB
out/renderer/assets/link-Cj2PKMN3.js                                     0.28 kB │ gzip:     0.21 kB │ map:      0.93 kB
out/renderer/assets/square-m-BuO5_sFN.js                                 0.28 kB │ gzip:     0.24 kB │ map:      1.04 kB
out/renderer/assets/square-user-round-2FnfgxwH.js                        0.28 kB │ gzip:     0.24 kB │ map:      1.14 kB
out/renderer/assets/user-minus-D6cXWetA.js                               0.28 kB │ gzip:     0.23 kB │ map:      1.09 kB
out/renderer/assets/waves-vertical-C8yPndz2.js                           0.28 kB │ gzip:     0.19 kB │ map:      1.05 kB
out/renderer/assets/calendar-De_w3oby.js                                 0.28 kB │ gzip:     0.22 kB │ map:      1.13 kB
out/renderer/assets/person-standing-DBd9cpyd.js                          0.28 kB │ gzip:     0.22 kB │ map:      1.14 kB
out/renderer/assets/search-x-BTPlGXwl.js                                 0.28 kB │ gzip:     0.22 kB │ map:      1.11 kB
out/renderer/assets/bluetooth-connected-C4rAPBmi.js                      0.28 kB │ gzip:     0.22 kB │ map:      1.16 kB
out/renderer/assets/grid-3x2-C1wNXOfa.js                                 0.28 kB │ gzip:     0.22 kB │ map:      1.13 kB
out/renderer/assets/heart-DtPZMOgB.js                                    0.28 kB │ gzip:     0.23 kB │ map:      0.91 kB
out/renderer/assets/pc-case-B5tWTWzk.js                                  0.28 kB │ gzip:     0.22 kB │ map:      1.13 kB
out/renderer/assets/pyramid-ygmj1-JB.js                                  0.28 kB │ gzip:     0.23 kB │ map:      0.98 kB
out/renderer/assets/rectangle-goggles-VCzD8Or2.js                        0.28 kB │ gzip:     0.22 kB │ map:      0.97 kB
out/renderer/assets/repeat-2-nYfTu-vo.js                                 0.28 kB │ gzip:     0.21 kB │ map:      1.10 kB
out/renderer/assets/waves-horizontal-CPN-xPUv.js                         0.28 kB │ gzip:     0.20 kB │ map:      1.06 kB
out/renderer/assets/zodiac-capricorn-D6jYxFX7.js                         0.28 kB │ gzip:     0.23 kB │ map:      1.09 kB
out/renderer/assets/heading-2-Cbmeiq4m.js                                0.29 kB │ gzip:     0.22 kB │ map:      1.08 kB
out/renderer/assets/map-pin-XS1K_ka9.js                                  0.29 kB │ gzip:     0.24 kB │ map:      1.01 kB
out/renderer/assets/martini-Bda7rIqf.js                                  0.29 kB │ gzip:     0.22 kB │ map:      1.04 kB
out/renderer/assets/music-4-CvywZXw_.js                                  0.29 kB │ gzip:     0.22 kB │ map:      1.13 kB
out/renderer/assets/refrigerator-DTv9Rjq3.js                             0.29 kB │ gzip:     0.22 kB │ map:      1.05 kB
out/renderer/assets/split-FuU9ly9m.js                                    0.29 kB │ gzip:     0.22 kB │ map:      1.06 kB
out/renderer/assets/square-arrow-out-up-left-CfdnnkZs.js                 0.29 kB │ gzip:     0.22 kB │ map:      1.09 kB
out/renderer/assets/ticket-check-YbgX2Sz7.js                             0.29 kB │ gzip:     0.22 kB │ map:      1.01 kB
out/renderer/assets/ticket-slash-D-QRmf51.js                             0.29 kB │ gzip:     0.22 kB │ map:      1.01 kB
out/renderer/assets/align-end-vertical-DPAg7VFL.js                       0.29 kB │ gzip:     0.22 kB │ map:      1.18 kB
out/renderer/assets/circle-user-CCrMi4uU.js                              0.29 kB │ gzip:     0.22 kB │ map:      1.09 kB
out/renderer/assets/euro-DgZXI-Zl.js                                     0.29 kB │ gzip:     0.23 kB │ map:      1.03 kB
out/renderer/assets/map-pin-minus-inside-ST1Xpwlx.js                     0.29 kB │ gzip:     0.24 kB │ map:      1.05 kB
out/renderer/assets/weight-9WYmDqfT.js                                   0.29 kB │ gzip:     0.24 kB │ map:      1.01 kB
out/renderer/assets/align-start-vertical-CgtvADmp.js                     0.29 kB │ gzip:     0.22 kB │ map:      1.19 kB
out/renderer/assets/bed-single-DTPrOpbu.js                               0.29 kB │ gzip:     0.21 kB │ map:      1.03 kB
out/renderer/assets/handbag-DcetEY1-.js                                  0.29 kB │ gzip:     0.23 kB │ map:      0.99 kB
out/renderer/assets/pencil-C3sr1LSo.js                                   0.29 kB │ gzip:     0.23 kB │ map:      0.99 kB
out/renderer/assets/rows-4-CKQf0YYu.js                                   0.29 kB │ gzip:     0.22 kB │ map:      1.12 kB
out/renderer/assets/square-arrow-out-up-right-BxZF6d3u.js                0.29 kB │ gzip:     0.22 kB │ map:      1.10 kB
out/renderer/assets/utensils-1iKfzqxz.js                                 0.29 kB │ gzip:     0.22 kB │ map:      1.02 kB
out/renderer/assets/align-end-horizontal-DoUJv1Oz.js                     0.29 kB │ gzip:     0.22 kB │ map:      1.19 kB
out/renderer/assets/chart-column-decreasing-swmZ1ynN.js                  0.29 kB │ gzip:     0.22 kB │ map:      1.16 kB
out/renderer/assets/chart-column-increasing-DDIxS1pB.js                  0.29 kB │ gzip:     0.22 kB │ map:      1.16 kB
out/renderer/assets/ghost-1n4zKUYd.js                                    0.29 kB │ gzip:     0.22 kB │ map:      1.04 kB
out/renderer/assets/lock-keyhole-open-BZzKypb_.js                        0.29 kB │ gzip:     0.24 kB │ map:      1.15 kB
out/renderer/assets/navigation-off-CzpZqfsR.js                           0.29 kB │ gzip:     0.24 kB │ map:      1.10 kB
out/renderer/assets/square-menu-DojMXJtG.js                              0.29 kB │ gzip:     0.22 kB │ map:      1.15 kB
out/renderer/assets/tree-deciduous-CGpJbgNh.js                           0.29 kB │ gzip:     0.23 kB │ map:      1.02 kB
out/renderer/assets/vegan-DJjRWD4m.js                                    0.29 kB │ gzip:     0.23 kB │ map:      1.01 kB
out/renderer/assets/zap-_-P2SsPt.js                                      0.29 kB │ gzip:     0.23 kB │ map:      0.90 kB
out/renderer/assets/align-start-horizontal-QKV873rJ.js                   0.29 kB │ gzip:     0.22 kB │ map:      1.20 kB
out/renderer/assets/closed-caption-CJFpT2IN.js                           0.29 kB │ gzip:     0.23 kB │ map:      1.11 kB
out/renderer/assets/navigation-2-off-mFs_QB_O.js                         0.29 kB │ gzip:     0.23 kB │ map:      1.10 kB
out/renderer/assets/square-arrow-out-down-left-GzmWzeYc.js               0.29 kB │ gzip:     0.22 kB │ map:      1.11 kB
out/renderer/assets/square-pause-BafiVe01.js                             0.29 kB │ gzip:     0.22 kB │ map:      1.18 kB
out/renderer/assets/test-tube-diagonal-DnaXy926.js                       0.29 kB │ gzip:     0.23 kB │ map:      1.09 kB
out/renderer/assets/book-open-NhR8VH_A.js                                0.29 kB │ gzip:     0.21 kB │ map:      1.01 kB
out/renderer/assets/columns-4-C57r4S-g.js                                0.29 kB │ gzip:     0.22 kB │ map:      1.14 kB
out/renderer/assets/key-DpNvKO_G.js                                      0.29 kB │ gzip:     0.24 kB │ map:      1.03 kB
out/renderer/assets/list-checks-BsmtWliQ.js                              0.29 kB │ gzip:     0.19 kB │ map:      1.18 kB
out/renderer/assets/tablets-DrP5QoXj.js                                  0.29 kB │ gzip:     0.22 kB │ map:      1.14 kB
out/renderer/assets/barcode-CZ-M4K_Q.js                                  0.29 kB │ gzip:     0.19 kB │ map:      1.14 kB
out/renderer/assets/case-lower-fYmsbvnP.js                               0.29 kB │ gzip:     0.21 kB │ map:      1.15 kB
out/renderer/assets/leaf-CqrUXrGr.js                                     0.29 kB │ gzip:     0.24 kB │ map:      0.98 kB
out/renderer/assets/user-round-plus-BGe5siJQ.js                          0.29 kB │ gzip:     0.23 kB │ map:      1.15 kB
out/renderer/assets/user-round-x-CBC-Haj5.js                             0.29 kB │ gzip:     0.23 kB │ map:      1.13 kB
out/renderer/assets/house-Cp1SpjjD.js                                    0.29 kB │ gzip:     0.22 kB │ map:      1.00 kB
out/renderer/assets/map-pin-check-inside-hLZDsDdk.js                     0.29 kB │ gzip:     0.24 kB │ map:      1.05 kB
out/renderer/assets/radio-receiver-CQnRLSQr.js                           0.29 kB │ gzip:     0.23 kB │ map:      1.17 kB
out/renderer/assets/square-arrow-right-enter-_RuR7Lgt.js                 0.29 kB │ gzip:     0.22 kB │ map:      1.15 kB
out/renderer/assets/square-dashed-bottom-DJrGVMkS.js                     0.29 kB │ gzip:     0.22 kB │ map:      1.10 kB
out/renderer/assets/tornado-CFYBBSWC.js                                  0.29 kB │ gzip:     0.21 kB │ map:      1.14 kB
out/renderer/assets/eraser-CUOfegW4.js                                   0.29 kB │ gzip:     0.22 kB │ map:      1.00 kB
out/renderer/assets/square-arrow-out-down-right-DtUxEiND.js              0.29 kB │ gzip:     0.22 kB │ map:      1.12 kB
out/renderer/assets/square-chart-gantt-z2626BkQ.js                       0.29 kB │ gzip:     0.23 kB │ map:      1.19 kB
out/renderer/assets/square-library-CUr59C0q.js                           0.29 kB │ gzip:     0.23 kB │ map:      1.17 kB
out/renderer/assets/table-properties-DzcOtQx8.js                         0.29 kB │ gzip:     0.23 kB │ map:      1.18 kB
out/renderer/assets/tally-5-DaLg0re5.js                                  0.29 kB │ gzip:     0.20 kB │ map:      1.14 kB
out/renderer/assets/app-window-mac-8vvMTqZF.js                           0.29 kB │ gzip:     0.22 kB │ map:      1.17 kB
out/renderer/assets/axis-3d-BicgTcxC.js                                  0.29 kB │ gzip:     0.22 kB │ map:      1.09 kB
out/renderer/assets/badge-SsiATNnL.js                                    0.29 kB │ gzip:     0.20 kB │ map:      0.92 kB
out/renderer/assets/battery-medium-CDByXHIV.js                           0.29 kB │ gzip:     0.22 kB │ map:      1.17 kB
out/renderer/assets/between-vertical-end-DSqjN9YT.js                     0.29 kB │ gzip:     0.22 kB │ map:      1.20 kB
out/renderer/assets/list-plus-C5pCwJiC.js                                0.29 kB │ gzip:     0.20 kB │ map:      1.15 kB
out/renderer/assets/signal-nQArMghJ.js                                   0.29 kB │ gzip:     0.21 kB │ map:      1.14 kB
out/renderer/assets/table-cells-split-D06t2-ND.js                        0.29 kB │ gzip:     0.23 kB │ map:      1.19 kB
out/renderer/assets/align-vertical-justify-end-BxJglC2z.js               0.30 kB │ gzip:     0.23 kB │ map:      1.22 kB
out/renderer/assets/dice-3-B3n6ZlTX.js                                   0.30 kB │ gzip:     0.22 kB │ map:      1.15 kB
out/renderer/assets/ice-cream-cone-Cs-mfdah.js                           0.30 kB │ gzip:     0.22 kB │ map:      1.06 kB
out/renderer/assets/monitor-check-DUI9Pn1A.js                            0.30 kB │ gzip:     0.23 kB │ map:      1.17 kB
out/renderer/assets/scroll-CCy2Jjbz.js                                   0.30 kB │ gzip:     0.22 kB │ map:      0.99 kB
out/renderer/assets/square-percent-C3JfzyW1.js                           0.30 kB │ gzip:     0.23 kB │ map:      1.17 kB
out/renderer/assets/square-user-CLPRpz4p.js                              0.30 kB │ gzip:     0.24 kB │ map:      1.12 kB
out/renderer/assets/timer-reset-7CArp_tw.js                              0.30 kB │ gzip:     0.22 kB │ map:      1.10 kB
out/renderer/assets/align-vertical-justify-start-BJi3bWmx.js             0.30 kB │ gzip:     0.23 kB │ map:      1.24 kB
out/renderer/assets/balloon-BPzUKDK8.js                                  0.30 kB │ gzip:     0.22 kB │ map:      1.03 kB
out/renderer/assets/between-vertical-start-B7ZMNKEa.js                   0.30 kB │ gzip:     0.22 kB │ map:      1.21 kB
out/renderer/assets/book-text-JMWJYxQK.js                                0.30 kB │ gzip:     0.23 kB │ map:      1.06 kB
out/renderer/assets/circle-pound-sterling-D2NfP_CX.js                    0.30 kB │ gzip:     0.23 kB │ map:      1.18 kB
out/renderer/assets/folder-minus-BUdrVEZQ.js                             0.30 kB │ gzip:     0.23 kB │ map:      1.02 kB
out/renderer/assets/rotate-cw-square-Df5jKit9.js                         0.30 kB │ gzip:     0.22 kB │ map:      1.07 kB
out/renderer/assets/signpost-big-P5CVpHKb.js                             0.30 kB │ gzip:     0.23 kB │ map:      1.11 kB
out/renderer/assets/align-horizontal-justify-end-CAt4ooPT.js             0.30 kB │ gzip:     0.23 kB │ map:      1.24 kB
out/renderer/assets/between-horizontal-end-Ccn7BJEW.js                   0.30 kB │ gzip:     0.23 kB │ map:      1.21 kB
out/renderer/assets/between-horizontal-start-BT4OQPLD.js                 0.30 kB │ gzip:     0.22 kB │ map:      1.22 kB
out/renderer/assets/book-plus-Dex0sEDB.js                                0.30 kB │ gzip:     0.23 kB │ map:      1.06 kB
out/renderer/assets/chart-bar-big-B3sJQGo8.js                            0.30 kB │ gzip:     0.23 kB │ map:      1.16 kB
out/renderer/assets/inbox-m2WYpvbl.js                                    0.30 kB │ gzip:     0.23 kB │ map:      1.00 kB
out/renderer/assets/lightbulb-BYSo7ZuW.js                                0.30 kB │ gzip:     0.23 kB │ map:      1.08 kB
out/renderer/assets/plug-ccgMBWc1.js                                     0.30 kB │ gzip:     0.20 kB │ map:      1.10 kB
out/renderer/assets/align-horizontal-justify-start-1TM8fMpP.js           0.30 kB │ gzip:     0.23 kB │ map:      1.25 kB
out/renderer/assets/align-vertical-justify-center-Bvg_Fr-t.js            0.30 kB │ gzip:     0.23 kB │ map:      1.24 kB
out/renderer/assets/folder-closed-DkwS_WKm.js                            0.30 kB │ gzip:     0.23 kB │ map:      1.03 kB
out/renderer/assets/list-filter-plus-CzCNdbAU.js                         0.30 kB │ gzip:     0.21 kB │ map:      1.19 kB
out/renderer/assets/repeat-B3Xfpo2F.js                                   0.30 kB │ gzip:     0.22 kB │ map:      1.09 kB
out/renderer/assets/rotate-ccw-square-BPQ95Wjt.js                        0.30 kB │ gzip:     0.22 kB │ map:      1.08 kB
out/renderer/assets/search-code-rmnBAkUP.js                              0.30 kB │ gzip:     0.23 kB │ map:      1.14 kB
out/renderer/assets/shield-C8VUnHOz.js                                   0.30 kB │ gzip:     0.24 kB │ map:      0.93 kB
out/renderer/assets/square-asterisk-ByUlCG6l.js                          0.30 kB │ gzip:     0.23 kB │ map:      1.18 kB
out/renderer/assets/square-play-C5Xu0cr8.js                              0.30 kB │ gzip:     0.24 kB │ map:      1.07 kB
out/renderer/assets/tokenNumberFormat-DbsXKJSh.js                        0.30 kB │ gzip:     0.22 kB │ map:      1.48 kB
out/renderer/assets/bookmark-minus-BGqogqyG.js                           0.30 kB │ gzip:     0.23 kB │ map:      1.03 kB
out/renderer/assets/chart-column-big-DDO6bOSH.js                         0.30 kB │ gzip:     0.23 kB │ map:      1.18 kB
out/renderer/assets/chart-pie-CBoEosTM.js                                0.30 kB │ gzip:     0.24 kB │ map:      1.01 kB
out/renderer/assets/clock-plus-0_BCW6Fg.js                               0.30 kB │ gzip:     0.23 kB │ map:      1.10 kB
out/renderer/assets/git-branch-minus-KG62DkB7.js                         0.30 kB │ gzip:     0.23 kB │ map:      1.19 kB
out/renderer/assets/speaker-i_SkP2eh.js                                  0.30 kB │ gzip:     0.23 kB │ map:      1.17 kB
out/renderer/assets/align-horizontal-justify-center-Dj0r_H8c.js          0.30 kB │ gzip:     0.23 kB │ map:      1.26 kB
out/renderer/assets/award-CDeKdbJp.js                                    0.30 kB │ gzip:     0.24 kB │ map:      1.02 kB
out/renderer/assets/message-circle-check-C3Y70J5O.js                     0.30 kB │ gzip:     0.24 kB │ map:      1.08 kB
out/renderer/assets/path-DoSeRdJj.js                                     0.30 kB │ gzip:     0.22 kB │ map:      1.03 kB
out/renderer/assets/square-function-CDs4gs_J.js                          0.30 kB │ gzip:     0.24 kB │ map:      1.14 kB
out/renderer/assets/square-pi-Cy7KGhYm.js                                0.30 kB │ gzip:     0.23 kB │ map:      1.15 kB
out/renderer/assets/umbrella-BzYUsek8.js                                 0.30 kB │ gzip:     0.23 kB │ map:      1.07 kB
out/renderer/assets/book-alert-CpVlq4Ex.js                               0.30 kB │ gzip:     0.23 kB │ map:      1.07 kB
out/renderer/assets/book-x-1FloIGnB.js                                   0.30 kB │ gzip:     0.23 kB │ map:      1.05 kB
out/renderer/assets/list-x-B-YSeP9g.js                                   0.30 kB │ gzip:     0.21 kB │ map:      1.15 kB
out/renderer/assets/message-square-dot-RKuiyqCi.js                       0.30 kB │ gzip:     0.25 kB │ map:      1.08 kB
out/renderer/assets/rectangle-ellipsis-B_6yEfgZ.js                       0.30 kB │ gzip:     0.22 kB │ map:      1.20 kB
out/renderer/assets/send-DCse_POc.js                                     0.30 kB │ gzip:     0.23 kB │ map:      1.00 kB
out/renderer/assets/book-up-D4Pd-Whw.js                                  0.30 kB │ gzip:     0.23 kB │ map:      1.06 kB
out/renderer/assets/folder-check-CJ9IrSXC.js                             0.30 kB │ gzip:     0.23 kB │ map:      1.03 kB
out/renderer/assets/bolt-BCCNQESP.js                                     0.30 kB │ gzip:     0.23 kB │ map:      1.01 kB
out/renderer/assets/clock-arrow-down-CNH9p9Rf.js                         0.30 kB │ gzip:     0.23 kB │ map:      1.14 kB
out/renderer/assets/folder-open-_FyzuCWG.js                              0.30 kB │ gzip:     0.22 kB │ map:      0.97 kB
out/renderer/assets/pen-line-KSAeifWZ.js                                 0.30 kB │ gzip:     0.24 kB │ map:      1.00 kB
out/renderer/assets/a-arrow-up-BDYOKreH.js                               0.30 kB │ gzip:     0.24 kB │ map:      1.11 kB
out/renderer/assets/astroid-C1kxbihw.js                                  0.30 kB │ gzip:     0.19 kB │ map:      0.95 kB
out/renderer/assets/bomb-DazhzGkD.js                                     0.30 kB │ gzip:     0.24 kB │ map:      1.08 kB
out/renderer/assets/book-a-KAFwR-my.js                                   0.30 kB │ gzip:     0.23 kB │ map:      1.06 kB
out/renderer/assets/book-down-Ba9a4kX9.js                                0.30 kB │ gzip:     0.23 kB │ map:      1.07 kB
out/renderer/assets/bookmark-check-BLaWErIq.js                           0.30 kB │ gzip:     0.24 kB │ map:      1.04 kB
out/renderer/assets/mail-minus-CWsMVE4b.js                               0.30 kB │ gzip:     0.24 kB │ map:      1.05 kB
out/renderer/assets/maximize-DfQ9Zq9_.js                                 0.30 kB │ gzip:     0.21 kB │ map:      1.12 kB
out/renderer/assets/scale-3d-DzUsDilU.js                                 0.30 kB │ gzip:     0.23 kB │ map:      1.15 kB
out/renderer/assets/volume-C9jTuWaK.js                                   0.30 kB │ gzip:     0.24 kB │ map:      0.93 kB
out/renderer/assets/zodiac-gemini-BPd_S1M5.js                            0.30 kB │ gzip:     0.22 kB │ map:      1.13 kB
out/renderer/assets/braces-BQRycQg5.js                                   0.31 kB │ gzip:     0.23 kB │ map:      1.01 kB
out/renderer/assets/chunk-426QAEUC-CJw12P4C.js                           0.31 kB │ gzip:     0.24 kB │ map:      1.07 kB
out/renderer/assets/decimals-arrow-left-B6JyrxSU.js                      0.31 kB │ gzip:     0.24 kB │ map:      1.21 kB
out/renderer/assets/lamp-floor-C6i2Sems.js                               0.31 kB │ gzip:     0.23 kB │ map:      1.08 kB
out/renderer/assets/math-DF40kQ9I.js                                     0.31 kB │ gzip:     0.20 kB │ map:      1.01 kB
out/renderer/assets/message-square-check-Bj33iN3X.js                     0.31 kB │ gzip:     0.24 kB │ map:      1.07 kB
out/renderer/assets/power-off-DGrwQ_dt.js                                0.31 kB │ gzip:     0.23 kB │ map:      1.10 kB
out/renderer/assets/user-search-BMGM_CZz.js                              0.31 kB │ gzip:     0.24 kB │ map:      1.17 kB
out/renderer/assets/a-arrow-down-Btigcf6V.js                             0.31 kB │ gzip:     0.24 kB │ map:      1.12 kB
out/renderer/assets/cloud-rain-DyzYSYwW.js                               0.31 kB │ gzip:     0.23 kB │ map:      1.11 kB
out/renderer/assets/list-music-C2wVd-sM.js                               0.31 kB │ gzip:     0.22 kB │ map:      1.20 kB
out/renderer/assets/sticky-note-FSIujd6Y.js                              0.31 kB │ gzip:     0.23 kB │ map:      1.02 kB
out/renderer/assets/wifi-6oDfTWyE.js                                     0.31 kB │ gzip:     0.22 kB │ map:      1.08 kB
out/renderer/assets/clock-arrow-up-DEjog_Aa.js                           0.31 kB │ gzip:     0.24 kB │ map:      1.13 kB
out/renderer/assets/grid-2x2-plus-CIAZBRNT.js                            0.31 kB │ gzip:     0.22 kB │ map:      1.09 kB
out/renderer/assets/grid-2x2-x-o_wo3Jbc.js                               0.31 kB │ gzip:     0.22 kB │ map:      1.08 kB
out/renderer/assets/hash-CL9I-2vj.js                                     0.31 kB │ gzip:     0.19 kB │ map:      1.26 kB
out/renderer/assets/list-tree-CcIdFwOp.js                                0.31 kB │ gzip:     0.20 kB │ map:      1.18 kB
out/renderer/assets/rewind-CHFU6Fov.js                                   0.31 kB │ gzip:     0.20 kB │ map:      1.00 kB
out/renderer/assets/wind-arrow-down-Dz-iSo8P.js                          0.31 kB │ gzip:     0.23 kB │ map:      1.14 kB
out/renderer/assets/drumstick-BU-yOPgO.js                                0.31 kB │ gzip:     0.25 kB │ map:      1.03 kB
out/renderer/assets/form-4LmUmh6S.js                                     0.31 kB │ gzip:     0.22 kB │ map:      1.19 kB
out/renderer/assets/plug-2-CEuJxpqI.js                                   0.31 kB │ gzip:     0.22 kB │ map:      1.15 kB
out/renderer/assets/square-split-vertical-BfxpcV8O.js                    0.31 kB │ gzip:     0.25 kB │ map:      1.15 kB
out/renderer/assets/tablet-smartphone-AefxivVS.js                        0.31 kB │ gzip:     0.24 kB │ map:      1.14 kB
out/renderer/assets/archive-x-Do8FndUU.js                                0.31 kB │ gzip:     0.23 kB │ map:      1.18 kB
out/renderer/assets/arrow-big-down-geVOztuq.js                           0.31 kB │ gzip:     0.23 kB │ map:      0.98 kB
out/renderer/assets/arrow-big-up-5ihAAW86.js                             0.31 kB │ gzip:     0.23 kB │ map:      0.97 kB
out/renderer/assets/folder-bookmark-DQsAyZ8F.js                          0.31 kB │ gzip:     0.24 kB │ map:      1.05 kB
out/renderer/assets/folder-symlink-CHmzRwMX.js                           0.31 kB │ gzip:     0.22 kB │ map:      1.06 kB
out/renderer/assets/heading-4-V1Wg1KOC.js                                0.31 kB │ gzip:     0.22 kB │ map:      1.17 kB
out/renderer/assets/wine-8RahHiBc.js                                     0.31 kB │ gzip:     0.23 kB │ map:      1.10 kB
out/renderer/assets/arrow-up-narrow-wide-CObtgL6N.js                     0.31 kB │ gzip:     0.22 kB │ map:      1.22 kB
out/renderer/assets/arrow-up-wide-narrow-DM-lDmJi.js                     0.31 kB │ gzip:     0.22 kB │ map:      1.22 kB
out/renderer/assets/folder-dot-B_4LDc25.js                               0.31 kB │ gzip:     0.24 kB │ map:      1.05 kB
out/renderer/assets/mail-check-Cvpe1aEX.js                               0.31 kB │ gzip:     0.24 kB │ map:      1.05 kB
out/renderer/assets/square-split-horizontal-ULPRy24H.js                  0.31 kB │ gzip:     0.25 kB │ map:      1.16 kB
out/renderer/assets/arrow-down-narrow-wide-CMAmtdjf.js                   0.31 kB │ gzip:     0.22 kB │ map:      1.23 kB
out/renderer/assets/arrow-down-wide-narrow-iAFUeyA8.js                   0.31 kB │ gzip:     0.22 kB │ map:      1.23 kB
out/renderer/assets/coins-CBOxi8FY.js                                    0.31 kB │ gzip:     0.24 kB │ map:      1.12 kB
out/renderer/assets/copy-check-D83bL_tG.js                               0.31 kB │ gzip:     0.25 kB │ map:      1.12 kB
out/renderer/assets/diamond-minus-B7yJrs0v.js                            0.31 kB │ gzip:     0.22 kB │ map:      1.04 kB
out/renderer/assets/fast-forward-DlY89Zui.js                             0.31 kB │ gzip:     0.21 kB │ map:      1.03 kB
out/renderer/assets/git-compare-vL82A-AY.js                              0.31 kB │ gzip:     0.23 kB │ map:      1.18 kB
out/renderer/assets/glass-water-viOth4xt.js                              0.31 kB │ gzip:     0.24 kB │ map:      1.03 kB
out/renderer/assets/ligature-CwX_ZNTa.js                                 0.31 kB │ gzip:     0.22 kB │ map:      1.17 kB
out/renderer/assets/list-collapse-cXoVaSqM.js                            0.31 kB │ gzip:     0.20 kB │ map:      1.19 kB
out/renderer/assets/list-todo-DDh99sqR.js                                0.31 kB │ gzip:     0.22 kB │ map:      1.24 kB
out/renderer/assets/remove-formatting-CZp9qoSV.js                        0.31 kB │ gzip:     0.23 kB │ map:      1.21 kB
out/renderer/assets/satellite-dish-BLlZRW0K.js                           0.31 kB │ gzip:     0.23 kB │ map:      1.14 kB
out/renderer/assets/send-horizontal-D9MgAhSV.js                          0.31 kB │ gzip:     0.24 kB │ map:      1.05 kB
out/renderer/assets/layout-template-CzvO8KDX.js                          0.31 kB │ gzip:     0.21 kB │ map:      1.25 kB
out/renderer/assets/rotate-3d-Bc-nRDJN.js                                0.31 kB │ gzip:     0.24 kB │ map:      1.05 kB
out/renderer/assets/scaling-I0k7vNz8.js                                  0.31 kB │ gzip:     0.22 kB │ map:      1.10 kB
out/renderer/assets/shirt-mvPBh6Hp.js                                    0.31 kB │ gzip:     0.24 kB │ map:      0.94 kB
out/renderer/assets/user-round-search-DNo0vxfz.js                        0.31 kB │ gzip:     0.24 kB │ map:      1.21 kB
out/renderer/assets/wallet-DLGXnzl1.js                                   0.31 kB │ gzip:     0.22 kB │ map:      1.01 kB
out/renderer/assets/arrows-up-from-line-CYpq914r.js                      0.31 kB │ gzip:     0.22 kB │ map:      1.22 kB
out/renderer/assets/computer-DgLEfOPH.js                                 0.31 kB │ gzip:     0.23 kB │ map:      1.22 kB
out/renderer/assets/fishing-hook-BaQoIVlL.js                             0.31 kB │ gzip:     0.25 kB │ map:      1.13 kB
out/renderer/assets/flask-conical-BkigMKXu.js                            0.31 kB │ gzip:     0.23 kB │ map:      1.12 kB
out/renderer/assets/layout-panel-left-DuKIUKyu.js                        0.31 kB │ gzip:     0.21 kB │ map:      1.26 kB
out/renderer/assets/layout-panel-top-W4Btc-fm.js                         0.31 kB │ gzip:     0.21 kB │ map:      1.25 kB
out/renderer/assets/list-CHEaep0C.js                                     0.31 kB │ gzip:     0.19 kB │ map:      1.22 kB
out/renderer/assets/text-search-DGIKXdCF.js                              0.31 kB │ gzip:     0.22 kB │ map:      1.21 kB
out/renderer/assets/thumbs-up-DyEIsxIa.js                                0.31 kB │ gzip:     0.24 kB │ map:      1.03 kB
out/renderer/assets/towel-rack-CwCc-pal.js                               0.31 kB │ gzip:     0.24 kB │ map:      1.09 kB
out/renderer/assets/toy-brick-DKeimv59.js                                0.31 kB │ gzip:     0.24 kB │ map:      1.11 kB
out/renderer/assets/zoom-in-DV6sdZmO.js                                  0.31 kB │ gzip:     0.22 kB │ map:      1.27 kB
out/renderer/assets/bike-BLlw6VKJ.js                                     0.31 kB │ gzip:     0.22 kB │ map:      1.17 kB
out/renderer/assets/disc-3-CjpMvMt2.js                                   0.31 kB │ gzip:     0.23 kB │ map:      1.15 kB
out/renderer/assets/list-chevrons-down-up-e39Bxccr.js                    0.31 kB │ gzip:     0.22 kB │ map:      1.23 kB
out/renderer/assets/list-chevrons-up-down-KuQvSDPC.js                    0.31 kB │ gzip:     0.22 kB │ map:      1.23 kB
out/renderer/assets/shrub-BXsJnms6.js                                    0.31 kB │ gzip:     0.24 kB │ map:      1.04 kB
out/renderer/assets/tangent-Cv0gxr52.js                                  0.31 kB │ gzip:     0.24 kB │ map:      1.16 kB
out/renderer/assets/thumbs-down-BHpYmhhG.js                              0.31 kB │ gzip:     0.24 kB │ map:      1.04 kB
out/renderer/assets/ticket-plus-Bc8HdWYz.js                              0.31 kB │ gzip:     0.23 kB │ map:      1.09 kB
out/renderer/assets/wrench-CbOSMyJA.js                                   0.31 kB │ gzip:     0.24 kB │ map:      0.96 kB
out/renderer/assets/clipboard-check-uBCEtrhj.js                          0.32 kB │ gzip:     0.24 kB │ map:      1.20 kB
out/renderer/assets/git-pull-request-BWOosRdH.js                         0.32 kB │ gzip:     0.24 kB │ map:      1.25 kB
out/renderer/assets/list-end-BCQWTWLC.js                                 0.32 kB │ gzip:     0.22 kB │ map:      1.17 kB
out/renderer/assets/mail-open-CtsRu1X5.js                                0.32 kB │ gzip:     0.24 kB │ map:      1.02 kB
out/renderer/assets/pill-bottle-wl4rjF0Y.js                              0.32 kB │ gzip:     0.25 kB │ map:      1.12 kB
out/renderer/assets/scan-BDwHyj93.js                                     0.32 kB │ gzip:     0.22 kB │ map:      1.10 kB
out/renderer/assets/square-pilcrow-DwCv4PM9.js                           0.32 kB │ gzip:     0.24 kB │ map:      1.20 kB
out/renderer/assets/arrow-big-right-7GhlKB1A.js                          0.32 kB │ gzip:     0.23 kB │ map:      0.99 kB
out/renderer/assets/bell-CAS4e8Bo.js                                     0.32 kB │ gzip:     0.25 kB │ map:      1.00 kB
out/renderer/assets/list-start-C1uRGCbY.js                               0.32 kB │ gzip:     0.23 kB │ map:      1.18 kB
out/renderer/assets/monitor-stop-BaX7ZpfK.js                             0.32 kB │ gzip:     0.24 kB │ map:      1.24 kB
out/renderer/assets/square-arrow-right-exit-pjVlx8NU.js                  0.32 kB │ gzip:     0.23 kB │ map:      1.15 kB
out/renderer/assets/arrow-big-left-gh-GEJAH.js                           0.32 kB │ gzip:     0.23 kB │ map:      0.99 kB
out/renderer/assets/egg-off-Bm-KImwx.js                                  0.32 kB │ gzip:     0.25 kB │ map:      1.04 kB
out/renderer/assets/folder-plus-WuElgxgK.js                              0.32 kB │ gzip:     0.23 kB │ map:      1.11 kB
out/renderer/assets/heading-6-IVWDs3Ak.js                                0.32 kB │ gzip:     0.23 kB │ map:      1.20 kB
out/renderer/assets/indian-rupee-C3Evsb5x.js                             0.32 kB │ gzip:     0.23 kB │ map:      1.19 kB
out/renderer/assets/radius-DxESpRwt.js                                   0.32 kB │ gzip:     0.24 kB │ map:      1.16 kB
out/renderer/assets/users-CE4QAkIZ.js                                    0.32 kB │ gzip:     0.23 kB │ map:      1.14 kB
out/renderer/assets/case-sensitive-4XfVlBgI.js                           0.32 kB │ gzip:     0.25 kB │ map:      1.17 kB
out/renderer/assets/cloud-rain-wind-DaWqzg84.js                          0.32 kB │ gzip:     0.24 kB │ map:      1.15 kB
out/renderer/assets/shopping-cart-DYbtTbVD.js                            0.32 kB │ gzip:     0.25 kB │ map:      1.16 kB
out/renderer/assets/variable-CBM8LaL5.js                                 0.32 kB │ gzip:     0.23 kB │ map:      1.20 kB
out/renderer/assets/venus-and-mars-BvCW4HvD.js                           0.32 kB │ gzip:     0.23 kB │ map:      1.23 kB
out/renderer/assets/minimize-Bxavb1Qd.js                                 0.32 kB │ gzip:     0.22 kB │ map:      1.12 kB
out/renderer/assets/pilcrow-left-DCb3AgOq.js                             0.32 kB │ gzip:     0.23 kB │ map:      1.20 kB
out/renderer/assets/smile-0LTxZeHf.js                                    0.32 kB │ gzip:     0.23 kB │ map:      1.21 kB
out/renderer/assets/turntable-DkUu6IGb.js                                0.32 kB │ gzip:     0.25 kB │ map:      1.20 kB
out/renderer/assets/link-2-off-Dr6_cqgu.js                               0.32 kB │ gzip:     0.23 kB │ map:      1.21 kB
out/renderer/assets/meh-CqlaFEso.js                                      0.32 kB │ gzip:     0.22 kB │ map:      1.24 kB
out/renderer/assets/mirror-round-DUGJvlJ7.js                             0.32 kB │ gzip:     0.24 kB │ map:      1.23 kB
out/renderer/assets/moon-star-Cg8N-Iyn.js                                0.32 kB │ gzip:     0.25 kB │ map:      1.09 kB
out/renderer/assets/pilcrow-right-6kQe5BtO.js                            0.32 kB │ gzip:     0.23 kB │ map:      1.20 kB
out/renderer/assets/book-user-C_00yJL1.js                                0.32 kB │ gzip:     0.25 kB │ map:      1.12 kB
out/renderer/assets/frown-CJoC3A_v.js                                    0.32 kB │ gzip:     0.24 kB │ map:      1.21 kB
out/renderer/assets/grid-3x3-gz-w3yqH.js                                 0.32 kB │ gzip:     0.23 kB │ map:      1.23 kB
out/renderer/assets/map-pin-plus-inside-B2NHvdXe.js                      0.32 kB │ gzip:     0.25 kB │ map:      1.14 kB
out/renderer/assets/frame-CPj-Fqq3.js                                    0.32 kB │ gzip:     0.21 kB │ map:      1.27 kB
out/renderer/assets/ticket-x-CBeG51bp.js                                 0.32 kB │ gzip:     0.23 kB │ map:      1.09 kB
out/renderer/assets/bed-double-BLxeg959.js                               0.32 kB │ gzip:     0.23 kB │ map:      1.13 kB
out/renderer/assets/egg-fried-S4orwJJ0.js                                0.32 kB │ gzip:     0.26 kB │ map:      1.06 kB
out/renderer/assets/monitor-cloud-CiIRfcDS.js                            0.32 kB │ gzip:     0.25 kB │ map:      1.20 kB
out/renderer/assets/calendar-1-B8YXlaMY.js                               0.32 kB │ gzip:     0.23 kB │ map:      1.24 kB
out/renderer/assets/clipboard-minus-NtNw7-2F.js                          0.32 kB │ gzip:     0.24 kB │ map:      1.19 kB
out/renderer/assets/copy-minus-BgVZjiKM.js                               0.32 kB │ gzip:     0.26 kB │ map:      1.18 kB
out/renderer/assets/copy-slash-BUuNyDhw.js                               0.32 kB │ gzip:     0.26 kB │ map:      1.18 kB
out/renderer/assets/headset-DluvCO5e.js                                  0.32 kB │ gzip:     0.23 kB │ map:      1.02 kB
out/renderer/assets/rocking-chair-DWbk4HYk.js                            0.32 kB │ gzip:     0.24 kB │ map:      1.15 kB
out/renderer/assets/feather-Cq-SOc6a.js                                  0.33 kB │ gzip:     0.25 kB │ map:      1.08 kB
out/renderer/assets/panel-top-dashed-XES3Xlmv.js                         0.33 kB │ gzip:     0.23 kB │ map:      1.27 kB
out/renderer/assets/spade-B7CR8oEX.js                                    0.33 kB │ gzip:     0.25 kB │ map:      1.01 kB
out/renderer/assets/bone-NN-itmO4.js                                     0.33 kB │ gzip:     0.24 kB │ map:      0.95 kB
out/renderer/assets/cloud-off-D43ZGXOZ.js                                0.33 kB │ gzip:     0.24 kB │ map:      1.06 kB
out/renderer/assets/flame-kindling-CVB_2quS.js                           0.33 kB │ gzip:     0.25 kB │ map:      1.12 kB
out/renderer/assets/monitor-dot-DA6q9sjx.js                              0.33 kB │ gzip:     0.24 kB │ map:      1.18 kB
out/renderer/assets/panel-left-dashed-BsssKb_L.js                        0.33 kB │ gzip:     0.23 kB │ map:      1.28 kB
out/renderer/assets/battery-full-B__p9o2J.js                             0.33 kB │ gzip:     0.23 kB │ map:      1.26 kB
out/renderer/assets/bean-BVNFlPJn.js                                     0.33 kB │ gzip:     0.26 kB │ map:      1.01 kB
out/renderer/assets/monitor-pause-CZZEBkiz.js                            0.33 kB │ gzip:     0.24 kB │ map:      1.26 kB
out/renderer/assets/video-off-CulBrPuN.js                                0.33 kB │ gzip:     0.24 kB │ map:      1.08 kB
out/renderer/assets/calendar-minus-2-CywsEsuZ.js                         0.33 kB │ gzip:     0.24 kB │ map:      1.28 kB
out/renderer/assets/chevrons-left-right-ellipsis-M4-N0FOu.js             0.33 kB │ gzip:     0.22 kB │ map:      1.28 kB
out/renderer/assets/circle-divide-CtCMoarW.js                            0.33 kB │ gzip:     0.22 kB │ map:      1.30 kB
out/renderer/assets/line-style-4ies-0VP.js                               0.33 kB │ gzip:     0.21 kB │ map:      1.25 kB
out/renderer/assets/message-square-share-DZgTfRnP.js                     0.33 kB │ gzip:     0.25 kB │ map:      1.15 kB
out/renderer/assets/subscript-BjAuatXA.js                                0.33 kB │ gzip:     0.25 kB │ map:      1.10 kB
out/renderer/assets/bookmark-off-CUa5KTPz.js                             0.33 kB │ gzip:     0.25 kB │ map:      1.11 kB
out/renderer/assets/bubbles-DI8Xr0AK.js                                  0.33 kB │ gzip:     0.24 kB │ map:      1.20 kB
out/renderer/assets/delete-CLQDdCIR.js                                   0.33 kB │ gzip:     0.24 kB │ map:      1.08 kB
out/renderer/assets/git-merge-conflict-mxw0XPg5.js                       0.33 kB │ gzip:     0.24 kB │ map:      1.26 kB
out/renderer/assets/map-pin-x-inside-fO9Wloiw.js                         0.33 kB │ gzip:     0.25 kB │ map:      1.13 kB
out/renderer/assets/message-circle-plus-bAPVFeMB.js                      0.33 kB │ gzip:     0.25 kB │ map:      1.16 kB
out/renderer/assets/monitor-up-Dpd4d57_.js                               0.33 kB │ gzip:     0.24 kB │ map:      1.25 kB
out/renderer/assets/parasol-DQN0Kb8H.js                                  0.33 kB │ gzip:     0.26 kB │ map:      1.09 kB
out/renderer/assets/coffee-D4HVnMjU.js                                   0.33 kB │ gzip:     0.23 kB │ map:      1.15 kB
out/renderer/assets/lamp-ceiling-BIClCfu0.js                             0.33 kB │ gzip:     0.25 kB │ map:      1.12 kB
out/renderer/assets/laptop-DkdMsNG4.js                                   0.33 kB │ gzip:     0.25 kB │ map:      1.02 kB
out/renderer/assets/mails-DOjwRPJp.js                                    0.33 kB │ gzip:     0.25 kB │ map:      1.11 kB
out/renderer/assets/paint-roller-WL0Im4-w.js                             0.33 kB │ gzip:     0.24 kB │ map:      1.19 kB
out/renderer/assets/shrink-ixAIDY4a.js                                   0.33 kB │ gzip:     0.24 kB │ map:      1.12 kB
out/renderer/assets/zodiac-cancer-DhHcF8JN.js                            0.33 kB │ gzip:     0.23 kB │ map:      1.21 kB
out/renderer/assets/ampersands-BsW4KpXx.js                               0.33 kB │ gzip:     0.22 kB │ map:      1.08 kB
out/renderer/assets/arrow-up-a-z-BnQyrwb2.js                             0.33 kB │ gzip:     0.24 kB │ map:      1.21 kB
out/renderer/assets/audio-lines-CErN4TaB.js                              0.33 kB │ gzip:     0.22 kB │ map:      1.26 kB
out/renderer/assets/calendar-check-CQq9rxDq.js                           0.33 kB │ gzip:     0.24 kB │ map:      1.27 kB
out/renderer/assets/gallery-thumbnails-DkAFN9xf.js                       0.33 kB │ gzip:     0.23 kB │ map:      1.29 kB
out/renderer/assets/mouse-off-DQAl2JDQ.js                                0.33 kB │ gzip:     0.24 kB │ map:      1.13 kB
out/renderer/assets/panel-right-dashed-CAlKqunU.js                       0.33 kB │ gzip:     0.23 kB │ map:      1.29 kB
out/renderer/assets/shield-check-DZcbrxcA.js                             0.33 kB │ gzip:     0.25 kB │ map:      1.07 kB
out/renderer/assets/table-cells-merge-83w2mpuC.js                        0.33 kB │ gzip:     0.24 kB │ map:      1.29 kB
out/renderer/assets/arrow-up-z-a-BVu5n47U.js                             0.33 kB │ gzip:     0.24 kB │ map:      1.21 kB
out/renderer/assets/case-upper-B0Nhasd4.js                               0.33 kB │ gzip:     0.24 kB │ map:      1.11 kB
out/renderer/assets/dice-4-FLGBID5B.js                                   0.33 kB │ gzip:     0.23 kB │ map:      1.24 kB
out/renderer/assets/joystick-Bm2c-BE3.js                                 0.33 kB │ gzip:     0.24 kB │ map:      1.19 kB
out/renderer/assets/monitor-down-DfvmQRe0.js                             0.33 kB │ gzip:     0.25 kB │ map:      1.26 kB
out/renderer/assets/mouse-pointer-B-PJWrTN.js                            0.33 kB │ gzip:     0.26 kB │ map:      1.06 kB
out/renderer/assets/panel-bottom-dashed-CFyv5TrF.js                      0.33 kB │ gzip:     0.24 kB │ map:      1.30 kB
out/renderer/assets/plane-MNW1XsO4.js                                    0.33 kB │ gzip:     0.26 kB │ map:      0.96 kB
out/renderer/assets/refresh-ccw-Dcmhwn_-.js                              0.33 kB │ gzip:     0.23 kB │ map:      1.16 kB
out/renderer/assets/refresh-cw-kAOnfbxu.js                               0.33 kB │ gzip:     0.23 kB │ map:      1.15 kB
out/renderer/assets/user-x-CxSbfw-r.js                                   0.33 kB │ gzip:     0.25 kB │ map:      1.23 kB
out/renderer/assets/align-vertical-space-between-CvIpvbup.js             0.33 kB │ gzip:     0.24 kB │ map:      1.33 kB
out/renderer/assets/arrow-up-0-1-BK9KvopT.js                             0.33 kB │ gzip:     0.25 kB │ map:      1.26 kB
out/renderer/assets/arrow-up-1-0-mJIKKFKL.js                             0.33 kB │ gzip:     0.24 kB │ map:      1.26 kB
out/renderer/assets/book-audio-D2BKpNf9.js                               0.33 kB │ gzip:     0.24 kB │ map:      1.17 kB
out/renderer/assets/git-pull-request-create-DF4fm3ew.js                  0.33 kB │ gzip:     0.24 kB │ map:      1.29 kB
out/renderer/assets/arrow-down-a-z-CBnlBpt0.js                           0.33 kB │ gzip:     0.24 kB │ map:      1.22 kB
out/renderer/assets/bookmark-plus-DMBtFhhw.js                            0.33 kB │ gzip:     0.25 kB │ map:      1.12 kB
out/renderer/assets/chef-hat-BztyGjiW.js                                 0.33 kB │ gzip:     0.26 kB │ map:      1.03 kB
out/renderer/assets/cross-60WkNK5c.js                                    0.33 kB │ gzip:     0.21 kB │ map:      0.96 kB
out/renderer/assets/laugh-CDl9xEkc.js                                    0.33 kB │ gzip:     0.24 kB │ map:      1.23 kB
out/renderer/assets/monitor-x-DTF1En4X.js                                0.33 kB │ gzip:     0.24 kB │ map:      1.25 kB
out/renderer/assets/user-lock-DU6Z0baI.js                                0.33 kB │ gzip:     0.26 kB │ map:      1.22 kB
out/renderer/assets/align-horizontal-space-between-s_fUBbAI.js           0.34 kB │ gzip:     0.24 kB │ map:      1.35 kB
out/renderer/assets/align-vertical-distribute-end-DuUBC1_k.js            0.34 kB │ gzip:     0.24 kB │ map:      1.34 kB
out/renderer/assets/arrow-down-z-a-CdQlbihK.js                           0.34 kB │ gzip:     0.24 kB │ map:      1.22 kB
out/renderer/assets/brush-CRzTjt1i.js                                    0.34 kB │ gzip:     0.26 kB │ map:      1.07 kB
out/renderer/assets/folder-clock-CP-qbBjw.js                             0.34 kB │ gzip:     0.25 kB │ map:      1.15 kB
out/renderer/assets/inspection-panel-CQY3yke5.js                         0.34 kB │ gzip:     0.23 kB │ map:      1.29 kB
out/renderer/assets/sprout-Drb-1oy5.js                                   0.34 kB │ gzip:     0.24 kB │ map:      1.09 kB
out/renderer/assets/text-initial-CVXB3Z7C.js                             0.34 kB │ gzip:     0.24 kB │ map:      1.21 kB
out/renderer/assets/tree-pine-CP6wtMnu.js                                0.34 kB │ gzip:     0.24 kB │ map:      1.04 kB
out/renderer/assets/align-vertical-distribute-start-D1Z93f62.js          0.34 kB │ gzip:     0.24 kB │ map:      1.36 kB
out/renderer/assets/arrow-down-0-1-Dtc5NRAA.js                           0.34 kB │ gzip:     0.25 kB │ map:      1.28 kB
out/renderer/assets/arrow-down-1-0-D6GsVLCd.js                           0.34 kB │ gzip:     0.25 kB │ map:      1.27 kB
out/renderer/assets/box-DcEsGOhq.js                                      0.34 kB │ gzip:     0.24 kB │ map:      1.08 kB
out/renderer/assets/briefcase-business-Ct-1HjV2.js                       0.34 kB │ gzip:     0.25 kB │ map:      1.25 kB
out/renderer/assets/concierge-bell-DPstpF9M.js                           0.34 kB │ gzip:     0.23 kB │ map:      1.18 kB
out/renderer/assets/folder-up-BP6gG-4f.js                                0.34 kB │ gzip:     0.24 kB │ map:      1.11 kB
out/renderer/assets/message-square-plus-B3XynXrk.js                      0.34 kB │ gzip:     0.25 kB │ map:      1.15 kB
out/renderer/assets/regex-CX7Am0tS.js                                    0.34 kB │ gzip:     0.23 kB │ map:      1.13 kB
out/renderer/assets/user-plus-BBksxWgO.js                                0.34 kB │ gzip:     0.25 kB │ map:      1.25 kB
out/renderer/assets/align-horizontal-distribute-end-CLSEAlMi.js          0.34 kB │ gzip:     0.24 kB │ map:      1.36 kB
out/renderer/assets/cloud-backup-zqUQEOaP.js                             0.34 kB │ gzip:     0.25 kB │ map:      1.12 kB
out/renderer/assets/file-exclamation-point-CBEEXelJ.js                   0.34 kB │ gzip:     0.25 kB │ map:      1.17 kB
out/renderer/assets/file-minus-corner-Bd1SHSLK.js                        0.34 kB │ gzip:     0.25 kB │ map:      1.15 kB
out/renderer/assets/message-square-off-DT4EmI-v.js                       0.34 kB │ gzip:     0.26 kB │ map:      1.15 kB
out/renderer/assets/monitor-smartphone-DfKuUkWC.js                       0.34 kB │ gzip:     0.25 kB │ map:      1.26 kB
out/renderer/assets/scissors-CvsqXneQ.js                                 0.34 kB │ gzip:     0.23 kB │ map:      1.25 kB
out/renderer/assets/tag-BW06St-D.js                                      0.34 kB │ gzip:     0.25 kB │ map:      1.07 kB
out/renderer/assets/align-horizontal-distribute-start-CQRmCt7g.js        0.34 kB │ gzip:     0.24 kB │ map:      1.37 kB
out/renderer/assets/book-type-Dj4eApjN.js                                0.34 kB │ gzip:     0.24 kB │ map:      1.17 kB
out/renderer/assets/file-minus-B4O6axMq.js                               0.34 kB │ gzip:     0.25 kB │ map:      1.11 kB
out/renderer/assets/hard-drive-upload-BYY5DVoc.js                        0.34 kB │ gzip:     0.25 kB │ map:      1.29 kB
out/renderer/assets/save-CvMpf1qs.js                                     0.34 kB │ gzip:     0.23 kB │ map:      1.10 kB
out/renderer/assets/zodiac-scorpio-DUTsV-aF.js                           0.34 kB │ gzip:     0.24 kB │ map:      1.17 kB
out/renderer/assets/bot-D2kBf5sN.js                                      0.34 kB │ gzip:     0.23 kB │ map:      1.30 kB
out/renderer/assets/folder-down-Aw5YWYJv.js                              0.34 kB │ gzip:     0.25 kB │ map:      1.12 kB
out/renderer/assets/hard-drive-download-BHIO3vpZ.js                      0.34 kB │ gzip:     0.25 kB │ map:      1.31 kB
out/renderer/assets/heart-minus-0QrJT_RG.js                              0.34 kB │ gzip:     0.26 kB │ map:      1.05 kB
out/renderer/assets/repeat-1-C_ZKZV6f.js                                 0.34 kB │ gzip:     0.23 kB │ map:      1.20 kB
out/renderer/assets/road-CRK3991J.js                                     0.34 kB │ gzip:     0.24 kB │ map:      1.15 kB
out/renderer/assets/trash-2-D38i33GX.js                                  0.34 kB │ gzip:     0.22 kB │ map:      1.21 kB
out/renderer/assets/antenna-3OmmmHfg.js                                  0.34 kB │ gzip:     0.22 kB │ map:      1.25 kB
out/renderer/assets/apple-W_YKDMyf.js                                    0.34 kB │ gzip:     0.25 kB │ map:      1.03 kB
out/renderer/assets/flag-off-ZG65mVTW.js                                 0.34 kB │ gzip:     0.26 kB │ map:      1.13 kB
out/renderer/assets/folder-input-q7DB0GPw.js                             0.34 kB │ gzip:     0.24 kB │ map:      1.13 kB
out/renderer/assets/ice-cream-bowl-C22ukATz.js                           0.34 kB │ gzip:     0.24 kB │ map:      1.14 kB
out/renderer/assets/mail-plus-BEkrIQGW.js                                0.34 kB │ gzip:     0.25 kB │ map:      1.14 kB
out/renderer/assets/saudi-riyal-Czn8jKBS.js                              0.34 kB │ gzip:     0.25 kB │ map:      1.15 kB
out/renderer/assets/shield-half-CXPdwplZ.js                              0.34 kB │ gzip:     0.26 kB │ map:      1.06 kB
out/renderer/assets/shield-minus-CdS0jPNL.js                             0.34 kB │ gzip:     0.26 kB │ map:      1.06 kB
out/renderer/assets/sticky-note-minus-jChPbqqj.js                        0.34 kB │ gzip:     0.25 kB │ map:      1.15 kB
out/renderer/assets/book-image-jOfAA052.js                               0.34 kB │ gzip:     0.26 kB │ map:      1.14 kB
out/renderer/assets/bookmark-x-D0zhSgiN.js                               0.34 kB │ gzip:     0.25 kB │ map:      1.12 kB
out/renderer/assets/bring-to-front-Cl1UiMvh.js                           0.34 kB │ gzip:     0.24 kB │ map:      1.16 kB
out/renderer/assets/chart-area-DSAJ-jFr.js                               0.34 kB │ gzip:     0.25 kB │ map:      1.05 kB
out/renderer/assets/file-check-corner-Br0FvoxW.js                        0.34 kB │ gzip:     0.25 kB │ map:      1.15 kB
out/renderer/assets/folder-search-BQfqQl-y.js                            0.34 kB │ gzip:     0.25 kB │ map:      1.16 kB
out/renderer/assets/folder-x-BkcdLhYd.js                                 0.34 kB │ gzip:     0.24 kB │ map:      1.11 kB
out/renderer/assets/git-fork-Cb1FpYbl.js                                 0.34 kB │ gzip:     0.23 kB │ map:      1.29 kB
out/renderer/assets/mail-x-CSd0E2UX.js                                   0.34 kB │ gzip:     0.25 kB │ map:      1.13 kB
out/renderer/assets/milestone-CD-yB82K.js                                0.34 kB │ gzip:     0.24 kB │ map:      1.11 kB
out/renderer/assets/user-round-key-DneHdp6P.js                           0.34 kB │ gzip:     0.25 kB │ map:      1.28 kB
out/renderer/assets/badge-check-BLDE1fEG.js                              0.34 kB │ gzip:     0.23 kB │ map:      1.06 kB
out/renderer/assets/folder-output-DbBZfxda.js                            0.34 kB │ gzip:     0.24 kB │ map:      1.13 kB
out/renderer/assets/gavel-DswGesuE.js                                    0.34 kB │ gzip:     0.24 kB │ map:      1.19 kB
out/renderer/assets/languages-Dt1DWBv5.js                                0.34 kB │ gzip:     0.23 kB │ map:      1.27 kB
out/renderer/assets/message-square-warning-CtnNXGGH.js                   0.34 kB │ gzip:     0.26 kB │ map:      1.18 kB
out/renderer/assets/banana-C_bEQlud.js                                   0.34 kB │ gzip:     0.27 kB │ map:      1.04 kB
out/renderer/assets/file-diff-CS-x4DMi.js                                0.34 kB │ gzip:     0.24 kB │ map:      1.19 kB
out/renderer/assets/git-pull-request-draft-CZbg3VdE.js                   0.34 kB │ gzip:     0.24 kB │ map:      1.36 kB
out/renderer/assets/graduation-cap-BdvPVbik.js                           0.34 kB │ gzip:     0.25 kB │ map:      1.16 kB
out/renderer/assets/scale-kMfHrNaE.js                                    0.34 kB │ gzip:     0.23 kB │ map:      1.20 kB
out/renderer/assets/shapes-B0z5TEP5.js                                   0.34 kB │ gzip:     0.27 kB │ map:      1.18 kB
out/renderer/assets/signature-D5koQuzi.js                                0.34 kB │ gzip:     0.26 kB │ map:      1.05 kB
out/renderer/assets/toilet-CvxYRo1L.js                                   0.34 kB │ gzip:     0.25 kB │ map:      1.04 kB
out/renderer/assets/videotape-DJA5-Vnt.js                                0.34 kB │ gzip:     0.24 kB │ map:      1.31 kB
out/renderer/assets/cast-DcdKuK5D.js                                     0.34 kB │ gzip:     0.24 kB │ map:      1.16 kB
out/renderer/assets/file-check-CVxdPWBE.js                               0.34 kB │ gzip:     0.25 kB │ map:      1.12 kB
out/renderer/assets/message-circle-x-eOyuTANr.js                         0.34 kB │ gzip:     0.26 kB │ map:      1.15 kB
out/renderer/assets/message-square-x-BnqrQfII.js                         0.34 kB │ gzip:     0.25 kB │ map:      1.15 kB
out/renderer/assets/pencil-line-CeR9j7aL.js                              0.34 kB │ gzip:     0.26 kB │ map:      1.12 kB
out/renderer/assets/sticky-note-check-D7p57OJN.js                        0.34 kB │ gzip:     0.25 kB │ map:      1.16 kB
out/renderer/assets/table-of-contents-DMt_v9bD.js                        0.34 kB │ gzip:     0.22 kB │ map:      1.30 kB
out/renderer/assets/book-search-LFefcNik.js                              0.35 kB │ gzip:     0.26 kB │ map:      1.18 kB
out/renderer/assets/hard-hat-Bz3JZ_ks.js                                 0.35 kB │ gzip:     0.25 kB │ map:      1.20 kB
out/renderer/assets/list-video-SBFulfBd.js                               0.35 kB │ gzip:     0.23 kB │ map:      1.18 kB
out/renderer/assets/printer-C9h88uiu.js                                  0.35 kB │ gzip:     0.25 kB │ map:      1.16 kB
out/renderer/assets/star-half-UhdDBPdW.js                                0.35 kB │ gzip:     0.26 kB │ map:      0.99 kB
out/renderer/assets/chunk-FMBD7UC4-CfwKJ2U6.js                           0.35 kB │ gzip:     0.26 kB │ map:      0.74 kB
out/renderer/assets/diamond-plus-BgPXtM8L.js                             0.35 kB │ gzip:     0.24 kB │ map:      1.13 kB
out/renderer/assets/fuel-DY2vNIQ3.js                                     0.35 kB │ gzip:     0.24 kB │ map:      1.14 kB
out/renderer/assets/move-D2yhUI2p.js                                     0.35 kB │ gzip:     0.23 kB │ map:      1.25 kB
out/renderer/assets/square-pen-iUvskH3G.js                               0.35 kB │ gzip:     0.25 kB │ map:      1.06 kB
out/renderer/assets/book-copy-Y0uq1aYB.js                                0.35 kB │ gzip:     0.24 kB │ map:      1.12 kB
out/renderer/assets/cloud-moon-BsNuD3KE.js                               0.35 kB │ gzip:     0.27 kB │ map:      1.06 kB
out/renderer/assets/cup-soda-B3n2WS9K.js                                 0.35 kB │ gzip:     0.24 kB │ map:      1.14 kB
out/renderer/assets/folders-B9oha32N.js                                  0.35 kB │ gzip:     0.24 kB │ map:      1.06 kB
out/renderer/assets/git-pull-request-arrow-CGa9XZjt.js                   0.35 kB │ gzip:     0.25 kB │ map:      1.33 kB
out/renderer/assets/heart-x-CSFnE_Vc.js                                  0.35 kB │ gzip:     0.25 kB │ map:      1.11 kB
out/renderer/assets/send-to-back-danOSzMi.js                             0.35 kB │ gzip:     0.24 kB │ map:      1.27 kB
out/renderer/assets/square-stack-CoY18D8o.js                             0.35 kB │ gzip:     0.25 kB │ map:      1.16 kB
out/renderer/assets/stamp-Orf058Pf.js                                    0.35 kB │ gzip:     0.25 kB │ map:      1.10 kB
out/renderer/assets/superscript-LitA9A7X.js                              0.35 kB │ gzip:     0.27 kB │ map:      1.13 kB
out/renderer/assets/ticket-BjQIsqyF.js                                   0.35 kB │ gzip:     0.23 kB │ map:      1.16 kB
out/renderer/assets/calendar-minus-DYMNfXmu.js                           0.35 kB │ gzip:     0.23 kB │ map:      1.24 kB
out/renderer/assets/folder-root-CTP_K5zo.js                              0.35 kB │ gzip:     0.26 kB │ map:      1.15 kB
out/renderer/assets/hand-helping-BMNilw_3.js                             0.35 kB │ gzip:     0.27 kB │ map:      1.13 kB
out/renderer/assets/microwave-DEaY1HCq.js                                0.35 kB │ gzip:     0.24 kB │ map:      1.32 kB
out/renderer/assets/phone-BmLhjuXE.js                                    0.35 kB │ gzip:     0.25 kB │ map:      0.97 kB
out/renderer/assets/spell-check-2-B8VIwlKE.js                            0.35 kB │ gzip:     0.22 kB │ map:      1.14 kB
out/renderer/assets/a-large-small-DdeIYarh.js                            0.35 kB │ gzip:     0.26 kB │ map:      1.17 kB
out/renderer/assets/eye-closed-D2T8enov.js                               0.35 kB │ gzip:     0.24 kB │ map:      1.22 kB
out/renderer/assets/funnel-plus-CXzodjw2.js                              0.35 kB │ gzip:     0.26 kB │ map:      1.13 kB
out/renderer/assets/id-card-CT3gRxGF.js                                  0.35 kB │ gzip:     0.26 kB │ map:      1.28 kB
out/renderer/assets/message-square-code-DGRJVyvv.js                      0.35 kB │ gzip:     0.26 kB │ map:      1.17 kB
out/renderer/assets/rotate-ccw-key-BS3tS4Ho.js                           0.35 kB │ gzip:     0.25 kB │ map:      1.26 kB
out/renderer/assets/screen-share-CFc9W41f.js                             0.35 kB │ gzip:     0.24 kB │ map:      1.22 kB
out/renderer/assets/server-ZdAfYPVE.js                                   0.35 kB │ gzip:     0.22 kB │ map:      1.37 kB
out/renderer/assets/whole-word-ChbEkupl.js                               0.35 kB │ gzip:     0.25 kB │ map:      1.27 kB
out/renderer/assets/mail-warning-DQ9z8Lge.js                             0.35 kB │ gzip:     0.26 kB │ map:      1.17 kB
out/renderer/assets/message-circle-warning-CGRJqUU4.js                   0.35 kB │ gzip:     0.26 kB │ map:      1.18 kB
out/renderer/assets/square-mouse-pointer-daw3qJ21.js                     0.35 kB │ gzip:     0.26 kB │ map:      1.13 kB
out/renderer/assets/tv-minimal-play-C6xKsGCu.js                          0.35 kB │ gzip:     0.27 kB │ map:      1.20 kB
out/renderer/assets/alarm-clock-CFdv958Y.js                              0.35 kB │ gzip:     0.24 kB │ map:      1.33 kB
out/renderer/assets/flip-horizontal-2-egM-Dfg-.js                        0.35 kB │ gzip:     0.23 kB │ map:      1.32 kB
out/renderer/assets/squares-exclude-CId7mDRJ.js                          0.35 kB │ gzip:     0.24 kB │ map:      1.12 kB
out/renderer/assets/user-key-HbypOjYw.js                                 0.35 kB │ gzip:     0.25 kB │ map:      1.26 kB
out/renderer/assets/contact-round-u6tOv4K0.js                            0.35 kB │ gzip:     0.26 kB │ map:      1.32 kB
out/renderer/assets/heading-5-BMk60lgW.js                                0.35 kB │ gzip:     0.25 kB │ map:      1.23 kB
out/renderer/assets/library-big-C8JjZ-q9.js                              0.35 kB │ gzip:     0.28 kB │ map:      1.19 kB
out/renderer/assets/sailboat-CCIs8DiN.js                                 0.35 kB │ gzip:     0.25 kB │ map:      1.13 kB
out/renderer/assets/square-divide-CTRH4F_-.js                            0.35 kB │ gzip:     0.24 kB │ map:      1.37 kB
out/renderer/assets/zodiac-virgo-Cbnvqjzm.js                             0.35 kB │ gzip:     0.23 kB │ map:      1.17 kB
out/renderer/assets/battery-charging-QmnmuZd0.js                         0.35 kB │ gzip:     0.25 kB │ map:      1.19 kB
out/renderer/assets/book-heart--gDlxmx0.js                               0.35 kB │ gzip:     0.26 kB │ map:      1.10 kB
out/renderer/assets/fan-DFqFMr4k.js                                      0.35 kB │ gzip:     0.24 kB │ map:      1.03 kB
out/renderer/assets/message-circle-reply-CvRsJjhQ.js                     0.35 kB │ gzip:     0.26 kB │ map:      1.20 kB
out/renderer/assets/screen-share-off-BQCWGjXK.js                         0.35 kB │ gzip:     0.24 kB │ map:      1.25 kB
out/renderer/assets/bell-minus-BhtvY-87.js                               0.35 kB │ gzip:     0.27 kB │ map:      1.13 kB
out/renderer/assets/calendar-check-2-3_C4IHAp.js                         0.35 kB │ gzip:     0.24 kB │ map:      1.25 kB
out/renderer/assets/nfc-mA35pLco.js                                      0.35 kB │ gzip:     0.24 kB │ map:      1.13 kB
out/renderer/assets/volume-1-D7gQbmXi.js                                 0.35 kB │ gzip:     0.26 kB │ map:      1.06 kB
out/renderer/assets/wallet-cards-CuLkZC6U.js                             0.35 kB │ gzip:     0.27 kB │ map:      1.20 kB
out/renderer/assets/badge-minus-CFoE28dv.js                              0.36 kB │ gzip:     0.25 kB │ map:      1.11 kB
out/renderer/assets/map-pin-minus-Bny8bKT-.js                            0.36 kB │ gzip:     0.28 kB │ map:      1.17 kB
out/renderer/assets/notebook-BYfuXbye.js                                 0.36 kB │ gzip:     0.24 kB │ map:      1.33 kB
out/renderer/assets/shield-ban-DzAfQ9Y5.js                               0.36 kB │ gzip:     0.27 kB │ map:      1.07 kB
out/renderer/assets/tickets-8J4fMCt4.js                                  0.36 kB │ gzip:     0.26 kB │ map:      1.26 kB
out/renderer/assets/arrow-big-down-dash-DZX_ME2e.js                      0.36 kB │ gzip:     0.25 kB │ map:      1.11 kB
out/renderer/assets/arrow-big-left-dash-C85jN0VK.js                      0.36 kB │ gzip:     0.25 kB │ map:      1.11 kB
out/renderer/assets/arrow-big-right-dash-Cz0DdRxU.js                     0.36 kB │ gzip:     0.25 kB │ map:      1.12 kB
out/renderer/assets/flip-vertical-2-BX8MspSr.js                          0.36 kB │ gzip:     0.23 kB │ map:      1.31 kB
out/renderer/assets/folder-code-CaMD1shT.js                              0.36 kB │ gzip:     0.25 kB │ map:      1.14 kB
out/renderer/assets/funnel-x-tJZ4tFBS.js                                 0.36 kB │ gzip:     0.26 kB │ map:      1.12 kB
out/renderer/assets/arrow-big-up-dash-BdK5Lq7Q.js                        0.36 kB │ gzip:     0.25 kB │ map:      1.10 kB
out/renderer/assets/bath-BFfssrYX.js                                     0.36 kB │ gzip:     0.23 kB │ map:      1.23 kB
out/renderer/assets/megaphone-Cth09YvL.js                                0.36 kB │ gzip:     0.25 kB │ map:      1.14 kB
out/renderer/assets/message-circle-code-RSNLNDJ6.js                      0.36 kB │ gzip:     0.26 kB │ map:      1.18 kB
out/renderer/assets/message-square-text-CT9nyDGm.js                      0.36 kB │ gzip:     0.25 kB │ map:      1.25 kB
out/renderer/assets/pin-WmX8g8V9.js                                      0.36 kB │ gzip:     0.24 kB │ map:      1.05 kB
out/renderer/assets/scan-line-ThnqOpIV.js                                0.36 kB │ gzip:     0.24 kB │ map:      1.22 kB
out/renderer/assets/creative-commons-BtJBkyMz.js                         0.36 kB │ gzip:     0.23 kB │ map:      1.19 kB
out/renderer/assets/scooter-DouiJYgF.js                                  0.36 kB │ gzip:     0.26 kB │ map:      1.22 kB
out/renderer/assets/file-chart-line-DgXj2E31.js                          0.36 kB │ gzip:     0.26 kB │ map:      1.16 kB
out/renderer/assets/git-graph-flQcRJVR.js                                0.36 kB │ gzip:     0.23 kB │ map:      1.38 kB
out/renderer/assets/heart-pulse-6MadqyJh.js                              0.36 kB │ gzip:     0.27 kB │ map:      1.08 kB
out/renderer/assets/layers-2-DRnu3wvE.js                                 0.36 kB │ gzip:     0.25 kB │ map:      1.09 kB
out/renderer/assets/ticket-percent-UcyJqSdD.js                           0.36 kB │ gzip:     0.25 kB │ map:      1.22 kB
out/renderer/assets/gem-BylJBaD_.js                                      0.36 kB │ gzip:     0.26 kB │ map:      1.10 kB
out/renderer/assets/gift-BdmEhCS8.js                                     0.36 kB │ gzip:     0.26 kB │ map:      1.22 kB
out/renderer/assets/heading-3-rPzmAU03.js                                0.36 kB │ gzip:     0.24 kB │ map:      1.22 kB
out/renderer/assets/pin-off-BbWa3xxP.js                                  0.36 kB │ gzip:     0.26 kB │ map:      1.18 kB
out/renderer/assets/scroll-text-JWR892jz.js                              0.36 kB │ gzip:     0.23 kB │ map:      1.22 kB
out/renderer/assets/user-round-pen-mz2W82lm.js                           0.36 kB │ gzip:     0.27 kB │ map:      1.20 kB
out/renderer/assets/book-open-check-BqeW7TD7.js                          0.36 kB │ gzip:     0.25 kB │ map:      1.16 kB
out/renderer/assets/clipboard-plus-B1RnzoOy.js                           0.36 kB │ gzip:     0.26 kB │ map:      1.29 kB
out/renderer/assets/clipboard-x-DomC3DN4.js                              0.36 kB │ gzip:     0.25 kB │ map:      1.27 kB
out/renderer/assets/contact-Dx9PD-lo.js                                  0.36 kB │ gzip:     0.26 kB │ map:      1.30 kB
out/renderer/assets/file-question-mark-CStIZMfs.js                       0.36 kB │ gzip:     0.26 kB │ map:      1.18 kB
out/renderer/assets/message-square-reply-Bvy4Bz8Y.js                     0.36 kB │ gzip:     0.26 kB │ map:      1.19 kB
out/renderer/assets/spool-D5QI_Rpy.js                                    0.36 kB │ gzip:     0.26 kB │ map:      1.08 kB
out/renderer/assets/wallpaper-C2hJ7Yfc.js                                0.36 kB │ gzip:     0.27 kB │ map:      1.31 kB
out/renderer/assets/book-lock-BZ0yVlN9.js                                0.36 kB │ gzip:     0.27 kB │ map:      1.22 kB
out/renderer/assets/bottle-wine-CJsRrzJ5.js                              0.36 kB │ gzip:     0.25 kB │ map:      1.08 kB
out/renderer/assets/camera-CdDj-jPj.js                                   0.36 kB │ gzip:     0.27 kB │ map:      1.08 kB
out/renderer/assets/cooking-pot-mQLJxqPz.js                              0.36 kB │ gzip:     0.25 kB │ map:      1.20 kB
out/renderer/assets/folder-search-2-Bffgv7aY.js                          0.36 kB │ gzip:     0.26 kB │ map:      1.19 kB
out/renderer/assets/calendar-x-XZmQzMRI.js                               0.36 kB │ gzip:     0.25 kB │ map:      1.34 kB
out/renderer/assets/image-down-DU_JKvuy.js                               0.36 kB │ gzip:     0.27 kB │ map:      1.23 kB
out/renderer/assets/image-up-CUJneBXi.js                                 0.36 kB │ gzip:     0.27 kB │ map:      1.22 kB
out/renderer/assets/init-no6T8tyV.js                                     0.36 kB │ gzip:     0.17 kB │ map:      1.23 kB
out/renderer/assets/list-restart-CNHM34ea.js                             0.36 kB │ gzip:     0.25 kB │ map:      1.27 kB
out/renderer/assets/webhook-DmIXlFrJ.js                                  0.36 kB │ gzip:     0.27 kB │ map:      1.14 kB
out/renderer/assets/calendar-plus-2-DLX2acEn.js                          0.36 kB │ gzip:     0.25 kB │ map:      1.37 kB
out/renderer/assets/drafting-compass-Dk3aQMnN.js                         0.36 kB │ gzip:     0.27 kB │ map:      1.30 kB
out/renderer/assets/flashlight-C5qSefUf.js                               0.36 kB │ gzip:     0.26 kB │ map:      1.14 kB
out/renderer/assets/focus-DHUWHrxW.js                                    0.36 kB │ gzip:     0.25 kB │ map:      1.24 kB
out/renderer/assets/lectern-34a9gqT5.js                                  0.36 kB │ gzip:     0.27 kB │ map:      1.18 kB
out/renderer/assets/package-2-CIWBbTfh.js                                0.36 kB │ gzip:     0.26 kB │ map:      1.13 kB
out/renderer/assets/shield-alert-DXH7b81J.js                             0.36 kB │ gzip:     0.26 kB │ map:      1.16 kB
out/renderer/assets/type-outline-BVM8Guv-.js                             0.36 kB │ gzip:     0.23 kB │ map:      1.02 kB
out/renderer/assets/bitcoin-DstYqnP9.js                                  0.37 kB │ gzip:     0.27 kB │ map:      1.00 kB
out/renderer/assets/book-key-m4i_etT8.js                                 0.37 kB │ gzip:     0.26 kB │ map:      1.25 kB
out/renderer/assets/database-zap-BsVjoRlc.js                             0.37 kB │ gzip:     0.26 kB │ map:      1.29 kB
out/renderer/assets/loader-pinwheel-DgQI5F9K.js                          0.37 kB │ gzip:     0.25 kB │ map:      1.23 kB
out/renderer/assets/angry-Bxc9PEpL.js                                    0.37 kB │ gzip:     0.25 kB │ map:      1.30 kB
out/renderer/assets/archive-restore-DfxmaTg4.js                          0.37 kB │ gzip:     0.26 kB │ map:      1.32 kB
out/renderer/assets/battery-warning-CQ-9EGQx.js                          0.37 kB │ gzip:     0.24 kB │ map:      1.26 kB
out/renderer/assets/file-down-B6PBoDZo.js                                0.37 kB │ gzip:     0.25 kB │ map:      1.21 kB
out/renderer/assets/files-DiQkN8Ql.js                                    0.37 kB │ gzip:     0.23 kB │ map:      1.13 kB
out/renderer/assets/folder-lock-DwTNNBTN.js                              0.37 kB │ gzip:     0.27 kB │ map:      1.20 kB
out/renderer/assets/key-round-6WEmfKWX.js                                0.37 kB │ gzip:     0.26 kB │ map:      1.13 kB
out/renderer/assets/picture-in-picture-CG6x7BRT.js                       0.37 kB │ gzip:     0.26 kB │ map:      1.33 kB
out/renderer/assets/shopping-bag-CfScBfh4.js                             0.37 kB │ gzip:     0.26 kB │ map:      1.15 kB
out/renderer/assets/weight-tilde-BHKY5hVA.js                             0.37 kB │ gzip:     0.27 kB │ map:      1.18 kB
out/renderer/assets/air-vent-DhPzXqm7.js                                 0.37 kB │ gzip:     0.26 kB │ map:      1.20 kB
out/renderer/assets/ethernet-port-DDgk2OSv.js                            0.37 kB │ gzip:     0.23 kB │ map:      1.28 kB
out/renderer/assets/file-symlink-CJvy6WvL.js                             0.37 kB │ gzip:     0.26 kB │ map:      1.15 kB
out/renderer/assets/image-minus-DgGpdsgc.js                              0.37 kB │ gzip:     0.27 kB │ map:      1.25 kB
out/renderer/assets/timer-off-DsKIhtBi.js                                0.37 kB │ gzip:     0.25 kB │ map:      1.23 kB
out/renderer/assets/user-pen-CF8K6kM8.js                                 0.37 kB │ gzip:     0.27 kB │ map:      1.16 kB
out/renderer/assets/alarm-clock-minus-C2VBK47V.js                        0.37 kB │ gzip:     0.25 kB │ map:      1.36 kB
out/renderer/assets/citrus-D9DadBnt.js                                   0.37 kB │ gzip:     0.27 kB │ map:      1.19 kB
out/renderer/assets/folder-key-0-GkWq7P.js                               0.37 kB │ gzip:     0.26 kB │ map:      1.23 kB
out/renderer/assets/mouse-pointer-ban-CVFmSQ-u.js                        0.37 kB │ gzip:     0.28 kB │ map:      1.21 kB
out/renderer/assets/stethoscope-BGHHW8H5.js                              0.37 kB │ gzip:     0.25 kB │ map:      1.27 kB
out/renderer/assets/accessibility-hGMKpQr2.js                            0.37 kB │ gzip:     0.26 kB │ map:      1.29 kB
out/renderer/assets/globe-lock-BdoL9wiq.js                               0.37 kB │ gzip:     0.27 kB │ map:      1.26 kB
out/renderer/assets/utility-pole-BA9C-_rO.js                             0.37 kB │ gzip:     0.23 kB │ map:      1.37 kB
out/renderer/assets/venetian-mask-CXK-E-FG.js                            0.37 kB │ gzip:     0.25 kB │ map:      1.16 kB
out/renderer/assets/file-clock-D7vtOjD0.js                               0.37 kB │ gzip:     0.26 kB │ map:      1.25 kB
out/renderer/assets/file-x-corner-BOgjbSfX.js                            0.37 kB │ gzip:     0.26 kB │ map:      1.22 kB
out/renderer/assets/git-pull-request-closed-NN1Sf0hx.js                  0.37 kB │ gzip:     0.25 kB │ map:      1.41 kB
out/renderer/assets/message-circle-question-mark-GPDoTYls.js             0.37 kB │ gzip:     0.27 kB │ map:      1.25 kB
out/renderer/assets/newspaper-BxNKpEiA.js                                0.37 kB │ gzip:     0.26 kB │ map:      1.26 kB
out/renderer/assets/bell-dot-BWHrf6mM.js                                 0.37 kB │ gzip:     0.28 kB │ map:      1.16 kB
out/renderer/assets/dice-5-DB1rw5jL.js                                   0.37 kB │ gzip:     0.24 kB │ map:      1.35 kB
out/renderer/assets/file-code-corner-Cq2fNaBg.js                         0.37 kB │ gzip:     0.25 kB │ map:      1.26 kB
out/renderer/assets/heart-plus-BmodBAt2.js                               0.37 kB │ gzip:     0.27 kB │ map:      1.14 kB
out/renderer/assets/hourglass-DgUXHf9G.js                                0.37 kB │ gzip:     0.24 kB │ map:      1.23 kB
out/renderer/assets/house-heart-Cu9DzVAH.js                              0.37 kB │ gzip:     0.26 kB │ map:      1.12 kB
out/renderer/assets/message-square-quote-BXsjXP-q.js                     0.37 kB │ gzip:     0.26 kB │ map:      1.20 kB
out/renderer/assets/octagon-B9La_qko.js                                  0.37 kB │ gzip:     0.24 kB │ map:      1.01 kB
out/renderer/assets/pen-off-rqr1hwP9.js                                  0.37 kB │ gzip:     0.27 kB │ map:      1.13 kB
out/renderer/assets/folder-open-dot-qS52W9Zn.js                          0.37 kB │ gzip:     0.27 kB │ map:      1.14 kB
out/renderer/assets/lamp-Ce7sdptx.js                                     0.37 kB │ gzip:     0.26 kB │ map:      1.13 kB
out/renderer/assets/layout-grid-BQGBF2cW.js                              0.37 kB │ gzip:     0.21 kB │ map:      1.40 kB
out/renderer/assets/map-pin-check-CuXbdwH_.js                            0.37 kB │ gzip:     0.29 kB │ map:      1.19 kB
out/renderer/assets/message-square-lock-Dw3pqIKG.js                      0.37 kB │ gzip:     0.28 kB │ map:      1.25 kB
out/renderer/assets/smartphone-nfc-CwlcCrn2.js                           0.37 kB │ gzip:     0.27 kB │ map:      1.26 kB
out/renderer/assets/stone-w2b2jcIx.js                                    0.37 kB │ gzip:     0.26 kB │ map:      1.13 kB
out/renderer/assets/crown-CHVA30ca.js                                    0.37 kB │ gzip:     0.26 kB │ map:      1.08 kB
out/renderer/assets/currency-C6-ZxrBg.js                                 0.37 kB │ gzip:     0.23 kB │ map:      1.42 kB
out/renderer/assets/decimals-arrow-right-BcLe6mHd.js                     0.37 kB │ gzip:     0.25 kB │ map:      1.40 kB
out/renderer/assets/droplet-off-BApkMygY.js                              0.37 kB │ gzip:     0.28 kB │ map:      1.17 kB
out/renderer/assets/gpu-BD9DeN6O.js                                      0.37 kB │ gzip:     0.25 kB │ map:      1.26 kB
out/renderer/assets/message-square-diff-CTCLnGdi.js                      0.37 kB │ gzip:     0.26 kB │ map:      1.25 kB
out/renderer/assets/paw-print-Df9RNrLe.js                                0.37 kB │ gzip:     0.27 kB │ map:      1.29 kB
out/renderer/assets/skull-fQz3B7ru.js                                    0.37 kB │ gzip:     0.26 kB │ map:      1.24 kB
out/renderer/assets/sticky-note-x-DG-HUp7N.js                            0.37 kB │ gzip:     0.26 kB │ map:      1.22 kB
out/renderer/assets/alarm-clock-check-Cg7g3kGV.js                        0.37 kB │ gzip:     0.26 kB │ map:      1.37 kB
out/renderer/assets/blinds-CCiLJEB2.js                                   0.37 kB │ gzip:     0.24 kB │ map:      1.37 kB
out/renderer/assets/chart-bar-stacked-B0tKS9_5.js                        0.37 kB │ gzip:     0.25 kB │ map:      1.39 kB
out/renderer/assets/cuboid-YuUIDfuD.js                                   0.37 kB │ gzip:     0.26 kB │ map:      1.13 kB
out/renderer/assets/image-plus-BIbcY6lc.js                               0.37 kB │ gzip:     0.26 kB │ map:      1.28 kB
out/renderer/assets/land-plot-yeW3qmIR.js                                0.37 kB │ gzip:     0.26 kB │ map:      1.21 kB
out/renderer/assets/monitor-speaker-DDg_bF85.js                          0.37 kB │ gzip:     0.27 kB │ map:      1.35 kB
out/renderer/assets/washing-machine-BwrN7Gif.js                          0.37 kB │ gzip:     0.27 kB │ map:      1.35 kB
out/renderer/assets/file-plus-BadEy3cd.js                                0.38 kB │ gzip:     0.26 kB │ map:      1.21 kB
out/renderer/assets/file-plus-corner-DN2PjT-b.js                         0.38 kB │ gzip:     0.26 kB │ map:      1.24 kB
out/renderer/assets/folder-kanban-DkGXcX8y.js                            0.38 kB │ gzip:     0.26 kB │ map:      1.23 kB
out/renderer/assets/locate-DlLKltSU.js                                   0.38 kB │ gzip:     0.23 kB │ map:      1.42 kB
out/renderer/assets/podcast-DRsWhgZl.js                                  0.38 kB │ gzip:     0.27 kB │ map:      1.24 kB
out/renderer/assets/shield-plus-CHRDrqXM.js                              0.38 kB │ gzip:     0.27 kB │ map:      1.15 kB
out/renderer/assets/chess-pawn-BMKcaPjX.js                               0.38 kB │ gzip:     0.26 kB │ map:      1.29 kB
out/renderer/assets/copy-x-DOmO7fTM.js                                   0.38 kB │ gzip:     0.27 kB │ map:      1.31 kB
out/renderer/assets/messages-square-Bzq9zsoN.js                          0.38 kB │ gzip:     0.26 kB │ map:      1.16 kB
out/renderer/assets/battery-plus-DN7J2m48.js                             0.38 kB │ gzip:     0.25 kB │ map:      1.25 kB
out/renderer/assets/chart-column-stacked-CBHj-I13.js                     0.38 kB │ gzip:     0.26 kB │ map:      1.40 kB
out/renderer/assets/layout-dashboard-BBncwDlU.js                         0.38 kB │ gzip:     0.22 kB │ map:      1.43 kB
out/renderer/assets/monitor-off-BRlmMPwF.js                              0.38 kB │ gzip:     0.26 kB │ map:      1.25 kB
out/renderer/assets/book-up-2-BLhcFCbg.js                                0.38 kB │ gzip:     0.25 kB │ map:      1.24 kB
out/renderer/assets/book-headphones-Byc8eJKX.js                          0.38 kB │ gzip:     0.26 kB │ map:      1.30 kB
out/renderer/assets/circuit-board-DUOw7Syw.js                            0.38 kB │ gzip:     0.26 kB │ map:      1.37 kB
out/renderer/assets/copy-plus-0PD9iJ-k.js                                0.38 kB │ gzip:     0.27 kB │ map:      1.33 kB
out/renderer/assets/crosshair-B25zPhQq.js                                0.38 kB │ gzip:     0.24 kB │ map:      1.43 kB
out/renderer/assets/file-up-Ba4rTCAU.js                                  0.38 kB │ gzip:     0.26 kB │ map:      1.20 kB
out/renderer/assets/folder-git-CEA813Yp.js                               0.38 kB │ gzip:     0.26 kB │ map:      1.24 kB
out/renderer/assets/metronome-4TrYIWAo.js                                0.38 kB │ gzip:     0.28 kB │ map:      1.24 kB
out/renderer/assets/notepad-text-CnAYydEk.js                             0.38 kB │ gzip:     0.24 kB │ map:      1.45 kB
out/renderer/assets/plug-zap-Bj-HsilJ.js                                 0.38 kB │ gzip:     0.25 kB │ map:      1.25 kB
out/renderer/assets/train-track-1G4jrvee.js                              0.38 kB │ gzip:     0.23 kB │ map:      1.37 kB
out/renderer/assets/diameter-_Lo8lHYq.js                                 0.38 kB │ gzip:     0.25 kB │ map:      1.30 kB
out/renderer/assets/file-axis-3d-ZztH19Pa.js                             0.38 kB │ gzip:     0.26 kB │ map:      1.23 kB
out/renderer/assets/message-square-more-BYpDdDl5.js                      0.38 kB │ gzip:     0.26 kB │ map:      1.26 kB
out/renderer/assets/git-pull-request-create-arrow-XOdhIFHo.js            0.38 kB │ gzip:     0.26 kB │ map:      1.43 kB
out/renderer/assets/house-plus-uNPN9vZQ.js                               0.38 kB │ gzip:     0.26 kB │ map:      1.22 kB
out/renderer/assets/orbit-BmiUJ_kr.js                                    0.38 kB │ gzip:     0.26 kB │ map:      1.31 kB
out/renderer/assets/sport-shoe-DKahWytR.js                               0.38 kB │ gzip:     0.28 kB │ map:      1.16 kB
out/renderer/assets/sticky-note-plus-B1mCiywG.js                         0.38 kB │ gzip:     0.27 kB │ map:      1.25 kB
out/renderer/assets/LineChart-_4loREMG.js                                0.38 kB │ gzip:     0.27 kB │ map:      1.05 kB
out/renderer/assets/cigarette-CVMucgQP.js                                0.38 kB │ gzip:     0.24 kB │ map:      1.25 kB
out/renderer/assets/grip-vertical-nVGdNog1.js                            0.38 kB │ gzip:     0.20 kB │ map:      1.51 kB
out/renderer/assets/dessert-CWALgf6u.js                                  0.38 kB │ gzip:     0.27 kB │ map:      1.17 kB
out/renderer/assets/door-closed-locked-ZA-13TZD.js                       0.38 kB │ gzip:     0.27 kB │ map:      1.35 kB
out/renderer/assets/file-output-BmorRsQA.js                              0.38 kB │ gzip:     0.26 kB │ map:      1.24 kB
out/renderer/assets/file-x-B9ETiQLw.js                                   0.38 kB │ gzip:     0.26 kB │ map:      1.20 kB
out/renderer/assets/folder-heart-327VCA0-.js                             0.38 kB │ gzip:     0.27 kB │ map:      1.14 kB
out/renderer/assets/glasses-3LaIoREo.js                                  0.38 kB │ gzip:     0.26 kB │ map:      1.29 kB
out/renderer/assets/lightbulb-off-C6mjZWw3.js                            0.38 kB │ gzip:     0.27 kB │ map:      1.27 kB
out/renderer/assets/list-ordered-BQNyYIOZ.js                             0.38 kB │ gzip:     0.25 kB │ map:      1.32 kB
out/renderer/assets/monitor-play-BKhNh6Yw.js                             0.38 kB │ gzip:     0.28 kB │ map:      1.28 kB
out/renderer/assets/package-CH2AC1lf.js                                  0.38 kB │ gzip:     0.26 kB │ map:      1.22 kB
out/renderer/assets/share-2-DdxcFFaV.js                                  0.38 kB │ gzip:     0.25 kB │ map:      1.40 kB
out/renderer/assets/shield-x-2Q1KTd19.js                                 0.38 kB │ gzip:     0.27 kB │ map:      1.15 kB
out/renderer/assets/turtle-Rm5UnLND.js                                   0.38 kB │ gzip:     0.25 kB │ map:      1.21 kB
out/renderer/assets/file-terminal-B9WrqmVh.js                            0.38 kB │ gzip:     0.26 kB │ map:      1.24 kB
out/renderer/assets/grip-horizontal-B_xBphz0.js                          0.38 kB │ gzip:     0.20 kB │ map:      1.52 kB
out/renderer/assets/bell-plus-BO90J3B3.js                                0.39 kB │ gzip:     0.28 kB │ map:      1.22 kB
out/renderer/assets/calendar-x-2-Dw7QNT-6.js                             0.39 kB │ gzip:     0.25 kB │ map:      1.32 kB
out/renderer/assets/cookie-DQ-PyPlu.js                                   0.39 kB │ gzip:     0.23 kB │ map:      1.30 kB
out/renderer/assets/file-input-DW5zG5X9.js                               0.39 kB │ gzip:     0.26 kB │ map:      1.22 kB
out/renderer/assets/speech-BVOk5pWL.js                                   0.39 kB │ gzip:     0.28 kB │ map:      1.14 kB
out/renderer/assets/switch-camera-DGoritYB.js                            0.39 kB │ gzip:     0.26 kB │ map:      1.30 kB
out/renderer/assets/binary-Dq61vlT6.js                                   0.39 kB │ gzip:     0.24 kB │ map:      1.40 kB
out/renderer/assets/card-sim-D1Fmomh8.js                                 0.39 kB │ gzip:     0.27 kB │ map:      1.27 kB
out/renderer/assets/clapperboard-B9z8gQCl.js                             0.39 kB │ gzip:     0.28 kB │ map:      1.22 kB
out/renderer/assets/fullscreen-Bxr8FIbN.js                               0.39 kB │ gzip:     0.26 kB │ map:      1.31 kB
out/renderer/assets/lamp-wall-down-CrYp7rI0.js                           0.39 kB │ gzip:     0.26 kB │ map:      1.20 kB
out/renderer/assets/lamp-wall-up-CNuABk8D.js                             0.39 kB │ gzip:     0.26 kB │ map:      1.19 kB
out/renderer/assets/mic-vocal-D7gUHnJD.js                                0.39 kB │ gzip:     0.29 kB │ map:      1.22 kB
out/renderer/assets/badge-cent-BGItbj_U.js                               0.39 kB │ gzip:     0.25 kB │ map:      1.16 kB
out/renderer/assets/badge-euro-Dq8rOzd0.js                               0.39 kB │ gzip:     0.25 kB │ map:      1.16 kB
out/renderer/assets/file-search-CsNawao1.js                              0.39 kB │ gzip:     0.27 kB │ map:      1.27 kB
out/renderer/assets/layout-list-BZ5CNHO7.js                              0.39 kB │ gzip:     0.24 kB │ map:      1.43 kB
out/renderer/assets/syringe-DSUAUAO2.js                                  0.39 kB │ gzip:     0.26 kB │ map:      1.30 kB
out/renderer/assets/calendar-plus-DNhZ9qKI.js                            0.39 kB │ gzip:     0.25 kB │ map:      1.33 kB
out/renderer/assets/mailbox-DQrr2k52.js                                  0.39 kB │ gzip:     0.28 kB │ map:      1.26 kB
out/renderer/assets/message-circle-more-lxxtw4tR.js                      0.39 kB │ gzip:     0.27 kB │ map:      1.27 kB
out/renderer/assets/parking-meter-Na_WNozN.js                            0.39 kB │ gzip:     0.26 kB │ map:      1.30 kB
out/renderer/assets/snail-BulCM81p.js                                    0.39 kB │ gzip:     0.27 kB │ map:      1.26 kB
out/renderer/assets/utensils-crossed-DBxnE0ym.js                         0.39 kB │ gzip:     0.27 kB │ map:      1.24 kB
out/renderer/assets/calendar-clock-C5Z6Kvjr.js                           0.39 kB │ gzip:     0.26 kB │ map:      1.38 kB
out/renderer/assets/captions-off-TgyPNgnL.js                             0.39 kB │ gzip:     0.25 kB │ map:      1.33 kB
out/renderer/assets/house-wifi-DT-ZH29U.js                               0.39 kB │ gzip:     0.26 kB │ map:      1.23 kB
out/renderer/assets/armchair-BZTlcWi9.js                                 0.39 kB │ gzip:     0.25 kB │ map:      1.22 kB
out/renderer/assets/watch-7CTWqh66.js                                    0.39 kB │ gzip:     0.27 kB │ map:      1.22 kB
out/renderer/assets/bell-off-ImSXrHFa.js                                 0.39 kB │ gzip:     0.28 kB │ map:      1.22 kB
out/renderer/assets/file-music-CnIRUNgk.js                               0.39 kB │ gzip:     0.28 kB │ map:      1.26 kB
out/renderer/assets/folder-git-2-BumETF6J.js                             0.39 kB │ gzip:     0.27 kB │ map:      1.29 kB
out/renderer/assets/map-pin-plus-Yz2VMKvN.js                             0.39 kB │ gzip:     0.29 kB │ map:      1.26 kB
out/renderer/assets/src-AEHDFCS5-Dk7uLty9.js                             0.39 kB │ gzip:     0.25 kB
out/renderer/assets/trees-BG6Cicvo.js                                    0.39 kB │ gzip:     0.26 kB │ map:      1.20 kB
out/renderer/assets/birdhouse-Dxu7HLxE.js                                0.39 kB │ gzip:     0.27 kB │ map:      1.35 kB
out/renderer/assets/cake-slice-B4s841Ge.js                               0.39 kB │ gzip:     0.28 kB │ map:      1.25 kB
out/renderer/assets/clipboard-paste-DGg2RxlD.js                          0.39 kB │ gzip:     0.27 kB │ map:      1.36 kB
out/renderer/assets/square-dashed-bottom-code-BhQWqdu2.js                0.39 kB │ gzip:     0.26 kB │ map:      1.35 kB
out/renderer/assets/folder-archive-6ULUQ3R6.js                           0.39 kB │ gzip:     0.28 kB │ map:      1.28 kB
out/renderer/assets/badge-turkish-lira-hFXr7aKC.js                       0.40 kB │ gzip:     0.26 kB │ map:      1.21 kB
out/renderer/assets/clipboard-clock-DApilOgJ.js                          0.40 kB │ gzip:     0.28 kB │ map:      1.38 kB
out/renderer/assets/file-search-corner-BDrqdPUt.js                       0.40 kB │ gzip:     0.28 kB │ map:      1.30 kB
out/renderer/assets/network-BDTZzUGI.js                                  0.40 kB │ gzip:     0.24 kB │ map:      1.43 kB
out/renderer/assets/sheet-CAp6cmZO.js                                    0.40 kB │ gzip:     0.25 kB │ map:      1.47 kB
out/renderer/assets/alarm-clock-off-CtGZmriW.js                          0.40 kB │ gzip:     0.26 kB │ map:      1.35 kB
out/renderer/assets/caravan-CrBYsZsY.js                                  0.40 kB │ gzip:     0.26 kB │ map:      1.22 kB
out/renderer/assets/file-text-Dynj6XoN.js                                0.40 kB │ gzip:     0.25 kB │ map:      1.30 kB
out/renderer/assets/images-CdGl92bu.js                                   0.40 kB │ gzip:     0.29 kB │ map:      1.28 kB
out/renderer/assets/message-circle-off-BqFJe3La.js                       0.40 kB │ gzip:     0.28 kB │ map:      1.21 kB
out/renderer/assets/calendar-arrow-up-z1QBi7mw.js                        0.40 kB │ gzip:     0.26 kB │ map:      1.36 kB
out/renderer/assets/circle-pile-DG3Bw0pH.js                              0.40 kB │ gzip:     0.21 kB │ map:      1.49 kB
out/renderer/assets/ev-charger-DGnewgqj.js                               0.40 kB │ gzip:     0.26 kB │ map:      1.28 kB
out/renderer/assets/map-pin-x-D31l_CNb.js                                0.40 kB │ gzip:     0.29 kB │ map:      1.26 kB
out/renderer/assets/square-parking-off-ys-z0LUJ.js                       0.40 kB │ gzip:     0.27 kB │ map:      1.31 kB
out/renderer/assets/touchpad-off-BW6yqGub.js                             0.40 kB │ gzip:     0.25 kB │ map:      1.34 kB
out/renderer/assets/door-open-BSN-DnAw.js                                0.40 kB │ gzip:     0.26 kB │ map:      1.29 kB
out/renderer/assets/file-code-BQnfw7EE.js                                0.40 kB │ gzip:     0.27 kB │ map:      1.23 kB
out/renderer/assets/file-user-1gfq-sD-.js                                0.40 kB │ gzip:     0.28 kB │ map:      1.26 kB
out/renderer/assets/milk-C0se0Bs8.js                                     0.40 kB │ gzip:     0.27 kB │ map:      1.14 kB
out/renderer/assets/tent-tree-Bbp-1Dpc.js                                0.40 kB │ gzip:     0.26 kB │ map:      1.41 kB
out/renderer/assets/vibrate-off-BU1Cwj_Y.js                              0.40 kB │ gzip:     0.27 kB │ map:      1.32 kB
out/renderer/assets/badge-russian-ruble-C51hKU8F.js                      0.40 kB │ gzip:     0.26 kB │ map:      1.22 kB
out/renderer/assets/bird-BcCSiw1p.js                                     0.40 kB │ gzip:     0.26 kB │ map:      1.30 kB
out/renderer/assets/droplets-7DVcWSnQ.js                                 0.40 kB │ gzip:     0.30 kB │ map:      1.14 kB
out/renderer/assets/file-stack-N7dfe83Y.js                               0.40 kB │ gzip:     0.25 kB │ map:      1.18 kB
out/renderer/assets/flask-conical-off-CpYlhIDx.js                        0.40 kB │ gzip:     0.26 kB │ map:      1.36 kB
out/renderer/assets/hard-drive-CeolX-9g.js                               0.40 kB │ gzip:     0.26 kB │ map:      1.25 kB
out/renderer/assets/mouse-pointer-2-off-DaOtQAZP.js                      0.40 kB │ gzip:     0.29 kB │ map:      1.22 kB
out/renderer/assets/refresh-ccw-dot-vzI4Dadq.js                          0.40 kB │ gzip:     0.27 kB │ map:      1.32 kB
out/renderer/assets/sparkle-Duin1QSr.js                                  0.40 kB │ gzip:     0.24 kB │ map:      1.03 kB
out/renderer/assets/banknote-x-BSHROemu.js                               0.40 kB │ gzip:     0.26 kB │ map:      1.35 kB
out/renderer/assets/gamepad-cgY1-zaT.js                                  0.40 kB │ gzip:     0.26 kB │ map:      1.47 kB
out/renderer/assets/hd-BO-mesYZ.js                                       0.40 kB │ gzip:     0.27 kB │ map:      1.31 kB
out/renderer/assets/pipette-DzB-gzhf.js                                  0.40 kB │ gzip:     0.27 kB │ map:      1.20 kB
out/renderer/assets/quote-C_2R26A9.js                                    0.40 kB │ gzip:     0.20 kB │ map:      1.14 kB
out/renderer/assets/radio-22caUptC.js                                    0.40 kB │ gzip:     0.27 kB │ map:      1.28 kB
out/renderer/assets/signpost-Cyzjmvhp.js                                 0.40 kB │ gzip:     0.26 kB │ map:      1.16 kB
out/renderer/assets/briefcase-medical-BWxxzFsj.js                        0.40 kB │ gzip:     0.26 kB │ map:      1.42 kB
out/renderer/assets/git-branch-plus-Ck29x9bf.js                          0.40 kB │ gzip:     0.25 kB │ map:      1.36 kB
out/renderer/assets/id-card-lanyard-DF8W-uVB.js                          0.40 kB │ gzip:     0.28 kB │ map:      1.35 kB
out/renderer/assets/printer-check-CFgasUo3.js                            0.40 kB │ gzip:     0.25 kB │ map:      1.23 kB
out/renderer/assets/smile-plus-dCIJlj3d.js                               0.40 kB │ gzip:     0.26 kB │ map:      1.41 kB
out/renderer/assets/warehouse-B9DHBNjE.js                                0.40 kB │ gzip:     0.27 kB │ map:      1.23 kB
out/renderer/assets/axe-spKQ4eKO.js                                      0.40 kB │ gzip:     0.28 kB │ map:      1.08 kB
out/renderer/assets/calendar-arrow-down-CNMXqgrT.js                      0.40 kB │ gzip:     0.26 kB │ map:      1.39 kB
out/renderer/assets/cassette-tape-BIk8RNo-.js                            0.40 kB │ gzip:     0.28 kB │ map:      1.40 kB
out/renderer/assets/clipboard-type-cMaiKjuT.js                           0.40 kB │ gzip:     0.27 kB │ map:      1.39 kB
out/renderer/assets/folder-pen-3is6lD3q.js                               0.40 kB │ gzip:     0.29 kB │ map:      1.15 kB
out/renderer/assets/git-compare-arrows-Bv8q-kXJ.js                       0.40 kB │ gzip:     0.27 kB │ map:      1.43 kB
out/renderer/assets/diamond-percent-Z94PZu__.js                          0.40 kB │ gzip:     0.26 kB │ map:      1.27 kB
out/renderer/assets/alarm-clock-plus-BUcxp8sW.js                         0.40 kB │ gzip:     0.26 kB │ map:      1.45 kB
out/renderer/assets/badge-x-BSoGBpTa.js                                  0.40 kB │ gzip:     0.25 kB │ map:      1.25 kB
out/renderer/assets/beef-ClNrq1OO.js                                     0.40 kB │ gzip:     0.30 kB │ map:      1.21 kB
out/renderer/assets/earth-CdmClYks.js                                    0.40 kB │ gzip:     0.27 kB │ map:      1.26 kB
out/renderer/assets/map-pin-pen-pyeNZq1Z.js                              0.40 kB │ gzip:     0.30 kB │ map:      1.21 kB
out/renderer/assets/sticky-note-off-Bdpa5Fjp.js                          0.40 kB │ gzip:     0.27 kB │ map:      1.28 kB
out/renderer/assets/tram-front-DKbh7-4M.js                               0.40 kB │ gzip:     0.26 kB │ map:      1.45 kB
out/renderer/assets/waves-ladder-CqAHgJQi.js                             0.40 kB │ gzip:     0.26 kB │ map:      1.32 kB
out/renderer/assets/clipboard-copy-gER95MEz.js                           0.41 kB │ gzip:     0.28 kB │ map:      1.37 kB
out/renderer/assets/router-DvIMpeEf.js                                   0.41 kB │ gzip:     0.27 kB │ map:      1.37 kB
out/renderer/assets/life-buoy-2HKn-flT.js                                0.41 kB │ gzip:     0.25 kB │ map:      1.39 kB
out/renderer/assets/luggage-ERNaPfTL.js                                  0.41 kB │ gzip:     0.25 kB │ map:      1.33 kB
out/renderer/assets/drum-Bgus2YFl.js                                     0.41 kB │ gzip:     0.26 kB │ map:      1.41 kB
out/renderer/assets/file-lock-CIFMryU4.js                                0.41 kB │ gzip:     0.29 kB │ map:      1.30 kB
out/renderer/assets/hospital-TydKSuLg.js                                 0.41 kB │ gzip:     0.25 kB │ map:      1.30 kB
out/renderer/assets/image-play-BRvW8FVL.js                               0.41 kB │ gzip:     0.28 kB │ map:      1.27 kB
out/renderer/assets/popcorn-BGPXI6Kd.js                                  0.41 kB │ gzip:     0.27 kB │ map:      1.26 kB
out/renderer/assets/badge-plus-3tA6rDvV.js                               0.41 kB │ gzip:     0.26 kB │ map:      1.27 kB
out/renderer/assets/building-2-CzzNLPIw.js                               0.41 kB │ gzip:     0.25 kB │ map:      1.31 kB
out/renderer/assets/dice-6-DqQeuCc-.js                                   0.41 kB │ gzip:     0.24 kB │ map:      1.45 kB
out/renderer/assets/message-circle-heart-BmWXvw29.js                     0.41 kB │ gzip:     0.30 kB │ map:      1.20 kB
out/renderer/assets/paintbrush-vertical-BPpE_hbc.js                      0.41 kB │ gzip:     0.26 kB │ map:      1.29 kB
out/renderer/assets/shuffle-CFsdzgWY.js                                  0.41 kB │ gzip:     0.26 kB │ map:      1.27 kB
out/renderer/assets/train-front-D42n240S.js                              0.41 kB │ gzip:     0.27 kB │ map:      1.34 kB
out/renderer/assets/align-vertical-distribute-center-CGZpnPiP.js         0.41 kB │ gzip:     0.26 kB │ map:      1.56 kB
out/renderer/assets/banknote-arrow-up-Q_tV4Bgk.js                        0.41 kB │ gzip:     0.27 kB │ map:      1.40 kB
out/renderer/assets/cloud-sync-DBT-x63r.js                               0.41 kB │ gzip:     0.28 kB │ map:      1.29 kB
out/renderer/assets/map-pin-search-D1PA26Nl.js                           0.41 kB │ gzip:     0.29 kB │ map:      1.32 kB
out/renderer/assets/microscope-DE4OKV38.js                               0.41 kB │ gzip:     0.26 kB │ map:      1.34 kB
out/renderer/assets/banknote-arrow-down-B1H7Y7DF.js                      0.41 kB │ gzip:     0.27 kB │ map:      1.41 kB
out/renderer/assets/calendar-search-BCANNMQd.js                          0.41 kB │ gzip:     0.27 kB │ map:      1.40 kB
out/renderer/assets/calendars-DABSFOHY.js                                0.41 kB │ gzip:     0.27 kB │ map:      1.39 kB
out/renderer/assets/file-key-DIcLyMt0.js                                 0.41 kB │ gzip:     0.28 kB │ map:      1.33 kB
out/renderer/assets/heart-off-CaivDwYV.js                                0.41 kB │ gzip:     0.30 kB │ map:      1.21 kB
out/renderer/assets/landmark-i-J-TdRh.js                                 0.41 kB │ gzip:     0.26 kB │ map:      1.36 kB
out/renderer/assets/view-CqBwThqv.js                                     0.41 kB │ gzip:     0.27 kB │ map:      1.25 kB
out/renderer/assets/align-horizontal-distribute-center-5zP_lasq.js       0.41 kB │ gzip:     0.26 kB │ map:      1.58 kB
out/renderer/assets/badge-dollar-sign-B0mGVRqc.js                        0.41 kB │ gzip:     0.26 kB │ map:      1.22 kB
out/renderer/assets/badge-info-DZtRrRb8.js                               0.41 kB │ gzip:     0.26 kB │ map:      1.27 kB
out/renderer/assets/baggage-claim-DgXoLfYm.js                            0.41 kB │ gzip:     0.28 kB │ map:      1.41 kB
out/renderer/assets/calendar-off-BCAddq_i.js                             0.41 kB │ gzip:     0.27 kB │ map:      1.35 kB
out/renderer/assets/pencil-off-DFiqe2Gw.js                               0.41 kB │ gzip:     0.28 kB │ map:      1.25 kB
out/renderer/assets/thermometer-sun-CvihJWha.js                          0.41 kB │ gzip:     0.26 kB │ map:      1.37 kB
out/renderer/assets/cannabis-BrkoBfNA.js                                 0.41 kB │ gzip:     0.28 kB │ map:      1.12 kB
out/renderer/assets/expand-DhyjQBfD.js                                   0.41 kB │ gzip:     0.24 kB │ map:      1.44 kB
out/renderer/assets/octagon-minus-DvOjWmkN.js                            0.41 kB │ gzip:     0.26 kB │ map:      1.14 kB
out/renderer/assets/pocket-knife-C3cXkGsH.js                             0.41 kB │ gzip:     0.27 kB │ map:      1.29 kB
out/renderer/assets/projector-U3YHfdcB.js                                0.41 kB │ gzip:     0.27 kB │ map:      1.40 kB
out/renderer/assets/scan-search-DkUiffcf.js                              0.41 kB │ gzip:     0.27 kB │ map:      1.38 kB
out/renderer/assets/shield-user-BeICzrxw.js                              0.41 kB │ gzip:     0.30 kB │ map:      1.22 kB
out/renderer/assets/badge-alert-cF2Fx7-H.js                              0.41 kB │ gzip:     0.26 kB │ map:      1.28 kB
out/renderer/assets/file-heart-CjUK3ZZK.js                               0.41 kB │ gzip:     0.28 kB │ map:      1.22 kB
out/renderer/assets/locate-off-VoHJ5rFL.js                               0.41 kB │ gzip:     0.25 kB │ map:      1.40 kB
out/renderer/assets/swatch-book-C0npeV9O.js                              0.41 kB │ gzip:     0.28 kB │ map:      1.26 kB
out/renderer/assets/backpack-B1QOzWbN.js                                 0.42 kB │ gzip:     0.25 kB │ map:      1.29 kB
out/renderer/assets/bandage-m8QPn9cC.js                                  0.42 kB │ gzip:     0.25 kB │ map:      1.45 kB
out/renderer/assets/file-headphone-CbSCcFOV.js                           0.42 kB │ gzip:     0.27 kB │ map:      1.25 kB
out/renderer/assets/motorbike-D7LmODta.js                                0.42 kB │ gzip:     0.28 kB │ map:      1.35 kB
out/renderer/assets/shield-question-mark-qiW7cl-A.js                     0.42 kB │ gzip:     0.30 kB │ map:      1.24 kB
out/renderer/assets/badge-percent-MBZGWzS2.js                            0.42 kB │ gzip:     0.26 kB │ map:      1.27 kB
out/renderer/assets/volume-2-Bkc1xiTh.js                                 0.42 kB │ gzip:     0.28 kB │ map:      1.18 kB
out/renderer/assets/volume-x-C3NQEwqA.js                                 0.42 kB │ gzip:     0.29 kB │ map:      1.26 kB
out/renderer/assets/calendar-fold-DVa21Ebd.js                            0.42 kB │ gzip:     0.27 kB │ map:      1.33 kB
out/renderer/assets/cloud-sun-BW1oMwoj.js                                0.42 kB │ gzip:     0.27 kB │ map:      1.34 kB
out/renderer/assets/hand-C2b0q6Wk.js                                     0.42 kB │ gzip:     0.26 kB │ map:      1.24 kB
out/renderer/assets/hat-glasses-DPJR77ds.js                              0.42 kB │ gzip:     0.28 kB │ map:      1.38 kB
out/renderer/assets/mic-off-DAlC5REw.js                                  0.42 kB │ gzip:     0.27 kB │ map:      1.33 kB
out/renderer/assets/sun-moon-bWsPdA2y.js                                 0.42 kB │ gzip:     0.29 kB │ map:      1.31 kB
out/renderer/assets/badge-swiss-franc-t8loN-xn.js                        0.42 kB │ gzip:     0.26 kB │ map:      1.29 kB
out/renderer/assets/spline-pointer-D1rcue2E.js                           0.42 kB │ gzip:     0.30 kB │ map:      1.33 kB
out/renderer/assets/worm-BXRvcDxT.js                                     0.42 kB │ gzip:     0.30 kB │ map:      1.17 kB
out/renderer/assets/cloud-drizzle-mHkVycUh.js                            0.42 kB │ gzip:     0.26 kB │ map:      1.42 kB
out/renderer/assets/jsx-runtime-Sl-DjM20.js                              0.42 kB │ gzip:     0.29 kB │ map:      1.93 kB
out/renderer/assets/fold-horizontal-QO5KY99t.js                          0.42 kB │ gzip:     0.25 kB │ map:      1.50 kB
out/renderer/assets/hand-metal-BMMDgI9k.js                               0.42 kB │ gzip:     0.28 kB │ map:      1.26 kB
out/renderer/assets/square-centerline-dashed-horizontal-BGNdGAbd.js      0.42 kB │ gzip:     0.27 kB │ map:      1.48 kB
out/renderer/assets/candy-cane-Q7U2yov3.js                               0.42 kB │ gzip:     0.28 kB │ map:      1.33 kB
out/renderer/assets/database-search-Y7UnRA4K.js                          0.42 kB │ gzip:     0.28 kB │ map:      1.45 kB
out/renderer/assets/hammer-CM1-YRLP.js                                   0.42 kB │ gzip:     0.29 kB │ map:      1.18 kB
out/renderer/assets/mail-question-mark-UOMtNHTd.js                       0.42 kB │ gzip:     0.30 kB │ map:      1.30 kB
out/renderer/assets/square-centerline-dashed-vertical-DkEAz5aV.js        0.42 kB │ gzip:     0.26 kB │ map:      1.47 kB
out/renderer/assets/unfold-horizontal-DjtBPcZt.js                        0.42 kB │ gzip:     0.25 kB │ map:      1.51 kB
out/renderer/assets/cloud-hail-CTMdasHh.js                               0.42 kB │ gzip:     0.26 kB │ map:      1.41 kB
out/renderer/assets/file-chart-column-Cyn7S53k.js                        0.42 kB │ gzip:     0.27 kB │ map:      1.36 kB
out/renderer/assets/fold-vertical-WQ-wyV9m.js                            0.42 kB │ gzip:     0.25 kB │ map:      1.49 kB
out/renderer/assets/loader-CMmUYRee.js                                   0.42 kB │ gzip:     0.24 kB │ map:      1.48 kB
out/renderer/assets/baby-BC1YRULx.js                                     0.42 kB │ gzip:     0.28 kB │ map:      1.23 kB
out/renderer/assets/bell-electric-BBzJw6TJ.js                            0.42 kB │ gzip:     0.29 kB │ map:      1.48 kB
out/renderer/assets/bell-ring-DvCDf3mG.js                                0.42 kB │ gzip:     0.29 kB │ map:      1.26 kB
out/renderer/assets/scissors-line-dashed-oxdenqck.js                     0.42 kB │ gzip:     0.27 kB │ map:      1.52 kB
out/renderer/assets/shield-ellipsis-NEMCu9bP.js                          0.42 kB │ gzip:     0.29 kB │ map:      1.29 kB
out/renderer/assets/sofa-CAunC4ab.js                                     0.42 kB │ gzip:     0.26 kB │ map:      1.29 kB
out/renderer/assets/test-tubes-B6DU2grL.js                               0.42 kB │ gzip:     0.25 kB │ map:      1.35 kB
out/renderer/assets/chess-bishop-DTDfuij1.js                             0.42 kB │ gzip:     0.29 kB │ map:      1.29 kB
out/renderer/assets/circle-parking-off-DpvBevtc.js                       0.42 kB │ gzip:     0.28 kB │ map:      1.40 kB
out/renderer/assets/ruler-U27idPPY.js                                    0.42 kB │ gzip:     0.26 kB │ map:      1.30 kB
out/renderer/assets/umbrella-off-CqzeAc35.js                             0.42 kB │ gzip:     0.28 kB │ map:      1.32 kB
out/renderer/assets/unfold-vertical-DQluvq7Y.js                          0.42 kB │ gzip:     0.25 kB │ map:      1.50 kB
out/renderer/assets/chart-no-axes-combined-DVSl8ceD.js                   0.43 kB │ gzip:     0.28 kB │ map:      1.43 kB
out/renderer/assets/map-pinned-CxE6PIWL.js                               0.43 kB │ gzip:     0.31 kB │ map:      1.26 kB
out/renderer/assets/mouse-pointer-click-jGmoKj2J.js                      0.43 kB │ gzip:     0.29 kB │ map:      1.39 kB
out/renderer/assets/text-cursor-input-CXyoLxb6.js                        0.43 kB │ gzip:     0.26 kB │ map:      1.33 kB
out/renderer/assets/car-front-BgS15N5U.js                                0.43 kB │ gzip:     0.29 kB │ map:      1.42 kB
out/renderer/assets/file-image-DyokUTfw.js                               0.43 kB │ gzip:     0.29 kB │ map:      1.29 kB
out/renderer/assets/heart-crack-4jTqvlmb.js                              0.43 kB │ gzip:     0.30 kB │ map:      1.18 kB
out/renderer/assets/piano-C-XHu2bL.js                                    0.43 kB │ gzip:     0.27 kB │ map:      1.36 kB
out/renderer/assets/plane-takeoff-C5My5nGQ.js                            0.43 kB │ gzip:     0.30 kB │ map:      1.15 kB
out/renderer/assets/shield-off-63Ok_YD7.js                               0.43 kB │ gzip:     0.30 kB │ map:      1.23 kB
out/renderer/assets/waves-arrow-up-c4CM9Zf9.js                           0.43 kB │ gzip:     0.25 kB │ map:      1.32 kB
out/renderer/assets/cigarette-off-YDMzDmwg.js                            0.43 kB │ gzip:     0.26 kB │ map:      1.38 kB
out/renderer/assets/cloud-moon-rain-BhIAInwW.js                          0.43 kB │ gzip:     0.30 kB │ map:      1.29 kB
out/renderer/assets/magnet-bYAvmXBz.js                                   0.43 kB │ gzip:     0.26 kB │ map:      1.18 kB
out/renderer/assets/mail-search-Boe84FY8.js                              0.43 kB │ gzip:     0.29 kB │ map:      1.33 kB
out/renderer/assets/save-all-DF8dY4XA.js                                 0.43 kB │ gzip:     0.27 kB │ map:      1.26 kB
out/renderer/assets/usb-D37AlqO2.js                                      0.43 kB │ gzip:     0.27 kB │ map:      1.45 kB
out/renderer/assets/bell-check-BJzvJhIx.js                               0.43 kB │ gzip:     0.30 kB │ map:      1.28 kB
out/renderer/assets/brush-cleaning-C2E0nYuB.js                           0.43 kB │ gzip:     0.28 kB │ map:      1.29 kB
out/renderer/assets/cloud-snow-DZ_HX_n3.js                               0.43 kB │ gzip:     0.26 kB │ map:      1.42 kB
out/renderer/assets/file-digit-BXvb4aU2.js                               0.43 kB │ gzip:     0.29 kB │ map:      1.38 kB
out/renderer/assets/scan-text-BC2Z9yZG.js                                0.43 kB │ gzip:     0.26 kB │ map:      1.42 kB
out/renderer/assets/locate-fixed-BTEXh-wM.js                             0.43 kB │ gzip:     0.25 kB │ map:      1.59 kB
out/renderer/assets/logs-9LLtLh_o.js                                     0.43 kB │ gzip:     0.23 kB │ map:      1.51 kB
out/renderer/assets/brick-wall-r3tmMCvH.js                               0.43 kB │ gzip:     0.26 kB │ map:      1.53 kB
out/renderer/assets/haze-Go8UzMdh.js                                     0.43 kB │ gzip:     0.26 kB │ map:      1.46 kB
out/renderer/assets/printer-x-DctZNICy.js                                0.43 kB │ gzip:     0.27 kB │ map:      1.30 kB
out/renderer/assets/map-pin-house-DQdfrMAw.js                            0.43 kB │ gzip:     0.30 kB │ map:      1.34 kB
out/renderer/assets/phone-missed-BqMEP1rD.js                             0.43 kB │ gzip:     0.28 kB │ map:      1.21 kB
out/renderer/assets/roller-coaster-WdwfwhBR.js                           0.43 kB │ gzip:     0.27 kB │ map:      1.44 kB
out/renderer/assets/waypoints-qGxcnmsr.js                                0.43 kB │ gzip:     0.25 kB │ map:      1.55 kB
out/renderer/assets/aperture-BwVxmjtI.js                                 0.43 kB │ gzip:     0.27 kB │ map:      1.45 kB
out/renderer/assets/badge-question-mark-CvXS17md.js                      0.43 kB │ gzip:     0.28 kB │ map:      1.29 kB
out/renderer/assets/bot-message-square-urT4q6l9.js                       0.43 kB │ gzip:     0.26 kB │ map:      1.45 kB
out/renderer/assets/dices-DmulkxSX.js                                    0.43 kB │ gzip:     0.28 kB │ map:      1.42 kB
out/renderer/assets/kayak-PbOpdUa9.js                                    0.43 kB │ gzip:     0.28 kB │ map:      1.25 kB
out/renderer/assets/package-minus-ByL-3PVy.js                            0.43 kB │ gzip:     0.29 kB │ map:      1.35 kB
out/renderer/assets/truck-DanwxfTW.js                                    0.43 kB │ gzip:     0.28 kB │ map:      1.36 kB
out/renderer/assets/badge-indian-rupee-CeHfu4bu.js                       0.43 kB │ gzip:     0.26 kB │ map:      1.31 kB
out/renderer/assets/car-AEHf3iFn.js                                      0.43 kB │ gzip:     0.30 kB │ map:      1.29 kB
out/renderer/assets/cherry-_mzS-U99.js                                   0.43 kB │ gzip:     0.28 kB │ map:      1.22 kB
out/renderer/assets/factory-eZ1fjeWh.js                                  0.43 kB │ gzip:     0.27 kB │ map:      1.25 kB
out/renderer/assets/file-chart-column-increasing-ChhIM6Vc.js             0.43 kB │ gzip:     0.28 kB │ map:      1.42 kB
out/renderer/assets/film-HCXF8gO9.js                                     0.43 kB │ gzip:     0.26 kB │ map:      1.51 kB
out/renderer/assets/fire-extinguisher-NkvahykG.js                        0.43 kB │ gzip:     0.28 kB │ map:      1.40 kB
out/renderer/assets/phone-incoming-NswDgcIq.js                           0.43 kB │ gzip:     0.28 kB │ map:      1.23 kB
out/renderer/assets/scan-barcode-BHlyqd52.js                             0.43 kB │ gzip:     0.26 kB │ map:      1.44 kB
out/renderer/assets/tower-control-Htg-bRAV.js                            0.43 kB │ gzip:     0.28 kB │ map:      1.45 kB
out/renderer/assets/anvil-DQ73QCrL.js                                    0.43 kB │ gzip:     0.26 kB │ map:      1.31 kB
out/renderer/assets/file-play-Bg_5JBSe.js                                0.43 kB │ gzip:     0.29 kB │ map:      1.24 kB
out/renderer/assets/hamburger-C_CyJGka.js                                0.43 kB │ gzip:     0.28 kB │ map:      1.27 kB
out/renderer/assets/phone-outgoing-CybVZ9_b.js                           0.43 kB │ gzip:     0.28 kB │ map:      1.23 kB
out/renderer/assets/scan-heart-CksiJSR7.js                               0.43 kB │ gzip:     0.28 kB │ map:      1.34 kB
out/renderer/assets/squirrel-BPyz25tL.js                                 0.43 kB │ gzip:     0.29 kB │ map:      1.26 kB
out/renderer/assets/piggy-bank-iP6zT6Ob.js                               0.44 kB │ gzip:     0.27 kB │ map:      1.21 kB
out/renderer/assets/plane-landing-wshS7HHr.js                            0.44 kB │ gzip:     0.31 kB │ map:      1.16 kB
out/renderer/assets/sliders-horizontal-9kkwvaOq.js                       0.44 kB │ gzip:     0.24 kB │ map:      1.60 kB
out/renderer/assets/align-center-vertical-BBEFknkl.js                    0.44 kB │ gzip:     0.27 kB │ map:      1.36 kB
out/renderer/assets/map-k6T5xSHT.js                                      0.44 kB │ gzip:     0.27 kB │ map:      1.19 kB
out/renderer/assets/phone-forwarded-Bg8hPzM3.js                          0.44 kB │ gzip:     0.29 kB │ map:      1.24 kB
out/renderer/assets/shopping-basket-Bxz4ol63.js                          0.44 kB │ gzip:     0.27 kB │ map:      1.45 kB
out/renderer/assets/toolbox-CRhE7dRN.js                                  0.44 kB │ gzip:     0.26 kB │ map:      1.32 kB
out/renderer/assets/clipboard-list-CLDPN82K.js                           0.44 kB │ gzip:     0.27 kB │ map:      1.49 kB
out/renderer/assets/shelving-unit-B-AxhCaO.js                            0.44 kB │ gzip:     0.25 kB │ map:      1.44 kB
out/renderer/assets/sticker-ChPm9mgq.js                                  0.44 kB │ gzip:     0.27 kB │ map:      1.32 kB
out/renderer/assets/wifi-pen-CWDUhJGh.js                                 0.44 kB │ gzip:     0.29 kB │ map:      1.27 kB
out/renderer/assets/zap-off-DB0pWysk.js                                  0.44 kB │ gzip:     0.30 kB │ map:      1.26 kB
out/renderer/assets/align-center-horizontal-BUS6UKPz.js                  0.44 kB │ gzip:     0.27 kB │ map:      1.37 kB
out/renderer/assets/badge-pound-sterling-wTTRNqG_.js                     0.44 kB │ gzip:     0.27 kB │ map:      1.33 kB
out/renderer/assets/notebook-text-CeDunBZq.js                            0.44 kB │ gzip:     0.27 kB │ map:      1.56 kB
out/renderer/assets/server-crash-CLRiIlEb.js                             0.44 kB │ gzip:     0.26 kB │ map:      1.38 kB
out/renderer/assets/book-open-text-BowJACdE.js                           0.44 kB │ gzip:     0.25 kB │ map:      1.43 kB
out/renderer/assets/cable-car-B0XxyHJv.js                                0.44 kB │ gzip:     0.28 kB │ map:      1.54 kB
out/renderer/assets/calendar-range-DXOiYPt5.js                           0.44 kB │ gzip:     0.27 kB │ map:      1.57 kB
out/renderer/assets/carrot-C58wOh8l.js                                   0.44 kB │ gzip:     0.30 kB │ map:      1.20 kB
out/renderer/assets/eye-off-Dwp1ilMY.js                                  0.44 kB │ gzip:     0.28 kB │ map:      1.31 kB
out/renderer/assets/hand-coins-BFwBuKHM.js                               0.44 kB │ gzip:     0.30 kB │ map:      1.40 kB
out/renderer/assets/package-check-hpHEZd5L.js                            0.44 kB │ gzip:     0.29 kB │ map:      1.36 kB
out/renderer/assets/flashlight-off-ChIkdl0r.js                           0.44 kB │ gzip:     0.29 kB │ map:      1.38 kB
out/renderer/assets/spotlight-BOsboAOt.js                                0.44 kB │ gzip:     0.29 kB │ map:      1.34 kB
out/renderer/assets/tags-Dv2GYYGB.js                                     0.44 kB │ gzip:     0.30 kB │ map:      1.25 kB
out/renderer/assets/transgender-BOMAMY6j.js                              0.44 kB │ gzip:     0.27 kB │ map:      1.53 kB
out/renderer/assets/briefcase-conveyor-belt-D46P1mCL.js                  0.44 kB │ gzip:     0.28 kB │ map:      1.55 kB
out/renderer/assets/camera-off-Cnyl3gub.js                               0.44 kB │ gzip:     0.29 kB │ map:      1.30 kB
out/renderer/assets/headphone-off-CKJYEQcb.js                            0.44 kB │ gzip:     0.28 kB │ map:      1.36 kB
out/renderer/assets/map-minus-H7dyz-mM.js                                0.44 kB │ gzip:     0.29 kB │ map:      1.27 kB
out/renderer/assets/chart-candlestick-C30Zygsw.js                        0.44 kB │ gzip:     0.28 kB │ map:      1.58 kB
out/renderer/assets/construction-V8WBApQt.js                             0.44 kB │ gzip:     0.27 kB │ map:      1.57 kB
out/renderer/assets/biceps-flexed-BEe61zWd.js                            0.45 kB │ gzip:     0.32 kB │ map:      1.24 kB
out/renderer/assets/boom-box-DGYdFOHH.js                                 0.45 kB │ gzip:     0.28 kB │ map:      1.54 kB
out/renderer/assets/castle-DUccLyMx.js                                   0.45 kB │ gzip:     0.26 kB │ map:      1.48 kB
out/renderer/assets/clover-FbrRspV9.js                                   0.45 kB │ gzip:     0.25 kB │ map:      1.20 kB
out/renderer/assets/file-type-corner-C8VUhOwL.js                         0.45 kB │ gzip:     0.29 kB │ map:      1.38 kB
out/renderer/assets/ruler-dimension-line-DrHyftB3.js                     0.45 kB │ gzip:     0.27 kB │ map:      1.60 kB
out/renderer/assets/sunrise-jb8m46m4.js                                  0.45 kB │ gzip:     0.27 kB │ map:      1.49 kB
out/renderer/assets/sunset-hW2qyYHL.js                                   0.45 kB │ gzip:     0.27 kB │ map:      1.48 kB
out/renderer/assets/calendar-heart-CbhtrDAr.js                           0.45 kB │ gzip:     0.29 kB │ map:      1.38 kB
out/renderer/assets/file-signal-54sE247A.js                              0.45 kB │ gzip:     0.28 kB │ map:      1.35 kB
out/renderer/assets/ham-ICIHiDPD.js                                      0.45 kB │ gzip:     0.28 kB │ map:      1.29 kB
out/renderer/assets/house-plug-DRJMwXlj.js                               0.45 kB │ gzip:     0.27 kB │ map:      1.30 kB
out/renderer/assets/layers-Ci8ZLXKH.js                                   0.45 kB │ gzip:     0.26 kB │ map:      1.27 kB
out/renderer/assets/scan-face-BLx7WPVI.js                                0.45 kB │ gzip:     0.27 kB │ map:      1.44 kB
out/renderer/assets/bot-off-BmSDzOSt.js                                  0.45 kB │ gzip:     0.27 kB │ map:      1.43 kB
out/renderer/assets/chunk-FOC6F5B3-DU9OZoYS.js                           0.45 kB │ gzip:     0.31 kB │ map:      1.94 kB
out/renderer/assets/octagon-x-BZKu1xJm.js                                0.45 kB │ gzip:     0.27 kB │ map:      1.22 kB
out/renderer/assets/sliders-vertical-ancGUxt7.js                         0.45 kB │ gzip:     0.25 kB │ map:      1.59 kB
out/renderer/assets/phone-call-B42YxykJ.js                               0.45 kB │ gzip:     0.29 kB │ map:      1.23 kB
out/renderer/assets/wine-off-B3p-XYmy.js                                 0.45 kB │ gzip:     0.31 kB │ map:      1.38 kB
out/renderer/assets/alarm-smoke-Bm4JpeqF.js                              0.45 kB │ gzip:     0.26 kB │ map:      1.34 kB
out/renderer/assets/barrel-DwTWJswK.js                                   0.45 kB │ gzip:     0.26 kB │ map:      1.34 kB
out/renderer/assets/clock-fading-BBjxNquy.js                             0.45 kB │ gzip:     0.28 kB │ map:      1.40 kB
out/renderer/assets/file-sliders-7g34sd3N.js                             0.45 kB │ gzip:     0.28 kB │ map:      1.42 kB
out/renderer/assets/folder-sync-BDGDoPA-.js                              0.45 kB │ gzip:     0.28 kB │ map:      1.36 kB
out/renderer/assets/group-DfLaX2uo.js                                    0.45 kB │ gzip:     0.29 kB │ map:      1.47 kB
out/renderer/assets/file-pen-CNRu6sLM.js                                 0.45 kB │ gzip:     0.30 kB │ map:      1.25 kB
out/renderer/assets/file-type-DInol5Qt.js                                0.45 kB │ gzip:     0.28 kB │ map:      1.35 kB
out/renderer/assets/octagon-pause-DWgWLxTh.js                            0.45 kB │ gzip:     0.27 kB │ map:      1.24 kB
out/renderer/assets/unplug-Cm-rfHA9.js                                   0.45 kB │ gzip:     0.27 kB │ map:      1.41 kB
out/renderer/assets/clipboard-pen-PgsMI0KY.js                            0.45 kB │ gzip:     0.31 kB │ map:      1.36 kB
out/renderer/assets/megaphone-off-B7u9xYPz.js                            0.45 kB │ gzip:     0.29 kB │ map:      1.35 kB
out/renderer/assets/chunk-2KRD3SAO-DsGwMYdW.js                           0.45 kB │ gzip:     0.31 kB │ map:      1.93 kB
out/renderer/assets/file-spreadsheet-Cj7HS7fk.js                         0.45 kB │ gzip:     0.28 kB │ map:      1.45 kB
out/renderer/assets/repeat-off-DIoQczQW.js                               0.45 kB │ gzip:     0.28 kB │ map:      1.45 kB
out/renderer/assets/bean-off-DYHY6GfQ.js                                 0.46 kB │ gzip:     0.32 kB │ map:      1.36 kB
out/renderer/assets/octagon-alert-Bl2cdANQ.js                            0.46 kB │ gzip:     0.27 kB │ map:      1.24 kB
out/renderer/assets/van-C-3wZ6fH.js                                      0.46 kB │ gzip:     0.29 kB │ map:      1.39 kB
out/renderer/assets/chunk-67CJDMHE-CtBEyxbO.js                           0.46 kB │ gzip:     0.32 kB │ map:      1.98 kB
out/renderer/assets/chunk-KGLVRYIC-Btge03KW.js                           0.46 kB │ gzip:     0.31 kB │ map:      1.92 kB
out/renderer/assets/badge-japanese-yen-0e3CrwnE.js                       0.46 kB │ gzip:     0.27 kB │ map:      1.39 kB
out/renderer/assets/file-archive-Ca_XfpZ8.js                             0.46 kB │ gzip:     0.30 kB │ map:      1.46 kB
out/renderer/assets/wand-BvZW5f07.js                                     0.46 kB │ gzip:     0.26 kB │ map:      1.55 kB
out/renderer/assets/shredder-oZr3hE9a.js                                 0.46 kB │ gzip:     0.28 kB │ map:      1.47 kB
out/renderer/assets/atom-CzDbNDjz.js                                     0.46 kB │ gzip:     0.29 kB │ map:      1.27 kB
out/renderer/assets/database-backup-C3WWlj-v.js                          0.46 kB │ gzip:     0.31 kB │ map:      1.49 kB
out/renderer/assets/milk-off-I0pGXZ5B.js                                 0.46 kB │ gzip:     0.31 kB │ map:      1.33 kB
out/renderer/assets/replace-Bs56MXTk.js                                  0.46 kB │ gzip:     0.28 kB │ map:      1.50 kB
out/renderer/assets/route-off-BS6w37T5.js                                0.46 kB │ gzip:     0.29 kB │ map:      1.50 kB
out/renderer/assets/chart-network-CybRDpR3.js                            0.46 kB │ gzip:     0.29 kB │ map:      1.56 kB
out/renderer/assets/chess-rook-DMeZh6NS.js                               0.46 kB │ gzip:     0.27 kB │ map:      1.47 kB
out/renderer/assets/combine-Buos8d1B.js                                  0.46 kB │ gzip:     0.27 kB │ map:      1.49 kB
out/renderer/assets/medal-BDGOTzPx.js                                    0.46 kB │ gzip:     0.30 kB │ map:      1.43 kB
out/renderer/assets/rocket-CF8KpyXU.js                                   0.46 kB │ gzip:     0.31 kB │ map:      1.33 kB
out/renderer/assets/church-DhdDzz7l.js                                   0.46 kB │ gzip:     0.29 kB │ map:      1.38 kB
out/renderer/assets/keyboard-uXHPkDdz.js                                 0.46 kB │ gzip:     0.26 kB │ map:      1.64 kB
out/renderer/assets/traffic-cone-B3okdDaW.js                             0.46 kB │ gzip:     0.31 kB │ map:      1.32 kB
out/renderer/assets/ear-off-C9Gb6tNe.js                                  0.47 kB │ gzip:     0.32 kB │ map:      1.36 kB
out/renderer/assets/sandwich-B9MuF9Ec.js                                 0.47 kB │ gzip:     0.31 kB │ map:      1.38 kB
out/renderer/assets/car-taxi-front-NNsXYRwb.js                           0.47 kB │ gzip:     0.30 kB │ map:      1.55 kB
out/renderer/assets/leafy-green-DX1wYKzL.js                              0.47 kB │ gzip:     0.31 kB │ map:      1.18 kB
out/renderer/assets/rabbit-Dih70Z0u.js                                   0.47 kB │ gzip:     0.31 kB │ map:      1.35 kB
out/renderer/assets/radio-off-C2O56KLX.js                                0.47 kB │ gzip:     0.29 kB │ map:      1.40 kB
out/renderer/assets/rat-DRxbuzWQ.js                                      0.47 kB │ gzip:     0.30 kB │ map:      1.34 kB
out/renderer/assets/fence-WGvJwgNu.js                                    0.47 kB │ gzip:     0.25 kB │ map:      1.44 kB
out/renderer/assets/file-video-camera-BdJudWMj.js                        0.47 kB │ gzip:     0.32 kB │ map:      1.43 kB
out/renderer/assets/flower-2-BCiYYVYI.js                                 0.47 kB │ gzip:     0.30 kB │ map:      1.39 kB
out/renderer/assets/pizza-BrcgrAQh.js                                    0.47 kB │ gzip:     0.30 kB │ map:      1.35 kB
out/renderer/assets/squares-subtract-D1KdRY9m.js                         0.47 kB │ gzip:     0.27 kB │ map:      1.47 kB
out/renderer/assets/chess-king-gIBHUCPg.js                               0.47 kB │ gzip:     0.32 kB │ map:      1.32 kB
out/renderer/assets/notebook-tabs-CQr7WEfv.js                            0.47 kB │ gzip:     0.27 kB │ map:      1.65 kB
out/renderer/assets/rose-CnmOPtrq.js                                     0.47 kB │ gzip:     0.32 kB │ map:      1.39 kB
out/renderer/assets/shrimp-DwkH6M2z.js                                   0.47 kB │ gzip:     0.31 kB │ map:      1.36 kB
out/renderer/assets/handshake-BKEJaNCu.js                                0.47 kB │ gzip:     0.30 kB │ map:      1.37 kB
out/renderer/assets/package-plus-0xGy4Amn.js                             0.47 kB │ gzip:     0.30 kB │ map:      1.45 kB
out/renderer/assets/container-Tvp0twMT.js                                0.47 kB │ gzip:     0.31 kB │ map:      1.37 kB
out/renderer/assets/server-off-B-SY69Jl.js                               0.47 kB │ gzip:     0.29 kB │ map:      1.41 kB
out/renderer/assets/hand-grab-DYgYXl4k.js                                0.47 kB │ gzip:     0.26 kB │ map:      1.36 kB
out/renderer/assets/phone-off-B-FZQ42t.js                                0.47 kB │ gzip:     0.30 kB │ map:      1.28 kB
out/renderer/assets/amphora-BwojY-Rs.js                                  0.48 kB │ gzip:     0.29 kB │ map:      1.41 kB
out/renderer/assets/bus-front-iHQI0RLZ.js                                0.48 kB │ gzip:     0.29 kB │ map:      1.64 kB
out/renderer/assets/footprints-BJSfKxBQ.js                               0.48 kB │ gzip:     0.31 kB │ map:      1.35 kB
out/renderer/assets/forklift-8R_Onzpl.js                                 0.48 kB │ gzip:     0.29 kB │ map:      1.55 kB
out/renderer/assets/train-front-tunnel-DaO3LTVM.js                       0.48 kB │ gzip:     0.29 kB │ map:      1.51 kB
out/renderer/assets/file-pen-line-B_UONqF1.js                            0.48 kB │ gzip:     0.31 kB │ map:      1.38 kB
out/renderer/assets/keyboard-music-BPjnwTCz.js                           0.48 kB │ gzip:     0.27 kB │ map:      1.67 kB
out/renderer/assets/shovel-Cj6w_G-s.js                                   0.48 kB │ gzip:     0.31 kB │ map:      1.27 kB
out/renderer/assets/package-x-ClJ2jcER.js                                0.48 kB │ gzip:     0.30 kB │ map:      1.44 kB
out/renderer/assets/panel-top-bottom-dashed-B5Xe2JVD.js                  0.48 kB │ gzip:     0.27 kB │ map:      1.71 kB
out/renderer/assets/sticky-notes-DNp24mYK.js                             0.48 kB │ gzip:     0.27 kB │ map:      1.36 kB
out/renderer/assets/tickets-plane-Bafb0adP.js                            0.48 kB │ gzip:     0.31 kB │ map:      1.54 kB
out/renderer/assets/volleyball-GgI_s8PU.js                               0.48 kB │ gzip:     0.30 kB │ map:      1.44 kB
out/renderer/assets/bus-DRIMfU4O.js                                      0.48 kB │ gzip:     0.30 kB │ map:      1.52 kB
out/renderer/assets/helicopter-aJ-YEcTV.js                               0.48 kB │ gzip:     0.28 kB │ map:      1.55 kB
out/renderer/assets/map-plus-BJb5lMpm.js                                 0.48 kB │ gzip:     0.30 kB │ map:      1.37 kB
out/renderer/assets/radio-tower-DWpvnwyj.js                              0.48 kB │ gzip:     0.31 kB │ map:      1.51 kB
out/renderer/assets/key-square-BSJjzuZE.js                               0.48 kB │ gzip:     0.29 kB │ map:      1.29 kB
out/renderer/assets/school-D1mBFBL5.js                                   0.48 kB │ gzip:     0.31 kB │ map:      1.45 kB
out/renderer/assets/square-scissors-BbRWCC8m.js                          0.48 kB │ gzip:     0.29 kB │ map:      1.67 kB
out/renderer/assets/image-off-D-N41emz.js                                0.48 kB │ gzip:     0.30 kB │ map:      1.58 kB
out/renderer/assets/pen-tool-DGO5mP18.js                                 0.48 kB │ gzip:     0.30 kB │ map:      1.39 kB
out/renderer/assets/file-badge-BYFjNxfD.js                               0.48 kB │ gzip:     0.33 kB │ map:      1.38 kB
out/renderer/assets/panel-left-right-dashed-DLeAMunO.js                  0.48 kB │ gzip:     0.27 kB │ map:      1.71 kB
out/renderer/assets/sun-EzSSY2XC.js                                      0.48 kB │ gzip:     0.26 kB │ map:      1.61 kB
out/renderer/assets/heart-handshake-jR3BTGQg.js                          0.48 kB │ gzip:     0.31 kB │ map:      1.16 kB
out/renderer/assets/cat-6wRHozs4.js                                      0.49 kB │ gzip:     0.33 kB │ map:      1.29 kB
out/renderer/assets/earth-lock-BtpyOuyM.js                               0.49 kB │ gzip:     0.31 kB │ map:      1.48 kB
out/renderer/assets/origami-DsnGdDzT.js                                  0.49 kB │ gzip:     0.32 kB │ map:      1.28 kB
out/renderer/assets/waves-arrow-down-DXPrHHui.js                         0.49 kB │ gzip:     0.30 kB │ map:      1.39 kB
out/renderer/assets/pointer-FH9ZWukN.js                                  0.49 kB │ gzip:     0.29 kB │ map:      1.38 kB
out/renderer/assets/wifi-off-igHWIKzV.js                                 0.49 kB │ gzip:     0.29 kB │ map:      1.47 kB
out/renderer/assets/scan-eye-i-CI9Fik.js                                 0.49 kB │ gzip:     0.30 kB │ map:      1.47 kB
out/renderer/assets/chess-knight-BxaWEy1C.js                             0.49 kB │ gzip:     0.31 kB │ map:      1.42 kB
out/renderer/assets/circle-fading-plus-DeNSMaXj.js                       0.49 kB │ gzip:     0.29 kB │ map:      1.53 kB
out/renderer/assets/file-braces-corner-oklX_Ln0.js                       0.49 kB │ gzip:     0.29 kB │ map:      1.40 kB
out/renderer/assets/message-square-heart-C90EgMWg.js                     0.49 kB │ gzip:     0.32 kB │ map:      1.28 kB
out/renderer/assets/tree-palm-CyRRihQI.js                                0.49 kB │ gzip:     0.33 kB │ map:      1.34 kB
out/renderer/assets/file-scan-Di_opURw.js                                0.49 kB │ gzip:     0.28 kB │ map:      1.45 kB
out/renderer/assets/beer-C6gtBm8x.js                                     0.49 kB │ gzip:     0.31 kB │ map:      1.37 kB
out/renderer/assets/cloud-sun-rain-DqOCbOA4.js                           0.49 kB │ gzip:     0.30 kB │ map:      1.57 kB
out/renderer/assets/file-chart-pie-BnlGaKb5.js                           0.49 kB │ gzip:     0.32 kB │ map:      1.39 kB
out/renderer/assets/sun-dim-BIMbcPL7.js                                  0.49 kB │ gzip:     0.26 kB │ map:      1.63 kB
out/renderer/assets/tooltipContext-CjKzNXEX.js                           0.49 kB │ gzip:     0.27 kB │ map:      2.95 kB
out/renderer/assets/chunk-CIAEETIT-Coej1OJs.js                           0.50 kB │ gzip:     0.35 kB │ map:      2.06 kB
out/renderer/assets/ferris-wheel-6WSOVIaj.js                             0.50 kB │ gzip:     0.30 kB │ map:      1.66 kB
out/renderer/assets/file-braces-CaoL-KWp.js                              0.50 kB │ gzip:     0.28 kB │ map:      1.37 kB
out/renderer/assets/hand-platter-Dwpqq-Gp.js                             0.50 kB │ gzip:     0.32 kB │ map:      1.47 kB
out/renderer/assets/save-off-ABeWJbtn.js                                 0.50 kB │ gzip:     0.30 kB │ map:      1.50 kB
out/renderer/assets/siren-BFHZ1hxJ.js                                    0.50 kB │ gzip:     0.29 kB │ map:      1.55 kB
out/renderer/assets/soap-dispenser-droplet-JPZEYXx-.js                   0.50 kB │ gzip:     0.33 kB │ map:      1.43 kB
out/renderer/assets/package-search-B36pcpSv.js                           0.50 kB │ gzip:     0.32 kB │ map:      1.51 kB
out/renderer/assets/settings-si5ee21P.js                                 0.50 kB │ gzip:     0.26 kB │ map:      1.24 kB
out/renderer/assets/star-BmvElNNE.js                                     0.50 kB │ gzip:     0.31 kB │ map:      1.12 kB
out/renderer/assets/wifi-sync-YFwO-RbD.js                                0.50 kB │ gzip:     0.30 kB │ map:      1.49 kB
out/renderer/assets/circle-fading-arrow-up-1Ac0RMqS.js                   0.50 kB │ gzip:     0.30 kB │ map:      1.56 kB
out/renderer/assets/clipboard-pen-line-BE3j_poW.js                       0.50 kB │ gzip:     0.31 kB │ map:      1.51 kB
out/renderer/assets/thermometer-snowflake-CIwKNhnf.js                    0.50 kB │ gzip:     0.32 kB │ map:      1.62 kB
out/renderer/assets/map-pin-off-B7yntai0.js                              0.50 kB │ gzip:     0.33 kB │ map:      1.41 kB
out/renderer/assets/microchip-BfHESaNi.js                                0.50 kB │ gzip:     0.27 kB │ map:      1.73 kB
out/renderer/assets/notebook-pen-CY56v3S8.js                             0.50 kB │ gzip:     0.30 kB │ map:      1.47 kB
out/renderer/assets/salad-D8lIfv9O.js                                    0.50 kB │ gzip:     0.30 kB │ map:      1.38 kB
out/renderer/assets/square-dashed-top-solid-BacBvPOG.js                  0.50 kB │ gzip:     0.27 kB │ map:      1.68 kB
out/renderer/assets/trophy-B2F2qG60.js                                   0.50 kB │ gzip:     0.29 kB │ map:      1.42 kB
out/renderer/assets/volume-off-x8EQr3Kg.js                               0.50 kB │ gzip:     0.32 kB │ map:      1.40 kB
out/renderer/assets/lamp-desk-Boi_Zsq4.js                                0.50 kB │ gzip:     0.31 kB │ map:      1.35 kB
out/renderer/assets/image-upscale-BYsr01yx.js                            0.50 kB │ gzip:     0.31 kB │ map:      1.63 kB
out/renderer/assets/cable-C0w9gFwy.js                                    0.51 kB │ gzip:     0.27 kB │ map:      1.52 kB
out/renderer/assets/calendar-days-5GB_lhyX.js                            0.51 kB │ gzip:     0.27 kB │ map:      1.77 kB
out/renderer/assets/folder-tree-Dm-k3mlX.js                              0.51 kB │ gzip:     0.28 kB │ map:      1.38 kB
out/renderer/assets/ship-4vRjJZpl.js                                     0.51 kB │ gzip:     0.30 kB │ map:      1.41 kB
out/renderer/assets/sparkles-D-rRXDFo.js                                 0.51 kB │ gzip:     0.29 kB │ map:      1.37 kB
out/renderer/assets/webhook-off-Tm3daob5.js                              0.51 kB │ gzip:     0.32 kB │ map:      1.51 kB
out/renderer/assets/circle-star-D9a4sK2x.js                              0.51 kB │ gzip:     0.32 kB │ map:      1.25 kB
out/renderer/assets/solar-panel-B-JdKUMh.js                              0.51 kB │ gzip:     0.31 kB │ map:      1.54 kB
out/renderer/assets/sun-medium-Df8ixSVd.js                               0.51 kB │ gzip:     0.28 kB │ map:      1.65 kB
out/renderer/assets/layers-plus-C2Bry8V_.js                              0.51 kB │ gzip:     0.29 kB │ map:      1.41 kB
out/renderer/assets/store-DmPdXJRH.js                                    0.51 kB │ gzip:     0.29 kB │ map:      1.28 kB
out/renderer/assets/blender-CMW-G37S.js                                  0.51 kB │ gzip:     0.31 kB │ map:      1.46 kB
out/renderer/assets/cake-O1ICpZ_M.js                                     0.51 kB │ gzip:     0.28 kB │ map:      1.60 kB
out/renderer/assets/drill-BmChlp7O.js                                    0.51 kB │ gzip:     0.29 kB │ map:      1.47 kB
out/renderer/assets/pointer-off-Csrs94Yu.js                              0.52 kB │ gzip:     0.32 kB │ map:      1.50 kB
out/renderer/assets/scan-qr-code-tN_wJSPk.js                             0.52 kB │ gzip:     0.31 kB │ map:      1.64 kB
out/renderer/assets/calendar-sync-BIO0-zPT.js                            0.52 kB │ gzip:     0.30 kB │ map:      1.59 kB
out/renderer/assets/cctv-ChSzQatj.js                                     0.52 kB │ gzip:     0.32 kB │ map:      1.42 kB
out/renderer/assets/palette-8t3QyXDQ.js                                  0.52 kB │ gzip:     0.28 kB │ map:      1.59 kB
out/renderer/assets/square-star-IFNGjGfY.js                              0.52 kB │ gzip:     0.34 kB │ map:      1.29 kB
out/renderer/assets/hand-heart-DTeTmyMb.js                               0.52 kB │ gzip:     0.35 kB │ map:      1.39 kB
out/renderer/assets/shower-head-C6pi-9Q9.js                              0.52 kB │ gzip:     0.28 kB │ map:      1.70 kB
out/renderer/assets/wand-sparkles-BRxHJMDb.js                            0.52 kB │ gzip:     0.29 kB │ map:      1.64 kB
out/renderer/assets/broccoli-BZJofSv_.js                                 0.53 kB │ gzip:     0.34 kB │ map:      1.39 kB
out/renderer/assets/zodiac-aquarius-CiN2CDBL.js                          0.53 kB │ gzip:     0.26 kB │ map:      1.30 kB
out/renderer/assets/chunk-EDXVE4YY-ClNRFkxI.js                           0.53 kB │ gzip:     0.38 kB │ map:      2.00 kB
out/renderer/assets/chart-scatter-COsf7JIq.js                            0.53 kB │ gzip:     0.27 kB │ map:      1.69 kB
out/renderer/assets/radar-CxvH0wN2.js                                    0.53 kB │ gzip:     0.32 kB │ map:      1.59 kB
out/renderer/assets/refresh-cw-off-CL9l-hEA.js                           0.53 kB │ gzip:     0.32 kB │ map:      1.54 kB
out/renderer/assets/grip-BawuCnFi.js                                     0.53 kB │ gzip:     0.24 kB │ map:      1.87 kB
out/renderer/assets/hotel-wA72NfiL.js                                    0.53 kB │ gzip:     0.30 kB │ map:      1.74 kB
out/renderer/assets/brick-wall-fire-xf0Bkr3L.js                          0.53 kB │ gzip:     0.32 kB │ map:      1.60 kB
out/renderer/assets/codeowners-CXSbCpg5.js                               0.54 kB │ gzip:     0.31 kB │ map:      1.04 kB
out/renderer/assets/codeowners-w0RJYlix.js                               0.54 kB │ gzip:     0.31 kB │ map:      1.06 kB
out/renderer/assets/dam-PCVh-F28.js                                      0.54 kB │ gzip:     0.30 kB │ map:      1.53 kB
out/renderer/assets/panda-Uzp4jwt4.js                                    0.54 kB │ gzip:     0.33 kB │ map:      1.48 kB
out/renderer/assets/unlink-_zlU98S1.js                                   0.54 kB │ gzip:     0.30 kB │ map:      1.70 kB
out/renderer/assets/file-volume-DLXceQA0.js                              0.54 kB │ gzip:     0.33 kB │ map:      1.42 kB
out/renderer/assets/ambulance-CtN4-Hk3.js                                0.54 kB │ gzip:     0.32 kB │ map:      1.62 kB
out/renderer/assets/ship-wheel-DoRnQ9Vp.js                               0.55 kB │ gzip:     0.31 kB │ map:      1.78 kB
out/renderer/assets/star-off-Bj5CfQ3-.js                                 0.55 kB │ gzip:     0.34 kB │ map:      1.34 kB
out/renderer/assets/university-CZwUP_GB.js                               0.55 kB │ gzip:     0.32 kB │ map:      1.60 kB
out/renderer/assets/tool-case-CWdpMVh-.js                                0.55 kB │ gzip:     0.35 kB │ map:      1.45 kB
out/renderer/assets/spray-can-wXqarx8n.js                                0.55 kB │ gzip:     0.31 kB │ map:      1.76 kB
out/renderer/assets/hand-fist-vWDrmeq_.js                                0.55 kB │ gzip:     0.34 kB │ map:      1.39 kB
out/renderer/assets/keyboard-off-gW9ZyQDR.js                             0.55 kB │ gzip:     0.30 kB │ map:      1.75 kB
out/renderer/assets/soup-D6pDJxGo.js                                     0.55 kB │ gzip:     0.30 kB │ map:      1.54 kB
out/renderer/assets/theater-By4A2nqB.js                                  0.55 kB │ gzip:     0.28 kB │ map:      1.67 kB
out/renderer/assets/truck-electric-CbBjL4qy.js                           0.56 kB │ gzip:     0.33 kB │ map:      1.68 kB
out/renderer/assets/user-star-BZt2OYeg.js                                0.56 kB │ gzip:     0.35 kB │ map:      1.35 kB
out/renderer/assets/calculator-DvBOupNW.js                               0.56 kB │ gzip:     0.30 kB │ map:      1.87 kB
out/renderer/assets/guitar-CCl5EqKA.js                                   0.56 kB │ gzip:     0.33 kB │ map:      1.41 kB
out/renderer/assets/radiation-P4yrJx6Y.js                                0.56 kB │ gzip:     0.32 kB │ map:      1.46 kB
out/renderer/assets/memory-stick-BXWaYKnv.js                             0.56 kB │ gzip:     0.29 kB │ map:      1.86 kB
out/renderer/assets/bow-arrow-lVm4ukwr.js                                0.56 kB │ gzip:     0.34 kB │ map:      1.47 kB
out/renderer/assets/heater-Wx6vUNTI.js                                   0.56 kB │ gzip:     0.29 kB │ map:      1.74 kB
out/renderer/assets/file-box-DsFr4JNB.js                                 0.57 kB │ gzip:     0.34 kB │ map:      1.49 kB
out/renderer/assets/paintbrush-BmtAB5qh.js                               0.57 kB │ gzip:     0.35 kB │ map:      1.38 kB
out/renderer/assets/tractor-BBZiEeJ8.js                                  0.57 kB │ gzip:     0.33 kB │ map:      1.72 kB
out/renderer/assets/flatten-CxYeNVNc.js                                  0.57 kB │ gzip:     0.34 kB │ map:      5.97 kB
out/renderer/assets/lasso-select-QX7n77HA.js                             0.57 kB │ gzip:     0.36 kB │ map:      1.51 kB
out/renderer/assets/message-square-dashed-DYJRGTkr.js                    0.57 kB │ gzip:     0.31 kB │ map:      1.80 kB
out/renderer/assets/cctv-off-xpvEtVv9.js                                 0.57 kB │ gzip:     0.34 kB │ map:      1.55 kB
out/renderer/assets/pencil-ruler-C2RLpD3t.js                             0.57 kB │ gzip:     0.33 kB │ map:      1.60 kB
out/renderer/assets/grape-DlMps5g2.js                                    0.57 kB │ gzip:     0.29 kB │ map:      1.88 kB
out/renderer/assets/triangle-dashed-ROSYG2km.js                          0.57 kB │ gzip:     0.32 kB │ map:      1.73 kB
out/renderer/assets/drone-DUXFNqId.js                                    0.58 kB │ gzip:     0.33 kB │ map:      1.73 kB
out/renderer/assets/swords-CDijjPnn.js                                   0.58 kB │ gzip:     0.30 kB │ map:      1.86 kB
out/renderer/assets/globe-off-CuwAv8M5.js                                0.58 kB │ gzip:     0.31 kB │ map:      1.57 kB
out/renderer/assets/paint-bucket-BrwByFj5.js                             0.58 kB │ gzip:     0.35 kB │ map:      1.46 kB
out/renderer/assets/layers-minus-DzUHGNDC.js                             0.58 kB │ gzip:     0.32 kB │ map:      1.53 kB
out/renderer/assets/drama-BmAdposm.js                                    0.58 kB │ gzip:     0.35 kB │ map:      1.65 kB
out/renderer/assets/vector-square-BHEtn-An.js                            0.58 kB │ gzip:     0.28 kB │ map:      1.88 kB
out/renderer/assets/binoculars-ByQZYs-Z.js                               0.59 kB │ gzip:     0.31 kB │ map:      1.59 kB
out/renderer/assets/circle-dashed-BTQNajb2.js                            0.59 kB │ gzip:     0.29 kB │ map:      1.68 kB
out/renderer/assets/dumbbell-XN0KO4cq.js                                 0.59 kB │ gzip:     0.31 kB │ map:      1.51 kB
out/renderer/assets/highlighted-body-OFNGDK62-DJxBNkHE.js                0.59 kB │ gzip:     0.38 kB │ map:      1.24 kB
out/renderer/assets/table-columns-split-BLcoR9Mc.js                      0.59 kB │ gzip:     0.30 kB │ map:      1.87 kB
out/renderer/assets/beef-off-wuWD3Yfi.js                                 0.59 kB │ gzip:     0.37 kB │ map:      1.58 kB
out/renderer/assets/brain-CN_E2voX.js                                    0.59 kB │ gzip:     0.31 kB │ map:      1.64 kB
out/renderer/assets/building-ka1mpIw9.js                                 0.59 kB │ gzip:     0.30 kB │ map:      1.87 kB
out/renderer/assets/table-rows-split-BAJcStVV.js                         0.59 kB │ gzip:     0.30 kB │ map:      1.86 kB
out/renderer/assets/package-open-DnJhnWtK.js                             0.59 kB │ gzip:     0.34 kB │ map:      1.52 kB
out/renderer/assets/replace-all-BzkHDxX5.js                              0.59 kB │ gzip:     0.31 kB │ map:      1.78 kB
out/renderer/assets/chess-queen-OjraSt8i.js                              0.59 kB │ gzip:     0.34 kB │ map:      1.75 kB
out/renderer/assets/square-dashed-Ivhj1tdH.js                            0.59 kB │ gzip:     0.28 kB │ map:      1.92 kB
out/renderer/assets/sun-snow-Cpd3oMA4.js                                 0.59 kB │ gzip:     0.32 kB │ map:      1.83 kB
out/renderer/assets/candy-VSW4pPm7.js                                    0.60 kB │ gzip:     0.32 kB │ map:      1.54 kB
out/renderer/assets/puzzle-DjCE4LMc.js                                   0.60 kB │ gzip:     0.29 kB │ map:      1.23 kB
out/renderer/assets/chunk-AA7GKIK3-C15CNucR.js                           0.60 kB │ gzip:     0.39 kB │ map:      2.40 kB
out/renderer/assets/book-dashed-DJNPgymj.js                              0.61 kB │ gzip:     0.31 kB │ map:      1.86 kB
out/renderer/assets/recycle-rUCXgUjC.js                                  0.61 kB │ gzip:     0.36 kB │ map:      1.63 kB
out/renderer/assets/ribbon-BInzBrUH.js                                   0.61 kB │ gzip:     0.38 kB │ map:      1.51 kB
out/renderer/assets/infoDiagram-42DDH7IO-BM6LMAdf.js                     0.61 kB │ gzip:     0.40 kB │ map:      1.99 kB
out/renderer/assets/flower-IKxWxGMN.js                                   0.61 kB │ gzip:     0.32 kB │ map:      1.84 kB
out/renderer/assets/pickaxe-BbeG3Wfc.js                                  0.62 kB │ gzip:     0.36 kB │ map:      1.51 kB
out/renderer/assets/croissant-MYk_3Ent.js                                0.62 kB │ gzip:     0.34 kB │ map:      1.52 kB
out/renderer/assets/nut-CJyEqcgz.js                                      0.62 kB │ gzip:     0.40 kB │ map:      1.39 kB
out/renderer/assets/dna-off-VwbPzqgh.js                                  0.62 kB │ gzip:     0.35 kB │ map:      1.80 kB
out/renderer/assets/message-circle-dashed-Byvbo2Q6.js                    0.63 kB │ gzip:     0.34 kB │ map:      1.75 kB
out/renderer/assets/satellite-CsqqL8l1.js                                0.63 kB │ gzip:     0.31 kB │ map:      1.60 kB
out/renderer/assets/fingerprint-pattern-BN2dRBrN.js                      0.64 kB │ gzip:     0.37 kB │ map:      1.81 kB
out/renderer/assets/bug-BBa4CGwK.js                                      0.64 kB │ gzip:     0.33 kB │ map:      1.87 kB
out/renderer/assets/fish-B0WZ_Vnz.js                                     0.64 kB │ gzip:     0.39 kB │ map:      1.64 kB
out/renderer/assets/telescope-1YPxgLIa.js                                0.64 kB │ gzip:     0.39 kB │ map:      1.73 kB
out/renderer/assets/square-dashed-mouse-pointer-De2PwAvU.js              0.64 kB │ gzip:     0.35 kB │ map:      1.94 kB
out/renderer/assets/beer-off-DPUbTBEB.js                                 0.65 kB │ gzip:     0.38 kB │ map:      1.74 kB
out/renderer/assets/gamepad-2-BB3pwgi_.js                                0.65 kB │ gzip:     0.40 kB │ map:      1.71 kB
out/renderer/assets/squares-intersect-Ch9Nbc1a.js                        0.65 kB │ gzip:     0.31 kB │ map:      1.95 kB
out/renderer/assets/chunk-ORNJ4GCN-CTQqIGRD.js                           0.65 kB │ gzip:     0.41 kB │ map:      2.62 kB
out/renderer/assets/cpu-vubnxGsz.js                                      0.65 kB │ gzip:     0.29 kB │ map:      2.17 kB
out/renderer/assets/dna-D2cW5i9F.js                                      0.65 kB │ gzip:     0.35 kB │ map:      1.88 kB
out/renderer/assets/snowflake-Zb13beSi.js                                0.65 kB │ gzip:     0.34 kB │ map:      1.97 kB
out/renderer/assets/squircle-dashed-kwlElsQM.js                          0.66 kB │ gzip:     0.36 kB │ map:      1.75 kB
out/renderer/assets/notepad-text-dashed-CzpV2Axv.js                      0.66 kB │ gzip:     0.32 kB │ map:      2.07 kB
out/renderer/assets/qr-code-B3xCs0g3.js                                  0.66 kB │ gzip:     0.31 kB │ map:      2.13 kB
out/renderer/assets/bug-play-DLAAbcDv.js                                 0.66 kB │ gzip:     0.35 kB │ map:      1.81 kB
out/renderer/assets/cannabis-off-PIeTLESd.js                             0.66 kB │ gzip:     0.41 kB │ map:      1.70 kB
out/renderer/assets/brick-wall-shield-BjCKR1FK.js                        0.67 kB │ gzip:     0.38 kB │ map:      1.79 kB
out/renderer/assets/stateDiagram-v2-QKLJ7IA2-ChZZPxE_.js                 0.67 kB │ gzip:     0.40 kB │ map:      1.39 kB
out/renderer/assets/circle-dot-dashed-B-rLmVv0.js                        0.67 kB │ gzip:     0.34 kB │ map:      1.86 kB
out/renderer/assets/user-cog-DO0DhKaH.js                                 0.67 kB │ gzip:     0.35 kB │ map:      1.97 kB
out/renderer/assets/dog-CmQYegfd.js                                      0.67 kB │ gzip:     0.42 kB │ map:      1.57 kB
out/renderer/assets/cloud-cog-BZsJqQ5v.js                                0.67 kB │ gzip:     0.36 kB │ map:      1.83 kB
out/renderer/assets/receipt-turkish-lira-CZZBY0TZ.js                     0.68 kB │ gzip:     0.31 kB │ map:      1.50 kB
out/renderer/assets/columns-3-cog-CBZywUzL.js                            0.68 kB │ gzip:     0.36 kB │ map:      2.04 kB
out/renderer/assets/candy-off-B_xOoWVt.js                                0.68 kB │ gzip:     0.35 kB │ map:      1.75 kB
out/renderer/assets/receipt-D9cZSOv4.js                                  0.68 kB │ gzip:     0.30 kB │ map:      1.44 kB
out/renderer/assets/receipt-russian-ruble-VBhtDVqr.js                    0.68 kB │ gzip:     0.30 kB │ map:      1.51 kB
out/renderer/assets/timeline-D7GwdruX.js                                 0.68 kB │ gzip:     0.30 kB │ map:      1.82 kB
out/renderer/assets/user-round-cog-BQHLlStY.js                           0.68 kB │ gzip:     0.36 kB │ map:      2.01 kB
out/renderer/assets/fish-off-Cwrzw926.js                                 0.69 kB │ gzip:     0.43 kB │ map:      1.52 kB
out/renderer/assets/receipt-text-Rkq_nJP0.js                             0.69 kB │ gzip:     0.30 kB │ map:      1.53 kB
out/renderer/assets/modulepreload-polyfill-CSRv37U6.js                   0.69 kB │ gzip:     0.39 kB
out/renderer/assets/vault-ntdICqFH.js                                    0.69 kB │ gzip:     0.33 kB │ map:      2.11 kB
out/renderer/assets/receipt-swiss-franc-DR9H6NGC.js                      0.70 kB │ gzip:     0.31 kB │ map:      1.58 kB
out/renderer/assets/cog-BJc8g0VA.js                                      0.70 kB │ gzip:     0.34 kB │ map:      2.16 kB
out/renderer/assets/biohazard-CuOPyypw.js                                0.71 kB │ gzip:     0.40 kB │ map:      1.92 kB
out/renderer/assets/square-dashed-text-B5Mm7Wvl.js                       0.71 kB │ gzip:     0.32 kB │ map:      2.24 kB
out/renderer/assets/shellsession-Bc4ZM7OK.js                             0.71 kB │ gzip:     0.43 kB │ map:      1.28 kB
out/renderer/assets/shellsession-r1nGlasd.js                             0.71 kB │ gzip:     0.43 kB │ map:      1.30 kB
out/renderer/assets/square-dashed-kanban-Cp6hWWv4.js                     0.71 kB │ gzip:     0.32 kB │ map:      2.25 kB
out/renderer/assets/folder-cog-ztXUQoDD.js                               0.71 kB │ gzip:     0.38 kB │ map:      1.96 kB
out/renderer/assets/monitor-cog-DRdyrMqb.js                              0.71 kB │ gzip:     0.36 kB │ map:      2.07 kB
out/renderer/assets/receipt-indian-rupee-BHCnobME.js                     0.71 kB │ gzip:     0.31 kB │ map:      1.60 kB
out/renderer/assets/bug-off-D7QISoR3.js                                  0.71 kB │ gzip:     0.37 kB │ map:      2.01 kB
out/renderer/assets/receipt-euro-BFAXnPCz.js                             0.71 kB │ gzip:     0.32 kB │ map:      1.51 kB
out/renderer/assets/receipt-cent-BW2XToam.js                             0.71 kB │ gzip:     0.31 kB │ map:      1.51 kB
out/renderer/assets/receipt-pound-sterling-_VqJ8oky.js                   0.71 kB │ gzip:     0.31 kB │ map:      1.61 kB
out/renderer/assets/component-CTcTAIuU.js                                0.72 kB │ gzip:     0.28 kB │ map:      1.65 kB
out/renderer/assets/tsv-CiEINTnn.js                                      0.73 kB │ gzip:     0.33 kB │ map:      1.35 kB
out/renderer/assets/tsv-eUY_-zOh.js                                      0.73 kB │ gzip:     0.33 kB │ map:      1.33 kB
out/renderer/assets/nut-off-C7C3OeKR.js                                  0.73 kB │ gzip:     0.45 kB │ map:      1.69 kB
out/renderer/assets/receipt-japanese-yen-ZMrLksyv.js                     0.74 kB │ gzip:     0.32 kB │ map:      1.68 kB
out/renderer/assets/classDiagram-6PBFFD2Q-DumttWIG.js                    0.74 kB │ gzip:     0.43 kB │ map:      1.44 kB
out/renderer/assets/classDiagram-v2-HSJHXN6E-D9EGicO3.js                 0.74 kB │ gzip:     0.43 kB │ map:      1.45 kB
out/renderer/assets/wifi-cog-BppLCrWI.js                                 0.75 kB │ gzip:     0.39 kB │ map:      2.08 kB
out/renderer/assets/shield-cog-corner-FaA7JBMf.js                        0.75 kB │ gzip:     0.41 kB │ map:      2.04 kB
out/renderer/assets/gamepad-directional-ByVjqBMq.js                      0.76 kB │ gzip:     0.36 kB │ map:      1.74 kB
out/renderer/assets/party-popper-DCTzjEe8.js                             0.76 kB │ gzip:     0.43 kB │ map:      1.97 kB
out/renderer/assets/shield-cog-BJDeFXir.js                               0.77 kB │ gzip:     0.42 kB │ map:      2.02 kB
out/renderer/assets/calendar-cog-By9CxF58.js                             0.77 kB │ gzip:     0.39 kB │ map:      2.19 kB
out/renderer/assets/file-cog-DQd1Yq1w.js                                 0.78 kB │ gzip:     0.41 kB │ map:      2.15 kB
out/renderer/assets/brain-circuit-BdtLa3hK.js                            0.83 kB │ gzip:     0.41 kB │ map:      2.36 kB
out/renderer/assets/linearClosed-egjSybca.js                             0.84 kB │ gzip:     0.31 kB │ map:      2.58 kB
out/renderer/assets/html-derivative-D2IFbZtI.js                          0.84 kB │ gzip:     0.45 kB │ map:      1.38 kB
out/renderer/assets/html-derivative-DGMjr99f.js                          0.84 kB │ gzip:     0.45 kB │ map:      1.40 kB
out/renderer/assets/shim-B9-F72Qx.js                                     0.84 kB │ gzip:     0.45 kB │ map:      3.57 kB
out/renderer/assets/server-cog-BR-0Kaqx.js                               0.86 kB │ gzip:     0.39 kB │ map:      2.24 kB
out/renderer/assets/boxes-DNPihDHg.js                                    0.88 kB │ gzip:     0.41 kB │ map:      2.26 kB
out/renderer/assets/chunk-7N4EOEYR-C0wyVQaT.js                           0.90 kB │ gzip:     0.49 kB │ map:      3.36 kB
out/renderer/assets/square-bottom-dashed-scissors-DdE7ihNF.js            0.91 kB │ gzip:     0.42 kB │ map:      2.82 kB
out/renderer/assets/wheat-BKi8T9zY.js                                    0.91 kB │ gzip:     0.35 kB │ map:      2.14 kB
out/renderer/assets/with-selector-lBbrcXB5.js                            0.93 kB │ gzip:     0.52 kB │ map:      4.57 kB
out/renderer/assets/line-Bqn__P24.js                                     0.94 kB │ gzip:     0.46 kB │ map:      3.39 kB
out/renderer/assets/chunk-ZZ45TVLE-BPhHLBug.js                           0.95 kB │ gzip:     0.58 kB │ map:      3.25 kB
out/renderer/assets/wheat-off-Dds7eGhV.js                                0.96 kB │ gzip:     0.47 kB │ map:      2.34 kB
out/renderer/assets/git-rebase-BurZKOnt.js                               0.98 kB │ gzip:     0.44 kB │ map:      1.64 kB
out/renderer/assets/git-rebase-CAreZYPZ.js                               0.98 kB │ gzip:     0.44 kB │ map:      1.66 kB
out/renderer/assets/hop-off-UgKudj2C.js                                  0.99 kB │ gzip:     0.54 kB │ map:      2.26 kB
out/renderer/assets/qmldir-C8-h8U9f.js                                   0.99 kB │ gzip:     0.44 kB │ map:      1.71 kB
out/renderer/assets/qmldir-Cqax45rE.js                                   0.99 kB │ gzip:     0.44 kB │ map:      1.69 kB
out/renderer/assets/value-9Wfj6bdY.js                                    1.04 kB │ gzip:     0.55 kB │ map:      4.32 kB
out/renderer/assets/keyboardShortcuts-BpYpQRWw.js                        1.04 kB │ gzip:     0.51 kB │ map:      5.67 kB
out/renderer/assets/brain-cog-TweVYWH8.js                                1.04 kB │ gzip:     0.49 kB │ map:      2.64 kB
out/renderer/assets/hop-B5axd_W_.js                                      1.05 kB │ gzip:     0.55 kB │ map:      2.30 kB
out/renderer/assets/previewPanePdfContent-kyKa4Why.js                    1.10 kB │ gzip:     0.64 kB │ map:      1.28 kB
out/renderer/assets/resource-manager-r2Pg8Tqp.js                         1.12 kB │ gzip:     0.55 kB │ map:      3.56 kB
out/renderer/assets/logger-pM_54ql3.js                                   1.12 kB │ gzip:     0.57 kB │ map:      5.93 kB
out/renderer/assets/csv-BAxgh_RS.js                                      1.13 kB │ gzip:     0.36 kB │ map:      1.95 kB
out/renderer/assets/csv-IG1G6zeG.js                                      1.13 kB │ gzip:     0.36 kB │ map:      1.97 kB
out/renderer/assets/isEmpty-DPu-0J9_.js                                  1.16 kB │ gzip:     0.63 kB │ map:      7.89 kB
out/renderer/assets/ordinal-CdtBJ0bw.js                                  1.18 kB │ gzip:     0.57 kB │ map:      4.66 kB
out/renderer/assets/preload-helper-6sFvuSG7.js                           1.20 kB │ gzip:     0.68 kB
out/renderer/assets/git-commit-ClBBdXD8.js                               1.22 kB │ gzip:     0.52 kB │ map:      1.99 kB
out/renderer/assets/git-commit-D-NatUlq.js                               1.22 kB │ gzip:     0.52 kB │ map:      2.01 kB
out/renderer/assets/pie-VpYLeUQ8.js                                      1.25 kB │ gzip:     0.57 kB │ map:      4.62 kB
out/renderer/assets/chunk-D-fkvfCP.js                                    1.26 kB │ gzip:     0.69 kB
out/renderer/assets/xsl-B9srni1O.js                                      1.36 kB │ gzip:     0.50 kB │ map:      2.17 kB
out/renderer/assets/xsl-Caubw6ss.js                                      1.36 kB │ gzip:     0.50 kB │ map:      2.15 kB
out/renderer/assets/dotenv-BWlf0wGY.js                                   1.41 kB │ gzip:     0.52 kB │ map:      2.29 kB
out/renderer/assets/dotenv-CmVbmmHS.js                                   1.41 kB │ gzip:     0.52 kB │ map:      2.31 kB
out/renderer/assets/chunk-LIHQZDEY-DzL1Xfjw.js                           1.46 kB │ gzip:     0.78 kB │ map:      5.64 kB
out/renderer/assets/sparql-DUkLebT_.js                                   1.47 kB │ gzip:     0.81 kB │ map:      2.08 kB
out/renderer/assets/sparql-DhP71vBB.js                                   1.47 kB │ gzip:     0.81 kB │ map:      2.07 kB
out/renderer/assets/ini-Bcmik9an.js                                      1.51 kB │ gzip:     0.49 kB │ map:      2.45 kB
out/renderer/assets/ini-avJVbMGY.js                                      1.51 kB │ gzip:     0.49 kB │ map:      2.43 kB
out/renderer/assets/band-CMokpmEo.js                                     1.53 kB │ gzip:     0.66 kB │ map:      5.43 kB
out/renderer/assets/createLucideIcon-C6hHpCk0.js                         1.66 kB │ gzip:     0.86 kB │ map:      8.91 kB
out/renderer/assets/fortran-fixed-form-DO2e9HAe.js                       1.66 kB │ gzip:     0.68 kB │ map:      2.69 kB
out/renderer/assets/fortran-fixed-form-VGe9GzAX.js                       1.66 kB │ gzip:     0.68 kB │ map:      2.67 kB
out/renderer/assets/previewPanePptxContent-Joqh2iTl.js                   1.66 kB │ gzip:     0.90 kB │ map:      2.03 kB
out/renderer/assets/docker-B60o02Wl.js                                   1.73 kB │ gzip:     0.59 kB │ map:      2.62 kB
out/renderer/assets/docker-D9b_2HU8.js                                   1.73 kB │ gzip:     0.59 kB │ map:      2.60 kB
out/renderer/assets/hxml-Cj7w0PS9.js                                     1.74 kB │ gzip:     0.87 kB │ map:      2.45 kB
out/renderer/assets/hxml-Dgp0hIYM.js                                     1.74 kB │ gzip:     0.87 kB │ map:      2.43 kB
out/renderer/assets/cua-permission-panel-DBHWnmeh.js                     1.79 kB │ gzip:     0.92 kB │ map:      6.93 kB
out/renderer/assets/desktop-Cc4Cz07w.js                                  1.82 kB │ gzip:     0.75 kB │ map:      2.72 kB
out/renderer/assets/desktop-CsRj2C9r.js                                  1.82 kB │ gzip:     0.75 kB │ map:      2.74 kB
out/renderer/assets/chunk-X2U36JSP-F_BH8Hfm.js                           1.83 kB │ gzip:     0.90 kB │ map:      6.04 kB
out/renderer/assets/dist-Bt8VZzoS.js                                     1.86 kB │ gzip:     0.82 kB │ map:      5.74 kB
out/renderer/assets/usageStatsUiParts-FKyD0N4Q.js                        1.95 kB │ gzip:     0.85 kB │ map:      5.49 kB
out/renderer/assets/chunk-YZCP3GAM-1vAYnXG-.js                           1.96 kB │ gzip:     0.88 kB │ map:      6.41 kB
out/renderer/assets/presentationElementModel-DavkI42-.js                 1.96 kB │ gzip:     0.85 kB │ map:      9.75 kB
out/renderer/assets/chunk-XBI2PYTU-Dmz2YpcB.js                           2.00 kB │ gzip:     0.76 kB │ map:      3.94 kB
out/renderer/assets/path-BDJ9rp4W.js                                     2.07 kB │ gzip:     0.91 kB │ map:      8.00 kB
out/renderer/assets/chunk-BSJP7CBP-DlmHHn4P.js                           2.09 kB │ gzip:     0.81 kB │ map:     10.29 kB
out/renderer/assets/officeFilePreview-CykuAtDG.js                        2.12 kB │ gzip:     1.02 kB │ map:      9.30 kB
out/renderer/assets/erb-9DpMDCRv.js                                      2.13 kB │ gzip:     0.62 kB │ map:      3.27 kB
out/renderer/assets/erb-DhFvkXoc.js                                      2.13 kB │ gzip:     0.62 kB │ map:      3.26 kB
out/renderer/assets/wenyan-Bbv2jkyf.js                                   2.15 kB │ gzip:     1.08 kB │ map:      3.14 kB
out/renderer/assets/wenyan-nDDSgZwF.js                                   2.15 kB │ gzip:     1.08 kB │ map:      3.16 kB
out/renderer/assets/jssm-Cy7pyCUO.js                                     2.23 kB │ gzip:     0.61 kB │ map:      3.35 kB
out/renderer/assets/jssm-_3s_AxSN.js                                     2.23 kB │ gzip:     0.61 kB │ map:      3.37 kB
out/renderer/assets/edge-BArfDkgx.js                                     2.30 kB │ gzip:     0.67 kB │ map:      3.53 kB
out/renderer/assets/edge-DpDz6bIU.js                                     2.30 kB │ gzip:     0.67 kB │ map:      3.51 kB
out/renderer/assets/reg-Cb2ZMtz-.js                                      2.33 kB │ gzip:     0.69 kB │ map:      3.49 kB
out/renderer/assets/reg-DxulZaGs.js                                      2.33 kB │ gzip:     0.69 kB │ map:      3.47 kB
out/renderer/assets/diff-B3XuitF3.js                                     2.56 kB │ gzip:     0.68 kB │ map:      3.82 kB
out/renderer/assets/diff-BLjq3vOz.js                                     2.56 kB │ gzip:     0.68 kB │ map:      3.84 kB
out/renderer/assets/gleam-CGeBZooP.js                                    2.57 kB │ gzip:     0.81 kB │ map:      3.97 kB
out/renderer/assets/gleam-Du6gX_vy.js                                    2.57 kB │ gzip:     0.81 kB │ map:      3.95 kB
out/renderer/assets/hy-BFXpKHS6.js                                       2.64 kB │ gzip:     1.17 kB │ map:      3.67 kB
out/renderer/assets/hy-CGkjQht9.js                                       2.64 kB │ gzip:     1.17 kB │ map:      3.65 kB
out/renderer/assets/catmullRom-DyJX3R_J.js                               2.72 kB │ gzip:     0.79 kB │ map:      7.95 kB
out/renderer/assets/diagram-5BDNPKRD-CDbma5j0.js                         2.78 kB │ gzip:     1.35 kB │ map:      8.98 kB
out/renderer/assets/openscad-BWL38pDQ.js                                 2.81 kB │ gzip:     1.00 kB │ map:      4.18 kB
out/renderer/assets/openscad-CTKSxtd0.js                                 2.81 kB │ gzip:     1.00 kB │ map:      4.20 kB
out/renderer/assets/log-DPsPe9yk.js                                      2.84 kB │ gzip:     0.89 kB │ map:      4.31 kB
out/renderer/assets/log-DZfIiObE.js                                      2.84 kB │ gzip:     0.89 kB │ map:      4.33 kB
out/renderer/assets/json-CvphFpPW.js                                     2.87 kB │ gzip:     0.81 kB │ map:      4.29 kB
out/renderer/assets/json-DC54YkXn.js                                     2.87 kB │ gzip:     0.81 kB │ map:      4.27 kB
out/renderer/assets/cairo-CYn5_DQj.js                                    2.93 kB │ gzip:     0.80 kB │ map:      4.51 kB
out/renderer/assets/cairo-zohrj3JV.js                                    2.93 kB │ gzip:     0.80 kB │ map:      4.49 kB
out/renderer/assets/berry-CkhYD5fv.js                                    2.99 kB │ gzip:     0.80 kB │ map:      4.80 kB
out/renderer/assets/berry-p-bwMORR.js                                    2.99 kB │ gzip:     0.80 kB │ map:      4.82 kB
out/renderer/assets/jsonl-CYHZh0KG.js                                    3.00 kB │ gzip:     0.78 kB │ map:      4.47 kB
out/renderer/assets/jsonl-CbXdIiHd.js                                    3.00 kB │ gzip:     0.78 kB │ map:      4.49 kB
out/renderer/assets/jsonc-BH94JJr-.js                                    3.10 kB │ gzip:     0.78 kB │ map:      4.58 kB
out/renderer/assets/jsonc-DzHKdCYU.js                                    3.10 kB │ gzip:     0.78 kB │ map:      4.57 kB
out/renderer/assets/logo-CoZhGTB0.js                                     3.12 kB │ gzip:     1.46 kB │ map:      3.77 kB
out/renderer/assets/logo-Di-NvDlT.js                                     3.12 kB │ gzip:     1.46 kB │ map:      3.79 kB
out/renderer/assets/po-DuYLLGOd.js                                       3.23 kB │ gzip:     0.90 kB │ map:      5.04 kB
out/renderer/assets/po-tKgk6P4N.js                                       3.23 kB │ gzip:     0.90 kB │ map:      5.06 kB
out/renderer/assets/json5-BN7uWeYD.js                                    3.24 kB │ gzip:     0.82 kB │ map:      4.91 kB
out/renderer/assets/json5-DmOTmSie.js                                    3.24 kB │ gzip:     0.82 kB │ map:      4.93 kB
out/renderer/assets/mipsasm-C7GiGbH8.js                                  3.25 kB │ gzip:     1.17 kB │ map:      4.64 kB
out/renderer/assets/mipsasm-dyHOKTw4.js                                  3.25 kB │ gzip:     1.17 kB │ map:      4.65 kB
out/renderer/assets/tasl-BVIEhGC3.js                                     3.28 kB │ gzip:     0.84 kB │ map:      5.09 kB
out/renderer/assets/tasl-B_yojoal.js                                     3.28 kB │ gzip:     0.84 kB │ map:      5.11 kB
out/renderer/assets/genie-BteIHjF7.js                                    3.34 kB │ gzip:     1.20 kB │ map:      4.85 kB
out/renderer/assets/genie-DFDKeWRV.js                                    3.34 kB │ gzip:     1.20 kB │ map:      4.83 kB
out/renderer/assets/rel--0ekf6hw.js                                      3.36 kB │ gzip:     1.10 kB │ map:      4.85 kB
out/renderer/assets/rel-B9geJxCl.js                                      3.36 kB │ gzip:     1.10 kB │ map:      4.83 kB
out/renderer/assets/vala-3nDig6U7.js                                     3.36 kB │ gzip:     1.18 kB │ map:      4.85 kB
out/renderer/assets/vala-BfTxj-yW.js                                     3.36 kB │ gzip:     1.18 kB │ map:      4.87 kB
out/renderer/assets/previewPaneOfficeContent-DJImaF24.js                 3.42 kB │ gzip:     1.58 kB │ map:      5.78 kB
out/renderer/assets/symbol-BcmFR0WX.js                                   3.42 kB │ gzip:     1.29 kB │ map:     14.26 kB
out/renderer/assets/splunk-B8lP-hMC.js                                   3.42 kB │ gzip:     1.51 kB │ map:      4.42 kB
out/renderer/assets/splunk-BqYcm7i4.js                                   3.42 kB │ gzip:     1.51 kB │ map:      4.40 kB
out/renderer/assets/CodingPlanUsageLineChart-CKSJ68l0.js                 3.44 kB │ gzip:     1.56 kB │ map:     11.22 kB
out/renderer/assets/arc-C1lYvY8I.js                                      3.47 kB │ gzip:     1.46 kB │ map:     15.14 kB
out/renderer/assets/hurl-cEuJk1Yb.js                                     3.51 kB │ gzip:     1.10 kB │ map:      5.40 kB
out/renderer/assets/hurl-zgqNQlTo.js                                     3.51 kB │ gzip:     1.09 kB │ map:      5.38 kB
out/renderer/assets/chunk-336JU56O-DKfHwQpZ.js                           3.52 kB │ gzip:     1.60 kB │ map:      6.11 kB
out/renderer/assets/react-dom-BrVVpdeM.js                                3.56 kB │ gzip:     1.35 kB │ map:     12.08 kB
out/renderer/assets/fluent-DMeCLGoA.js                                   3.60 kB │ gzip:     0.89 kB │ map:      5.18 kB
out/renderer/assets/fluent-D_EqjXfM.js                                   3.60 kB │ gzip:     0.89 kB │ map:      5.16 kB
out/renderer/assets/ssh-config-D4BB7PsK.js                               3.61 kB │ gzip:     1.59 kB │ map:      4.47 kB
out/renderer/assets/ssh-config-D6WKWODX.js                               3.61 kB │ gzip:     1.59 kB │ map:      4.45 kB
out/renderer/assets/jsonnet-B_uon7C9.js                                  3.61 kB │ gzip:     1.03 kB │ map:      5.40 kB
out/renderer/assets/jsonnet-Dm_5hQRs.js                                  3.61 kB │ gzip:     1.03 kB │ map:      5.38 kB
out/renderer/assets/kdl-BCNtpQqQ.js                                      3.62 kB │ gzip:     1.03 kB │ map:      5.49 kB
out/renderer/assets/kdl-Dt98P1yC.js                                      3.62 kB │ gzip:     1.03 kB │ map:      5.47 kB
out/renderer/assets/narrat-DziWE-nA.js                                   3.66 kB │ gzip:     1.09 kB │ map:      5.38 kB
out/renderer/assets/narrat-ouh1ENND.js                                   3.66 kB │ gzip:     1.09 kB │ map:      5.40 kB
out/renderer/assets/glsl-BibWtsTd.js                                     3.68 kB │ gzip:     1.45 kB │ map:      4.34 kB
out/renderer/assets/glsl-Ty7qUU40.js                                     3.68 kB │ gzip:     1.45 kB │ map:      4.36 kB
out/renderer/assets/turtle-C0wgua6t.js                                   3.69 kB │ gzip:     0.96 kB │ map:      5.45 kB
out/renderer/assets/turtle-C2dG3uSN.js                                   3.69 kB │ gzip:     0.96 kB │ map:      5.47 kB
out/renderer/assets/zenscript-CYsdWbb9.js                                3.90 kB │ gzip:     1.28 kB │ map:      5.73 kB
out/renderer/assets/zenscript-DKBCFK-I.js                                3.90 kB │ gzip:     1.28 kB │ map:      5.71 kB
out/renderer/assets/ron-CfvmNKmQ.js                                      3.90 kB │ gzip:     0.97 kB │ map:      5.98 kB
out/renderer/assets/ron-DIGKYA3J.js                                      3.90 kB │ gzip:     0.97 kB │ map:      6.00 kB
out/renderer/assets/gn-BnCMBLKa.js                                       3.99 kB │ gzip:     1.47 kB │ map:      5.26 kB
out/renderer/assets/gn-C2cOjwtA.js                                       3.99 kB │ gzip:     1.47 kB │ map:      5.24 kB
out/renderer/assets/pieDiagram-DEJITSTG-DpQqQB_3.js                      4.03 kB │ gzip:     1.80 kB │ map:     12.29 kB
out/renderer/assets/pascal-C2YHRcEE.js                                   4.14 kB │ gzip:     1.67 kB │ map:      5.51 kB
out/renderer/assets/pascal-DX5TbGLd.js                                   4.14 kB │ gzip:     1.67 kB │ map:      5.49 kB
out/renderer/assets/diagram-TYMM5635-DycrcFK_.js                         4.24 kB │ gzip:     1.83 kB │ map:     12.07 kB
out/renderer/assets/http-Cx4iTGJ3.js                                     4.41 kB │ gzip:     1.06 kB │ map:      6.65 kB
out/renderer/assets/http-Dxx7tSFS.js                                     4.41 kB │ gzip:     1.06 kB │ map:      6.67 kB
out/renderer/assets/tcl-BB0ary_y.js                                      4.42 kB │ gzip:     1.50 kB │ map:      6.46 kB
out/renderer/assets/tcl-DuyVv5uj.js                                      4.42 kB │ gzip:     1.50 kB │ map:      6.44 kB
out/renderer/assets/nextflow-CPZGHuQA.js                                 4.50 kB │ gzip:     1.16 kB │ map:      6.80 kB
out/renderer/assets/nextflow-KtR6SPNl.js                                 4.50 kB │ gzip:     1.16 kB │ map:      6.78 kB
out/renderer/assets/AppUsageDailyModelTrendChart-CM0K4e-H.js             4.51 kB │ gzip:     1.92 kB │ map:     15.97 kB
out/renderer/assets/rosmsg-XniUKOVW.js                                   4.51 kB │ gzip:     1.05 kB │ map:      6.71 kB
out/renderer/assets/rosmsg-YLGbXCv2.js                                   4.51 kB │ gzip:     1.05 kB │ map:      6.73 kB
out/renderer/assets/mermaid-parser.core-D3D5a9iy.js                      4.55 kB │ gzip:     1.44 kB │ map:      9.89 kB
out/renderer/assets/defaultLocale-Bj35fIVN.js                            4.64 kB │ gzip:     2.12 kB │ map:     20.68 kB
out/renderer/assets/polar-D8cgGUoI.js                                    4.66 kB │ gzip:     1.12 kB │ map:      7.23 kB
out/renderer/assets/polar-DnX5ka5b.js                                    4.66 kB │ gzip:     1.12 kB │ map:      7.21 kB
out/renderer/assets/sdbl-Bom54Tq5.js                                     4.69 kB │ gzip:     2.00 kB │ map:      5.87 kB
out/renderer/assets/sdbl-C3ISOCk7.js                                     4.69 kB │ gzip:     2.00 kB │ map:      5.85 kB
out/renderer/assets/treemap-BamdGNxn.js                                  4.74 kB │ gzip:     1.84 kB │ map:     20.83 kB
out/renderer/assets/fennel-Cyw9aYp7.js                                   4.76 kB │ gzip:     1.53 kB │ map:      6.38 kB
out/renderer/assets/fennel-dwqfJnmw.js                                   4.76 kB │ gzip:     1.53 kB │ map:      6.40 kB
out/renderer/assets/bibtex-Bar_Q2Qc.js                                   4.78 kB │ gzip:     0.83 kB │ map:      7.00 kB
out/renderer/assets/bibtex-CfsO39hn.js                                   4.78 kB │ gzip:     0.83 kB │ map:      6.98 kB
out/renderer/assets/linear-CIE8v0HY.js                                   4.80 kB │ gzip:     1.96 kB │ map:     20.86 kB
out/renderer/assets/llvm-dk8mKDyE.js                                     5.04 kB │ gzip:     2.01 kB │ map:      6.65 kB
out/renderer/assets/llvm-gX0Xrr78.js                                     5.04 kB │ gzip:     2.01 kB │ map:      6.63 kB
out/renderer/assets/wgsl-BZxc6Agx.js                                     5.13 kB │ gzip:     1.38 kB │ map:      7.46 kB
out/renderer/assets/wgsl-CRLyCIq6.js                                     5.13 kB │ gzip:     1.38 kB │ map:      7.48 kB
out/renderer/assets/gdresource-BkNNSFFi.js                               5.28 kB │ gzip:     1.33 kB │ map:      7.71 kB
out/renderer/assets/gdresource-Dyw48zSR.js                               5.28 kB │ gzip:     1.33 kB │ map:      7.73 kB
out/renderer/assets/button-DpI-ZQkJ.js                                   5.30 kB │ gzip:     1.95 kB │ map:     16.43 kB
out/renderer/assets/presentationPdfPrintExport-gXS9u6Im.js               5.32 kB │ gzip:     2.54 kB │ map:     21.05 kB
out/renderer/assets/zig-C5UQQOit.js                                      5.33 kB │ gzip:     1.55 kB │ map:      7.85 kB
out/renderer/assets/zig-DYfiK-SO.js                                      5.33 kB │ gzip:     1.55 kB │ map:      7.83 kB
out/renderer/assets/qml-Dn-0iUVL.js                                      5.33 kB │ gzip:     1.38 kB │ map:      8.09 kB
out/renderer/assets/qml-Dq9Xs326.js                                      5.33 kB │ gzip:     1.38 kB │ map:      8.11 kB
out/renderer/assets/dax-Y1wPITlJ.js                                      5.35 kB │ gzip:     2.21 kB │ map:      6.75 kB
out/renderer/assets/dax-wrLgbv3U.js                                      5.35 kB │ gzip:     2.21 kB │ map:      6.73 kB
out/renderer/assets/bicep-BDoCQobi.js                                    5.37 kB │ gzip:     1.14 kB │ map:      7.87 kB
out/renderer/assets/bicep-C363YDnk.js                                    5.37 kB │ gzip:     1.14 kB │ map:      7.89 kB
out/renderer/assets/xml-C9WU_H14.js                                      5.43 kB │ gzip:     1.24 kB │ map:      7.82 kB
out/renderer/assets/xml-nGw93wwu.js                                      5.43 kB │ gzip:     1.24 kB │ map:      7.80 kB
out/renderer/assets/awk-CuFomhCR.js                                      5.45 kB │ gzip:     1.37 kB │ map:      7.96 kB
out/renderer/assets/awk-nGcnW3Tz.js                                      5.45 kB │ gzip:     1.37 kB │ map:      7.97 kB
out/renderer/assets/coq-BJ2HL8vi.js                                      5.54 kB │ gzip:     1.91 kB │ map:      7.49 kB
out/renderer/assets/coq-ZQWMbDFM.js                                      5.54 kB │ gzip:     1.91 kB │ map:      7.47 kB
out/renderer/assets/parts-Ba7a-9Zg.js                                    5.56 kB │ gzip:     2.14 kB │ map:     35.47 kB
out/renderer/assets/jinja-DMhVqxyr.js                                    5.62 kB │ gzip:     1.36 kB │ map:      8.47 kB
out/renderer/assets/jinja-vRDA376X.js                                    5.62 kB │ gzip:     1.36 kB │ map:      8.43 kB
out/renderer/assets/diagram-MMDJMWI5-DcGuyqNu.js                         5.77 kB │ gzip:     2.39 kB │ map:     18.16 kB
out/renderer/assets/lean-CqbBFKOD.js                                     5.77 kB │ gzip:     1.91 kB │ map:      7.83 kB
out/renderer/assets/lean-DgyD9R-C.js                                     5.77 kB │ gzip:     1.91 kB │ map:      7.85 kB
out/renderer/assets/moonbit-0R08np5T.js                                  5.89 kB │ gzip:     1.67 kB │ map:      8.63 kB
out/renderer/assets/moonbit-DJGv5x0y.js                                  5.89 kB │ gzip:     1.67 kB │ map:      8.65 kB
out/renderer/assets/powerquery-C3mr6MXC.js                               5.89 kB │ gzip:     1.51 kB │ map:      8.49 kB
out/renderer/assets/powerquery-yI3CwjZR.js                               5.89 kB │ gzip:     1.51 kB │ map:      8.47 kB
out/renderer/assets/shaderlab-BbkjDyQY.js                                5.91 kB │ gzip:     2.08 kB │ map:      7.66 kB
out/renderer/assets/shaderlab-CxtQM9lv.js                                5.91 kB │ gzip:     2.08 kB │ map:      7.68 kB
out/renderer/assets/verilog-Bh4kq74c.js                                  5.92 kB │ gzip:     1.89 kB │ map:      8.00 kB
out/renderer/assets/verilog-D8r8_qcc.js                                  5.92 kB │ gzip:     1.89 kB │ map:      7.98 kB
out/renderer/assets/CodingPlanUsageBarChart-CBWFS6xc.js                  5.93 kB │ gzip:     2.27 kB │ map:     20.88 kB
out/renderer/assets/cypher-B7vBgvkn.js                                   5.94 kB │ gzip:     1.71 kB │ map:      8.40 kB
out/renderer/assets/cypher-BhwBBeMS.js                                   5.94 kB │ gzip:     1.71 kB │ map:      8.42 kB
out/renderer/assets/vb-BuiWfTeH.js                                       6.08 kB │ gzip:     2.33 kB │ map:      8.02 kB
out/renderer/assets/vb-C97QqHc_.js                                       6.08 kB │ gzip:     2.33 kB │ map:      8.00 kB
out/renderer/assets/red-C_5T0Cnn.js                                      6.25 kB │ gzip:     1.59 kB │ map:      8.85 kB
out/renderer/assets/red-JGO1RPK4.js                                      6.25 kB │ gzip:     1.59 kB │ map:      8.86 kB
out/renderer/assets/min-dark-CaiCfNAw.js                                 6.28 kB │ gzip:     1.70 kB │ map:      8.60 kB
out/renderer/assets/min-dark-DNr2wqLx.js                                 6.28 kB │ gzip:     1.70 kB │ map:      8.58 kB
out/renderer/assets/gdshader-BcjRy5iw.js                                 6.31 kB │ gzip:     1.72 kB │ map:      9.15 kB
out/renderer/assets/gdshader-yFiQntcD.js                                 6.31 kB │ gzip:     1.72 kB │ map:      9.17 kB
out/renderer/assets/prisma-B5vSJLMK.js                                   6.32 kB │ gzip:     1.38 kB │ map:      9.25 kB
out/renderer/assets/prisma-D6ajrpKp.js                                   6.32 kB │ gzip:     1.38 kB │ map:      9.23 kB
out/renderer/assets/ara-8ir2Z0H1.js                                      6.35 kB │ gzip:     1.80 kB │ map:      9.21 kB
out/renderer/assets/ara-Pk12YJnq.js                                      6.35 kB │ gzip:     1.80 kB │ map:      9.23 kB
out/renderer/assets/clojure-CY77NFQQ.js                                  6.40 kB │ gzip:     1.41 kB │ map:      9.25 kB
out/renderer/assets/clojure-DmhO5qCw.js                                  6.40 kB │ gzip:     1.41 kB │ map:      9.26 kB
out/renderer/assets/postcss-BHRQkRja.js                                  6.41 kB │ gzip:     1.90 kB │ map:      9.09 kB
out/renderer/assets/postcss-BXu7j1fR.js                                  6.41 kB │ gzip:     1.90 kB │ map:      9.07 kB
out/renderer/assets/toml-BhTLpgnI.js                                     6.41 kB │ gzip:     1.28 kB │ map:      9.43 kB
out/renderer/assets/toml-DRaiqWwA.js                                     6.41 kB │ gzip:     1.28 kB │ map:      9.45 kB
out/renderer/assets/solarized-light-CotOBXPR.js                          6.47 kB │ gzip:     1.71 kB │ map:      9.20 kB
out/renderer/assets/solarized-light-eqfRLetk.js                          6.47 kB │ gzip:     1.71 kB │ map:      9.21 kB
out/renderer/assets/proto-DFlSMJbI.js                                    6.54 kB │ gzip:     1.41 kB │ map:      9.88 kB
out/renderer/assets/proto-FQdq_g-Q.js                                    6.54 kB │ gzip:     1.41 kB │ map:      9.86 kB
out/renderer/assets/smalltalk-BqWl99_s.js                                6.58 kB │ gzip:     1.61 kB │ map:      9.23 kB
out/renderer/assets/smalltalk-Dp4g7mFa.js                                6.58 kB │ gzip:     1.61 kB │ map:      9.21 kB
out/renderer/assets/r-8iIRJIiy.js                                        6.59 kB │ gzip:     1.82 kB │ map:     10.09 kB
out/renderer/assets/r-_OLbFvRJ.js                                        6.59 kB │ gzip:     1.82 kB │ map:     10.11 kB
out/renderer/assets/talonscript-B1QtYi47.js                              6.75 kB │ gzip:     1.48 kB │ map:     10.05 kB
out/renderer/assets/talonscript-DLC9dQqN.js                              6.75 kB │ gzip:     1.48 kB │ map:     10.03 kB
out/renderer/assets/solarized-dark-BOero-Rz.js                           6.84 kB │ gzip:     1.78 kB │ map:      9.65 kB
out/renderer/assets/solarized-dark-D3s_HK80.js                           6.84 kB │ gzip:     1.78 kB │ map:      9.67 kB
out/renderer/assets/riscv-DqXFgzN0.js                                    6.90 kB │ gzip:     1.97 kB │ map:      9.58 kB
out/renderer/assets/riscv-M-VJWY_B.js                                    6.90 kB │ gzip:     1.97 kB │ map:      9.56 kB
out/renderer/assets/soy-BMER_hKt.js                                      6.92 kB │ gzip:     1.62 kB │ map:     10.69 kB
out/renderer/assets/soy-Yd5v3UB6.js                                      6.92 kB │ gzip:     1.62 kB │ map:     10.67 kB
out/renderer/assets/min-light-CtLLKEfi.js                                6.96 kB │ gzip:     1.88 kB │ map:      9.50 kB
out/renderer/assets/min-light-D2hGaPpw.js                                6.96 kB │ gzip:     1.88 kB │ map:      9.52 kB
out/renderer/assets/step-D2rCjS6y.js                                     6.99 kB │ gzip:     1.63 kB │ map:     21.94 kB
out/renderer/assets/scheme-DY09vvxo.js                                   7.16 kB │ gzip:     2.04 kB │ map:      9.75 kB
out/renderer/assets/scheme-s63t_NIZ.js                                   7.16 kB │ gzip:     2.04 kB │ map:      9.77 kB
out/renderer/assets/hlsl-EyScJTsw.js                                     7.25 kB │ gzip:     2.18 kB │ map:      9.22 kB
out/renderer/assets/hlsl-XWLz4PU9.js                                     7.25 kB │ gzip:     2.18 kB │ map:      9.20 kB
out/renderer/assets/qss-D5kjEJ1Q.js                                      7.46 kB │ gzip:     2.57 kB │ map:      9.36 kB
out/renderer/assets/qss-rZbU7ZXr.js                                      7.46 kB │ gzip:     2.57 kB │ map:      9.38 kB
out/renderer/assets/identity-CWDMoywj.js                                 7.51 kB │ gzip:     2.82 kB │ map:     55.72 kB
out/renderer/assets/react-DgwTd-Uv.js                                    7.52 kB │ gzip:     2.87 kB │ map:     26.77 kB
out/renderer/assets/dart-Bz4tIgaL.js                                     7.80 kB │ gzip:     1.91 kB │ map:     11.50 kB
out/renderer/assets/systemd-Bwlf1yhJ.js                                  7.86 kB │ gzip:     2.54 kB │ map:     10.60 kB
out/renderer/assets/systemd-_xa5M1hh.js                                  7.86 kB │ gzip:     2.54 kB │ map:     10.62 kB
out/renderer/assets/monokai-B1Gjuozf.js                                  7.88 kB │ gzip:     1.90 kB │ map:     11.07 kB
out/renderer/assets/monokai-aKN0ify6.js                                  7.88 kB │ gzip:     1.90 kB │ map:     11.09 kB
out/renderer/assets/regexp-C-Kg53x9.js                                   8.04 kB │ gzip:     1.46 kB │ map:     11.15 kB
out/renderer/assets/regexp-CVkFAEGw.js                                   8.04 kB │ gzip:     1.46 kB │ map:     11.16 kB
out/renderer/assets/haml-CvnN_QEn.js                                     8.32 kB │ gzip:     1.84 kB │ map:     12.35 kB
out/renderer/assets/haml-DE8xR3r_.js                                     8.32 kB │ gzip:     1.85 kB │ map:     12.33 kB
out/renderer/assets/typst-CYxbjijb.js                                    8.38 kB │ gzip:     1.66 kB │ map:     12.28 kB
out/renderer/assets/typst-Cd6C1Dg5.js                                    8.38 kB │ gzip:     1.66 kB │ map:     12.26 kB
out/renderer/assets/string-B9nXufYw.js                                   8.40 kB │ gzip:     3.60 kB │ map:     27.76 kB
out/renderer/assets/vue-html-mDpVbzBm.js                                 8.47 kB │ gzip:     1.68 kB │ map:     11.96 kB
out/renderer/assets/vue-html-w6quJB2X.js                                 8.47 kB │ gzip:     1.68 kB │ map:     11.94 kB
out/renderer/assets/plsql-BmqxC8Eq.js                                    8.50 kB │ gzip:     2.99 kB │ map:     10.87 kB
out/renderer/assets/plsql-QWRWgP-1.js                                    8.50 kB │ gzip:     2.99 kB │ map:     10.85 kB
out/renderer/assets/reduce-DZahEWmq.js                                   8.59 kB │ gzip:     3.57 kB │ map:     75.41 kB
out/renderer/assets/dart-DrQtsr1q.js                                     8.61 kB │ gzip:     1.99 kB │ map:     12.61 kB
out/renderer/assets/horizon-BDSiA2EQ.js                                  8.77 kB │ gzip:     1.94 kB │ map:     12.06 kB
out/renderer/assets/horizon-v2GExJLn.js                                  8.77 kB │ gzip:     1.94 kB │ map:     12.04 kB
out/renderer/assets/kotlin--sBMFZbZ.js                                   8.77 kB │ gzip:     2.12 kB │ map:     12.76 kB
out/renderer/assets/kotlin-BWz711Dh.js                                   8.77 kB │ gzip:     2.12 kB │ map:     12.74 kB
out/renderer/assets/horizon-bright-CbeeoYYM.js                           8.78 kB │ gzip:     1.96 kB │ map:     12.11 kB
out/renderer/assets/horizon-bright-CjVlaxSl.js                           8.78 kB │ gzip:     1.96 kB │ map:     12.09 kB
out/renderer/assets/src-4TZJ-Q7G.js                                      8.84 kB │ gzip:     3.69 kB │ map:     41.06 kB
out/renderer/assets/ts-tags-CKlAkmhv.js                                  8.92 kB │ gzip:     1.21 kB │ map:     14.47 kB
out/renderer/assets/make-BG23UCdA.js                                     8.95 kB │ gzip:     1.76 kB │ map:     12.84 kB
out/renderer/assets/make-FZRMZeIp.js                                     8.95 kB │ gzip:     1.76 kB │ map:     12.82 kB
out/renderer/assets/andromeeda-BOjvIkyx.js                               9.01 kB │ gzip:     2.35 kB │ map:     11.92 kB
out/renderer/assets/andromeeda-CcxLMTiL.js                               9.01 kB │ gzip:     2.35 kB │ map:     11.94 kB
out/renderer/assets/sas-BqS89OgX.js                                      9.06 kB │ gzip:     3.82 kB │ map:     11.07 kB
out/renderer/assets/sas-DwH26ZDm.js                                      9.06 kB │ gzip:     3.82 kB │ map:     11.09 kB
out/renderer/assets/dark-plus-LXU7uXhe.js                                9.09 kB │ gzip:     2.10 kB │ map:     12.41 kB
out/renderer/assets/dark-plus-h11bQyWJ.js                                9.09 kB │ gzip:     2.10 kB │ map:     12.39 kB
out/renderer/assets/slack-dark-D9cjpj3R.js                               9.11 kB │ gzip:     1.96 kB │ map:     12.48 kB
out/renderer/assets/slack-dark-DYiL2SIr.js                               9.11 kB │ gzip:     1.96 kB │ map:     12.50 kB
out/renderer/assets/chunk-YE7GQOST-BrFigKbL.js                           9.27 kB │ gzip:     2.58 kB │ map:     28.56 kB
out/renderer/assets/sass-ANUdjxNI.js                                     9.28 kB │ gzip:     2.48 kB │ map:     13.38 kB
out/renderer/assets/sass-DgOvgvWl.js                                     9.28 kB │ gzip:     2.48 kB │ map:     13.40 kB
out/renderer/assets/plastic-CQg7q-3O.js                                  9.29 kB │ gzip:     1.96 kB │ map:     12.47 kB
out/renderer/assets/plastic-DBpl9Snp.js                                  9.29 kB │ gzip:     1.96 kB │ map:     12.45 kB
out/renderer/assets/chunk-WKBPLHUA-DSv53CmW.js                           9.36 kB │ gzip:     3.55 kB │ map:     31.21 kB
out/renderer/assets/graphlib-DB6nYw58.js                                 9.36 kB │ gzip:     3.18 kB │ map:     66.84 kB
out/renderer/assets/slack-ochin-BTwEYups.js                              9.42 kB │ gzip:     2.08 kB │ map:     13.08 kB
out/renderer/assets/slack-ochin-IEw4vH8Y.js                              9.42 kB │ gzip:     2.08 kB │ map:     13.10 kB
out/renderer/assets/tex-DMobmPiD.js                                      9.67 kB │ gzip:     3.06 kB │ map:     12.38 kB
out/renderer/assets/tex-mLUe3oFB.js                                      9.67 kB │ gzip:     3.06 kB │ map:     12.40 kB
out/renderer/assets/jison-BTeFzYLp.js                                    9.69 kB │ gzip:     1.87 kB │ map:     14.06 kB
out/renderer/assets/jison-CuOG18pB.js                                    9.69 kB │ gzip:     1.86 kB │ map:     14.08 kB
out/renderer/assets/cmake-BEpzKO58.js                                    9.84 kB │ gzip:     3.37 kB │ map:     11.23 kB
out/renderer/assets/cmake-gV0l68cz.js                                    9.84 kB │ gzip:     3.37 kB │ map:     11.25 kB
out/renderer/assets/light-plus-BKkkr9pV.js                               9.93 kB │ gzip:     2.27 kB │ map:     13.40 kB
out/renderer/assets/light-plus-CLCogu0O.js                               9.93 kB │ gzip:     2.27 kB │ map:     13.39 kB
out/renderer/assets/imeComposition-BAW9RAxg.js                           9.97 kB │ gzip:     3.69 kB │ map:     35.78 kB
out/renderer/assets/hcl-BaSO76jH.js                                     10.04 kB │ gzip:     1.93 kB │ map:     14.77 kB
out/renderer/assets/hcl-CpTS0CxC.js                                     10.04 kB │ gzip:     1.93 kB │ map:     14.75 kB
out/renderer/assets/rst-DYZ4BBGU.js                                     10.31 kB │ gzip:     2.25 kB │ map:     15.53 kB
out/renderer/assets/rst-VDhSRnr7.js                                     10.31 kB │ gzip:     2.24 kB │ map:     15.55 kB
out/renderer/assets/pkl-BtWBdXZn.js                                     10.36 kB │ gzip:     1.37 kB │ map:     15.46 kB
out/renderer/assets/pkl-CfUi86qu.js                                     10.36 kB │ gzip:     1.37 kB │ map:     15.44 kB
out/renderer/assets/beancount-C3NyzmcM.js                               10.36 kB │ gzip:     1.43 kB │ map:     15.02 kB
out/renderer/assets/beancount-Cqzu457d.js                               10.36 kB │ gzip:     1.43 kB │ map:     15.00 kB
out/renderer/assets/nextflow-groovy-C-5xIgvR.js                         10.39 kB │ gzip:     2.12 kB │ map:     15.18 kB
out/renderer/assets/nextflow-groovy-B-c2g-U4.js                         10.43 kB │ gzip:     2.13 kB │ map:     15.21 kB
out/renderer/assets/dream-maker-B-s0xXnI.js                             10.46 kB │ gzip:     2.25 kB │ map:     15.07 kB
out/renderer/assets/dream-maker-C1B2aAmZ.js                             10.46 kB │ gzip:     2.25 kB │ map:     15.09 kB
out/renderer/assets/raku-BqvdenPg.js                                    10.46 kB │ gzip:     2.94 kB │ map:     12.87 kB
out/renderer/assets/raku-L6JSugxK.js                                    10.46 kB │ gzip:     2.94 kB │ map:     12.89 kB
out/renderer/assets/yaml-BXKSyiZh.js                                    10.56 kB │ gzip:     2.31 kB │ map:     14.87 kB
out/renderer/assets/yaml-If-Zpk-A.js                                    10.56 kB │ gzip:     2.31 kB │ map:     14.85 kB
out/renderer/assets/stateDiagram-FHFEXIEX-wgjyEcRZ.js                   10.58 kB │ gzip:     3.71 kB │ map:     33.16 kB
out/renderer/assets/just-BY_tUMv9.js                                    10.76 kB │ gzip:     2.60 kB │ map:     15.21 kB
out/renderer/assets/just-Ru2wTAOV.js                                    10.76 kB │ gzip:     2.60 kB │ map:     15.23 kB
out/renderer/assets/diagram-G4DWMVQ6-CQ3jD-cV.js                        10.87 kB │ gzip:     3.75 kB │ map:     34.70 kB
out/renderer/assets/elm-BAXqrMjJ.js                                     10.94 kB │ gzip:     2.10 kB │ map:     16.02 kB
out/renderer/assets/elm-BBZ8RlSv.js                                     10.94 kB │ gzip:     2.09 kB │ map:     16.00 kB
out/renderer/assets/dagre-KV5264BT-CNm1USfU.js                          11.07 kB │ gzip:     4.14 kB │ map:     41.90 kB
out/renderer/assets/github-light-D9Aww-b3.js                            11.18 kB │ gzip:     2.49 kB │ map:     15.38 kB
out/renderer/assets/github-light-DTgc1Oim.js                            11.18 kB │ gzip:     2.49 kB │ map:     15.40 kB
out/renderer/assets/prolog-B6dfqPPb.js                                  11.34 kB │ gzip:     3.84 kB │ map:     13.26 kB
out/renderer/assets/prolog-D1-yT2Yc.js                                  11.34 kB │ gzip:     3.84 kB │ map:     13.28 kB
out/renderer/assets/terraform-CdX_Iydc.js                               11.38 kB │ gzip:     2.51 kB │ map:     16.18 kB
out/renderer/assets/terraform-N5yyQjeN.js                               11.38 kB │ gzip:     2.51 kB │ map:     16.20 kB
out/renderer/assets/github-dark-BhFfhYDu.js                             11.40 kB │ gzip:     2.53 kB │ map:     15.67 kB
out/renderer/assets/github-dark-CGZNK9BW.js                             11.40 kB │ gzip:     2.53 kB │ map:     15.65 kB
out/renderer/assets/puppet-C6vs5IIm.js                                  11.43 kB │ gzip:     2.10 kB │ map:     16.28 kB
out/renderer/assets/puppet-CA44MENg.js                                  11.43 kB │ gzip:     2.10 kB │ map:     16.30 kB
out/renderer/assets/laserwave-DI9f0Ch8.js                               11.49 kB │ gzip:     2.57 kB │ map:     14.67 kB
out/renderer/assets/laserwave-DcKawAp6.js                               11.49 kB │ gzip:     2.57 kB │ map:     14.69 kB
out/renderer/assets/gherkin-BqzO1Slc.js                                 11.93 kB │ gzip:     5.04 kB │ map:     13.10 kB
out/renderer/assets/gherkin-CRgslSN4.js                                 11.93 kB │ gzip:     5.04 kB │ map:     13.08 kB
out/renderer/assets/wasm-CNb253T_.js                                    12.00 kB │ gzip:     2.17 kB │ map:     16.80 kB
out/renderer/assets/wasm-DL6EtJnZ.js                                    12.00 kB │ gzip:     2.17 kB │ map:     16.82 kB
out/renderer/assets/hjson-6WGph9kv.js                                   12.04 kB │ gzip:     1.64 kB │ map:     17.27 kB
out/renderer/assets/hjson-DW7fjuwi.js                                   12.04 kB │ gzip:     1.64 kB │ map:     17.25 kB
out/renderer/assets/skillStore-BNwX3j9v.js                              12.08 kB │ gzip:     3.37 kB │ map:     59.54 kB
out/renderer/assets/handlebars-Db6uGSlQ.js                              12.16 kB │ gzip:     2.37 kB │ map:     17.36 kB
out/renderer/assets/handlebars-mlj_3-OW.js                              12.16 kB │ gzip:     2.38 kB │ map:     17.34 kB
out/renderer/assets/apache-D-BC0j_g.js                                  12.44 kB │ gzip:     3.71 kB │ map:     15.93 kB
out/renderer/assets/apache-DYKZIyu2.js                                  12.44 kB │ gzip:     3.71 kB │ map:     15.91 kB
out/renderer/assets/vesper-BU1ttwrB.js                                  12.68 kB │ gzip:     1.98 kB │ map:     16.16 kB
out/renderer/assets/vesper-BpF26UWK.js                                  12.68 kB │ gzip:     1.98 kB │ map:     16.14 kB
out/renderer/assets/bat-BXl1mxmN.js                                     12.88 kB │ gzip:     3.22 kB │ map:     17.36 kB
out/renderer/assets/bat-BewGnm_x.js                                     12.88 kB │ gzip:     3.22 kB │ map:     17.38 kB
out/renderer/assets/browser-D19LawVi.js                                 12.96 kB │ gzip:     6.36 kB │ map:    117.13 kB
out/renderer/assets/fish-D-4jaAwV.js                                    13.03 kB │ gzip:     1.73 kB │ map:     16.82 kB
out/renderer/assets/fish-asOL59_Q.js                                    13.03 kB │ gzip:     1.73 kB │ map:     16.84 kB
out/renderer/assets/v-CDBcrxNG.js                                       13.20 kB │ gzip:     2.73 kB │ map:     19.23 kB
out/renderer/assets/v-DdIB_tBR.js                                       13.20 kB │ gzip:     2.73 kB │ map:     19.25 kB
out/renderer/assets/vitesse-light-BoZ3fp6C.js                           13.61 kB │ gzip:     3.03 kB │ map:     18.53 kB
out/renderer/assets/vitesse-light-DnpZF1Qi.js                           13.61 kB │ gzip:     3.03 kB │ map:     18.52 kB
out/renderer/assets/aurora-x-1tZbxL5O.js                                13.65 kB │ gzip:     2.28 kB │ map:     17.54 kB
out/renderer/assets/aurora-x-CUJxAmTX.js                                13.65 kB │ gzip:     2.28 kB │ map:     17.56 kB
out/renderer/assets/vitesse-black-DD_1aBk8.js                           13.67 kB │ gzip:     3.05 kB │ map:     18.62 kB
out/renderer/assets/vitesse-black-XrRdtigJ.js                           13.67 kB │ gzip:     3.05 kB │ map:     18.60 kB
out/renderer/assets/vitesse-dark-Dm0VFOjE.js                            13.75 kB │ gzip:     3.06 kB │ map:     18.68 kB
out/renderer/assets/vitesse-dark-iLqFxLIf.js                            13.75 kB │ gzip:     3.06 kB │ map:     18.70 kB
out/renderer/assets/pug-DteuMNxe.js                                     13.84 kB │ gzip:     2.58 kB │ map:     20.47 kB
out/renderer/assets/pug-LkVd59-a.js                                     13.84 kB │ gzip:     2.58 kB │ map:     20.49 kB
out/renderer/assets/luau-D4CMKgfu.js                                    13.95 kB │ gzip:     3.16 kB │ map:     19.61 kB
out/renderer/assets/luau-rw_G3lgT.js                                    13.95 kB │ gzip:     3.16 kB │ map:     19.59 kB
out/renderer/assets/synthwave-84-6sn-MS0m.js                            14.03 kB │ gzip:     2.85 kB │ map:     19.08 kB
out/renderer/assets/synthwave-84-Cnjzg6A1.js                            14.03 kB │ gzip:     2.85 kB │ map:     19.06 kB
out/renderer/assets/github-light-default-Ci0UbwB4.js                    14.15 kB │ gzip:     3.02 kB │ map:     19.26 kB
out/renderer/assets/github-light-default-wTrG48cj.js                    14.15 kB │ gzip:     3.02 kB │ map:     19.24 kB
out/renderer/assets/clarity-CwI-rWEs.js                                 14.26 kB │ gzip:     2.46 kB │ map:     19.90 kB
out/renderer/assets/clarity-D921rlxp.js                                 14.26 kB │ gzip:     2.46 kB │ map:     19.92 kB
out/renderer/assets/github-light-high-contrast-C9d7dV74.js              14.27 kB │ gzip:     3.00 kB │ map:     19.43 kB
out/renderer/assets/github-light-high-contrast-YEmwg4WB.js              14.27 kB │ gzip:     3.00 kB │ map:     19.41 kB
out/renderer/assets/github-dark-dimmed-DBbc6WX4.js                      14.43 kB │ gzip:     3.11 kB │ map:     19.63 kB
out/renderer/assets/github-dark-dimmed-baFnJLe5.js                      14.43 kB │ gzip:     3.11 kB │ map:     19.61 kB
out/renderer/assets/github-dark-default-Crn-MFwU.js                     14.43 kB │ gzip:     3.12 kB │ map:     19.64 kB
out/renderer/assets/github-dark-default-DbjYFmgj.js                     14.43 kB │ gzip:     3.12 kB │ map:     19.62 kB
out/renderer/assets/Line-DsEj4qZn.js                                    14.46 kB │ gzip:     4.66 kB │ map:     58.97 kB
out/renderer/assets/github-dark-high-contrast-DOiMTPXG.js               14.59 kB │ gzip:     3.07 kB │ map:     19.86 kB
out/renderer/assets/github-dark-high-contrast-UyTlhP2W.js               14.59 kB │ gzip:     3.07 kB │ map:     19.84 kB
out/renderer/assets/gnuplot-8GVYpg6j.js                                 14.77 kB │ gzip:     3.27 kB │ map:     20.80 kB
out/renderer/assets/gnuplot-De8KVnSw.js                                 14.77 kB │ gzip:     3.27 kB │ map:     20.78 kB
out/renderer/assets/time-Dd49j6tQ.js                                    14.92 kB │ gzip:     4.81 kB │ map:     62.47 kB
out/renderer/assets/rust-Bety1AXm.js                                    15.06 kB │ gzip:     2.71 kB │ map:     21.44 kB
out/renderer/assets/rust-Cz7lSbcn.js                                    15.06 kB │ gzip:     2.71 kB │ map:     21.42 kB
out/renderer/assets/kusto-CNXle0Pp.js                                   15.16 kB │ gzip:     3.92 kB │ map:     19.58 kB
out/renderer/assets/kusto-CyUFMB9b.js                                   15.16 kB │ gzip:     3.93 kB │ map:     19.60 kB
out/renderer/assets/actionscript-3-BXiq6B2f.js                          15.19 kB │ gzip:     2.67 kB │ map:     21.41 kB
out/renderer/assets/actionscript-3-CPX8-VA7.js                          15.19 kB │ gzip:     2.67 kB │ map:     21.43 kB
out/renderer/assets/nix-ChNGw6Cs.js                                     15.50 kB │ gzip:     2.47 kB │ map:     22.81 kB
out/renderer/assets/nix-CxOLo2u_.js                                     15.50 kB │ gzip:     2.47 kB │ map:     22.85 kB
out/renderer/assets/lua-CSddk1hN.js                                     15.58 kB │ gzip:     3.18 kB │ map:     22.08 kB
out/renderer/assets/lua-Ccty8nIR.js                                     15.58 kB │ gzip:     3.18 kB │ map:     22.10 kB
out/renderer/assets/abap-BB8vUSVs.js                                    15.84 kB │ gzip:     5.93 kB │ map:     18.82 kB
out/renderer/assets/abap-CW08S65V.js                                    15.84 kB │ gzip:     5.93 kB │ map:     18.80 kB
out/renderer/assets/solidity-CA5pZojb.js                                16.06 kB │ gzip:     3.09 kB │ map:     23.43 kB
out/renderer/assets/solidity-DNqairpD.js                                16.06 kB │ gzip:     3.09 kB │ map:     23.41 kB
out/renderer/assets/matlab-DemtfrvF.js                                  16.07 kB │ gzip:     3.06 kB │ map:     23.35 kB
out/renderer/assets/matlab-DqBMg442.js                                  16.07 kB │ gzip:     3.06 kB │ map:     23.33 kB
out/renderer/assets/cue-BwaPPKzN.js                                     16.19 kB │ gzip:     2.04 kB │ map:     23.77 kB
out/renderer/assets/cue-DaXSq0jx.js                                     16.19 kB │ gzip:     2.04 kB │ map:     23.75 kB
out/renderer/assets/elixir-BL45G8a6.js                                  16.26 kB │ gzip:     2.76 kB │ map:     23.12 kB
out/renderer/assets/elixir-BvT-fnXG.js                                  16.26 kB │ gzip:     2.76 kB │ map:     23.10 kB
out/renderer/assets/Bar-Cf3heRmU.js                                     16.39 kB │ gzip:     5.68 kB │ map:     71.33 kB
out/renderer/assets/odin-DfnDwfjg.js                                    16.50 kB │ gzip:     2.92 kB │ map:     23.76 kB
out/renderer/assets/odin-NQOyVK_V.js                                    16.50 kB │ gzip:     2.92 kB │ map:     23.78 kB
out/renderer/assets/ts-tags-BxXKJ1ay.js                                 16.54 kB │ gzip:     2.06 kB │ map:     24.42 kB
out/renderer/assets/pptx-preview-viewer-Cm4qnNf1.js                     16.92 kB │ gzip:     6.20 kB │ map:     61.77 kB
out/renderer/assets/esm-DVjXu02I.js                                     16.95 kB │ gzip:     5.13 kB │ map:     53.29 kB
out/renderer/assets/bird2-CgEwzFRv.js                                   16.96 kB │ gzip:     3.84 kB │ map:     23.21 kB
out/renderer/assets/kanagawa-wave-DQRA1u7U.js                           17.12 kB │ gzip:     2.90 kB │ map:     22.26 kB
out/renderer/assets/kanagawa-wave-yzGNSv9F.js                           17.12 kB │ gzip:     2.90 kB │ map:     22.24 kB
out/renderer/assets/kanagawa-lotus-DaaMGxuL.js                          17.12 kB │ gzip:     2.90 kB │ map:     22.25 kB
out/renderer/assets/kanagawa-lotus-HmxKXyM0.js                          17.12 kB │ gzip:     2.90 kB │ map:     22.27 kB
out/renderer/assets/kanagawa-dragon-BcnLiWW1.js                         17.12 kB │ gzip:     2.92 kB │ map:     22.25 kB
out/renderer/assets/kanagawa-dragon-vkmVi15c.js                         17.12 kB │ gzip:     2.92 kB │ map:     22.27 kB
out/renderer/assets/ishikawaDiagram-UXIWVN3A-Bugb5X3Y.js                17.30 kB │ gzip:     6.51 kB │ map:     57.98 kB
out/renderer/assets/move-DTUi9YTk.js                                    17.49 kB │ gzip:     3.06 kB │ map:     26.25 kB
out/renderer/assets/move-eVbBOGo7.js                                    17.49 kB │ gzip:     3.06 kB │ map:     26.23 kB
out/renderer/assets/chunk-5PVQY5BW-FoxmvYli.js                          17.96 kB │ gzip:     6.61 kB │ map:     78.99 kB
out/renderer/assets/graphql-DE8PKg6p.js                                 18.07 kB │ gzip:     2.53 kB │ map:     25.44 kB
out/renderer/assets/graphql-xj3QCyca.js                                 18.07 kB │ gzip:     2.53 kB │ map:     25.42 kB
out/renderer/assets/liquid-Bh0R69SY.js                                  18.10 kB │ gzip:     3.14 kB │ map:     25.21 kB
out/renderer/assets/liquid-BspkteQ9.js                                  18.10 kB │ gzip:     3.14 kB │ map:     25.19 kB
out/renderer/assets/svelte-C5yeFQdh.js                                  18.24 kB │ gzip:     3.14 kB │ map:     25.71 kB
out/renderer/assets/svelte-CYk5M1hv.js                                  18.24 kB │ gzip:     3.14 kB │ map:     25.69 kB
out/renderer/assets/material-theme-B49RLvIh.js                          18.61 kB │ gzip:     3.10 kB │ map:     24.10 kB
out/renderer/assets/material-theme-HFp1CH3S.js                          18.61 kB │ gzip:     3.10 kB │ map:     24.08 kB
out/renderer/assets/material-theme-darker-Cn9InESi.js                   18.62 kB │ gzip:     3.10 kB │ map:     24.12 kB
out/renderer/assets/material-theme-darker-DECb50ml.js                   18.62 kB │ gzip:     3.10 kB │ map:     24.14 kB
out/renderer/assets/material-theme-ocean-CCdxzABO.js                    18.62 kB │ gzip:     3.12 kB │ map:     24.12 kB
out/renderer/assets/material-theme-ocean-DK2SD5Rc.js                    18.62 kB │ gzip:     3.12 kB │ map:     24.13 kB
out/renderer/assets/material-theme-lighter-Oax1_mgI.js                  18.63 kB │ gzip:     3.10 kB │ map:     24.15 kB
out/renderer/assets/material-theme-lighter-s7fKIOCa.js                  18.63 kB │ gzip:     3.10 kB │ map:     24.13 kB
out/renderer/assets/material-theme-palenight-B4UsTvQq.js                18.63 kB │ gzip:     3.11 kB │ map:     24.13 kB
out/renderer/assets/material-theme-palenight-w4BXY_Iw.js                18.63 kB │ gzip:     3.11 kB │ map:     24.15 kB
out/renderer/assets/gdscript-B-pp1IyR.js                                18.98 kB │ gzip:     3.75 kB │ map:     26.23 kB
out/renderer/assets/gdscript-CMlavl4U.js                                18.98 kB │ gzip:     3.75 kB │ map:     26.22 kB
out/renderer/assets/groovy-CS8tykYl.js                                  19.17 kB │ gzip:     3.59 kB │ map:     27.48 kB
out/renderer/assets/groovy-D4aDI1nE.js                                  19.17 kB │ gzip:     3.59 kB │ map:     27.50 kB
out/renderer/assets/mdc-BNy0dKlG.js                                     19.54 kB │ gzip:     6.66 kB │ map:     23.07 kB
out/renderer/assets/mdc-D9Xaq9yX.js                                     19.54 kB │ gzip:     6.66 kB │ map:     23.05 kB
out/renderer/assets/sankeyDiagram-XADWPNL6-DP0zgOO1.js                  19.92 kB │ gzip:     7.17 kB │ map:     71.15 kB
out/renderer/assets/ArtifactChartView-BITe5nlo.js                       19.99 kB │ gzip:     6.74 kB │ map:     80.49 kB
out/renderer/assets/ayu-dark-BZdn3azU.js                                20.07 kB │ gzip:     3.93 kB │ map:     27.03 kB
out/renderer/assets/ayu-dark-CmKD1jhb.js                                20.07 kB │ gzip:     3.93 kB │ map:     27.01 kB
out/renderer/assets/ayu-mirage-C1Jr8GJV.js                              20.08 kB │ gzip:     3.91 kB │ map:     27.02 kB
out/renderer/assets/ayu-mirage-D2jzu3Vz.js                              20.08 kB │ gzip:     3.91 kB │ map:     27.04 kB
out/renderer/assets/glimmer-js-BqqcQN2e.js                              20.08 kB │ gzip:     2.94 kB │ map:     28.58 kB
out/renderer/assets/glimmer-js-bbL6FZqD.js                              20.08 kB │ gzip:     2.94 kB │ map:     28.56 kB
out/renderer/assets/glimmer-ts-4eaJHFkT.js                              20.08 kB │ gzip:     2.93 kB │ map:     28.58 kB
out/renderer/assets/glimmer-ts-oXrrcNS3.js                              20.08 kB │ gzip:     2.93 kB │ map:     28.56 kB
out/renderer/assets/powershell-B9bbbPiv.js                              20.14 kB │ gzip:     4.05 kB │ map:     26.57 kB
out/renderer/assets/powershell-DzHoLADm.js                              20.14 kB │ gzip:     4.05 kB │ map:     26.55 kB
out/renderer/assets/ayu-light-CLCOFakG.js                               20.14 kB │ gzip:     3.89 kB │ map:     27.11 kB
out/renderer/assets/ayu-light-tMEgWrgA.js                               20.14 kB │ gzip:     3.89 kB │ map:     27.09 kB
out/renderer/assets/kanban-definition-6JOO6SKY-PjhBALhn.js              20.22 kB │ gzip:     7.13 kB │ map:     63.72 kB
out/renderer/assets/viml-CEXj6Q8X.js                                    20.35 kB │ gzip:     6.73 kB │ map:     23.48 kB
out/renderer/assets/viml-xHeOnjGY.js                                    20.35 kB │ gzip:     6.73 kB │ map:     23.46 kB
out/renderer/assets/nushell-Cib0zjcQ.js                                 20.40 kB │ gzip:     5.21 kB │ map:     27.64 kB
out/renderer/assets/nushell-majg0xhI.js                                 20.40 kB │ gzip:     5.21 kB │ map:     27.62 kB
out/renderer/assets/AppUsageModelUsagePieChart-BULO_JFm.js              20.70 kB │ gzip:     6.62 kB │ map:     76.11 kB
out/renderer/assets/snazzy-light-JIRlX83I.js                            20.77 kB │ gzip:     3.80 kB │ map:     27.98 kB
out/renderer/assets/snazzy-light-pi15ZWAn.js                            20.77 kB │ gzip:     3.80 kB │ map:     27.99 kB
out/renderer/assets/twig-CcQQUSH-.js                                    20.90 kB │ gzip:     3.66 kB │ map:     29.20 kB
out/renderer/assets/twig-CwJFqxNv.js                                    20.90 kB │ gzip:     3.66 kB │ map:     29.18 kB
out/renderer/assets/dracula-BjmRq5ny.js                                 21.06 kB │ gzip:     3.99 kB │ map:     27.46 kB
out/renderer/assets/dracula-VutajgLr.js                                 21.06 kB │ gzip:     3.99 kB │ map:     27.48 kB
out/renderer/assets/dracula-soft-DOTL2kJP.js                            21.07 kB │ gzip:     4.02 kB │ map:     27.51 kB
out/renderer/assets/dracula-soft-Dn1Bjql2.js                            21.07 kB │ gzip:     4.02 kB │ map:     27.49 kB
out/renderer/assets/wit-BaOL-vKa.js                                     21.46 kB │ gzip:     2.87 kB │ map:     30.06 kB
out/renderer/assets/wit-CkyfJMH4.js                                     21.46 kB │ gzip:     2.87 kB │ map:     30.08 kB
out/renderer/assets/rose-pine-BAsCF9XM.js                               21.74 kB │ gzip:     3.86 kB │ map:     28.75 kB
out/renderer/assets/rose-pine-CwobOruZ.js                               21.74 kB │ gzip:     3.86 kB │ map:     28.73 kB
out/renderer/assets/rose-pine-moon-C1bGL3xs.js                          21.75 kB │ gzip:     3.87 kB │ map:     28.76 kB
out/renderer/assets/rose-pine-moon-CCLdEGQk.js                          21.75 kB │ gzip:     3.87 kB │ map:     28.78 kB
out/renderer/assets/rose-pine-dawn-BBT5inRO.js                          21.75 kB │ gzip:     3.88 kB │ map:     28.76 kB
out/renderer/assets/rose-pine-dawn-iwXDuZZt.js                          21.75 kB │ gzip:     3.88 kB │ map:     28.78 kB
out/renderer/assets/nim-8b4Vlwng.js                                     22.45 kB │ gzip:     3.15 kB │ map:     32.71 kB
out/renderer/assets/nim-SAJuaRt4.js                                     22.45 kB │ gzip:     3.15 kB │ map:     32.73 kB
out/renderer/assets/common-lisp-7vkuMLVB.js                             22.57 kB │ gzip:     6.07 kB │ map:     26.64 kB
out/renderer/assets/common-lisp-Bf80m0i6.js                             22.57 kB │ gzip:     6.07 kB │ map:     26.66 kB
out/renderer/assets/surrealql-DJ9cuBme.js                               22.58 kB │ gzip:     4.31 kB │ map:     32.44 kB
out/renderer/assets/surrealql-WcHWAyPB.js                               22.58 kB │ gzip:     4.31 kB │ map:     32.43 kB
out/renderer/assets/gruvbox-dark-hard-CyLeZDSZ.js                       22.63 kB │ gzip:     4.15 kB │ map:     30.55 kB
out/renderer/assets/gruvbox-dark-hard-DJYIDc6F.js                       22.63 kB │ gzip:     4.15 kB │ map:     30.53 kB
out/renderer/assets/gruvbox-dark-soft-3YrK-hpN.js                       22.63 kB │ gzip:     4.15 kB │ map:     30.53 kB
out/renderer/assets/gruvbox-dark-soft-WwAn7k81.js                       22.63 kB │ gzip:     4.15 kB │ map:     30.55 kB
out/renderer/assets/gruvbox-light-hard-DBnvJecU.js                      22.63 kB │ gzip:     4.16 kB │ map:     30.55 kB
out/renderer/assets/gruvbox-light-hard-DgdHrq0j.js                      22.63 kB │ gzip:     4.16 kB │ map:     30.53 kB
out/renderer/assets/gruvbox-light-soft-CWlYcXft.js                      22.63 kB │ gzip:     4.16 kB │ map:     30.55 kB
out/renderer/assets/gruvbox-light-soft-Ck6L5CJF.js                      22.63 kB │ gzip:     4.16 kB │ map:     30.53 kB
out/renderer/assets/gruvbox-dark-medium-B-peiBUO.js                     22.63 kB │ gzip:     4.15 kB │ map:     30.56 kB
out/renderer/assets/gruvbox-dark-medium-B1wbHB6O.js                     22.63 kB │ gzip:     4.15 kB │ map:     30.54 kB
out/renderer/assets/gruvbox-light-medium-B0GLesCi.js                    22.63 kB │ gzip:     4.16 kB │ map:     30.54 kB
out/renderer/assets/gruvbox-light-medium-CwN0pCcY.js                    22.63 kB │ gzip:     4.16 kB │ map:     30.56 kB
out/renderer/assets/bird2-B_GwC8hn.js                                   22.93 kB │ gzip:     4.65 kB │ map:     31.01 kB
out/renderer/assets/journeyDiagram-VCZTEJTY-DW37md-O.js                 23.19 kB │ gzip:     8.16 kB │ map:     74.00 kB
out/renderer/assets/sql-BW7FvHPr.js                                     23.46 kB │ gzip:     7.48 kB │ map:     27.89 kB
out/renderer/assets/sql-DsJt4-xz.js                                     23.46 kB │ gzip:     7.48 kB │ map:     27.87 kB
out/renderer/assets/mindmap-definition-QFDTVHPH-CsxTG27-.js             23.65 kB │ gzip:     8.08 kB │ map:     72.81 kB
out/renderer/assets/cadence-D7aEld5J.js                                 23.66 kB │ gzip:     3.65 kB │ map:     33.54 kB
out/renderer/assets/cadence-ZfqnWH2R.js                                 23.66 kB │ gzip:     3.65 kB │ map:     33.56 kB
out/renderer/assets/wardleyDiagram-NUSXRM2D-DfmiovVO.js                 23.87 kB │ gzip:     6.29 kB │ map:     72.93 kB
out/renderer/assets/typespec-UkMcRyN5.js                                24.01 kB │ gzip:     2.58 kB │ map:     33.42 kB
out/renderer/assets/astro-CZArNYVD.js                                   24.02 kB │ gzip:     7.59 kB │ map:     29.10 kB
out/renderer/assets/astro-D5HYjeOK.js                                   24.02 kB │ gzip:     7.60 kB │ map:     29.12 kB
out/renderer/assets/apl-1deU2Pg_.js                                     24.02 kB │ gzip:     4.16 kB │ map:     33.29 kB
out/renderer/assets/apl-RIBn_GeB.js                                     24.02 kB │ gzip:     4.16 kB │ map:     33.31 kB
out/renderer/assets/templ-CLUWVkmE.js                                   24.06 kB │ gzip:     5.41 kB │ map:     30.85 kB
out/renderer/assets/templ-D-As5yvE.js                                   24.06 kB │ gzip:     5.41 kB │ map:     30.87 kB
out/renderer/assets/index-tJ8OHzLz.js                                   24.17 kB │ gzip:     6.97 kB │ map:     73.14 kB
out/renderer/assets/angular-html-CHOaiRau.js                            24.23 kB │ gzip:     3.98 kB │ map:     35.46 kB
out/renderer/assets/angular-html-ct34pvRN.js                            24.23 kB │ gzip:     3.98 kB │ map:     35.55 kB
out/renderer/assets/vhdl-DgWSNX2r.js                                    24.25 kB │ gzip:     3.86 kB │ map:     33.34 kB
out/renderer/assets/vhdl-ZNeOL6Aa.js                                    24.25 kB │ gzip:     3.86 kB │ map:     33.36 kB
out/renderer/assets/vue-BS01Utim.js                                     24.48 kB │ gzip:     2.95 kB │ map:     36.62 kB
out/renderer/assets/vue-jHxSnPAH.js                                     24.48 kB │ gzip:     2.96 kB │ map:     36.52 kB
out/renderer/assets/purescript-BHtr50AT.js                              24.67 kB │ gzip:     3.24 kB │ map:     34.85 kB
out/renderer/assets/purescript-CSWu59SP.js                              24.67 kB │ gzip:     3.24 kB │ map:     34.86 kB
out/renderer/assets/typespec-CBI3JwTg.js                                25.03 kB │ gzip:     2.62 kB │ map:     34.65 kB
out/renderer/assets/one-light-CwWHUne2.js                               25.29 kB │ gzip:     3.63 kB │ map:     33.78 kB
out/renderer/assets/one-light-VNpzQnl-.js                               25.29 kB │ gzip:     3.63 kB │ map:     33.76 kB
out/renderer/assets/fsharp-C_B77MHE.js                                  25.30 kB │ gzip:     4.12 kB │ map:     35.82 kB
out/renderer/assets/fsharp-CoiVoqO6.js                                  25.30 kB │ gzip:     4.12 kB │ map:     35.84 kB
out/renderer/assets/marko-CE_rvlP-.js                                   25.48 kB │ gzip:     3.59 kB │ map:     35.81 kB
out/renderer/assets/marko-Cq825p6i.js                                   25.48 kB │ gzip:     3.59 kB │ map:     35.79 kB
out/renderer/assets/c3-CZsnm3c2.js                                      25.62 kB │ gzip:     3.85 kB │ map:     37.14 kB
out/renderer/assets/c3-Dp5Kw6dM.js                                      25.62 kB │ gzip:     3.85 kB │ map:     37.16 kB
out/renderer/assets/night-owl-light-BbBbwugK.js                         25.89 kB │ gzip:     4.23 kB │ map:     35.11 kB
out/renderer/assets/night-owl-light-C_qn3EAm.js                         25.89 kB │ gzip:     4.23 kB │ map:     35.13 kB
out/renderer/assets/system-verilog-CQaMTlbZ.js                          26.19 kB │ gzip:     4.82 kB │ map:     36.24 kB
out/renderer/assets/system-verilog-D1XFp4hA.js                          26.19 kB │ gzip:     4.82 kB │ map:     36.22 kB
out/renderer/assets/zcodeSessionStore-DA3S3bhp.js                       26.62 kB │ gzip:     7.53 kB │ map:    172.78 kB
out/renderer/assets/nord-C36OZVmD.js                                    26.72 kB │ gzip:     4.35 kB │ map:     35.33 kB
out/renderer/assets/nord-DPzYmr-V.js                                    26.72 kB │ gzip:     4.35 kB │ map:     35.31 kB
out/renderer/assets/erDiagram-SMLLAGMA-D5dnbqRg.js                      26.84 kB │ gzip:     9.34 kB │ map:     85.01 kB
out/renderer/assets/codeql-D6dH1ogD.js                                  26.87 kB │ gzip:     3.79 kB │ map:     35.97 kB
out/renderer/assets/codeql-eoKx7WPm.js                                  26.87 kB │ gzip:     3.79 kB │ map:     35.99 kB
out/renderer/assets/rough.esm-CJXtPPN2.js                               27.10 kB │ gzip:     8.85 kB │ map:     71.32 kB
out/renderer/assets/bundle-mjs-BxNGAvqT.js                              27.25 kB │ gzip:     8.67 kB │ map:    139.70 kB
out/renderer/assets/scss-C2tyT5Ul.js                                    27.25 kB │ gzip:     4.22 kB │ map:     38.31 kB
out/renderer/assets/scss-Do7suwZf.js                                    27.25 kB │ gzip:     4.22 kB │ map:     38.29 kB
out/renderer/assets/java-Ciz5l8ZT.js                                    27.27 kB │ gzip:     4.30 kB │ map:     38.59 kB
out/renderer/assets/java-DsUovFIC.js                                    27.27 kB │ gzip:     4.30 kB │ map:     38.60 kB
out/renderer/assets/coffee-DLdbc0g2.js                                  27.42 kB │ gzip:     6.35 kB │ map:     36.04 kB
out/renderer/assets/coffee-DweyyH2K.js                                  27.42 kB │ gzip:     6.35 kB │ map:     36.06 kB
out/renderer/assets/razor-6h5hHGSR.js                                   27.45 kB │ gzip:     3.54 kB │ map:     38.28 kB
out/renderer/assets/razor-Dry9HJmW.js                                   27.45 kB │ gzip:     3.54 kB │ map:     38.26 kB
out/renderer/assets/scala-B0U8wWuL.js                                   28.87 kB │ gzip:     3.92 kB │ map:     40.07 kB
out/renderer/assets/scala-B6czebrg.js                                   28.87 kB │ gzip:     3.92 kB │ map:     40.09 kB
out/renderer/assets/night-owl-Bbkqq2sU.js                               28.91 kB │ gzip:     5.14 kB │ map:     39.01 kB
out/renderer/assets/night-owl-D5nosWnz.js                               28.91 kB │ gzip:     5.14 kB │ map:     39.03 kB
out/renderer/assets/duke_sheets_wasm-Ca6yj9FB.js                        28.98 kB │ gzip:     6.59 kB │ map:    108.85 kB
out/renderer/assets/gitGraphDiagram-UUTBAWPF-BJUPKMb_.js                29.00 kB │ gzip:     8.56 kB │ map:    109.56 kB
out/renderer/assets/pierre-dark-PKiCAuUw.js                             29.34 kB │ gzip:     4.51 kB │ map:     32.87 kB
out/renderer/assets/pierre-light-BIwvA4c-.js                            29.34 kB │ gzip:     4.48 kB │ map:     32.87 kB
out/renderer/assets/crystal-CaqpavYv.js                                 29.41 kB │ gzip:     4.44 kB │ map:     41.13 kB
out/renderer/assets/crystal-Cj4_x1Tb.js                                 29.41 kB │ gzip:     4.44 kB │ map:     41.15 kB
out/renderer/assets/mermaid-4kaAqw0S.js                                 29.50 kB │ gzip:     3.64 kB │ map:     44.09 kB
out/renderer/assets/mermaid-BIp2uV5N.js                                 29.50 kB │ gzip:     3.64 kB │ map:     44.07 kB
out/renderer/assets/applescript-C0KJrqhy.js                             29.56 kB │ gzip:     5.94 kB │ map:     39.30 kB
out/renderer/assets/applescript-HVNV0Drt.js                             29.56 kB │ gzip:     5.94 kB │ map:     39.32 kB
out/renderer/assets/dagre-J3KIO7yn.js                                   30.42 kB │ gzip:    10.94 kB │ map:    186.34 kB
out/renderer/assets/timeline-definition-GMOUNBTQ-SYTcojw5.js            30.42 kB │ gzip:     9.95 kB │ map:     99.34 kB
out/renderer/assets/CartesianChart-jWLGm9fX.js                          30.43 kB │ gzip:     8.18 kB │ map:    118.91 kB
out/renderer/assets/requirementDiagram-MS252O5E-C8qLWEN2.js             30.96 kB │ gzip:     9.75 kB │ map:     94.18 kB
out/renderer/assets/julia-4ibfTOK7.js                                   30.99 kB │ gzip:     4.30 kB │ map:     40.50 kB
out/renderer/assets/julia-Dj0bqNp5.js                                   30.99 kB │ gzip:     4.30 kB │ map:     40.52 kB
out/renderer/assets/stylus-DsDnh1N4.js                                  31.06 kB │ gzip:     8.01 kB │ map:     38.85 kB
out/renderer/assets/stylus-WK_-m3Mf.js                                  31.06 kB │ gzip:     8.01 kB │ map:     38.83 kB
out/renderer/assets/quadrantDiagram-34T5L4WZ-CNlEk5-J.js                33.37 kB │ gzip:     9.71 kB │ map:    104.27 kB
out/renderer/assets/poimandres-4KIi1s96.js                              33.49 kB │ gzip:     5.49 kB │ map:     43.02 kB
out/renderer/assets/poimandres-D8lXEMVS.js                              33.49 kB │ gzip:     5.49 kB │ map:     43.04 kB
out/renderer/assets/chunk-ENJZ2VHE-B_at_1CJ.js                          33.54 kB │ gzip:     7.10 kB │ map:     94.67 kB
out/renderer/assets/one-dark-pro-BQZNwgC-.js                            33.78 kB │ gzip:     5.50 kB │ map:     44.46 kB
out/renderer/assets/one-dark-pro-U6K-5COZ.js                            33.78 kB │ gzip:     5.50 kB │ map:     44.48 kB
out/renderer/assets/bsl-D2sgCtgZ.js                                     33.86 kB │ gzip:     8.34 kB │ map:     37.56 kB
out/renderer/assets/bsl-Dk0TTayJ.js                                     33.86 kB │ gzip:     8.34 kB │ map:     37.58 kB
out/renderer/assets/haxe-B6cu1W43.js                                    35.15 kB │ gzip:     5.90 kB │ map:     49.49 kB
out/renderer/assets/haxe-CDuRI2Q9.js                                    35.15 kB │ gzip:     5.90 kB │ map:     49.48 kB
out/renderer/assets/nginx-BM3M2QSg.js                                   35.35 kB │ gzip:     4.45 kB │ map:     48.45 kB
out/renderer/assets/nginx-nIiVUxzL.js                                   35.35 kB │ gzip:     4.45 kB │ map:     48.43 kB
out/renderer/assets/houston-DX3GvsV-.js                                 35.41 kB │ gzip:     5.76 kB │ map:     46.37 kB
out/renderer/assets/houston-LAT7yT9X.js                                 35.41 kB │ gzip:     5.76 kB │ map:     46.35 kB
out/renderer/assets/tokyo-night-L3o0tApn.js                             35.66 kB │ gzip:     6.22 kB │ map:     45.32 kB
out/renderer/assets/tokyo-night-RnUdAhbz.js                             35.66 kB │ gzip:     6.22 kB │ map:     45.30 kB
out/renderer/assets/chunk-OYMX7WX6-qrVA91Io.js                          36.59 kB │ gzip:    11.80 kB │ map:    115.48 kB
out/renderer/assets/erlang-CCue1i6_.js                                  37.47 kB │ gzip:     4.36 kB │ map:     51.53 kB
out/renderer/assets/erlang-Cdi_imYt.js                                  37.47 kB │ gzip:     4.36 kB │ map:     51.51 kB
out/renderer/assets/src-TSUVc-Ks.js                                     38.60 kB │ gzip:    12.31 kB │ map:    150.02 kB
out/renderer/assets/xychartDiagram-5P7HB3ND-DRImPLEu.js                 38.76 kB │ gzip:    10.72 kB │ map:    121.16 kB
out/renderer/assets/cobol-BGmgnzL_.js                                   39.07 kB │ gzip:    10.89 kB │ map:     47.30 kB
out/renderer/assets/cobol-Cz-XcM11.js                                   39.09 kB │ gzip:    10.89 kB │ map:     47.35 kB
out/renderer/assets/vennDiagram-DHZGUBPP-CAP6L8pF.js                    40.66 kB │ gzip:    14.90 kB │ map:    171.05 kB
out/renderer/assets/asm-CHkBMX_A.js                                     40.71 kB │ gzip:     8.16 kB │ map:     52.97 kB
out/renderer/assets/asm-VS4TcZHh.js                                     40.71 kB │ gzip:     8.16 kB │ map:     52.96 kB
out/renderer/assets/haskell-DGshGS2_.js                                 41.48 kB │ gzip:     6.41 kB │ map:     57.82 kB
out/renderer/assets/haskell-Ld1Lug3K.js                                 41.48 kB │ gzip:     6.41 kB │ map:     57.81 kB
out/renderer/assets/shellscript-CK7GztfX.js                             41.53 kB │ gzip:     6.12 kB │ map:     56.49 kB
out/renderer/assets/shellscript-DXvBcYLb.js                             41.53 kB │ gzip:     6.12 kB │ map:     56.48 kB
out/renderer/assets/chunk-XPW4576I-B8cufwS2.js                          41.85 kB │ gzip:    14.22 kB │ map:    147.73 kB
out/renderer/assets/perl-D6wCXY9l.js                                    43.14 kB │ gzip:     4.64 kB │ map:     60.72 kB
out/renderer/assets/perl-DQhdOUsc.js                                    43.14 kB │ gzip:     4.64 kB │ map:     60.70 kB
out/renderer/assets/d-Cm8vd1de.js                                       43.78 kB │ gzip:     8.43 kB │ map:     62.67 kB
out/renderer/assets/d-DhbueCAR.js                                       43.78 kB │ gzip:     8.43 kB │ map:     62.65 kB
out/renderer/assets/ruby-Btaa99py.js                                    45.83 kB │ gzip:     5.56 kB │ map:     65.27 kB
out/renderer/assets/ruby-WLmz_tW2.js                                    46.60 kB │ gzip:     5.71 kB │ map:     66.14 kB
out/renderer/assets/go-B5eFxLQq.js                                      46.80 kB │ gzip:     5.15 kB │ map:     66.57 kB
out/renderer/assets/go-BZVWZXBT.js                                      46.81 kB │ gzip:     5.14 kB │ map:     66.56 kB
out/renderer/assets/chunk-4TB4RGXK-V-qmY6-q.js                          46.91 kB │ gzip:    15.13 kB │ map:    138.06 kB
out/renderer/assets/apex-Byw_Ihlo.js                                    46.97 kB │ gzip:     6.72 kB │ map:     65.69 kB
out/renderer/assets/apex-W62mJPZb.js                                    46.97 kB │ gzip:     6.72 kB │ map:     65.67 kB
out/renderer/assets/catppuccin-mocha-CLhctCLQ.js                        47.25 kB │ gzip:     7.98 kB │ map:     61.99 kB
out/renderer/assets/catppuccin-mocha-DHLgEwV_.js                        47.25 kB │ gzip:     7.98 kB │ map:     61.98 kB
out/renderer/assets/catppuccin-latte-CqsoQpu-.js                        47.25 kB │ gzip:     7.98 kB │ map:     62.00 kB
out/renderer/assets/catppuccin-latte-D-Z6B_c6.js                        47.25 kB │ gzip:     7.98 kB │ map:     61.98 kB
out/renderer/assets/catppuccin-frappe-DBDsJOUk.js                       47.25 kB │ gzip:     7.99 kB │ map:     61.98 kB
out/renderer/assets/catppuccin-frappe-bnf0itCS.js                       47.25 kB │ gzip:     7.99 kB │ map:     62.00 kB
out/renderer/assets/catppuccin-macchiato-CST0vkn4.js                    47.26 kB │ gzip:     7.99 kB │ map:     62.00 kB
out/renderer/assets/catppuccin-macchiato-CngFfFLp.js                    47.26 kB │ gzip:     7.99 kB │ map:     62.01 kB
out/renderer/assets/ada-BGzRoYTV.js                                     48.07 kB │ gzip:     5.96 kB │ map:     70.92 kB
out/renderer/assets/ada-BYUI8xIi.js                                     48.07 kB │ gzip:     5.96 kB │ map:     70.94 kB
out/renderer/assets/css-D_27CpQ_.js                                     49.07 kB │ gzip:    11.94 kB │ map:     60.60 kB
out/renderer/assets/css-52eXxbEL.js                                     49.09 kB │ gzip:    11.95 kB │ map:     60.60 kB
out/renderer/assets/imba-C6lJcP6x.js                                    49.92 kB │ gzip:     9.47 kB │ map:     68.04 kB
out/renderer/assets/imba-DaRKq9PC.js                                    49.92 kB │ gzip:     9.47 kB │ map:     68.06 kB
out/renderer/assets/chunk-U2HBQHQK-ZlbBK9Z3.js                          52.55 kB │ gzip:    17.16 kB │ map:    132.10 kB
out/renderer/assets/everforest-dark-BQ2WZUg_.js                         53.74 kB │ gzip:     8.37 kB │ map:     68.24 kB
out/renderer/assets/everforest-dark-BROepTqV.js                         53.74 kB │ gzip:     8.37 kB │ map:     68.22 kB
out/renderer/assets/everforest-light-DTskl-ye.js                        53.74 kB │ gzip:     8.36 kB │ map:     68.23 kB
out/renderer/assets/everforest-light-H_9RwlE0.js                        53.74 kB │ gzip:     8.36 kB │ map:     68.25 kB
out/renderer/assets/ganttDiagram-T4ZO3ILL-B-Wxcxfu.js                   54.47 kB │ gzip:    18.21 kB │ map:    163.46 kB
out/renderer/assets/wikitext-BTcBGS4f.js                                55.87 kB │ gzip:     4.81 kB │ map:     77.61 kB
out/renderer/assets/wikitext-DJoOmp26.js                                55.87 kB │ gzip:     4.81 kB │ map:     77.59 kB
out/renderer/assets/stata-CVHKZnEx.js                                   56.99 kB │ gzip:    12.40 kB │ map:     74.15 kB
out/renderer/assets/stata-DJZzGcas.js                                   56.99 kB │ gzip:    12.39 kB │ map:     74.13 kB
out/renderer/assets/html--xm1ZZT_.js                                    57.31 kB │ gzip:    11.78 kB │ map:     72.97 kB
out/renderer/assets/html-zu7u3Gzq.js                                    57.31 kB │ gzip:    11.78 kB │ map:     72.95 kB
out/renderer/assets/ballerina-B2M_RkaY.js                               58.68 kB │ gzip:     8.10 kB │ map:     81.51 kB
out/renderer/assets/ballerina-_EwwjI9X.js                               58.68 kB │ gzip:     8.10 kB │ map:     81.49 kB
out/renderer/assets/markdown-C1NxJvuK.js                                59.32 kB │ gzip:     5.66 kB │ map:     82.28 kB
out/renderer/assets/markdown-DO2VzwoF.js                                59.32 kB │ gzip:     5.66 kB │ map:     82.30 kB
out/renderer/assets/flowDiagram-DWJPFMVM-lfLFqh3b.js                    60.26 kB │ gzip:    19.53 kB │ map:    180.37 kB
out/renderer/assets/ocaml-BuHtLL2k.js                                   62.44 kB │ gzip:     5.04 kB │ map:     81.08 kB
out/renderer/assets/ocaml-Ch7Vk2Hf.js                                   62.44 kB │ gzip:     5.04 kB │ map:     81.06 kB
out/renderer/assets/c4Diagram-AHTNJAMY-BnrbL8UT.js                      69.19 kB │ gzip:    19.33 kB │ map:    191.40 kB
out/renderer/assets/mojo-DmI3k3AO.js                                    69.79 kB │ gzip:     9.21 kB │ map:     94.89 kB
out/renderer/assets/mojo-DsZ4DxFC.js                                    69.79 kB │ gzip:     9.21 kB │ map:     94.91 kB
out/renderer/assets/blockDiagram-DXYQGD6D-UxOp3jxG.js                   69.93 kB │ gzip:    19.65 kB │ map:    228.24 kB
out/renderer/assets/python-5IObwoWG.js                                  69.94 kB │ gzip:     9.09 kB │ map:     95.19 kB
out/renderer/assets/python-DytzHlP_.js                                  69.94 kB │ gzip:     9.09 kB │ map:     95.21 kB
out/renderer/assets/c-BY_Gyygk.js                                       72.16 kB │ gzip:    10.55 kB │ map:     95.36 kB
out/renderer/assets/c-CkNtw7eC.js                                       72.16 kB │ gzip:    10.55 kB │ map:     95.34 kB
out/renderer/assets/latex-BSMUynLV.js                                   72.61 kB │ gzip:     6.68 kB │ map:    100.55 kB
out/renderer/assets/latex-DyYiTq0d.js                                   72.61 kB │ gzip:     6.68 kB │ map:    100.53 kB
out/renderer/assets/vyper-B_7Al0D-.js                                   74.64 kB │ gzip:    10.69 kB │ map:    100.66 kB
out/renderer/assets/vyper-pU7grShS.js                                   74.64 kB │ gzip:    10.69 kB │ map:    100.68 kB
out/renderer/assets/hack-BGIB36rT.js                                    80.18 kB │ gzip:    26.27 kB │ map:     97.28 kB
out/renderer/assets/hack-DbUpsI6O.js                                    80.18 kB │ gzip:    26.27 kB │ map:     97.26 kB
out/renderer/assets/cose-bilkent-S5V4N54A-dN1L8ftP.js                   81.41 kB │ gzip:    21.57 kB │ map:    285.22 kB
out/renderer/assets/swift-ciwjRzJa.js                                   86.68 kB │ gzip:    14.69 kB │ map:    114.47 kB
out/renderer/assets/swift-mgsb76Bf.js                                   86.68 kB │ gzip:    14.69 kB │ map:    114.49 kB
out/renderer/assets/fortran-free-form-7Cuq53pp.js                       88.96 kB │ gzip:    11.18 kB │ map:    124.01 kB
out/renderer/assets/fortran-free-form-CyUqTlUy.js                       88.96 kB │ gzip:    11.18 kB │ map:    124.03 kB
out/renderer/assets/csharp-D--DxZ23.js                                  89.68 kB │ gzip:    10.64 kB │ map:    125.65 kB
out/renderer/assets/csharp-ItcyInq4.js                                  89.68 kB │ gzip:    10.64 kB │ map:    125.63 kB
out/renderer/assets/racket-BSlspm2o.js                                  92.38 kB │ gzip:    15.07 kB │ map:    106.16 kB
out/renderer/assets/racket-Cnb2DO6c.js                                  92.38 kB │ gzip:    15.07 kB │ map:    106.14 kB
out/renderer/assets/less-Cm0uM5sf.js                                    97.62 kB │ gzip:    14.84 kB │ map:    131.81 kB
out/renderer/assets/less-D0C72s3R.js                                    97.62 kB │ gzip:    14.84 kB │ map:    131.83 kB
out/renderer/assets/chunk-5FUZZQ4R-Dz6C09ig.js                          97.94 kB │ gzip:    23.90 kB │ map:    356.35 kB
out/renderer/assets/blade-BcHRDAVz.js                                  104.97 kB │ gzip:    28.30 kB │ map:    130.93 kB
out/renderer/assets/blade-BooG4xYJ.js                                  104.97 kB │ gzip:    28.30 kB │ map:    130.91 kB
out/renderer/assets/objective-c-CxOaRt2b.js                            105.40 kB │ gzip:    23.63 kB │ map:    129.62 kB
out/renderer/assets/objective-c-DkMRFmXx.js                            105.40 kB │ gzip:    23.63 kB │ map:    129.60 kB
out/renderer/assets/php-9B-8x_sU.js                                    111.05 kB │ gzip:    28.65 kB │ map:    139.35 kB
out/renderer/assets/php-DC2BRiYt.js                                    111.31 kB │ gzip:    28.66 kB │ map:    139.69 kB
out/renderer/assets/sequenceDiagram-FGHM5R23-QzSMfjXr.js               115.53 kB │ gzip:    30.47 kB │ map:    328.59 kB
out/renderer/assets/asciidoc-B-9g2BQF.js                               131.52 kB │ gzip:     9.31 kB │ map:    189.08 kB
out/renderer/assets/asciidoc-C8re7eKq.js                               131.52 kB │ gzip:     9.31 kB │ map:    189.06 kB
out/renderer/assets/mdx-CojxvZON.js                                    136.10 kB │ gzip:    23.54 kB │ map:    176.68 kB
out/renderer/assets/mdx-b5195-26.js                                    136.10 kB │ gzip:    23.54 kB │ map:    176.70 kB
out/renderer/assets/architectureDiagram-Q4EWVU46-BGs0h0xH.js           146.80 kB │ gzip:    40.24 kB │ map:    547.73 kB
out/renderer/assets/objective-cpp-CZRwlWjj.js                          171.96 kB │ gzip:    30.98 kB │ map:    218.49 kB
out/renderer/assets/objective-cpp-Dw_jk-lk.js                          171.96 kB │ gzip:    30.98 kB │ map:    218.51 kB
out/renderer/assets/previewPaneOfficeDocxContent-D-d5_jqz.js           174.66 kB │ gzip:    50.22 kB │ map:    421.98 kB
out/renderer/assets/javascript-R1LCi9ai.js                             174.88 kB │ gzip:    16.67 kB │ map:    236.03 kB
out/renderer/assets/javascript-s6O5QwW-.js                             174.88 kB │ gzip:    16.67 kB │ map:    236.01 kB
out/renderer/assets/tsx-BUnFccG5.js                                    175.59 kB │ gzip:    16.67 kB │ map:    236.69 kB
out/renderer/assets/tsx-DNj_YRmS.js                                    175.59 kB │ gzip:    16.67 kB │ map:    236.70 kB
out/renderer/assets/jsx-BvaG9yaj.js                                    177.84 kB │ gzip:    16.76 kB │ map:    238.96 kB
out/renderer/assets/jsx-pa1bNSWB.js                                    177.84 kB │ gzip:    16.76 kB │ map:    238.94 kB
out/renderer/assets/typescript-D8GLvAKM.js                             181.13 kB │ gzip:    16.28 kB │ map:    244.35 kB
out/renderer/assets/typescript-DjGOgiy7.js                             181.13 kB │ gzip:    16.28 kB │ map:    244.37 kB
out/renderer/assets/angular-ts-gtafu_n7.js                             183.73 kB │ gzip:    16.78 kB │ map:    249.37 kB
out/renderer/assets/angular-ts-zS1izGPR.js                             183.73 kB │ gzip:    16.78 kB │ map:    249.31 kB
out/renderer/assets/vue-vine-B0bocIj5.js                               190.05 kB │ gzip:    18.07 kB │ map:    255.13 kB
out/renderer/assets/vue-vine-DpqXIU0A.js                               190.05 kB │ gzip:    18.07 kB │ map:    255.11 kB
out/renderer/assets/chunk-ICPOFSXX-CFTQYSLI.js                         214.89 kB │ gzip:    33.81 kB │ map:    514.12 kB
out/renderer/assets/GraphEngineeringPanel-DH-gFYm3.js                  230.18 kB │ gzip:    63.55 kB │ map:    843.97 kB
out/renderer/assets/toast-B_-kHSc2.js                                  239.47 kB │ gzip:    77.73 kB │ map:  1,086.47 kB
out/renderer/assets/katex-BslD6_qq.js                                  257.04 kB │ gzip:    76.96 kB │ map:    922.26 kB
out/renderer/assets/chart-5YVNBmgo.js                                  260.27 kB │ gzip:    77.56 kB │ map:  1,332.04 kB
out/renderer/assets/wolfram-9djRMjNF.js                                262.38 kB │ gzip:    77.63 kB │ map:    279.61 kB
out/renderer/assets/wolfram-Ds4RjIs1.js                                262.38 kB │ gzip:    77.63 kB │ map:    279.63 kB
out/renderer/assets/src-7wBV43sS.js                                    329.35 kB │ gzip:    91.88 kB │ map:  1,830.38 kB
out/renderer/assets/pdf-viewer-D2Hzau_S.js                             427.00 kB │ gzip:   126.51 kB │ map:  1,355.40 kB
out/renderer/assets/cytoscape.esm-CkPHT5Vl.js                          434.14 kB │ gzip:   137.50 kB │ map:  1,682.36 kB
out/renderer/assets/chunk-BO2N2NFS-Ba098tZV.js                         448.66 kB │ gzip:   135.63 kB │ map:  1,685.51 kB
out/renderer/assets/chunk-K5T4RW27-DK3MQkKj.js                         474.01 kB │ gzip:   102.05 kB │ map:  1,677.46 kB
out/renderer/assets/checkbox-CYyBSLG4.js                               514.51 kB │ gzip:   150.88 kB │ map:  2,495.40 kB
out/renderer/assets/wasm-DqpNsAp4.js                                   622.32 kB │ gzip:   232.09 kB │ map:    622.80 kB
out/renderer/assets/wasm-p0fKWVme.js                                   622.32 kB │ gzip:   232.09 kB │ map:    622.82 kB
out/renderer/assets/cpp-C7ZKZeUz.js                                    626.12 kB │ gzip:    48.09 kB │ map:    816.12 kB
out/renderer/assets/cpp-c1ots3C6.js                                    626.12 kB │ gzip:    48.09 kB │ map:    816.08 kB
out/renderer/assets/emacs-lisp-xmhQiD-y.js                             779.84 kB │ gzip:   197.53 kB │ map:    789.78 kB
out/renderer/assets/emacs-lisp-D1oN5ruS.js                             779.87 kB │ gzip:   197.55 kB │ map:    789.80 kB
out/renderer/assets/IntlProvider-B0BIhVhh.js                           841.83 kB │ gzip:   207.48 kB │ map:  1,160.21 kB
out/renderer/assets/previewPaneOfficeLegacyDocContent-CXIQr0D-.js      900.63 kB │ gzip:   261.94 kB │ map:  4,062.94 kB
out/renderer/assets/pptxRendererPreviewEngine-Mo53yGBZ.js            1,042.71 kB │ gzip:   328.59 kB │ map:  2,972.02 kB
out/renderer/assets/previewPaneOfficeXlsxContent-CBxS6Pur.js         2,154.74 kB │ gzip:   697.34 kB │ map:  7,239.51 kB
out/renderer/assets/styles-C7UkTz7k.js                               5,397.83 kB │ gzip: 1,511.27 kB │ map: 18,855.14 kB

[plugin builtin:vite-reporter] 
(!) Some chunks are larger than 500 kB after minification. Consider:
- Using dynamic import() to code-split the application
- Use build.rolldownOptions.output.codeSplitting to improve chunking: https://rolldown.rs/reference/OutputOptions.codeSplitting
- Adjust chunk size limit for this warning via build.chunkSizeWarningLimit.
[PLUGIN_TIMINGS] Warning: Your build spent significant time in plugins. Here is a breakdown:
  - vite:build-import-analysis (34%)
  - vite:css-post (23%)
  - vite:terser (19%)
  - vite:asset (14%)
  - vite:worker (9%)
See https://rolldown.rs/options/checks#plugintimings for more details.

✓ built in 11.95s
