[2026-09-28 11:37:10.640] [pid:38228] [settingService] write done
[2026-09-28 11:37:10.642] [pid:38228] [main] [open-folder] Windows Explorer 右键菜单安装失败 { error: '[Z1 isolation] registry access blocked' }
[2026-09-28 11:37:10.669] [pid:38228] [main] [desktop-network] renderer proxy mode=direct bypass=disabled customCa=disabled insecureCerts=rejected
[2026-09-28 11:37:10.670] [pid:38228] [main] [desktop-network] renderer proxy mode=system bypass=disabled customCa=disabled insecureCerts=rejected
[2026-09-28 11:37:10.672] [pid:38228] [main] [auto-update] disabled for this desktop product flavor
[Z1 isolation] blocked recent-document mutation
[2026-09-28 11:37:10.685] [pid:38228] [main] [resource] sampling started interval=10000ms report=60000ms
[2026-09-28 11:37:10.686] [pid:38228] [main] [network] reporting started interval=60000ms
[2026-09-28 11:37:10.686] [pid:38228] [main] [force-update] Preview 跳过远端强制升级检查
[2026-09-28 11:37:10.687] [pid:38228] [main] [startup] 创建主窗口
[2026-09-28 11:37:10.687] [pid:38228] [main] [primary-window] creating main window (app-ready)
[2026-09-28 11:37:10.689] [pid:38228] [main] [startup-workspace] using explicit open workspace: C:\Users\USER\Desktop\Personal\ZCode\.tmp\z1-native-1790566629091-853a39\workspace
[2026-09-28 11:37:10.779] [pid:38228] [main] [desktop-context-prompt] config refreshed { enabled: false, configVersion: undefined }
[2026-09-28 11:37:11.162] [pid:38228] [main] [createWindow] dom-ready fired (local-1)
[2026-09-28 11:37:11.164] [pid:38228] [main] [desktop-context-prompt] first host spawn decision resolved { enabled: false, configVersion: undefined }
[2026-09-28 11:37:11.167] [pid:38228] [main] [spawnHostProcess] forked host process for (local-1), pid=undefined
[2026-09-28 11:37:11.167] [pid:38228] [main] [spawnHostProcess] host module path: C:\Users\USER\Desktop\Personal\ZCode\packages\desktop\out\host\index.js
[2026-09-28 11:37:11.168] [pid:38228] [main] [spawnHostProcess] glm binary path: <not found>
[2026-09-28 11:37:11.168] [pid:38228] [main] [spawnHostProcess] BIGMODEL_OAUTH_APP_SECRET source: fallback
[2026-09-28 11:37:11.169] [pid:38228] [main] [task-realtime] registered host {
  hostId: '18678122-8a2c-4da7-95cf-c9e62785529c',
  windowId: 1,
  workspaceKeyCount: 0,
  deliveryKind: 'desktop_window'
}
[2026-09-28 11:37:11.183] [pid:38228] [main] [renderer-action-trace] config refreshed { enabled: false, configVersion: 'disabled' }
[Z1 child] (node:33568) ExperimentalWarning: SQLite is an experimental feature and might change at any time
(Use `electron --trace-warnings ...` to show where the warning was created)
[Z1 child] [2026-09-28 11:37:11.519] [pid:33568] [zcode-host] ExperimentalWarning: SQLite is an experimental feature and might change at any time
[2026-09-28 11:37:11.522] [pid:38228] [main] [host-log] (local-1) [host] [2026-09-28 11:37:11.519] [pid:33568] [zcode-host] ExperimentalWarning: SQLite is an experimental feature and might change at any time
[2026-09-28 11:37:11.525] [pid:38228] [main] [host-log] (local-1) [host] [2026-09-28 11:37:11.523] [pid:33568] [zcode-host] [cua-pip-session] focus event dropped: service unavailable
[Z1 child] [2026-09-28 11:37:11.523] [pid:33568] [zcode-host] [cua-pip-session] focus event dropped: service unavailable
[Z1 child] (node:33568) ExperimentalWarning: SQLite is an experimental feature and might change at any time
(Use `electron --trace-warnings ...` to show where the warning was created)
[Z1 child] [2026-09-28 11:37:13.179] [pid:33568] [zcode-host] initializing local services
[2026-09-28 11:37:13.179] [pid:38228] [main] [host-log] (local-1) [host] [2026-09-28 11:37:13.179] [pid:33568] [zcode-host] initializing local services
[Z1 child] [2026-09-28 11:37:13.239] [pid:33568] [cua-pip-session] [cua-pip-session] wiring resolved {
  enabled: false,
  platform: 'win32',
  serviceAuthorityMode: 'desktop-local',
  lifecycleWired: true
}
[2026-09-28 11:37:13.240] [pid:38228] [main] [host-log] (local-1) [host] [2026-09-28 11:37:13.239] [pid:33568] [cua-pip-session] [cua-pip-session] wiring resolved {"enabled":false,"platform":"win32","serviceAuthorityMode":"desktop-local","lifecycleWired":true}
[Z1 child] [2026-09-28 11:37:13.243] [pid:33568] [settingService] reading settings from: C:\Users\USER\Desktop\Personal\ZCode\.tmp\z1-native-1790566629091-853a39\home\.zcode\v2\setting.json
[Z1 child] [2026-09-28 11:37:13.244] [pid:33568] [zcode-agent-service] 开始初始化 ZCode agent {
  workspaceKey: 'C:\\Users\\USER\\Desktop\\Personal\\ZCode\\.tmp\\z1-native-1790566629091-853a39\\workspace',
  workspacePath: 'C:\\Users\\USER\\Desktop\\Personal\\ZCode\\.tmp\\z1-native-1790566629091-853a39\\workspace'
}
[2026-09-28 11:37:13.244] [pid:38228] [main] [host-log] (local-1) [host] [2026-09-28 11:37:13.244] [pid:33568] [zcode-agent-service] 开始初始化 ZCode agent {"workspaceKey":"C:\\Users\\USER\\Desktop\\Personal\\ZCode\\.tmp\\z1-native-1790566629091-853a39\\workspace","workspacePath":"C:\\Users\\USER\\Desktop\\Personal\\ZCode\\.tmp\\z1-native-1790566629091-853a39\\workspace"}
[2026-09-28 11:37:13.245] [pid:38228] [main] [host-log] (local-1) [host] [2026-09-28 11:37:13.244] [pid:33568] [zcode-host] exposing services on ChannelServer...
[2026-09-28 11:37:13.246] [pid:38228] [main] [host-log] (local-1) [host] [2026-09-28 11:37:13.244] [pid:33568] [zcode-host] creating ChannelServer (deferInit=false)
[2026-09-28 11:37:13.246] [pid:38228] [main] [host-log] (local-1) [host] [2026-09-28 11:37:13.245] [pid:33568] [zcode-host] [rpc:register] channel "graphEngineering"
[2026-09-28 11:37:13.247] [pid:38228] [main] [host-log] (local-1) [host] [2026-09-28 11:37:13.245] [pid:33568] [zcode-host] [rpc:register] channel "graphWorkflow"
[2026-09-28 11:37:13.248] [pid:38228] [main] [host-log] (local-1) [host] [2026-09-28 11:37:13.245] [pid:33568] [zcode-host] [rpc:register] channel "graphParallel"
[2026-09-28 11:37:13.248] [pid:38228] [main] [host-log] (local-1) [host] [2026-09-28 11:37:13.245] [pid:33568] [zcode-host] [rpc:register] channel "file"
[2026-09-28 11:37:13.249] [pid:38228] [main] [host-log] (local-1) [host] [2026-09-28 11:37:13.245] [pid:33568] [zcode-host] [rpc:register] channel "media-preview"
[2026-09-28 11:37:13.250] [pid:38228] [main] [host-log] (local-1) [host] [2026-09-28 11:37:13.245] [pid:33568] [zcode-host] [rpc:register] channel "git"
[2026-09-28 11:37:13.250] [pid:38228] [main] [host-log] (local-1) [host] [2026-09-28 11:37:13.245] [pid:33568] [zcode-host] [rpc:register] channel "git-checkpoint"
[2026-09-28 11:37:13.251] [pid:38228] [main] [host-log] (local-1) [host] [2026-09-28 11:37:13.245] [pid:33568] [zcode-host] [rpc:register] channel "system"
[2026-09-28 11:37:13.252] [pid:38228] [main] [host-log] (local-1) [host] [2026-09-28 11:37:13.245] [pid:33568] [zcode-host] [rpc:register] channel "terminal"
[2026-09-28 11:37:13.253] [pid:38228] [main] [host-log] (local-1) [host] [2026-09-28 11:37:13.245] [pid:33568] [zcode-host] [rpc:register] channel "setting"
[2026-09-28 11:37:13.253] [pid:38228] [main] [host-log] (local-1) [host] [2026-09-28 11:37:13.245] [pid:33568] [zcode-host] [rpc:register] channel "onboarding-record"
[2026-09-28 11:37:13.254] [pid:38228] [main] [host-log] (local-1) [host] [2026-09-28 11:37:13.245] [pid:33568] [zcode-host] [rpc:register] channel "credential"
[2026-09-28 11:37:13.254] [pid:38228] [main] [host-log] (local-1) [host] [2026-09-28 11:37:13.245] [pid:33568] [zcode-host] [rpc:register] channel "broadcast"
[Z1 child] [2026-09-28 11:37:13.244] [pid:33568] [zcode-host] exposing services on ChannelServer...
[2026-09-28 11:37:13.244] [pid:33568] [zcode-host] creating ChannelServer (deferInit=false)
[2026-09-28 11:37:13.245] [pid:33568] [zcode-host] [rpc:register] channel "graphEngineering"
[2026-09-28 11:37:13.245] [pid:33568] [zcode-host] [rpc:register] channel "graphWorkflow"
[2026-09-28 11:37:13.245] [pid:33568] [zcode-host] [rpc:register] channel "graphParallel"
[2026-09-28 11:37:13.245] [pid:33568] [zcode-host] [rpc:register] channel "file"
[2026-09-28 11:37:13.245] [pid:33568] [zcode-host] [rpc:register] channel "media-preview"
[2026-09-28 11:37:13.245] [pid:33568] [zcode-host] [rpc:register] channel "git"
[2026-09-28 11:37:13.245] [pid:33568] [zcode-host] [rpc:register] channel "git-checkpoint"
[2026-09-28 11:37:13.245] [pid:33568] [zcode-host] [rpc:register] channel "system"
[2026-09-28 11:37:13.245] [pid:33568] [zcode-host] [rpc:register] channel "terminal"
[2026-09-28 11:37:13.245] [pid:33568] [zcode-host] [rpc:register] channel "setting"
[2026-09-28 11:37:13.245] [pid:33568] [zcode-host] [rpc:register] channel "onboarding-record"
[2026-09-28 11:37:13.245] [pid:33568] [zcode-host] [rpc:register] channel "credential"
[2026-09-28 11:37:13.245] [pid:33568] [zcode-host] [rpc:register] channel "broadcast"
[2026-09-28 11:37:13.246] [pid:33568] [zcode-host] [rpc:register] channel "zcode-task"
[2026-09-28 11:37:13.246] [pid:33568] [zcode-host] [rpc:register] channel "zcode-agent"
[2026-09-28 11:37:13.246] [pid:33568] [zcode-host] [rpc:register] channel "zcode-session"
[2026-09-28 11:37:13.246] [pid:33568] [zcode-host] [rpc:register] channel "cua-permission"
[2026-09-28 11:37:13.246] [pid:33568] [zcode-host] [rpc:register] channel "cua-pip-session"
[2026-09-28 11:37:13.246] [pid:33568] [zcode-host] [rpc:register] channel "conversation-share"
[2026-09-28 11:37:13.246] [pid:33568] [zcode-host] [rpc:register] channel "bots"
[2026-09-28 11:37:13.246] [pid:33568] [zcode-host] [rpc:register] channel "file-watcher"
[2026-09-28 11:37:13.246] [pid:33568] [zcode-host] [rpc:register] channel "oauth"
[2026-09-28 11:37:13.246] [pid:33568] [zcode-host] [rpc:register] channel "usage-stats"
[2026-09-28 11:37:13.246] [pid:33568] [zcode-host] [rpc:register] channel "coding-plan-subscription"
[2026-09-28 11:37:13.246] [pid:33568] [zcode-host] [rpc:register] channel "client-config"
[2026-09-28 11:37:13.246] [pid:33568] [zcode-host] [rpc:register] channel "client-scenes"
[2026-09-28 11:37:13.246] [pid:33568] [zcode-host] [rpc:register] channel "off-peak-task"
[2026-09-28 11:37:13.246] [pid:33568] [zcode-host] [rpc:register] channel "skills"
[2026-09-28 11:37:13.246] [pid:33568] [zcode-host] [rpc:register] channel "skill-sync"
[2026-09-28 11:37:13.246] [pid:33568] [zcode-host] [rpc:register] channel "mcp-sync"
[2026-09-28 11:37:13.246] [pid:33568] [zcode-host] [rpc:register] channel "plugin-sync"
[2026-09-28 11:37:13.246] [pid:33568] [zcode-host] [rpc:register] channel "plugins"
[2026-09-28 11:37:13.246] [pid:33568] [zcode-host] [rpc:register] channel "plugin-management"
[2026-09-28 11:37:13.246] [pid:33568] [zcode-host] [rpc:register] channel "subagents"
[2026-09-28 11:37:13.246] [pid:33568] [zcode-host] [rpc:register] channel "commands"
[2026-09-28 11:37:13.246] [pid:33568] [zcode-host] [rpc:register] channel "hooks"
[2026-09-28 11:37:13.246] [pid:33568] [zcode-host] [rpc:register] channel "memory"
[2026-09-28 11:37:13.246] [pid:33568] [zcode-host] [rpc:register] channel "settings-sync"
[2026-09-28 11:37:13.246] [pid:33568] [zcode-host] [rpc:register] channel "feedback"
[2026-09-28 11:37:13.246] [pid:33568] [zcode-host] [rpc:register] channel "prompt-attachment-transfer"
[2026-09-28 11:37:13.246] [pid:33568] [zcode-host] [rpc:register] channel "provider-settings"
[2026-09-28 11:37:13.246] [pid:33568] [zcode-host] [rpc:register] channel "model-selection"
[2026-09-28 11:37:13.246] [pid:33568] [zcode-host] [rpc:register] channel "window-controller"
[2026-09-28 11:37:13.246] [pid:33568] [zcode-host] service connection ready mode=desktop-continuous
[2026-09-28 11:37:13.247] [pid:33568] [zcode-host] window Host topology, reason=base-attachment-ready, pid=33568, connections=0, logicalSessions=0, attachments=1
[2026-09-28 11:37:13.255] [pid:38228] [main] [host-log] (local-1) [host] [2026-09-28 11:37:13.246] [pid:33568] [zcode-host] [rpc:register] channel "zcode-task"
[2026-09-28 11:37:13.256] [pid:38228] [main] [host-log] (local-1) [host] [2026-09-28 11:37:13.246] [pid:33568] [zcode-host] [rpc:register] channel "zcode-agent"
[2026-09-28 11:37:13.256] [pid:38228] [main] [host-log] (local-1) [host] [2026-09-28 11:37:13.246] [pid:33568] [zcode-host] [rpc:register] channel "zcode-session"
[2026-09-28 11:37:13.258] [pid:38228] [main] [host-log] (local-1) [host] [2026-09-28 11:37:13.246] [pid:33568] [zcode-host] [rpc:register] channel "cua-permission"
[2026-09-28 11:37:13.259] [pid:38228] [main] [host-log] (local-1) [host] [2026-09-28 11:37:13.246] [pid:33568] [zcode-host] [rpc:register] channel "cua-pip-session"
[2026-09-28 11:37:13.259] [pid:38228] [main] [host-log] (local-1) [host] [2026-09-28 11:37:13.246] [pid:33568] [zcode-host] [rpc:register] channel "conversation-share"
[2026-09-28 11:37:13.260] [pid:38228] [main] [host-log] (local-1) [host] [2026-09-28 11:37:13.246] [pid:33568] [zcode-host] [rpc:register] channel "bots"
[2026-09-28 11:37:13.261] [pid:38228] [main] [host-log] (local-1) [host] [2026-09-28 11:37:13.246] [pid:33568] [zcode-host] [rpc:register] channel "file-watcher"
[2026-09-28 11:37:13.261] [pid:38228] [main] [host-log] (local-1) [host] [2026-09-28 11:37:13.246] [pid:33568] [zcode-host] [rpc:register] channel "oauth"
[2026-09-28 11:37:13.262] [pid:38228] [main] [host-log] (local-1) [host] [2026-09-28 11:37:13.246] [pid:33568] [zcode-host] [rpc:register] channel "usage-stats"
[2026-09-28 11:37:13.263] [pid:38228] [main] [host-log] (local-1) [host] [2026-09-28 11:37:13.246] [pid:33568] [zcode-host] [rpc:register] channel "coding-plan-subscription"
[2026-09-28 11:37:13.263] [pid:38228] [main] [host-log] (local-1) [host] [2026-09-28 11:37:13.246] [pid:33568] [zcode-host] [rpc:register] channel "client-config"
[2026-09-28 11:37:13.264] [pid:38228] [main] [host-log] (local-1) [host] [2026-09-28 11:37:13.246] [pid:33568] [zcode-host] [rpc:register] channel "client-scenes"
[2026-09-28 11:37:13.265] [pid:38228] [main] [host-log] (local-1) [host] [2026-09-28 11:37:13.246] [pid:33568] [zcode-host] [rpc:register] channel "off-peak-task"
[2026-09-28 11:37:13.266] [pid:38228] [main] [host-log] (local-1) [host] [2026-09-28 11:37:13.246] [pid:33568] [zcode-host] [rpc:register] channel "skills"
[2026-09-28 11:37:13.266] [pid:38228] [main] [host-log] (local-1) [host] [2026-09-28 11:37:13.246] [pid:33568] [zcode-host] [rpc:register] channel "skill-sync"
[2026-09-28 11:37:13.267] [pid:38228] [main] [host-log] (local-1) [host] [2026-09-28 11:37:13.246] [pid:33568] [zcode-host] [rpc:register] channel "mcp-sync"
[2026-09-28 11:37:13.268] [pid:38228] [main] [host-log] (local-1) [host] [2026-09-28 11:37:13.246] [pid:33568] [zcode-host] [rpc:register] channel "plugin-sync"
[2026-09-28 11:37:13.270] [pid:38228] [main] [host-log] (local-1) [host] [2026-09-28 11:37:13.246] [pid:33568] [zcode-host] [rpc:register] channel "plugins"
[2026-09-28 11:37:13.270] [pid:38228] [main] [host-log] (local-1) [host] [2026-09-28 11:37:13.246] [pid:33568] [zcode-host] [rpc:register] channel "plugin-management"
[2026-09-28 11:37:13.271] [pid:38228] [main] [host-log] (local-1) [host] [2026-09-28 11:37:13.246] [pid:33568] [zcode-host] [rpc:register] channel "subagents"
[2026-09-28 11:37:13.272] [pid:38228] [main] [host-log] (local-1) [host] [2026-09-28 11:37:13.246] [pid:33568] [zcode-host] [rpc:register] channel "commands"
[2026-09-28 11:37:13.273] [pid:38228] [main] [host-log] (local-1) [host] [2026-09-28 11:37:13.246] [pid:33568] [zcode-host] [rpc:register] channel "hooks"
[2026-09-28 11:37:13.273] [pid:38228] [main] [host-log] (local-1) [host] [2026-09-28 11:37:13.246] [pid:33568] [zcode-host] [rpc:register] channel "memory"
[2026-09-28 11:37:13.274] [pid:38228] [main] [host-log] (local-1) [host] [2026-09-28 11:37:13.246] [pid:33568] [zcode-host] [rpc:register] channel "settings-sync"
[2026-09-28 11:37:13.275] [pid:38228] [main] [host-log] (local-1) [host] [2026-09-28 11:37:13.246] [pid:33568] [zcode-host] [rpc:register] channel "feedback"
[2026-09-28 11:37:13.275] [pid:38228] [main] [host-log] (local-1) [host] [2026-09-28 11:37:13.246] [pid:33568] [zcode-host] [rpc:register] channel "prompt-attachment-transfer"
[2026-09-28 11:37:13.276] [pid:38228] [main] [host-log] (local-1) [host] [2026-09-28 11:37:13.246] [pid:33568] [zcode-host] [rpc:register] channel "provider-settings"
[2026-09-28 11:37:13.277] [pid:38228] [main] [host-log] (local-1) [host] [2026-09-28 11:37:13.246] [pid:33568] [zcode-host] [rpc:register] channel "model-selection"
[2026-09-28 11:37:13.278] [pid:38228] [main] [host-log] (local-1) [host] [2026-09-28 11:37:13.246] [pid:33568] [zcode-host] [rpc:register] channel "window-controller"
[2026-09-28 11:37:13.278] [pid:38228] [main] [host-log] (local-1) [host] [2026-09-28 11:37:13.246] [pid:33568] [zcode-host] service connection ready mode=desktop-continuous
[2026-09-28 11:37:13.279] [pid:38228] [main] [host-log] (local-1) [host] [2026-09-28 11:37:13.247] [pid:33568] [zcode-host] window Host topology, reason=base-attachment-ready, pid=33568, connections=0, logicalSessions=0, attachments=1
[2026-09-28 11:37:13.280] [pid:38228] [main] [host-log] (local-1) [host] [2026-09-28 11:37:13.255] [pid:33568] [zcode-host] local services ready, all channels registered
[2026-09-28 11:37:13.280] [pid:38228] [main] [database-startup] terminal {
  attemptId: '39e79d01-acaa-4d29-9ec7-1c667e0faf6c',
  status: 'ready',
  durationMs: 1733,
  errorCode: undefined,
  disk: [
    {
      scopeId: '9319b000c8e74f2867e1e7bd121ddaf54b120dc84ca6297ecd939a191d9c2c40',
      observedAvailableDropPeakBytes: 155648,
      minAvailableBytes: 267360808960,
      quality: 'complete',
      sampledAt: 1790566632129
    }
  ]
}
[2026-09-28 11:37:13.282] [pid:38228] [main] [cron-scheduler] forked scheduler process pid=undefined
[Z1 child] [2026-09-28 11:37:13.255] [pid:33568] [zcode-host] local services ready, all channels registered
[2026-09-28 11:37:13.263] [pid:33568] [settingService] read result: {"recentProjects":[],"locale":"zh-CN","localePreference":"en-US","terminalInheritSystemProfile":true,"embeddedBrowserAllowInsecureCertificates":false,"embeddedBrowserViewportPreference":{"mode":"normal","viewport":{"width":393,"height":852},"zoom":"fit"},"computerUseComposerEntryHidden":true,"taskAutoArchiveEnabled":false,"taskAutoArchiveOlderThanDays":7,"closeToTrayOnWindows":false,"closeToTrayOnWindowsMigrationInitialized":true,"keepAwakeWhileRunning":false,"desktopChromiumHardwareAccelerationEnabled":true,"messageStreamShowReasoning":true,"messageStreamShowReasoningMigrationInitialized":true,"messageStreamShowTodos":false,"toolGroupingExploreEnabled":true,"toolGroupingTerminalEnabled":true,"toolGroupingChangesEnabled":false,"zcodeInteractionBehavior":"queue","askUserQuestionAutoResolutionEnabled":false,"modelIoFullRetentionEnabled":false,"startPlanRecommendationDismissed":false,"providerFamilyConnectionSelections":{},"providerFamilyDomain":"zai","providerFamilyDomainMigrated":true,"nativeSearchEnhancementsEnabled":true,"memoryEnabled":false,"lastWorkspaceSession":[],"lastActiveTabIndex":0,"receivePreviewUpdates":false,"autoDownloadAndInstallUpdates":false,"skippedElectronUpdateVersions":{}}
[Z1 child] [2026-09-28 11:37:13.290] [pid:33568] [zcode-host] [rpc:listen] broadcast.onMessage subscribed
[2026-09-28 11:37:13.291] [pid:38228] [main] [host-log] (local-1) [host] [2026-09-28 11:37:13.290] [pid:33568] [zcode-host] [rpc:listen] broadcast.onMessage subscribed
[Z1 child] [2026-09-28 11:37:13.291] [pid:33568] [zcode-host] [rpc:listen] zcode-agent.onDynamicCuaPermissionObservation subscribed
[2026-09-28 11:37:13.292] [pid:38228] [main] [host-log] (local-1) [host] [2026-09-28 11:37:13.291] [pid:33568] [zcode-host] [rpc:listen] zcode-agent.onDynamicCuaPermissionObservation subscribed
[Z1 child] [2026-09-28 11:37:13.293] [pid:33568] [settingService] reading settings from: C:\Users\USER\Desktop\Personal\ZCode\.tmp\z1-native-1790566629091-853a39\home\.zcode\v2\setting.json
[2026-09-28 11:37:13.294] [pid:33568] [settingService] reading settings from: C:\Users\USER\Desktop\Personal\ZCode\.tmp\z1-native-1790566629091-853a39\home\.zcode\v2\setting.json
[2026-09-28 11:37:13.294] [pid:33568] [zcode-host] [rpc:listen] model-selection.onDidChange subscribed
[2026-09-28 11:37:13.294] [pid:38228] [main] [host-log] (local-1) [host] [2026-09-28 11:37:13.294] [pid:33568] [zcode-host] [rpc:listen] model-selection.onDidChange subscribed
[2026-09-28 11:37:13.295] [pid:38228] [main] [task-realtime] updated host workspace scopes {
  hostId: '18678122-8a2c-4da7-95cf-c9e62785529c',
  workspaceKeyCount: 0
}
[2026-09-28 11:37:13.296] [pid:38228] [main] [open-folder] Windows Explorer 右键菜单安装失败 { error: '[Z1 isolation] registry access blocked' }
[2026-09-28 11:37:13.297] [pid:38228] [main] [host-log] (local-1) [host] [2026-09-28 11:37:13.294] [pid:33568] [zcode-host] [rpc:listen] broadcast.onMessage subscribed
[2026-09-28 11:37:13.298] [pid:38228] [main] [host-log] (local-1) [host] [2026-09-28 11:37:13.294] [pid:33568] [zcode-host] [rpc:listen] provider-settings.onDidChange subscribed
[2026-09-28 11:37:13.299] [pid:38228] [main] [host-log] (local-1) [host] [2026-09-28 11:37:13.294] [pid:33568] [zcode-host] [rpc:listen] broadcast.onMessage subscribed
[Z1 child] [2026-09-28 11:37:13.294] [pid:33568] [zcode-host] [rpc:listen] broadcast.onMessage subscribed
[2026-09-28 11:37:13.294] [pid:33568] [zcode-host] [rpc:listen] provider-settings.onDidChange subscribed
[2026-09-28 11:37:13.294] [pid:33568] [settingService] reading settings from: C:\Users\USER\Desktop\Personal\ZCode\.tmp\z1-native-1790566629091-853a39\home\.zcode\v2\setting.json
[2026-09-28 11:37:13.294] [pid:33568] [zcode-host] [rpc:listen] broadcast.onMessage subscribed
[2026-09-28 11:37:13.296] [pid:33568] [zcode-host] [rpc:listen] provider-settings.onDidChange subscribed
[2026-09-28 11:37:13.296] [pid:33568] [zcode-host] [rpc:listen] broadcast.onMessage subscribed
[2026-09-28 11:37:13.296] [pid:33568] [settingService] reading settings from: C:\Users\USER\Desktop\Personal\ZCode\.tmp\z1-native-1790566629091-853a39\home\.zcode\v2\setting.json
[2026-09-28 11:37:13.296] [pid:33568] [zcode-host] [rpc:listen] broadcast.onMessage subscribed
[2026-09-28 11:37:13.298] [pid:33568] [settingService] read result: {"recentProjects":[],"locale":"zh-CN","localePreference":"en-US","terminalInheritSystemProfile":true,"embeddedBrowserAllowInsecureCertificates":false,"embeddedBrowserViewportPreference":{"mode":"normal","viewport":{"width":393,"height":852},"zoom":"fit"},"computerUseComposerEntryHidden":true,"taskAutoArchiveEnabled":false,"taskAutoArchiveOlderThanDays":7,"closeToTrayOnWindows":false,"closeToTrayOnWindowsMigrationInitialized":true,"keepAwakeWhileRunning":false,"desktopChromiumHardwareAccelerationEnabled":true,"messageStreamShowReasoning":true,"messageStreamShowReasoningMigrationInitialized":true,"messageStreamShowTodos":false,"toolGroupingExploreEnabled":true,"toolGroupingTerminalEnabled":true,"toolGroupingChangesEnabled":false,"zcodeInteractionBehavior":"queue","askUserQuestionAutoResolutionEnabled":false,"modelIoFullRetentionEnabled":false,"startPlanRecommendationDismissed":false,"providerFamilyConnectionSelections":{},"providerFamilyDomain":"zai","providerFamilyDomainMigrated":true,"nativeSearchEnhancementsEnabled":true,"memoryEnabled":false,"lastWorkspaceSession":[],"lastActiveTabIndex":0,"receivePreviewUpdates":false,"autoDownloadAndInstallUpdates":false,"skippedElectronUpdateVersions":{}}
[2026-09-28 11:37:13.300] [pid:33568] [node-api-client] zcode endpoint request headers prepared {
  headerKeys: [
    'http-referer',
    'user-agent',
    'x-client-language',
    'x-client-timezone',
    'x-device-mid',
    'x-os-category',
    'x-os-version',
    'x-platform',
    'x-release-channel',
    'x-request-id',
    'x-title',
    'x-zcode-app-version'
  ],
  method: 'GET',
  url: 'http://127.0.0.1:59347/api/v1/client/configs?app_version=3.14.0&platform=win32-x64'
}
[2026-09-28 11:37:13.300] [pid:33568] [settingService] reading settings from: C:\Users\USER\Desktop\Personal\ZCode\.tmp\z1-native-1790566629091-853a39\home\.zcode\v2\setting.json
[2026-09-28 11:37:13.301] [pid:33568] [settingService] read result: {"recentProjects":[],"locale":"zh-CN","localePreference":"en-US","terminalInheritSystemProfile":true,"embeddedBrowserAllowInsecureCertificates":false,"embeddedBrowserViewportPreference":{"mode":"normal","viewport":{"width":393,"height":852},"zoom":"fit"},"computerUseComposerEntryHidden":true,"taskAutoArchiveEnabled":false,"taskAutoArchiveOlderThanDays":7,"closeToTrayOnWindows":false,"closeToTrayOnWindowsMigrationInitialized":true,"keepAwakeWhileRunning":false,"desktopChromiumHardwareAccelerationEnabled":true,"messageStreamShowReasoning":true,"messageStreamShowReasoningMigrationInitialized":true,"messageStreamShowTodos":false,"toolGroupingExploreEnabled":true,"toolGroupingTerminalEnabled":true,"toolGroupingChangesEnabled":false,"zcodeInteractionBehavior":"queue","askUserQuestionAutoResolutionEnabled":false,"modelIoFullRetentionEnabled":false,"startPlanRecommendationDismissed":false,"providerFamilyConnectionSelections":{},"providerFamilyDomain":"zai","providerFamilyDomainMigrated":true,"nativeSearchEnhancementsEnabled":true,"memoryEnabled":false,"lastWorkspaceSession":[],"lastActiveTabIndex":0,"receivePreviewUpdates":false,"autoDownloadAndInstallUpdates":false,"skippedElectronUpdateVersions":{}}
[2026-09-28 11:37:13.302] [pid:38228] [main] [host-log] (local-1) [host] [2026-09-28 11:37:13.296] [pid:33568] [zcode-host] [rpc:listen] provider-settings.onDidChange subscribed
[2026-09-28 11:37:13.303] [pid:38228] [main] [host-log] (local-1) [host] [2026-09-28 11:37:13.296] [pid:33568] [zcode-host] [rpc:listen] broadcast.onMessage subscribed
[2026-09-28 11:37:13.304] [pid:38228] [main] [host-log] (local-1) [host] [2026-09-28 11:37:13.296] [pid:33568] [zcode-host] [rpc:listen] broadcast.onMessage subscribed
[2026-09-28 11:37:13.305] [pid:38228] [main] [host-log] (local-1) [host] [2026-09-28 11:37:13.301] [pid:33568] [zcode-host] [rpc:call] setting.get OK (7.2ms)
[2026-09-28 11:37:13.305] [pid:38228] [main] [host-log] (local-1) [host] [2026-09-28 11:37:13.302] [pid:33568] [zcode-host] [rpc:call] setting.get OK (8.1ms)
[2026-09-28 11:37:13.306] [pid:38228] [main] [host-log] (local-1) [host] [2026-09-28 11:37:13.302] [pid:33568] [oauthService] restoreCachedSession skipped: no active provider
[2026-09-28 11:37:13.307] [pid:38228] [main] [host-log] (local-1) [host] [2026-09-28 11:37:13.302] [pid:33568] [zcode-host] [rpc:call] oauth.restoreCachedSessionState OK (6.2ms)
[2026-09-28 11:37:13.307] [pid:38228] [main] [host-log] (local-1) [host] [2026-09-28 11:37:13.304] [pid:33568] [cua-pip-session] [cua-pip-session] event delivery dropped {"kind":"focus-changed","revision":3,"sessionId":null,"sourceWindowId":"window-1","skipReason":"service-disabled"}
[2026-09-28 11:37:13.308] [pid:38228] [main] [host-log] (local-1) [host] [2026-09-28 11:37:13.304] [pid:33568] [zcode-host] [rpc:call] zcode-agent.syncAppRuntimePreferences OK (0.1ms)
[2026-09-28 11:37:13.309] [pid:38228] [main] [host-log] (local-1) [host] [2026-09-28 11:37:13.304] [pid:33568] [zcode-host] [rpc:call] bots.syncAppRuntimePreferences OK (0.1ms)
[Z1 child] [2026-09-28 11:37:13.301] [pid:33568] [zcode-host] [rpc:call] setting.get OK (7.2ms)
[2026-09-28 11:37:13.302] [pid:33568] [settingService] read result: {"recentProjects":[],"locale":"zh-CN","localePreference":"en-US","terminalInheritSystemProfile":true,"embeddedBrowserAllowInsecureCertificates":false,"embeddedBrowserViewportPreference":{"mode":"normal","viewport":{"width":393,"height":852},"zoom":"fit"},"computerUseComposerEntryHidden":true,"taskAutoArchiveEnabled":false,"taskAutoArchiveOlderThanDays":7,"closeToTrayOnWindows":false,"closeToTrayOnWindowsMigrationInitialized":true,"keepAwakeWhileRunning":false,"desktopChromiumHardwareAccelerationEnabled":true,"messageStreamShowReasoning":true,"messageStreamShowReasoningMigrationInitialized":true,"messageStreamShowTodos":false,"toolGroupingExploreEnabled":true,"toolGroupingTerminalEnabled":true,"toolGroupingChangesEnabled":false,"zcodeInteractionBehavior":"queue","askUserQuestionAutoResolutionEnabled":false,"modelIoFullRetentionEnabled":false,"startPlanRecommendationDismissed":false,"providerFamilyConnectionSelections":{},"providerFamilyDomain":"zai","providerFamilyDomainMigrated":true,"nativeSearchEnhancementsEnabled":true,"memoryEnabled":false,"lastWorkspaceSession":[],"lastActiveTabIndex":0,"receivePreviewUpdates":false,"autoDownloadAndInstallUpdates":false,"skippedElectronUpdateVersions":{}}
[2026-09-28 11:37:13.302] [pid:33568] [zcode-host] [rpc:call] setting.get OK (8.1ms)
[2026-09-28 11:37:13.302] [pid:33568] [oauthService] restoreCachedSession skipped: no active provider
[2026-09-28 11:37:13.302] [pid:33568] [zcode-host] [rpc:call] oauth.restoreCachedSessionState OK (6.2ms)
[2026-09-28 11:37:13.304] [pid:33568] [zcode-host] [rpc:call] zcode-agent.syncAppRuntimePreferences OK (0.1ms)
[2026-09-28 11:37:13.304] [pid:33568] [zcode-host] [rpc:call] bots.syncAppRuntimePreferences OK (0.1ms)
[2026-09-28 11:37:13.305] [pid:33568] [settingService] read result: {"recentProjects":[],"locale":"zh-CN","localePreference":"en-US","terminalInheritSystemProfile":true,"embeddedBrowserAllowInsecureCertificates":false,"embeddedBrowserViewportPreference":{"mode":"normal","viewport":{"width":393,"height":852},"zoom":"fit"},"computerUseComposerEntryHidden":true,"taskAutoArchiveEnabled":false,"taskAutoArchiveOlderThanDays":7,"closeToTrayOnWindows":false,"closeToTrayOnWindowsMigrationInitialized":true,"keepAwakeWhileRunning":false,"desktopChromiumHardwareAccelerationEnabled":true,"messageStreamShowReasoning":true,"messageStreamShowReasoningMigrationInitialized":true,"messageStreamShowTodos":false,"toolGroupingExploreEnabled":true,"toolGroupingTerminalEnabled":true,"toolGroupingChangesEnabled":false,"zcodeInteractionBehavior":"queue","askUserQuestionAutoResolutionEnabled":false,"modelIoFullRetentionEnabled":false,"startPlanRecommendationDismissed":false,"providerFamilyConnectionSelections":{},"providerFamilyDomain":"zai","providerFamilyDomainMigrated":true,"nativeSearchEnhancementsEnabled":true,"memoryEnabled":false,"lastWorkspaceSession":[],"lastActiveTabIndex":0,"receivePreviewUpdates":false,"autoDownloadAndInstallUpdates":false,"skippedElectronUpdateVersions":{}}
[2026-09-28 11:37:13.305] [pid:33568] [zcode-host] [rpc:call] setting.get OK (8.6ms)
[2026-09-28 11:37:13.305] [pid:33568] [settingService] read result: {"recentProjects":[],"locale":"zh-CN","localePreference":"en-US","terminalInheritSystemProfile":true,"embeddedBrowserAllowInsecureCertificates":false,"embeddedBrowserViewportPreference":{"mode":"normal","viewport":{"width":393,"height":852},"zoom":"fit"},"computerUseComposerEntryHidden":true,"taskAutoArchiveEnabled":false,"taskAutoArchiveOlderThanDays":7,"closeToTrayOnWindows":false,"closeToTrayOnWindowsMigrationInitialized":true,"keepAwakeWhileRunning":false,"desktopChromiumHardwareAccelerationEnabled":true,"messageStreamShowReasoning":true,"messageStreamShowReasoningMigrationInitialized":true,"messageStreamShowTodos":false,"toolGroupingExploreEnabled":true,"toolGroupingTerminalEnabled":true,"toolGroupingChangesEnabled":false,"zcodeInteractionBehavior":"queue","askUserQuestionAutoResolutionEnabled":false,"modelIoFullRetentionEnabled":false,"startPlanRecommendationDismissed":false,"providerFamilyConnectionSelections":{},"providerFamilyDomain":"zai","providerFamilyDomainMigrated":true,"nativeSearchEnhancementsEnabled":true,"memoryEnabled":false,"lastWorkspaceSession":[],"lastActiveTabIndex":0,"receivePreviewUpdates":false,"autoDownloadAndInstallUpdates":false,"skippedElectronUpdateVersions":{}}
[Z1 child] [2026-09-28 11:37:13.304] [pid:33568] [cua-pip-session] [cua-pip-session] event delivery dropped {
  kind: 'focus-changed',
  revision: 3,
  sessionId: null,
  sourceWindowId: 'window-1',
  skipReason: 'service-disabled'
}
[2026-09-28 11:37:13.310] [pid:38228] [main] [host-log] (local-1) [host] [2026-09-28 11:37:13.305] [pid:33568] [zcode-host] [rpc:call] setting.get OK (8.6ms)
[Z1 child] [2026-09-28 11:37:13.328] [pid:33568] [zcode-host] [rpc:call] coding-plan-subscription.getDynamicWorkflowClientConfig OK (34.6ms)
[2026-09-28 11:37:13.329] [pid:38228] [main] [host-log] (local-1) [host] [2026-09-28 11:37:13.328] [pid:33568] [zcode-host] [rpc:call] coding-plan-subscription.getDynamicWorkflowClientConfig OK (34.6ms)
[Z1 child] [2026-09-28 11:37:13.374] [pid:33568] [settingService] reading settings from: C:\Users\USER\Desktop\Personal\ZCode\.tmp\z1-native-1790566629091-853a39\home\.zcode\v2\setting.json
[Z1 child] [2026-09-28 11:37:13.375] [pid:33568] [settingService] read result: {"recentProjects":[],"locale":"zh-CN","localePreference":"en-US","terminalInheritSystemProfile":true,"embeddedBrowserAllowInsecureCertificates":false,"embeddedBrowserViewportPreference":{"mode":"normal","viewport":{"width":393,"height":852},"zoom":"fit"},"computerUseComposerEntryHidden":true,"taskAutoArchiveEnabled":false,"taskAutoArchiveOlderThanDays":7,"closeToTrayOnWindows":false,"closeToTrayOnWindowsMigrationInitialized":true,"keepAwakeWhileRunning":false,"desktopChromiumHardwareAccelerationEnabled":true,"messageStreamShowReasoning":true,"messageStreamShowReasoningMigrationInitialized":true,"messageStreamShowTodos":false,"toolGroupingExploreEnabled":true,"toolGroupingTerminalEnabled":true,"toolGroupingChangesEnabled":false,"zcodeInteractionBehavior":"queue","askUserQuestionAutoResolutionEnabled":false,"modelIoFullRetentionEnabled":false,"startPlanRecommendationDismissed":false,"providerFamilyConnectionSelections":{},"providerFamilyDomain":"zai","providerFamilyDomainMigrated":true,"nativeSearchEnhancementsEnabled":true,"memoryEnabled":false,"lastWorkspaceSession":[],"lastActiveTabIndex":0,"receivePreviewUpdates":false,"autoDownloadAndInstallUpdates":false,"skippedElectronUpdateVersions":{}}
[Z1 child] [2026-09-28 11:37:13.375] [pid:33568] [settingService] reading settings from: C:\Users\USER\Desktop\Personal\ZCode\.tmp\z1-native-1790566629091-853a39\home\.zcode\v2\setting.json
[Z1 child] [2026-09-28 11:37:13.376] [pid:33568] [settingService] read result: {"recentProjects":[],"locale":"zh-CN","localePreference":"en-US","terminalInheritSystemProfile":true,"embeddedBrowserAllowInsecureCertificates":false,"embeddedBrowserViewportPreference":{"mode":"normal","viewport":{"width":393,"height":852},"zoom":"fit"},"computerUseComposerEntryHidden":true,"taskAutoArchiveEnabled":false,"taskAutoArchiveOlderThanDays":7,"closeToTrayOnWindows":false,"closeToTrayOnWindowsMigrationInitialized":true,"keepAwakeWhileRunning":false,"desktopChromiumHardwareAccelerationEnabled":true,"messageStreamShowReasoning":true,"messageStreamShowReasoningMigrationInitialized":true,"messageStreamShowTodos":false,"toolGroupingExploreEnabled":true,"toolGroupingTerminalEnabled":true,"toolGroupingChangesEnabled":false,"zcodeInteractionBehavior":"queue","askUserQuestionAutoResolutionEnabled":false,"modelIoFullRetentionEnabled":false,"startPlanRecommendationDismissed":false,"providerFamilyConnectionSelections":{},"providerFamilyDomain":"zai","providerFamilyDomainMigrated":true,"nativeSearchEnhancementsEnabled":true,"memoryEnabled":false,"lastWorkspaceSession":[],"lastActiveTabIndex":0,"receivePreviewUpdates":false,"autoDownloadAndInstallUpdates":false,"skippedElectronUpdateVersions":{}}
[Z1 child] [2026-09-28 11:37:13.397] [pid:33568] [settingService] reading settings from: C:\Users\USER\Desktop\Personal\ZCode\.tmp\z1-native-1790566629091-853a39\home\.zcode\v2\setting.json
[Z1 child] [2026-09-28 11:37:13.398] [pid:33568] [settingService] read result: {"recentProjects":[],"locale":"zh-CN","localePreference":"en-US","terminalInheritSystemProfile":true,"embeddedBrowserAllowInsecureCertificates":false,"embeddedBrowserViewportPreference":{"mode":"normal","viewport":{"width":393,"height":852},"zoom":"fit"},"computerUseComposerEntryHidden":true,"taskAutoArchiveEnabled":false,"taskAutoArchiveOlderThanDays":7,"closeToTrayOnWindows":false,"closeToTrayOnWindowsMigrationInitialized":true,"keepAwakeWhileRunning":false,"desktopChromiumHardwareAccelerationEnabled":true,"messageStreamShowReasoning":true,"messageStreamShowReasoningMigrationInitialized":true,"messageStreamShowTodos":false,"toolGroupingExploreEnabled":true,"toolGroupingTerminalEnabled":true,"toolGroupingChangesEnabled":false,"zcodeInteractionBehavior":"queue","askUserQuestionAutoResolutionEnabled":false,"modelIoFullRetentionEnabled":false,"startPlanRecommendationDismissed":false,"providerFamilyConnectionSelections":{},"providerFamilyDomain":"zai","providerFamilyDomainMigrated":true,"nativeSearchEnhancementsEnabled":true,"memoryEnabled":false,"lastWorkspaceSession":[],"lastActiveTabIndex":0,"receivePreviewUpdates":false,"autoDownloadAndInstallUpdates":false,"skippedElectronUpdateVersions":{}}
[Z1 child] [2026-09-28 11:37:13.398] [pid:33568] [node-api-client] zcode endpoint request headers prepared {
  headerKeys: [
    'http-referer',
    'user-agent',
    'x-client-language',
    'x-client-timezone',
    'x-device-mid',
    'x-os-category',
    'x-os-version',
    'x-platform',
    'x-release-channel',
    'x-request-id',
    'x-title',
    'x-zcode-app-version'
  ],
  method: 'GET',
  url: 'http://127.0.0.1:59347/api/v1/client/configs?app_version=3.14.0&platform=windows-x86_64'
}
[Z1 child] [2026-09-28 11:37:13.403] [pid:33568] [settingService] reading settings from: C:\Users\USER\Desktop\Personal\ZCode\.tmp\z1-native-1790566629091-853a39\home\.zcode\v2\setting.json
[Z1 child] [2026-09-28 11:37:13.403] [pid:33568] [settingService] read result: {"recentProjects":[],"locale":"zh-CN","localePreference":"en-US","terminalInheritSystemProfile":true,"embeddedBrowserAllowInsecureCertificates":false,"embeddedBrowserViewportPreference":{"mode":"normal","viewport":{"width":393,"height":852},"zoom":"fit"},"computerUseComposerEntryHidden":true,"taskAutoArchiveEnabled":false,"taskAutoArchiveOlderThanDays":7,"closeToTrayOnWindows":false,"closeToTrayOnWindowsMigrationInitialized":true,"keepAwakeWhileRunning":false,"desktopChromiumHardwareAccelerationEnabled":true,"messageStreamShowReasoning":true,"messageStreamShowReasoningMigrationInitialized":true,"messageStreamShowTodos":false,"toolGroupingExploreEnabled":true,"toolGroupingTerminalEnabled":true,"toolGroupingChangesEnabled":false,"zcodeInteractionBehavior":"queue","askUserQuestionAutoResolutionEnabled":false,"modelIoFullRetentionEnabled":false,"startPlanRecommendationDismissed":false,"providerFamilyConnectionSelections":{},"providerFamilyDomain":"zai","providerFamilyDomainMigrated":true,"nativeSearchEnhancementsEnabled":true,"memoryEnabled":false,"lastWorkspaceSession":[],"lastActiveTabIndex":0,"receivePreviewUpdates":false,"autoDownloadAndInstallUpdates":false,"skippedElectronUpdateVersions":{}}
[Z1 child] [2026-09-28 11:37:13.412] [pid:33568] [settingService] reading settings from: C:\Users\USER\Desktop\Personal\ZCode\.tmp\z1-native-1790566629091-853a39\home\.zcode\v2\setting.json
[Z1 child] [2026-09-28 11:37:13.413] [pid:33568] [settingService] read result: {"recentProjects":[],"locale":"zh-CN","localePreference":"en-US","terminalInheritSystemProfile":true,"embeddedBrowserAllowInsecureCertificates":false,"embeddedBrowserViewportPreference":{"mode":"normal","viewport":{"width":393,"height":852},"zoom":"fit"},"computerUseComposerEntryHidden":true,"taskAutoArchiveEnabled":false,"taskAutoArchiveOlderThanDays":7,"closeToTrayOnWindows":false,"closeToTrayOnWindowsMigrationInitialized":true,"keepAwakeWhileRunning":false,"desktopChromiumHardwareAccelerationEnabled":true,"messageStreamShowReasoning":true,"messageStreamShowReasoningMigrationInitialized":true,"messageStreamShowTodos":false,"toolGroupingExploreEnabled":true,"toolGroupingTerminalEnabled":true,"toolGroupingChangesEnabled":false,"zcodeInteractionBehavior":"queue","askUserQuestionAutoResolutionEnabled":false,"modelIoFullRetentionEnabled":false,"startPlanRecommendationDismissed":false,"providerFamilyConnectionSelections":{},"providerFamilyDomain":"zai","providerFamilyDomainMigrated":true,"nativeSearchEnhancementsEnabled":true,"memoryEnabled":false,"lastWorkspaceSession":[],"lastActiveTabIndex":0,"receivePreviewUpdates":false,"autoDownloadAndInstallUpdates":false,"skippedElectronUpdateVersions":{}}
[Z1 child] [2026-09-28 11:37:13.415] [pid:33568] [settingService] reading settings from: C:\Users\USER\Desktop\Personal\ZCode\.tmp\z1-native-1790566629091-853a39\home\.zcode\v2\setting.json
[Z1 child] [2026-09-28 11:37:13.416] [pid:33568] [settingService] read result: {"recentProjects":[],"locale":"zh-CN","localePreference":"en-US","terminalInheritSystemProfile":true,"embeddedBrowserAllowInsecureCertificates":false,"embeddedBrowserViewportPreference":{"mode":"normal","viewport":{"width":393,"height":852},"zoom":"fit"},"computerUseComposerEntryHidden":true,"taskAutoArchiveEnabled":false,"taskAutoArchiveOlderThanDays":7,"closeToTrayOnWindows":false,"closeToTrayOnWindowsMigrationInitialized":true,"keepAwakeWhileRunning":false,"desktopChromiumHardwareAccelerationEnabled":true,"messageStreamShowReasoning":true,"messageStreamShowReasoningMigrationInitialized":true,"messageStreamShowTodos":false,"toolGroupingExploreEnabled":true,"toolGroupingTerminalEnabled":true,"toolGroupingChangesEnabled":false,"zcodeInteractionBehavior":"queue","askUserQuestionAutoResolutionEnabled":false,"modelIoFullRetentionEnabled":false,"startPlanRecommendationDismissed":false,"providerFamilyConnectionSelections":{},"providerFamilyDomain":"zai","providerFamilyDomainMigrated":true,"nativeSearchEnhancementsEnabled":true,"memoryEnabled":false,"lastWorkspaceSession":[],"lastActiveTabIndex":0,"receivePreviewUpdates":false,"autoDownloadAndInstallUpdates":false,"skippedElectronUpdateVersions":{}}
[Z1 child] [2026-09-28 11:37:13.418] [pid:33568] [settingService] reading settings from: C:\Users\USER\Desktop\Personal\ZCode\.tmp\z1-native-1790566629091-853a39\home\.zcode\v2\setting.json
[Z1 child] [2026-09-28 11:37:13.427] [pid:33568] [settingService] read result: {"recentProjects":[],"locale":"zh-CN","localePreference":"en-US","terminalInheritSystemProfile":true,"embeddedBrowserAllowInsecureCertificates":false,"embeddedBrowserViewportPreference":{"mode":"normal","viewport":{"width":393,"height":852},"zoom":"fit"},"computerUseComposerEntryHidden":true,"taskAutoArchiveEnabled":false,"taskAutoArchiveOlderThanDays":7,"closeToTrayOnWindows":false,"closeToTrayOnWindowsMigrationInitialized":true,"keepAwakeWhileRunning":false,"desktopChromiumHardwareAccelerationEnabled":true,"messageStreamShowReasoning":true,"messageStreamShowReasoningMigrationInitialized":true,"messageStreamShowTodos":false,"toolGroupingExploreEnabled":true,"toolGroupingTerminalEnabled":true,"toolGroupingChangesEnabled":false,"zcodeInteractionBehavior":"queue","askUserQuestionAutoResolutionEnabled":false,"modelIoFullRetentionEnabled":false,"startPlanRecommendationDismissed":false,"providerFamilyConnectionSelections":{},"providerFamilyDomain":"zai","providerFamilyDomainMigrated":true,"nativeSearchEnhancementsEnabled":true,"memoryEnabled":false,"lastWorkspaceSession":[],"lastActiveTabIndex":0,"receivePreviewUpdates":false,"autoDownloadAndInstallUpdates":false,"skippedElectronUpdateVersions":{}}
[Z1 child] [2026-09-28 11:37:13.428] [pid:33568] [settingService] reading settings from: C:\Users\USER\Desktop\Personal\ZCode\.tmp\z1-native-1790566629091-853a39\home\.zcode\v2\setting.json
[Z1 child] [2026-09-28 11:37:13.429] [pid:33568] [settingService] read result: {"recentProjects":[],"locale":"zh-CN","localePreference":"en-US","terminalInheritSystemProfile":true,"embeddedBrowserAllowInsecureCertificates":false,"embeddedBrowserViewportPreference":{"mode":"normal","viewport":{"width":393,"height":852},"zoom":"fit"},"computerUseComposerEntryHidden":true,"taskAutoArchiveEnabled":false,"taskAutoArchiveOlderThanDays":7,"closeToTrayOnWindows":false,"closeToTrayOnWindowsMigrationInitialized":true,"keepAwakeWhileRunning":false,"desktopChromiumHardwareAccelerationEnabled":true,"messageStreamShowReasoning":true,"messageStreamShowReasoningMigrationInitialized":true,"messageStreamShowTodos":false,"toolGroupingExploreEnabled":true,"toolGroupingTerminalEnabled":true,"toolGroupingChangesEnabled":false,"zcodeInteractionBehavior":"queue","askUserQuestionAutoResolutionEnabled":false,"modelIoFullRetentionEnabled":false,"startPlanRecommendationDismissed":false,"providerFamilyConnectionSelections":{},"providerFamilyDomain":"zai","providerFamilyDomainMigrated":true,"nativeSearchEnhancementsEnabled":true,"memoryEnabled":false,"lastWorkspaceSession":[],"lastActiveTabIndex":0,"receivePreviewUpdates":false,"autoDownloadAndInstallUpdates":false,"skippedElectronUpdateVersions":{}}
[Z1 child] [2026-09-28 11:37:13.429] [pid:33568] [provider-config] ZCode Built-in 刷新检查 { result: 'missing' }
[Z1 child] [2026-09-28 11:37:13.454] [pid:33568] [provider-runtime][trace:Provider Registry 已就绪] {
  configRevision: '["zcode-builtin:30:37c98f52e012152b51539b4ea6fe2c350a5f2b4114b25ca418c856605544cc9d","ea244107c0fe7125772970e6e811d4af134de13f30331886f13b702c928e85f5"]',
  providerCount: 1
}
[2026-09-28 11:37:13.454] [pid:38228] [main] [host-log] (local-1) [host] [2026-09-28 11:37:13.454] [pid:33568] [provider-runtime][trace:Provider Registry 已就绪] {"configRevision":"[\"zcode-builtin:30:37c98f52e012152b51539b4ea6fe2c350a5f2b4114b25ca418c856605544cc9d\",\"ea244107c0fe7125772970e6e811d4af134de13f30331886f13b702c928e85f5\"]","providerCount":1}
[Z1 child] [2026-09-28 11:37:13.454] [pid:33568] [settingService] reading settings from: C:\Users\USER\Desktop\Personal\ZCode\.tmp\z1-native-1790566629091-853a39\home\.zcode\v2\setting.json
[2026-09-28 11:37:13.454] [pid:33568] [zcode-host] [rpc:call] provider-settings.getView OK (160.4ms)
[2026-09-28 11:37:13.454] [pid:33568] [zcode-host] [rpc:call] provider-settings.getView OK (158.8ms)
[2026-09-28 11:37:13.455] [pid:38228] [main] [host-log] (local-1) [host] [2026-09-28 11:37:13.454] [pid:33568] [zcode-host] [rpc:call] provider-settings.getView OK (160.4ms)
[2026-09-28 11:37:13.456] [pid:38228] [main] [host-log] (local-1) [host] [2026-09-28 11:37:13.454] [pid:33568] [zcode-host] [rpc:call] provider-settings.getView OK (158.8ms)
[Z1 child] [2026-09-28 11:37:13.457] [pid:33568] [zcode-agent] ZCode agent command resolved {
  workspaceKey: 'C:\\Users\\USER\\Desktop\\Personal\\ZCode\\.tmp\\z1-native-1790566629091-853a39\\workspace',
  command: 'C:\\Users\\USER\\Desktop\\Personal\\ZCode\\node_modules\\electron\\dist\\electron.exe',
  effectiveCommand: 'C:\\Users\\USER\\Desktop\\Personal\\ZCode\\node_modules\\electron\\dist\\electron.exe',
  resolveCommandDurationMs: 1
}
[2026-09-28 11:37:13.457] [pid:38228] [main] [host-log] (local-1) [host] [2026-09-28 11:37:13.457] [pid:33568] [zcode-agent] ZCode agent command resolved {"workspaceKey":"C:\\Users\\USER\\Desktop\\Personal\\ZCode\\.tmp\\z1-native-1790566629091-853a39\\workspace","command":"C:\\Users\\USER\\Desktop\\Personal\\ZCode\\node_modules\\electron\\dist\\electron.exe","effectiveCommand":"C:\\Users\\USER\\Desktop\\Personal\\ZCode\\node_modules\\electron\\dist\\electron.exe","resolveCommandDurationMs":1}
[2026-09-28 11:37:13.458] [pid:38228] [main] [host-log] (local-1) [host] [2026-09-28 11:37:13.458] [pid:33568] [zcode-host] [rpc:call] model-selection.getView OK (164.5ms)
[Z1 child] [2026-09-28 11:37:13.457] [pid:33568] [settingService] reading settings from: C:\Users\USER\Desktop\Personal\ZCode\.tmp\z1-native-1790566629091-853a39\home\.zcode\v2\setting.json
[2026-09-28 11:37:13.458] [pid:33568] [settingService] read result: {"recentProjects":[],"locale":"zh-CN","localePreference":"en-US","terminalInheritSystemProfile":true,"embeddedBrowserAllowInsecureCertificates":false,"embeddedBrowserViewportPreference":{"mode":"normal","viewport":{"width":393,"height":852},"zoom":"fit"},"computerUseComposerEntryHidden":true,"taskAutoArchiveEnabled":false,"taskAutoArchiveOlderThanDays":7,"closeToTrayOnWindows":false,"closeToTrayOnWindowsMigrationInitialized":true,"keepAwakeWhileRunning":false,"desktopChromiumHardwareAccelerationEnabled":true,"messageStreamShowReasoning":true,"messageStreamShowReasoningMigrationInitialized":true,"messageStreamShowTodos":false,"toolGroupingExploreEnabled":true,"toolGroupingTerminalEnabled":true,"toolGroupingChangesEnabled":false,"zcodeInteractionBehavior":"queue","askUserQuestionAutoResolutionEnabled":false,"modelIoFullRetentionEnabled":false,"startPlanRecommendationDismissed":false,"providerFamilyConnectionSelections":{},"providerFamilyDomain":"zai","providerFamilyDomainMigrated":true,"nativeSearchEnhancementsEnabled":true,"memoryEnabled":false,"lastWorkspaceSession":[],"lastActiveTabIndex":0,"receivePreviewUpdates":false,"autoDownloadAndInstallUpdates":false,"skippedElectronUpdateVersions":{}}
[2026-09-28 11:37:13.458] [pid:33568] [settingService] reading settings from: C:\Users\USER\Desktop\Personal\ZCode\.tmp\z1-native-1790566629091-853a39\home\.zcode\v2\setting.json
[2026-09-28 11:37:13.458] [pid:33568] [zcode-host] [rpc:call] model-selection.getView OK (164.5ms)
[2026-09-28 11:37:13.459] [pid:33568] [zcode-host] [rpc:call] credential.load OK (0.7ms)
[2026-09-28 11:37:13.459] [pid:33568] [zcode-host] [rpc:call] credential.load OK (0.8ms)
[2026-09-28 11:37:13.460] [pid:38228] [main] [host-log] (local-1) [host] [2026-09-28 11:37:13.459] [pid:33568] [zcode-host] [rpc:call] credential.load OK (0.7ms)
[2026-09-28 11:37:13.460] [pid:38228] [main] [host-log] (local-1) [host] [2026-09-28 11:37:13.459] [pid:33568] [zcode-host] [rpc:call] credential.load OK (0.8ms)
[Z1 child] [2026-09-28 11:37:13.460] [pid:33568] [settingService] read result: {"recentProjects":[],"locale":"zh-CN","localePreference":"en-US","terminalInheritSystemProfile":true,"embeddedBrowserAllowInsecureCertificates":false,"embeddedBrowserViewportPreference":{"mode":"normal","viewport":{"width":393,"height":852},"zoom":"fit"},"computerUseComposerEntryHidden":true,"taskAutoArchiveEnabled":false,"taskAutoArchiveOlderThanDays":7,"closeToTrayOnWindows":false,"closeToTrayOnWindowsMigrationInitialized":true,"keepAwakeWhileRunning":false,"desktopChromiumHardwareAccelerationEnabled":true,"messageStreamShowReasoning":true,"messageStreamShowReasoningMigrationInitialized":true,"messageStreamShowTodos":false,"toolGroupingExploreEnabled":true,"toolGroupingTerminalEnabled":true,"toolGroupingChangesEnabled":false,"zcodeInteractionBehavior":"queue","askUserQuestionAutoResolutionEnabled":false,"modelIoFullRetentionEnabled":false,"startPlanRecommendationDismissed":false,"providerFamilyConnectionSelections":{},"providerFamilyDomain":"zai","providerFamilyDomainMigrated":true,"nativeSearchEnhancementsEnabled":true,"memoryEnabled":false,"lastWorkspaceSession":[],"lastActiveTabIndex":0,"receivePreviewUpdates":false,"autoDownloadAndInstallUpdates":false,"skippedElectronUpdateVersions":{}}
[2026-09-28 11:37:13.460] [pid:33568] [settingService] read result: {"recentProjects":[],"locale":"zh-CN","localePreference":"en-US","terminalInheritSystemProfile":true,"embeddedBrowserAllowInsecureCertificates":false,"embeddedBrowserViewportPreference":{"mode":"normal","viewport":{"width":393,"height":852},"zoom":"fit"},"computerUseComposerEntryHidden":true,"taskAutoArchiveEnabled":false,"taskAutoArchiveOlderThanDays":7,"closeToTrayOnWindows":false,"closeToTrayOnWindowsMigrationInitialized":true,"keepAwakeWhileRunning":false,"desktopChromiumHardwareAccelerationEnabled":true,"messageStreamShowReasoning":true,"messageStreamShowReasoningMigrationInitialized":true,"messageStreamShowTodos":false,"toolGroupingExploreEnabled":true,"toolGroupingTerminalEnabled":true,"toolGroupingChangesEnabled":false,"zcodeInteractionBehavior":"queue","askUserQuestionAutoResolutionEnabled":false,"modelIoFullRetentionEnabled":false,"startPlanRecommendationDismissed":false,"providerFamilyConnectionSelections":{},"providerFamilyDomain":"zai","providerFamilyDomainMigrated":true,"nativeSearchEnhancementsEnabled":true,"memoryEnabled":false,"lastWorkspaceSession":[],"lastActiveTabIndex":0,"receivePreviewUpdates":false,"autoDownloadAndInstallUpdates":false,"skippedElectronUpdateVersions":{}}
[2026-09-28 11:37:13.461] [pid:33568] [zcode-agent] ZCode agent process start already in progress {
  workspaceKey: 'C:\\Users\\USER\\Desktop\\Personal\\ZCode\\.tmp\\z1-native-1790566629091-853a39\\workspace'
}
[2026-09-28 11:37:13.462] [pid:38228] [main] [host-log] (local-1) [host] [2026-09-28 11:37:13.461] [pid:33568] [zcode-agent] ZCode agent process start already in progress {"workspaceKey":"C:\\Users\\USER\\Desktop\\Personal\\ZCode\\.tmp\\z1-native-1790566629091-853a39\\workspace"}
[Z1 child] [2026-09-28 11:37:13.464] [pid:33568] [settingService] reading settings from: C:\Users\USER\Desktop\Personal\ZCode\.tmp\z1-native-1790566629091-853a39\home\.zcode\v2\setting.json
[Z1 child] [2026-09-28 11:37:13.464] [pid:33568] [cua-product-helper] Windows CUA Helper runtime resolution failed {
  reason: 'invalid-runtime-manifest',
  artifact: 'runtime-manifest.json',
  errorName: 'WindowsCuaDevRuntimeResolutionError',
  message: 'Windows CUA packaged runtime has an invalid runtime-manifest.json.'
}
[2026-09-28 11:37:13.465] [pid:38228] [main] [host-log] (local-1) [host] [2026-09-28 11:37:13.464] [pid:33568] [cua-product-helper] Windows CUA Helper runtime resolution failed {"reason":"invalid-runtime-manifest","artifact":"runtime-manifest.json","errorName":"WindowsCuaDevRuntimeResolutionError","message":"Windows CUA packaged runtime has an invalid runtime-manifest.json."}
[Z1 child] [2026-09-28 11:37:13.464] [pid:33568] [cua-product-helper] Computer Use Helper broker_unavailable; disabling workspace zcode-cua MCP server for this agent spawn (Windows CUA packaged runtime has an invalid runtime-manifest.json.)
[Z1 child] [2026-09-28 11:37:13.465] [pid:33568] [settingService] reading settings from: C:\Users\USER\Desktop\Personal\ZCode\.tmp\z1-native-1790566629091-853a39\home\.zcode\v2\setting.json
[2026-09-28 11:37:13.466] [pid:38228] [main] [host-log] (local-1) [host] [2026-09-28 11:37:13.464] [pid:33568] [cua-product-helper] Computer Use Helper broker_unavailable; disabling workspace zcode-cua MCP server for this agent spawn (Windows CUA packaged runtime has an invalid runtime-manifest.json.)
[Z1 child] [2026-09-28 11:37:13.467] [pid:33568] [settingService] read result: {"recentProjects":[],"locale":"zh-CN","localePreference":"en-US","terminalInheritSystemProfile":true,"embeddedBrowserAllowInsecureCertificates":false,"embeddedBrowserViewportPreference":{"mode":"normal","viewport":{"width":393,"height":852},"zoom":"fit"},"computerUseComposerEntryHidden":true,"taskAutoArchiveEnabled":false,"taskAutoArchiveOlderThanDays":7,"closeToTrayOnWindows":false,"closeToTrayOnWindowsMigrationInitialized":true,"keepAwakeWhileRunning":false,"desktopChromiumHardwareAccelerationEnabled":true,"messageStreamShowReasoning":true,"messageStreamShowReasoningMigrationInitialized":true,"messageStreamShowTodos":false,"toolGroupingExploreEnabled":true,"toolGroupingTerminalEnabled":true,"toolGroupingChangesEnabled":false,"zcodeInteractionBehavior":"queue","askUserQuestionAutoResolutionEnabled":false,"modelIoFullRetentionEnabled":false,"startPlanRecommendationDismissed":false,"providerFamilyConnectionSelections":{},"providerFamilyDomain":"zai","providerFamilyDomainMigrated":true,"nativeSearchEnhancementsEnabled":true,"memoryEnabled":false,"lastWorkspaceSession":[],"lastActiveTabIndex":0,"receivePreviewUpdates":false,"autoDownloadAndInstallUpdates":false,"skippedElectronUpdateVersions":{}}
[2026-09-28 11:37:13.467] [pid:33568] [zcode-host] [rpc:call] setting.get OK (2.9ms)
[2026-09-28 11:37:13.467] [pid:38228] [main] [host-log] (local-1) [host] [2026-09-28 11:37:13.467] [pid:33568] [zcode-host] [rpc:call] setting.get OK (2.9ms)
[Z1 child] [2026-09-28 11:37:13.467] [pid:33568] [settingService] read result: {"recentProjects":[],"locale":"zh-CN","localePreference":"en-US","terminalInheritSystemProfile":true,"embeddedBrowserAllowInsecureCertificates":false,"embeddedBrowserViewportPreference":{"mode":"normal","viewport":{"width":393,"height":852},"zoom":"fit"},"computerUseComposerEntryHidden":true,"taskAutoArchiveEnabled":false,"taskAutoArchiveOlderThanDays":7,"closeToTrayOnWindows":false,"closeToTrayOnWindowsMigrationInitialized":true,"keepAwakeWhileRunning":false,"desktopChromiumHardwareAccelerationEnabled":true,"messageStreamShowReasoning":true,"messageStreamShowReasoningMigrationInitialized":true,"messageStreamShowTodos":false,"toolGroupingExploreEnabled":true,"toolGroupingTerminalEnabled":true,"toolGroupingChangesEnabled":false,"zcodeInteractionBehavior":"queue","askUserQuestionAutoResolutionEnabled":false,"modelIoFullRetentionEnabled":false,"startPlanRecommendationDismissed":false,"providerFamilyConnectionSelections":{},"providerFamilyDomain":"zai","providerFamilyDomainMigrated":true,"nativeSearchEnhancementsEnabled":true,"memoryEnabled":false,"lastWorkspaceSession":[],"lastActiveTabIndex":0,"receivePreviewUpdates":false,"autoDownloadAndInstallUpdates":false,"skippedElectronUpdateVersions":{}}
[2026-09-28 11:37:13.467] [pid:33568] [settingService] reading settings from: C:\Users\USER\Desktop\Personal\ZCode\.tmp\z1-native-1790566629091-853a39\home\.zcode\v2\setting.json
[Z1 child] [2026-09-28 11:37:13.469] [pid:33568] [settingService] read result: {"recentProjects":[],"locale":"zh-CN","localePreference":"en-US","terminalInheritSystemProfile":true,"embeddedBrowserAllowInsecureCertificates":false,"embeddedBrowserViewportPreference":{"mode":"normal","viewport":{"width":393,"height":852},"zoom":"fit"},"computerUseComposerEntryHidden":true,"taskAutoArchiveEnabled":false,"taskAutoArchiveOlderThanDays":7,"closeToTrayOnWindows":false,"closeToTrayOnWindowsMigrationInitialized":true,"keepAwakeWhileRunning":false,"desktopChromiumHardwareAccelerationEnabled":true,"messageStreamShowReasoning":true,"messageStreamShowReasoningMigrationInitialized":true,"messageStreamShowTodos":false,"toolGroupingExploreEnabled":true,"toolGroupingTerminalEnabled":true,"toolGroupingChangesEnabled":false,"zcodeInteractionBehavior":"queue","askUserQuestionAutoResolutionEnabled":false,"modelIoFullRetentionEnabled":false,"startPlanRecommendationDismissed":false,"providerFamilyConnectionSelections":{},"providerFamilyDomain":"zai","providerFamilyDomainMigrated":true,"nativeSearchEnhancementsEnabled":true,"memoryEnabled":false,"lastWorkspaceSession":[],"lastActiveTabIndex":0,"receivePreviewUpdates":false,"autoDownloadAndInstallUpdates":false,"skippedElectronUpdateVersions":{}}
[Z1 child] [2026-09-28 11:37:13.471] [pid:33568] [zcode-host] [rpc:call] file.ensureConversationWorkspace OK (3.1ms)
[2026-09-28 11:37:13.471] [pid:38228] [main] [host-log] (local-1) [host] [2026-09-28 11:37:13.471] [pid:33568] [zcode-host] [rpc:call] file.ensureConversationWorkspace OK (3.1ms)
[2026-09-28 11:37:13.472] [pid:38228] [main] [host-log] (local-1) [host] [2026-09-28 11:37:13.471] [pid:33568] [zcode-agent] ZCode agent spawn preflight {"workspaceKey":"C:\\Users\\USER\\Desktop\\Personal\\ZCode\\.tmp\\z1-native-1790566629091-853a39\\workspace","spawnPreflight":{"command":"C:\\Users\\USER\\Desktop\\Personal\\ZCode\\node_modules\\electron\\dist\\electron.exe","args":["C:\\Users\\USER\\Desktop\\Personal\\ZCode\\apps\\zcode-cli\\packages\\cli\\dist\\zcode.cjs","app-server","--stdio"],"requestedCwd":"C:\\Users\\USER\\Desktop\\Personal\\ZCode\\.tmp\\z1-native-1790566629091-853a39\\workspace","cwd":"C:\\Users\\USER\\Desktop\\Personal\\ZCode\\.tmp\\z1-native-1790566629091-853a39\\workspace","cwdSource":"command","commandPathKind":"absolute","commandExists":true,"cwdExists":true}}
[Z1 child] [2026-09-28 11:37:13.471] [pid:33568] [zcode-agent] ZCode agent spawn preflight {
  workspaceKey: 'C:\\Users\\USER\\Desktop\\Personal\\ZCode\\.tmp\\z1-native-1790566629091-853a39\\workspace',
  spawnPreflight: {
    command: 'C:\\Users\\USER\\Desktop\\Personal\\ZCode\\node_modules\\electron\\dist\\electron.exe',
    args: [
      'C:\\Users\\USER\\Desktop\\Personal\\ZCode\\apps\\zcode-cli\\packages\\cli\\dist\\zcode.cjs',
      'app-server',
      '--stdio'
    ],
    requestedCwd: 'C:\\Users\\USER\\Desktop\\Personal\\ZCode\\.tmp\\z1-native-1790566629091-853a39\\workspace',
    cwd: 'C:\\Users\\USER\\Desktop\\Personal\\ZCode\\.tmp\\z1-native-1790566629091-853a39\\workspace',
    cwdSource: 'command',
    commandPathKind: 'absolute',
    commandExists: true,
    cwdExists: true
  }
}
[2026-09-28 11:37:13.473] [pid:38228] [main] [task-realtime] updated host workspace scopes {
  hostId: '18678122-8a2c-4da7-95cf-c9e62785529c',
  workspaceKeyCount: 1
}
[2026-09-28 11:37:13.477] [pid:38228] [main] [task-realtime] updated host workspace scopes {
  hostId: '18678122-8a2c-4da7-95cf-c9e62785529c',
  workspaceKeyCount: 2
}
[Z1 child] [2026-09-28 11:37:13.482] [pid:33568] [zcode-agent] ZCode agent process start wait completed {
  workspaceKey: 'C:\\Users\\USER\\Desktop\\Personal\\ZCode\\.tmp\\z1-native-1790566629091-853a39\\workspace',
  durationMs: 21
}
[2026-09-28 11:37:13.483] [pid:38228] [main] [host-log] (local-1) [host] [2026-09-28 11:37:13.482] [pid:33568] [zcode-agent] ZCode agent process start wait completed {"workspaceKey":"C:\\Users\\USER\\Desktop\\Personal\\ZCode\\.tmp\\z1-native-1790566629091-853a39\\workspace","durationMs":21}
[2026-09-28 11:37:13.485] [pid:38228] [main] [stability] perf_agent_start reported {
  pid: 19884,
  runtimeGeneration: 1,
  runtimeInstanceId: 'agent-42123165-9e9c-4888-b23e-99fef3eb5a24'
}
[Z1 child] [2026-09-28 11:37:13.484] [pid:33568] [zcode-agent] ZCode agent process started {
  workspaceKey: 'C:\\Users\\USER\\Desktop\\Personal\\ZCode\\.tmp\\z1-native-1790566629091-853a39\\workspace',
  command: 'C:\\Users\\USER\\Desktop\\Personal\\ZCode\\node_modules\\electron\\dist\\electron.exe',
  cwd: 'C:\\Users\\USER\\Desktop\\Personal\\ZCode\\.tmp\\z1-native-1790566629091-853a39\\workspace',
  pid: 19884,
  durationMs: 28
}
[2026-09-28 11:37:13.484] [pid:33568] [settingService] reading settings from: C:\Users\USER\Desktop\Personal\ZCode\.tmp\z1-native-1790566629091-853a39\home\.zcode\v2\setting.json
[2026-09-28 11:37:13.485] [pid:33568] [zcode-host] [rpc:call] onboarding-record.claimAnonymousRecord OK (0.4ms)
[2026-09-28 11:37:13.486] [pid:38228] [main] [host-log] (local-1) [host] [2026-09-28 11:37:13.484] [pid:33568] [zcode-agent] ZCode agent process started {"workspaceKey":"C:\\Users\\USER\\Desktop\\Personal\\ZCode\\.tmp\\z1-native-1790566629091-853a39\\workspace","command":"C:\\Users\\USER\\Desktop\\Personal\\ZCode\\node_modules\\electron\\dist\\electron.exe","cwd":"C:\\Users\\USER\\Desktop\\Personal\\ZCode\\.tmp\\z1-native-1790566629091-853a39\\workspace","pid":19884,"durationMs":28}
[2026-09-28 11:37:13.487] [pid:38228] [main] [host-log] (local-1) [host] [2026-09-28 11:37:13.485] [pid:33568] [zcode-host] [rpc:call] onboarding-record.claimAnonymousRecord OK (0.4ms)
[Z1 child] [2026-09-28 11:37:13.486] [pid:33568] [zcode-host] [rpc:call] onboarding-record.getLatestEntry OK (0.9ms)
[2026-09-28 11:37:13.487] [pid:38228] [main] [host-log] (local-1) [host] [2026-09-28 11:37:13.486] [pid:33568] [zcode-host] [rpc:call] onboarding-record.getLatestEntry OK (0.9ms)
[Z1 child] [2026-09-28 11:37:13.492] [pid:33568] [settingService] read result: {"recentProjects":[],"locale":"zh-CN","localePreference":"en-US","terminalInheritSystemProfile":true,"embeddedBrowserAllowInsecureCertificates":false,"embeddedBrowserViewportPreference":{"mode":"normal","viewport":{"width":393,"height":852},"zoom":"fit"},"computerUseComposerEntryHidden":true,"taskAutoArchiveEnabled":false,"taskAutoArchiveOlderThanDays":7,"closeToTrayOnWindows":false,"closeToTrayOnWindowsMigrationInitialized":true,"keepAwakeWhileRunning":false,"desktopChromiumHardwareAccelerationEnabled":true,"messageStreamShowReasoning":true,"messageStreamShowReasoningMigrationInitialized":true,"messageStreamShowTodos":false,"toolGroupingExploreEnabled":true,"toolGroupingTerminalEnabled":true,"toolGroupingChangesEnabled":false,"zcodeInteractionBehavior":"queue","askUserQuestionAutoResolutionEnabled":false,"modelIoFullRetentionEnabled":false,"startPlanRecommendationDismissed":false,"providerFamilyConnectionSelections":{},"providerFamilyDomain":"zai","providerFamilyDomainMigrated":true,"nativeSearchEnhancementsEnabled":true,"memoryEnabled":false,"lastWorkspaceSession":[],"lastActiveTabIndex":0,"receivePreviewUpdates":false,"autoDownloadAndInstallUpdates":false,"skippedElectronUpdateVersions":{}}
[Z1 child] [2026-09-28 11:37:13.492] [pid:33568] [zcode-host] [rpc:call] setting.get OK (7.9ms)
[2026-09-28 11:37:13.493] [pid:38228] [main] [host-log] (local-1) [host] [2026-09-28 11:37:13.492] [pid:33568] [zcode-host] [rpc:call] setting.get OK (7.9ms)
[Z1 child] [2026-09-28 11:37:13.498] [pid:33568] [zcode-host] [rpc:call] onboarding-record.shouldOnboard OK (12.3ms)
[2026-09-28 11:37:13.498] [pid:38228] [main] [host-log] (local-1) [host] [2026-09-28 11:37:13.498] [pid:33568] [zcode-host] [rpc:call] onboarding-record.shouldOnboard OK (12.3ms)
[Z1 child] [2026-09-28 11:37:13.498] [pid:33568] [settingService] reading settings from: C:\Users\USER\Desktop\Personal\ZCode\.tmp\z1-native-1790566629091-853a39\home\.zcode\v2\setting.json
[Z1 child] [2026-09-28 11:37:13.502] [pid:33568] [settingService] read result: {"recentProjects":[],"locale":"zh-CN","localePreference":"en-US","terminalInheritSystemProfile":true,"embeddedBrowserAllowInsecureCertificates":false,"embeddedBrowserViewportPreference":{"mode":"normal","viewport":{"width":393,"height":852},"zoom":"fit"},"computerUseComposerEntryHidden":true,"taskAutoArchiveEnabled":false,"taskAutoArchiveOlderThanDays":7,"closeToTrayOnWindows":false,"closeToTrayOnWindowsMigrationInitialized":true,"keepAwakeWhileRunning":false,"desktopChromiumHardwareAccelerationEnabled":true,"messageStreamShowReasoning":true,"messageStreamShowReasoningMigrationInitialized":true,"messageStreamShowTodos":false,"toolGroupingExploreEnabled":true,"toolGroupingTerminalEnabled":true,"toolGroupingChangesEnabled":false,"zcodeInteractionBehavior":"queue","askUserQuestionAutoResolutionEnabled":false,"modelIoFullRetentionEnabled":false,"startPlanRecommendationDismissed":false,"providerFamilyConnectionSelections":{},"providerFamilyDomain":"zai","providerFamilyDomainMigrated":true,"nativeSearchEnhancementsEnabled":true,"memoryEnabled":false,"lastWorkspaceSession":[],"lastActiveTabIndex":0,"receivePreviewUpdates":false,"autoDownloadAndInstallUpdates":false,"skippedElectronUpdateVersions":{}}
[Z1 child] [2026-09-28 11:37:13.505] [pid:33568] [settingService] reading settings from: C:\Users\USER\Desktop\Personal\ZCode\.tmp\z1-native-1790566629091-853a39\home\.zcode\v2\setting.json
[Z1 child] [2026-09-28 11:37:13.505] [pid:33568] [settingService] read result: {"recentProjects":[],"locale":"zh-CN","localePreference":"en-US","terminalInheritSystemProfile":true,"embeddedBrowserAllowInsecureCertificates":false,"embeddedBrowserViewportPreference":{"mode":"normal","viewport":{"width":393,"height":852},"zoom":"fit"},"computerUseComposerEntryHidden":true,"taskAutoArchiveEnabled":false,"taskAutoArchiveOlderThanDays":7,"closeToTrayOnWindows":false,"closeToTrayOnWindowsMigrationInitialized":true,"keepAwakeWhileRunning":false,"desktopChromiumHardwareAccelerationEnabled":true,"messageStreamShowReasoning":true,"messageStreamShowReasoningMigrationInitialized":true,"messageStreamShowTodos":false,"toolGroupingExploreEnabled":true,"toolGroupingTerminalEnabled":true,"toolGroupingChangesEnabled":false,"zcodeInteractionBehavior":"queue","askUserQuestionAutoResolutionEnabled":false,"modelIoFullRetentionEnabled":false,"startPlanRecommendationDismissed":false,"providerFamilyConnectionSelections":{},"providerFamilyDomain":"zai","providerFamilyDomainMigrated":true,"nativeSearchEnhancementsEnabled":true,"memoryEnabled":false,"lastWorkspaceSession":[],"lastActiveTabIndex":0,"receivePreviewUpdates":false,"autoDownloadAndInstallUpdates":false,"skippedElectronUpdateVersions":{}}
[Z1 child] [2026-09-28 11:37:13.506] [pid:33568] [settingService] reading settings from: C:\Users\USER\Desktop\Personal\ZCode\.tmp\z1-native-1790566629091-853a39\home\.zcode\v2\setting.json
[Z1 child] [2026-09-28 11:37:13.506] [pid:33568] [settingService] read result: {"recentProjects":[],"locale":"zh-CN","localePreference":"en-US","terminalInheritSystemProfile":true,"embeddedBrowserAllowInsecureCertificates":false,"embeddedBrowserViewportPreference":{"mode":"normal","viewport":{"width":393,"height":852},"zoom":"fit"},"computerUseComposerEntryHidden":true,"taskAutoArchiveEnabled":false,"taskAutoArchiveOlderThanDays":7,"closeToTrayOnWindows":false,"closeToTrayOnWindowsMigrationInitialized":true,"keepAwakeWhileRunning":false,"desktopChromiumHardwareAccelerationEnabled":true,"messageStreamShowReasoning":true,"messageStreamShowReasoningMigrationInitialized":true,"messageStreamShowTodos":false,"toolGroupingExploreEnabled":true,"toolGroupingTerminalEnabled":true,"toolGroupingChangesEnabled":false,"zcodeInteractionBehavior":"queue","askUserQuestionAutoResolutionEnabled":false,"modelIoFullRetentionEnabled":false,"startPlanRecommendationDismissed":false,"providerFamilyConnectionSelections":{},"providerFamilyDomain":"zai","providerFamilyDomainMigrated":true,"nativeSearchEnhancementsEnabled":true,"memoryEnabled":false,"lastWorkspaceSession":[],"lastActiveTabIndex":0,"receivePreviewUpdates":false,"autoDownloadAndInstallUpdates":false,"skippedElectronUpdateVersions":{}}
[Z1 child] [2026-09-28 11:37:13.506] [pid:33568] [settingService] reading settings from: C:\Users\USER\Desktop\Personal\ZCode\.tmp\z1-native-1790566629091-853a39\home\.zcode\v2\setting.json
[Z1 child] [2026-09-28 11:37:13.507] [pid:33568] [settingService] read result: {"recentProjects":[],"locale":"zh-CN","localePreference":"en-US","terminalInheritSystemProfile":true,"embeddedBrowserAllowInsecureCertificates":false,"embeddedBrowserViewportPreference":{"mode":"normal","viewport":{"width":393,"height":852},"zoom":"fit"},"computerUseComposerEntryHidden":true,"taskAutoArchiveEnabled":false,"taskAutoArchiveOlderThanDays":7,"closeToTrayOnWindows":false,"closeToTrayOnWindowsMigrationInitialized":true,"keepAwakeWhileRunning":false,"desktopChromiumHardwareAccelerationEnabled":true,"messageStreamShowReasoning":true,"messageStreamShowReasoningMigrationInitialized":true,"messageStreamShowTodos":false,"toolGroupingExploreEnabled":true,"toolGroupingTerminalEnabled":true,"toolGroupingChangesEnabled":false,"zcodeInteractionBehavior":"queue","askUserQuestionAutoResolutionEnabled":false,"modelIoFullRetentionEnabled":false,"startPlanRecommendationDismissed":false,"providerFamilyConnectionSelections":{},"providerFamilyDomain":"zai","providerFamilyDomainMigrated":true,"nativeSearchEnhancementsEnabled":true,"memoryEnabled":false,"lastWorkspaceSession":[],"lastActiveTabIndex":0,"receivePreviewUpdates":false,"autoDownloadAndInstallUpdates":false,"skippedElectronUpdateVersions":{}}
[Z1 child] [2026-09-28 11:37:13.507] [pid:33568] [node-api-client] zcode endpoint request headers prepared {
  headerKeys: [
    'http-referer',
    'user-agent',
    'x-client-language',
    'x-client-timezone',
    'x-device-mid',
    'x-os-category',
    'x-os-version',
    'x-platform',
    'x-release-channel',
    'x-request-id',
    'x-title',
    'x-zcode-app-version'
  ],
  method: 'GET',
  url: 'http://127.0.0.1:59347/api/v1/client/configs?app_version=3.14.0&platform=windows-x86_64'
}
[Z1 child] [2026-09-28 11:37:13.508] [pid:33568] [settingService] reading settings from: C:\Users\USER\Desktop\Personal\ZCode\.tmp\z1-native-1790566629091-853a39\home\.zcode\v2\setting.json
[Z1 child] [2026-09-28 11:37:13.510] [pid:33568] [settingService] read result: {"recentProjects":[],"locale":"zh-CN","localePreference":"en-US","terminalInheritSystemProfile":true,"embeddedBrowserAllowInsecureCertificates":false,"embeddedBrowserViewportPreference":{"mode":"normal","viewport":{"width":393,"height":852},"zoom":"fit"},"computerUseComposerEntryHidden":true,"taskAutoArchiveEnabled":false,"taskAutoArchiveOlderThanDays":7,"closeToTrayOnWindows":false,"closeToTrayOnWindowsMigrationInitialized":true,"keepAwakeWhileRunning":false,"desktopChromiumHardwareAccelerationEnabled":true,"messageStreamShowReasoning":true,"messageStreamShowReasoningMigrationInitialized":true,"messageStreamShowTodos":false,"toolGroupingExploreEnabled":true,"toolGroupingTerminalEnabled":true,"toolGroupingChangesEnabled":false,"zcodeInteractionBehavior":"queue","askUserQuestionAutoResolutionEnabled":false,"modelIoFullRetentionEnabled":false,"startPlanRecommendationDismissed":false,"providerFamilyConnectionSelections":{},"providerFamilyDomain":"zai","providerFamilyDomainMigrated":true,"nativeSearchEnhancementsEnabled":true,"memoryEnabled":false,"lastWorkspaceSession":[],"lastActiveTabIndex":0,"receivePreviewUpdates":false,"autoDownloadAndInstallUpdates":false,"skippedElectronUpdateVersions":{}}
[Z1 child] [2026-09-28 11:37:13.521] [pid:33568] [settingService] reading settings from: C:\Users\USER\Desktop\Personal\ZCode\.tmp\z1-native-1790566629091-853a39\home\.zcode\v2\setting.json
[Z1 child] [2026-09-28 11:37:13.521] [pid:33568] [settingService] read result: {"recentProjects":[],"locale":"zh-CN","localePreference":"en-US","terminalInheritSystemProfile":true,"embeddedBrowserAllowInsecureCertificates":false,"embeddedBrowserViewportPreference":{"mode":"normal","viewport":{"width":393,"height":852},"zoom":"fit"},"computerUseComposerEntryHidden":true,"taskAutoArchiveEnabled":false,"taskAutoArchiveOlderThanDays":7,"closeToTrayOnWindows":false,"closeToTrayOnWindowsMigrationInitialized":true,"keepAwakeWhileRunning":false,"desktopChromiumHardwareAccelerationEnabled":true,"messageStreamShowReasoning":true,"messageStreamShowReasoningMigrationInitialized":true,"messageStreamShowTodos":false,"toolGroupingExploreEnabled":true,"toolGroupingTerminalEnabled":true,"toolGroupingChangesEnabled":false,"zcodeInteractionBehavior":"queue","askUserQuestionAutoResolutionEnabled":false,"modelIoFullRetentionEnabled":false,"startPlanRecommendationDismissed":false,"providerFamilyConnectionSelections":{},"providerFamilyDomain":"zai","providerFamilyDomainMigrated":true,"nativeSearchEnhancementsEnabled":true,"memoryEnabled":false,"lastWorkspaceSession":[],"lastActiveTabIndex":0,"receivePreviewUpdates":false,"autoDownloadAndInstallUpdates":false,"skippedElectronUpdateVersions":{}}
[Z1 child] [2026-09-28 11:37:13.530] [pid:33568] [provider-config] ZCode Built-in 刷新检查 { result: 'missing' }
[Z1 child] [2026-09-28 11:37:13.541] [pid:33568] [settingService] reading settings from: C:\Users\USER\Desktop\Personal\ZCode\.tmp\z1-native-1790566629091-853a39\home\.zcode\v2\setting.json
[Z1 child] [2026-09-28 11:37:13.542] [pid:33568] [settingService] read result: {"recentProjects":[],"locale":"zh-CN","localePreference":"en-US","terminalInheritSystemProfile":true,"embeddedBrowserAllowInsecureCertificates":false,"embeddedBrowserViewportPreference":{"mode":"normal","viewport":{"width":393,"height":852},"zoom":"fit"},"computerUseComposerEntryHidden":true,"taskAutoArchiveEnabled":false,"taskAutoArchiveOlderThanDays":7,"closeToTrayOnWindows":false,"closeToTrayOnWindowsMigrationInitialized":true,"keepAwakeWhileRunning":false,"desktopChromiumHardwareAccelerationEnabled":true,"messageStreamShowReasoning":true,"messageStreamShowReasoningMigrationInitialized":true,"messageStreamShowTodos":false,"toolGroupingExploreEnabled":true,"toolGroupingTerminalEnabled":true,"toolGroupingChangesEnabled":false,"zcodeInteractionBehavior":"queue","askUserQuestionAutoResolutionEnabled":false,"modelIoFullRetentionEnabled":false,"startPlanRecommendationDismissed":false,"providerFamilyConnectionSelections":{},"providerFamilyDomain":"zai","providerFamilyDomainMigrated":true,"nativeSearchEnhancementsEnabled":true,"memoryEnabled":false,"lastWorkspaceSession":[],"lastActiveTabIndex":0,"receivePreviewUpdates":false,"autoDownloadAndInstallUpdates":false,"skippedElectronUpdateVersions":{}}
[Z1 child] [2026-09-28 11:37:13.544] [pid:33568] [settingService] reading settings from: C:\Users\USER\Desktop\Personal\ZCode\.tmp\z1-native-1790566629091-853a39\home\.zcode\v2\setting.json
[Z1 child] [2026-09-28 11:37:13.545] [pid:33568] [settingService] read result: {"recentProjects":[],"locale":"zh-CN","localePreference":"en-US","terminalInheritSystemProfile":true,"embeddedBrowserAllowInsecureCertificates":false,"embeddedBrowserViewportPreference":{"mode":"normal","viewport":{"width":393,"height":852},"zoom":"fit"},"computerUseComposerEntryHidden":true,"taskAutoArchiveEnabled":false,"taskAutoArchiveOlderThanDays":7,"closeToTrayOnWindows":false,"closeToTrayOnWindowsMigrationInitialized":true,"keepAwakeWhileRunning":false,"desktopChromiumHardwareAccelerationEnabled":true,"messageStreamShowReasoning":true,"messageStreamShowReasoningMigrationInitialized":true,"messageStreamShowTodos":false,"toolGroupingExploreEnabled":true,"toolGroupingTerminalEnabled":true,"toolGroupingChangesEnabled":false,"zcodeInteractionBehavior":"queue","askUserQuestionAutoResolutionEnabled":false,"modelIoFullRetentionEnabled":false,"startPlanRecommendationDismissed":false,"providerFamilyConnectionSelections":{},"providerFamilyDomain":"zai","providerFamilyDomainMigrated":true,"nativeSearchEnhancementsEnabled":true,"memoryEnabled":false,"lastWorkspaceSession":[],"lastActiveTabIndex":0,"receivePreviewUpdates":false,"autoDownloadAndInstallUpdates":false,"skippedElectronUpdateVersions":{}}
[Z1 child] [2026-09-28 11:37:13.545] [pid:33568] [settingService] reading settings from: C:\Users\USER\Desktop\Personal\ZCode\.tmp\z1-native-1790566629091-853a39\home\.zcode\v2\setting.json
[Z1 child] [2026-09-28 11:37:13.546] [pid:33568] [settingService] read result: {"recentProjects":[],"locale":"zh-CN","localePreference":"en-US","terminalInheritSystemProfile":true,"embeddedBrowserAllowInsecureCertificates":false,"embeddedBrowserViewportPreference":{"mode":"normal","viewport":{"width":393,"height":852},"zoom":"fit"},"computerUseComposerEntryHidden":true,"taskAutoArchiveEnabled":false,"taskAutoArchiveOlderThanDays":7,"closeToTrayOnWindows":false,"closeToTrayOnWindowsMigrationInitialized":true,"keepAwakeWhileRunning":false,"desktopChromiumHardwareAccelerationEnabled":true,"messageStreamShowReasoning":true,"messageStreamShowReasoningMigrationInitialized":true,"messageStreamShowTodos":false,"toolGroupingExploreEnabled":true,"toolGroupingTerminalEnabled":true,"toolGroupingChangesEnabled":false,"zcodeInteractionBehavior":"queue","askUserQuestionAutoResolutionEnabled":false,"modelIoFullRetentionEnabled":false,"startPlanRecommendationDismissed":false,"providerFamilyConnectionSelections":{},"providerFamilyDomain":"zai","providerFamilyDomainMigrated":true,"nativeSearchEnhancementsEnabled":true,"memoryEnabled":false,"lastWorkspaceSession":[],"lastActiveTabIndex":0,"receivePreviewUpdates":false,"autoDownloadAndInstallUpdates":false,"skippedElectronUpdateVersions":{}}
[Z1 child] [2026-09-28 11:37:13.570] [pid:33568] [settingService] reading settings from: C:\Users\USER\Desktop\Personal\ZCode\.tmp\z1-native-1790566629091-853a39\home\.zcode\v2\setting.json
[Z1 child] [2026-09-28 11:37:13.572] [pid:33568] [settingService] read result: {"recentProjects":[],"locale":"zh-CN","localePreference":"en-US","terminalInheritSystemProfile":true,"embeddedBrowserAllowInsecureCertificates":false,"embeddedBrowserViewportPreference":{"mode":"normal","viewport":{"width":393,"height":852},"zoom":"fit"},"computerUseComposerEntryHidden":true,"taskAutoArchiveEnabled":false,"taskAutoArchiveOlderThanDays":7,"closeToTrayOnWindows":false,"closeToTrayOnWindowsMigrationInitialized":true,"keepAwakeWhileRunning":false,"desktopChromiumHardwareAccelerationEnabled":true,"messageStreamShowReasoning":true,"messageStreamShowReasoningMigrationInitialized":true,"messageStreamShowTodos":false,"toolGroupingExploreEnabled":true,"toolGroupingTerminalEnabled":true,"toolGroupingChangesEnabled":false,"zcodeInteractionBehavior":"queue","askUserQuestionAutoResolutionEnabled":false,"modelIoFullRetentionEnabled":false,"startPlanRecommendationDismissed":false,"providerFamilyConnectionSelections":{},"providerFamilyDomain":"zai","providerFamilyDomainMigrated":true,"nativeSearchEnhancementsEnabled":true,"memoryEnabled":false,"lastWorkspaceSession":[],"lastActiveTabIndex":0,"receivePreviewUpdates":false,"autoDownloadAndInstallUpdates":false,"skippedElectronUpdateVersions":{}}
[Z1 child] [2026-09-28 11:37:13.594] [pid:33568] [settingService] reading settings from: C:\Users\USER\Desktop\Personal\ZCode\.tmp\z1-native-1790566629091-853a39\home\.zcode\v2\setting.json
[Z1 child] [2026-09-28 11:37:13.595] [pid:33568] [settingService] read result: {"recentProjects":[],"locale":"zh-CN","localePreference":"en-US","terminalInheritSystemProfile":true,"embeddedBrowserAllowInsecureCertificates":false,"embeddedBrowserViewportPreference":{"mode":"normal","viewport":{"width":393,"height":852},"zoom":"fit"},"computerUseComposerEntryHidden":true,"taskAutoArchiveEnabled":false,"taskAutoArchiveOlderThanDays":7,"closeToTrayOnWindows":false,"closeToTrayOnWindowsMigrationInitialized":true,"keepAwakeWhileRunning":false,"desktopChromiumHardwareAccelerationEnabled":true,"messageStreamShowReasoning":true,"messageStreamShowReasoningMigrationInitialized":true,"messageStreamShowTodos":false,"toolGroupingExploreEnabled":true,"toolGroupingTerminalEnabled":true,"toolGroupingChangesEnabled":false,"zcodeInteractionBehavior":"queue","askUserQuestionAutoResolutionEnabled":false,"modelIoFullRetentionEnabled":false,"startPlanRecommendationDismissed":false,"providerFamilyConnectionSelections":{},"providerFamilyDomain":"zai","providerFamilyDomainMigrated":true,"nativeSearchEnhancementsEnabled":true,"memoryEnabled":false,"lastWorkspaceSession":[],"lastActiveTabIndex":0,"receivePreviewUpdates":false,"autoDownloadAndInstallUpdates":false,"skippedElectronUpdateVersions":{}}
[Z1 child] [2026-09-28 11:37:13.612] [pid:33568] [zcode-host] [rpc:call] provider-settings.refresh OK (308.2ms)
[2026-09-28 11:37:13.612] [pid:38228] [main] [host-log] (local-1) [host] [2026-09-28 11:37:13.612] [pid:33568] [zcode-host] [rpc:call] provider-settings.refresh OK (308.2ms)
[2026-09-28 11:37:13.613] [pid:38228] [main] [host-log] (local-1) [host] [2026-09-28 11:37:13.612] [pid:33568] [zcode-host] [rpc:call] provider-settings.refresh OK (308.2ms)
[Z1 child] [2026-09-28 11:37:13.612] [pid:33568] [zcode-host] [rpc:call] provider-settings.refresh OK (308.2ms)
[Z1 child] [2026-09-28 11:37:13.715] [pid:33568] [zcode-host] [rpc:call] onboarding-record.dismissOnboarding OK (6.2ms)
[2026-09-28 11:37:13.715] [pid:38228] [main] [host-log] (local-1) [host] [2026-09-28 11:37:13.715] [pid:33568] [zcode-host] [rpc:call] onboarding-record.dismissOnboarding OK (6.2ms)
[Z1 child] (node:28000) ExperimentalWarning: SQLite is an experimental feature and might change at any time
(Use `electron --trace-warnings ...` to show where the warning was created)
[2026-09-28 11:37:13.725] [pid:38228] [main] [cron-scheduler] cron scheduler started
[2026-09-28 11:37:13.740] [pid:38228] [renderer] v4 conversation frame upstream attached {
  workspaceKey: 'C:\\Users\\USER\\Desktop\\Personal\\ZCode\\.tmp\\z1-native-1790566629091-853a39\\workspace',
  workspacePath: 'C:\\Users\\USER\\Desktop\\Personal\\ZCode\\.tmp\\z1-native-1790566629091-853a39\\workspace',
  event: 'v4.conversation.frames.upstream_attached',
  listenerCount: 1,
  module: 'ui.v4.conversation_transport',
  runtimeGeneration: 0,
  status: 'completed'
}
[2026-09-28 11:37:13.741] [pid:38228] [renderer] v4 workspace connection created {
  event: 'v4.workspace_connection.created',
  isRemote: false,
  key: '__base__ C:\\Users\\USER\\Desktop\\Personal\\ZCode\\.tmp\\z1-native-1790566629091-853a39\\workspace',
  module: 'ui.v4.workspace_connection_registry',
  refCount: 1,
  serviceGeneration: 1,
  status: 'completed'
}
[Z1 child] [2026-09-28 11:37:13.740] [pid:33568] [zcode-host] [rpc:listen] zcode-agent.onDynamicLocalTtftFacts subscribed
[2026-09-28 11:37:13.740] [pid:33568] [zcode-host] [rpc:listen] zcode-agent.onDynamicConversationFrame subscribed
[2026-09-28 11:37:13.742] [pid:38228] [main] [host-log] (local-1) [host] [2026-09-28 11:37:13.740] [pid:33568] [zcode-host] [rpc:listen] zcode-agent.onDynamicLocalTtftFacts subscribed
[2026-09-28 11:37:13.743] [pid:38228] [main] [host-log] (local-1) [host] [2026-09-28 11:37:13.740] [pid:33568] [zcode-host] [rpc:listen] zcode-agent.onDynamicConversationFrame subscribed
[Z1 child] [2026-09-28 11:37:13.784] [pid:33568] [settingService] reading settings from: C:\Users\USER\Desktop\Personal\ZCode\.tmp\z1-native-1790566629091-853a39\home\.zcode\v2\setting.json
[Z1 child] [2026-09-28 11:37:13.785] [pid:33568] [settingService] read result: {"recentProjects":[],"locale":"zh-CN","localePreference":"en-US","terminalInheritSystemProfile":true,"embeddedBrowserAllowInsecureCertificates":false,"embeddedBrowserViewportPreference":{"mode":"normal","viewport":{"width":393,"height":852},"zoom":"fit"},"computerUseComposerEntryHidden":true,"taskAutoArchiveEnabled":false,"taskAutoArchiveOlderThanDays":7,"closeToTrayOnWindows":false,"closeToTrayOnWindowsMigrationInitialized":true,"keepAwakeWhileRunning":false,"desktopChromiumHardwareAccelerationEnabled":true,"messageStreamShowReasoning":true,"messageStreamShowReasoningMigrationInitialized":true,"messageStreamShowTodos":false,"toolGroupingExploreEnabled":true,"toolGroupingTerminalEnabled":true,"toolGroupingChangesEnabled":false,"zcodeInteractionBehavior":"queue","askUserQuestionAutoResolutionEnabled":false,"modelIoFullRetentionEnabled":false,"startPlanRecommendationDismissed":false,"providerFamilyConnectionSelections":{},"providerFamilyDomain":"zai","providerFamilyDomainMigrated":true,"nativeSearchEnhancementsEnabled":true,"memoryEnabled":false,"lastWorkspaceSession":[],"lastActiveTabIndex":0,"receivePreviewUpdates":false,"autoDownloadAndInstallUpdates":false,"skippedElectronUpdateVersions":{}}
[Z1 child] [2026-09-28 11:37:13.785] [pid:33568] [node-api-client] zcode endpoint request headers prepared {
  headerKeys: [
    'http-referer',
    'user-agent',
    'x-client-language',
    'x-client-timezone',
    'x-device-mid',
    'x-os-category',
    'x-os-version',
    'x-platform',
    'x-release-channel',
    'x-request-id',
    'x-title',
    'x-zcode-app-version'
  ],
  method: 'GET',
  url: 'http://127.0.0.1:59347/api/v1/client/scenes'
}
[Z1 child] [2026-09-28 11:37:13.787] [pid:33568] [zcode-host] [rpc:call] client-scenes.list OK (2.4ms)
[2026-09-28 11:37:13.787] [pid:38228] [main] [host-log] (local-1) [host] [2026-09-28 11:37:13.787] [pid:33568] [zcode-host] [rpc:call] client-scenes.list OK (2.4ms)
[2026-09-28 11:37:13.788] [pid:38228] [main] [host-log] (local-1) [host] [2026-09-28 11:37:13.787] [pid:33568] [zcode-host] [rpc:listen] window-controller.onDynamicControllerFrame subscribed
[2026-09-28 11:37:13.789] [pid:38228] [main] [host-log] (local-1) [host] [2026-09-28 11:37:13.788] [pid:33568] [zcode-host] [rpc:call] window-controller.subscribeControllerV4 OK (0.3ms)
[2026-09-28 11:37:13.790] [pid:38228] [main] [host-log] (local-1) [host] [2026-09-28 11:37:13.788] [pid:33568] [zcode-host] [rpc:call] window-controller.subscribeControllerV4 OK (0.1ms)
[2026-09-28 11:37:13.790] [pid:38228] [main] [host-log] (local-1) [host] [2026-09-28 11:37:13.790] [pid:33568] [zcode-host] [rpc:call] window-controller.listTaskList OK (0.0ms)
[2026-09-28 11:37:13.791] [pid:38228] [main] [host-log] (local-1) [host] [2026-09-28 11:37:13.790] [pid:33568] [zcode-host] [rpc:listen] zcode-agent.onDynamicSessionsIndexFrame subscribed
[2026-09-28 11:37:13.792] [pid:38228] [main] [host-log] (local-1) [host] [2026-09-28 11:37:13.790] [pid:33568] [zcode-host] [rpc:listen] zcode-agent.onAgentRuntimeLifecycle subscribed
[2026-09-28 11:37:13.793] [pid:38228] [main] [host-log] (local-1) [host] [2026-09-28 11:37:13.790] [pid:33568] [zcode-host] [rpc:call] zcode-agent.helloConversationV4 OK (0.1ms)
[2026-09-28 11:37:13.793] [pid:38228] [main] [host-log] (local-1) [host] [2026-09-28 11:37:13.790] [pid:33568] [zcode-host] [rpc:call] setting.get OK (2.3ms)
[2026-09-28 11:37:13.794] [pid:38228] [main] [host-log] (local-1) [host] [2026-09-28 11:37:13.791] [pid:33568] [zcode-host] [rpc:call] zcode-task.listPinnedTaskIds OK (0.2ms)
[2026-09-28 11:37:13.795] [pid:38228] [main] [host-log] (local-1) [host] [2026-09-28 11:37:13.791] [pid:33568] [zcode-host] [rpc:call] zcode-task.listArchivedTasks OK (0.1ms)
[2026-09-28 11:37:13.796] [pid:38228] [main] [host-log] (local-1) [host] [2026-09-28 11:37:13.791] [pid:33568] [zcode-host] [rpc:call] zcode-task.listTasks OK (0.1ms)
[2026-09-28 11:37:13.797] [pid:38228] [main] [host-log] (local-1) [host] [2026-09-28 11:37:13.792] [pid:33568] [zcode-host] [rpc:call] zcode-task.listPinnedTasks OK (0.1ms)
[2026-09-28 11:37:13.798] [pid:38228] [main] [host-log] (local-1) [host] [2026-09-28 11:37:13.792] [pid:33568] [zcode-host] [rpc:call] zcode-task.listDeletedTaskIds OK (0.1ms)
[Z1 child] [2026-09-28 11:37:13.787] [pid:33568] [zcode-host] [rpc:listen] window-controller.onDynamicControllerFrame subscribed
[2026-09-28 11:37:13.788] [pid:33568] [zcode-host] [rpc:call] window-controller.subscribeControllerV4 OK (0.3ms)
[2026-09-28 11:37:13.788] [pid:33568] [zcode-host] [rpc:call] window-controller.subscribeControllerV4 OK (0.1ms)
[2026-09-28 11:37:13.788] [pid:33568] [settingService] reading settings from: C:\Users\USER\Desktop\Personal\ZCode\.tmp\z1-native-1790566629091-853a39\home\.zcode\v2\setting.json
[2026-09-28 11:37:13.790] [pid:33568] [zcode-host] [rpc:call] window-controller.listTaskList OK (0.0ms)
[2026-09-28 11:37:13.790] [pid:33568] [zcode-host] [rpc:listen] zcode-agent.onDynamicSessionsIndexFrame subscribed
[2026-09-28 11:37:13.790] [pid:33568] [zcode-host] [rpc:listen] zcode-agent.onAgentRuntimeLifecycle subscribed
[2026-09-28 11:37:13.790] [pid:33568] [zcode-host] [rpc:call] zcode-agent.helloConversationV4 OK (0.1ms)
[2026-09-28 11:37:13.790] [pid:33568] [settingService] read result: {"recentProjects":[],"locale":"zh-CN","localePreference":"en-US","terminalInheritSystemProfile":true,"embeddedBrowserAllowInsecureCertificates":false,"embeddedBrowserViewportPreference":{"mode":"normal","viewport":{"width":393,"height":852},"zoom":"fit"},"computerUseComposerEntryHidden":true,"taskAutoArchiveEnabled":false,"taskAutoArchiveOlderThanDays":7,"closeToTrayOnWindows":false,"closeToTrayOnWindowsMigrationInitialized":true,"keepAwakeWhileRunning":false,"desktopChromiumHardwareAccelerationEnabled":true,"messageStreamShowReasoning":true,"messageStreamShowReasoningMigrationInitialized":true,"messageStreamShowTodos":false,"toolGroupingExploreEnabled":true,"toolGroupingTerminalEnabled":true,"toolGroupingChangesEnabled":false,"zcodeInteractionBehavior":"queue","askUserQuestionAutoResolutionEnabled":false,"modelIoFullRetentionEnabled":false,"startPlanRecommendationDismissed":false,"providerFamilyConnectionSelections":{},"providerFamilyDomain":"zai","providerFamilyDomainMigrated":true,"nativeSearchEnhancementsEnabled":true,"memoryEnabled":false,"lastWorkspaceSession":[],"lastActiveTabIndex":0,"receivePreviewUpdates":false,"autoDownloadAndInstallUpdates":false,"skippedElectronUpdateVersions":{}}
[2026-09-28 11:37:13.790] [pid:33568] [zcode-host] [rpc:call] setting.get OK (2.3ms)
[2026-09-28 11:37:13.791] [pid:33568] [zcode-host] [rpc:call] zcode-task.listPinnedTaskIds OK (0.2ms)
[2026-09-28 11:37:13.791] [pid:33568] [zcode-host] [rpc:call] zcode-task.listArchivedTasks OK (0.1ms)
[2026-09-28 11:37:13.791] [pid:33568] [zcode-host] [rpc:call] zcode-task.listTasks OK (0.1ms)
[2026-09-28 11:37:13.792] [pid:33568] [zcode-host] [rpc:call] zcode-task.listPinnedTasks OK (0.1ms)
[2026-09-28 11:37:13.792] [pid:33568] [zcode-host] [rpc:call] zcode-task.listDeletedTaskIds OK (0.1ms)
[2026-09-28 11:37:13.792] [pid:33568] [zcode-host] [rpc:listen] zcode-task.onDynamicWorkspaceEvent subscribed
[2026-09-28 11:37:13.795] [pid:33568] [zcode-host] [rpc:listen] zcode-agent.onAgentRuntimeLifecycle subscribed
[2026-09-28 11:37:13.797] [pid:33568] [zcode-host] [rpc:call] system.info OK (0.0ms)
[2026-09-28 11:37:13.797] [pid:33568] [zcode-host] [rpc:call] subagents.list OK (3.3ms)
[2026-09-28 11:37:13.797] [pid:33568] [zcode-host] [rpc:listen] model-selection.onDidChange subscribed
[2026-09-28 11:37:13.797] [pid:33568] [zcode-host] [rpc:listen] model-selection.onDidChange subscribed
[2026-09-28 11:37:13.798] [pid:33568] [zcode-host] [rpc:call] model-selection.getView OK (0.8ms)
[2026-09-28 11:37:13.798] [pid:33568] [zcode-host] [rpc:listen] zcode-agent.onDynamicConversationTelemetryFact subscribed
[2026-09-28 11:37:13.799] [pid:38228] [main] [host-log] (local-1) [host] [2026-09-28 11:37:13.792] [pid:33568] [zcode-host] [rpc:listen] zcode-task.onDynamicWorkspaceEvent subscribed
[2026-09-28 11:37:13.799] [pid:38228] [main] [host-log] (local-1) [host] [2026-09-28 11:37:13.795] [pid:33568] [zcode-host] [rpc:listen] zcode-agent.onAgentRuntimeLifecycle subscribed
[2026-09-28 11:37:13.800] [pid:38228] [main] [host-log] (local-1) [host] [2026-09-28 11:37:13.797] [pid:33568] [zcode-host] [rpc:call] system.info OK (0.0ms)
[2026-09-28 11:37:13.801] [pid:38228] [main] [host-log] (local-1) [host] [2026-09-28 11:37:13.797] [pid:33568] [zcode-host] [rpc:call] subagents.list OK (3.3ms)
[2026-09-28 11:37:13.802] [pid:38228] [main] [host-log] (local-1) [host] [2026-09-28 11:37:13.797] [pid:33568] [zcode-host] [rpc:listen] model-selection.onDidChange subscribed
[2026-09-28 11:37:13.803] [pid:38228] [main] [host-log] (local-1) [host] [2026-09-28 11:37:13.797] [pid:33568] [zcode-host] [rpc:listen] model-selection.onDidChange subscribed
[2026-09-28 11:37:13.803] [pid:38228] [main] [host-log] (local-1) [host] [2026-09-28 11:37:13.798] [pid:33568] [zcode-host] [rpc:call] model-selection.getView OK (0.8ms)
[2026-09-28 11:37:13.804] [pid:38228] [main] [host-log] (local-1) [host] [2026-09-28 11:37:13.798] [pid:33568] [zcode-host] [rpc:listen] zcode-agent.onDynamicConversationTelemetryFact subscribed
[2026-09-28 11:37:13.805] [pid:38228] [main] [host-log] (local-1) [host] [2026-09-28 11:37:13.798] [pid:33568] [zcode-host] [rpc:call] model-selection.getView OK (1.1ms)
[2026-09-28 11:37:13.806] [pid:38228] [main] [host-log] (local-1) [host] [2026-09-28 11:37:13.800] [pid:33568] [zcode-host] [rpc:call] off-peak-task.list OK (0.3ms)
[Z1 child] [2026-09-28 11:37:13.798] [pid:33568] [zcode-host] [rpc:call] model-selection.getView OK (1.1ms)
[2026-09-28 11:37:13.800] [pid:33568] [zcode-host] [rpc:call] off-peak-task.list OK (0.3ms)
[2026-09-28 11:37:13.812] [pid:38228] [main] [host-log] (local-1) [host] [2026-09-28 11:37:13.811] [pid:33568] [zcode-host] [rpc:call] settings-sync.getFirstRunPromptState OK (0.6ms)
[Z1 child] [2026-09-28 11:37:13.810] [pid:33568] [settingService] reading settings from: C:\Users\USER\Desktop\Personal\ZCode\.tmp\z1-native-1790566629091-853a39\home\.zcode\v2\setting.json
[2026-09-28 11:37:13.811] [pid:33568] [settingService] read result: {"recentProjects":[],"locale":"zh-CN","localePreference":"en-US","terminalInheritSystemProfile":true,"embeddedBrowserAllowInsecureCertificates":false,"embeddedBrowserViewportPreference":{"mode":"normal","viewport":{"width":393,"height":852},"zoom":"fit"},"computerUseComposerEntryHidden":true,"taskAutoArchiveEnabled":false,"taskAutoArchiveOlderThanDays":7,"closeToTrayOnWindows":false,"closeToTrayOnWindowsMigrationInitialized":true,"keepAwakeWhileRunning":false,"desktopChromiumHardwareAccelerationEnabled":true,"messageStreamShowReasoning":true,"messageStreamShowReasoningMigrationInitialized":true,"messageStreamShowTodos":false,"toolGroupingExploreEnabled":true,"toolGroupingTerminalEnabled":true,"toolGroupingChangesEnabled":false,"zcodeInteractionBehavior":"queue","askUserQuestionAutoResolutionEnabled":false,"modelIoFullRetentionEnabled":false,"startPlanRecommendationDismissed":false,"providerFamilyConnectionSelections":{},"providerFamilyDomain":"zai","providerFamilyDomainMigrated":true,"nativeSearchEnhancementsEnabled":true,"memoryEnabled":false,"lastWorkspaceSession":[],"lastActiveTabIndex":0,"receivePreviewUpdates":false,"autoDownloadAndInstallUpdates":false,"skippedElectronUpdateVersions":{}}
[2026-09-28 11:37:13.811] [pid:33568] [zcode-host] [rpc:call] settings-sync.getFirstRunPromptState OK (0.6ms)
[2026-09-28 11:37:13.818] [pid:38228] [main] [community] failed to fetch remote config: ZodError: [
  {
    "expected": "object",
    "code": "invalid_type",
    "path": [
      "data",
      "configs",
      "feedbackUrl"
    ],
    "message": "Invalid input: expected object, received undefined"
  }
]
    at file:///C:/Users/USER/Desktop/Personal/ZCode/packages/desktop/out/main/chunk-CUCX7L4D.js:64:122510
    at process.processTicksAndRejections (node:internal/process/task_queues:104:5)
    at async file:///C:/Users/USER/Desktop/Personal/ZCode/packages/desktop/out/main/chunk-CUCX7L4D.js:64:122616
    at async resolveCommunityUrl (file:///C:/Users/USER/Desktop/Personal/ZCode/packages/desktop/out/main/index.js:606:21172)
    at async file:///C:/Users/USER/Desktop/Personal/ZCode/packages/desktop/out/main/index.js:1337:10297
    at async Session.<anonymous> (node:electron/js2c/browser_init:2:116791)
[Z1 child] [2026-09-28 11:37:13.835] [pid:33568] [settingService] reading settings from: C:\Users\USER\Desktop\Personal\ZCode\.tmp\z1-native-1790566629091-853a39\home\.zcode\v2\setting.json
[Z1 child] [2026-09-28 11:37:13.835] [pid:33568] [settingService] read result: {"recentProjects":[],"locale":"zh-CN","localePreference":"en-US","terminalInheritSystemProfile":true,"embeddedBrowserAllowInsecureCertificates":false,"embeddedBrowserViewportPreference":{"mode":"normal","viewport":{"width":393,"height":852},"zoom":"fit"},"computerUseComposerEntryHidden":true,"taskAutoArchiveEnabled":false,"taskAutoArchiveOlderThanDays":7,"closeToTrayOnWindows":false,"closeToTrayOnWindowsMigrationInitialized":true,"keepAwakeWhileRunning":false,"desktopChromiumHardwareAccelerationEnabled":true,"messageStreamShowReasoning":true,"messageStreamShowReasoningMigrationInitialized":true,"messageStreamShowTodos":false,"toolGroupingExploreEnabled":true,"toolGroupingTerminalEnabled":true,"toolGroupingChangesEnabled":false,"zcodeInteractionBehavior":"queue","askUserQuestionAutoResolutionEnabled":false,"modelIoFullRetentionEnabled":false,"startPlanRecommendationDismissed":false,"providerFamilyConnectionSelections":{},"providerFamilyDomain":"zai","providerFamilyDomainMigrated":true,"nativeSearchEnhancementsEnabled":true,"memoryEnabled":false,"lastWorkspaceSession":[],"lastActiveTabIndex":0,"receivePreviewUpdates":false,"autoDownloadAndInstallUpdates":false,"skippedElectronUpdateVersions":{}}
[Z1 child] [2026-09-28 11:37:13.836] [pid:33568] [settingService] writing settings to: C:\Users\USER\Desktop\Personal\ZCode\.tmp\z1-native-1790566629091-853a39\home\.zcode\v2\setting.json {"recentProjects":[],"locale":"zh-CN","localePreference":"en-US","terminalInheritSystemProfile":true,"embeddedBrowserAllowInsecureCertificates":false,"embeddedBrowserViewportPreference":{"mode":"normal","viewport":{"width":393,"height":852},"zoom":"fit"},"computerUseComposerEntryHidden":true,"taskAutoArchiveEnabled":false,"taskAutoArchiveOlderThanDays":7,"closeToTrayOnWindows":false,"closeToTrayOnWindowsMigrationInitialized":true,"keepAwakeWhileRunning":false,"desktopChromiumHardwareAccelerationEnabled":true,"messageStreamShowReasoning":true,"messageStreamShowReasoningMigrationInitialized":true,"messageStreamShowTodos":false,"toolGroupingExploreEnabled":true,"toolGroupingTerminalEnabled":true,"toolGroupingChangesEnabled":false,"zcodeInteractionBehavior":"queue","askUserQuestionAutoResolutionEnabled":false,"modelIoFullRetentionEnabled":false,"startPlanRecommendationDismissed":false,"providerFamilyConnectionSelections":{},"providerFamilyDomain":"zai","providerFamilyDomainMigrated":true,"nativeSearchEnhancementsEnabled":true,"memoryEnabled":false,"lastWorkspaceSession":[{"kind":"local","workspacePath":"C:\\Users\\USER\\Desktop\\Personal\\ZCode\\.tmp\\z1-native-1790566629091-853a39\\workspace","workspacePurpose":"project"},{"kind":"local","workspacePath":"C:\\Users\\USER\\Desktop\\Personal\\ZCode\\.tmp\\z1-native-1790566629091-853a39\\data\\.zcode\\workspace\\default","workspacePurpose":"conversation"}],"lastActiveTabIndex":0,"receivePreviewUpdates":false,"autoDownloadAndInstallUpdates":false,"skippedElectronUpdateVersions":{}}
[2026-09-28 11:37:13.836] [pid:38228] [main] [host-log] (local-1) [host] [2026-09-28 11:37:13.836] [pid:33568] [settingService] writing settings to: C:\Users\USER\Desktop\Personal\ZCode\.tmp\z1-native-1790566629091-853a39\home\.zcode\v2\setting.json {"recentProjects":[],"locale":"zh-CN","localePreference":"en-US","terminalInheritSystemProfile":true,"embeddedBrowserAllowInsecureCertificates":false,"embeddedBrowserViewportPreference":{"mode":"normal","viewport":{"width":393,"height":852},"zoom":"fit"},"computerUseComposerEntryHidden":true,"taskAutoArchiveEnabled":false,"taskAutoArchiveOlderThanDays":7,"closeToTrayOnWindows":false,"closeToTrayOnWindowsMigrationInitialized":true,"keepAwakeWhileRunning":false,"desktopChromiumHardwareAccelerationEnabled":true,"messageStreamShowReasoning":true,"messageStreamShowReasoningMigrationInitialized":true,"messageStreamShowTodos":false,"toolGroupingExploreEnabled":true,"toolGroupingTerminalEnabled":true,"toolGroupingChangesEnabled":false,"zcodeInteractionBehavior":"queue","askUserQuestionAutoResolutionEnabled":false,"modelIoFullRetentionEnabled":false,"startPlanRecommendationDismissed":false,"providerFamilyConnectionSelections":{},"providerFamilyDomain":"zai","providerFamilyDomainMigrated":true,"nativeSearchEnhancementsEnabled":true,"memoryEnabled":false,"lastWorkspaceSession":[{"kind":"local","workspacePath":"C:\\Users\\USER\\Desktop\\Personal\\ZCode\\.tmp\\z1-native-1790566629091-853a39\\workspace","workspacePurpose":"project"},{"kind":"local","workspacePath":"C:\\Users\\USER\\Desktop\\Personal\\ZCode\\.tmp\\z1-native-1790566629091-853a39\\data\\.zcode\\workspace\\default","workspacePurpose":"conversation"}],"lastActiveTabIndex":0,"receivePreviewUpdates":false,"autoDownloadAndInstallUpdates":false,"skippedElectronUpdateVersions":{}}
[Z1 child] [2026-09-28 11:37:13.841] [pid:33568] [zcode-host] [rpc:call] window-controller.listTaskList OK (0.1ms)
[2026-09-28 11:37:13.841] [pid:38228] [main] [host-log] (local-1) [host] [2026-09-28 11:37:13.841] [pid:33568] [zcode-host] [rpc:call] window-controller.listTaskList OK (0.1ms)
[2026-09-28 11:37:13.842] [pid:38228] [main] [host-log] (local-1) [host] [2026-09-28 11:37:13.841] [pid:33568] [settingService] write done
[2026-09-28 11:37:13.843] [pid:38228] [main] [host-log] (local-1) [host] [2026-09-28 11:37:13.841] [pid:33568] [zcode-host] [rpc:call] setting.update OK (8.3ms)
[Z1 child] [2026-09-28 11:37:13.841] [pid:33568] [settingService] write done
[2026-09-28 11:37:13.841] [pid:33568] [zcode-host] [rpc:call] setting.update OK (8.3ms)
[2026-09-28 11:37:13.843] [pid:33568] [zcode-host] [rpc:call] zcode-agent.initializeConversationV4 OK (0.5ms)
[2026-09-28 11:37:13.844] [pid:38228] [main] [host-log] (local-1) [host] [2026-09-28 11:37:13.843] [pid:33568] [zcode-host] [rpc:call] zcode-agent.initializeConversationV4 OK (0.5ms)
[Z1 child] [2026-09-28 11:37:13.861] [pid:33568] [zcode-host] [rpc:call] settings-sync.detect OK (0.1ms)
[2026-09-28 11:37:13.861] [pid:38228] [main] [host-log] (local-1) [host] [2026-09-28 11:37:13.861] [pid:33568] [zcode-host] [rpc:call] settings-sync.detect OK (0.1ms)
[2026-09-28 11:37:13.862] [pid:38228] [main] [host-log] (local-1) [host] [2026-09-28 11:37:13.861] [pid:33568] [zcode-host] [rpc:listen] model-selection.onDidChange subscribed
[2026-09-28 11:37:13.863] [pid:38228] [main] [host-log] (local-1) [host] [2026-09-28 11:37:13.862] [pid:33568] [zcode-agent-service] 开始请求 ZCode Protocol workspace/readPresentation {"workspaceKey":"C:\\Users\\USER\\Desktop\\Personal\\ZCode\\.tmp\\z1-native-1790566629091-853a39\\workspace","workspacePath":"C:\\Users\\USER\\Desktop\\Personal\\ZCode\\.tmp\\z1-native-1790566629091-853a39\\workspace"}
[Z1 child] [2026-09-28 11:37:13.861] [pid:33568] [zcode-host] [rpc:listen] model-selection.onDidChange subscribed
[2026-09-28 11:37:13.862] [pid:33568] [zcode-agent-service] 开始请求 ZCode Protocol workspace/readPresentation {
  workspaceKey: 'C:\\Users\\USER\\Desktop\\Personal\\ZCode\\.tmp\\z1-native-1790566629091-853a39\\workspace',
  workspacePath: 'C:\\Users\\USER\\Desktop\\Personal\\ZCode\\.tmp\\z1-native-1790566629091-853a39\\workspace'
}
[2026-09-28 11:37:13.862] [pid:33568] [zcode-host] [rpc:call] model-selection.getView OK (0.8ms)
[2026-09-28 11:37:13.864] [pid:38228] [main] [host-log] (local-1) [host] [2026-09-28 11:37:13.862] [pid:33568] [zcode-host] [rpc:call] model-selection.getView OK (0.8ms)
[Z1 child] [2026-09-28 11:37:13.869] [pid:33568] [settingService] reading settings from: C:\Users\USER\Desktop\Personal\ZCode\.tmp\z1-native-1790566629091-853a39\home\.zcode\v2\setting.json
[Z1 child] [2026-09-28 11:37:13.869] [pid:33568] [settingService] read result: {"recentProjects":[],"locale":"zh-CN","localePreference":"en-US","terminalInheritSystemProfile":true,"embeddedBrowserAllowInsecureCertificates":false,"embeddedBrowserViewportPreference":{"mode":"normal","viewport":{"width":393,"height":852},"zoom":"fit"},"computerUseComposerEntryHidden":true,"taskAutoArchiveEnabled":false,"taskAutoArchiveOlderThanDays":7,"closeToTrayOnWindows":false,"closeToTrayOnWindowsMigrationInitialized":true,"keepAwakeWhileRunning":false,"desktopChromiumHardwareAccelerationEnabled":true,"messageStreamShowReasoning":true,"messageStreamShowReasoningMigrationInitialized":true,"messageStreamShowTodos":false,"toolGroupingExploreEnabled":true,"toolGroupingTerminalEnabled":true,"toolGroupingChangesEnabled":false,"zcodeInteractionBehavior":"queue","askUserQuestionAutoResolutionEnabled":false,"modelIoFullRetentionEnabled":false,"startPlanRecommendationDismissed":false,"providerFamilyConnectionSelections":{},"providerFamilyDomain":"zai","providerFamilyDomainMigrated":true,"nativeSearchEnhancementsEnabled":true,"memoryEnabled":false,"lastWorkspaceSession":[{"kind":"local","workspacePath":"C:\\Users\\USER\\Desktop\\Personal\\ZCode\\.tmp\\z1-native-1790566629091-853a39\\workspace","workspacePurpose":"project"},{"kind":"local","workspacePath":"C:\\Users\\USER\\Desktop\\Personal\\ZCode\\.tmp\\z1-native-1790566629091-853a39\\data\\.zcode\\workspace\\default","workspacePurpose":"conversation"}],"lastActiveTabIndex":0,"receivePreviewUpdates":false,"autoDownloadAndInstallUpdates":false,"skippedElectronUpdateVersions":{}}
[Z1 child] [2026-09-28 11:37:13.870] [pid:33568] [settingService] writing settings to: C:\Users\USER\Desktop\Personal\ZCode\.tmp\z1-native-1790566629091-853a39\home\.zcode\v2\setting.json {"recentProjects":[],"locale":"zh-CN","localePreference":"en-US","terminalInheritSystemProfile":true,"embeddedBrowserAllowInsecureCertificates":false,"embeddedBrowserViewportPreference":{"mode":"normal","viewport":{"width":393,"height":852},"zoom":"fit"},"computerUseComposerEntryHidden":true,"taskAutoArchiveEnabled":false,"taskAutoArchiveOlderThanDays":7,"closeToTrayOnWindows":false,"closeToTrayOnWindowsMigrationInitialized":true,"keepAwakeWhileRunning":false,"desktopChromiumHardwareAccelerationEnabled":true,"messageStreamShowReasoning":true,"messageStreamShowReasoningMigrationInitialized":true,"messageStreamShowTodos":false,"toolGroupingExploreEnabled":true,"toolGroupingTerminalEnabled":true,"toolGroupingChangesEnabled":false,"zcodeInteractionBehavior":"queue","askUserQuestionAutoResolutionEnabled":false,"modelIoFullRetentionEnabled":false,"startPlanRecommendationDismissed":false,"providerFamilyConnectionSelections":{},"providerFamilyDomain":"zai","providerFamilyDomainMigrated":true,"nativeSearchEnhancementsEnabled":true,"memoryEnabled":false,"lastWorkspaceSession":[{"kind":"local","workspacePath":"C:\\Users\\USER\\Desktop\\Personal\\ZCode\\.tmp\\z1-native-1790566629091-853a39\\workspace","workspacePurpose":"project"},{"kind":"local","workspacePath":"C:\\Users\\USER\\Desktop\\Personal\\ZCode\\.tmp\\z1-native-1790566629091-853a39\\data\\.zcode\\workspace\\default","workspacePurpose":"conversation"}],"lastActiveTabIndex":0,"receivePreviewUpdates":false,"autoDownloadAndInstallUpdates":false,"skippedElectronUpdateVersions":{},"settingsSyncFirstRunPromptHandled":true}
[2026-09-28 11:37:13.870] [pid:38228] [main] [host-log] (local-1) [host] [2026-09-28 11:37:13.870] [pid:33568] [settingService] writing settings to: C:\Users\USER\Desktop\Personal\ZCode\.tmp\z1-native-1790566629091-853a39\home\.zcode\v2\setting.json {"recentProjects":[],"locale":"zh-CN","localePreference":"en-US","terminalInheritSystemProfile":true,"embeddedBrowserAllowInsecureCertificates":false,"embeddedBrowserViewportPreference":{"mode":"normal","viewport":{"width":393,"height":852},"zoom":"fit"},"computerUseComposerEntryHidden":true,"taskAutoArchiveEnabled":false,"taskAutoArchiveOlderThanDays":7,"closeToTrayOnWindows":false,"closeToTrayOnWindowsMigrationInitialized":true,"keepAwakeWhileRunning":false,"desktopChromiumHardwareAccelerationEnabled":true,"messageStreamShowReasoning":true,"messageStreamShowReasoningMigrationInitialized":true,"messageStreamShowTodos":false,"toolGroupingExploreEnabled":true,"toolGroupingTerminalEnabled":true,"toolGroupingChangesEnabled":false,"zcodeInteractionBehavior":"queue","askUserQuestionAutoResolutionEnabled":false,"modelIoFullRetentionEnabled":false,"startPlanRecommendationDismissed":false,"providerFamilyConnectionSelections":{},"providerFamilyDomain":"zai","providerFamilyDomainMigrated":true,"nativeSearchEnhancementsEnabled":true,"memoryEnabled":false,"lastWorkspaceSession":[{"kind":"local","workspacePath":"C:\\Users\\USER\\Desktop\\Personal\\ZCode\\.tmp\\z1-native-1790566629091-853a39\\workspace","workspacePurpose":"project"},{"kind":"local","workspacePath":"C:\\Users\\USER\\Desktop\\Personal\\ZCode\\.tmp\\z1-native-1790566629091-853a39\\data\\.zcode\\workspace\\default","workspacePurpose":"conversation"}],"lastActiveTabIndex":0,"receivePreviewUpdates":false,"autoDownloadAndInstallUpdates":false,"skippedElectronUpdateVersions":{},"settingsSyncFirstRunPromptHandled":true}
[Z1 child] [2026-09-28 11:37:13.874] [pid:33568] [settingService] write done
[2026-09-28 11:37:13.875] [pid:33568] [zcode-host] [rpc:call] settings-sync.markFirstRunPromptHandled OK (5.7ms)
[2026-09-28 11:37:13.875] [pid:38228] [main] [host-log] (local-1) [host] [2026-09-28 11:37:13.874] [pid:33568] [settingService] write done
[2026-09-28 11:37:13.876] [pid:38228] [main] [host-log] (local-1) [host] [2026-09-28 11:37:13.875] [pid:33568] [zcode-host] [rpc:call] settings-sync.markFirstRunPromptHandled OK (5.7ms)
[2026-09-28 11:37:13.950] [pid:38228] [renderer] v4 workspace connection lease released {
  event: 'v4.workspace_connection.release',
  keepWarmMs: 30000,
  key: '__base__ C:\\Users\\USER\\Desktop\\Personal\\ZCode\\.tmp\\z1-native-1790566629091-853a39\\workspace',
  module: 'ui.v4.workspace_connection_registry',
  refCount: 0,
  status: 'keep_warm'
}
[Z1 child] [2026-09-28 11:37:13.970] [pid:33568] [zcode-host] [rpc:call] git.refresh OK (169.4ms)
[2026-09-28 11:37:13.970] [pid:38228] [main] [host-log] (local-1) [host] [2026-09-28 11:37:13.970] [pid:33568] [zcode-host] [rpc:call] git.refresh OK (169.4ms)
[Z1 child] [2026-09-28 11:37:13.976] [pid:33568] [zcode-host] [rpc:call] system.info OK (0.0ms)
[2026-09-28 11:37:13.976] [pid:38228] [main] [host-log] (local-1) [host] [2026-09-28 11:37:13.976] [pid:33568] [zcode-host] [rpc:call] system.info OK (0.0ms)
[2026-09-28 11:37:13.977] [pid:38228] [main] [host-log] (local-1) [host] [2026-09-28 11:37:13.977] [pid:33568] [zcode-host] [rpc:call] file-watcher.watch OK (0.8ms)
[Z1 child] [2026-09-28 11:37:13.977] [pid:33568] [zcode-host] [rpc:call] file-watcher.watch OK (0.8ms)
[2026-09-28 11:37:13.978] [pid:38228] [main] [host-log] (local-1) [host] [2026-09-28 11:37:13.978] [pid:33568] [zcode-host] [rpc:call] file-watcher.watch OK (0.8ms)
[Z1 child] [2026-09-28 11:37:13.978] [pid:33568] [zcode-host] [rpc:call] file-watcher.watch OK (0.8ms)
[Z1 child] [2026-09-28 11:37:13.979] [pid:33568] [zcode-host] [rpc:listen] file-watcher.onDynamicChange subscribed
[2026-09-28 11:37:13.979] [pid:38228] [main] [host-log] (local-1) [host] [2026-09-28 11:37:13.979] [pid:33568] [zcode-host] [rpc:listen] file-watcher.onDynamicChange subscribed
[Z1 child] [2026-09-28 11:37:13.980] [pid:33568] [zcode-host] [rpc:call] file-watcher.unwatch OK (0.1ms)
[2026-09-28 11:37:13.980] [pid:38228] [main] [host-log] (local-1) [host] [2026-09-28 11:37:13.980] [pid:33568] [zcode-host] [rpc:call] file-watcher.unwatch OK (0.1ms)
[Z1 child] [2026-09-28 11:37:13.981] [pid:33568] [zcode-host] [rpc:call] file-watcher.watch OK (0.9ms)
[2026-09-28 11:37:13.981] [pid:38228] [main] [host-log] (local-1) [host] [2026-09-28 11:37:13.981] [pid:33568] [zcode-host] [rpc:call] file-watcher.watch OK (0.9ms)
[Z1 child] [2026-09-28 11:37:13.982] [pid:33568] [zcode-host] [rpc:call] file-watcher.watch OK (0.9ms)
[2026-09-28 11:37:13.982] [pid:38228] [main] [host-log] (local-1) [host] [2026-09-28 11:37:13.982] [pid:33568] [zcode-host] [rpc:call] file-watcher.watch OK (0.9ms)
[Z1 child] [2026-09-28 11:37:13.983] [pid:33568] [zcode-host] [rpc:call] file-watcher.watch OK (0.9ms)
[2026-09-28 11:37:13.983] [pid:38228] [main] [host-log] (local-1) [host] [2026-09-28 11:37:13.983] [pid:33568] [zcode-host] [rpc:call] file-watcher.watch OK (0.9ms)
[2026-09-28 11:37:13.985] [pid:38228] [main] [host-log] (local-1) [host] [2026-09-28 11:37:13.983] [pid:33568] [zcode-host] [rpc:call] file-watcher.unwatch OK (0.0ms)
[2026-09-28 11:37:13.985] [pid:38228] [main] [host-log] (local-1) [host] [2026-09-28 11:37:13.983] [pid:33568] [zcode-host] [rpc:listen] file-watcher.onDynamicChange subscribed
[2026-09-28 11:37:13.986] [pid:38228] [main] [host-log] (local-1) [host] [2026-09-28 11:37:13.983] [pid:33568] [zcode-host] [rpc:listen] file-watcher.onDynamicChange subscribed
[2026-09-28 11:37:13.987] [pid:38228] [main] [host-log] (local-1) [host] [2026-09-28 11:37:13.983] [pid:33568] [zcode-host] [rpc:listen] file-watcher.onDynamicChange subscribed
[Z1 child] [2026-09-28 11:37:13.983] [pid:33568] [zcode-host] [rpc:call] file-watcher.unwatch OK (0.0ms)
[2026-09-28 11:37:13.983] [pid:33568] [zcode-host] [rpc:listen] file-watcher.onDynamicChange subscribed
[2026-09-28 11:37:13.983] [pid:33568] [zcode-host] [rpc:listen] file-watcher.onDynamicChange subscribed
[2026-09-28 11:37:13.983] [pid:33568] [zcode-host] [rpc:listen] file-watcher.onDynamicChange subscribed
[Z1 child] [2026-09-28 11:37:14.212] [pid:33568] [zcode-host] [rpc:call] zcode-agent.subscribeSessionsIndexV4 OK (343.7ms)
[2026-09-28 11:37:14.212] [pid:38228] [main] [host-log] (local-1) [host] [2026-09-28 11:37:14.212] [pid:33568] [zcode-host] [rpc:call] zcode-agent.subscribeSessionsIndexV4 OK (343.7ms)
[2026-09-28 11:37:14.213] [pid:38228] [main] [host-log] (local-1) [host] [2026-09-28 11:37:14.212] [pid:33568] [zcode-host] [rpc:call] window-controller.listTaskList OK (423.9ms)
[2026-09-28 11:37:14.214] [pid:38228] [main] [host-log] (local-1) [host] [2026-09-28 11:37:14.212] [pid:33568] [zcode-host] [rpc:call] window-controller.listTaskList OK (371.5ms)
[2026-09-28 11:37:14.215] [pid:38228] [main] [host-log] (local-1) [host] [2026-09-28 11:37:14.213] [pid:33568] [zcode-agent-service] 为只读会话控制面启动 ZCode agent {"workspaceKey":"C:\\Users\\USER\\Desktop\\Personal\\ZCode\\.tmp\\z1-native-1790566629091-853a39\\workspace","workspacePath":"C:\\Users\\USER\\Desktop\\Personal\\ZCode\\.tmp\\z1-native-1790566629091-853a39\\workspace"}
[2026-09-28 11:37:14.216] [pid:38228] [main] [stability] perf_agent_ready reported {
  pid: 19884,
  runtimeGeneration: 1,
  runtimeInstanceId: 'agent-42123165-9e9c-4888-b23e-99fef3eb5a24',
  startupDurationMs: 731
}
[2026-09-28 11:37:14.217] [pid:38228] [main] [host-log] (local-1) [host] [2026-09-28 11:37:14.213] [pid:33568] [zcode-agent-service] provider/model 就绪，允许 ZCode agent 模型执行 {"modelId":"z1-fixture","providerId":"z1-local-fixture","revision":"model-selection:1","workspaceKey":"C:\\Users\\USER\\Desktop\\Personal\\ZCode\\.tmp\\z1-native-1790566629091-853a39\\workspace","workspacePath":"C:\\Users\\USER\\Desktop\\Personal\\ZCode\\.tmp\\z1-native-1790566629091-853a39\\workspace"}
[2026-09-28 11:37:14.218] [pid:38228] [main] [host-log] (local-1) [host] [2026-09-28 11:37:14.213] [pid:33568] [zcode-agent-service] provider/model 就绪，允许 ZCode agent 模型执行 {"modelId":"z1-fixture","providerId":"z1-local-fixture","revision":"model-selection:1","workspaceKey":"C:\\Users\\USER\\Desktop\\Personal\\ZCode\\.tmp\\z1-native-1790566629091-853a39\\workspace","workspacePath":"C:\\Users\\USER\\Desktop\\Personal\\ZCode\\.tmp\\z1-native-1790566629091-853a39\\workspace"}
[2026-09-28 11:37:14.219] [pid:38228] [main] [host-log] (local-1) [host] [2026-09-28 11:37:14.213] [pid:33568] [zcode-agent-service] provider/model 就绪，允许 ZCode agent 模型执行 {"modelId":"z1-fixture","providerId":"z1-local-fixture","revision":"model-selection:1","workspaceKey":"C:\\Users\\USER\\Desktop\\Personal\\ZCode\\.tmp\\z1-native-1790566629091-853a39\\workspace","workspacePath":"C:\\Users\\USER\\Desktop\\Personal\\ZCode\\.tmp\\z1-native-1790566629091-853a39\\workspace"}
[2026-09-28 11:37:14.219] [pid:38228] [main] [host-log] (local-1) [host] [2026-09-28 11:37:14.213] [pid:33568] [zcode-agent-service] ZCode agent 初始化完成 {"durationMs":969,"transportKind":"stdio","workspaceKey":"C:\\Users\\USER\\Desktop\\Personal\\ZCode\\.tmp\\z1-native-1790566629091-853a39\\workspace","workspacePath":"C:\\Users\\USER\\Desktop\\Personal\\ZCode\\.tmp\\z1-native-1790566629091-853a39\\workspace"}
[2026-09-28 11:37:14.220] [pid:38228] [main] [host-log] (local-1) [host] [2026-09-28 11:37:14.213] [pid:33568] [zcode-host] ZCode agent warmup ready (local host init (1/1)) workspace=C:\Users\USER\Desktop\Personal\ZCode\.tmp\z1-native-1790566629091-853a39\workspace transport=stdio
[Z1 child] [2026-09-28 11:37:14.212] [pid:33568] [zcode-host] [rpc:call] window-controller.listTaskList OK (423.9ms)
[2026-09-28 11:37:14.212] [pid:33568] [zcode-host] [rpc:call] window-controller.listTaskList OK (371.5ms)
[2026-09-28 11:37:14.213] [pid:33568] [zcode-agent-service] 为只读会话控制面启动 ZCode agent {
  workspaceKey: 'C:\\Users\\USER\\Desktop\\Personal\\ZCode\\.tmp\\z1-native-1790566629091-853a39\\workspace',
  workspacePath: 'C:\\Users\\USER\\Desktop\\Personal\\ZCode\\.tmp\\z1-native-1790566629091-853a39\\workspace'
}
[2026-09-28 11:37:14.213] [pid:33568] [zcode-agent-service] provider/model 就绪，允许 ZCode agent 模型执行 {
  modelId: 'z1-fixture',
  providerId: 'z1-local-fixture',
  revision: 'model-selection:1',
  workspaceKey: 'C:\\Users\\USER\\Desktop\\Personal\\ZCode\\.tmp\\z1-native-1790566629091-853a39\\workspace',
  workspacePath: 'C:\\Users\\USER\\Desktop\\Personal\\ZCode\\.tmp\\z1-native-1790566629091-853a39\\workspace'
}
[2026-09-28 11:37:14.213] [pid:33568] [zcode-agent-service] provider/model 就绪，允许 ZCode agent 模型执行 {
  modelId: 'z1-fixture',
  providerId: 'z1-local-fixture',
  revision: 'model-selection:1',
  workspaceKey: 'C:\\Users\\USER\\Desktop\\Personal\\ZCode\\.tmp\\z1-native-1790566629091-853a39\\workspace',
  workspacePath: 'C:\\Users\\USER\\Desktop\\Personal\\ZCode\\.tmp\\z1-native-1790566629091-853a39\\workspace'
}
[2026-09-28 11:37:14.213] [pid:33568] [zcode-agent-service] provider/model 就绪，允许 ZCode agent 模型执行 {
  modelId: 'z1-fixture',
  providerId: 'z1-local-fixture',
  revision: 'model-selection:1',
  workspaceKey: 'C:\\Users\\USER\\Desktop\\Personal\\ZCode\\.tmp\\z1-native-1790566629091-853a39\\workspace',
  workspacePath: 'C:\\Users\\USER\\Desktop\\Personal\\ZCode\\.tmp\\z1-native-1790566629091-853a39\\workspace'
}
[2026-09-28 11:37:14.213] [pid:33568] [zcode-agent-service] ZCode agent 初始化完成 {
  durationMs: 969,
  transportKind: 'stdio',
  workspaceKey: 'C:\\Users\\USER\\Desktop\\Personal\\ZCode\\.tmp\\z1-native-1790566629091-853a39\\workspace',
  workspacePath: 'C:\\Users\\USER\\Desktop\\Personal\\ZCode\\.tmp\\z1-native-1790566629091-853a39\\workspace'
}
[2026-09-28 11:37:14.213] [pid:33568] [zcode-host] ZCode agent warmup ready (local host init (1/1)) workspace=C:\Users\USER\Desktop\Personal\ZCode\.tmp\z1-native-1790566629091-853a39\workspace transport=stdio
[Z1 child] [2026-09-28 11:37:14.234] [pid:33568] [zcode-agent-service] account provider config 已交付到 ZCode agent {
  providerCount: 8,
  reason: 'startup_ready:model_selection_changed',
  receivedRevision: 'account:["zcode-builtin:30:37c98f52e012152b51539b4ea6fe2c350a5f2b4114b25ca418c856605544cc9d",[{"providerId":"account:zai-individual-coding-plan","config":{"access":{"type":"zhipu-account","entitled":false}}},{"providerId":"account:zai-team-coding-plan","config":{"access":{"type":"zhipu-account","entitled":false}}},{"providerId":"account:zai-start-plan","config":{"access":{"type":"zhipu-account","entitled":false}}},{"providerId":"account:bigmodel-individual-coding-plan","config":{"access":{"type":"zhipu-account","entitled":false}}},{"providerId":"account:bigmodel-team-coding-plan","config":{"access":{"type":"zhipu-account","entitled":false}}},{"providerId":"account:bigmodel-start-plan","config":{"access":{"type":"zhipu-account","entitled":false}}},{"providerId":"account:zai-offpeak-idle-plan","config":{"access":{"type":"zhipu-account","entitled":false}}},{"providerId":"account:bigmodel-offpeak-idle-plan","config":{"access":{"type":"zhipu-account","entitled":false}}}],{"account:zai-individual-coding-plan":{"availability":"unavailable","entitled":false,"unavailableReason":"not-connected","current":false,"connectionKey":"41717a7a173a5e88981ed3b30d6c754715277dce3b302a8e7b1386cdf57b9b4c"},"account:zai-team-coding-plan":{"availability":"unavailable","entitled":false,"unavailableReason":"not-connected","current":false,"connectionKey":"41717a7a173a5e88981ed3b30d6c754715277dce3b302a8e7b1386cdf57b9b4c"},"account:zai-start-plan":{"availability":"unavailable","entitled":false,"unavailableReason":"not-connected","current":false,"connectionKey":"b20a8f39ea1865b9bdbc4f21e0774500034895a93cdf0c737917b6532ebedcea"},"account:bigmodel-individual-coding-plan":{"availability":"unavailable","entitled":false,"unavailableReason":"not-connected","current":false,"connectionKey":"145736c8450a04bf4ba21aee47794f53d87ea79c5dc4cc5b9f27fbf5b6038d53"},"account:bigmodel-team-coding-plan":{"availability":"unavailable","entitled":false,"unavailableReason":"not-connected","current":false,"connectionKey":"145736c8450a04bf4ba21aee47794f53d87ea79c5dc4cc5b9f27fbf5b6038d53"},"account:bigmodel-start-plan":{"availability":"unavailable","entitled":false,"unavailableReason":"not-connected","current":false,"connectionKey":"116fde2fcda0bb10f88164a63caadb0a0ec8611edcf75b35a9924684f9ba84bd"},"account:zai-offpeak-idle-plan":{"availability":"unavailable","entitled":false},"account:bigmodel-offpeak-idle-plan":{"availability":"unavailable","entitled":false}}]',
  status: 'received'
}
[2026-09-28 11:37:14.234] [pid:38228] [main] [host-log] (local-1) [host] [2026-09-28 11:37:14.234] [pid:33568] [zcode-agent-service] account provider config 已交付到 ZCode agent {"providerCount":8,"reason":"startup_ready:model_selection_changed","receivedRevision":"account:[\"zcode-builtin:30:37c98f52e012152b51539b4ea6fe2c350a5f2b4114b25ca418c856605544cc9d\",[{\"providerId\":\"account:zai-individual-coding-plan\",\"config\":{\"access\":{\"type\":\"zhipu-account\",\"entitled\":false}}},{\"providerId\":\"account:zai-team-coding-plan\",\"config\":{\"access\":{\"type\":\"zhipu-account\",\"entitled\":false}}},{\"providerId\":\"account:zai-start-plan\",\"config\":{\"access\":{\"type\":\"zhipu-account\",\"entitled\":false}}},{\"providerId\":\"account:bigmodel-individual-coding-plan\",\"config\":{\"access\":{\"type\":\"zhipu-account\",\"entitled\":false}}},{\"providerId\":\"account:bigmodel-team-coding-plan\",\"config\":{\"access\":{\"type\":\"zhipu-account\",\"entitled\":false}}},{\"providerId\":\"account:bigmodel-start-plan\",\"config\":{\"access\":{\"type\":\"zhipu-account\",\"entitled\":false}}},{\"providerId\":\"account:zai-offpeak-idle-plan\",\"config\":{\"access\":{\"type\":\"zhipu-account\",\"entitled\":false}}},{\"providerId\":\"account:bigmodel-offpeak-idle-plan\",\"config\":{\"access\":{\"type\":\"zhipu-account\",\"entitled\":false}}}],{\"account:zai-individual-coding-plan\":{\"availability\":\"unavailable\",\"entitled\":false,\"unavailableReason\":\"not-connected\",\"current\":false,\"connectionKey\":\"41717a7a173a5e88981ed3b30d6c754715277dce3b302a8e7b1386cdf57b9b4c\"},\"account:zai-team-coding-plan\":{\"availability\":\"unavailable\",\"entitled\":false,\"unavailableReason\":\"not-connected\",\"current\":false,\"connectionKey\":\"41717a7a173a5e88981ed3b30d6c754715277dce3b302a8e7b1386cdf57b9b4c\"},\"account:zai-start-plan\":{\"availability\":\"unavailable\",\"entitled\":false,\"unavailableReason\":\"not-connected\",\"current\":false,\"connectionKey\":\"b20a8f39ea1865b9bdbc4f21e0774500034895a93cdf0c737917b6532ebedcea\"},\"account:bigmodel-individual-coding-plan\":{\"availability\":\"unavailable\",\"entitled\":false,\"unavailableReason\":\"not-connected\",\"current\":false,\"connectionKey\":\"145736c8450a04bf4ba21aee47794f53d87ea79c5dc4cc5b9f27fbf5b6038d53\"},\"account:bigmodel-team-coding-plan\":{\"availability\":\"unavailable\",\"entitled\":false,\"unavailableReason\":\"not-connected\",\"current\":false,\"connectionKey\":\"145736c8450a04bf4ba21aee47794f53d87ea79c5dc4cc5b9f27fbf5b6038d53\"},\"account:bigmodel-start-plan\":{\"availability\":\"unavailable\",\"entitled\":false,\"unavailableReason\":\"not-connected\",\"current\":false,\"connectionKey\":\"116fde2fcda0bb10f88164a63caadb0a0ec8611edcf75b35a9924684f9ba84bd\"},\"account:zai-offpeak-idle-plan\":{\"availability\":\"unavailable\",\"entitled\":false},\"account:bigmodel-offpeak-idle-plan\":{\"availability\":\"unavailable\",\"entitled\":false}}]","status":"received"}
[2026-09-28 11:37:14.235] [pid:38228] [main] [host-log] (local-1) [host] [2026-09-28 11:37:14.234] [pid:33568] [zcode-agent-service] provider/model 就绪后已启动等待中的 ZCode agent {"providerCount":1,"reason":"model_selection_changed","revision":"model-selection:1","workspaceKey":"C:\\Users\\USER\\Desktop\\Personal\\ZCode\\.tmp\\z1-native-1790566629091-853a39\\workspace","workspacePath":"C:\\Users\\USER\\Desktop\\Personal\\ZCode\\.tmp\\z1-native-1790566629091-853a39\\workspace"}
[Z1 child] [2026-09-28 11:37:14.234] [pid:33568] [zcode-agent-service] provider/model 就绪后已启动等待中的 ZCode agent {
  providerCount: 1,
  reason: 'model_selection_changed',
  revision: 'model-selection:1',
  workspaceKey: 'C:\\Users\\USER\\Desktop\\Personal\\ZCode\\.tmp\\z1-native-1790566629091-853a39\\workspace',
  workspacePath: 'C:\\Users\\USER\\Desktop\\Personal\\ZCode\\.tmp\\z1-native-1790566629091-853a39\\workspace'
}
[Z1 child] [2026-09-28 11:37:14.263] [pid:33568] [zcode-host] [rpc:listen] graphEngineering.onDidChange subscribed
[2026-09-28 11:37:14.263] [pid:38228] [main] [host-log] (local-1) [host] [2026-09-28 11:37:14.263] [pid:33568] [zcode-host] [rpc:listen] graphEngineering.onDidChange subscribed
[Z1 child] [2026-09-28 11:37:14.266] [pid:33568] [settingService] reading settings from: C:\Users\USER\Desktop\Personal\ZCode\.tmp\z1-native-1790566629091-853a39\home\.zcode\v2\setting.json
[Z1 child] [2026-09-28 11:37:14.267] [pid:33568] [settingService] read result: {"recentProjects":[],"locale":"zh-CN","localePreference":"en-US","terminalInheritSystemProfile":true,"embeddedBrowserAllowInsecureCertificates":false,"embeddedBrowserViewportPreference":{"mode":"normal","viewport":{"width":393,"height":852},"zoom":"fit"},"computerUseComposerEntryHidden":true,"taskAutoArchiveEnabled":false,"taskAutoArchiveOlderThanDays":7,"closeToTrayOnWindows":false,"closeToTrayOnWindowsMigrationInitialized":true,"keepAwakeWhileRunning":false,"desktopChromiumHardwareAccelerationEnabled":true,"messageStreamShowReasoning":true,"messageStreamShowReasoningMigrationInitialized":true,"messageStreamShowTodos":false,"toolGroupingExploreEnabled":true,"toolGroupingTerminalEnabled":true,"toolGroupingChangesEnabled":false,"zcodeInteractionBehavior":"queue","askUserQuestionAutoResolutionEnabled":false,"modelIoFullRetentionEnabled":false,"startPlanRecommendationDismissed":false,"providerFamilyConnectionSelections":{},"providerFamilyDomain":"zai","providerFamilyDomainMigrated":true,"nativeSearchEnhancementsEnabled":true,"memoryEnabled":false,"lastWorkspaceSession":[{"kind":"local","workspacePath":"C:\\Users\\USER\\Desktop\\Personal\\ZCode\\.tmp\\z1-native-1790566629091-853a39\\workspace","workspacePurpose":"project"},{"kind":"local","workspacePath":"C:\\Users\\USER\\Desktop\\Personal\\ZCode\\.tmp\\z1-native-1790566629091-853a39\\data\\.zcode\\workspace\\default","workspacePurpose":"conversation"}],"lastActiveTabIndex":0,"receivePreviewUpdates":false,"autoDownloadAndInstallUpdates":false,"skippedElectronUpdateVersions":{},"settingsSyncFirstRunPromptHandled":true}
[Z1 child] [2026-09-28 11:37:14.267] [pid:33568] [zcode-host] [rpc:call] graphEngineering.getWorkspace OK (4.1ms)
[2026-09-28 11:37:14.267] [pid:38228] [main] [host-log] (local-1) [host] [2026-09-28 11:37:14.267] [pid:33568] [zcode-host] [rpc:call] graphEngineering.getWorkspace OK (4.1ms)
[Z1 child] [2026-09-28 11:37:14.277] [pid:33568] [settingService] reading settings from: C:\Users\USER\Desktop\Personal\ZCode\.tmp\z1-native-1790566629091-853a39\home\.zcode\v2\setting.json
[Z1 child] [2026-09-28 11:37:14.278] [pid:33568] [settingService] read result: {"recentProjects":[],"locale":"zh-CN","localePreference":"en-US","terminalInheritSystemProfile":true,"embeddedBrowserAllowInsecureCertificates":false,"embeddedBrowserViewportPreference":{"mode":"normal","viewport":{"width":393,"height":852},"zoom":"fit"},"computerUseComposerEntryHidden":true,"taskAutoArchiveEnabled":false,"taskAutoArchiveOlderThanDays":7,"closeToTrayOnWindows":false,"closeToTrayOnWindowsMigrationInitialized":true,"keepAwakeWhileRunning":false,"desktopChromiumHardwareAccelerationEnabled":true,"messageStreamShowReasoning":true,"messageStreamShowReasoningMigrationInitialized":true,"messageStreamShowTodos":false,"toolGroupingExploreEnabled":true,"toolGroupingTerminalEnabled":true,"toolGroupingChangesEnabled":false,"zcodeInteractionBehavior":"queue","askUserQuestionAutoResolutionEnabled":false,"modelIoFullRetentionEnabled":false,"startPlanRecommendationDismissed":false,"providerFamilyConnectionSelections":{},"providerFamilyDomain":"zai","providerFamilyDomainMigrated":true,"nativeSearchEnhancementsEnabled":true,"memoryEnabled":false,"lastWorkspaceSession":[{"kind":"local","workspacePath":"C:\\Users\\USER\\Desktop\\Personal\\ZCode\\.tmp\\z1-native-1790566629091-853a39\\workspace","workspacePurpose":"project"},{"kind":"local","workspacePath":"C:\\Users\\USER\\Desktop\\Personal\\ZCode\\.tmp\\z1-native-1790566629091-853a39\\data\\.zcode\\workspace\\default","workspacePurpose":"conversation"}],"lastActiveTabIndex":0,"receivePreviewUpdates":false,"autoDownloadAndInstallUpdates":false,"skippedElectronUpdateVersions":{},"settingsSyncFirstRunPromptHandled":true}
[2026-09-28 11:37:14.278] [pid:33568] [zcode-host] [rpc:call] setting.get OK (0.8ms)
[2026-09-28 11:37:14.278] [pid:38228] [main] [host-log] (local-1) [host] [2026-09-28 11:37:14.278] [pid:33568] [zcode-host] [rpc:call] setting.get OK (0.8ms)
[Z1 child] [2026-09-28 11:37:14.284] [pid:33568] [zcode-host] [rpc:listen] model-selection.onDidChange subscribed
[2026-09-28 11:37:14.284] [pid:38228] [main] [host-log] (local-1) [host] [2026-09-28 11:37:14.284] [pid:33568] [zcode-host] [rpc:listen] model-selection.onDidChange subscribed
[Z1 child] [2026-09-28 11:37:14.285] [pid:33568] [zcode-host] [rpc:call] graphEngineering.validateDefinition OK (0.7ms)
[2026-09-28 11:37:14.285] [pid:38228] [main] [host-log] (local-1) [host] [2026-09-28 11:37:14.285] [pid:33568] [zcode-host] [rpc:call] graphEngineering.validateDefinition OK (0.7ms)
[Z1 child] [2026-09-28 11:37:14.285] [pid:33568] [zcode-host] [rpc:call] model-selection.getView OK (1.4ms)
[2026-09-28 11:37:14.286] [pid:38228] [main] [host-log] (local-1) [host] [2026-09-28 11:37:14.285] [pid:33568] [zcode-host] [rpc:call] model-selection.getView OK (1.4ms)
[Z1 child] [2026-09-28 11:37:14.305] [pid:33568] [zcode-agent-service] ZCode Protocol workspace/readPresentation 完成 {
  durationMs: 443,
  slashCommandCount: 4,
  workspaceKey: 'C:\\Users\\USER\\Desktop\\Personal\\ZCode\\.tmp\\z1-native-1790566629091-853a39\\workspace',
  workspacePath: 'C:\\Users\\USER\\Desktop\\Personal\\ZCode\\.tmp\\z1-native-1790566629091-853a39\\workspace'
}
[2026-09-28 11:37:14.305] [pid:33568] [zcode-host] [rpc:call] zcode-session.readWorkspacePresentation OK (443.8ms)
[2026-09-28 11:37:14.306] [pid:38228] [main] [host-log] (local-1) [host] [2026-09-28 11:37:14.305] [pid:33568] [zcode-agent-service] ZCode Protocol workspace/readPresentation 完成 {"durationMs":443,"slashCommandCount":4,"workspaceKey":"C:\\Users\\USER\\Desktop\\Personal\\ZCode\\.tmp\\z1-native-1790566629091-853a39\\workspace","workspacePath":"C:\\Users\\USER\\Desktop\\Personal\\ZCode\\.tmp\\z1-native-1790566629091-853a39\\workspace"}
[2026-09-28 11:37:14.306] [pid:38228] [main] [host-log] (local-1) [host] [2026-09-28 11:37:14.305] [pid:33568] [zcode-host] [rpc:call] zcode-session.readWorkspacePresentation OK (443.8ms)
[Z1 child] [2026-09-28 11:37:14.310] [pid:33568] [settingService] reading settings from: C:\Users\USER\Desktop\Personal\ZCode\.tmp\z1-native-1790566629091-853a39\home\.zcode\v2\setting.json
[Z1 child] [2026-09-28 11:37:14.311] [pid:33568] [settingService] read result: {"recentProjects":[],"locale":"zh-CN","localePreference":"en-US","terminalInheritSystemProfile":true,"embeddedBrowserAllowInsecureCertificates":false,"embeddedBrowserViewportPreference":{"mode":"normal","viewport":{"width":393,"height":852},"zoom":"fit"},"computerUseComposerEntryHidden":true,"taskAutoArchiveEnabled":false,"taskAutoArchiveOlderThanDays":7,"closeToTrayOnWindows":false,"closeToTrayOnWindowsMigrationInitialized":true,"keepAwakeWhileRunning":false,"desktopChromiumHardwareAccelerationEnabled":true,"messageStreamShowReasoning":true,"messageStreamShowReasoningMigrationInitialized":true,"messageStreamShowTodos":false,"toolGroupingExploreEnabled":true,"toolGroupingTerminalEnabled":true,"toolGroupingChangesEnabled":false,"zcodeInteractionBehavior":"queue","askUserQuestionAutoResolutionEnabled":false,"modelIoFullRetentionEnabled":false,"startPlanRecommendationDismissed":false,"providerFamilyConnectionSelections":{},"providerFamilyDomain":"zai","providerFamilyDomainMigrated":true,"nativeSearchEnhancementsEnabled":true,"memoryEnabled":false,"lastWorkspaceSession":[{"kind":"local","workspacePath":"C:\\Users\\USER\\Desktop\\Personal\\ZCode\\.tmp\\z1-native-1790566629091-853a39\\workspace","workspacePurpose":"project"},{"kind":"local","workspacePath":"C:\\Users\\USER\\Desktop\\Personal\\ZCode\\.tmp\\z1-native-1790566629091-853a39\\data\\.zcode\\workspace\\default","workspacePurpose":"conversation"}],"lastActiveTabIndex":0,"receivePreviewUpdates":false,"autoDownloadAndInstallUpdates":false,"skippedElectronUpdateVersions":{},"settingsSyncFirstRunPromptHandled":true}
[Z1 child] [2026-09-28 11:37:14.375] [pid:33568] [zcode-host] [rpc:call] zcode-agent.sendConversationCommandV4 OK (506.7ms)
[2026-09-28 11:37:14.375] [pid:38228] [main] [stability] perf_app_start reported
[2026-09-28 11:37:14.376] [pid:38228] [main] [host-log] (local-1) [host] [2026-09-28 11:37:14.375] [pid:33568] [zcode-host] [rpc:call] zcode-agent.sendConversationCommandV4 OK (506.7ms)
[Z1 child] [2026-09-28 11:37:14.389] [pid:33568] [zcode-host] [rpc:call] zcode-agent.sendConversationCommandV4 OK (13.2ms)
[2026-09-28 11:37:14.390] [pid:38228] [main] [host-log] (local-1) [host] [2026-09-28 11:37:14.389] [pid:33568] [zcode-host] [rpc:call] zcode-agent.sendConversationCommandV4 OK (13.2ms)
[Z1 child] [2026-09-28 11:37:14.414] [pid:33568] [zcode-host] [rpc:call] graphWorkflow.list OK (2.1ms)
[2026-09-28 11:37:14.415] [pid:38228] [main] [host-log] (local-1) [host] [2026-09-28 11:37:14.414] [pid:33568] [zcode-host] [rpc:call] graphWorkflow.list OK (2.1ms)
[Z1 child] [2026-09-28 11:37:14.420] [pid:33568] [zcode-host] [rpc:call] graphEngineering.recipes OK (7.7ms)
[2026-09-28 11:37:14.420] [pid:38228] [main] [host-log] (local-1) [host] [2026-09-28 11:37:14.420] [pid:33568] [zcode-host] [rpc:call] graphEngineering.recipes OK (7.7ms)
[Z1 child] [2026-09-28 11:37:14.542] [pid:33568] [zcode-host] [rpc:call] graphEngineering.recipes OK (4.1ms)
[2026-09-28 11:37:14.543] [pid:38228] [main] [host-log] (local-1) [host] [2026-09-28 11:37:14.542] [pid:33568] [zcode-host] [rpc:call] graphEngineering.recipes OK (4.1ms)
[Z1 child] [2026-09-28 11:37:14.706] [pid:33568] [zcode-host] [rpc:call] graphWorkflow.instantiate OK (18.2ms)
[2026-09-28 11:37:14.707] [pid:38228] [main] [host-log] (local-1) [host] [2026-09-28 11:37:14.706] [pid:33568] [zcode-host] [rpc:call] graphWorkflow.instantiate OK (18.2ms)
[Z1 child] [2026-09-28 11:37:14.707] [pid:33568] [settingService] reading settings from: C:\Users\USER\Desktop\Personal\ZCode\.tmp\z1-native-1790566629091-853a39\home\.zcode\v2\setting.json
[2026-09-28 11:37:14.707] [pid:33568] [settingService] read result: {"recentProjects":[],"locale":"zh-CN","localePreference":"en-US","terminalInheritSystemProfile":true,"embeddedBrowserAllowInsecureCertificates":false,"embeddedBrowserViewportPreference":{"mode":"normal","viewport":{"width":393,"height":852},"zoom":"fit"},"computerUseComposerEntryHidden":true,"taskAutoArchiveEnabled":false,"taskAutoArchiveOlderThanDays":7,"closeToTrayOnWindows":false,"closeToTrayOnWindowsMigrationInitialized":true,"keepAwakeWhileRunning":false,"desktopChromiumHardwareAccelerationEnabled":true,"messageStreamShowReasoning":true,"messageStreamShowReasoningMigrationInitialized":true,"messageStreamShowTodos":false,"toolGroupingExploreEnabled":true,"toolGroupingTerminalEnabled":true,"toolGroupingChangesEnabled":false,"zcodeInteractionBehavior":"queue","askUserQuestionAutoResolutionEnabled":false,"modelIoFullRetentionEnabled":false,"startPlanRecommendationDismissed":false,"providerFamilyConnectionSelections":{},"providerFamilyDomain":"zai","providerFamilyDomainMigrated":true,"nativeSearchEnhancementsEnabled":true,"memoryEnabled":false,"lastWorkspaceSession":[{"kind":"local","workspacePath":"C:\\Users\\USER\\Desktop\\Personal\\ZCode\\.tmp\\z1-native-1790566629091-853a39\\workspace","workspacePurpose":"project"},{"kind":"local","workspacePath":"C:\\Users\\USER\\Desktop\\Personal\\ZCode\\.tmp\\z1-native-1790566629091-853a39\\data\\.zcode\\workspace\\default","workspacePurpose":"conversation"}],"lastActiveTabIndex":0,"receivePreviewUpdates":false,"autoDownloadAndInstallUpdates":false,"skippedElectronUpdateVersions":{},"settingsSyncFirstRunPromptHandled":true}
[Z1 child] [2026-09-28 11:37:14.708] [pid:33568] [zcode-host] [rpc:call] graphEngineering.getWorkspace OK (1.2ms)
[2026-09-28 11:37:14.708] [pid:38228] [main] [host-log] (local-1) [host] [2026-09-28 11:37:14.708] [pid:33568] [zcode-host] [rpc:call] graphEngineering.getWorkspace OK (1.2ms)
[Z1 child] [2026-09-28 11:37:14.708] [pid:33568] [settingService] reading settings from: C:\Users\USER\Desktop\Personal\ZCode\.tmp\z1-native-1790566629091-853a39\home\.zcode\v2\setting.json
[2026-09-28 11:37:14.709] [pid:33568] [settingService] read result: {"recentProjects":[],"locale":"zh-CN","localePreference":"en-US","terminalInheritSystemProfile":true,"embeddedBrowserAllowInsecureCertificates":false,"embeddedBrowserViewportPreference":{"mode":"normal","viewport":{"width":393,"height":852},"zoom":"fit"},"computerUseComposerEntryHidden":true,"taskAutoArchiveEnabled":false,"taskAutoArchiveOlderThanDays":7,"closeToTrayOnWindows":false,"closeToTrayOnWindowsMigrationInitialized":true,"keepAwakeWhileRunning":false,"desktopChromiumHardwareAccelerationEnabled":true,"messageStreamShowReasoning":true,"messageStreamShowReasoningMigrationInitialized":true,"messageStreamShowTodos":false,"toolGroupingExploreEnabled":true,"toolGroupingTerminalEnabled":true,"toolGroupingChangesEnabled":false,"zcodeInteractionBehavior":"queue","askUserQuestionAutoResolutionEnabled":false,"modelIoFullRetentionEnabled":false,"startPlanRecommendationDismissed":false,"providerFamilyConnectionSelections":{},"providerFamilyDomain":"zai","providerFamilyDomainMigrated":true,"nativeSearchEnhancementsEnabled":true,"memoryEnabled":false,"lastWorkspaceSession":[{"kind":"local","workspacePath":"C:\\Users\\USER\\Desktop\\Personal\\ZCode\\.tmp\\z1-native-1790566629091-853a39\\workspace","workspacePurpose":"project"},{"kind":"local","workspacePath":"C:\\Users\\USER\\Desktop\\Personal\\ZCode\\.tmp\\z1-native-1790566629091-853a39\\data\\.zcode\\workspace\\default","workspacePurpose":"conversation"}],"lastActiveTabIndex":0,"receivePreviewUpdates":false,"autoDownloadAndInstallUpdates":false,"skippedElectronUpdateVersions":{},"settingsSyncFirstRunPromptHandled":true}
[Z1 child] [2026-09-28 11:37:14.709] [pid:33568] [zcode-host] [rpc:call] graphEngineering.getWorkspace OK (2.1ms)
[2026-09-28 11:37:14.709] [pid:38228] [main] [host-log] (local-1) [host] [2026-09-28 11:37:14.709] [pid:33568] [zcode-host] [rpc:call] graphEngineering.getWorkspace OK (2.1ms)
[Z1 child] [2026-09-28 11:37:14.720] [pid:33568] [settingService] reading settings from: C:\Users\USER\Desktop\Personal\ZCode\.tmp\z1-native-1790566629091-853a39\home\.zcode\v2\setting.json
[Z1 child] [2026-09-28 11:37:14.720] [pid:33568] [settingService] read result: {"recentProjects":[],"locale":"zh-CN","localePreference":"en-US","terminalInheritSystemProfile":true,"embeddedBrowserAllowInsecureCertificates":false,"embeddedBrowserViewportPreference":{"mode":"normal","viewport":{"width":393,"height":852},"zoom":"fit"},"computerUseComposerEntryHidden":true,"taskAutoArchiveEnabled":false,"taskAutoArchiveOlderThanDays":7,"closeToTrayOnWindows":false,"closeToTrayOnWindowsMigrationInitialized":true,"keepAwakeWhileRunning":false,"desktopChromiumHardwareAccelerationEnabled":true,"messageStreamShowReasoning":true,"messageStreamShowReasoningMigrationInitialized":true,"messageStreamShowTodos":false,"toolGroupingExploreEnabled":true,"toolGroupingTerminalEnabled":true,"toolGroupingChangesEnabled":false,"zcodeInteractionBehavior":"queue","askUserQuestionAutoResolutionEnabled":false,"modelIoFullRetentionEnabled":false,"startPlanRecommendationDismissed":false,"providerFamilyConnectionSelections":{},"providerFamilyDomain":"zai","providerFamilyDomainMigrated":true,"nativeSearchEnhancementsEnabled":true,"memoryEnabled":false,"lastWorkspaceSession":[{"kind":"local","workspacePath":"C:\\Users\\USER\\Desktop\\Personal\\ZCode\\.tmp\\z1-native-1790566629091-853a39\\workspace","workspacePurpose":"project"},{"kind":"local","workspacePath":"C:\\Users\\USER\\Desktop\\Personal\\ZCode\\.tmp\\z1-native-1790566629091-853a39\\data\\.zcode\\workspace\\default","workspacePurpose":"conversation"}],"lastActiveTabIndex":0,"receivePreviewUpdates":false,"autoDownloadAndInstallUpdates":false,"skippedElectronUpdateVersions":{},"settingsSyncFirstRunPromptHandled":true}
[2026-09-28 11:37:14.720] [pid:33568] [zcode-host] [rpc:call] setting.get OK (0.5ms)
[2026-09-28 11:37:14.720] [pid:38228] [main] [host-log] (local-1) [host] [2026-09-28 11:37:14.720] [pid:33568] [zcode-host] [rpc:call] setting.get OK (0.5ms)
[Z1 child] [2026-09-28 11:37:14.726] [pid:33568] [zcode-host] [rpc:call] graphEngineering.validateDefinition OK (0.4ms)
[2026-09-28 11:37:14.727] [pid:38228] [main] [host-log] (local-1) [host] [2026-09-28 11:37:14.726] [pid:33568] [zcode-host] [rpc:call] graphEngineering.validateDefinition OK (0.4ms)
[Z1 child] [2026-09-28 11:37:14.767] [pid:33568] [zcode-host] [rpc:call] graphEngineering.saveDefinition OK (2.5ms)
[2026-09-28 11:37:14.767] [pid:38228] [main] [host-log] (local-1) [host] [2026-09-28 11:37:14.767] [pid:33568] [zcode-host] [rpc:call] graphEngineering.saveDefinition OK (2.5ms)
[Z1 child] [2026-09-28 11:37:14.775] [pid:33568] [settingService] reading settings from: C:\Users\USER\Desktop\Personal\ZCode\.tmp\z1-native-1790566629091-853a39\home\.zcode\v2\setting.json
[Z1 child] [2026-09-28 11:37:14.776] [pid:33568] [settingService] read result: {"recentProjects":[],"locale":"zh-CN","localePreference":"en-US","terminalInheritSystemProfile":true,"embeddedBrowserAllowInsecureCertificates":false,"embeddedBrowserViewportPreference":{"mode":"normal","viewport":{"width":393,"height":852},"zoom":"fit"},"computerUseComposerEntryHidden":true,"taskAutoArchiveEnabled":false,"taskAutoArchiveOlderThanDays":7,"closeToTrayOnWindows":false,"closeToTrayOnWindowsMigrationInitialized":true,"keepAwakeWhileRunning":false,"desktopChromiumHardwareAccelerationEnabled":true,"messageStreamShowReasoning":true,"messageStreamShowReasoningMigrationInitialized":true,"messageStreamShowTodos":false,"toolGroupingExploreEnabled":true,"toolGroupingTerminalEnabled":true,"toolGroupingChangesEnabled":false,"zcodeInteractionBehavior":"queue","askUserQuestionAutoResolutionEnabled":false,"modelIoFullRetentionEnabled":false,"startPlanRecommendationDismissed":false,"providerFamilyConnectionSelections":{},"providerFamilyDomain":"zai","providerFamilyDomainMigrated":true,"nativeSearchEnhancementsEnabled":true,"memoryEnabled":false,"lastWorkspaceSession":[{"kind":"local","workspacePath":"C:\\Users\\USER\\Desktop\\Personal\\ZCode\\.tmp\\z1-native-1790566629091-853a39\\workspace","workspacePurpose":"project"},{"kind":"local","workspacePath":"C:\\Users\\USER\\Desktop\\Personal\\ZCode\\.tmp\\z1-native-1790566629091-853a39\\data\\.zcode\\workspace\\default","workspacePurpose":"conversation"}],"lastActiveTabIndex":0,"receivePreviewUpdates":false,"autoDownloadAndInstallUpdates":false,"skippedElectronUpdateVersions":{},"settingsSyncFirstRunPromptHandled":true}
[Z1 child] [2026-09-28 11:37:14.776] [pid:33568] [zcode-host] [rpc:call] graphEngineering.getWorkspace OK (1.3ms)
[2026-09-28 11:37:14.777] [pid:38228] [main] [host-log] (local-1) [host] [2026-09-28 11:37:14.776] [pid:33568] [zcode-host] [rpc:call] graphEngineering.getWorkspace OK (1.3ms)
[Z1 child] [2026-09-28 11:37:14.777] [pid:33568] [settingService] reading settings from: C:\Users\USER\Desktop\Personal\ZCode\.tmp\z1-native-1790566629091-853a39\home\.zcode\v2\setting.json
[2026-09-28 11:37:14.777] [pid:33568] [settingService] read result: {"recentProjects":[],"locale":"zh-CN","localePreference":"en-US","terminalInheritSystemProfile":true,"embeddedBrowserAllowInsecureCertificates":false,"embeddedBrowserViewportPreference":{"mode":"normal","viewport":{"width":393,"height":852},"zoom":"fit"},"computerUseComposerEntryHidden":true,"taskAutoArchiveEnabled":false,"taskAutoArchiveOlderThanDays":7,"closeToTrayOnWindows":false,"closeToTrayOnWindowsMigrationInitialized":true,"keepAwakeWhileRunning":false,"desktopChromiumHardwareAccelerationEnabled":true,"messageStreamShowReasoning":true,"messageStreamShowReasoningMigrationInitialized":true,"messageStreamShowTodos":false,"toolGroupingExploreEnabled":true,"toolGroupingTerminalEnabled":true,"toolGroupingChangesEnabled":false,"zcodeInteractionBehavior":"queue","askUserQuestionAutoResolutionEnabled":false,"modelIoFullRetentionEnabled":false,"startPlanRecommendationDismissed":false,"providerFamilyConnectionSelections":{},"providerFamilyDomain":"zai","providerFamilyDomainMigrated":true,"nativeSearchEnhancementsEnabled":true,"memoryEnabled":false,"lastWorkspaceSession":[{"kind":"local","workspacePath":"C:\\Users\\USER\\Desktop\\Personal\\ZCode\\.tmp\\z1-native-1790566629091-853a39\\workspace","workspacePurpose":"project"},{"kind":"local","workspacePath":"C:\\Users\\USER\\Desktop\\Personal\\ZCode\\.tmp\\z1-native-1790566629091-853a39\\data\\.zcode\\workspace\\default","workspacePurpose":"conversation"}],"lastActiveTabIndex":0,"receivePreviewUpdates":false,"autoDownloadAndInstallUpdates":false,"skippedElectronUpdateVersions":{},"settingsSyncFirstRunPromptHandled":true}
[Z1 child] [2026-09-28 11:37:14.784] [pid:33568] [zcode-host] [rpc:call] graphEngineering.validateDefinition OK (0.4ms)
[2026-09-28 11:37:14.784] [pid:38228] [main] [host-log] (local-1) [host] [2026-09-28 11:37:14.784] [pid:33568] [zcode-host] [rpc:call] graphEngineering.validateDefinition OK (0.4ms)
[Z1 child] [2026-09-28 11:37:14.831] [pid:33568] [zcode-host] [rpc:call] graphWorkflow.prepare OK (55.5ms)
[2026-09-28 11:37:14.831] [pid:38228] [main] [host-log] (local-1) [host] [2026-09-28 11:37:14.831] [pid:33568] [zcode-host] [rpc:call] graphWorkflow.prepare OK (55.5ms)
[Z1 child] [2026-09-28 11:37:14.832] [pid:33568] [settingService] reading settings from: C:\Users\USER\Desktop\Personal\ZCode\.tmp\z1-native-1790566629091-853a39\home\.zcode\v2\setting.json
[2026-09-28 11:37:14.832] [pid:33568] [settingService] read result: {"recentProjects":[],"locale":"zh-CN","localePreference":"en-US","terminalInheritSystemProfile":true,"embeddedBrowserAllowInsecureCertificates":false,"embeddedBrowserViewportPreference":{"mode":"normal","viewport":{"width":393,"height":852},"zoom":"fit"},"computerUseComposerEntryHidden":true,"taskAutoArchiveEnabled":false,"taskAutoArchiveOlderThanDays":7,"closeToTrayOnWindows":false,"closeToTrayOnWindowsMigrationInitialized":true,"keepAwakeWhileRunning":false,"desktopChromiumHardwareAccelerationEnabled":true,"messageStreamShowReasoning":true,"messageStreamShowReasoningMigrationInitialized":true,"messageStreamShowTodos":false,"toolGroupingExploreEnabled":true,"toolGroupingTerminalEnabled":true,"toolGroupingChangesEnabled":false,"zcodeInteractionBehavior":"queue","askUserQuestionAutoResolutionEnabled":false,"modelIoFullRetentionEnabled":false,"startPlanRecommendationDismissed":false,"providerFamilyConnectionSelections":{},"providerFamilyDomain":"zai","providerFamilyDomainMigrated":true,"nativeSearchEnhancementsEnabled":true,"memoryEnabled":false,"lastWorkspaceSession":[{"kind":"local","workspacePath":"C:\\Users\\USER\\Desktop\\Personal\\ZCode\\.tmp\\z1-native-1790566629091-853a39\\workspace","workspacePurpose":"project"},{"kind":"local","workspacePath":"C:\\Users\\USER\\Desktop\\Personal\\ZCode\\.tmp\\z1-native-1790566629091-853a39\\data\\.zcode\\workspace\\default","workspacePurpose":"conversation"}],"lastActiveTabIndex":0,"receivePreviewUpdates":false,"autoDownloadAndInstallUpdates":false,"skippedElectronUpdateVersions":{},"settingsSyncFirstRunPromptHandled":true}
[Z1 child] [2026-09-28 11:37:14.833] [pid:33568] [zcode-host] [rpc:call] graphEngineering.getWorkspace OK (1.0ms)
[2026-09-28 11:37:14.833] [pid:38228] [main] [host-log] (local-1) [host] [2026-09-28 11:37:14.833] [pid:33568] [zcode-host] [rpc:call] graphEngineering.getWorkspace OK (1.0ms)
[Z1 child] [2026-09-28 11:37:15.093] [pid:33568] [settingService] reading settings from: C:\Users\USER\Desktop\Personal\ZCode\.tmp\z1-native-1790566629091-853a39\home\.zcode\v2\setting.json
[Z1 child] [2026-09-28 11:37:15.094] [pid:33568] [settingService] read result: {"recentProjects":[],"locale":"zh-CN","localePreference":"en-US","terminalInheritSystemProfile":true,"embeddedBrowserAllowInsecureCertificates":false,"embeddedBrowserViewportPreference":{"mode":"normal","viewport":{"width":393,"height":852},"zoom":"fit"},"computerUseComposerEntryHidden":true,"taskAutoArchiveEnabled":false,"taskAutoArchiveOlderThanDays":7,"closeToTrayOnWindows":false,"closeToTrayOnWindowsMigrationInitialized":true,"keepAwakeWhileRunning":false,"desktopChromiumHardwareAccelerationEnabled":true,"messageStreamShowReasoning":true,"messageStreamShowReasoningMigrationInitialized":true,"messageStreamShowTodos":false,"toolGroupingExploreEnabled":true,"toolGroupingTerminalEnabled":true,"toolGroupingChangesEnabled":false,"zcodeInteractionBehavior":"queue","askUserQuestionAutoResolutionEnabled":false,"modelIoFullRetentionEnabled":false,"startPlanRecommendationDismissed":false,"providerFamilyConnectionSelections":{},"providerFamilyDomain":"zai","providerFamilyDomainMigrated":true,"nativeSearchEnhancementsEnabled":true,"memoryEnabled":false,"lastWorkspaceSession":[{"kind":"local","workspacePath":"C:\\Users\\USER\\Desktop\\Personal\\ZCode\\.tmp\\z1-native-1790566629091-853a39\\workspace","workspacePurpose":"project"},{"kind":"local","workspacePath":"C:\\Users\\USER\\Desktop\\Personal\\ZCode\\.tmp\\z1-native-1790566629091-853a39\\data\\.zcode\\workspace\\default","workspacePurpose":"conversation"}],"lastActiveTabIndex":0,"receivePreviewUpdates":false,"autoDownloadAndInstallUpdates":false,"skippedElectronUpdateVersions":{},"settingsSyncFirstRunPromptHandled":true}
[2026-09-28 11:37:15.263] [pid:38228] [main] [host-log] (local-1) [host] [2026-09-28 11:37:15.263] [pid:33568] [zcode-agent-service] 开始初始化 ZCode agent {"workspaceKey":"C:\\Users\\USER\\Desktop\\Personal\\ZCode\\.tmp\\z1-native-1790566629091-853a39\\workspace","workspacePath":"C:\\Users\\USER\\Desktop\\Personal\\ZCode\\.tmp\\z1-native-1790566629091-853a39\\workspace"}
[Z1 child] [2026-09-28 11:37:15.263] [pid:33568] [zcode-agent-service] 开始初始化 ZCode agent {
  workspaceKey: 'C:\\Users\\USER\\Desktop\\Personal\\ZCode\\.tmp\\z1-native-1790566629091-853a39\\workspace',
  workspacePath: 'C:\\Users\\USER\\Desktop\\Personal\\ZCode\\.tmp\\z1-native-1790566629091-853a39\\workspace'
}
[2026-09-28 11:37:15.263] [pid:33568] [zcode-agent-service] ZCode agent 初始化完成 {
  durationMs: 0,
  transportKind: 'stdio',
  workspaceKey: 'C:\\Users\\USER\\Desktop\\Personal\\ZCode\\.tmp\\z1-native-1790566629091-853a39\\workspace',
  workspacePath: 'C:\\Users\\USER\\Desktop\\Personal\\ZCode\\.tmp\\z1-native-1790566629091-853a39\\workspace'
}
[2026-09-28 11:37:15.263] [pid:33568] [zcode-session-service][trace:b406fc06-8334-4fcf-a9b3-1f6a628f1709] [zcode-session-service] createSession 分配 session trace {
  persistence: 'deferred',
  workspaceIdentity: undefined,
  workspacePath: 'C:\\Users\\USER\\Desktop\\Personal\\ZCode\\.tmp\\z1-native-1790566629091-853a39\\workspace'
}
[2026-09-28 11:37:15.264] [pid:33568] [zcode-agent-service][trace:b406fc06-8334-4fcf-a9b3-1f6a628f1709] 开始请求 ZCode Protocol session/create {
  hasInitialModel: true,
  hasInitialThoughtLevel: false,
  initialModel: 'z1-local-fixture/z1-fixture$enabled',
  mcpServerCount: 0,
  mcpServerNames: [],
  persistence: 'deferred',
  workspaceKey: 'C:\\Users\\USER\\Desktop\\Personal\\ZCode\\.tmp\\z1-native-1790566629091-853a39\\workspace',
  workspacePath: 'C:\\Users\\USER\\Desktop\\Personal\\ZCode\\.tmp\\z1-native-1790566629091-853a39\\workspace'
}
[2026-09-28 11:37:15.265] [pid:38228] [main] [host-log] (local-1) [host] [2026-09-28 11:37:15.263] [pid:33568] [zcode-agent-service] ZCode agent 初始化完成 {"durationMs":0,"transportKind":"stdio","workspaceKey":"C:\\Users\\USER\\Desktop\\Personal\\ZCode\\.tmp\\z1-native-1790566629091-853a39\\workspace","workspacePath":"C:\\Users\\USER\\Desktop\\Personal\\ZCode\\.tmp\\z1-native-1790566629091-853a39\\workspace"}
[2026-09-28 11:37:15.266] [pid:38228] [main] [host-log] (local-1) [host] [2026-09-28 11:37:15.263] [pid:33568] [zcode-session-service][trace:b406fc06-8334-4fcf-a9b3-1f6a628f1709] [zcode-session-service] createSession 分配 session trace {"persistence":"deferred","workspacePath":"C:\\Users\\USER\\Desktop\\Personal\\ZCode\\.tmp\\z1-native-1790566629091-853a39\\workspace"}
[2026-09-28 11:37:15.267] [pid:38228] [main] [host-log] (local-1) [host] [2026-09-28 11:37:15.264] [pid:33568] [zcode-agent-service][trace:b406fc06-8334-4fcf-a9b3-1f6a628f1709] 开始请求 ZCode Protocol session/create {"hasInitialModel":true,"hasInitialThoughtLevel":false,"initialModel":"z1-local-fixture/z1-fixture$enabled","mcpServerCount":0,"mcpServerNames":[],"persistence":"deferred","workspaceKey":"C:\\Users\\USER\\Desktop\\Personal\\ZCode\\.tmp\\z1-native-1790566629091-853a39\\workspace","workspacePath":"C:\\Users\\USER\\Desktop\\Personal\\ZCode\\.tmp\\z1-native-1790566629091-853a39\\workspace"}
[Z1 child] [2026-09-28 11:37:15.270] [pid:33568] [settingService] reading settings from: C:\Users\USER\Desktop\Personal\ZCode\.tmp\z1-native-1790566629091-853a39\home\.zcode\v2\setting.json
[Z1 child] [2026-09-28 11:37:15.271] [pid:33568] [settingService] read result: {"recentProjects":[],"locale":"zh-CN","localePreference":"en-US","terminalInheritSystemProfile":true,"embeddedBrowserAllowInsecureCertificates":false,"embeddedBrowserViewportPreference":{"mode":"normal","viewport":{"width":393,"height":852},"zoom":"fit"},"computerUseComposerEntryHidden":true,"taskAutoArchiveEnabled":false,"taskAutoArchiveOlderThanDays":7,"closeToTrayOnWindows":false,"closeToTrayOnWindowsMigrationInitialized":true,"keepAwakeWhileRunning":false,"desktopChromiumHardwareAccelerationEnabled":true,"messageStreamShowReasoning":true,"messageStreamShowReasoningMigrationInitialized":true,"messageStreamShowTodos":false,"toolGroupingExploreEnabled":true,"toolGroupingTerminalEnabled":true,"toolGroupingChangesEnabled":false,"zcodeInteractionBehavior":"queue","askUserQuestionAutoResolutionEnabled":false,"modelIoFullRetentionEnabled":false,"startPlanRecommendationDismissed":false,"providerFamilyConnectionSelections":{},"providerFamilyDomain":"zai","providerFamilyDomainMigrated":true,"nativeSearchEnhancementsEnabled":true,"memoryEnabled":false,"lastWorkspaceSession":[{"kind":"local","workspacePath":"C:\\Users\\USER\\Desktop\\Personal\\ZCode\\.tmp\\z1-native-1790566629091-853a39\\workspace","workspacePurpose":"project"},{"kind":"local","workspacePath":"C:\\Users\\USER\\Desktop\\Personal\\ZCode\\.tmp\\z1-native-1790566629091-853a39\\data\\.zcode\\workspace\\default","workspacePurpose":"conversation"}],"lastActiveTabIndex":0,"receivePreviewUpdates":false,"autoDownloadAndInstallUpdates":false,"skippedElectronUpdateVersions":{},"settingsSyncFirstRunPromptHandled":true}
[Z1 child] [2026-09-28 11:37:15.336] [pid:33568] [zcode-agent-service][trace:b406fc06-8334-4fcf-a9b3-1f6a628f1709] ZCode Protocol session/create 完成 {
  durationMs: 72,
  messageCount: 0,
  modelCurrent: 'z1-local-fixture/z1-fixture',
  mcpServerCount: 0,
  persistence: 'deferred',
  sessionId: 'sess_7c5d2884-7936-48b7-826b-c832c79972da',
  snapshotTraceId: 'b406fc06-8334-4fcf-a9b3-1f6a628f1709',
  workspaceKey: 'C:\\Users\\USER\\Desktop\\Personal\\ZCode\\.tmp\\z1-native-1790566629091-853a39\\workspace',
  workspacePath: 'C:\\Users\\USER\\Desktop\\Personal\\ZCode\\.tmp\\z1-native-1790566629091-853a39\\workspace'
}
[2026-09-28 11:37:15.336] [pid:38228] [main] [host-log] (local-1) [host] [2026-09-28 11:37:15.336] [pid:33568] [zcode-agent-service][trace:b406fc06-8334-4fcf-a9b3-1f6a628f1709] ZCode Protocol session/create 完成 {"durationMs":72,"messageCount":0,"modelCurrent":"z1-local-fixture/z1-fixture","mcpServerCount":0,"persistence":"deferred","sessionId":"sess_7c5d2884-7936-48b7-826b-c832c79972da","snapshotTraceId":"b406fc06-8334-4fcf-a9b3-1f6a628f1709","workspaceKey":"C:\\Users\\USER\\Desktop\\Personal\\ZCode\\.tmp\\z1-native-1790566629091-853a39\\workspace","workspacePath":"C:\\Users\\USER\\Desktop\\Personal\\ZCode\\.tmp\\z1-native-1790566629091-853a39\\workspace"}
[2026-09-28 11:37:15.337] [pid:38228] [main] [host-log] (local-1) [host] [2026-09-28 11:37:15.336] [pid:33568] [zcode-session-service][trace:b406fc06-8334-4fcf-a9b3-1f6a628f1709] [zcode-session-service] createSession agent 返回 {"durationMs":73,"mcpServerCount":0,"persistence":"deferred","snapshotTraceId":"b406fc06-8334-4fcf-a9b3-1f6a628f1709","sessionId":"sess_7c5d2884-7936-48b7-826b-c832c79972da","workspacePath":"C:\\Users\\USER\\Desktop\\Personal\\ZCode\\.tmp\\z1-native-1790566629091-853a39\\workspace"}
[Z1 child] [2026-09-28 11:37:15.336] [pid:33568] [zcode-session-service][trace:b406fc06-8334-4fcf-a9b3-1f6a628f1709] [zcode-session-service] createSession agent 返回 {
  durationMs: 73,
  mcpServerCount: 0,
  persistence: 'deferred',
  snapshotTraceId: 'b406fc06-8334-4fcf-a9b3-1f6a628f1709',
  sessionId: 'sess_7c5d2884-7936-48b7-826b-c832c79972da',
  workspaceIdentity: undefined,
  workspacePath: 'C:\\Users\\USER\\Desktop\\Personal\\ZCode\\.tmp\\z1-native-1790566629091-853a39\\workspace'
}
[2026-09-28 11:37:15.399] [pid:38228] [main] [browser-use] execute start browserId=iab:aa3689b0-f143-46aa-87d9-cd84174e4e10 sessionId=sess_7c5d2884-7936-48b7-826b-c832c79972da method=list
[2026-09-28 11:37:15.399] [pid:38228] [main] [browser-use] execute requestId=f136fb85-81ac-4456-bb6e-f6f5b3d0a158 browserId=iab:aa3689b0-f143-46aa-87d9-cd84174e4e10 generation=1790566631517 windowId=1 sessionId=sess_7c5d2884-7936-48b7-826b-c832c79972da method=list
[2026-09-28 11:37:15.400] [pid:38228] [main] [browser-use] execute done sessionId=sess_7c5d2884-7936-48b7-826b-c832c79972da method=list ok=true elapsedMs=0
[2026-09-28 11:37:15.401] [pid:38228] [main] [browser-use] execute start browserId=iab:aa3689b0-f143-46aa-87d9-cd84174e4e10 sessionId=sess_7c5d2884-7936-48b7-826b-c832c79972da method=listUserTabs
[2026-09-28 11:37:15.402] [pid:38228] [main] [browser-use] execute requestId=aef50dd4-cf6a-4912-8798-d9c98165ad31 browserId=iab:aa3689b0-f143-46aa-87d9-cd84174e4e10 generation=1790566631517 windowId=1 sessionId=sess_7c5d2884-7936-48b7-826b-c832c79972da method=listUserTabs
[2026-09-28 11:37:15.402] [pid:38228] [main] [browser-use] execute done sessionId=sess_7c5d2884-7936-48b7-826b-c832c79972da method=listUserTabs ok=true elapsedMs=0
[Z1 child] [2026-09-28 11:37:15.418] [pid:33568] [settingService] reading settings from: C:\Users\USER\Desktop\Personal\ZCode\.tmp\z1-native-1790566629091-853a39\home\.zcode\v2\setting.json
[Z1 child] [2026-09-28 11:37:15.418] [pid:33568] [settingService] read result: {"recentProjects":[],"locale":"zh-CN","localePreference":"en-US","terminalInheritSystemProfile":true,"embeddedBrowserAllowInsecureCertificates":false,"embeddedBrowserViewportPreference":{"mode":"normal","viewport":{"width":393,"height":852},"zoom":"fit"},"computerUseComposerEntryHidden":true,"taskAutoArchiveEnabled":false,"taskAutoArchiveOlderThanDays":7,"closeToTrayOnWindows":false,"closeToTrayOnWindowsMigrationInitialized":true,"keepAwakeWhileRunning":false,"desktopChromiumHardwareAccelerationEnabled":true,"messageStreamShowReasoning":true,"messageStreamShowReasoningMigrationInitialized":true,"messageStreamShowTodos":false,"toolGroupingExploreEnabled":true,"toolGroupingTerminalEnabled":true,"toolGroupingChangesEnabled":false,"zcodeInteractionBehavior":"queue","askUserQuestionAutoResolutionEnabled":false,"modelIoFullRetentionEnabled":false,"startPlanRecommendationDismissed":false,"providerFamilyConnectionSelections":{},"providerFamilyDomain":"zai","providerFamilyDomainMigrated":true,"nativeSearchEnhancementsEnabled":true,"memoryEnabled":false,"lastWorkspaceSession":[{"kind":"local","workspacePath":"C:\\Users\\USER\\Desktop\\Personal\\ZCode\\.tmp\\z1-native-1790566629091-853a39\\workspace","workspacePurpose":"project"},{"kind":"local","workspacePath":"C:\\Users\\USER\\Desktop\\Personal\\ZCode\\.tmp\\z1-native-1790566629091-853a39\\data\\.zcode\\workspace\\default","workspacePurpose":"conversation"}],"lastActiveTabIndex":0,"receivePreviewUpdates":false,"autoDownloadAndInstallUpdates":false,"skippedElectronUpdateVersions":{},"settingsSyncFirstRunPromptHandled":true}
[Z1 child] [2026-09-28 11:37:15.428] [pid:33568] [zcode-host] [rpc:call] graphEngineering.run OK (336.2ms)
[2026-09-28 11:37:15.429] [pid:33568] [settingService] reading settings from: C:\Users\USER\Desktop\Personal\ZCode\.tmp\z1-native-1790566629091-853a39\home\.zcode\v2\setting.json
[2026-09-28 11:37:15.429] [pid:38228] [main] [host-log] (local-1) [host] [2026-09-28 11:37:15.428] [pid:33568] [zcode-host] [rpc:call] graphEngineering.run OK (336.2ms)
[Z1 child] [2026-09-28 11:37:15.429] [pid:33568] [settingService] read result: {"recentProjects":[],"locale":"zh-CN","localePreference":"en-US","terminalInheritSystemProfile":true,"embeddedBrowserAllowInsecureCertificates":false,"embeddedBrowserViewportPreference":{"mode":"normal","viewport":{"width":393,"height":852},"zoom":"fit"},"computerUseComposerEntryHidden":true,"taskAutoArchiveEnabled":false,"taskAutoArchiveOlderThanDays":7,"closeToTrayOnWindows":false,"closeToTrayOnWindowsMigrationInitialized":true,"keepAwakeWhileRunning":false,"desktopChromiumHardwareAccelerationEnabled":true,"messageStreamShowReasoning":true,"messageStreamShowReasoningMigrationInitialized":true,"messageStreamShowTodos":false,"toolGroupingExploreEnabled":true,"toolGroupingTerminalEnabled":true,"toolGroupingChangesEnabled":false,"zcodeInteractionBehavior":"queue","askUserQuestionAutoResolutionEnabled":false,"modelIoFullRetentionEnabled":false,"startPlanRecommendationDismissed":false,"providerFamilyConnectionSelections":{},"providerFamilyDomain":"zai","providerFamilyDomainMigrated":true,"nativeSearchEnhancementsEnabled":true,"memoryEnabled":false,"lastWorkspaceSession":[{"kind":"local","workspacePath":"C:\\Users\\USER\\Desktop\\Personal\\ZCode\\.tmp\\z1-native-1790566629091-853a39\\workspace","workspacePurpose":"project"},{"kind":"local","workspacePath":"C:\\Users\\USER\\Desktop\\Personal\\ZCode\\.tmp\\z1-native-1790566629091-853a39\\data\\.zcode\\workspace\\default","workspacePurpose":"conversation"}],"lastActiveTabIndex":0,"receivePreviewUpdates":false,"autoDownloadAndInstallUpdates":false,"skippedElectronUpdateVersions":{},"settingsSyncFirstRunPromptHandled":true}
[2026-09-28 11:37:15.430] [pid:33568] [zcode-host] [rpc:call] graphEngineering.getWorkspace OK (284.4ms)
[2026-09-28 11:37:15.430] [pid:38228] [main] [host-log] (local-1) [host] [2026-09-28 11:37:15.430] [pid:33568] [zcode-host] [rpc:call] graphEngineering.getWorkspace OK (284.4ms)
[Z1 child] [2026-09-28 11:37:15.430] [pid:33568] [settingService] reading settings from: C:\Users\USER\Desktop\Personal\ZCode\.tmp\z1-native-1790566629091-853a39\home\.zcode\v2\setting.json
[2026-09-28 11:37:15.431] [pid:33568] [settingService] read result: {"recentProjects":[],"locale":"zh-CN","localePreference":"en-US","terminalInheritSystemProfile":true,"embeddedBrowserAllowInsecureCertificates":false,"embeddedBrowserViewportPreference":{"mode":"normal","viewport":{"width":393,"height":852},"zoom":"fit"},"computerUseComposerEntryHidden":true,"taskAutoArchiveEnabled":false,"taskAutoArchiveOlderThanDays":7,"closeToTrayOnWindows":false,"closeToTrayOnWindowsMigrationInitialized":true,"keepAwakeWhileRunning":false,"desktopChromiumHardwareAccelerationEnabled":true,"messageStreamShowReasoning":true,"messageStreamShowReasoningMigrationInitialized":true,"messageStreamShowTodos":false,"toolGroupingExploreEnabled":true,"toolGroupingTerminalEnabled":true,"toolGroupingChangesEnabled":false,"zcodeInteractionBehavior":"queue","askUserQuestionAutoResolutionEnabled":false,"modelIoFullRetentionEnabled":false,"startPlanRecommendationDismissed":false,"providerFamilyConnectionSelections":{},"providerFamilyDomain":"zai","providerFamilyDomainMigrated":true,"nativeSearchEnhancementsEnabled":true,"memoryEnabled":false,"lastWorkspaceSession":[{"kind":"local","workspacePath":"C:\\Users\\USER\\Desktop\\Personal\\ZCode\\.tmp\\z1-native-1790566629091-853a39\\workspace","workspacePurpose":"project"},{"kind":"local","workspacePath":"C:\\Users\\USER\\Desktop\\Personal\\ZCode\\.tmp\\z1-native-1790566629091-853a39\\data\\.zcode\\workspace\\default","workspacePurpose":"conversation"}],"lastActiveTabIndex":0,"receivePreviewUpdates":false,"autoDownloadAndInstallUpdates":false,"skippedElectronUpdateVersions":{},"settingsSyncFirstRunPromptHandled":true}
[Z1 child] [2026-09-28 11:37:15.431] [pid:33568] [zcode-host] [rpc:call] graphEngineering.getWorkspace OK (169.1ms)
[2026-09-28 11:37:15.432] [pid:38228] [main] [host-log] (local-1) [host] [2026-09-28 11:37:15.431] [pid:33568] [zcode-host] [rpc:call] graphEngineering.getWorkspace OK (169.1ms)
[Z1 child] [2026-09-28 11:37:15.432] [pid:33568] [settingService] reading settings from: C:\Users\USER\Desktop\Personal\ZCode\.tmp\z1-native-1790566629091-853a39\home\.zcode\v2\setting.json
[2026-09-28 11:37:15.432] [pid:33568] [settingService] read result: {"recentProjects":[],"locale":"zh-CN","localePreference":"en-US","terminalInheritSystemProfile":true,"embeddedBrowserAllowInsecureCertificates":false,"embeddedBrowserViewportPreference":{"mode":"normal","viewport":{"width":393,"height":852},"zoom":"fit"},"computerUseComposerEntryHidden":true,"taskAutoArchiveEnabled":false,"taskAutoArchiveOlderThanDays":7,"closeToTrayOnWindows":false,"closeToTrayOnWindowsMigrationInitialized":true,"keepAwakeWhileRunning":false,"desktopChromiumHardwareAccelerationEnabled":true,"messageStreamShowReasoning":true,"messageStreamShowReasoningMigrationInitialized":true,"messageStreamShowTodos":false,"toolGroupingExploreEnabled":true,"toolGroupingTerminalEnabled":true,"toolGroupingChangesEnabled":false,"zcodeInteractionBehavior":"queue","askUserQuestionAutoResolutionEnabled":false,"modelIoFullRetentionEnabled":false,"startPlanRecommendationDismissed":false,"providerFamilyConnectionSelections":{},"providerFamilyDomain":"zai","providerFamilyDomainMigrated":true,"nativeSearchEnhancementsEnabled":true,"memoryEnabled":false,"lastWorkspaceSession":[{"kind":"local","workspacePath":"C:\\Users\\USER\\Desktop\\Personal\\ZCode\\.tmp\\z1-native-1790566629091-853a39\\workspace","workspacePurpose":"project"},{"kind":"local","workspacePath":"C:\\Users\\USER\\Desktop\\Personal\\ZCode\\.tmp\\z1-native-1790566629091-853a39\\data\\.zcode\\workspace\\default","workspacePurpose":"conversation"}],"lastActiveTabIndex":0,"receivePreviewUpdates":false,"autoDownloadAndInstallUpdates":false,"skippedElectronUpdateVersions":{},"settingsSyncFirstRunPromptHandled":true}
[Z1 child] [2026-09-28 11:37:15.433] [pid:33568] [zcode-host] [rpc:call] graphEngineering.getWorkspace OK (92.3ms)
[2026-09-28 11:37:15.433] [pid:38228] [main] [host-log] (local-1) [host] [2026-09-28 11:37:15.433] [pid:33568] [zcode-host] [rpc:call] graphEngineering.getWorkspace OK (92.3ms)
[Z1 child] [2026-09-28 11:37:15.433] [pid:33568] [settingService] reading settings from: C:\Users\USER\Desktop\Personal\ZCode\.tmp\z1-native-1790566629091-853a39\home\.zcode\v2\setting.json
[2026-09-28 11:37:15.434] [pid:33568] [settingService] read result: {"recentProjects":[],"locale":"zh-CN","localePreference":"en-US","terminalInheritSystemProfile":true,"embeddedBrowserAllowInsecureCertificates":false,"embeddedBrowserViewportPreference":{"mode":"normal","viewport":{"width":393,"height":852},"zoom":"fit"},"computerUseComposerEntryHidden":true,"taskAutoArchiveEnabled":false,"taskAutoArchiveOlderThanDays":7,"closeToTrayOnWindows":false,"closeToTrayOnWindowsMigrationInitialized":true,"keepAwakeWhileRunning":false,"desktopChromiumHardwareAccelerationEnabled":true,"messageStreamShowReasoning":true,"messageStreamShowReasoningMigrationInitialized":true,"messageStreamShowTodos":false,"toolGroupingExploreEnabled":true,"toolGroupingTerminalEnabled":true,"toolGroupingChangesEnabled":false,"zcodeInteractionBehavior":"queue","askUserQuestionAutoResolutionEnabled":false,"modelIoFullRetentionEnabled":false,"startPlanRecommendationDismissed":false,"providerFamilyConnectionSelections":{},"providerFamilyDomain":"zai","providerFamilyDomainMigrated":true,"nativeSearchEnhancementsEnabled":true,"memoryEnabled":false,"lastWorkspaceSession":[{"kind":"local","workspacePath":"C:\\Users\\USER\\Desktop\\Personal\\ZCode\\.tmp\\z1-native-1790566629091-853a39\\workspace","workspacePurpose":"project"},{"kind":"local","workspacePath":"C:\\Users\\USER\\Desktop\\Personal\\ZCode\\.tmp\\z1-native-1790566629091-853a39\\data\\.zcode\\workspace\\default","workspacePurpose":"conversation"}],"lastActiveTabIndex":0,"receivePreviewUpdates":false,"autoDownloadAndInstallUpdates":false,"skippedElectronUpdateVersions":{},"settingsSyncFirstRunPromptHandled":true}
[Z1 child] [2026-09-28 11:37:15.434] [pid:33568] [zcode-host] [rpc:call] graphEngineering.getWorkspace OK (38.8ms)
[2026-09-28 11:37:15.434] [pid:38228] [main] [host-log] (local-1) [host] [2026-09-28 11:37:15.434] [pid:33568] [zcode-host] [rpc:call] graphEngineering.getWorkspace OK (38.8ms)
[Z1 child] [2026-09-28 11:37:15.434] [pid:33568] [settingService] reading settings from: C:\Users\USER\Desktop\Personal\ZCode\.tmp\z1-native-1790566629091-853a39\home\.zcode\v2\setting.json
[2026-09-28 11:37:15.435] [pid:33568] [settingService] read result: {"recentProjects":[],"locale":"zh-CN","localePreference":"en-US","terminalInheritSystemProfile":true,"embeddedBrowserAllowInsecureCertificates":false,"embeddedBrowserViewportPreference":{"mode":"normal","viewport":{"width":393,"height":852},"zoom":"fit"},"computerUseComposerEntryHidden":true,"taskAutoArchiveEnabled":false,"taskAutoArchiveOlderThanDays":7,"closeToTrayOnWindows":false,"closeToTrayOnWindowsMigrationInitialized":true,"keepAwakeWhileRunning":false,"desktopChromiumHardwareAccelerationEnabled":true,"messageStreamShowReasoning":true,"messageStreamShowReasoningMigrationInitialized":true,"messageStreamShowTodos":false,"toolGroupingExploreEnabled":true,"toolGroupingTerminalEnabled":true,"toolGroupingChangesEnabled":false,"zcodeInteractionBehavior":"queue","askUserQuestionAutoResolutionEnabled":false,"modelIoFullRetentionEnabled":false,"startPlanRecommendationDismissed":false,"providerFamilyConnectionSelections":{},"providerFamilyDomain":"zai","providerFamilyDomainMigrated":true,"nativeSearchEnhancementsEnabled":true,"memoryEnabled":false,"lastWorkspaceSession":[{"kind":"local","workspacePath":"C:\\Users\\USER\\Desktop\\Personal\\ZCode\\.tmp\\z1-native-1790566629091-853a39\\workspace","workspacePurpose":"project"},{"kind":"local","workspacePath":"C:\\Users\\USER\\Desktop\\Personal\\ZCode\\.tmp\\z1-native-1790566629091-853a39\\data\\.zcode\\workspace\\default","workspacePurpose":"conversation"}],"lastActiveTabIndex":0,"receivePreviewUpdates":false,"autoDownloadAndInstallUpdates":false,"skippedElectronUpdateVersions":{},"settingsSyncFirstRunPromptHandled":true}
[Z1 child] [2026-09-28 11:37:15.435] [pid:33568] [zcode-host] [rpc:call] graphEngineering.getWorkspace OK (6.3ms)
[2026-09-28 11:37:15.435] [pid:38228] [main] [host-log] (local-1) [host] [2026-09-28 11:37:15.435] [pid:33568] [zcode-host] [rpc:call] graphEngineering.getWorkspace OK (6.3ms)
[Z1 child] [2026-09-28 11:37:15.436] [pid:33568] [settingService] reading settings from: C:\Users\USER\Desktop\Personal\ZCode\.tmp\z1-native-1790566629091-853a39\home\.zcode\v2\setting.json
[2026-09-28 11:37:15.436] [pid:33568] [settingService] read result: {"recentProjects":[],"locale":"zh-CN","localePreference":"en-US","terminalInheritSystemProfile":true,"embeddedBrowserAllowInsecureCertificates":false,"embeddedBrowserViewportPreference":{"mode":"normal","viewport":{"width":393,"height":852},"zoom":"fit"},"computerUseComposerEntryHidden":true,"taskAutoArchiveEnabled":false,"taskAutoArchiveOlderThanDays":7,"closeToTrayOnWindows":false,"closeToTrayOnWindowsMigrationInitialized":true,"keepAwakeWhileRunning":false,"desktopChromiumHardwareAccelerationEnabled":true,"messageStreamShowReasoning":true,"messageStreamShowReasoningMigrationInitialized":true,"messageStreamShowTodos":false,"toolGroupingExploreEnabled":true,"toolGroupingTerminalEnabled":true,"toolGroupingChangesEnabled":false,"zcodeInteractionBehavior":"queue","askUserQuestionAutoResolutionEnabled":false,"modelIoFullRetentionEnabled":false,"startPlanRecommendationDismissed":false,"providerFamilyConnectionSelections":{},"providerFamilyDomain":"zai","providerFamilyDomainMigrated":true,"nativeSearchEnhancementsEnabled":true,"memoryEnabled":false,"lastWorkspaceSession":[{"kind":"local","workspacePath":"C:\\Users\\USER\\Desktop\\Personal\\ZCode\\.tmp\\z1-native-1790566629091-853a39\\workspace","workspacePurpose":"project"},{"kind":"local","workspacePath":"C:\\Users\\USER\\Desktop\\Personal\\ZCode\\.tmp\\z1-native-1790566629091-853a39\\data\\.zcode\\workspace\\default","workspacePurpose":"conversation"}],"lastActiveTabIndex":0,"receivePreviewUpdates":false,"autoDownloadAndInstallUpdates":false,"skippedElectronUpdateVersions":{},"settingsSyncFirstRunPromptHandled":true}
[Z1 child] [2026-09-28 11:37:15.436] [pid:33568] [zcode-host] [rpc:call] graphEngineering.getWorkspace OK (6.9ms)
[2026-09-28 11:37:15.437] [pid:38228] [main] [host-log] (local-1) [host] [2026-09-28 11:37:15.436] [pid:33568] [zcode-host] [rpc:call] graphEngineering.getWorkspace OK (6.9ms)
[Z1 child] [2026-09-28 11:37:15.840] [pid:33568] [cua-pip-session] [cua-pip-session] event delivery dropped {
  eventId: 'd821a075-5a68-441d-98ef-ec72b3d3e134',
  kind: 'turn-started',
  sequenceNumber: 3,
  sessionId: 'sess_7c5d2884-7936-48b7-826b-c832c79972da',
  turnId: 'turn_f265fb69-500d-4137-b8f8-2b46bda25a9f',
  skipReason: 'service-disabled'
}
[2026-09-28 11:37:15.840] [pid:38228] [main] [host-log] (local-1) [host] [2026-09-28 11:37:15.840] [pid:33568] [cua-pip-session] [cua-pip-session] event delivery dropped {"eventId":"d821a075-5a68-441d-98ef-ec72b3d3e134","kind":"turn-started","sequenceNumber":3,"sessionId":"sess_7c5d2884-7936-48b7-826b-c832c79972da","turnId":"turn_f265fb69-500d-4137-b8f8-2b46bda25a9f","skipReason":"service-disabled"}
[Z1 child] [2026-09-28 11:37:15.906] [pid:33568] [settingService] reading settings from: C:\Users\USER\Desktop\Personal\ZCode\.tmp\z1-native-1790566629091-853a39\home\.zcode\v2\setting.json
[Z1 child] [2026-09-28 11:37:15.907] [pid:33568] [settingService] read result: {"recentProjects":[],"locale":"zh-CN","localePreference":"en-US","terminalInheritSystemProfile":true,"embeddedBrowserAllowInsecureCertificates":false,"embeddedBrowserViewportPreference":{"mode":"normal","viewport":{"width":393,"height":852},"zoom":"fit"},"computerUseComposerEntryHidden":true,"taskAutoArchiveEnabled":false,"taskAutoArchiveOlderThanDays":7,"closeToTrayOnWindows":false,"closeToTrayOnWindowsMigrationInitialized":true,"keepAwakeWhileRunning":false,"desktopChromiumHardwareAccelerationEnabled":true,"messageStreamShowReasoning":true,"messageStreamShowReasoningMigrationInitialized":true,"messageStreamShowTodos":false,"toolGroupingExploreEnabled":true,"toolGroupingTerminalEnabled":true,"toolGroupingChangesEnabled":false,"zcodeInteractionBehavior":"queue","askUserQuestionAutoResolutionEnabled":false,"modelIoFullRetentionEnabled":false,"startPlanRecommendationDismissed":false,"providerFamilyConnectionSelections":{},"providerFamilyDomain":"zai","providerFamilyDomainMigrated":true,"nativeSearchEnhancementsEnabled":true,"memoryEnabled":false,"lastWorkspaceSession":[{"kind":"local","workspacePath":"C:\\Users\\USER\\Desktop\\Personal\\ZCode\\.tmp\\z1-native-1790566629091-853a39\\workspace","workspacePurpose":"project"},{"kind":"local","workspacePath":"C:\\Users\\USER\\Desktop\\Personal\\ZCode\\.tmp\\z1-native-1790566629091-853a39\\data\\.zcode\\workspace\\default","workspacePurpose":"conversation"}],"lastActiveTabIndex":0,"receivePreviewUpdates":false,"autoDownloadAndInstallUpdates":false,"skippedElectronUpdateVersions":{},"settingsSyncFirstRunPromptHandled":true}
[Z1 child] [2026-09-28 11:37:15.907] [pid:33568] [zcode-host] [rpc:call] graphEngineering.getWorkspace OK (1.2ms)
[2026-09-28 11:37:15.908] [pid:38228] [main] [host-log] (local-1) [host] [2026-09-28 11:37:15.907] [pid:33568] [zcode-host] [rpc:call] graphEngineering.getWorkspace OK (1.2ms)
[Z1 child] [2026-09-28 11:37:15.941] [pid:33568] [zcode-task-index-syncer] [list-refresh-trace] emitWorkspaceTaskListChanged reason=task_created taskId=sess_7c5d2884-7936-48b7-826b-c832c79972da workspace=C:\Users\USER\Desktop\Personal\ZCode\.tmp\z1-native-1790566629091-853a39\workspace hasMeta=true
[Z1 child] [2026-09-28 11:37:15.944] [pid:33568] [zcode-host] [rpc:call] zcode-task.listPinnedTaskIds OK (0.2ms)
[2026-09-28 11:37:15.944] [pid:38228] [main] [host-log] (local-1) [host] [2026-09-28 11:37:15.944] [pid:33568] [zcode-host] [rpc:call] zcode-task.listPinnedTaskIds OK (0.2ms)
[2026-09-28 11:37:15.945] [pid:38228] [main] [host-log] (local-1) [host] [2026-09-28 11:37:15.944] [pid:33568] [zcode-host] [rpc:call] zcode-task.listArchivedTasks OK (0.1ms)
[2026-09-28 11:37:15.946] [pid:38228] [main] [host-log] (local-1) [host] [2026-09-28 11:37:15.944] [pid:33568] [zcode-host] [rpc:call] zcode-task.listTasks OK (0.2ms)
[2026-09-28 11:37:15.947] [pid:38228] [main] [host-log] (local-1) [host] [2026-09-28 11:37:15.945] [pid:33568] [zcode-host] [rpc:call] zcode-task.listPinnedTasks OK (0.1ms)
[Z1 child] [2026-09-28 11:37:15.944] [pid:33568] [zcode-host] [rpc:call] zcode-task.listArchivedTasks OK (0.1ms)
[2026-09-28 11:37:15.944] [pid:33568] [zcode-host] [rpc:call] zcode-task.listTasks OK (0.2ms)
[2026-09-28 11:37:15.945] [pid:33568] [zcode-host] [rpc:call] zcode-task.listPinnedTasks OK (0.1ms)
[2026-09-28 11:37:15.945] [pid:33568] [zcode-host] [rpc:call] zcode-task.listDeletedTaskIds OK (0.1ms)
[2026-09-28 11:37:15.946] [pid:33568] [zcode-host] [rpc:call] window-controller.listTaskList OK (0.1ms)
[2026-09-28 11:37:15.947] [pid:38228] [main] [host-log] (local-1) [host] [2026-09-28 11:37:15.945] [pid:33568] [zcode-host] [rpc:call] zcode-task.listDeletedTaskIds OK (0.1ms)
[2026-09-28 11:37:15.948] [pid:38228] [main] [host-log] (local-1) [host] [2026-09-28 11:37:15.946] [pid:33568] [zcode-host] [rpc:call] window-controller.listTaskList OK (0.1ms)
[Z1 child] [2026-09-28 11:37:16.004] [pid:33568] [settingService] reading settings from: C:\Users\USER\Desktop\Personal\ZCode\.tmp\z1-native-1790566629091-853a39\home\.zcode\v2\setting.json
[Z1 child] [2026-09-28 11:37:16.005] [pid:33568] [settingService] read result: {"recentProjects":[],"locale":"zh-CN","localePreference":"en-US","terminalInheritSystemProfile":true,"embeddedBrowserAllowInsecureCertificates":false,"embeddedBrowserViewportPreference":{"mode":"normal","viewport":{"width":393,"height":852},"zoom":"fit"},"computerUseComposerEntryHidden":true,"taskAutoArchiveEnabled":false,"taskAutoArchiveOlderThanDays":7,"closeToTrayOnWindows":false,"closeToTrayOnWindowsMigrationInitialized":true,"keepAwakeWhileRunning":false,"desktopChromiumHardwareAccelerationEnabled":true,"messageStreamShowReasoning":true,"messageStreamShowReasoningMigrationInitialized":true,"messageStreamShowTodos":false,"toolGroupingExploreEnabled":true,"toolGroupingTerminalEnabled":true,"toolGroupingChangesEnabled":false,"zcodeInteractionBehavior":"queue","askUserQuestionAutoResolutionEnabled":false,"modelIoFullRetentionEnabled":false,"startPlanRecommendationDismissed":false,"providerFamilyConnectionSelections":{},"providerFamilyDomain":"zai","providerFamilyDomainMigrated":true,"nativeSearchEnhancementsEnabled":true,"memoryEnabled":false,"lastWorkspaceSession":[{"kind":"local","workspacePath":"C:\\Users\\USER\\Desktop\\Personal\\ZCode\\.tmp\\z1-native-1790566629091-853a39\\workspace","workspacePurpose":"project"},{"kind":"local","workspacePath":"C:\\Users\\USER\\Desktop\\Personal\\ZCode\\.tmp\\z1-native-1790566629091-853a39\\data\\.zcode\\workspace\\default","workspacePurpose":"conversation"}],"lastActiveTabIndex":0,"receivePreviewUpdates":false,"autoDownloadAndInstallUpdates":false,"skippedElectronUpdateVersions":{},"settingsSyncFirstRunPromptHandled":true}
[Z1 child] [2026-09-28 11:37:16.005] [pid:33568] [zcode-host] [rpc:call] graphEngineering.getWorkspace OK (1.2ms)
[2026-09-28 11:37:16.005] [pid:38228] [main] [host-log] (local-1) [host] [2026-09-28 11:37:16.005] [pid:33568] [zcode-host] [rpc:call] graphEngineering.getWorkspace OK (1.2ms)
[Z1 child] [2026-09-28 11:37:16.047] [pid:33568] [settingService] reading settings from: C:\Users\USER\Desktop\Personal\ZCode\.tmp\z1-native-1790566629091-853a39\home\.zcode\v2\setting.json
[Z1 child] [2026-09-28 11:37:16.048] [pid:33568] [settingService] read result: {"recentProjects":[],"locale":"zh-CN","localePreference":"en-US","terminalInheritSystemProfile":true,"embeddedBrowserAllowInsecureCertificates":false,"embeddedBrowserViewportPreference":{"mode":"normal","viewport":{"width":393,"height":852},"zoom":"fit"},"computerUseComposerEntryHidden":true,"taskAutoArchiveEnabled":false,"taskAutoArchiveOlderThanDays":7,"closeToTrayOnWindows":false,"closeToTrayOnWindowsMigrationInitialized":true,"keepAwakeWhileRunning":false,"desktopChromiumHardwareAccelerationEnabled":true,"messageStreamShowReasoning":true,"messageStreamShowReasoningMigrationInitialized":true,"messageStreamShowTodos":false,"toolGroupingExploreEnabled":true,"toolGroupingTerminalEnabled":true,"toolGroupingChangesEnabled":false,"zcodeInteractionBehavior":"queue","askUserQuestionAutoResolutionEnabled":false,"modelIoFullRetentionEnabled":false,"startPlanRecommendationDismissed":false,"providerFamilyConnectionSelections":{},"providerFamilyDomain":"zai","providerFamilyDomainMigrated":true,"nativeSearchEnhancementsEnabled":true,"memoryEnabled":false,"lastWorkspaceSession":[{"kind":"local","workspacePath":"C:\\Users\\USER\\Desktop\\Personal\\ZCode\\.tmp\\z1-native-1790566629091-853a39\\workspace","workspacePurpose":"project"},{"kind":"local","workspacePath":"C:\\Users\\USER\\Desktop\\Personal\\ZCode\\.tmp\\z1-native-1790566629091-853a39\\data\\.zcode\\workspace\\default","workspacePurpose":"conversation"}],"lastActiveTabIndex":0,"receivePreviewUpdates":false,"autoDownloadAndInstallUpdates":false,"skippedElectronUpdateVersions":{},"settingsSyncFirstRunPromptHandled":true}
[Z1 child] [2026-09-28 11:37:16.048] [pid:33568] [zcode-host] [rpc:call] graphEngineering.getWorkspace OK (1.5ms)
[2026-09-28 11:37:16.049] [pid:38228] [main] [host-log] (local-1) [host] [2026-09-28 11:37:16.048] [pid:33568] [zcode-host] [rpc:call] graphEngineering.getWorkspace OK (1.5ms)
[Z1 child] [2026-09-28 11:37:16.062] [pid:33568] [cua-pip-session] [cua-pip-session] event delivery dropped {
  eventId: 'c0a6a99f-e218-4d0c-97dd-2897129169a2',
  kind: 'turn-ended',
  sequenceNumber: 33,
  sessionId: 'sess_7c5d2884-7936-48b7-826b-c832c79972da',
  turnId: 'turn_f265fb69-500d-4137-b8f8-2b46bda25a9f',
  outcome: 'completed',
  skipReason: 'service-disabled'
}
[2026-09-28 11:37:16.062] [pid:38228] [main] [host-log] (local-1) [host] [2026-09-28 11:37:16.062] [pid:33568] [cua-pip-session] [cua-pip-session] event delivery dropped {"eventId":"c0a6a99f-e218-4d0c-97dd-2897129169a2","kind":"turn-ended","sequenceNumber":33,"sessionId":"sess_7c5d2884-7936-48b7-826b-c832c79972da","turnId":"turn_f265fb69-500d-4137-b8f8-2b46bda25a9f","outcome":"completed","skipReason":"service-disabled"}
[Z1 child] [2026-09-28 11:37:16.064] [pid:33568] [zcode-task-index-syncer] task 终态未读裁决 {
  goalStatus: null,
  phase: 'completedSuccess',
  taskId: 'sess_7c5d2884-7936-48b7-826b-c832c79972da',
  unreadSignal: 'background_terminal'
}
[Z1 child] [2026-09-28 11:37:16.065] [pid:33568] [zcode-task-index-syncer] [list-refresh-trace] emitWorkspaceTaskListChanged reason=task_status_changed taskId=sess_7c5d2884-7936-48b7-826b-c832c79972da workspace=C:\Users\USER\Desktop\Personal\ZCode\.tmp\z1-native-1790566629091-853a39\workspace hasMeta=true
[Z1 child] [2026-09-28 11:37:16.069] [pid:33568] [zcode-task-index-syncer] [list-refresh-trace] emitWorkspaceTaskListChanged reason=task_meta_changed taskId=sess_7c5d2884-7936-48b7-826b-c832c79972da workspace=C:\Users\USER\Desktop\Personal\ZCode\.tmp\z1-native-1790566629091-853a39\workspace hasMeta=true
[Z1 child] [2026-09-28 11:37:16.070] [pid:33568] [zcode-host] [rpc:call] zcode-task.setTaskUnread OK (1.5ms)
[2026-09-28 11:37:16.070] [pid:38228] [main] [host-log] (local-1) [host] [2026-09-28 11:37:16.070] [pid:33568] [zcode-host] [rpc:call] zcode-task.setTaskUnread OK (1.5ms)
[Z1 child] [2026-09-28 11:37:16.082] [pid:33568] [zcode-host] [rpc:call] zcode-task.listPinnedTaskIds OK (0.1ms)
[2026-09-28 11:37:16.082] [pid:33568] [zcode-host] [rpc:call] zcode-task.listArchivedTasks OK (0.1ms)
[2026-09-28 11:37:16.083] [pid:33568] [zcode-host] [rpc:call] zcode-task.listTasks OK (0.4ms)
[2026-09-28 11:37:16.083] [pid:33568] [zcode-host] [rpc:call] zcode-task.listPinnedTasks OK (0.1ms)
[2026-09-28 11:37:16.084] [pid:33568] [zcode-host] [rpc:call] zcode-task.listDeletedTaskIds OK (0.1ms)
[2026-09-28 11:37:16.085] [pid:38228] [main] [host-log] (local-1) [host] [2026-09-28 11:37:16.082] [pid:33568] [zcode-host] [rpc:call] zcode-task.listPinnedTaskIds OK (0.1ms)
[2026-09-28 11:37:16.086] [pid:38228] [main] [host-log] (local-1) [host] [2026-09-28 11:37:16.082] [pid:33568] [zcode-host] [rpc:call] zcode-task.listArchivedTasks OK (0.1ms)
[2026-09-28 11:37:16.087] [pid:38228] [main] [host-log] (local-1) [host] [2026-09-28 11:37:16.083] [pid:33568] [zcode-host] [rpc:call] zcode-task.listTasks OK (0.4ms)
[2026-09-28 11:37:16.087] [pid:38228] [main] [host-log] (local-1) [host] [2026-09-28 11:37:16.083] [pid:33568] [zcode-host] [rpc:call] zcode-task.listPinnedTasks OK (0.1ms)
[2026-09-28 11:37:16.088] [pid:38228] [main] [host-log] (local-1) [host] [2026-09-28 11:37:16.084] [pid:33568] [zcode-host] [rpc:call] zcode-task.listDeletedTaskIds OK (0.1ms)
[Z1 child] [2026-09-28 11:37:16.147] [pid:33568] [zcode-task-index-syncer] [list-refresh-trace] emitWorkspaceTaskListChanged reason=task_title_changed taskId=sess_7c5d2884-7936-48b7-826b-c832c79972da workspace=C:\Users\USER\Desktop\Personal\ZCode\.tmp\z1-native-1790566629091-853a39\workspace hasMeta=true
[Z1 child] [2026-09-28 11:37:16.150] [pid:33568] [zcode-task-index-syncer] [list-refresh-trace] emitWorkspaceTaskListChanged reason=task_status_changed taskId=sess_7c5d2884-7936-48b7-826b-c832c79972da workspace=C:\Users\USER\Desktop\Personal\ZCode\.tmp\z1-native-1790566629091-853a39\workspace hasMeta=true
[Z1 child] [2026-09-28 11:37:16.272] [pid:33568] [zcode-agent-service] 开始初始化 ZCode agent {
  workspaceKey: 'C:\\Users\\USER\\Desktop\\Personal\\ZCode\\.tmp\\z1-native-1790566629091-853a39\\workspace',
  workspacePath: 'C:\\Users\\USER\\Desktop\\Personal\\ZCode\\.tmp\\z1-native-1790566629091-853a39\\workspace'
}
[2026-09-28 11:37:16.272] [pid:33568] [zcode-agent-service] ZCode agent 初始化完成 {
  durationMs: 0,
  transportKind: 'stdio',
  workspaceKey: 'C:\\Users\\USER\\Desktop\\Personal\\ZCode\\.tmp\\z1-native-1790566629091-853a39\\workspace',
  workspacePath: 'C:\\Users\\USER\\Desktop\\Personal\\ZCode\\.tmp\\z1-native-1790566629091-853a39\\workspace'
}
[2026-09-28 11:37:16.273] [pid:38228] [main] [host-log] (local-1) [host] [2026-09-28 11:37:16.272] [pid:33568] [zcode-agent-service] 开始初始化 ZCode agent {"workspaceKey":"C:\\Users\\USER\\Desktop\\Personal\\ZCode\\.tmp\\z1-native-1790566629091-853a39\\workspace","workspacePath":"C:\\Users\\USER\\Desktop\\Personal\\ZCode\\.tmp\\z1-native-1790566629091-853a39\\workspace"}
[2026-09-28 11:37:16.273] [pid:38228] [main] [host-log] (local-1) [host] [2026-09-28 11:37:16.272] [pid:33568] [zcode-agent-service] ZCode agent 初始化完成 {"durationMs":0,"transportKind":"stdio","workspaceKey":"C:\\Users\\USER\\Desktop\\Personal\\ZCode\\.tmp\\z1-native-1790566629091-853a39\\workspace","workspacePath":"C:\\Users\\USER\\Desktop\\Personal\\ZCode\\.tmp\\z1-native-1790566629091-853a39\\workspace"}
[2026-09-28 11:37:16.274] [pid:38228] [main] [host-log] (local-1) [host] [2026-09-28 11:37:16.272] [pid:33568] [zcode-session-service][trace:d3e067c2-9f49-421f-96fd-07a41dbaef70] [zcode-session-service] createSession 分配 session trace {"persistence":"deferred","workspacePath":"C:\\Users\\USER\\Desktop\\Personal\\ZCode\\.tmp\\z1-native-1790566629091-853a39\\workspace"}
[2026-09-28 11:37:16.275] [pid:38228] [main] [host-log] (local-1) [host] [2026-09-28 11:37:16.272] [pid:33568] [zcode-agent-service][trace:d3e067c2-9f49-421f-96fd-07a41dbaef70] 开始请求 ZCode Protocol session/create {"hasInitialModel":true,"hasInitialThoughtLevel":false,"initialModel":"z1-local-fixture/z1-fixture$enabled","mcpServerCount":0,"mcpServerNames":[],"persistence":"deferred","workspaceKey":"C:\\Users\\USER\\Desktop\\Personal\\ZCode\\.tmp\\z1-native-1790566629091-853a39\\workspace","workspacePath":"C:\\Users\\USER\\Desktop\\Personal\\ZCode\\.tmp\\z1-native-1790566629091-853a39\\workspace"}
[Z1 child] [2026-09-28 11:37:16.272] [pid:33568] [zcode-session-service][trace:d3e067c2-9f49-421f-96fd-07a41dbaef70] [zcode-session-service] createSession 分配 session trace {
  persistence: 'deferred',
  workspaceIdentity: undefined,
  workspacePath: 'C:\\Users\\USER\\Desktop\\Personal\\ZCode\\.tmp\\z1-native-1790566629091-853a39\\workspace'
}
[2026-09-28 11:37:16.272] [pid:33568] [zcode-agent-service][trace:d3e067c2-9f49-421f-96fd-07a41dbaef70] 开始请求 ZCode Protocol session/create {
  hasInitialModel: true,
  hasInitialThoughtLevel: false,
  initialModel: 'z1-local-fixture/z1-fixture$enabled',
  mcpServerCount: 0,
  mcpServerNames: [],
  persistence: 'deferred',
  workspaceKey: 'C:\\Users\\USER\\Desktop\\Personal\\ZCode\\.tmp\\z1-native-1790566629091-853a39\\workspace',
  workspacePath: 'C:\\Users\\USER\\Desktop\\Personal\\ZCode\\.tmp\\z1-native-1790566629091-853a39\\workspace'
}
[2026-09-28 11:37:16.274] [pid:33568] [settingService] reading settings from: C:\Users\USER\Desktop\Personal\ZCode\.tmp\z1-native-1790566629091-853a39\home\.zcode\v2\setting.json
[2026-09-28 11:37:16.274] [pid:33568] [settingService] read result: {"recentProjects":[],"locale":"zh-CN","localePreference":"en-US","terminalInheritSystemProfile":true,"embeddedBrowserAllowInsecureCertificates":false,"embeddedBrowserViewportPreference":{"mode":"normal","viewport":{"width":393,"height":852},"zoom":"fit"},"computerUseComposerEntryHidden":true,"taskAutoArchiveEnabled":false,"taskAutoArchiveOlderThanDays":7,"closeToTrayOnWindows":false,"closeToTrayOnWindowsMigrationInitialized":true,"keepAwakeWhileRunning":false,"desktopChromiumHardwareAccelerationEnabled":true,"messageStreamShowReasoning":true,"messageStreamShowReasoningMigrationInitialized":true,"messageStreamShowTodos":false,"toolGroupingExploreEnabled":true,"toolGroupingTerminalEnabled":true,"toolGroupingChangesEnabled":false,"zcodeInteractionBehavior":"queue","askUserQuestionAutoResolutionEnabled":false,"modelIoFullRetentionEnabled":false,"startPlanRecommendationDismissed":false,"providerFamilyConnectionSelections":{},"providerFamilyDomain":"zai","providerFamilyDomainMigrated":true,"nativeSearchEnhancementsEnabled":true,"memoryEnabled":false,"lastWorkspaceSession":[{"kind":"local","workspacePath":"C:\\Users\\USER\\Desktop\\Personal\\ZCode\\.tmp\\z1-native-1790566629091-853a39\\workspace","workspacePurpose":"project"},{"kind":"local","workspacePath":"C:\\Users\\USER\\Desktop\\Personal\\ZCode\\.tmp\\z1-native-1790566629091-853a39\\data\\.zcode\\workspace\\default","workspacePurpose":"conversation"}],"lastActiveTabIndex":0,"receivePreviewUpdates":false,"autoDownloadAndInstallUpdates":false,"skippedElectronUpdateVersions":{},"settingsSyncFirstRunPromptHandled":true}
[Z1 child] [2026-09-28 11:37:16.334] [pid:33568] [zcode-agent-service][trace:d3e067c2-9f49-421f-96fd-07a41dbaef70] ZCode Protocol session/create 完成 {
  durationMs: 62,
  messageCount: 0,
  modelCurrent: 'z1-local-fixture/z1-fixture',
  mcpServerCount: 0,
  persistence: 'deferred',
  sessionId: 'sess_26835b3b-ef55-49f0-935e-f52c7f3f0c91',
  snapshotTraceId: 'd3e067c2-9f49-421f-96fd-07a41dbaef70',
  workspaceKey: 'C:\\Users\\USER\\Desktop\\Personal\\ZCode\\.tmp\\z1-native-1790566629091-853a39\\workspace',
  workspacePath: 'C:\\Users\\USER\\Desktop\\Personal\\ZCode\\.tmp\\z1-native-1790566629091-853a39\\workspace'
}
[2026-09-28 11:37:16.334] [pid:33568] [zcode-session-service][trace:d3e067c2-9f49-421f-96fd-07a41dbaef70] [zcode-session-service] createSession agent 返回 {
  durationMs: 62,
  mcpServerCount: 0,
  persistence: 'deferred',
  snapshotTraceId: 'd3e067c2-9f49-421f-96fd-07a41dbaef70',
  sessionId: 'sess_26835b3b-ef55-49f0-935e-f52c7f3f0c91',
  workspaceIdentity: undefined,
  workspacePath: 'C:\\Users\\USER\\Desktop\\Personal\\ZCode\\.tmp\\z1-native-1790566629091-853a39\\workspace'
}
[2026-09-28 11:37:16.334] [pid:38228] [main] [host-log] (local-1) [host] [2026-09-28 11:37:16.334] [pid:33568] [zcode-agent-service][trace:d3e067c2-9f49-421f-96fd-07a41dbaef70] ZCode Protocol session/create 完成 {"durationMs":62,"messageCount":0,"modelCurrent":"z1-local-fixture/z1-fixture","mcpServerCount":0,"persistence":"deferred","sessionId":"sess_26835b3b-ef55-49f0-935e-f52c7f3f0c91","snapshotTraceId":"d3e067c2-9f49-421f-96fd-07a41dbaef70","workspaceKey":"C:\\Users\\USER\\Desktop\\Personal\\ZCode\\.tmp\\z1-native-1790566629091-853a39\\workspace","workspacePath":"C:\\Users\\USER\\Desktop\\Personal\\ZCode\\.tmp\\z1-native-1790566629091-853a39\\workspace"}
[2026-09-28 11:37:16.335] [pid:38228] [main] [host-log] (local-1) [host] [2026-09-28 11:37:16.334] [pid:33568] [zcode-session-service][trace:d3e067c2-9f49-421f-96fd-07a41dbaef70] [zcode-session-service] createSession agent 返回 {"durationMs":62,"mcpServerCount":0,"persistence":"deferred","snapshotTraceId":"d3e067c2-9f49-421f-96fd-07a41dbaef70","sessionId":"sess_26835b3b-ef55-49f0-935e-f52c7f3f0c91","workspacePath":"C:\\Users\\USER\\Desktop\\Personal\\ZCode\\.tmp\\z1-native-1790566629091-853a39\\workspace"}
[2026-09-28 11:37:16.375] [pid:38228] [main] [browser-use] execute start browserId=iab:aa3689b0-f143-46aa-87d9-cd84174e4e10 sessionId=sess_26835b3b-ef55-49f0-935e-f52c7f3f0c91 method=list
[2026-09-28 11:37:16.375] [pid:38228] [main] [browser-use] execute requestId=8fcc0e41-5004-4377-9902-d1c864408403 browserId=iab:aa3689b0-f143-46aa-87d9-cd84174e4e10 generation=1790566631517 windowId=1 sessionId=sess_26835b3b-ef55-49f0-935e-f52c7f3f0c91 method=list
[2026-09-28 11:37:16.376] [pid:38228] [main] [browser-use] execute done sessionId=sess_26835b3b-ef55-49f0-935e-f52c7f3f0c91 method=list ok=true elapsedMs=0
[2026-09-28 11:37:16.377] [pid:38228] [main] [browser-use] execute start browserId=iab:aa3689b0-f143-46aa-87d9-cd84174e4e10 sessionId=sess_26835b3b-ef55-49f0-935e-f52c7f3f0c91 method=listUserTabs
[2026-09-28 11:37:16.377] [pid:38228] [main] [browser-use] execute requestId=6f6c7117-ed87-42af-827d-d8a5c9043c2e browserId=iab:aa3689b0-f143-46aa-87d9-cd84174e4e10 generation=1790566631517 windowId=1 sessionId=sess_26835b3b-ef55-49f0-935e-f52c7f3f0c91 method=listUserTabs
[2026-09-28 11:37:16.378] [pid:38228] [main] [browser-use] execute done sessionId=sess_26835b3b-ef55-49f0-935e-f52c7f3f0c91 method=listUserTabs ok=true elapsedMs=0
[Z1 child] [2026-09-28 11:37:16.386] [pid:33568] [settingService] reading settings from: C:\Users\USER\Desktop\Personal\ZCode\.tmp\z1-native-1790566629091-853a39\home\.zcode\v2\setting.json
[Z1 child] [2026-09-28 11:37:16.387] [pid:33568] [settingService] read result: {"recentProjects":[],"locale":"zh-CN","localePreference":"en-US","terminalInheritSystemProfile":true,"embeddedBrowserAllowInsecureCertificates":false,"embeddedBrowserViewportPreference":{"mode":"normal","viewport":{"width":393,"height":852},"zoom":"fit"},"computerUseComposerEntryHidden":true,"taskAutoArchiveEnabled":false,"taskAutoArchiveOlderThanDays":7,"closeToTrayOnWindows":false,"closeToTrayOnWindowsMigrationInitialized":true,"keepAwakeWhileRunning":false,"desktopChromiumHardwareAccelerationEnabled":true,"messageStreamShowReasoning":true,"messageStreamShowReasoningMigrationInitialized":true,"messageStreamShowTodos":false,"toolGroupingExploreEnabled":true,"toolGroupingTerminalEnabled":true,"toolGroupingChangesEnabled":false,"zcodeInteractionBehavior":"queue","askUserQuestionAutoResolutionEnabled":false,"modelIoFullRetentionEnabled":false,"startPlanRecommendationDismissed":false,"providerFamilyConnectionSelections":{},"providerFamilyDomain":"zai","providerFamilyDomainMigrated":true,"nativeSearchEnhancementsEnabled":true,"memoryEnabled":false,"lastWorkspaceSession":[{"kind":"local","workspacePath":"C:\\Users\\USER\\Desktop\\Personal\\ZCode\\.tmp\\z1-native-1790566629091-853a39\\workspace","workspacePurpose":"project"},{"kind":"local","workspacePath":"C:\\Users\\USER\\Desktop\\Personal\\ZCode\\.tmp\\z1-native-1790566629091-853a39\\data\\.zcode\\workspace\\default","workspacePurpose":"conversation"}],"lastActiveTabIndex":0,"receivePreviewUpdates":false,"autoDownloadAndInstallUpdates":false,"skippedElectronUpdateVersions":{},"settingsSyncFirstRunPromptHandled":true}
[Z1 child] [2026-09-28 11:37:16.393] [pid:33568] [settingService] reading settings from: C:\Users\USER\Desktop\Personal\ZCode\.tmp\z1-native-1790566629091-853a39\home\.zcode\v2\setting.json
[Z1 child] [2026-09-28 11:37:16.393] [pid:33568] [settingService] read result: {"recentProjects":[],"locale":"zh-CN","localePreference":"en-US","terminalInheritSystemProfile":true,"embeddedBrowserAllowInsecureCertificates":false,"embeddedBrowserViewportPreference":{"mode":"normal","viewport":{"width":393,"height":852},"zoom":"fit"},"computerUseComposerEntryHidden":true,"taskAutoArchiveEnabled":false,"taskAutoArchiveOlderThanDays":7,"closeToTrayOnWindows":false,"closeToTrayOnWindowsMigrationInitialized":true,"keepAwakeWhileRunning":false,"desktopChromiumHardwareAccelerationEnabled":true,"messageStreamShowReasoning":true,"messageStreamShowReasoningMigrationInitialized":true,"messageStreamShowTodos":false,"toolGroupingExploreEnabled":true,"toolGroupingTerminalEnabled":true,"toolGroupingChangesEnabled":false,"zcodeInteractionBehavior":"queue","askUserQuestionAutoResolutionEnabled":false,"modelIoFullRetentionEnabled":false,"startPlanRecommendationDismissed":false,"providerFamilyConnectionSelections":{},"providerFamilyDomain":"zai","providerFamilyDomainMigrated":true,"nativeSearchEnhancementsEnabled":true,"memoryEnabled":false,"lastWorkspaceSession":[{"kind":"local","workspacePath":"C:\\Users\\USER\\Desktop\\Personal\\ZCode\\.tmp\\z1-native-1790566629091-853a39\\workspace","workspacePurpose":"project"},{"kind":"local","workspacePath":"C:\\Users\\USER\\Desktop\\Personal\\ZCode\\.tmp\\z1-native-1790566629091-853a39\\data\\.zcode\\workspace\\default","workspacePurpose":"conversation"}],"lastActiveTabIndex":0,"receivePreviewUpdates":false,"autoDownloadAndInstallUpdates":false,"skippedElectronUpdateVersions":{},"settingsSyncFirstRunPromptHandled":true}
[Z1 child] [2026-09-28 11:37:16.394] [pid:33568] [zcode-host] [rpc:call] graphEngineering.getWorkspace OK (214.1ms)
[2026-09-28 11:37:16.394] [pid:38228] [main] [host-log] (local-1) [host] [2026-09-28 11:37:16.394] [pid:33568] [zcode-host] [rpc:call] graphEngineering.getWorkspace OK (214.1ms)
[Z1 child] [2026-09-28 11:37:16.394] [pid:33568] [settingService] reading settings from: C:\Users\USER\Desktop\Personal\ZCode\.tmp\z1-native-1790566629091-853a39\home\.zcode\v2\setting.json
[2026-09-28 11:37:16.395] [pid:33568] [settingService] read result: {"recentProjects":[],"locale":"zh-CN","localePreference":"en-US","terminalInheritSystemProfile":true,"embeddedBrowserAllowInsecureCertificates":false,"embeddedBrowserViewportPreference":{"mode":"normal","viewport":{"width":393,"height":852},"zoom":"fit"},"computerUseComposerEntryHidden":true,"taskAutoArchiveEnabled":false,"taskAutoArchiveOlderThanDays":7,"closeToTrayOnWindows":false,"closeToTrayOnWindowsMigrationInitialized":true,"keepAwakeWhileRunning":false,"desktopChromiumHardwareAccelerationEnabled":true,"messageStreamShowReasoning":true,"messageStreamShowReasoningMigrationInitialized":true,"messageStreamShowTodos":false,"toolGroupingExploreEnabled":true,"toolGroupingTerminalEnabled":true,"toolGroupingChangesEnabled":false,"zcodeInteractionBehavior":"queue","askUserQuestionAutoResolutionEnabled":false,"modelIoFullRetentionEnabled":false,"startPlanRecommendationDismissed":false,"providerFamilyConnectionSelections":{},"providerFamilyDomain":"zai","providerFamilyDomainMigrated":true,"nativeSearchEnhancementsEnabled":true,"memoryEnabled":false,"lastWorkspaceSession":[{"kind":"local","workspacePath":"C:\\Users\\USER\\Desktop\\Personal\\ZCode\\.tmp\\z1-native-1790566629091-853a39\\workspace","workspacePurpose":"project"},{"kind":"local","workspacePath":"C:\\Users\\USER\\Desktop\\Personal\\ZCode\\.tmp\\z1-native-1790566629091-853a39\\data\\.zcode\\workspace\\default","workspacePurpose":"conversation"}],"lastActiveTabIndex":0,"receivePreviewUpdates":false,"autoDownloadAndInstallUpdates":false,"skippedElectronUpdateVersions":{},"settingsSyncFirstRunPromptHandled":true}
[Z1 child] [2026-09-28 11:37:16.395] [pid:33568] [zcode-host] [rpc:call] graphEngineering.getWorkspace OK (123.2ms)
[2026-09-28 11:37:16.395] [pid:38228] [main] [host-log] (local-1) [host] [2026-09-28 11:37:16.395] [pid:33568] [zcode-host] [rpc:call] graphEngineering.getWorkspace OK (123.2ms)
[Z1 child] [2026-09-28 11:37:16.396] [pid:33568] [settingService] reading settings from: C:\Users\USER\Desktop\Personal\ZCode\.tmp\z1-native-1790566629091-853a39\home\.zcode\v2\setting.json
[2026-09-28 11:37:16.396] [pid:33568] [settingService] read result: {"recentProjects":[],"locale":"zh-CN","localePreference":"en-US","terminalInheritSystemProfile":true,"embeddedBrowserAllowInsecureCertificates":false,"embeddedBrowserViewportPreference":{"mode":"normal","viewport":{"width":393,"height":852},"zoom":"fit"},"computerUseComposerEntryHidden":true,"taskAutoArchiveEnabled":false,"taskAutoArchiveOlderThanDays":7,"closeToTrayOnWindows":false,"closeToTrayOnWindowsMigrationInitialized":true,"keepAwakeWhileRunning":false,"desktopChromiumHardwareAccelerationEnabled":true,"messageStreamShowReasoning":true,"messageStreamShowReasoningMigrationInitialized":true,"messageStreamShowTodos":false,"toolGroupingExploreEnabled":true,"toolGroupingTerminalEnabled":true,"toolGroupingChangesEnabled":false,"zcodeInteractionBehavior":"queue","askUserQuestionAutoResolutionEnabled":false,"modelIoFullRetentionEnabled":false,"startPlanRecommendationDismissed":false,"providerFamilyConnectionSelections":{},"providerFamilyDomain":"zai","providerFamilyDomainMigrated":true,"nativeSearchEnhancementsEnabled":true,"memoryEnabled":false,"lastWorkspaceSession":[{"kind":"local","workspacePath":"C:\\Users\\USER\\Desktop\\Personal\\ZCode\\.tmp\\z1-native-1790566629091-853a39\\workspace","workspacePurpose":"project"},{"kind":"local","workspacePath":"C:\\Users\\USER\\Desktop\\Personal\\ZCode\\.tmp\\z1-native-1790566629091-853a39\\data\\.zcode\\workspace\\default","workspacePurpose":"conversation"}],"lastActiveTabIndex":0,"receivePreviewUpdates":false,"autoDownloadAndInstallUpdates":false,"skippedElectronUpdateVersions":{},"settingsSyncFirstRunPromptHandled":true}
[Z1 child] [2026-09-28 11:37:16.396] [pid:33568] [zcode-host] [rpc:call] graphEngineering.getWorkspace OK (58.7ms)
[2026-09-28 11:37:16.397] [pid:38228] [main] [host-log] (local-1) [host] [2026-09-28 11:37:16.396] [pid:33568] [zcode-host] [rpc:call] graphEngineering.getWorkspace OK (58.7ms)
[Z1 child] [2026-09-28 11:37:16.397] [pid:33568] [settingService] reading settings from: C:\Users\USER\Desktop\Personal\ZCode\.tmp\z1-native-1790566629091-853a39\home\.zcode\v2\setting.json
[2026-09-28 11:37:16.397] [pid:33568] [settingService] read result: {"recentProjects":[],"locale":"zh-CN","localePreference":"en-US","terminalInheritSystemProfile":true,"embeddedBrowserAllowInsecureCertificates":false,"embeddedBrowserViewportPreference":{"mode":"normal","viewport":{"width":393,"height":852},"zoom":"fit"},"computerUseComposerEntryHidden":true,"taskAutoArchiveEnabled":false,"taskAutoArchiveOlderThanDays":7,"closeToTrayOnWindows":false,"closeToTrayOnWindowsMigrationInitialized":true,"keepAwakeWhileRunning":false,"desktopChromiumHardwareAccelerationEnabled":true,"messageStreamShowReasoning":true,"messageStreamShowReasoningMigrationInitialized":true,"messageStreamShowTodos":false,"toolGroupingExploreEnabled":true,"toolGroupingTerminalEnabled":true,"toolGroupingChangesEnabled":false,"zcodeInteractionBehavior":"queue","askUserQuestionAutoResolutionEnabled":false,"modelIoFullRetentionEnabled":false,"startPlanRecommendationDismissed":false,"providerFamilyConnectionSelections":{},"providerFamilyDomain":"zai","providerFamilyDomainMigrated":true,"nativeSearchEnhancementsEnabled":true,"memoryEnabled":false,"lastWorkspaceSession":[{"kind":"local","workspacePath":"C:\\Users\\USER\\Desktop\\Personal\\ZCode\\.tmp\\z1-native-1790566629091-853a39\\workspace","workspacePurpose":"project"},{"kind":"local","workspacePath":"C:\\Users\\USER\\Desktop\\Personal\\ZCode\\.tmp\\z1-native-1790566629091-853a39\\data\\.zcode\\workspace\\default","workspacePurpose":"conversation"}],"lastActiveTabIndex":0,"receivePreviewUpdates":false,"autoDownloadAndInstallUpdates":false,"skippedElectronUpdateVersions":{},"settingsSyncFirstRunPromptHandled":true}
[Z1 child] [2026-09-28 11:37:16.398] [pid:33568] [zcode-host] [rpc:call] graphEngineering.getWorkspace OK (23.6ms)
[2026-09-28 11:37:16.398] [pid:38228] [main] [host-log] (local-1) [host] [2026-09-28 11:37:16.398] [pid:33568] [zcode-host] [rpc:call] graphEngineering.getWorkspace OK (23.6ms)
[Z1 child] [2026-09-28 11:37:16.398] [pid:33568] [settingService] reading settings from: C:\Users\USER\Desktop\Personal\ZCode\.tmp\z1-native-1790566629091-853a39\home\.zcode\v2\setting.json
[2026-09-28 11:37:16.399] [pid:33568] [settingService] read result: {"recentProjects":[],"locale":"zh-CN","localePreference":"en-US","terminalInheritSystemProfile":true,"embeddedBrowserAllowInsecureCertificates":false,"embeddedBrowserViewportPreference":{"mode":"normal","viewport":{"width":393,"height":852},"zoom":"fit"},"computerUseComposerEntryHidden":true,"taskAutoArchiveEnabled":false,"taskAutoArchiveOlderThanDays":7,"closeToTrayOnWindows":false,"closeToTrayOnWindowsMigrationInitialized":true,"keepAwakeWhileRunning":false,"desktopChromiumHardwareAccelerationEnabled":true,"messageStreamShowReasoning":true,"messageStreamShowReasoningMigrationInitialized":true,"messageStreamShowTodos":false,"toolGroupingExploreEnabled":true,"toolGroupingTerminalEnabled":true,"toolGroupingChangesEnabled":false,"zcodeInteractionBehavior":"queue","askUserQuestionAutoResolutionEnabled":false,"modelIoFullRetentionEnabled":false,"startPlanRecommendationDismissed":false,"providerFamilyConnectionSelections":{},"providerFamilyDomain":"zai","providerFamilyDomainMigrated":true,"nativeSearchEnhancementsEnabled":true,"memoryEnabled":false,"lastWorkspaceSession":[{"kind":"local","workspacePath":"C:\\Users\\USER\\Desktop\\Personal\\ZCode\\.tmp\\z1-native-1790566629091-853a39\\workspace","workspacePurpose":"project"},{"kind":"local","workspacePath":"C:\\Users\\USER\\Desktop\\Personal\\ZCode\\.tmp\\z1-native-1790566629091-853a39\\data\\.zcode\\workspace\\default","workspacePurpose":"conversation"}],"lastActiveTabIndex":0,"receivePreviewUpdates":false,"autoDownloadAndInstallUpdates":false,"skippedElectronUpdateVersions":{},"settingsSyncFirstRunPromptHandled":true}
[Z1 child] [2026-09-28 11:37:16.399] [pid:33568] [zcode-host] [rpc:call] graphEngineering.getWorkspace OK (5.9ms)
[2026-09-28 11:37:16.399] [pid:38228] [main] [host-log] (local-1) [host] [2026-09-28 11:37:16.399] [pid:33568] [zcode-host] [rpc:call] graphEngineering.getWorkspace OK (5.9ms)
[Z1 child] [2026-09-28 11:37:16.740] [pid:33568] [cua-pip-session] [cua-pip-session] event delivery dropped {
  eventId: 'fccf4d79-ab04-4d48-89ca-b83b099168e2',
  kind: 'turn-started',
  sequenceNumber: 3,
  sessionId: 'sess_26835b3b-ef55-49f0-935e-f52c7f3f0c91',
  turnId: 'turn_50956e51-7125-4c63-b3de-2591598b7b89',
  skipReason: 'service-disabled'
}
[2026-09-28 11:37:16.741] [pid:38228] [main] [host-log] (local-1) [host] [2026-09-28 11:37:16.740] [pid:33568] [cua-pip-session] [cua-pip-session] event delivery dropped {"eventId":"fccf4d79-ab04-4d48-89ca-b83b099168e2","kind":"turn-started","sequenceNumber":3,"sessionId":"sess_26835b3b-ef55-49f0-935e-f52c7f3f0c91","turnId":"turn_50956e51-7125-4c63-b3de-2591598b7b89","skipReason":"service-disabled"}
[Z1 child] [2026-09-28 11:37:16.793] [pid:33568] [settingService] reading settings from: C:\Users\USER\Desktop\Personal\ZCode\.tmp\z1-native-1790566629091-853a39\home\.zcode\v2\setting.json
[Z1 child] [2026-09-28 11:37:16.794] [pid:33568] [settingService] read result: {"recentProjects":[],"locale":"zh-CN","localePreference":"en-US","terminalInheritSystemProfile":true,"embeddedBrowserAllowInsecureCertificates":false,"embeddedBrowserViewportPreference":{"mode":"normal","viewport":{"width":393,"height":852},"zoom":"fit"},"computerUseComposerEntryHidden":true,"taskAutoArchiveEnabled":false,"taskAutoArchiveOlderThanDays":7,"closeToTrayOnWindows":false,"closeToTrayOnWindowsMigrationInitialized":true,"keepAwakeWhileRunning":false,"desktopChromiumHardwareAccelerationEnabled":true,"messageStreamShowReasoning":true,"messageStreamShowReasoningMigrationInitialized":true,"messageStreamShowTodos":false,"toolGroupingExploreEnabled":true,"toolGroupingTerminalEnabled":true,"toolGroupingChangesEnabled":false,"zcodeInteractionBehavior":"queue","askUserQuestionAutoResolutionEnabled":false,"modelIoFullRetentionEnabled":false,"startPlanRecommendationDismissed":false,"providerFamilyConnectionSelections":{},"providerFamilyDomain":"zai","providerFamilyDomainMigrated":true,"nativeSearchEnhancementsEnabled":true,"memoryEnabled":false,"lastWorkspaceSession":[{"kind":"local","workspacePath":"C:\\Users\\USER\\Desktop\\Personal\\ZCode\\.tmp\\z1-native-1790566629091-853a39\\workspace","workspacePurpose":"project"},{"kind":"local","workspacePath":"C:\\Users\\USER\\Desktop\\Personal\\ZCode\\.tmp\\z1-native-1790566629091-853a39\\data\\.zcode\\workspace\\default","workspacePurpose":"conversation"}],"lastActiveTabIndex":0,"receivePreviewUpdates":false,"autoDownloadAndInstallUpdates":false,"skippedElectronUpdateVersions":{},"settingsSyncFirstRunPromptHandled":true}
[Z1 child] [2026-09-28 11:37:16.794] [pid:33568] [zcode-host] [rpc:call] graphEngineering.getWorkspace OK (1.0ms)
[2026-09-28 11:37:16.794] [pid:38228] [main] [host-log] (local-1) [host] [2026-09-28 11:37:16.794] [pid:33568] [zcode-host] [rpc:call] graphEngineering.getWorkspace OK (1.0ms)
[Z1 child] [2026-09-28 11:37:16.815] [pid:33568] [zcode-task-index-syncer] [list-refresh-trace] emitWorkspaceTaskListChanged reason=task_created taskId=sess_26835b3b-ef55-49f0-935e-f52c7f3f0c91 workspace=C:\Users\USER\Desktop\Personal\ZCode\.tmp\z1-native-1790566629091-853a39\workspace hasMeta=true
[Z1 child] [2026-09-28 11:37:16.822] [pid:33568] [zcode-host] [rpc:call] zcode-task.listPinnedTaskIds OK (0.1ms)
[2026-09-28 11:37:16.823] [pid:38228] [main] [host-log] (local-1) [host] [2026-09-28 11:37:16.822] [pid:33568] [zcode-host] [rpc:call] zcode-task.listPinnedTaskIds OK (0.1ms)
[2026-09-28 11:37:16.823] [pid:38228] [main] [host-log] (local-1) [host] [2026-09-28 11:37:16.823] [pid:33568] [zcode-host] [rpc:call] zcode-task.listArchivedTasks OK (0.1ms)
[2026-09-28 11:37:16.824] [pid:38228] [main] [host-log] (local-1) [host] [2026-09-28 11:37:16.823] [pid:33568] [zcode-host] [rpc:call] zcode-task.listTasks OK (0.2ms)
[2026-09-28 11:37:16.825] [pid:38228] [main] [host-log] (local-1) [host] [2026-09-28 11:37:16.823] [pid:33568] [zcode-host] [rpc:call] zcode-task.listPinnedTasks OK (0.1ms)
[2026-09-28 11:37:16.826] [pid:38228] [main] [host-log] (local-1) [host] [2026-09-28 11:37:16.823] [pid:33568] [zcode-host] [rpc:call] zcode-task.listDeletedTaskIds OK (0.1ms)
[2026-09-28 11:37:16.826] [pid:38228] [main] [host-log] (local-1) [host] [2026-09-28 11:37:16.824] [pid:33568] [zcode-host] [rpc:call] window-controller.listTaskList OK (0.1ms)
[Z1 child] [2026-09-28 11:37:16.823] [pid:33568] [zcode-host] [rpc:call] zcode-task.listArchivedTasks OK (0.1ms)
[2026-09-28 11:37:16.823] [pid:33568] [zcode-host] [rpc:call] zcode-task.listTasks OK (0.2ms)
[2026-09-28 11:37:16.823] [pid:33568] [zcode-host] [rpc:call] zcode-task.listPinnedTasks OK (0.1ms)
[2026-09-28 11:37:16.823] [pid:33568] [zcode-host] [rpc:call] zcode-task.listDeletedTaskIds OK (0.1ms)
[2026-09-28 11:37:16.824] [pid:33568] [zcode-host] [rpc:call] window-controller.listTaskList OK (0.1ms)
[Z1 child] [2026-09-28 11:37:16.855] [pid:33568] [settingService] reading settings from: C:\Users\USER\Desktop\Personal\ZCode\.tmp\z1-native-1790566629091-853a39\home\.zcode\v2\setting.json
[Z1 child] [2026-09-28 11:37:16.856] [pid:33568] [settingService] read result: {"recentProjects":[],"locale":"zh-CN","localePreference":"en-US","terminalInheritSystemProfile":true,"embeddedBrowserAllowInsecureCertificates":false,"embeddedBrowserViewportPreference":{"mode":"normal","viewport":{"width":393,"height":852},"zoom":"fit"},"computerUseComposerEntryHidden":true,"taskAutoArchiveEnabled":false,"taskAutoArchiveOlderThanDays":7,"closeToTrayOnWindows":false,"closeToTrayOnWindowsMigrationInitialized":true,"keepAwakeWhileRunning":false,"desktopChromiumHardwareAccelerationEnabled":true,"messageStreamShowReasoning":true,"messageStreamShowReasoningMigrationInitialized":true,"messageStreamShowTodos":false,"toolGroupingExploreEnabled":true,"toolGroupingTerminalEnabled":true,"toolGroupingChangesEnabled":false,"zcodeInteractionBehavior":"queue","askUserQuestionAutoResolutionEnabled":false,"modelIoFullRetentionEnabled":false,"startPlanRecommendationDismissed":false,"providerFamilyConnectionSelections":{},"providerFamilyDomain":"zai","providerFamilyDomainMigrated":true,"nativeSearchEnhancementsEnabled":true,"memoryEnabled":false,"lastWorkspaceSession":[{"kind":"local","workspacePath":"C:\\Users\\USER\\Desktop\\Personal\\ZCode\\.tmp\\z1-native-1790566629091-853a39\\workspace","workspacePurpose":"project"},{"kind":"local","workspacePath":"C:\\Users\\USER\\Desktop\\Personal\\ZCode\\.tmp\\z1-native-1790566629091-853a39\\data\\.zcode\\workspace\\default","workspacePurpose":"conversation"}],"lastActiveTabIndex":0,"receivePreviewUpdates":false,"autoDownloadAndInstallUpdates":false,"skippedElectronUpdateVersions":{},"settingsSyncFirstRunPromptHandled":true}
[Z1 child] [2026-09-28 11:37:16.856] [pid:33568] [zcode-host] [rpc:call] graphEngineering.getWorkspace OK (1.4ms)
[2026-09-28 11:37:16.857] [pid:38228] [main] [host-log] (local-1) [host] [2026-09-28 11:37:16.856] [pid:33568] [zcode-host] [rpc:call] graphEngineering.getWorkspace OK (1.4ms)
[Z1 child] [2026-09-28 11:37:16.891] [pid:33568] [settingService] reading settings from: C:\Users\USER\Desktop\Personal\ZCode\.tmp\z1-native-1790566629091-853a39\home\.zcode\v2\setting.json
[Z1 child] [2026-09-28 11:37:16.891] [pid:33568] [settingService] read result: {"recentProjects":[],"locale":"zh-CN","localePreference":"en-US","terminalInheritSystemProfile":true,"embeddedBrowserAllowInsecureCertificates":false,"embeddedBrowserViewportPreference":{"mode":"normal","viewport":{"width":393,"height":852},"zoom":"fit"},"computerUseComposerEntryHidden":true,"taskAutoArchiveEnabled":false,"taskAutoArchiveOlderThanDays":7,"closeToTrayOnWindows":false,"closeToTrayOnWindowsMigrationInitialized":true,"keepAwakeWhileRunning":false,"desktopChromiumHardwareAccelerationEnabled":true,"messageStreamShowReasoning":true,"messageStreamShowReasoningMigrationInitialized":true,"messageStreamShowTodos":false,"toolGroupingExploreEnabled":true,"toolGroupingTerminalEnabled":true,"toolGroupingChangesEnabled":false,"zcodeInteractionBehavior":"queue","askUserQuestionAutoResolutionEnabled":false,"modelIoFullRetentionEnabled":false,"startPlanRecommendationDismissed":false,"providerFamilyConnectionSelections":{},"providerFamilyDomain":"zai","providerFamilyDomainMigrated":true,"nativeSearchEnhancementsEnabled":true,"memoryEnabled":false,"lastWorkspaceSession":[{"kind":"local","workspacePath":"C:\\Users\\USER\\Desktop\\Personal\\ZCode\\.tmp\\z1-native-1790566629091-853a39\\workspace","workspacePurpose":"project"},{"kind":"local","workspacePath":"C:\\Users\\USER\\Desktop\\Personal\\ZCode\\.tmp\\z1-native-1790566629091-853a39\\data\\.zcode\\workspace\\default","workspacePurpose":"conversation"}],"lastActiveTabIndex":0,"receivePreviewUpdates":false,"autoDownloadAndInstallUpdates":false,"skippedElectronUpdateVersions":{},"settingsSyncFirstRunPromptHandled":true}
[Z1 child] [2026-09-28 11:37:16.891] [pid:33568] [zcode-host] [rpc:call] graphEngineering.getWorkspace OK (1.0ms)
[2026-09-28 11:37:16.892] [pid:38228] [main] [host-log] (local-1) [host] [2026-09-28 11:37:16.891] [pid:33568] [zcode-host] [rpc:call] graphEngineering.getWorkspace OK (1.0ms)
[Z1 child] [2026-09-28 11:37:17.046] [pid:33568] [cua-pip-session] [cua-pip-session] event delivery dropped {
  kind: 'focus-changed',
  revision: 4,
  sessionId: 'sess_26835b3b-ef55-49f0-935e-f52c7f3f0c91',
  sourceWindowId: 'window-1',
  skipReason: 'service-disabled'
}
[2026-09-28 11:37:17.046] [pid:38228] [main] [host-log] (local-1) [host] [2026-09-28 11:37:17.046] [pid:33568] [cua-pip-session] [cua-pip-session] event delivery dropped {"kind":"focus-changed","revision":4,"sessionId":"sess_26835b3b-ef55-49f0-935e-f52c7f3f0c91","sourceWindowId":"window-1","skipReason":"service-disabled"}
[2026-09-28 11:37:17.050] [pid:38228] [renderer] v4 workspace connection reused {
  event: 'v4.workspace_connection.reused',
  isRemote: false,
  key: '__base__ C:\\Users\\USER\\Desktop\\Personal\\ZCode\\.tmp\\z1-native-1790566629091-853a39\\workspace',
  module: 'ui.v4.workspace_connection_registry',
  refCount: 1,
  serviceGeneration: 1,
  status: 'completed'
}
INFO: Could not find files for the given pattern(s).
INFO: Could not find files for the given pattern(s).
[Z1 child] [2026-09-28 11:37:17.065] [pid:33568] [zcode-host] [rpc:call] zcode-task.getTaskSessionFilePath OK (0.0ms)
[2026-09-28 11:37:17.065] [pid:33568] [zcode-host] [rpc:call] zcode-task.getTaskNativeSessionLogFile OK (0.3ms)
[2026-09-28 11:37:17.066] [pid:33568] [settingService] reading settings from: C:\Users\USER\Desktop\Personal\ZCode\.tmp\z1-native-1790566629091-853a39\home\.zcode\v2\setting.json
[2026-09-28 11:37:17.066] [pid:33568] [zcode-host] [rpc:listen] zcode-agent.onAgentRuntimeLifecycle subscribed
[2026-09-28 11:37:17.066] [pid:33568] [zcode-host] [rpc:listen] graphEngineering.onDidChange subscribed
[2026-09-28 11:37:17.066] [pid:33568] [zcode-host] [rpc:call] graphEngineering.isSessionOwned OK (0.1ms)
[2026-09-28 11:37:17.066] [pid:33568] [zcode-host] [rpc:listen] model-selection.onDidChange subscribed
[2026-09-28 11:37:17.066] [pid:33568] [zcode-host] [rpc:listen] zcode-agent.onAgentRuntimeRestarted subscribed
[2026-09-28 11:37:17.067] [pid:33568] [settingService] read result: {"recentProjects":[],"locale":"zh-CN","localePreference":"en-US","terminalInheritSystemProfile":true,"embeddedBrowserAllowInsecureCertificates":false,"embeddedBrowserViewportPreference":{"mode":"normal","viewport":{"width":393,"height":852},"zoom":"fit"},"computerUseComposerEntryHidden":true,"taskAutoArchiveEnabled":false,"taskAutoArchiveOlderThanDays":7,"closeToTrayOnWindows":false,"closeToTrayOnWindowsMigrationInitialized":true,"keepAwakeWhileRunning":false,"desktopChromiumHardwareAccelerationEnabled":true,"messageStreamShowReasoning":true,"messageStreamShowReasoningMigrationInitialized":true,"messageStreamShowTodos":false,"toolGroupingExploreEnabled":true,"toolGroupingTerminalEnabled":true,"toolGroupingChangesEnabled":false,"zcodeInteractionBehavior":"queue","askUserQuestionAutoResolutionEnabled":false,"modelIoFullRetentionEnabled":false,"startPlanRecommendationDismissed":false,"providerFamilyConnectionSelections":{},"providerFamilyDomain":"zai","providerFamilyDomainMigrated":true,"nativeSearchEnhancementsEnabled":true,"memoryEnabled":false,"lastWorkspaceSession":[{"kind":"local","workspacePath":"C:\\Users\\USER\\Desktop\\Personal\\ZCode\\.tmp\\z1-native-1790566629091-853a39\\workspace","workspacePurpose":"project"},{"kind":"local","workspacePath":"C:\\Users\\USER\\Desktop\\Personal\\ZCode\\.tmp\\z1-native-1790566629091-853a39\\data\\.zcode\\workspace\\default","workspacePurpose":"conversation"}],"lastActiveTabIndex":0,"receivePreviewUpdates":false,"autoDownloadAndInstallUpdates":false,"skippedElectronUpdateVersions":{},"settingsSyncFirstRunPromptHandled":true}
[2026-09-28 11:37:17.067] [pid:33568] [zcode-host] [rpc:call] setting.get OK (1.0ms)
[2026-09-28 11:37:17.067] [pid:33568] [zcode-host] [rpc:call] zcode-task.getTaskNativeSessionLogFile OK (0.2ms)
[2026-09-28 11:37:17.067] [pid:33568] [zcode-host] [rpc:call] zcode-task.getTaskSessionFilePath OK (0.0ms)
[2026-09-28 11:37:17.067] [pid:33568] [zcode-host] [rpc:call] model-selection.getView OK (1.2ms)
[2026-09-28 11:37:17.076] [pid:33568] [zcode-host] [rpc:call] zcode-agent.conversationWorkflowRunsV4 OK (1.3ms)
[2026-09-28 11:37:17.077] [pid:33568] [zcode-host] [rpc:call] zcode-agent.subscribeConversationV4 OK (1.8ms)
[2026-09-28 11:37:17.116] [pid:33568] [zcode-host] [rpc:listen] model-selection.onDidChange subscribed
[2026-09-28 11:37:17.117] [pid:33568] [zcode-host] [rpc:call] model-selection.getView OK (0.7ms)
[2026-09-28 11:37:17.122] [pid:33568] [zcode-host] [rpc:call] zcode-agent.conversationPlansV4 OK (0.8ms)
[2026-09-28 11:37:17.314] [pid:38228] [main] [host-log] (local-1) [host] [2026-09-28 11:37:17.065] [pid:33568] [zcode-host] [rpc:call] zcode-task.getTaskSessionFilePath OK (0.0ms)
[2026-09-28 11:37:17.315] [pid:38228] [renderer] v4 conversation store connect started {
  event: 'v4.conversation.store.connect.started',
  generation: 1,
  hasBase: false,
  module: 'ui.v4.conversation_projection_store',
  status: 'started',
  topic: 'conversation/sess_26835b3b-ef55-49f0-935e-f52c7f3f0c91'
}
[2026-09-28 11:37:17.316] [pid:38228] [renderer] v4 conversation subscription started {
  workspaceKey: 'C:\\Users\\USER\\Desktop\\Personal\\ZCode\\.tmp\\z1-native-1790566629091-853a39\\workspace',
  workspacePath: 'C:\\Users\\USER\\Desktop\\Personal\\ZCode\\.tmp\\z1-native-1790566629091-853a39\\workspace',
  event: 'v4.conversation.subscribe.started',
  module: 'ui.v4.conversation_transport',
  runtimeGeneration: 0,
  sessionId: 'sess_26835b3b-ef55-49f0-935e-f52c7f3f0c91',
  status: 'started',
  topic: 'conversation/sess_26835b3b-ef55-49f0-935e-f52c7f3f0c91'
}
[2026-09-28 11:37:17.316] [pid:38228] [renderer] v4 session data lease acquired {
  event: 'v4.session_data.acquire',
  keepWarm: false,
  module: 'ui.v4.session_data_layer',
  openKind: 'cold',
  refCount: 1,
  sessionId: 'sess_26835b3b-ef55-49f0-935e-f52c7f3f0c91',
  status: 'completed',
  topic: 'conversation/sess_26835b3b-ef55-49f0-935e-f52c7f3f0c91'
}
[2026-09-28 11:37:17.317] [pid:38228] [renderer] v4 conversation subscription acknowledged {
  workspaceKey: 'C:\\Users\\USER\\Desktop\\Personal\\ZCode\\.tmp\\z1-native-1790566629091-853a39\\workspace',
  workspacePath: 'C:\\Users\\USER\\Desktop\\Personal\\ZCode\\.tmp\\z1-native-1790566629091-853a39\\workspace',
  durationMs: 12,
  event: 'v4.conversation.subscribe.acknowledged',
  module: 'ui.v4.conversation_transport',
  runtimeGeneration: 0,
  sessionId: 'sess_26835b3b-ef55-49f0-935e-f52c7f3f0c91',
  status: 'completed',
  subscriptionId: 'sub-mukp56wk-lf7uwlxw-2',
  topic: 'conversation/sess_26835b3b-ef55-49f0-935e-f52c7f3f0c91'
}
[2026-09-28 11:37:17.317] [pid:38228] [renderer] v4 conversation subscription activated {
  workspaceKey: 'C:\\Users\\USER\\Desktop\\Personal\\ZCode\\.tmp\\z1-native-1790566629091-853a39\\workspace',
  workspacePath: 'C:\\Users\\USER\\Desktop\\Personal\\ZCode\\.tmp\\z1-native-1790566629091-853a39\\workspace',
  event: 'v4.conversation.subscribe.activated',
  module: 'ui.v4.conversation_transport',
  runtimeGeneration: 0,
  status: 'completed',
  subscriptionId: 'sub-mukp56wk-lf7uwlxw-2',
  topic: 'conversation/sess_26835b3b-ef55-49f0-935e-f52c7f3f0c91'
}
[2026-09-28 11:37:17.318] [pid:38228] [renderer] v4 conversation store connect completed {
  durationMs: 13,
  event: 'v4.conversation.store.connect.completed',
  generation: 1,
  logEpoch: 'mukp56wk-lf7uwlxw',
  mode: 'snapshot',
  module: 'ui.v4.conversation_projection_store',
  status: 'completed',
  subscriptionId: 'sub-mukp56wk-lf7uwlxw-2',
  topic: 'conversation/sess_26835b3b-ef55-49f0-935e-f52c7f3f0c91'
}
[2026-09-28 11:37:17.319] [pid:38228] [main] [host-log] (local-1) [host] [2026-09-28 11:37:17.065] [pid:33568] [zcode-host] [rpc:call] zcode-task.getTaskNativeSessionLogFile OK (0.3ms)
[2026-09-28 11:37:17.320] [pid:38228] [main] [host-log] (local-1) [host] [2026-09-28 11:37:17.066] [pid:33568] [zcode-host] [rpc:listen] zcode-agent.onAgentRuntimeLifecycle subscribed
[2026-09-28 11:37:17.321] [pid:38228] [main] [host-log] (local-1) [host] [2026-09-28 11:37:17.066] [pid:33568] [zcode-host] [rpc:listen] graphEngineering.onDidChange subscribed
[2026-09-28 11:37:17.321] [pid:38228] [main] [host-log] (local-1) [host] [2026-09-28 11:37:17.066] [pid:33568] [zcode-host] [rpc:call] graphEngineering.isSessionOwned OK (0.1ms)
[2026-09-28 11:37:17.322] [pid:38228] [main] [host-log] (local-1) [host] [2026-09-28 11:37:17.066] [pid:33568] [zcode-host] [rpc:listen] model-selection.onDidChange subscribed
[2026-09-28 11:37:17.323] [pid:38228] [main] [host-log] (local-1) [host] [2026-09-28 11:37:17.066] [pid:33568] [zcode-host] [rpc:listen] zcode-agent.onAgentRuntimeRestarted subscribed
[2026-09-28 11:37:17.323] [pid:38228] [main] [host-log] (local-1) [host] [2026-09-28 11:37:17.067] [pid:33568] [zcode-host] [rpc:call] setting.get OK (1.0ms)
[2026-09-28 11:37:17.324] [pid:38228] [main] [host-log] (local-1) [host] [2026-09-28 11:37:17.067] [pid:33568] [zcode-host] [rpc:call] zcode-task.getTaskNativeSessionLogFile OK (0.2ms)
[2026-09-28 11:37:17.325] [pid:38228] [main] [host-log] (local-1) [host] [2026-09-28 11:37:17.067] [pid:33568] [zcode-host] [rpc:call] zcode-task.getTaskSessionFilePath OK (0.0ms)
[2026-09-28 11:37:17.326] [pid:38228] [main] [host-log] (local-1) [host] [2026-09-28 11:37:17.067] [pid:33568] [zcode-host] [rpc:call] model-selection.getView OK (1.2ms)
[2026-09-28 11:37:17.326] [pid:38228] [main] [host-log] (local-1) [host] [2026-09-28 11:37:17.076] [pid:33568] [zcode-host] [rpc:call] zcode-agent.conversationWorkflowRunsV4 OK (1.3ms)
[2026-09-28 11:37:17.327] [pid:38228] [main] [host-log] (local-1) [host] [2026-09-28 11:37:17.077] [pid:33568] [zcode-host] [rpc:call] zcode-agent.subscribeConversationV4 OK (1.8ms)
[2026-09-28 11:37:17.328] [pid:38228] [main] [host-log] (local-1) [host] [2026-09-28 11:37:17.116] [pid:33568] [zcode-host] [rpc:listen] model-selection.onDidChange subscribed
[2026-09-28 11:37:17.328] [pid:38228] [main] [host-log] (local-1) [host] [2026-09-28 11:37:17.117] [pid:33568] [zcode-host] [rpc:call] model-selection.getView OK (0.7ms)
[2026-09-28 11:37:17.329] [pid:38228] [main] [host-log] (local-1) [host] [2026-09-28 11:37:17.122] [pid:33568] [zcode-host] [rpc:call] zcode-agent.conversationPlansV4 OK (0.8ms)
[Z1 child] [2026-09-28 11:37:17.423] [pid:33568] [settingService] reading settings from: C:\Users\USER\Desktop\Personal\ZCode\.tmp\z1-native-1790566629091-853a39\home\.zcode\v2\setting.json
[Z1 child] [2026-09-28 11:37:17.424] [pid:33568] [settingService] read result: {"recentProjects":[],"locale":"zh-CN","localePreference":"en-US","terminalInheritSystemProfile":true,"embeddedBrowserAllowInsecureCertificates":false,"embeddedBrowserViewportPreference":{"mode":"normal","viewport":{"width":393,"height":852},"zoom":"fit"},"computerUseComposerEntryHidden":true,"taskAutoArchiveEnabled":false,"taskAutoArchiveOlderThanDays":7,"closeToTrayOnWindows":false,"closeToTrayOnWindowsMigrationInitialized":true,"keepAwakeWhileRunning":false,"desktopChromiumHardwareAccelerationEnabled":true,"messageStreamShowReasoning":true,"messageStreamShowReasoningMigrationInitialized":true,"messageStreamShowTodos":false,"toolGroupingExploreEnabled":true,"toolGroupingTerminalEnabled":true,"toolGroupingChangesEnabled":false,"zcodeInteractionBehavior":"queue","askUserQuestionAutoResolutionEnabled":false,"modelIoFullRetentionEnabled":false,"startPlanRecommendationDismissed":false,"providerFamilyConnectionSelections":{},"providerFamilyDomain":"zai","providerFamilyDomainMigrated":true,"nativeSearchEnhancementsEnabled":true,"memoryEnabled":false,"lastWorkspaceSession":[{"kind":"local","workspacePath":"C:\\Users\\USER\\Desktop\\Personal\\ZCode\\.tmp\\z1-native-1790566629091-853a39\\workspace","workspacePurpose":"project"},{"kind":"local","workspacePath":"C:\\Users\\USER\\Desktop\\Personal\\ZCode\\.tmp\\z1-native-1790566629091-853a39\\data\\.zcode\\workspace\\default","workspacePurpose":"conversation"}],"lastActiveTabIndex":0,"receivePreviewUpdates":false,"autoDownloadAndInstallUpdates":false,"skippedElectronUpdateVersions":{},"settingsSyncFirstRunPromptHandled":true}
[Z1 child] [2026-09-28 11:37:17.424] [pid:33568] [settingService] writing settings to: C:\Users\USER\Desktop\Personal\ZCode\.tmp\z1-native-1790566629091-853a39\home\.zcode\v2\setting.json {"recentProjects":[],"locale":"zh-CN","localePreference":"en-US","terminalInheritSystemProfile":true,"embeddedBrowserAllowInsecureCertificates":false,"embeddedBrowserViewportPreference":{"mode":"normal","viewport":{"width":393,"height":852},"zoom":"fit"},"computerUseComposerEntryHidden":true,"taskAutoArchiveEnabled":false,"taskAutoArchiveOlderThanDays":7,"closeToTrayOnWindows":false,"closeToTrayOnWindowsMigrationInitialized":true,"keepAwakeWhileRunning":false,"desktopChromiumHardwareAccelerationEnabled":true,"messageStreamShowReasoning":true,"messageStreamShowReasoningMigrationInitialized":true,"messageStreamShowTodos":false,"toolGroupingExploreEnabled":true,"toolGroupingTerminalEnabled":true,"toolGroupingChangesEnabled":false,"zcodeInteractionBehavior":"queue","askUserQuestionAutoResolutionEnabled":false,"modelIoFullRetentionEnabled":false,"startPlanRecommendationDismissed":false,"providerFamilyConnectionSelections":{},"providerFamilyDomain":"zai","providerFamilyDomainMigrated":true,"nativeSearchEnhancementsEnabled":true,"memoryEnabled":false,"lastWorkspaceSession":[{"kind":"local","workspacePath":"C:\\Users\\USER\\Desktop\\Personal\\ZCode\\.tmp\\z1-native-1790566629091-853a39\\workspace","workspacePurpose":"project"},{"kind":"local","workspacePath":"C:\\Users\\USER\\Desktop\\Personal\\ZCode\\.tmp\\z1-native-1790566629091-853a39\\data\\.zcode\\workspace\\default","workspacePurpose":"conversation"}],"lastActiveTabIndex":0,"receivePreviewUpdates":false,"autoDownloadAndInstallUpdates":false,"skippedElectronUpdateVersions":{},"settingsSyncFirstRunPromptHandled":true}
[2026-09-28 11:37:17.424] [pid:38228] [main] [host-log] (local-1) [host] [2026-09-28 11:37:17.424] [pid:33568] [settingService] writing settings to: C:\Users\USER\Desktop\Personal\ZCode\.tmp\z1-native-1790566629091-853a39\home\.zcode\v2\setting.json {"recentProjects":[],"locale":"zh-CN","localePreference":"en-US","terminalInheritSystemProfile":true,"embeddedBrowserAllowInsecureCertificates":false,"embeddedBrowserViewportPreference":{"mode":"normal","viewport":{"width":393,"height":852},"zoom":"fit"},"computerUseComposerEntryHidden":true,"taskAutoArchiveEnabled":false,"taskAutoArchiveOlderThanDays":7,"closeToTrayOnWindows":false,"closeToTrayOnWindowsMigrationInitialized":true,"keepAwakeWhileRunning":false,"desktopChromiumHardwareAccelerationEnabled":true,"messageStreamShowReasoning":true,"messageStreamShowReasoningMigrationInitialized":true,"messageStreamShowTodos":false,"toolGroupingExploreEnabled":true,"toolGroupingTerminalEnabled":true,"toolGroupingChangesEnabled":false,"zcodeInteractionBehavior":"queue","askUserQuestionAutoResolutionEnabled":false,"modelIoFullRetentionEnabled":false,"startPlanRecommendationDismissed":false,"providerFamilyConnectionSelections":{},"providerFamilyDomain":"zai","providerFamilyDomainMigrated":true,"nativeSearchEnhancementsEnabled":true,"memoryEnabled":false,"lastWorkspaceSession":[{"kind":"local","workspacePath":"C:\\Users\\USER\\Desktop\\Personal\\ZCode\\.tmp\\z1-native-1790566629091-853a39\\workspace","workspacePurpose":"project"},{"kind":"local","workspacePath":"C:\\Users\\USER\\Desktop\\Personal\\ZCode\\.tmp\\z1-native-1790566629091-853a39\\data\\.zcode\\workspace\\default","workspacePurpose":"conversation"}],"lastActiveTabIndex":0,"receivePreviewUpdates":false,"autoDownloadAndInstallUpdates":false,"skippedElectronUpdateVersions":{},"settingsSyncFirstRunPromptHandled":true}
[Z1 child] [2026-09-28 11:37:17.429] [pid:33568] [settingService] write done
[2026-09-28 11:37:17.429] [pid:33568] [zcode-host] [rpc:call] setting.update OK (6.2ms)
[2026-09-28 11:37:17.429] [pid:38228] [main] [host-log] (local-1) [host] [2026-09-28 11:37:17.429] [pid:33568] [settingService] write done
[2026-09-28 11:37:17.430] [pid:38228] [main] [host-log] (local-1) [host] [2026-09-28 11:37:17.429] [pid:33568] [zcode-host] [rpc:call] setting.update OK (6.2ms)
[2026-09-28 11:37:17.604] [pid:38228] [settingService] writing settings to: C:\Users\USER\Desktop\Personal\ZCode\.tmp\z1-native-1790566629091-853a39\home\.zcode\v2\setting.json {"recentProjects":[],"locale":"zh-CN","localePreference":"en-US","terminalInheritSystemProfile":true,"embeddedBrowserAllowInsecureCertificates":false,"embeddedBrowserViewportPreference":{"mode":"normal","viewport":{"width":393,"height":852},"zoom":"fit"},"computerUseComposerEntryHidden":true,"taskAutoArchiveEnabled":false,"taskAutoArchiveOlderThanDays":7,"closeToTrayOnWindows":false,"closeToTrayOnWindowsMigrationInitialized":true,"keepAwakeWhileRunning":false,"desktopWindowSize":{"width":1600,"height":1000,"maximized":false},"desktopChromiumHardwareAccelerationEnabled":true,"messageStreamShowReasoning":true,"messageStreamShowReasoningMigrationInitialized":true,"messageStreamShowTodos":false,"toolGroupingExploreEnabled":true,"toolGroupingTerminalEnabled":true,"toolGroupingChangesEnabled":false,"zcodeInteractionBehavior":"queue","askUserQuestionAutoResolutionEnabled":false,"modelIoFullRetentionEnabled":false,"startPlanRecommendationDismissed":false,"providerFamilyConnectionSelections":{},"providerFamilyDomain":"zai","providerFamilyDomainMigrated":true,"nativeSearchEnhancementsEnabled":true,"memoryEnabled":false,"lastWorkspaceSession":[{"kind":"local","workspacePath":"C:\\Users\\USER\\Desktop\\Personal\\ZCode\\.tmp\\z1-native-1790566629091-853a39\\workspace","workspacePurpose":"project"},{"kind":"local","workspacePath":"C:\\Users\\USER\\Desktop\\Personal\\ZCode\\.tmp\\z1-native-1790566629091-853a39\\data\\.zcode\\workspace\\default","workspacePurpose":"conversation"}],"lastActiveTabIndex":0,"receivePreviewUpdates":false,"autoDownloadAndInstallUpdates":false,"skippedElectronUpdateVersions":{},"settingsSyncFirstRunPromptHandled":true}
[2026-09-28 11:37:17.611] [pid:38228] [settingService] write done
[Z1 child] [2026-09-28 11:37:17.714] [pid:33568] [zcode-host] [rpc:call] zcode-agent.sendConversationCommandV4 OK (3.2ms)
[2026-09-28 11:37:17.714] [pid:38228] [main] [host-log] (local-1) [host] [2026-09-28 11:37:17.714] [pid:33568] [zcode-host] [rpc:call] zcode-agent.sendConversationCommandV4 OK (3.2ms)
[Z1 child] [2026-09-28 11:37:17.783] [pid:33568] [cua-pip-session] [cua-pip-session] event delivery dropped {
  eventId: '4a6273b1-6d4e-48f5-95c2-c7681496fa6b',
  kind: 'turn-ended',
  sequenceNumber: 55,
  sessionId: 'sess_26835b3b-ef55-49f0-935e-f52c7f3f0c91',
  turnId: 'turn_50956e51-7125-4c63-b3de-2591598b7b89',
  outcome: 'completed',
  skipReason: 'service-disabled'
}
[2026-09-28 11:37:17.784] [pid:38228] [main] [host-log] (local-1) [host] [2026-09-28 11:37:17.783] [pid:33568] [cua-pip-session] [cua-pip-session] event delivery dropped {"eventId":"4a6273b1-6d4e-48f5-95c2-c7681496fa6b","kind":"turn-ended","sequenceNumber":55,"sessionId":"sess_26835b3b-ef55-49f0-935e-f52c7f3f0c91","turnId":"turn_50956e51-7125-4c63-b3de-2591598b7b89","outcome":"completed","skipReason":"service-disabled"}
[Z1 child] [2026-09-28 11:37:17.785] [pid:33568] [zcode-task-index-syncer] task 终态未读裁决 {
  goalStatus: null,
  phase: 'completedSuccess',
  taskId: 'sess_26835b3b-ef55-49f0-935e-f52c7f3f0c91',
  unreadSignal: 'background_terminal'
}
[Z1 child] [2026-09-28 11:37:17.785] [pid:33568] [zcode-task-index-syncer] [list-refresh-trace] emitWorkspaceTaskListChanged reason=task_status_changed taskId=sess_26835b3b-ef55-49f0-935e-f52c7f3f0c91 workspace=C:\Users\USER\Desktop\Personal\ZCode\.tmp\z1-native-1790566629091-853a39\workspace hasMeta=true
[Z1 child] [2026-09-28 11:37:17.805] [pid:33568] [zcode-host] [rpc:call] graphEngineering.isSessionOwned OK (0.0ms)
[2026-09-28 11:37:17.806] [pid:38228] [main] [host-log] (local-1) [host] [2026-09-28 11:37:17.805] [pid:33568] [zcode-host] [rpc:call] graphEngineering.isSessionOwned OK (0.0ms)
[Z1 child] [2026-09-28 11:37:17.871] [pid:33568] [zcode-task-index-syncer] [list-refresh-trace] emitWorkspaceTaskListChanged reason=task_title_changed taskId=sess_26835b3b-ef55-49f0-935e-f52c7f3f0c91 workspace=C:\Users\USER\Desktop\Personal\ZCode\.tmp\z1-native-1790566629091-853a39\workspace hasMeta=true
[Z1 child] [2026-09-28 11:37:17.873] [pid:33568] [zcode-task-index-syncer] [list-refresh-trace] emitWorkspaceTaskListChanged reason=task_status_changed taskId=sess_26835b3b-ef55-49f0-935e-f52c7f3f0c91 workspace=C:\Users\USER\Desktop\Personal\ZCode\.tmp\z1-native-1790566629091-853a39\workspace hasMeta=true
[Z1 child] [2026-09-28 11:37:17.922] [pid:33568] [zcode-host] [rpc:call] graphEngineering.isSessionOwned OK (0.0ms)
[2026-09-28 11:37:17.923] [pid:38228] [main] [host-log] (local-1) [host] [2026-09-28 11:37:17.922] [pid:33568] [zcode-host] [rpc:call] graphEngineering.isSessionOwned OK (0.0ms)
[2026-09-28 11:37:17.942] [pid:38228] [renderer] v4 workspace connection lease released {
  event: 'v4.workspace_connection.release',
  keepWarmMs: 30000,
  key: '__base__ C:\\Users\\USER\\Desktop\\Personal\\ZCode\\.tmp\\z1-native-1790566629091-853a39\\workspace',
  module: 'ui.v4.workspace_connection_registry',
  refCount: 0,
  status: 'keep_warm'
}
[2026-09-28 11:37:17.943] [pid:38228] [renderer] v4 session data lease released {
  event: 'v4.session_data.release',
  keepWarmMs: 30000,
  module: 'ui.v4.session_data_layer',
  refCount: 0,
  status: 'keep_warm',
  topic: 'conversation/sess_26835b3b-ef55-49f0-935e-f52c7f3f0c91'
}
[Z1 child] [2026-09-28 11:37:17.945] [pid:33568] [zcode-host] [rpc:listen] graphEngineering.onDidChange subscribed
[2026-09-28 11:37:17.945] [pid:38228] [main] [host-log] (local-1) [host] [2026-09-28 11:37:17.945] [pid:33568] [zcode-host] [rpc:listen] graphEngineering.onDidChange subscribed
[Z1 child] [2026-09-28 11:37:18.048] [pid:33568] [zcode-agent-service] 开始初始化 ZCode agent {
  workspaceKey: 'C:\\Users\\USER\\Desktop\\Personal\\ZCode\\.tmp\\z1-native-1790566629091-853a39\\workspace',
  workspacePath: 'C:\\Users\\USER\\Desktop\\Personal\\ZCode\\.tmp\\z1-native-1790566629091-853a39\\workspace'
}
[2026-09-28 11:37:18.048] [pid:38228] [main] [host-log] (local-1) [host] [2026-09-28 11:37:18.048] [pid:33568] [zcode-agent-service] 开始初始化 ZCode agent {"workspaceKey":"C:\\Users\\USER\\Desktop\\Personal\\ZCode\\.tmp\\z1-native-1790566629091-853a39\\workspace","workspacePath":"C:\\Users\\USER\\Desktop\\Personal\\ZCode\\.tmp\\z1-native-1790566629091-853a39\\workspace"}
[2026-09-28 11:37:18.049] [pid:38228] [main] [host-log] (local-1) [host] [2026-09-28 11:37:18.048] [pid:33568] [zcode-agent-service] ZCode agent 初始化完成 {"durationMs":0,"transportKind":"stdio","workspaceKey":"C:\\Users\\USER\\Desktop\\Personal\\ZCode\\.tmp\\z1-native-1790566629091-853a39\\workspace","workspacePath":"C:\\Users\\USER\\Desktop\\Personal\\ZCode\\.tmp\\z1-native-1790566629091-853a39\\workspace"}
[2026-09-28 11:37:18.050] [pid:38228] [main] [host-log] (local-1) [host] [2026-09-28 11:37:18.048] [pid:33568] [zcode-session-service][trace:a8b8cf05-f773-4aad-b9cb-4f9a1d9782ad] [zcode-session-service] createSession 分配 session trace {"persistence":"deferred","workspacePath":"C:\\Users\\USER\\Desktop\\Personal\\ZCode\\.tmp\\z1-native-1790566629091-853a39\\workspace"}
[2026-09-28 11:37:18.051] [pid:38228] [main] [host-log] (local-1) [host] [2026-09-28 11:37:18.048] [pid:33568] [zcode-agent-service][trace:a8b8cf05-f773-4aad-b9cb-4f9a1d9782ad] 开始请求 ZCode Protocol session/create {"hasInitialModel":false,"hasInitialThoughtLevel":false,"initialModel":null,"mcpServerCount":0,"mcpServerNames":[],"persistence":"deferred","workspaceKey":"C:\\Users\\USER\\Desktop\\Personal\\ZCode\\.tmp\\z1-native-1790566629091-853a39\\workspace","workspacePath":"C:\\Users\\USER\\Desktop\\Personal\\ZCode\\.tmp\\z1-native-1790566629091-853a39\\workspace"}
[Z1 child] [2026-09-28 11:37:18.048] [pid:33568] [zcode-agent-service] ZCode agent 初始化完成 {
  durationMs: 0,
  transportKind: 'stdio',
  workspaceKey: 'C:\\Users\\USER\\Desktop\\Personal\\ZCode\\.tmp\\z1-native-1790566629091-853a39\\workspace',
  workspacePath: 'C:\\Users\\USER\\Desktop\\Personal\\ZCode\\.tmp\\z1-native-1790566629091-853a39\\workspace'
}
[2026-09-28 11:37:18.048] [pid:33568] [zcode-session-service][trace:a8b8cf05-f773-4aad-b9cb-4f9a1d9782ad] [zcode-session-service] createSession 分配 session trace {
  persistence: 'deferred',
  workspaceIdentity: undefined,
  workspacePath: 'C:\\Users\\USER\\Desktop\\Personal\\ZCode\\.tmp\\z1-native-1790566629091-853a39\\workspace'
}
[2026-09-28 11:37:18.048] [pid:33568] [zcode-agent-service][trace:a8b8cf05-f773-4aad-b9cb-4f9a1d9782ad] 开始请求 ZCode Protocol session/create {
  hasInitialModel: false,
  hasInitialThoughtLevel: false,
  initialModel: null,
  mcpServerCount: 0,
  mcpServerNames: [],
  persistence: 'deferred',
  workspaceKey: 'C:\\Users\\USER\\Desktop\\Personal\\ZCode\\.tmp\\z1-native-1790566629091-853a39\\workspace',
  workspacePath: 'C:\\Users\\USER\\Desktop\\Personal\\ZCode\\.tmp\\z1-native-1790566629091-853a39\\workspace'
}
[2026-09-28 11:37:18.050] [pid:33568] [settingService] reading settings from: C:\Users\USER\Desktop\Personal\ZCode\.tmp\z1-native-1790566629091-853a39\home\.zcode\v2\setting.json
[2026-09-28 11:37:18.051] [pid:33568] [settingService] read result: {"recentProjects":[],"locale":"zh-CN","localePreference":"en-US","terminalInheritSystemProfile":true,"embeddedBrowserAllowInsecureCertificates":false,"embeddedBrowserViewportPreference":{"mode":"normal","viewport":{"width":393,"height":852},"zoom":"fit"},"computerUseComposerEntryHidden":true,"taskAutoArchiveEnabled":false,"taskAutoArchiveOlderThanDays":7,"closeToTrayOnWindows":false,"closeToTrayOnWindowsMigrationInitialized":true,"keepAwakeWhileRunning":false,"desktopWindowSize":{"width":1600,"height":1000,"maximized":false},"desktopChromiumHardwareAccelerationEnabled":true,"messageStreamShowReasoning":true,"messageStreamShowReasoningMigrationInitialized":true,"messageStreamShowTodos":false,"toolGroupingExploreEnabled":true,"toolGroupingTerminalEnabled":true,"toolGroupingChangesEnabled":false,"zcodeInteractionBehavior":"queue","askUserQuestionAutoResolutionEnabled":false,"modelIoFullRetentionEnabled":false,"startPlanRecommendationDismissed":false,"providerFamilyConnectionSelections":{},"providerFamilyDomain":"zai","providerFamilyDomainMigrated":true,"nativeSearchEnhancementsEnabled":true,"memoryEnabled":false,"lastWorkspaceSession":[{"kind":"local","workspacePath":"C:\\Users\\USER\\Desktop\\Personal\\ZCode\\.tmp\\z1-native-1790566629091-853a39\\workspace","workspacePurpose":"project"},{"kind":"local","workspacePath":"C:\\Users\\USER\\Desktop\\Personal\\ZCode\\.tmp\\z1-native-1790566629091-853a39\\data\\.zcode\\workspace\\default","workspacePurpose":"conversation"}],"lastActiveTabIndex":0,"receivePreviewUpdates":false,"autoDownloadAndInstallUpdates":false,"skippedElectronUpdateVersions":{},"settingsSyncFirstRunPromptHandled":true}
[Z1 child] [2026-09-28 11:37:18.112] [pid:33568] [zcode-agent-service][trace:a8b8cf05-f773-4aad-b9cb-4f9a1d9782ad] ZCode Protocol session/create 完成 {
  durationMs: 64,
  messageCount: 0,
  modelCurrent: 'z1-local-fixture/z1-fixture$enabled',
  mcpServerCount: 0,
  persistence: 'deferred',
  sessionId: 'sess_7103ec3c-c7fc-444a-98f0-9f34331ce499',
  snapshotTraceId: 'a8b8cf05-f773-4aad-b9cb-4f9a1d9782ad',
  workspaceKey: 'C:\\Users\\USER\\Desktop\\Personal\\ZCode\\.tmp\\z1-native-1790566629091-853a39\\workspace',
  workspacePath: 'C:\\Users\\USER\\Desktop\\Personal\\ZCode\\.tmp\\z1-native-1790566629091-853a39\\workspace'
}
[2026-09-28 11:37:18.112] [pid:33568] [zcode-session-service][trace:a8b8cf05-f773-4aad-b9cb-4f9a1d9782ad] [zcode-session-service] createSession agent 返回 {
  durationMs: 64,
  mcpServerCount: 0,
  persistence: 'deferred',
  snapshotTraceId: 'a8b8cf05-f773-4aad-b9cb-4f9a1d9782ad',
  sessionId: 'sess_7103ec3c-c7fc-444a-98f0-9f34331ce499',
  workspaceIdentity: undefined,
  workspacePath: 'C:\\Users\\USER\\Desktop\\Personal\\ZCode\\.tmp\\z1-native-1790566629091-853a39\\workspace'
}
[2026-09-28 11:37:18.112] [pid:38228] [main] [host-log] (local-1) [host] [2026-09-28 11:37:18.112] [pid:33568] [zcode-agent-service][trace:a8b8cf05-f773-4aad-b9cb-4f9a1d9782ad] ZCode Protocol session/create 完成 {"durationMs":64,"messageCount":0,"modelCurrent":"z1-local-fixture/z1-fixture$enabled","mcpServerCount":0,"persistence":"deferred","sessionId":"sess_7103ec3c-c7fc-444a-98f0-9f34331ce499","snapshotTraceId":"a8b8cf05-f773-4aad-b9cb-4f9a1d9782ad","workspaceKey":"C:\\Users\\USER\\Desktop\\Personal\\ZCode\\.tmp\\z1-native-1790566629091-853a39\\workspace","workspacePath":"C:\\Users\\USER\\Desktop\\Personal\\ZCode\\.tmp\\z1-native-1790566629091-853a39\\workspace"}
[2026-09-28 11:37:18.113] [pid:38228] [main] [host-log] (local-1) [host] [2026-09-28 11:37:18.112] [pid:33568] [zcode-session-service][trace:a8b8cf05-f773-4aad-b9cb-4f9a1d9782ad] [zcode-session-service] createSession agent 返回 {"durationMs":64,"mcpServerCount":0,"persistence":"deferred","snapshotTraceId":"a8b8cf05-f773-4aad-b9cb-4f9a1d9782ad","sessionId":"sess_7103ec3c-c7fc-444a-98f0-9f34331ce499","workspacePath":"C:\\Users\\USER\\Desktop\\Personal\\ZCode\\.tmp\\z1-native-1790566629091-853a39\\workspace"}
[Z1 child] [2026-09-28 11:37:18.158] [pid:33568] [settingService] reading settings from: C:\Users\USER\Desktop\Personal\ZCode\.tmp\z1-native-1790566629091-853a39\home\.zcode\v2\setting.json
[Z1 child] [2026-09-28 11:37:18.158] [pid:33568] [settingService] read result: {"recentProjects":[],"locale":"zh-CN","localePreference":"en-US","terminalInheritSystemProfile":true,"embeddedBrowserAllowInsecureCertificates":false,"embeddedBrowserViewportPreference":{"mode":"normal","viewport":{"width":393,"height":852},"zoom":"fit"},"computerUseComposerEntryHidden":true,"taskAutoArchiveEnabled":false,"taskAutoArchiveOlderThanDays":7,"closeToTrayOnWindows":false,"closeToTrayOnWindowsMigrationInitialized":true,"keepAwakeWhileRunning":false,"desktopWindowSize":{"width":1600,"height":1000,"maximized":false},"desktopChromiumHardwareAccelerationEnabled":true,"messageStreamShowReasoning":true,"messageStreamShowReasoningMigrationInitialized":true,"messageStreamShowTodos":false,"toolGroupingExploreEnabled":true,"toolGroupingTerminalEnabled":true,"toolGroupingChangesEnabled":false,"zcodeInteractionBehavior":"queue","askUserQuestionAutoResolutionEnabled":false,"modelIoFullRetentionEnabled":false,"startPlanRecommendationDismissed":false,"providerFamilyConnectionSelections":{},"providerFamilyDomain":"zai","providerFamilyDomainMigrated":true,"nativeSearchEnhancementsEnabled":true,"memoryEnabled":false,"lastWorkspaceSession":[{"kind":"local","workspacePath":"C:\\Users\\USER\\Desktop\\Personal\\ZCode\\.tmp\\z1-native-1790566629091-853a39\\workspace","workspacePurpose":"project"},{"kind":"local","workspacePath":"C:\\Users\\USER\\Desktop\\Personal\\ZCode\\.tmp\\z1-native-1790566629091-853a39\\data\\.zcode\\workspace\\default","workspacePurpose":"conversation"}],"lastActiveTabIndex":0,"receivePreviewUpdates":false,"autoDownloadAndInstallUpdates":false,"skippedElectronUpdateVersions":{},"settingsSyncFirstRunPromptHandled":true}
[Z1 child] [2026-09-28 11:37:18.159] [pid:33568] [zcode-host] [rpc:call] graphEngineering.getWorkspace OK (214.2ms)
[2026-09-28 11:37:18.159] [pid:38228] [main] [host-log] (local-1) [host] [2026-09-28 11:37:18.159] [pid:33568] [zcode-host] [rpc:call] graphEngineering.getWorkspace OK (214.2ms)
[Z1 child] [2026-09-28 11:37:18.159] [pid:33568] [settingService] reading settings from: C:\Users\USER\Desktop\Personal\ZCode\.tmp\z1-native-1790566629091-853a39\home\.zcode\v2\setting.json
[Z1 child] [2026-09-28 11:37:18.160] [pid:33568] [settingService] read result: {"recentProjects":[],"locale":"zh-CN","localePreference":"en-US","terminalInheritSystemProfile":true,"embeddedBrowserAllowInsecureCertificates":false,"embeddedBrowserViewportPreference":{"mode":"normal","viewport":{"width":393,"height":852},"zoom":"fit"},"computerUseComposerEntryHidden":true,"taskAutoArchiveEnabled":false,"taskAutoArchiveOlderThanDays":7,"closeToTrayOnWindows":false,"closeToTrayOnWindowsMigrationInitialized":true,"keepAwakeWhileRunning":false,"desktopWindowSize":{"width":1600,"height":1000,"maximized":false},"desktopChromiumHardwareAccelerationEnabled":true,"messageStreamShowReasoning":true,"messageStreamShowReasoningMigrationInitialized":true,"messageStreamShowTodos":false,"toolGroupingExploreEnabled":true,"toolGroupingTerminalEnabled":true,"toolGroupingChangesEnabled":false,"zcodeInteractionBehavior":"queue","askUserQuestionAutoResolutionEnabled":false,"modelIoFullRetentionEnabled":false,"startPlanRecommendationDismissed":false,"providerFamilyConnectionSelections":{},"providerFamilyDomain":"zai","providerFamilyDomainMigrated":true,"nativeSearchEnhancementsEnabled":true,"memoryEnabled":false,"lastWorkspaceSession":[{"kind":"local","workspacePath":"C:\\Users\\USER\\Desktop\\Personal\\ZCode\\.tmp\\z1-native-1790566629091-853a39\\workspace","workspacePurpose":"project"},{"kind":"local","workspacePath":"C:\\Users\\USER\\Desktop\\Personal\\ZCode\\.tmp\\z1-native-1790566629091-853a39\\data\\.zcode\\workspace\\default","workspacePurpose":"conversation"}],"lastActiveTabIndex":0,"receivePreviewUpdates":false,"autoDownloadAndInstallUpdates":false,"skippedElectronUpdateVersions":{},"settingsSyncFirstRunPromptHandled":true}
[Z1 child] [2026-09-28 11:37:18.161] [pid:33568] [zcode-host] [rpc:call] graphEngineering.getWorkspace OK (112.0ms)
[2026-09-28 11:37:18.161] [pid:38228] [main] [host-log] (local-1) [host] [2026-09-28 11:37:18.161] [pid:33568] [zcode-host] [rpc:call] graphEngineering.getWorkspace OK (112.0ms)
[Z1 child] [2026-09-28 11:37:18.161] [pid:33568] [settingService] reading settings from: C:\Users\USER\Desktop\Personal\ZCode\.tmp\z1-native-1790566629091-853a39\home\.zcode\v2\setting.json
[2026-09-28 11:37:18.161] [pid:33568] [settingService] read result: {"recentProjects":[],"locale":"zh-CN","localePreference":"en-US","terminalInheritSystemProfile":true,"embeddedBrowserAllowInsecureCertificates":false,"embeddedBrowserViewportPreference":{"mode":"normal","viewport":{"width":393,"height":852},"zoom":"fit"},"computerUseComposerEntryHidden":true,"taskAutoArchiveEnabled":false,"taskAutoArchiveOlderThanDays":7,"closeToTrayOnWindows":false,"closeToTrayOnWindowsMigrationInitialized":true,"keepAwakeWhileRunning":false,"desktopWindowSize":{"width":1600,"height":1000,"maximized":false},"desktopChromiumHardwareAccelerationEnabled":true,"messageStreamShowReasoning":true,"messageStreamShowReasoningMigrationInitialized":true,"messageStreamShowTodos":false,"toolGroupingExploreEnabled":true,"toolGroupingTerminalEnabled":true,"toolGroupingChangesEnabled":false,"zcodeInteractionBehavior":"queue","askUserQuestionAutoResolutionEnabled":false,"modelIoFullRetentionEnabled":false,"startPlanRecommendationDismissed":false,"providerFamilyConnectionSelections":{},"providerFamilyDomain":"zai","providerFamilyDomainMigrated":true,"nativeSearchEnhancementsEnabled":true,"memoryEnabled":false,"lastWorkspaceSession":[{"kind":"local","workspacePath":"C:\\Users\\USER\\Desktop\\Personal\\ZCode\\.tmp\\z1-native-1790566629091-853a39\\workspace","workspacePurpose":"project"},{"kind":"local","workspacePath":"C:\\Users\\USER\\Desktop\\Personal\\ZCode\\.tmp\\z1-native-1790566629091-853a39\\data\\.zcode\\workspace\\default","workspacePurpose":"conversation"}],"lastActiveTabIndex":0,"receivePreviewUpdates":false,"autoDownloadAndInstallUpdates":false,"skippedElectronUpdateVersions":{},"settingsSyncFirstRunPromptHandled":true}
[Z1 child] [2026-09-28 11:37:18.162] [pid:33568] [zcode-host] [rpc:call] graphEngineering.getWorkspace OK (46.3ms)
[2026-09-28 11:37:18.162] [pid:38228] [main] [host-log] (local-1) [host] [2026-09-28 11:37:18.162] [pid:33568] [zcode-host] [rpc:call] graphEngineering.getWorkspace OK (46.3ms)
[Z1 child] [2026-09-28 11:37:18.162] [pid:33568] [settingService] reading settings from: C:\Users\USER\Desktop\Personal\ZCode\.tmp\z1-native-1790566629091-853a39\home\.zcode\v2\setting.json
[2026-09-28 11:37:18.163] [pid:33568] [settingService] read result: {"recentProjects":[],"locale":"zh-CN","localePreference":"en-US","terminalInheritSystemProfile":true,"embeddedBrowserAllowInsecureCertificates":false,"embeddedBrowserViewportPreference":{"mode":"normal","viewport":{"width":393,"height":852},"zoom":"fit"},"computerUseComposerEntryHidden":true,"taskAutoArchiveEnabled":false,"taskAutoArchiveOlderThanDays":7,"closeToTrayOnWindows":false,"closeToTrayOnWindowsMigrationInitialized":true,"keepAwakeWhileRunning":false,"desktopWindowSize":{"width":1600,"height":1000,"maximized":false},"desktopChromiumHardwareAccelerationEnabled":true,"messageStreamShowReasoning":true,"messageStreamShowReasoningMigrationInitialized":true,"messageStreamShowTodos":false,"toolGroupingExploreEnabled":true,"toolGroupingTerminalEnabled":true,"toolGroupingChangesEnabled":false,"zcodeInteractionBehavior":"queue","askUserQuestionAutoResolutionEnabled":false,"modelIoFullRetentionEnabled":false,"startPlanRecommendationDismissed":false,"providerFamilyConnectionSelections":{},"providerFamilyDomain":"zai","providerFamilyDomainMigrated":true,"nativeSearchEnhancementsEnabled":true,"memoryEnabled":false,"lastWorkspaceSession":[{"kind":"local","workspacePath":"C:\\Users\\USER\\Desktop\\Personal\\ZCode\\.tmp\\z1-native-1790566629091-853a39\\workspace","workspacePurpose":"project"},{"kind":"local","workspacePath":"C:\\Users\\USER\\Desktop\\Personal\\ZCode\\.tmp\\z1-native-1790566629091-853a39\\data\\.zcode\\workspace\\default","workspacePurpose":"conversation"}],"lastActiveTabIndex":0,"receivePreviewUpdates":false,"autoDownloadAndInstallUpdates":false,"skippedElectronUpdateVersions":{},"settingsSyncFirstRunPromptHandled":true}
[Z1 child] [2026-09-28 11:37:18.163] [pid:33568] [zcode-host] [rpc:call] graphEngineering.getWorkspace OK (15.0ms)
[2026-09-28 11:37:18.163] [pid:38228] [main] [host-log] (local-1) [host] [2026-09-28 11:37:18.163] [pid:33568] [zcode-host] [rpc:call] graphEngineering.getWorkspace OK (15.0ms)
[Z1 child] [2026-09-28 11:37:18.164] [pid:33568] [settingService] reading settings from: C:\Users\USER\Desktop\Personal\ZCode\.tmp\z1-native-1790566629091-853a39\home\.zcode\v2\setting.json
[Z1 child] [2026-09-28 11:37:18.164] [pid:33568] [settingService] read result: {"recentProjects":[],"locale":"zh-CN","localePreference":"en-US","terminalInheritSystemProfile":true,"embeddedBrowserAllowInsecureCertificates":false,"embeddedBrowserViewportPreference":{"mode":"normal","viewport":{"width":393,"height":852},"zoom":"fit"},"computerUseComposerEntryHidden":true,"taskAutoArchiveEnabled":false,"taskAutoArchiveOlderThanDays":7,"closeToTrayOnWindows":false,"closeToTrayOnWindowsMigrationInitialized":true,"keepAwakeWhileRunning":false,"desktopWindowSize":{"width":1600,"height":1000,"maximized":false},"desktopChromiumHardwareAccelerationEnabled":true,"messageStreamShowReasoning":true,"messageStreamShowReasoningMigrationInitialized":true,"messageStreamShowTodos":false,"toolGroupingExploreEnabled":true,"toolGroupingTerminalEnabled":true,"toolGroupingChangesEnabled":false,"zcodeInteractionBehavior":"queue","askUserQuestionAutoResolutionEnabled":false,"modelIoFullRetentionEnabled":false,"startPlanRecommendationDismissed":false,"providerFamilyConnectionSelections":{},"providerFamilyDomain":"zai","providerFamilyDomainMigrated":true,"nativeSearchEnhancementsEnabled":true,"memoryEnabled":false,"lastWorkspaceSession":[{"kind":"local","workspacePath":"C:\\Users\\USER\\Desktop\\Personal\\ZCode\\.tmp\\z1-native-1790566629091-853a39\\workspace","workspacePurpose":"project"},{"kind":"local","workspacePath":"C:\\Users\\USER\\Desktop\\Personal\\ZCode\\.tmp\\z1-native-1790566629091-853a39\\data\\.zcode\\workspace\\default","workspacePurpose":"conversation"}],"lastActiveTabIndex":0,"receivePreviewUpdates":false,"autoDownloadAndInstallUpdates":false,"skippedElectronUpdateVersions":{},"settingsSyncFirstRunPromptHandled":true}
[Z1 child] [2026-09-28 11:37:18.165] [pid:33568] [zcode-host] [rpc:call] graphEngineering.getWorkspace OK (2.4ms)
[2026-09-28 11:37:18.165] [pid:38228] [main] [host-log] (local-1) [host] [2026-09-28 11:37:18.165] [pid:33568] [zcode-host] [rpc:call] graphEngineering.getWorkspace OK (2.4ms)
[Z1 child] [2026-09-28 11:37:18.179] [pid:33568] [settingService] reading settings from: C:\Users\USER\Desktop\Personal\ZCode\.tmp\z1-native-1790566629091-853a39\home\.zcode\v2\setting.json
[2026-09-28 11:37:18.179] [pid:33568] [zcode-host] [rpc:listen] model-selection.onDidChange subscribed
[2026-09-28 11:37:18.180] [pid:38228] [main] [host-log] (local-1) [host] [2026-09-28 11:37:18.179] [pid:33568] [zcode-host] [rpc:listen] model-selection.onDidChange subscribed
[2026-09-28 11:37:18.180] [pid:38228] [main] [host-log] (local-1) [host] [2026-09-28 11:37:18.180] [pid:33568] [zcode-host] [rpc:call] graphEngineering.validateDefinition OK (0.2ms)
[2026-09-28 11:37:18.181] [pid:38228] [main] [host-log] (local-1) [host] [2026-09-28 11:37:18.180] [pid:33568] [zcode-host] [rpc:call] setting.get OK (1.1ms)
[2026-09-28 11:37:18.182] [pid:38228] [main] [host-log] (local-1) [host] [2026-09-28 11:37:18.181] [pid:33568] [zcode-host] [rpc:call] model-selection.getView OK (1.1ms)
[Z1 child] [2026-09-28 11:37:18.180] [pid:33568] [zcode-host] [rpc:call] graphEngineering.validateDefinition OK (0.2ms)
[2026-09-28 11:37:18.180] [pid:33568] [settingService] read result: {"recentProjects":[],"locale":"zh-CN","localePreference":"en-US","terminalInheritSystemProfile":true,"embeddedBrowserAllowInsecureCertificates":false,"embeddedBrowserViewportPreference":{"mode":"normal","viewport":{"width":393,"height":852},"zoom":"fit"},"computerUseComposerEntryHidden":true,"taskAutoArchiveEnabled":false,"taskAutoArchiveOlderThanDays":7,"closeToTrayOnWindows":false,"closeToTrayOnWindowsMigrationInitialized":true,"keepAwakeWhileRunning":false,"desktopWindowSize":{"width":1600,"height":1000,"maximized":false},"desktopChromiumHardwareAccelerationEnabled":true,"messageStreamShowReasoning":true,"messageStreamShowReasoningMigrationInitialized":true,"messageStreamShowTodos":false,"toolGroupingExploreEnabled":true,"toolGroupingTerminalEnabled":true,"toolGroupingChangesEnabled":false,"zcodeInteractionBehavior":"queue","askUserQuestionAutoResolutionEnabled":false,"modelIoFullRetentionEnabled":false,"startPlanRecommendationDismissed":false,"providerFamilyConnectionSelections":{},"providerFamilyDomain":"zai","providerFamilyDomainMigrated":true,"nativeSearchEnhancementsEnabled":true,"memoryEnabled":false,"lastWorkspaceSession":[{"kind":"local","workspacePath":"C:\\Users\\USER\\Desktop\\Personal\\ZCode\\.tmp\\z1-native-1790566629091-853a39\\workspace","workspacePurpose":"project"},{"kind":"local","workspacePath":"C:\\Users\\USER\\Desktop\\Personal\\ZCode\\.tmp\\z1-native-1790566629091-853a39\\data\\.zcode\\workspace\\default","workspacePurpose":"conversation"}],"lastActiveTabIndex":0,"receivePreviewUpdates":false,"autoDownloadAndInstallUpdates":false,"skippedElectronUpdateVersions":{},"settingsSyncFirstRunPromptHandled":true}
[2026-09-28 11:37:18.180] [pid:33568] [zcode-host] [rpc:call] setting.get OK (1.1ms)
[2026-09-28 11:37:18.181] [pid:33568] [zcode-host] [rpc:call] model-selection.getView OK (1.1ms)
[Z1 child] [2026-09-28 11:37:18.465] [pid:33568] [cua-pip-session] [cua-pip-session] event delivery dropped {
  kind: 'focus-changed',
  revision: 5,
  sessionId: 'sess_7103ec3c-c7fc-444a-98f0-9f34331ce499',
  sourceWindowId: 'window-1',
  skipReason: 'service-disabled'
}
[2026-09-28 11:37:18.466] [pid:38228] [main] [host-log] (local-1) [host] [2026-09-28 11:37:18.465] [pid:33568] [cua-pip-session] [cua-pip-session] event delivery dropped {"kind":"focus-changed","revision":5,"sessionId":"sess_7103ec3c-c7fc-444a-98f0-9f34331ce499","sourceWindowId":"window-1","skipReason":"service-disabled"}
[2026-09-28 11:37:18.468] [pid:38228] [renderer] v4 workspace connection reused {
  event: 'v4.workspace_connection.reused',
  isRemote: false,
  key: '__base__ C:\\Users\\USER\\Desktop\\Personal\\ZCode\\.tmp\\z1-native-1790566629091-853a39\\workspace',
  module: 'ui.v4.workspace_connection_registry',
  refCount: 1,
  serviceGeneration: 1,
  status: 'completed'
}
[Z1 child] [2026-09-28 11:37:18.479] [pid:33568] [zcode-host] [rpc:call] zcode-task.getTaskSessionFilePath OK (0.0ms)
[2026-09-28 11:37:18.480] [pid:38228] [main] [host-log] (local-1) [host] [2026-09-28 11:37:18.479] [pid:33568] [zcode-host] [rpc:call] zcode-task.getTaskSessionFilePath OK (0.0ms)
[2026-09-28 11:37:18.480] [pid:38228] [renderer] v4 conversation store connect started {
  event: 'v4.conversation.store.connect.started',
  generation: 1,
  hasBase: false,
  module: 'ui.v4.conversation_projection_store',
  status: 'started',
  topic: 'conversation/sess_7103ec3c-c7fc-444a-98f0-9f34331ce499'
}
[2026-09-28 11:37:18.481] [pid:38228] [renderer] v4 conversation subscription started {
  workspaceKey: 'C:\\Users\\USER\\Desktop\\Personal\\ZCode\\.tmp\\z1-native-1790566629091-853a39\\workspace',
  workspacePath: 'C:\\Users\\USER\\Desktop\\Personal\\ZCode\\.tmp\\z1-native-1790566629091-853a39\\workspace',
  event: 'v4.conversation.subscribe.started',
  module: 'ui.v4.conversation_transport',
  runtimeGeneration: 0,
  sessionId: 'sess_7103ec3c-c7fc-444a-98f0-9f34331ce499',
  status: 'started',
  topic: 'conversation/sess_7103ec3c-c7fc-444a-98f0-9f34331ce499'
}
[2026-09-28 11:37:18.482] [pid:38228] [renderer] v4 session data lease acquired {
  event: 'v4.session_data.acquire',
  keepWarm: false,
  module: 'ui.v4.session_data_layer',
  openKind: 'cold',
  refCount: 1,
  sessionId: 'sess_7103ec3c-c7fc-444a-98f0-9f34331ce499',
  status: 'completed',
  topic: 'conversation/sess_7103ec3c-c7fc-444a-98f0-9f34331ce499'
}
[2026-09-28 11:37:18.483] [pid:38228] [main] [host-log] (local-1) [host] [2026-09-28 11:37:18.480] [pid:33568] [zcode-host] [rpc:call] zcode-task.getTaskNativeSessionLogFile OK (0.2ms)
[2026-09-28 11:37:18.483] [pid:38228] [main] [host-log] (local-1) [host] [2026-09-28 11:37:18.480] [pid:33568] [zcode-host] [rpc:listen] graphEngineering.onDidChange subscribed
[2026-09-28 11:37:18.484] [pid:38228] [main] [host-log] (local-1) [host] [2026-09-28 11:37:18.480] [pid:33568] [zcode-host] [rpc:call] graphEngineering.isSessionOwned OK (0.0ms)
[2026-09-28 11:37:18.484] [pid:38228] [main] [host-log] (local-1) [host] [2026-09-28 11:37:18.480] [pid:33568] [zcode-host] [rpc:listen] model-selection.onDidChange subscribed
[Z1 child] [2026-09-28 11:37:18.480] [pid:33568] [zcode-host] [rpc:call] zcode-task.getTaskNativeSessionLogFile OK (0.2ms)
[2026-09-28 11:37:18.480] [pid:33568] [settingService] reading settings from: C:\Users\USER\Desktop\Personal\ZCode\.tmp\z1-native-1790566629091-853a39\home\.zcode\v2\setting.json
[2026-09-28 11:37:18.480] [pid:33568] [zcode-host] [rpc:listen] graphEngineering.onDidChange subscribed
[2026-09-28 11:37:18.480] [pid:33568] [zcode-host] [rpc:call] graphEngineering.isSessionOwned OK (0.0ms)
[2026-09-28 11:37:18.480] [pid:33568] [zcode-host] [rpc:listen] model-selection.onDidChange subscribed
[2026-09-28 11:37:18.481] [pid:33568] [settingService] read result: {"recentProjects":[],"locale":"zh-CN","localePreference":"en-US","terminalInheritSystemProfile":true,"embeddedBrowserAllowInsecureCertificates":false,"embeddedBrowserViewportPreference":{"mode":"normal","viewport":{"width":393,"height":852},"zoom":"fit"},"computerUseComposerEntryHidden":true,"taskAutoArchiveEnabled":false,"taskAutoArchiveOlderThanDays":7,"closeToTrayOnWindows":false,"closeToTrayOnWindowsMigrationInitialized":true,"keepAwakeWhileRunning":false,"desktopWindowSize":{"width":1600,"height":1000,"maximized":false},"desktopChromiumHardwareAccelerationEnabled":true,"messageStreamShowReasoning":true,"messageStreamShowReasoningMigrationInitialized":true,"messageStreamShowTodos":false,"toolGroupingExploreEnabled":true,"toolGroupingTerminalEnabled":true,"toolGroupingChangesEnabled":false,"zcodeInteractionBehavior":"queue","askUserQuestionAutoResolutionEnabled":false,"modelIoFullRetentionEnabled":false,"startPlanRecommendationDismissed":false,"providerFamilyConnectionSelections":{},"providerFamilyDomain":"zai","providerFamilyDomainMigrated":true,"nativeSearchEnhancementsEnabled":true,"memoryEnabled":false,"lastWorkspaceSession":[{"kind":"local","workspacePath":"C:\\Users\\USER\\Desktop\\Personal\\ZCode\\.tmp\\z1-native-1790566629091-853a39\\workspace","workspacePurpose":"project"},{"kind":"local","workspacePath":"C:\\Users\\USER\\Desktop\\Personal\\ZCode\\.tmp\\z1-native-1790566629091-853a39\\data\\.zcode\\workspace\\default","workspacePurpose":"conversation"}],"lastActiveTabIndex":0,"receivePreviewUpdates":false,"autoDownloadAndInstallUpdates":false,"skippedElectronUpdateVersions":{},"settingsSyncFirstRunPromptHandled":true}
[2026-09-28 11:37:18.481] [pid:33568] [zcode-host] [rpc:call] setting.get OK (0.7ms)
[2026-09-28 11:37:18.481] [pid:33568] [zcode-host] [rpc:call] zcode-task.getTaskNativeSessionLogFile OK (0.2ms)
[2026-09-28 11:37:18.481] [pid:33568] [zcode-host] [rpc:call] zcode-task.getTaskSessionFilePath OK (0.0ms)
[2026-09-28 11:37:18.481] [pid:33568] [zcode-host] [rpc:call] model-selection.getView OK (1.2ms)
[2026-09-28 11:37:18.485] [pid:38228] [main] [host-log] (local-1) [host] [2026-09-28 11:37:18.481] [pid:33568] [zcode-host] [rpc:call] setting.get OK (0.7ms)
[2026-09-28 11:37:18.486] [pid:38228] [main] [host-log] (local-1) [host] [2026-09-28 11:37:18.481] [pid:33568] [zcode-host] [rpc:call] zcode-task.getTaskNativeSessionLogFile OK (0.2ms)
[2026-09-28 11:37:18.486] [pid:38228] [main] [host-log] (local-1) [host] [2026-09-28 11:37:18.481] [pid:33568] [zcode-host] [rpc:call] zcode-task.getTaskSessionFilePath OK (0.0ms)
[2026-09-28 11:37:18.487] [pid:38228] [main] [host-log] (local-1) [host] [2026-09-28 11:37:18.481] [pid:33568] [zcode-host] [rpc:call] model-selection.getView OK (1.2ms)
[Z1 child] [2026-09-28 11:37:18.508] [pid:33568] [zcode-session-service] [zcode-session-service] readSession 历史快照读取完成 {
  deliveryKind: undefined,
  durationMs: 27,
  messageLimit: 1,
  sessionId: 'sess_7103ec3c-c7fc-444a-98f0-9f34331ce499',
  snapshot: {
    activeTurnId: null,
    eventSeq: 2,
    messageCount: 0,
    pendingRequestCount: 1,
    sessionStatus: 'idle',
    stateRevision: 0
  },
  workspaceIdentity: null,
  workspacePath: 'C:\\Users\\USER\\Desktop\\Personal\\ZCode\\.tmp\\z1-native-1790566629091-853a39\\workspace'
}
[2026-09-28 11:37:18.508] [pid:33568] [zcode-host] [rpc:call] zcode-session.readSession OK (27.2ms)
[2026-09-28 11:37:18.508] [pid:38228] [main] [host-log] (local-1) [host] [2026-09-28 11:37:18.508] [pid:33568] [zcode-session-service] [zcode-session-service] readSession 历史快照读取完成 {"durationMs":27,"messageLimit":1,"sessionId":"sess_7103ec3c-c7fc-444a-98f0-9f34331ce499","snapshot":{"activeTurnId":null,"eventSeq":2,"messageCount":0,"pendingRequestCount":1,"sessionStatus":"idle","stateRevision":0},"workspaceIdentity":null,"workspacePath":"C:\\Users\\USER\\Desktop\\Personal\\ZCode\\.tmp\\z1-native-1790566629091-853a39\\workspace"}
[2026-09-28 11:37:18.509] [pid:38228] [main] [host-log] (local-1) [host] [2026-09-28 11:37:18.508] [pid:33568] [zcode-host] [rpc:call] zcode-session.readSession OK (27.2ms)
[2026-09-28 11:37:18.510] [pid:38228] [main] [host-log] (local-1) [host] [2026-09-28 11:37:18.508] [pid:33568] [zcode-host] [rpc:call] zcode-agent.conversationWorkflowRunsV4 OK (18.2ms)
[2026-09-28 11:37:18.511] [pid:38228] [main] [host-log] (local-1) [host] [2026-09-28 11:37:18.510] [pid:33568] [zcode-host] [rpc:call] zcode-agent.subscribeConversationV4 OK (20.2ms)
[Z1 child] [2026-09-28 11:37:18.508] [pid:33568] [zcode-host] [rpc:call] zcode-agent.conversationWorkflowRunsV4 OK (18.2ms)
[2026-09-28 11:37:18.510] [pid:33568] [zcode-host] [rpc:call] zcode-agent.subscribeConversationV4 OK (20.2ms)
[Z1 child] [2026-09-28 11:37:18.518] [pid:33568] [zcode-host] [rpc:call] zcode-task.getTaskNativeSessionLogFile OK (0.2ms)
[2026-09-28 11:37:18.518] [pid:38228] [main] [host-log] (local-1) [host] [2026-09-28 11:37:18.518] [pid:33568] [zcode-host] [rpc:call] zcode-task.getTaskNativeSessionLogFile OK (0.2ms)
[2026-09-28 11:37:18.524] [pid:38228] [renderer] v4 conversation subscription acknowledged {
  workspaceKey: 'C:\\Users\\USER\\Desktop\\Personal\\ZCode\\.tmp\\z1-native-1790566629091-853a39\\workspace',
  workspacePath: 'C:\\Users\\USER\\Desktop\\Personal\\ZCode\\.tmp\\z1-native-1790566629091-853a39\\workspace',
  durationMs: 44,
  event: 'v4.conversation.subscribe.acknowledged',
  module: 'ui.v4.conversation_transport',
  runtimeGeneration: 0,
  sessionId: 'sess_7103ec3c-c7fc-444a-98f0-9f34331ce499',
  status: 'completed',
  subscriptionId: 'sub-mukp58ay-ktxyk3od-1',
  topic: 'conversation/sess_7103ec3c-c7fc-444a-98f0-9f34331ce499'
}
[2026-09-28 11:37:18.524] [pid:38228] [renderer] v4 conversation subscription activated {
  workspaceKey: 'C:\\Users\\USER\\Desktop\\Personal\\ZCode\\.tmp\\z1-native-1790566629091-853a39\\workspace',
  workspacePath: 'C:\\Users\\USER\\Desktop\\Personal\\ZCode\\.tmp\\z1-native-1790566629091-853a39\\workspace',
  event: 'v4.conversation.subscribe.activated',
  module: 'ui.v4.conversation_transport',
  runtimeGeneration: 0,
  status: 'completed',
  subscriptionId: 'sub-mukp58ay-ktxyk3od-1',
  topic: 'conversation/sess_7103ec3c-c7fc-444a-98f0-9f34331ce499'
}
[2026-09-28 11:37:18.525] [pid:38228] [renderer] v4 conversation store connect completed {
  durationMs: 44,
  event: 'v4.conversation.store.connect.completed',
  generation: 1,
  logEpoch: 'mukp58ay-ktxyk3od',
  mode: 'snapshot',
  module: 'ui.v4.conversation_projection_store',
  status: 'completed',
  subscriptionId: 'sub-mukp58ay-ktxyk3od-1',
  topic: 'conversation/sess_7103ec3c-c7fc-444a-98f0-9f34331ce499'
}
[Z1 child] [2026-09-28 11:37:18.530] [pid:33568] [zcode-host] [rpc:listen] model-selection.onDidChange subscribed
[2026-09-28 11:37:18.531] [pid:38228] [main] [host-log] (local-1) [host] [2026-09-28 11:37:18.530] [pid:33568] [zcode-host] [rpc:listen] model-selection.onDidChange subscribed
[2026-09-28 11:37:18.532] [pid:38228] [main] [host-log] (local-1) [host] [2026-09-28 11:37:18.531] [pid:33568] [zcode-host] [rpc:call] model-selection.getView OK (0.6ms)
[Z1 child] [2026-09-28 11:37:18.531] [pid:33568] [zcode-host] [rpc:call] model-selection.getView OK (0.6ms)
[Z1 child] [2026-09-28 11:37:18.534] [pid:33568] [zcode-host] [rpc:call] zcode-agent.conversationPlansV4 OK (0.4ms)
[2026-09-28 11:37:18.534] [pid:38228] [main] [host-log] (local-1) [host] [2026-09-28 11:37:18.534] [pid:33568] [zcode-host] [rpc:call] zcode-agent.conversationPlansV4 OK (0.4ms)
[Z1 child] [2026-09-28 11:37:18.838] [pid:33568] [settingService] reading settings from: C:\Users\USER\Desktop\Personal\ZCode\.tmp\z1-native-1790566629091-853a39\home\.zcode\v2\setting.json
[Z1 child] [2026-09-28 11:37:18.838] [pid:33568] [settingService] read result: {"recentProjects":[],"locale":"zh-CN","localePreference":"en-US","terminalInheritSystemProfile":true,"embeddedBrowserAllowInsecureCertificates":false,"embeddedBrowserViewportPreference":{"mode":"normal","viewport":{"width":393,"height":852},"zoom":"fit"},"computerUseComposerEntryHidden":true,"taskAutoArchiveEnabled":false,"taskAutoArchiveOlderThanDays":7,"closeToTrayOnWindows":false,"closeToTrayOnWindowsMigrationInitialized":true,"keepAwakeWhileRunning":false,"desktopWindowSize":{"width":1600,"height":1000,"maximized":false},"desktopChromiumHardwareAccelerationEnabled":true,"messageStreamShowReasoning":true,"messageStreamShowReasoningMigrationInitialized":true,"messageStreamShowTodos":false,"toolGroupingExploreEnabled":true,"toolGroupingTerminalEnabled":true,"toolGroupingChangesEnabled":false,"zcodeInteractionBehavior":"queue","askUserQuestionAutoResolutionEnabled":false,"modelIoFullRetentionEnabled":false,"startPlanRecommendationDismissed":false,"providerFamilyConnectionSelections":{},"providerFamilyDomain":"zai","providerFamilyDomainMigrated":true,"nativeSearchEnhancementsEnabled":true,"memoryEnabled":false,"lastWorkspaceSession":[{"kind":"local","workspacePath":"C:\\Users\\USER\\Desktop\\Personal\\ZCode\\.tmp\\z1-native-1790566629091-853a39\\workspace","workspacePurpose":"project"},{"kind":"local","workspacePath":"C:\\Users\\USER\\Desktop\\Personal\\ZCode\\.tmp\\z1-native-1790566629091-853a39\\data\\.zcode\\workspace\\default","workspacePurpose":"conversation"}],"lastActiveTabIndex":0,"receivePreviewUpdates":false,"autoDownloadAndInstallUpdates":false,"skippedElectronUpdateVersions":{},"settingsSyncFirstRunPromptHandled":true}
[2026-09-28 11:37:18.839] [pid:38228] [main] [host-log] (local-1) [host] [2026-09-28 11:37:18.838] [pid:33568] [settingService] writing settings to: C:\Users\USER\Desktop\Personal\ZCode\.tmp\z1-native-1790566629091-853a39\home\.zcode\v2\setting.json {"recentProjects":[],"locale":"zh-CN","localePreference":"en-US","terminalInheritSystemProfile":true,"embeddedBrowserAllowInsecureCertificates":false,"embeddedBrowserViewportPreference":{"mode":"normal","viewport":{"width":393,"height":852},"zoom":"fit"},"computerUseComposerEntryHidden":true,"taskAutoArchiveEnabled":false,"taskAutoArchiveOlderThanDays":7,"closeToTrayOnWindows":false,"closeToTrayOnWindowsMigrationInitialized":true,"keepAwakeWhileRunning":false,"desktopWindowSize":{"width":1600,"height":1000,"maximized":false},"desktopChromiumHardwareAccelerationEnabled":true,"messageStreamShowReasoning":true,"messageStreamShowReasoningMigrationInitialized":true,"messageStreamShowTodos":false,"toolGroupingExploreEnabled":true,"toolGroupingTerminalEnabled":true,"toolGroupingChangesEnabled":false,"zcodeInteractionBehavior":"queue","askUserQuestionAutoResolutionEnabled":false,"modelIoFullRetentionEnabled":false,"startPlanRecommendationDismissed":false,"providerFamilyConnectionSelections":{},"providerFamilyDomain":"zai","providerFamilyDomainMigrated":true,"nativeSearchEnhancementsEnabled":true,"memoryEnabled":false,"lastWorkspaceSession":[{"kind":"local","workspacePath":"C:\\Users\\USER\\Desktop\\Personal\\ZCode\\.tmp\\z1-native-1790566629091-853a39\\workspace","workspacePurpose":"project"},{"kind":"local","workspacePath":"C:\\Users\\USER\\Desktop\\Personal\\ZCode\\.tmp\\z1-native-1790566629091-853a39\\data\\.zcode\\workspace\\default","workspacePurpose":"conversation"}],"lastActiveTabIndex":0,"receivePreviewUpdates":false,"autoDownloadAndInstallUpdates":false,"skippedElectronUpdateVersions":{},"settingsSyncFirstRunPromptHandled":true}
[Z1 child] [2026-09-28 11:37:18.838] [pid:33568] [settingService] writing settings to: C:\Users\USER\Desktop\Personal\ZCode\.tmp\z1-native-1790566629091-853a39\home\.zcode\v2\setting.json {"recentProjects":[],"locale":"zh-CN","localePreference":"en-US","terminalInheritSystemProfile":true,"embeddedBrowserAllowInsecureCertificates":false,"embeddedBrowserViewportPreference":{"mode":"normal","viewport":{"width":393,"height":852},"zoom":"fit"},"computerUseComposerEntryHidden":true,"taskAutoArchiveEnabled":false,"taskAutoArchiveOlderThanDays":7,"closeToTrayOnWindows":false,"closeToTrayOnWindowsMigrationInitialized":true,"keepAwakeWhileRunning":false,"desktopWindowSize":{"width":1600,"height":1000,"maximized":false},"desktopChromiumHardwareAccelerationEnabled":true,"messageStreamShowReasoning":true,"messageStreamShowReasoningMigrationInitialized":true,"messageStreamShowTodos":false,"toolGroupingExploreEnabled":true,"toolGroupingTerminalEnabled":true,"toolGroupingChangesEnabled":false,"zcodeInteractionBehavior":"queue","askUserQuestionAutoResolutionEnabled":false,"modelIoFullRetentionEnabled":false,"startPlanRecommendationDismissed":false,"providerFamilyConnectionSelections":{},"providerFamilyDomain":"zai","providerFamilyDomainMigrated":true,"nativeSearchEnhancementsEnabled":true,"memoryEnabled":false,"lastWorkspaceSession":[{"kind":"local","workspacePath":"C:\\Users\\USER\\Desktop\\Personal\\ZCode\\.tmp\\z1-native-1790566629091-853a39\\workspace","workspacePurpose":"project"},{"kind":"local","workspacePath":"C:\\Users\\USER\\Desktop\\Personal\\ZCode\\.tmp\\z1-native-1790566629091-853a39\\data\\.zcode\\workspace\\default","workspacePurpose":"conversation"}],"lastActiveTabIndex":0,"receivePreviewUpdates":false,"autoDownloadAndInstallUpdates":false,"skippedElectronUpdateVersions":{},"settingsSyncFirstRunPromptHandled":true}
[Z1 child] [2026-09-28 11:37:18.843] [pid:33568] [settingService] write done
[2026-09-28 11:37:18.843] [pid:33568] [zcode-host] [rpc:call] setting.update OK (5.2ms)
[2026-09-28 11:37:18.843] [pid:38228] [main] [host-log] (local-1) [host] [2026-09-28 11:37:18.843] [pid:33568] [settingService] write done
[2026-09-28 11:37:18.844] [pid:38228] [main] [host-log] (local-1) [host] [2026-09-28 11:37:18.843] [pid:33568] [zcode-host] [rpc:call] setting.update OK (5.2ms)
[Z1 child] [2026-09-28 11:37:18.852] [pid:33568] [zcode-host] [rpc:call] zcode-agent.sendConversationCommandV4 OK (2.3ms)
[2026-09-28 11:37:18.852] [pid:38228] [main] [host-log] (local-1) [host] [2026-09-28 11:37:18.852] [pid:33568] [zcode-host] [rpc:call] zcode-agent.sendConversationCommandV4 OK (2.3ms)
[2026-09-28 11:37:18.925] [pid:38228] [renderer] v4 workspace connection lease released {
  event: 'v4.workspace_connection.release',
  keepWarmMs: 30000,
  key: '__base__ C:\\Users\\USER\\Desktop\\Personal\\ZCode\\.tmp\\z1-native-1790566629091-853a39\\workspace',
  module: 'ui.v4.workspace_connection_registry',
  refCount: 0,
  status: 'keep_warm'
}
[2026-09-28 11:37:18.925] [pid:38228] [renderer] v4 session data lease released {
  event: 'v4.session_data.release',
  keepWarmMs: 30000,
  module: 'ui.v4.session_data_layer',
  refCount: 0,
  status: 'keep_warm',
  topic: 'conversation/sess_7103ec3c-c7fc-444a-98f0-9f34331ce499'
}
[Z1 child] [2026-09-28 11:37:18.926] [pid:33568] [zcode-host] [rpc:listen] graphEngineering.onDidChange subscribed
[2026-09-28 11:37:18.926] [pid:38228] [main] [host-log] (local-1) [host] [2026-09-28 11:37:18.926] [pid:33568] [zcode-host] [rpc:listen] graphEngineering.onDidChange subscribed
[Z1 child] [2026-09-28 11:37:18.927] [pid:33568] [settingService] reading settings from: C:\Users\USER\Desktop\Personal\ZCode\.tmp\z1-native-1790566629091-853a39\home\.zcode\v2\setting.json
[2026-09-28 11:37:18.927] [pid:33568] [settingService] read result: {"recentProjects":[],"locale":"zh-CN","localePreference":"en-US","terminalInheritSystemProfile":true,"embeddedBrowserAllowInsecureCertificates":false,"embeddedBrowserViewportPreference":{"mode":"normal","viewport":{"width":393,"height":852},"zoom":"fit"},"computerUseComposerEntryHidden":true,"taskAutoArchiveEnabled":false,"taskAutoArchiveOlderThanDays":7,"closeToTrayOnWindows":false,"closeToTrayOnWindowsMigrationInitialized":true,"keepAwakeWhileRunning":false,"desktopWindowSize":{"width":1600,"height":1000,"maximized":false},"desktopChromiumHardwareAccelerationEnabled":true,"messageStreamShowReasoning":true,"messageStreamShowReasoningMigrationInitialized":true,"messageStreamShowTodos":false,"toolGroupingExploreEnabled":true,"toolGroupingTerminalEnabled":true,"toolGroupingChangesEnabled":false,"zcodeInteractionBehavior":"queue","askUserQuestionAutoResolutionEnabled":false,"modelIoFullRetentionEnabled":false,"startPlanRecommendationDismissed":false,"providerFamilyConnectionSelections":{},"providerFamilyDomain":"zai","providerFamilyDomainMigrated":true,"nativeSearchEnhancementsEnabled":true,"memoryEnabled":false,"lastWorkspaceSession":[{"kind":"local","workspacePath":"C:\\Users\\USER\\Desktop\\Personal\\ZCode\\.tmp\\z1-native-1790566629091-853a39\\workspace","workspacePurpose":"project"},{"kind":"local","workspacePath":"C:\\Users\\USER\\Desktop\\Personal\\ZCode\\.tmp\\z1-native-1790566629091-853a39\\data\\.zcode\\workspace\\default","workspacePurpose":"conversation"}],"lastActiveTabIndex":0,"receivePreviewUpdates":false,"autoDownloadAndInstallUpdates":false,"skippedElectronUpdateVersions":{},"settingsSyncFirstRunPromptHandled":true}
[Z1 child] [2026-09-28 11:37:18.928] [pid:33568] [zcode-host] [rpc:call] graphEngineering.getWorkspace OK (1.3ms)
[2026-09-28 11:37:18.928] [pid:38228] [main] [host-log] (local-1) [host] [2026-09-28 11:37:18.928] [pid:33568] [zcode-host] [rpc:call] graphEngineering.getWorkspace OK (1.3ms)
[Z1 child] [2026-09-28 11:37:18.938] [pid:33568] [settingService] reading settings from: C:\Users\USER\Desktop\Personal\ZCode\.tmp\z1-native-1790566629091-853a39\home\.zcode\v2\setting.json
[2026-09-28 11:37:18.938] [pid:33568] [zcode-host] [rpc:listen] model-selection.onDidChange subscribed
[2026-09-28 11:37:18.939] [pid:38228] [main] [host-log] (local-1) [host] [2026-09-28 11:37:18.938] [pid:33568] [zcode-host] [rpc:listen] model-selection.onDidChange subscribed
[2026-09-28 11:37:18.939] [pid:38228] [main] [host-log] (local-1) [host] [2026-09-28 11:37:18.939] [pid:33568] [zcode-host] [rpc:call] graphEngineering.validateDefinition OK (0.2ms)
[2026-09-28 11:37:18.940] [pid:38228] [main] [host-log] (local-1) [host] [2026-09-28 11:37:18.939] [pid:33568] [zcode-host] [rpc:call] setting.get OK (1.0ms)
[2026-09-28 11:37:18.941] [pid:38228] [main] [host-log] (local-1) [host] [2026-09-28 11:37:18.940] [pid:33568] [zcode-host] [rpc:call] model-selection.getView OK (1.1ms)
[Z1 child] [2026-09-28 11:37:18.939] [pid:33568] [zcode-host] [rpc:call] graphEngineering.validateDefinition OK (0.2ms)
[2026-09-28 11:37:18.939] [pid:33568] [settingService] read result: {"recentProjects":[],"locale":"zh-CN","localePreference":"en-US","terminalInheritSystemProfile":true,"embeddedBrowserAllowInsecureCertificates":false,"embeddedBrowserViewportPreference":{"mode":"normal","viewport":{"width":393,"height":852},"zoom":"fit"},"computerUseComposerEntryHidden":true,"taskAutoArchiveEnabled":false,"taskAutoArchiveOlderThanDays":7,"closeToTrayOnWindows":false,"closeToTrayOnWindowsMigrationInitialized":true,"keepAwakeWhileRunning":false,"desktopWindowSize":{"width":1600,"height":1000,"maximized":false},"desktopChromiumHardwareAccelerationEnabled":true,"messageStreamShowReasoning":true,"messageStreamShowReasoningMigrationInitialized":true,"messageStreamShowTodos":false,"toolGroupingExploreEnabled":true,"toolGroupingTerminalEnabled":true,"toolGroupingChangesEnabled":false,"zcodeInteractionBehavior":"queue","askUserQuestionAutoResolutionEnabled":false,"modelIoFullRetentionEnabled":false,"startPlanRecommendationDismissed":false,"providerFamilyConnectionSelections":{},"providerFamilyDomain":"zai","providerFamilyDomainMigrated":true,"nativeSearchEnhancementsEnabled":true,"memoryEnabled":false,"lastWorkspaceSession":[{"kind":"local","workspacePath":"C:\\Users\\USER\\Desktop\\Personal\\ZCode\\.tmp\\z1-native-1790566629091-853a39\\workspace","workspacePurpose":"project"},{"kind":"local","workspacePath":"C:\\Users\\USER\\Desktop\\Personal\\ZCode\\.tmp\\z1-native-1790566629091-853a39\\data\\.zcode\\workspace\\default","workspacePurpose":"conversation"}],"lastActiveTabIndex":0,"receivePreviewUpdates":false,"autoDownloadAndInstallUpdates":false,"skippedElectronUpdateVersions":{},"settingsSyncFirstRunPromptHandled":true}
[2026-09-28 11:37:18.939] [pid:33568] [zcode-host] [rpc:call] setting.get OK (1.0ms)
[2026-09-28 11:37:18.940] [pid:33568] [zcode-host] [rpc:call] model-selection.getView OK (1.1ms)
[Z1 child] [2026-09-28 11:37:19.149] [pid:33568] [zcode-agent-service] 开始初始化 ZCode agent {
  workspaceKey: 'C:\\Users\\USER\\Desktop\\Personal\\ZCode\\.tmp\\z1-native-1790566629091-853a39\\workspace',
  workspacePath: 'C:\\Users\\USER\\Desktop\\Personal\\ZCode\\.tmp\\z1-native-1790566629091-853a39\\workspace'
}
[2026-09-28 11:37:19.149] [pid:33568] [zcode-agent-service] ZCode agent 初始化完成 {
  durationMs: 0,
  transportKind: 'stdio',
  workspaceKey: 'C:\\Users\\USER\\Desktop\\Personal\\ZCode\\.tmp\\z1-native-1790566629091-853a39\\workspace',
  workspacePath: 'C:\\Users\\USER\\Desktop\\Personal\\ZCode\\.tmp\\z1-native-1790566629091-853a39\\workspace'
}
[2026-09-28 11:37:19.149] [pid:38228] [main] [host-log] (local-1) [host] [2026-09-28 11:37:19.149] [pid:33568] [zcode-agent-service] 开始初始化 ZCode agent {"workspaceKey":"C:\\Users\\USER\\Desktop\\Personal\\ZCode\\.tmp\\z1-native-1790566629091-853a39\\workspace","workspacePath":"C:\\Users\\USER\\Desktop\\Personal\\ZCode\\.tmp\\z1-native-1790566629091-853a39\\workspace"}
[Z1 child] [2026-09-28 11:37:19.149] [pid:33568] [zcode-session-service][trace:78970f35-36c4-41a5-8f97-5297309dd311] [zcode-session-service] createSession 分配 session trace {
  persistence: 'deferred',
  workspaceIdentity: undefined,
  workspacePath: 'C:\\Users\\USER\\Desktop\\Personal\\ZCode\\.tmp\\z1-native-1790566629091-853a39\\workspace'
}
[2026-09-28 11:37:19.149] [pid:33568] [zcode-agent-service][trace:78970f35-36c4-41a5-8f97-5297309dd311] 开始请求 ZCode Protocol session/create {
  hasInitialModel: false,
  hasInitialThoughtLevel: false,
  initialModel: null,
  mcpServerCount: 0,
  mcpServerNames: [],
  persistence: 'deferred',
  workspaceKey: 'C:\\Users\\USER\\Desktop\\Personal\\ZCode\\.tmp\\z1-native-1790566629091-853a39\\workspace',
  workspacePath: 'C:\\Users\\USER\\Desktop\\Personal\\ZCode\\.tmp\\z1-native-1790566629091-853a39\\workspace'
}
[2026-09-28 11:37:19.150] [pid:38228] [main] [host-log] (local-1) [host] [2026-09-28 11:37:19.149] [pid:33568] [zcode-agent-service] ZCode agent 初始化完成 {"durationMs":0,"transportKind":"stdio","workspaceKey":"C:\\Users\\USER\\Desktop\\Personal\\ZCode\\.tmp\\z1-native-1790566629091-853a39\\workspace","workspacePath":"C:\\Users\\USER\\Desktop\\Personal\\ZCode\\.tmp\\z1-native-1790566629091-853a39\\workspace"}
[2026-09-28 11:37:19.151] [pid:38228] [main] [host-log] (local-1) [host] [2026-09-28 11:37:19.149] [pid:33568] [zcode-session-service][trace:78970f35-36c4-41a5-8f97-5297309dd311] [zcode-session-service] createSession 分配 session trace {"persistence":"deferred","workspacePath":"C:\\Users\\USER\\Desktop\\Personal\\ZCode\\.tmp\\z1-native-1790566629091-853a39\\workspace"}
[2026-09-28 11:37:19.151] [pid:38228] [main] [host-log] (local-1) [host] [2026-09-28 11:37:19.149] [pid:33568] [zcode-agent-service][trace:78970f35-36c4-41a5-8f97-5297309dd311] 开始请求 ZCode Protocol session/create {"hasInitialModel":false,"hasInitialThoughtLevel":false,"initialModel":null,"mcpServerCount":0,"mcpServerNames":[],"persistence":"deferred","workspaceKey":"C:\\Users\\USER\\Desktop\\Personal\\ZCode\\.tmp\\z1-native-1790566629091-853a39\\workspace","workspacePath":"C:\\Users\\USER\\Desktop\\Personal\\ZCode\\.tmp\\z1-native-1790566629091-853a39\\workspace"}
[Z1 child] [2026-09-28 11:37:19.150] [pid:33568] [settingService] reading settings from: C:\Users\USER\Desktop\Personal\ZCode\.tmp\z1-native-1790566629091-853a39\home\.zcode\v2\setting.json
[2026-09-28 11:37:19.151] [pid:33568] [settingService] read result: {"recentProjects":[],"locale":"zh-CN","localePreference":"en-US","terminalInheritSystemProfile":true,"embeddedBrowserAllowInsecureCertificates":false,"embeddedBrowserViewportPreference":{"mode":"normal","viewport":{"width":393,"height":852},"zoom":"fit"},"computerUseComposerEntryHidden":true,"taskAutoArchiveEnabled":false,"taskAutoArchiveOlderThanDays":7,"closeToTrayOnWindows":false,"closeToTrayOnWindowsMigrationInitialized":true,"keepAwakeWhileRunning":false,"desktopWindowSize":{"width":1600,"height":1000,"maximized":false},"desktopChromiumHardwareAccelerationEnabled":true,"messageStreamShowReasoning":true,"messageStreamShowReasoningMigrationInitialized":true,"messageStreamShowTodos":false,"toolGroupingExploreEnabled":true,"toolGroupingTerminalEnabled":true,"toolGroupingChangesEnabled":false,"zcodeInteractionBehavior":"queue","askUserQuestionAutoResolutionEnabled":false,"modelIoFullRetentionEnabled":false,"startPlanRecommendationDismissed":false,"providerFamilyConnectionSelections":{},"providerFamilyDomain":"zai","providerFamilyDomainMigrated":true,"nativeSearchEnhancementsEnabled":true,"memoryEnabled":false,"lastWorkspaceSession":[{"kind":"local","workspacePath":"C:\\Users\\USER\\Desktop\\Personal\\ZCode\\.tmp\\z1-native-1790566629091-853a39\\workspace","workspacePurpose":"project"},{"kind":"local","workspacePath":"C:\\Users\\USER\\Desktop\\Personal\\ZCode\\.tmp\\z1-native-1790566629091-853a39\\data\\.zcode\\workspace\\default","workspacePurpose":"conversation"}],"lastActiveTabIndex":0,"receivePreviewUpdates":false,"autoDownloadAndInstallUpdates":false,"skippedElectronUpdateVersions":{},"settingsSyncFirstRunPromptHandled":true}
[Z1 child] [2026-09-28 11:37:19.205] [pid:33568] [zcode-agent-service][trace:78970f35-36c4-41a5-8f97-5297309dd311] ZCode Protocol session/create 完成 {
  durationMs: 56,
  messageCount: 0,
  modelCurrent: 'z1-local-fixture/z1-fixture$enabled',
  mcpServerCount: 0,
  persistence: 'deferred',
  sessionId: 'sess_4f251135-0515-431c-b82c-571e0dfb5119',
  snapshotTraceId: '78970f35-36c4-41a5-8f97-5297309dd311',
  workspaceKey: 'C:\\Users\\USER\\Desktop\\Personal\\ZCode\\.tmp\\z1-native-1790566629091-853a39\\workspace',
  workspacePath: 'C:\\Users\\USER\\Desktop\\Personal\\ZCode\\.tmp\\z1-native-1790566629091-853a39\\workspace'
}
[2026-09-28 11:37:19.205] [pid:33568] [zcode-session-service][trace:78970f35-36c4-41a5-8f97-5297309dd311] [zcode-session-service] createSession agent 返回 {
  durationMs: 56,
  mcpServerCount: 0,
  persistence: 'deferred',
  snapshotTraceId: '78970f35-36c4-41a5-8f97-5297309dd311',
  sessionId: 'sess_4f251135-0515-431c-b82c-571e0dfb5119',
  workspaceIdentity: undefined,
  workspacePath: 'C:\\Users\\USER\\Desktop\\Personal\\ZCode\\.tmp\\z1-native-1790566629091-853a39\\workspace'
}
[2026-09-28 11:37:19.205] [pid:38228] [main] [host-log] (local-1) [host] [2026-09-28 11:37:19.205] [pid:33568] [zcode-agent-service][trace:78970f35-36c4-41a5-8f97-5297309dd311] ZCode Protocol session/create 完成 {"durationMs":56,"messageCount":0,"modelCurrent":"z1-local-fixture/z1-fixture$enabled","mcpServerCount":0,"persistence":"deferred","sessionId":"sess_4f251135-0515-431c-b82c-571e0dfb5119","snapshotTraceId":"78970f35-36c4-41a5-8f97-5297309dd311","workspaceKey":"C:\\Users\\USER\\Desktop\\Personal\\ZCode\\.tmp\\z1-native-1790566629091-853a39\\workspace","workspacePath":"C:\\Users\\USER\\Desktop\\Personal\\ZCode\\.tmp\\z1-native-1790566629091-853a39\\workspace"}
[2026-09-28 11:37:19.206] [pid:38228] [main] [host-log] (local-1) [host] [2026-09-28 11:37:19.205] [pid:33568] [zcode-session-service][trace:78970f35-36c4-41a5-8f97-5297309dd311] [zcode-session-service] createSession agent 返回 {"durationMs":56,"mcpServerCount":0,"persistence":"deferred","snapshotTraceId":"78970f35-36c4-41a5-8f97-5297309dd311","sessionId":"sess_4f251135-0515-431c-b82c-571e0dfb5119","workspacePath":"C:\\Users\\USER\\Desktop\\Personal\\ZCode\\.tmp\\z1-native-1790566629091-853a39\\workspace"}
[Z1 child] [2026-09-28 11:37:19.247] [pid:33568] [settingService] reading settings from: C:\Users\USER\Desktop\Personal\ZCode\.tmp\z1-native-1790566629091-853a39\home\.zcode\v2\setting.json
[Z1 child] [2026-09-28 11:37:19.248] [pid:33568] [settingService] read result: {"recentProjects":[],"locale":"zh-CN","localePreference":"en-US","terminalInheritSystemProfile":true,"embeddedBrowserAllowInsecureCertificates":false,"embeddedBrowserViewportPreference":{"mode":"normal","viewport":{"width":393,"height":852},"zoom":"fit"},"computerUseComposerEntryHidden":true,"taskAutoArchiveEnabled":false,"taskAutoArchiveOlderThanDays":7,"closeToTrayOnWindows":false,"closeToTrayOnWindowsMigrationInitialized":true,"keepAwakeWhileRunning":false,"desktopWindowSize":{"width":1600,"height":1000,"maximized":false},"desktopChromiumHardwareAccelerationEnabled":true,"messageStreamShowReasoning":true,"messageStreamShowReasoningMigrationInitialized":true,"messageStreamShowTodos":false,"toolGroupingExploreEnabled":true,"toolGroupingTerminalEnabled":true,"toolGroupingChangesEnabled":false,"zcodeInteractionBehavior":"queue","askUserQuestionAutoResolutionEnabled":false,"modelIoFullRetentionEnabled":false,"startPlanRecommendationDismissed":false,"providerFamilyConnectionSelections":{},"providerFamilyDomain":"zai","providerFamilyDomainMigrated":true,"nativeSearchEnhancementsEnabled":true,"memoryEnabled":false,"lastWorkspaceSession":[{"kind":"local","workspacePath":"C:\\Users\\USER\\Desktop\\Personal\\ZCode\\.tmp\\z1-native-1790566629091-853a39\\workspace","workspacePurpose":"project"},{"kind":"local","workspacePath":"C:\\Users\\USER\\Desktop\\Personal\\ZCode\\.tmp\\z1-native-1790566629091-853a39\\data\\.zcode\\workspace\\default","workspacePurpose":"conversation"}],"lastActiveTabIndex":0,"receivePreviewUpdates":false,"autoDownloadAndInstallUpdates":false,"skippedElectronUpdateVersions":{},"settingsSyncFirstRunPromptHandled":true}
[Z1 child] [2026-09-28 11:37:19.248] [pid:33568] [zcode-host] [rpc:call] graphEngineering.getWorkspace OK (203.4ms)
[2026-09-28 11:37:19.248] [pid:38228] [main] [host-log] (local-1) [host] [2026-09-28 11:37:19.248] [pid:33568] [zcode-host] [rpc:call] graphEngineering.getWorkspace OK (203.4ms)
[Z1 child] [2026-09-28 11:37:19.249] [pid:33568] [settingService] reading settings from: C:\Users\USER\Desktop\Personal\ZCode\.tmp\z1-native-1790566629091-853a39\home\.zcode\v2\setting.json
[Z1 child] [2026-09-28 11:37:19.250] [pid:33568] [settingService] read result: {"recentProjects":[],"locale":"zh-CN","localePreference":"en-US","terminalInheritSystemProfile":true,"embeddedBrowserAllowInsecureCertificates":false,"embeddedBrowserViewportPreference":{"mode":"normal","viewport":{"width":393,"height":852},"zoom":"fit"},"computerUseComposerEntryHidden":true,"taskAutoArchiveEnabled":false,"taskAutoArchiveOlderThanDays":7,"closeToTrayOnWindows":false,"closeToTrayOnWindowsMigrationInitialized":true,"keepAwakeWhileRunning":false,"desktopWindowSize":{"width":1600,"height":1000,"maximized":false},"desktopChromiumHardwareAccelerationEnabled":true,"messageStreamShowReasoning":true,"messageStreamShowReasoningMigrationInitialized":true,"messageStreamShowTodos":false,"toolGroupingExploreEnabled":true,"toolGroupingTerminalEnabled":true,"toolGroupingChangesEnabled":false,"zcodeInteractionBehavior":"queue","askUserQuestionAutoResolutionEnabled":false,"modelIoFullRetentionEnabled":false,"startPlanRecommendationDismissed":false,"providerFamilyConnectionSelections":{},"providerFamilyDomain":"zai","providerFamilyDomainMigrated":true,"nativeSearchEnhancementsEnabled":true,"memoryEnabled":false,"lastWorkspaceSession":[{"kind":"local","workspacePath":"C:\\Users\\USER\\Desktop\\Personal\\ZCode\\.tmp\\z1-native-1790566629091-853a39\\workspace","workspacePurpose":"project"},{"kind":"local","workspacePath":"C:\\Users\\USER\\Desktop\\Personal\\ZCode\\.tmp\\z1-native-1790566629091-853a39\\data\\.zcode\\workspace\\default","workspacePurpose":"conversation"}],"lastActiveTabIndex":0,"receivePreviewUpdates":false,"autoDownloadAndInstallUpdates":false,"skippedElectronUpdateVersions":{},"settingsSyncFirstRunPromptHandled":true}
[Z1 child] [2026-09-28 11:37:19.250] [pid:33568] [zcode-host] [rpc:call] graphEngineering.getWorkspace OK (100.8ms)
[2026-09-28 11:37:19.250] [pid:38228] [main] [host-log] (local-1) [host] [2026-09-28 11:37:19.250] [pid:33568] [zcode-host] [rpc:call] graphEngineering.getWorkspace OK (100.8ms)
[Z1 child] [2026-09-28 11:37:19.251] [pid:33568] [settingService] reading settings from: C:\Users\USER\Desktop\Personal\ZCode\.tmp\z1-native-1790566629091-853a39\home\.zcode\v2\setting.json
[2026-09-28 11:37:19.251] [pid:33568] [settingService] read result: {"recentProjects":[],"locale":"zh-CN","localePreference":"en-US","terminalInheritSystemProfile":true,"embeddedBrowserAllowInsecureCertificates":false,"embeddedBrowserViewportPreference":{"mode":"normal","viewport":{"width":393,"height":852},"zoom":"fit"},"computerUseComposerEntryHidden":true,"taskAutoArchiveEnabled":false,"taskAutoArchiveOlderThanDays":7,"closeToTrayOnWindows":false,"closeToTrayOnWindowsMigrationInitialized":true,"keepAwakeWhileRunning":false,"desktopWindowSize":{"width":1600,"height":1000,"maximized":false},"desktopChromiumHardwareAccelerationEnabled":true,"messageStreamShowReasoning":true,"messageStreamShowReasoningMigrationInitialized":true,"messageStreamShowTodos":false,"toolGroupingExploreEnabled":true,"toolGroupingTerminalEnabled":true,"toolGroupingChangesEnabled":false,"zcodeInteractionBehavior":"queue","askUserQuestionAutoResolutionEnabled":false,"modelIoFullRetentionEnabled":false,"startPlanRecommendationDismissed":false,"providerFamilyConnectionSelections":{},"providerFamilyDomain":"zai","providerFamilyDomainMigrated":true,"nativeSearchEnhancementsEnabled":true,"memoryEnabled":false,"lastWorkspaceSession":[{"kind":"local","workspacePath":"C:\\Users\\USER\\Desktop\\Personal\\ZCode\\.tmp\\z1-native-1790566629091-853a39\\workspace","workspacePurpose":"project"},{"kind":"local","workspacePath":"C:\\Users\\USER\\Desktop\\Personal\\ZCode\\.tmp\\z1-native-1790566629091-853a39\\data\\.zcode\\workspace\\default","workspacePurpose":"conversation"}],"lastActiveTabIndex":0,"receivePreviewUpdates":false,"autoDownloadAndInstallUpdates":false,"skippedElectronUpdateVersions":{},"settingsSyncFirstRunPromptHandled":true}
[Z1 child] [2026-09-28 11:37:19.251] [pid:33568] [zcode-host] [rpc:call] graphEngineering.getWorkspace OK (42.4ms)
[2026-09-28 11:37:19.251] [pid:38228] [main] [host-log] (local-1) [host] [2026-09-28 11:37:19.251] [pid:33568] [zcode-host] [rpc:call] graphEngineering.getWorkspace OK (42.4ms)
[Z1 child] [2026-09-28 11:37:19.252] [pid:33568] [settingService] reading settings from: C:\Users\USER\Desktop\Personal\ZCode\.tmp\z1-native-1790566629091-853a39\home\.zcode\v2\setting.json
[2026-09-28 11:37:19.252] [pid:33568] [settingService] read result: {"recentProjects":[],"locale":"zh-CN","localePreference":"en-US","terminalInheritSystemProfile":true,"embeddedBrowserAllowInsecureCertificates":false,"embeddedBrowserViewportPreference":{"mode":"normal","viewport":{"width":393,"height":852},"zoom":"fit"},"computerUseComposerEntryHidden":true,"taskAutoArchiveEnabled":false,"taskAutoArchiveOlderThanDays":7,"closeToTrayOnWindows":false,"closeToTrayOnWindowsMigrationInitialized":true,"keepAwakeWhileRunning":false,"desktopWindowSize":{"width":1600,"height":1000,"maximized":false},"desktopChromiumHardwareAccelerationEnabled":true,"messageStreamShowReasoning":true,"messageStreamShowReasoningMigrationInitialized":true,"messageStreamShowTodos":false,"toolGroupingExploreEnabled":true,"toolGroupingTerminalEnabled":true,"toolGroupingChangesEnabled":false,"zcodeInteractionBehavior":"queue","askUserQuestionAutoResolutionEnabled":false,"modelIoFullRetentionEnabled":false,"startPlanRecommendationDismissed":false,"providerFamilyConnectionSelections":{},"providerFamilyDomain":"zai","providerFamilyDomainMigrated":true,"nativeSearchEnhancementsEnabled":true,"memoryEnabled":false,"lastWorkspaceSession":[{"kind":"local","workspacePath":"C:\\Users\\USER\\Desktop\\Personal\\ZCode\\.tmp\\z1-native-1790566629091-853a39\\workspace","workspacePurpose":"project"},{"kind":"local","workspacePath":"C:\\Users\\USER\\Desktop\\Personal\\ZCode\\.tmp\\z1-native-1790566629091-853a39\\data\\.zcode\\workspace\\default","workspacePurpose":"conversation"}],"lastActiveTabIndex":0,"receivePreviewUpdates":false,"autoDownloadAndInstallUpdates":false,"skippedElectronUpdateVersions":{},"settingsSyncFirstRunPromptHandled":true}
[Z1 child] [2026-09-28 11:37:19.252] [pid:33568] [zcode-host] [rpc:call] graphEngineering.getWorkspace OK (12.6ms)
[2026-09-28 11:37:19.253] [pid:38228] [main] [host-log] (local-1) [host] [2026-09-28 11:37:19.252] [pid:33568] [zcode-host] [rpc:call] graphEngineering.getWorkspace OK (12.6ms)
[Z1 child] [2026-09-28 11:37:19.253] [pid:33568] [settingService] reading settings from: C:\Users\USER\Desktop\Personal\ZCode\.tmp\z1-native-1790566629091-853a39\home\.zcode\v2\setting.json
[Z1 child] [2026-09-28 11:37:19.253] [pid:33568] [settingService] read result: {"recentProjects":[],"locale":"zh-CN","localePreference":"en-US","terminalInheritSystemProfile":true,"embeddedBrowserAllowInsecureCertificates":false,"embeddedBrowserViewportPreference":{"mode":"normal","viewport":{"width":393,"height":852},"zoom":"fit"},"computerUseComposerEntryHidden":true,"taskAutoArchiveEnabled":false,"taskAutoArchiveOlderThanDays":7,"closeToTrayOnWindows":false,"closeToTrayOnWindowsMigrationInitialized":true,"keepAwakeWhileRunning":false,"desktopWindowSize":{"width":1600,"height":1000,"maximized":false},"desktopChromiumHardwareAccelerationEnabled":true,"messageStreamShowReasoning":true,"messageStreamShowReasoningMigrationInitialized":true,"messageStreamShowTodos":false,"toolGroupingExploreEnabled":true,"toolGroupingTerminalEnabled":true,"toolGroupingChangesEnabled":false,"zcodeInteractionBehavior":"queue","askUserQuestionAutoResolutionEnabled":false,"modelIoFullRetentionEnabled":false,"startPlanRecommendationDismissed":false,"providerFamilyConnectionSelections":{},"providerFamilyDomain":"zai","providerFamilyDomainMigrated":true,"nativeSearchEnhancementsEnabled":true,"memoryEnabled":false,"lastWorkspaceSession":[{"kind":"local","workspacePath":"C:\\Users\\USER\\Desktop\\Personal\\ZCode\\.tmp\\z1-native-1790566629091-853a39\\workspace","workspacePurpose":"project"},{"kind":"local","workspacePath":"C:\\Users\\USER\\Desktop\\Personal\\ZCode\\.tmp\\z1-native-1790566629091-853a39\\data\\.zcode\\workspace\\default","workspacePurpose":"conversation"}],"lastActiveTabIndex":0,"receivePreviewUpdates":false,"autoDownloadAndInstallUpdates":false,"skippedElectronUpdateVersions":{},"settingsSyncFirstRunPromptHandled":true}
[2026-09-28 11:37:19.254] [pid:38228] [main] [host-log] (local-1) [host] [2026-09-28 11:37:19.254] [pid:33568] [zcode-host] [rpc:call] graphEngineering.getWorkspace OK (3.0ms)
[Z1 child] [2026-09-28 11:37:19.254] [pid:33568] [zcode-host] [rpc:call] graphEngineering.getWorkspace OK (3.0ms)
[Z1 child] [2026-09-28 11:37:19.388] [pid:33568] [cua-pip-session] [cua-pip-session] event delivery dropped {
  kind: 'focus-changed',
  revision: 6,
  sessionId: 'sess_4f251135-0515-431c-b82c-571e0dfb5119',
  sourceWindowId: 'window-1',
  skipReason: 'service-disabled'
}
[2026-09-28 11:37:19.388] [pid:38228] [main] [host-log] (local-1) [host] [2026-09-28 11:37:19.388] [pid:33568] [cua-pip-session] [cua-pip-session] event delivery dropped {"kind":"focus-changed","revision":6,"sessionId":"sess_4f251135-0515-431c-b82c-571e0dfb5119","sourceWindowId":"window-1","skipReason":"service-disabled"}
[2026-09-28 11:37:19.390] [pid:38228] [renderer] v4 workspace connection reused {
  event: 'v4.workspace_connection.reused',
  isRemote: false,
  key: '__base__ C:\\Users\\USER\\Desktop\\Personal\\ZCode\\.tmp\\z1-native-1790566629091-853a39\\workspace',
  module: 'ui.v4.workspace_connection_registry',
  refCount: 1,
  serviceGeneration: 1,
  status: 'completed'
}
[Z1 child] [2026-09-28 11:37:19.400] [pid:33568] [zcode-host] [rpc:call] zcode-task.getTaskSessionFilePath OK (0.0ms)
[2026-09-28 11:37:19.401] [pid:38228] [main] [host-log] (local-1) [host] [2026-09-28 11:37:19.400] [pid:33568] [zcode-host] [rpc:call] zcode-task.getTaskSessionFilePath OK (0.0ms)
[2026-09-28 11:37:19.401] [pid:38228] [renderer] v4 conversation store connect started {
  event: 'v4.conversation.store.connect.started',
  generation: 1,
  hasBase: false,
  module: 'ui.v4.conversation_projection_store',
  status: 'started',
  topic: 'conversation/sess_4f251135-0515-431c-b82c-571e0dfb5119'
}
[2026-09-28 11:37:19.402] [pid:38228] [renderer] v4 conversation subscription started {
  workspaceKey: 'C:\\Users\\USER\\Desktop\\Personal\\ZCode\\.tmp\\z1-native-1790566629091-853a39\\workspace',
  workspacePath: 'C:\\Users\\USER\\Desktop\\Personal\\ZCode\\.tmp\\z1-native-1790566629091-853a39\\workspace',
  event: 'v4.conversation.subscribe.started',
  module: 'ui.v4.conversation_transport',
  runtimeGeneration: 0,
  sessionId: 'sess_4f251135-0515-431c-b82c-571e0dfb5119',
  status: 'started',
  topic: 'conversation/sess_4f251135-0515-431c-b82c-571e0dfb5119'
}
[2026-09-28 11:37:19.403] [pid:38228] [renderer] v4 session data lease acquired {
  event: 'v4.session_data.acquire',
  keepWarm: false,
  module: 'ui.v4.session_data_layer',
  openKind: 'cold',
  refCount: 1,
  sessionId: 'sess_4f251135-0515-431c-b82c-571e0dfb5119',
  status: 'completed',
  topic: 'conversation/sess_4f251135-0515-431c-b82c-571e0dfb5119'
}
[2026-09-28 11:37:19.404] [pid:38228] [main] [host-log] (local-1) [host] [2026-09-28 11:37:19.401] [pid:33568] [zcode-host] [rpc:call] zcode-task.getTaskNativeSessionLogFile OK (0.2ms)
[2026-09-28 11:37:19.405] [pid:38228] [main] [host-log] (local-1) [host] [2026-09-28 11:37:19.401] [pid:33568] [zcode-host] [rpc:listen] graphEngineering.onDidChange subscribed
[2026-09-28 11:37:19.405] [pid:38228] [main] [host-log] (local-1) [host] [2026-09-28 11:37:19.401] [pid:33568] [zcode-host] [rpc:call] graphEngineering.isSessionOwned OK (0.0ms)
[2026-09-28 11:37:19.406] [pid:38228] [main] [host-log] (local-1) [host] [2026-09-28 11:37:19.401] [pid:33568] [zcode-host] [rpc:listen] model-selection.onDidChange subscribed
[Z1 child] [2026-09-28 11:37:19.401] [pid:33568] [zcode-host] [rpc:call] zcode-task.getTaskNativeSessionLogFile OK (0.2ms)
[2026-09-28 11:37:19.401] [pid:33568] [settingService] reading settings from: C:\Users\USER\Desktop\Personal\ZCode\.tmp\z1-native-1790566629091-853a39\home\.zcode\v2\setting.json
[2026-09-28 11:37:19.401] [pid:33568] [zcode-host] [rpc:listen] graphEngineering.onDidChange subscribed
[2026-09-28 11:37:19.401] [pid:33568] [zcode-host] [rpc:call] graphEngineering.isSessionOwned OK (0.0ms)
[2026-09-28 11:37:19.401] [pid:33568] [zcode-host] [rpc:listen] model-selection.onDidChange subscribed
[2026-09-28 11:37:19.402] [pid:33568] [zcode-host] [rpc:call] zcode-task.getTaskNativeSessionLogFile OK (0.2ms)
[2026-09-28 11:37:19.402] [pid:33568] [zcode-host] [rpc:call] zcode-task.getTaskSessionFilePath OK (0.0ms)
[2026-09-28 11:37:19.402] [pid:33568] [settingService] read result: {"recentProjects":[],"locale":"zh-CN","localePreference":"en-US","terminalInheritSystemProfile":true,"embeddedBrowserAllowInsecureCertificates":false,"embeddedBrowserViewportPreference":{"mode":"normal","viewport":{"width":393,"height":852},"zoom":"fit"},"computerUseComposerEntryHidden":true,"taskAutoArchiveEnabled":false,"taskAutoArchiveOlderThanDays":7,"closeToTrayOnWindows":false,"closeToTrayOnWindowsMigrationInitialized":true,"keepAwakeWhileRunning":false,"desktopWindowSize":{"width":1600,"height":1000,"maximized":false},"desktopChromiumHardwareAccelerationEnabled":true,"messageStreamShowReasoning":true,"messageStreamShowReasoningMigrationInitialized":true,"messageStreamShowTodos":false,"toolGroupingExploreEnabled":true,"toolGroupingTerminalEnabled":true,"toolGroupingChangesEnabled":false,"zcodeInteractionBehavior":"queue","askUserQuestionAutoResolutionEnabled":false,"modelIoFullRetentionEnabled":false,"startPlanRecommendationDismissed":false,"providerFamilyConnectionSelections":{},"providerFamilyDomain":"zai","providerFamilyDomainMigrated":true,"nativeSearchEnhancementsEnabled":true,"memoryEnabled":false,"lastWorkspaceSession":[{"kind":"local","workspacePath":"C:\\Users\\USER\\Desktop\\Personal\\ZCode\\.tmp\\z1-native-1790566629091-853a39\\workspace","workspacePurpose":"project"},{"kind":"local","workspacePath":"C:\\Users\\USER\\Desktop\\Personal\\ZCode\\.tmp\\z1-native-1790566629091-853a39\\data\\.zcode\\workspace\\default","workspacePurpose":"conversation"}],"lastActiveTabIndex":0,"receivePreviewUpdates":false,"autoDownloadAndInstallUpdates":false,"skippedElectronUpdateVersions":{},"settingsSyncFirstRunPromptHandled":true}
[2026-09-28 11:37:19.402] [pid:33568] [zcode-host] [rpc:call] setting.get OK (1.6ms)
[2026-09-28 11:37:19.403] [pid:33568] [zcode-host] [rpc:call] model-selection.getView OK (1.5ms)
[2026-09-28 11:37:19.407] [pid:38228] [main] [host-log] (local-1) [host] [2026-09-28 11:37:19.402] [pid:33568] [zcode-host] [rpc:call] zcode-task.getTaskNativeSessionLogFile OK (0.2ms)
[2026-09-28 11:37:19.407] [pid:38228] [main] [host-log] (local-1) [host] [2026-09-28 11:37:19.402] [pid:33568] [zcode-host] [rpc:call] zcode-task.getTaskSessionFilePath OK (0.0ms)
[2026-09-28 11:37:19.408] [pid:38228] [main] [host-log] (local-1) [host] [2026-09-28 11:37:19.402] [pid:33568] [zcode-host] [rpc:call] setting.get OK (1.6ms)
[2026-09-28 11:37:19.409] [pid:38228] [main] [host-log] (local-1) [host] [2026-09-28 11:37:19.403] [pid:33568] [zcode-host] [rpc:call] model-selection.getView OK (1.5ms)
[2026-09-28 11:37:19.409] [pid:38228] [main] [host-log] (local-1) [host] [2026-09-28 11:37:19.409] [pid:33568] [zcode-host] [rpc:call] zcode-task.getTaskNativeSessionLogFile OK (0.2ms)
[Z1 child] [2026-09-28 11:37:19.409] [pid:33568] [zcode-host] [rpc:call] zcode-task.getTaskNativeSessionLogFile OK (0.2ms)
[Z1 child] [2026-09-28 11:37:19.433] [pid:33568] [zcode-session-service] [zcode-session-service] readSession 历史快照读取完成 {
  deliveryKind: undefined,
  durationMs: 31,
  messageLimit: 1,
  sessionId: 'sess_4f251135-0515-431c-b82c-571e0dfb5119',
  snapshot: {
    activeTurnId: null,
    eventSeq: 2,
    messageCount: 0,
    pendingRequestCount: 1,
    sessionStatus: 'idle',
    stateRevision: 0
  },
  workspaceIdentity: null,
  workspacePath: 'C:\\Users\\USER\\Desktop\\Personal\\ZCode\\.tmp\\z1-native-1790566629091-853a39\\workspace'
}
[2026-09-28 11:37:19.433] [pid:33568] [zcode-host] [rpc:call] zcode-session.readSession OK (31.5ms)
[2026-09-28 11:37:19.433] [pid:38228] [main] [host-log] (local-1) [host] [2026-09-28 11:37:19.433] [pid:33568] [zcode-session-service] [zcode-session-service] readSession 历史快照读取完成 {"durationMs":31,"messageLimit":1,"sessionId":"sess_4f251135-0515-431c-b82c-571e0dfb5119","snapshot":{"activeTurnId":null,"eventSeq":2,"messageCount":0,"pendingRequestCount":1,"sessionStatus":"idle","stateRevision":0},"workspaceIdentity":null,"workspacePath":"C:\\Users\\USER\\Desktop\\Personal\\ZCode\\.tmp\\z1-native-1790566629091-853a39\\workspace"}
[2026-09-28 11:37:19.434] [pid:38228] [main] [host-log] (local-1) [host] [2026-09-28 11:37:19.433] [pid:33568] [zcode-host] [rpc:call] zcode-session.readSession OK (31.5ms)
[2026-09-28 11:37:19.435] [pid:38228] [main] [host-log] (local-1) [host] [2026-09-28 11:37:19.433] [pid:33568] [zcode-host] [rpc:call] zcode-agent.conversationWorkflowRunsV4 OK (17.8ms)
[2026-09-28 11:37:19.436] [pid:38228] [main] [host-log] (local-1) [host] [2026-09-28 11:37:19.435] [pid:33568] [zcode-host] [rpc:call] zcode-agent.subscribeConversationV4 OK (19.9ms)
[Z1 child] [2026-09-28 11:37:19.433] [pid:33568] [zcode-host] [rpc:call] zcode-agent.conversationWorkflowRunsV4 OK (17.8ms)
[2026-09-28 11:37:19.435] [pid:33568] [zcode-host] [rpc:call] zcode-agent.subscribeConversationV4 OK (19.9ms)
[Z1 child] [2026-09-28 11:37:19.440] [pid:33568] [zcode-host] [rpc:call] zcode-task.getTaskNativeSessionLogFile OK (0.2ms)
[2026-09-28 11:37:19.441] [pid:38228] [main] [host-log] (local-1) [host] [2026-09-28 11:37:19.440] [pid:33568] [zcode-host] [rpc:call] zcode-task.getTaskNativeSessionLogFile OK (0.2ms)
[2026-09-28 11:37:19.449] [pid:38228] [renderer] v4 conversation subscription acknowledged {
  workspaceKey: 'C:\\Users\\USER\\Desktop\\Personal\\ZCode\\.tmp\\z1-native-1790566629091-853a39\\workspace',
  workspacePath: 'C:\\Users\\USER\\Desktop\\Personal\\ZCode\\.tmp\\z1-native-1790566629091-853a39\\workspace',
  durationMs: 48,
  event: 'v4.conversation.subscribe.acknowledged',
  module: 'ui.v4.conversation_transport',
  runtimeGeneration: 0,
  sessionId: 'sess_4f251135-0515-431c-b82c-571e0dfb5119',
  status: 'completed',
  subscriptionId: 'sub-mukp5958-zdxb0gfz-1',
  topic: 'conversation/sess_4f251135-0515-431c-b82c-571e0dfb5119'
}
[2026-09-28 11:37:19.449] [pid:38228] [renderer] v4 conversation subscription activated {
  workspaceKey: 'C:\\Users\\USER\\Desktop\\Personal\\ZCode\\.tmp\\z1-native-1790566629091-853a39\\workspace',
  workspacePath: 'C:\\Users\\USER\\Desktop\\Personal\\ZCode\\.tmp\\z1-native-1790566629091-853a39\\workspace',
  event: 'v4.conversation.subscribe.activated',
  module: 'ui.v4.conversation_transport',
  runtimeGeneration: 0,
  status: 'completed',
  subscriptionId: 'sub-mukp5958-zdxb0gfz-1',
  topic: 'conversation/sess_4f251135-0515-431c-b82c-571e0dfb5119'
}
[2026-09-28 11:37:19.450] [pid:38228] [renderer] v4 conversation store connect completed {
  durationMs: 48,
  event: 'v4.conversation.store.connect.completed',
  generation: 1,
  logEpoch: 'mukp5958-zdxb0gfz',
  mode: 'snapshot',
  module: 'ui.v4.conversation_projection_store',
  status: 'completed',
  subscriptionId: 'sub-mukp5958-zdxb0gfz-1',
  topic: 'conversation/sess_4f251135-0515-431c-b82c-571e0dfb5119'
}
[Z1 child] [2026-09-28 11:37:19.454] [pid:33568] [zcode-host] [rpc:listen] model-selection.onDidChange subscribed
[2026-09-28 11:37:19.454] [pid:38228] [main] [host-log] (local-1) [host] [2026-09-28 11:37:19.454] [pid:33568] [zcode-host] [rpc:listen] model-selection.onDidChange subscribed
[Z1 child] [2026-09-28 11:37:19.455] [pid:33568] [zcode-host] [rpc:call] model-selection.getView OK (1.0ms)
[2026-09-28 11:37:19.455] [pid:38228] [main] [host-log] (local-1) [host] [2026-09-28 11:37:19.455] [pid:33568] [zcode-host] [rpc:call] model-selection.getView OK (1.0ms)
[Z1 child] [2026-09-28 11:37:19.457] [pid:33568] [zcode-host] [rpc:call] zcode-agent.conversationPlansV4 OK (0.3ms)
[2026-09-28 11:37:19.458] [pid:38228] [main] [host-log] (local-1) [host] [2026-09-28 11:37:19.457] [pid:33568] [zcode-host] [rpc:call] zcode-agent.conversationPlansV4 OK (0.3ms)
[Z1 child] [2026-09-28 11:37:19.759] [pid:33568] [settingService] reading settings from: C:\Users\USER\Desktop\Personal\ZCode\.tmp\z1-native-1790566629091-853a39\home\.zcode\v2\setting.json
[Z1 child] [2026-09-28 11:37:19.759] [pid:33568] [settingService] read result: {"recentProjects":[],"locale":"zh-CN","localePreference":"en-US","terminalInheritSystemProfile":true,"embeddedBrowserAllowInsecureCertificates":false,"embeddedBrowserViewportPreference":{"mode":"normal","viewport":{"width":393,"height":852},"zoom":"fit"},"computerUseComposerEntryHidden":true,"taskAutoArchiveEnabled":false,"taskAutoArchiveOlderThanDays":7,"closeToTrayOnWindows":false,"closeToTrayOnWindowsMigrationInitialized":true,"keepAwakeWhileRunning":false,"desktopWindowSize":{"width":1600,"height":1000,"maximized":false},"desktopChromiumHardwareAccelerationEnabled":true,"messageStreamShowReasoning":true,"messageStreamShowReasoningMigrationInitialized":true,"messageStreamShowTodos":false,"toolGroupingExploreEnabled":true,"toolGroupingTerminalEnabled":true,"toolGroupingChangesEnabled":false,"zcodeInteractionBehavior":"queue","askUserQuestionAutoResolutionEnabled":false,"modelIoFullRetentionEnabled":false,"startPlanRecommendationDismissed":false,"providerFamilyConnectionSelections":{},"providerFamilyDomain":"zai","providerFamilyDomainMigrated":true,"nativeSearchEnhancementsEnabled":true,"memoryEnabled":false,"lastWorkspaceSession":[{"kind":"local","workspacePath":"C:\\Users\\USER\\Desktop\\Personal\\ZCode\\.tmp\\z1-native-1790566629091-853a39\\workspace","workspacePurpose":"project"},{"kind":"local","workspacePath":"C:\\Users\\USER\\Desktop\\Personal\\ZCode\\.tmp\\z1-native-1790566629091-853a39\\data\\.zcode\\workspace\\default","workspacePurpose":"conversation"}],"lastActiveTabIndex":0,"receivePreviewUpdates":false,"autoDownloadAndInstallUpdates":false,"skippedElectronUpdateVersions":{},"settingsSyncFirstRunPromptHandled":true}
[2026-09-28 11:37:19.759] [pid:38228] [main] [host-log] (local-1) [host] [2026-09-28 11:37:19.759] [pid:33568] [settingService] writing settings to: C:\Users\USER\Desktop\Personal\ZCode\.tmp\z1-native-1790566629091-853a39\home\.zcode\v2\setting.json {"recentProjects":[],"locale":"zh-CN","localePreference":"en-US","terminalInheritSystemProfile":true,"embeddedBrowserAllowInsecureCertificates":false,"embeddedBrowserViewportPreference":{"mode":"normal","viewport":{"width":393,"height":852},"zoom":"fit"},"computerUseComposerEntryHidden":true,"taskAutoArchiveEnabled":false,"taskAutoArchiveOlderThanDays":7,"closeToTrayOnWindows":false,"closeToTrayOnWindowsMigrationInitialized":true,"keepAwakeWhileRunning":false,"desktopWindowSize":{"width":1600,"height":1000,"maximized":false},"desktopChromiumHardwareAccelerationEnabled":true,"messageStreamShowReasoning":true,"messageStreamShowReasoningMigrationInitialized":true,"messageStreamShowTodos":false,"toolGroupingExploreEnabled":true,"toolGroupingTerminalEnabled":true,"toolGroupingChangesEnabled":false,"zcodeInteractionBehavior":"queue","askUserQuestionAutoResolutionEnabled":false,"modelIoFullRetentionEnabled":false,"startPlanRecommendationDismissed":false,"providerFamilyConnectionSelections":{},"providerFamilyDomain":"zai","providerFamilyDomainMigrated":true,"nativeSearchEnhancementsEnabled":true,"memoryEnabled":false,"lastWorkspaceSession":[{"kind":"local","workspacePath":"C:\\Users\\USER\\Desktop\\Personal\\ZCode\\.tmp\\z1-native-1790566629091-853a39\\workspace","workspacePurpose":"project"},{"kind":"local","workspacePath":"C:\\Users\\USER\\Desktop\\Personal\\ZCode\\.tmp\\z1-native-1790566629091-853a39\\data\\.zcode\\workspace\\default","workspacePurpose":"conversation"}],"lastActiveTabIndex":0,"receivePreviewUpdates":false,"autoDownloadAndInstallUpdates":false,"skippedElectronUpdateVersions":{},"settingsSyncFirstRunPromptHandled":true}
[Z1 child] [2026-09-28 11:37:19.759] [pid:33568] [settingService] writing settings to: C:\Users\USER\Desktop\Personal\ZCode\.tmp\z1-native-1790566629091-853a39\home\.zcode\v2\setting.json {"recentProjects":[],"locale":"zh-CN","localePreference":"en-US","terminalInheritSystemProfile":true,"embeddedBrowserAllowInsecureCertificates":false,"embeddedBrowserViewportPreference":{"mode":"normal","viewport":{"width":393,"height":852},"zoom":"fit"},"computerUseComposerEntryHidden":true,"taskAutoArchiveEnabled":false,"taskAutoArchiveOlderThanDays":7,"closeToTrayOnWindows":false,"closeToTrayOnWindowsMigrationInitialized":true,"keepAwakeWhileRunning":false,"desktopWindowSize":{"width":1600,"height":1000,"maximized":false},"desktopChromiumHardwareAccelerationEnabled":true,"messageStreamShowReasoning":true,"messageStreamShowReasoningMigrationInitialized":true,"messageStreamShowTodos":false,"toolGroupingExploreEnabled":true,"toolGroupingTerminalEnabled":true,"toolGroupingChangesEnabled":false,"zcodeInteractionBehavior":"queue","askUserQuestionAutoResolutionEnabled":false,"modelIoFullRetentionEnabled":false,"startPlanRecommendationDismissed":false,"providerFamilyConnectionSelections":{},"providerFamilyDomain":"zai","providerFamilyDomainMigrated":true,"nativeSearchEnhancementsEnabled":true,"memoryEnabled":false,"lastWorkspaceSession":[{"kind":"local","workspacePath":"C:\\Users\\USER\\Desktop\\Personal\\ZCode\\.tmp\\z1-native-1790566629091-853a39\\workspace","workspacePurpose":"project"},{"kind":"local","workspacePath":"C:\\Users\\USER\\Desktop\\Personal\\ZCode\\.tmp\\z1-native-1790566629091-853a39\\data\\.zcode\\workspace\\default","workspacePurpose":"conversation"}],"lastActiveTabIndex":0,"receivePreviewUpdates":false,"autoDownloadAndInstallUpdates":false,"skippedElectronUpdateVersions":{},"settingsSyncFirstRunPromptHandled":true}
[Z1 child] [2026-09-28 11:37:19.764] [pid:33568] [settingService] write done
[2026-09-28 11:37:19.764] [pid:38228] [main] [host-log] (local-1) [host] [2026-09-28 11:37:19.764] [pid:33568] [settingService] write done
[Z1 child] [2026-09-28 11:37:19.764] [pid:33568] [zcode-host] [rpc:call] setting.update OK (5.5ms)
[2026-09-28 11:37:19.765] [pid:38228] [main] [host-log] (local-1) [host] [2026-09-28 11:37:19.764] [pid:33568] [zcode-host] [rpc:call] setting.update OK (5.5ms)
[Z1 child] [2026-09-28 11:37:19.772] [pid:33568] [zcode-host] [rpc:call] zcode-agent.sendConversationCommandV4 OK (2.4ms)
[2026-09-28 11:37:19.772] [pid:38228] [main] [host-log] (local-1) [host] [2026-09-28 11:37:19.772] [pid:33568] [zcode-host] [rpc:call] zcode-agent.sendConversationCommandV4 OK (2.4ms)
[2026-09-28 11:37:19.840] [pid:38228] [renderer] v4 workspace connection lease released {
  event: 'v4.workspace_connection.release',
  keepWarmMs: 30000,
  key: '__base__ C:\\Users\\USER\\Desktop\\Personal\\ZCode\\.tmp\\z1-native-1790566629091-853a39\\workspace',
  module: 'ui.v4.workspace_connection_registry',
  refCount: 0,
  status: 'keep_warm'
}
[2026-09-28 11:37:19.840] [pid:38228] [renderer] v4 session data lease released {
  event: 'v4.session_data.release',
  keepWarmMs: 30000,
  module: 'ui.v4.session_data_layer',
  refCount: 0,
  status: 'keep_warm',
  topic: 'conversation/sess_4f251135-0515-431c-b82c-571e0dfb5119'
}
[Z1 child] [2026-09-28 11:37:19.841] [pid:33568] [zcode-host] [rpc:listen] graphEngineering.onDidChange subscribed
[2026-09-28 11:37:19.842] [pid:38228] [main] [host-log] (local-1) [host] [2026-09-28 11:37:19.841] [pid:33568] [zcode-host] [rpc:listen] graphEngineering.onDidChange subscribed
[Z1 child] [2026-09-28 11:37:19.842] [pid:33568] [settingService] reading settings from: C:\Users\USER\Desktop\Personal\ZCode\.tmp\z1-native-1790566629091-853a39\home\.zcode\v2\setting.json
[2026-09-28 11:37:19.842] [pid:33568] [settingService] read result: {"recentProjects":[],"locale":"zh-CN","localePreference":"en-US","terminalInheritSystemProfile":true,"embeddedBrowserAllowInsecureCertificates":false,"embeddedBrowserViewportPreference":{"mode":"normal","viewport":{"width":393,"height":852},"zoom":"fit"},"computerUseComposerEntryHidden":true,"taskAutoArchiveEnabled":false,"taskAutoArchiveOlderThanDays":7,"closeToTrayOnWindows":false,"closeToTrayOnWindowsMigrationInitialized":true,"keepAwakeWhileRunning":false,"desktopWindowSize":{"width":1600,"height":1000,"maximized":false},"desktopChromiumHardwareAccelerationEnabled":true,"messageStreamShowReasoning":true,"messageStreamShowReasoningMigrationInitialized":true,"messageStreamShowTodos":false,"toolGroupingExploreEnabled":true,"toolGroupingTerminalEnabled":true,"toolGroupingChangesEnabled":false,"zcodeInteractionBehavior":"queue","askUserQuestionAutoResolutionEnabled":false,"modelIoFullRetentionEnabled":false,"startPlanRecommendationDismissed":false,"providerFamilyConnectionSelections":{},"providerFamilyDomain":"zai","providerFamilyDomainMigrated":true,"nativeSearchEnhancementsEnabled":true,"memoryEnabled":false,"lastWorkspaceSession":[{"kind":"local","workspacePath":"C:\\Users\\USER\\Desktop\\Personal\\ZCode\\.tmp\\z1-native-1790566629091-853a39\\workspace","workspacePurpose":"project"},{"kind":"local","workspacePath":"C:\\Users\\USER\\Desktop\\Personal\\ZCode\\.tmp\\z1-native-1790566629091-853a39\\data\\.zcode\\workspace\\default","workspacePurpose":"conversation"}],"lastActiveTabIndex":0,"receivePreviewUpdates":false,"autoDownloadAndInstallUpdates":false,"skippedElectronUpdateVersions":{},"settingsSyncFirstRunPromptHandled":true}
[Z1 child] [2026-09-28 11:37:19.843] [pid:33568] [zcode-host] [rpc:call] graphEngineering.getWorkspace OK (1.4ms)
[2026-09-28 11:37:19.843] [pid:38228] [main] [host-log] (local-1) [host] [2026-09-28 11:37:19.843] [pid:33568] [zcode-host] [rpc:call] graphEngineering.getWorkspace OK (1.4ms)
[Z1 child] [2026-09-28 11:37:19.856] [pid:33568] [settingService] reading settings from: C:\Users\USER\Desktop\Personal\ZCode\.tmp\z1-native-1790566629091-853a39\home\.zcode\v2\setting.json
[2026-09-28 11:37:19.856] [pid:33568] [zcode-host] [rpc:listen] model-selection.onDidChange subscribed
[2026-09-28 11:37:19.856] [pid:38228] [main] [host-log] (local-1) [host] [2026-09-28 11:37:19.856] [pid:33568] [zcode-host] [rpc:listen] model-selection.onDidChange subscribed
[2026-09-28 11:37:19.857] [pid:38228] [main] [host-log] (local-1) [host] [2026-09-28 11:37:19.857] [pid:33568] [zcode-host] [rpc:call] graphEngineering.validateDefinition OK (0.3ms)
[Z1 child] [2026-09-28 11:37:19.857] [pid:33568] [zcode-host] [rpc:call] graphEngineering.validateDefinition OK (0.3ms)
[2026-09-28 11:37:19.857] [pid:33568] [settingService] read result: {"recentProjects":[],"locale":"zh-CN","localePreference":"en-US","terminalInheritSystemProfile":true,"embeddedBrowserAllowInsecureCertificates":false,"embeddedBrowserViewportPreference":{"mode":"normal","viewport":{"width":393,"height":852},"zoom":"fit"},"computerUseComposerEntryHidden":true,"taskAutoArchiveEnabled":false,"taskAutoArchiveOlderThanDays":7,"closeToTrayOnWindows":false,"closeToTrayOnWindowsMigrationInitialized":true,"keepAwakeWhileRunning":false,"desktopWindowSize":{"width":1600,"height":1000,"maximized":false},"desktopChromiumHardwareAccelerationEnabled":true,"messageStreamShowReasoning":true,"messageStreamShowReasoningMigrationInitialized":true,"messageStreamShowTodos":false,"toolGroupingExploreEnabled":true,"toolGroupingTerminalEnabled":true,"toolGroupingChangesEnabled":false,"zcodeInteractionBehavior":"queue","askUserQuestionAutoResolutionEnabled":false,"modelIoFullRetentionEnabled":false,"startPlanRecommendationDismissed":false,"providerFamilyConnectionSelections":{},"providerFamilyDomain":"zai","providerFamilyDomainMigrated":true,"nativeSearchEnhancementsEnabled":true,"memoryEnabled":false,"lastWorkspaceSession":[{"kind":"local","workspacePath":"C:\\Users\\USER\\Desktop\\Personal\\ZCode\\.tmp\\z1-native-1790566629091-853a39\\workspace","workspacePurpose":"project"},{"kind":"local","workspacePath":"C:\\Users\\USER\\Desktop\\Personal\\ZCode\\.tmp\\z1-native-1790566629091-853a39\\data\\.zcode\\workspace\\default","workspacePurpose":"conversation"}],"lastActiveTabIndex":0,"receivePreviewUpdates":false,"autoDownloadAndInstallUpdates":false,"skippedElectronUpdateVersions":{},"settingsSyncFirstRunPromptHandled":true}
[2026-09-28 11:37:19.857] [pid:33568] [zcode-host] [rpc:call] setting.get OK (1.1ms)
[2026-09-28 11:37:19.857] [pid:33568] [zcode-host] [rpc:call] model-selection.getView OK (1.2ms)
[2026-09-28 11:37:19.858] [pid:38228] [main] [host-log] (local-1) [host] [2026-09-28 11:37:19.857] [pid:33568] [zcode-host] [rpc:call] setting.get OK (1.1ms)
[2026-09-28 11:37:19.858] [pid:38228] [main] [host-log] (local-1) [host] [2026-09-28 11:37:19.857] [pid:33568] [zcode-host] [rpc:call] model-selection.getView OK (1.2ms)
[Z1 child] [2026-09-28 11:37:19.871] [pid:33568] [settingService] reading settings from: C:\Users\USER\Desktop\Personal\ZCode\.tmp\z1-native-1790566629091-853a39\home\.zcode\v2\setting.json
[Z1 child] [2026-09-28 11:37:19.872] [pid:33568] [settingService] read result: {"recentProjects":[],"locale":"zh-CN","localePreference":"en-US","terminalInheritSystemProfile":true,"embeddedBrowserAllowInsecureCertificates":false,"embeddedBrowserViewportPreference":{"mode":"normal","viewport":{"width":393,"height":852},"zoom":"fit"},"computerUseComposerEntryHidden":true,"taskAutoArchiveEnabled":false,"taskAutoArchiveOlderThanDays":7,"closeToTrayOnWindows":false,"closeToTrayOnWindowsMigrationInitialized":true,"keepAwakeWhileRunning":false,"desktopWindowSize":{"width":1600,"height":1000,"maximized":false},"desktopChromiumHardwareAccelerationEnabled":true,"messageStreamShowReasoning":true,"messageStreamShowReasoningMigrationInitialized":true,"messageStreamShowTodos":false,"toolGroupingExploreEnabled":true,"toolGroupingTerminalEnabled":true,"toolGroupingChangesEnabled":false,"zcodeInteractionBehavior":"queue","askUserQuestionAutoResolutionEnabled":false,"modelIoFullRetentionEnabled":false,"startPlanRecommendationDismissed":false,"providerFamilyConnectionSelections":{},"providerFamilyDomain":"zai","providerFamilyDomainMigrated":true,"nativeSearchEnhancementsEnabled":true,"memoryEnabled":false,"lastWorkspaceSession":[{"kind":"local","workspacePath":"C:\\Users\\USER\\Desktop\\Personal\\ZCode\\.tmp\\z1-native-1790566629091-853a39\\workspace","workspacePurpose":"project"},{"kind":"local","workspacePath":"C:\\Users\\USER\\Desktop\\Personal\\ZCode\\.tmp\\z1-native-1790566629091-853a39\\data\\.zcode\\workspace\\default","workspacePurpose":"conversation"}],"lastActiveTabIndex":0,"receivePreviewUpdates":false,"autoDownloadAndInstallUpdates":false,"skippedElectronUpdateVersions":{},"settingsSyncFirstRunPromptHandled":true}
[Z1 child] [2026-09-28 11:37:19.872] [pid:33568] [zcode-host] [rpc:call] graphEngineering.getWorkspace OK (1.4ms)
[2026-09-28 11:37:19.873] [pid:38228] [main] [host-log] (local-1) [host] [2026-09-28 11:37:19.872] [pid:33568] [zcode-host] [rpc:call] graphEngineering.getWorkspace OK (1.4ms)
[Z1 child] [2026-09-28 11:37:20.207] [pid:33568] [zcode-agent-service] 开始初始化 ZCode agent {
  workspaceKey: 'C:\\Users\\USER\\Desktop\\Personal\\ZCode\\.tmp\\z1-native-1790566629091-853a39\\workspace',
  workspacePath: 'C:\\Users\\USER\\Desktop\\Personal\\ZCode\\.tmp\\z1-native-1790566629091-853a39\\workspace'
}
[2026-09-28 11:37:20.207] [pid:33568] [zcode-agent-service] ZCode agent 初始化完成 {
  durationMs: 0,
  transportKind: 'stdio',
  workspaceKey: 'C:\\Users\\USER\\Desktop\\Personal\\ZCode\\.tmp\\z1-native-1790566629091-853a39\\workspace',
  workspacePath: 'C:\\Users\\USER\\Desktop\\Personal\\ZCode\\.tmp\\z1-native-1790566629091-853a39\\workspace'
}
[2026-09-28 11:37:20.208] [pid:38228] [main] [host-log] (local-1) [host] [2026-09-28 11:37:20.207] [pid:33568] [zcode-agent-service] 开始初始化 ZCode agent {"workspaceKey":"C:\\Users\\USER\\Desktop\\Personal\\ZCode\\.tmp\\z1-native-1790566629091-853a39\\workspace","workspacePath":"C:\\Users\\USER\\Desktop\\Personal\\ZCode\\.tmp\\z1-native-1790566629091-853a39\\workspace"}
[2026-09-28 11:37:20.208] [pid:38228] [main] [host-log] (local-1) [host] [2026-09-28 11:37:20.207] [pid:33568] [zcode-agent-service] ZCode agent 初始化完成 {"durationMs":0,"transportKind":"stdio","workspaceKey":"C:\\Users\\USER\\Desktop\\Personal\\ZCode\\.tmp\\z1-native-1790566629091-853a39\\workspace","workspacePath":"C:\\Users\\USER\\Desktop\\Personal\\ZCode\\.tmp\\z1-native-1790566629091-853a39\\workspace"}
[2026-09-28 11:37:20.209] [pid:38228] [main] [host-log] (local-1) [host] [2026-09-28 11:37:20.207] [pid:33568] [zcode-session-service][trace:64c3b9b2-b258-4444-a9fb-e22d21ba92ec] [zcode-session-service] createSession 分配 session trace {"persistence":"deferred","workspacePath":"C:\\Users\\USER\\Desktop\\Personal\\ZCode\\.tmp\\z1-native-1790566629091-853a39\\workspace"}
[2026-09-28 11:37:20.210] [pid:38228] [main] [host-log] (local-1) [host] [2026-09-28 11:37:20.207] [pid:33568] [zcode-agent-service][trace:64c3b9b2-b258-4444-a9fb-e22d21ba92ec] 开始请求 ZCode Protocol session/create {"hasInitialModel":true,"hasInitialThoughtLevel":false,"initialModel":"z1-local-fixture/z1-fixture$enabled","mcpServerCount":0,"mcpServerNames":[],"persistence":"deferred","workspaceKey":"C:\\Users\\USER\\Desktop\\Personal\\ZCode\\.tmp\\z1-native-1790566629091-853a39\\workspace","workspacePath":"C:\\Users\\USER\\Desktop\\Personal\\ZCode\\.tmp\\z1-native-1790566629091-853a39\\workspace"}
[Z1 child] [2026-09-28 11:37:20.207] [pid:33568] [zcode-session-service][trace:64c3b9b2-b258-4444-a9fb-e22d21ba92ec] [zcode-session-service] createSession 分配 session trace {
  persistence: 'deferred',
  workspaceIdentity: undefined,
  workspacePath: 'C:\\Users\\USER\\Desktop\\Personal\\ZCode\\.tmp\\z1-native-1790566629091-853a39\\workspace'
}
[2026-09-28 11:37:20.207] [pid:33568] [zcode-agent-service][trace:64c3b9b2-b258-4444-a9fb-e22d21ba92ec] 开始请求 ZCode Protocol session/create {
  hasInitialModel: true,
  hasInitialThoughtLevel: false,
  initialModel: 'z1-local-fixture/z1-fixture$enabled',
  mcpServerCount: 0,
  mcpServerNames: [],
  persistence: 'deferred',
  workspaceKey: 'C:\\Users\\USER\\Desktop\\Personal\\ZCode\\.tmp\\z1-native-1790566629091-853a39\\workspace',
  workspacePath: 'C:\\Users\\USER\\Desktop\\Personal\\ZCode\\.tmp\\z1-native-1790566629091-853a39\\workspace'
}
[2026-09-28 11:37:20.209] [pid:33568] [settingService] reading settings from: C:\Users\USER\Desktop\Personal\ZCode\.tmp\z1-native-1790566629091-853a39\home\.zcode\v2\setting.json
[2026-09-28 11:37:20.209] [pid:33568] [settingService] read result: {"recentProjects":[],"locale":"zh-CN","localePreference":"en-US","terminalInheritSystemProfile":true,"embeddedBrowserAllowInsecureCertificates":false,"embeddedBrowserViewportPreference":{"mode":"normal","viewport":{"width":393,"height":852},"zoom":"fit"},"computerUseComposerEntryHidden":true,"taskAutoArchiveEnabled":false,"taskAutoArchiveOlderThanDays":7,"closeToTrayOnWindows":false,"closeToTrayOnWindowsMigrationInitialized":true,"keepAwakeWhileRunning":false,"desktopWindowSize":{"width":1600,"height":1000,"maximized":false},"desktopChromiumHardwareAccelerationEnabled":true,"messageStreamShowReasoning":true,"messageStreamShowReasoningMigrationInitialized":true,"messageStreamShowTodos":false,"toolGroupingExploreEnabled":true,"toolGroupingTerminalEnabled":true,"toolGroupingChangesEnabled":false,"zcodeInteractionBehavior":"queue","askUserQuestionAutoResolutionEnabled":false,"modelIoFullRetentionEnabled":false,"startPlanRecommendationDismissed":false,"providerFamilyConnectionSelections":{},"providerFamilyDomain":"zai","providerFamilyDomainMigrated":true,"nativeSearchEnhancementsEnabled":true,"memoryEnabled":false,"lastWorkspaceSession":[{"kind":"local","workspacePath":"C:\\Users\\USER\\Desktop\\Personal\\ZCode\\.tmp\\z1-native-1790566629091-853a39\\workspace","workspacePurpose":"project"},{"kind":"local","workspacePath":"C:\\Users\\USER\\Desktop\\Personal\\ZCode\\.tmp\\z1-native-1790566629091-853a39\\data\\.zcode\\workspace\\default","workspacePurpose":"conversation"}],"lastActiveTabIndex":0,"receivePreviewUpdates":false,"autoDownloadAndInstallUpdates":false,"skippedElectronUpdateVersions":{},"settingsSyncFirstRunPromptHandled":true}
[Z1 child] [2026-09-28 11:37:20.263] [pid:33568] [zcode-agent-service][trace:64c3b9b2-b258-4444-a9fb-e22d21ba92ec] ZCode Protocol session/create 完成 {
  durationMs: 56,
  messageCount: 0,
  modelCurrent: 'z1-local-fixture/z1-fixture',
  mcpServerCount: 0,
  persistence: 'deferred',
  sessionId: 'sess_4b749b35-609c-4d26-85d5-eb5a081a8537',
  snapshotTraceId: '64c3b9b2-b258-4444-a9fb-e22d21ba92ec',
  workspaceKey: 'C:\\Users\\USER\\Desktop\\Personal\\ZCode\\.tmp\\z1-native-1790566629091-853a39\\workspace',
  workspacePath: 'C:\\Users\\USER\\Desktop\\Personal\\ZCode\\.tmp\\z1-native-1790566629091-853a39\\workspace'
}
[2026-09-28 11:37:20.263] [pid:33568] [zcode-session-service][trace:64c3b9b2-b258-4444-a9fb-e22d21ba92ec] [zcode-session-service] createSession agent 返回 {
  durationMs: 56,
  mcpServerCount: 0,
  persistence: 'deferred',
  snapshotTraceId: '64c3b9b2-b258-4444-a9fb-e22d21ba92ec',
  sessionId: 'sess_4b749b35-609c-4d26-85d5-eb5a081a8537',
  workspaceIdentity: undefined,
  workspacePath: 'C:\\Users\\USER\\Desktop\\Personal\\ZCode\\.tmp\\z1-native-1790566629091-853a39\\workspace'
}
[2026-09-28 11:37:20.263] [pid:38228] [main] [host-log] (local-1) [host] [2026-09-28 11:37:20.263] [pid:33568] [zcode-agent-service][trace:64c3b9b2-b258-4444-a9fb-e22d21ba92ec] ZCode Protocol session/create 完成 {"durationMs":56,"messageCount":0,"modelCurrent":"z1-local-fixture/z1-fixture","mcpServerCount":0,"persistence":"deferred","sessionId":"sess_4b749b35-609c-4d26-85d5-eb5a081a8537","snapshotTraceId":"64c3b9b2-b258-4444-a9fb-e22d21ba92ec","workspaceKey":"C:\\Users\\USER\\Desktop\\Personal\\ZCode\\.tmp\\z1-native-1790566629091-853a39\\workspace","workspacePath":"C:\\Users\\USER\\Desktop\\Personal\\ZCode\\.tmp\\z1-native-1790566629091-853a39\\workspace"}
[2026-09-28 11:37:20.264] [pid:38228] [main] [host-log] (local-1) [host] [2026-09-28 11:37:20.263] [pid:33568] [zcode-session-service][trace:64c3b9b2-b258-4444-a9fb-e22d21ba92ec] [zcode-session-service] createSession agent 返回 {"durationMs":56,"mcpServerCount":0,"persistence":"deferred","snapshotTraceId":"64c3b9b2-b258-4444-a9fb-e22d21ba92ec","sessionId":"sess_4b749b35-609c-4d26-85d5-eb5a081a8537","workspacePath":"C:\\Users\\USER\\Desktop\\Personal\\ZCode\\.tmp\\z1-native-1790566629091-853a39\\workspace"}
[2026-09-28 11:37:20.297] [pid:38228] [main] [browser-use] execute start browserId=iab:aa3689b0-f143-46aa-87d9-cd84174e4e10 sessionId=sess_4b749b35-609c-4d26-85d5-eb5a081a8537 method=list
[2026-09-28 11:37:20.298] [pid:38228] [main] [browser-use] execute requestId=15dec03c-c7d1-4bcc-a598-62bb5f3b6675 browserId=iab:aa3689b0-f143-46aa-87d9-cd84174e4e10 generation=1790566631517 windowId=1 sessionId=sess_4b749b35-609c-4d26-85d5-eb5a081a8537 method=list
[2026-09-28 11:37:20.298] [pid:38228] [main] [browser-use] execute done sessionId=sess_4b749b35-609c-4d26-85d5-eb5a081a8537 method=list ok=true elapsedMs=0
[2026-09-28 11:37:20.299] [pid:38228] [main] [browser-use] execute start browserId=iab:aa3689b0-f143-46aa-87d9-cd84174e4e10 sessionId=sess_4b749b35-609c-4d26-85d5-eb5a081a8537 method=listUserTabs
[2026-09-28 11:37:20.300] [pid:38228] [main] [browser-use] execute requestId=e4337139-71ef-4b03-9ecc-e9c1e9b1ab53 browserId=iab:aa3689b0-f143-46aa-87d9-cd84174e4e10 generation=1790566631517 windowId=1 sessionId=sess_4b749b35-609c-4d26-85d5-eb5a081a8537 method=listUserTabs
[2026-09-28 11:37:20.300] [pid:38228] [main] [browser-use] execute done sessionId=sess_4b749b35-609c-4d26-85d5-eb5a081a8537 method=listUserTabs ok=true elapsedMs=0
[Z1 child] [2026-09-28 11:37:20.308] [pid:33568] [settingService] reading settings from: C:\Users\USER\Desktop\Personal\ZCode\.tmp\z1-native-1790566629091-853a39\home\.zcode\v2\setting.json
[Z1 child] [2026-09-28 11:37:20.309] [pid:33568] [settingService] read result: {"recentProjects":[],"locale":"zh-CN","localePreference":"en-US","terminalInheritSystemProfile":true,"embeddedBrowserAllowInsecureCertificates":false,"embeddedBrowserViewportPreference":{"mode":"normal","viewport":{"width":393,"height":852},"zoom":"fit"},"computerUseComposerEntryHidden":true,"taskAutoArchiveEnabled":false,"taskAutoArchiveOlderThanDays":7,"closeToTrayOnWindows":false,"closeToTrayOnWindowsMigrationInitialized":true,"keepAwakeWhileRunning":false,"desktopWindowSize":{"width":1600,"height":1000,"maximized":false},"desktopChromiumHardwareAccelerationEnabled":true,"messageStreamShowReasoning":true,"messageStreamShowReasoningMigrationInitialized":true,"messageStreamShowTodos":false,"toolGroupingExploreEnabled":true,"toolGroupingTerminalEnabled":true,"toolGroupingChangesEnabled":false,"zcodeInteractionBehavior":"queue","askUserQuestionAutoResolutionEnabled":false,"modelIoFullRetentionEnabled":false,"startPlanRecommendationDismissed":false,"providerFamilyConnectionSelections":{},"providerFamilyDomain":"zai","providerFamilyDomainMigrated":true,"nativeSearchEnhancementsEnabled":true,"memoryEnabled":false,"lastWorkspaceSession":[{"kind":"local","workspacePath":"C:\\Users\\USER\\Desktop\\Personal\\ZCode\\.tmp\\z1-native-1790566629091-853a39\\workspace","workspacePurpose":"project"},{"kind":"local","workspacePath":"C:\\Users\\USER\\Desktop\\Personal\\ZCode\\.tmp\\z1-native-1790566629091-853a39\\data\\.zcode\\workspace\\default","workspacePurpose":"conversation"}],"lastActiveTabIndex":0,"receivePreviewUpdates":false,"autoDownloadAndInstallUpdates":false,"skippedElectronUpdateVersions":{},"settingsSyncFirstRunPromptHandled":true}
[Z1 child] [2026-09-28 11:37:20.315] [pid:33568] [settingService] reading settings from: C:\Users\USER\Desktop\Personal\ZCode\.tmp\z1-native-1790566629091-853a39\home\.zcode\v2\setting.json
[Z1 child] [2026-09-28 11:37:20.315] [pid:33568] [settingService] read result: {"recentProjects":[],"locale":"zh-CN","localePreference":"en-US","terminalInheritSystemProfile":true,"embeddedBrowserAllowInsecureCertificates":false,"embeddedBrowserViewportPreference":{"mode":"normal","viewport":{"width":393,"height":852},"zoom":"fit"},"computerUseComposerEntryHidden":true,"taskAutoArchiveEnabled":false,"taskAutoArchiveOlderThanDays":7,"closeToTrayOnWindows":false,"closeToTrayOnWindowsMigrationInitialized":true,"keepAwakeWhileRunning":false,"desktopWindowSize":{"width":1600,"height":1000,"maximized":false},"desktopChromiumHardwareAccelerationEnabled":true,"messageStreamShowReasoning":true,"messageStreamShowReasoningMigrationInitialized":true,"messageStreamShowTodos":false,"toolGroupingExploreEnabled":true,"toolGroupingTerminalEnabled":true,"toolGroupingChangesEnabled":false,"zcodeInteractionBehavior":"queue","askUserQuestionAutoResolutionEnabled":false,"modelIoFullRetentionEnabled":false,"startPlanRecommendationDismissed":false,"providerFamilyConnectionSelections":{},"providerFamilyDomain":"zai","providerFamilyDomainMigrated":true,"nativeSearchEnhancementsEnabled":true,"memoryEnabled":false,"lastWorkspaceSession":[{"kind":"local","workspacePath":"C:\\Users\\USER\\Desktop\\Personal\\ZCode\\.tmp\\z1-native-1790566629091-853a39\\workspace","workspacePurpose":"project"},{"kind":"local","workspacePath":"C:\\Users\\USER\\Desktop\\Personal\\ZCode\\.tmp\\z1-native-1790566629091-853a39\\data\\.zcode\\workspace\\default","workspacePurpose":"conversation"}],"lastActiveTabIndex":0,"receivePreviewUpdates":false,"autoDownloadAndInstallUpdates":false,"skippedElectronUpdateVersions":{},"settingsSyncFirstRunPromptHandled":true}
[Z1 child] [2026-09-28 11:37:20.315] [pid:33568] [zcode-host] [rpc:call] graphEngineering.getWorkspace OK (185.8ms)
[2026-09-28 11:37:20.316] [pid:38228] [main] [host-log] (local-1) [host] [2026-09-28 11:37:20.315] [pid:33568] [zcode-host] [rpc:call] graphEngineering.getWorkspace OK (185.8ms)
[Z1 child] [2026-09-28 11:37:20.316] [pid:33568] [settingService] reading settings from: C:\Users\USER\Desktop\Personal\ZCode\.tmp\z1-native-1790566629091-853a39\home\.zcode\v2\setting.json
[2026-09-28 11:37:20.316] [pid:33568] [settingService] read result: {"recentProjects":[],"locale":"zh-CN","localePreference":"en-US","terminalInheritSystemProfile":true,"embeddedBrowserAllowInsecureCertificates":false,"embeddedBrowserViewportPreference":{"mode":"normal","viewport":{"width":393,"height":852},"zoom":"fit"},"computerUseComposerEntryHidden":true,"taskAutoArchiveEnabled":false,"taskAutoArchiveOlderThanDays":7,"closeToTrayOnWindows":false,"closeToTrayOnWindowsMigrationInitialized":true,"keepAwakeWhileRunning":false,"desktopWindowSize":{"width":1600,"height":1000,"maximized":false},"desktopChromiumHardwareAccelerationEnabled":true,"messageStreamShowReasoning":true,"messageStreamShowReasoningMigrationInitialized":true,"messageStreamShowTodos":false,"toolGroupingExploreEnabled":true,"toolGroupingTerminalEnabled":true,"toolGroupingChangesEnabled":false,"zcodeInteractionBehavior":"queue","askUserQuestionAutoResolutionEnabled":false,"modelIoFullRetentionEnabled":false,"startPlanRecommendationDismissed":false,"providerFamilyConnectionSelections":{},"providerFamilyDomain":"zai","providerFamilyDomainMigrated":true,"nativeSearchEnhancementsEnabled":true,"memoryEnabled":false,"lastWorkspaceSession":[{"kind":"local","workspacePath":"C:\\Users\\USER\\Desktop\\Personal\\ZCode\\.tmp\\z1-native-1790566629091-853a39\\workspace","workspacePurpose":"project"},{"kind":"local","workspacePath":"C:\\Users\\USER\\Desktop\\Personal\\ZCode\\.tmp\\z1-native-1790566629091-853a39\\data\\.zcode\\workspace\\default","workspacePurpose":"conversation"}],"lastActiveTabIndex":0,"receivePreviewUpdates":false,"autoDownloadAndInstallUpdates":false,"skippedElectronUpdateVersions":{},"settingsSyncFirstRunPromptHandled":true}
[Z1 child] [2026-09-28 11:37:20.317] [pid:33568] [zcode-host] [rpc:call] graphEngineering.getWorkspace OK (109.8ms)
[2026-09-28 11:37:20.317] [pid:38228] [main] [host-log] (local-1) [host] [2026-09-28 11:37:20.317] [pid:33568] [zcode-host] [rpc:call] graphEngineering.getWorkspace OK (109.8ms)
[Z1 child] [2026-09-28 11:37:20.317] [pid:33568] [settingService] reading settings from: C:\Users\USER\Desktop\Personal\ZCode\.tmp\z1-native-1790566629091-853a39\home\.zcode\v2\setting.json
[2026-09-28 11:37:20.317] [pid:33568] [settingService] read result: {"recentProjects":[],"locale":"zh-CN","localePreference":"en-US","terminalInheritSystemProfile":true,"embeddedBrowserAllowInsecureCertificates":false,"embeddedBrowserViewportPreference":{"mode":"normal","viewport":{"width":393,"height":852},"zoom":"fit"},"computerUseComposerEntryHidden":true,"taskAutoArchiveEnabled":false,"taskAutoArchiveOlderThanDays":7,"closeToTrayOnWindows":false,"closeToTrayOnWindowsMigrationInitialized":true,"keepAwakeWhileRunning":false,"desktopWindowSize":{"width":1600,"height":1000,"maximized":false},"desktopChromiumHardwareAccelerationEnabled":true,"messageStreamShowReasoning":true,"messageStreamShowReasoningMigrationInitialized":true,"messageStreamShowTodos":false,"toolGroupingExploreEnabled":true,"toolGroupingTerminalEnabled":true,"toolGroupingChangesEnabled":false,"zcodeInteractionBehavior":"queue","askUserQuestionAutoResolutionEnabled":false,"modelIoFullRetentionEnabled":false,"startPlanRecommendationDismissed":false,"providerFamilyConnectionSelections":{},"providerFamilyDomain":"zai","providerFamilyDomainMigrated":true,"nativeSearchEnhancementsEnabled":true,"memoryEnabled":false,"lastWorkspaceSession":[{"kind":"local","workspacePath":"C:\\Users\\USER\\Desktop\\Personal\\ZCode\\.tmp\\z1-native-1790566629091-853a39\\workspace","workspacePurpose":"project"},{"kind":"local","workspacePath":"C:\\Users\\USER\\Desktop\\Personal\\ZCode\\.tmp\\z1-native-1790566629091-853a39\\data\\.zcode\\workspace\\default","workspacePurpose":"conversation"}],"lastActiveTabIndex":0,"receivePreviewUpdates":false,"autoDownloadAndInstallUpdates":false,"skippedElectronUpdateVersions":{},"settingsSyncFirstRunPromptHandled":true}
[Z1 child] [2026-09-28 11:37:20.318] [pid:33568] [zcode-host] [rpc:call] graphEngineering.getWorkspace OK (51.3ms)
[2026-09-28 11:37:20.318] [pid:38228] [main] [host-log] (local-1) [host] [2026-09-28 11:37:20.318] [pid:33568] [zcode-host] [rpc:call] graphEngineering.getWorkspace OK (51.3ms)
[Z1 child] [2026-09-28 11:37:20.318] [pid:33568] [settingService] reading settings from: C:\Users\USER\Desktop\Personal\ZCode\.tmp\z1-native-1790566629091-853a39\home\.zcode\v2\setting.json
[2026-09-28 11:37:20.319] [pid:33568] [settingService] read result: {"recentProjects":[],"locale":"zh-CN","localePreference":"en-US","terminalInheritSystemProfile":true,"embeddedBrowserAllowInsecureCertificates":false,"embeddedBrowserViewportPreference":{"mode":"normal","viewport":{"width":393,"height":852},"zoom":"fit"},"computerUseComposerEntryHidden":true,"taskAutoArchiveEnabled":false,"taskAutoArchiveOlderThanDays":7,"closeToTrayOnWindows":false,"closeToTrayOnWindowsMigrationInitialized":true,"keepAwakeWhileRunning":false,"desktopWindowSize":{"width":1600,"height":1000,"maximized":false},"desktopChromiumHardwareAccelerationEnabled":true,"messageStreamShowReasoning":true,"messageStreamShowReasoningMigrationInitialized":true,"messageStreamShowTodos":false,"toolGroupingExploreEnabled":true,"toolGroupingTerminalEnabled":true,"toolGroupingChangesEnabled":false,"zcodeInteractionBehavior":"queue","askUserQuestionAutoResolutionEnabled":false,"modelIoFullRetentionEnabled":false,"startPlanRecommendationDismissed":false,"providerFamilyConnectionSelections":{},"providerFamilyDomain":"zai","providerFamilyDomainMigrated":true,"nativeSearchEnhancementsEnabled":true,"memoryEnabled":false,"lastWorkspaceSession":[{"kind":"local","workspacePath":"C:\\Users\\USER\\Desktop\\Personal\\ZCode\\.tmp\\z1-native-1790566629091-853a39\\workspace","workspacePurpose":"project"},{"kind":"local","workspacePath":"C:\\Users\\USER\\Desktop\\Personal\\ZCode\\.tmp\\z1-native-1790566629091-853a39\\data\\.zcode\\workspace\\default","workspacePurpose":"conversation"}],"lastActiveTabIndex":0,"receivePreviewUpdates":false,"autoDownloadAndInstallUpdates":false,"skippedElectronUpdateVersions":{},"settingsSyncFirstRunPromptHandled":true}
[Z1 child] [2026-09-28 11:37:20.319] [pid:33568] [zcode-host] [rpc:call] graphEngineering.getWorkspace OK (22.2ms)
[2026-09-28 11:37:20.319] [pid:38228] [main] [host-log] (local-1) [host] [2026-09-28 11:37:20.319] [pid:33568] [zcode-host] [rpc:call] graphEngineering.getWorkspace OK (22.2ms)
[Z1 child] [2026-09-28 11:37:20.320] [pid:33568] [settingService] reading settings from: C:\Users\USER\Desktop\Personal\ZCode\.tmp\z1-native-1790566629091-853a39\home\.zcode\v2\setting.json
[2026-09-28 11:37:20.320] [pid:33568] [settingService] read result: {"recentProjects":[],"locale":"zh-CN","localePreference":"en-US","terminalInheritSystemProfile":true,"embeddedBrowserAllowInsecureCertificates":false,"embeddedBrowserViewportPreference":{"mode":"normal","viewport":{"width":393,"height":852},"zoom":"fit"},"computerUseComposerEntryHidden":true,"taskAutoArchiveEnabled":false,"taskAutoArchiveOlderThanDays":7,"closeToTrayOnWindows":false,"closeToTrayOnWindowsMigrationInitialized":true,"keepAwakeWhileRunning":false,"desktopWindowSize":{"width":1600,"height":1000,"maximized":false},"desktopChromiumHardwareAccelerationEnabled":true,"messageStreamShowReasoning":true,"messageStreamShowReasoningMigrationInitialized":true,"messageStreamShowTodos":false,"toolGroupingExploreEnabled":true,"toolGroupingTerminalEnabled":true,"toolGroupingChangesEnabled":false,"zcodeInteractionBehavior":"queue","askUserQuestionAutoResolutionEnabled":false,"modelIoFullRetentionEnabled":false,"startPlanRecommendationDismissed":false,"providerFamilyConnectionSelections":{},"providerFamilyDomain":"zai","providerFamilyDomainMigrated":true,"nativeSearchEnhancementsEnabled":true,"memoryEnabled":false,"lastWorkspaceSession":[{"kind":"local","workspacePath":"C:\\Users\\USER\\Desktop\\Personal\\ZCode\\.tmp\\z1-native-1790566629091-853a39\\workspace","workspacePurpose":"project"},{"kind":"local","workspacePath":"C:\\Users\\USER\\Desktop\\Personal\\ZCode\\.tmp\\z1-native-1790566629091-853a39\\data\\.zcode\\workspace\\default","workspacePurpose":"conversation"}],"lastActiveTabIndex":0,"receivePreviewUpdates":false,"autoDownloadAndInstallUpdates":false,"skippedElectronUpdateVersions":{},"settingsSyncFirstRunPromptHandled":true}
[Z1 child] [2026-09-28 11:37:20.320] [pid:33568] [zcode-host] [rpc:call] graphEngineering.getWorkspace OK (5.6ms)
[2026-09-28 11:37:20.321] [pid:38228] [main] [host-log] (local-1) [host] [2026-09-28 11:37:20.320] [pid:33568] [zcode-host] [rpc:call] graphEngineering.getWorkspace OK (5.6ms)
[Z1 child] [2026-09-28 11:37:20.698] [pid:33568] [cua-pip-session] [cua-pip-session] event delivery dropped {
  eventId: 'a01bc501-cc64-402d-ab97-a27854bb135e',
  kind: 'turn-started',
  sequenceNumber: 3,
  sessionId: 'sess_4b749b35-609c-4d26-85d5-eb5a081a8537',
  turnId: 'turn_e63218c8-9d90-4a88-9162-81b6a03ec510',
  skipReason: 'service-disabled'
}
[2026-09-28 11:37:20.699] [pid:38228] [main] [host-log] (local-1) [host] [2026-09-28 11:37:20.698] [pid:33568] [cua-pip-session] [cua-pip-session] event delivery dropped {"eventId":"a01bc501-cc64-402d-ab97-a27854bb135e","kind":"turn-started","sequenceNumber":3,"sessionId":"sess_4b749b35-609c-4d26-85d5-eb5a081a8537","turnId":"turn_e63218c8-9d90-4a88-9162-81b6a03ec510","skipReason":"service-disabled"}
[Z1 child] [2026-09-28 11:37:20.748] [pid:33568] [settingService] reading settings from: C:\Users\USER\Desktop\Personal\ZCode\.tmp\z1-native-1790566629091-853a39\home\.zcode\v2\setting.json
[Z1 child] [2026-09-28 11:37:20.748] [pid:33568] [settingService] read result: {"recentProjects":[],"locale":"zh-CN","localePreference":"en-US","terminalInheritSystemProfile":true,"embeddedBrowserAllowInsecureCertificates":false,"embeddedBrowserViewportPreference":{"mode":"normal","viewport":{"width":393,"height":852},"zoom":"fit"},"computerUseComposerEntryHidden":true,"taskAutoArchiveEnabled":false,"taskAutoArchiveOlderThanDays":7,"closeToTrayOnWindows":false,"closeToTrayOnWindowsMigrationInitialized":true,"keepAwakeWhileRunning":false,"desktopWindowSize":{"width":1600,"height":1000,"maximized":false},"desktopChromiumHardwareAccelerationEnabled":true,"messageStreamShowReasoning":true,"messageStreamShowReasoningMigrationInitialized":true,"messageStreamShowTodos":false,"toolGroupingExploreEnabled":true,"toolGroupingTerminalEnabled":true,"toolGroupingChangesEnabled":false,"zcodeInteractionBehavior":"queue","askUserQuestionAutoResolutionEnabled":false,"modelIoFullRetentionEnabled":false,"startPlanRecommendationDismissed":false,"providerFamilyConnectionSelections":{},"providerFamilyDomain":"zai","providerFamilyDomainMigrated":true,"nativeSearchEnhancementsEnabled":true,"memoryEnabled":false,"lastWorkspaceSession":[{"kind":"local","workspacePath":"C:\\Users\\USER\\Desktop\\Personal\\ZCode\\.tmp\\z1-native-1790566629091-853a39\\workspace","workspacePurpose":"project"},{"kind":"local","workspacePath":"C:\\Users\\USER\\Desktop\\Personal\\ZCode\\.tmp\\z1-native-1790566629091-853a39\\data\\.zcode\\workspace\\default","workspacePurpose":"conversation"}],"lastActiveTabIndex":0,"receivePreviewUpdates":false,"autoDownloadAndInstallUpdates":false,"skippedElectronUpdateVersions":{},"settingsSyncFirstRunPromptHandled":true}
[Z1 child] [2026-09-28 11:37:20.749] [pid:33568] [zcode-host] [rpc:call] graphEngineering.getWorkspace OK (1.5ms)
[2026-09-28 11:37:20.749] [pid:38228] [main] [host-log] (local-1) [host] [2026-09-28 11:37:20.749] [pid:33568] [zcode-host] [rpc:call] graphEngineering.getWorkspace OK (1.5ms)
[Z1 child] [2026-09-28 11:37:20.766] [pid:33568] [cua-pip-session] [cua-pip-session] event delivery dropped {
  eventId: '4c39d367-9bf1-4922-8618-853eb113301f',
  kind: 'turn-ended',
  sequenceNumber: 14,
  sessionId: 'sess_4b749b35-609c-4d26-85d5-eb5a081a8537',
  turnId: 'turn_e63218c8-9d90-4a88-9162-81b6a03ec510',
  outcome: 'completed',
  skipReason: 'service-disabled'
}
[2026-09-28 11:37:20.766] [pid:38228] [main] [host-log] (local-1) [host] [2026-09-28 11:37:20.766] [pid:33568] [cua-pip-session] [cua-pip-session] event delivery dropped {"eventId":"4c39d367-9bf1-4922-8618-853eb113301f","kind":"turn-ended","sequenceNumber":14,"sessionId":"sess_4b749b35-609c-4d26-85d5-eb5a081a8537","turnId":"turn_e63218c8-9d90-4a88-9162-81b6a03ec510","outcome":"completed","skipReason":"service-disabled"}
[Z1 child] [2026-09-28 11:37:20.767] [pid:33568] [zcode-task-index-syncer] task 终态未读裁决 {
  goalStatus: null,
  phase: 'completedSuccess',
  taskId: 'sess_4b749b35-609c-4d26-85d5-eb5a081a8537',
  unreadSignal: 'background_terminal'
}
[Z1 child] [2026-09-28 11:37:20.809] [pid:33568] [zcode-task-index-syncer] [list-refresh-trace] emitWorkspaceTaskListChanged reason=task_created taskId=sess_4b749b35-609c-4d26-85d5-eb5a081a8537 workspace=C:\Users\USER\Desktop\Personal\ZCode\.tmp\z1-native-1790566629091-853a39\workspace hasMeta=true
[Z1 child] [2026-09-28 11:37:20.815] [pid:33568] [zcode-host] [rpc:call] zcode-task.listPinnedTaskIds OK (0.1ms)
[2026-09-28 11:37:20.816] [pid:38228] [main] [host-log] (local-1) [host] [2026-09-28 11:37:20.815] [pid:33568] [zcode-host] [rpc:call] zcode-task.listPinnedTaskIds OK (0.1ms)
[2026-09-28 11:37:20.816] [pid:38228] [main] [host-log] (local-1) [host] [2026-09-28 11:37:20.816] [pid:33568] [zcode-host] [rpc:call] zcode-task.listArchivedTasks OK (0.1ms)
[2026-09-28 11:37:20.817] [pid:38228] [main] [host-log] (local-1) [host] [2026-09-28 11:37:20.816] [pid:33568] [zcode-host] [rpc:call] zcode-task.listTasks OK (0.1ms)
[2026-09-28 11:37:20.818] [pid:38228] [main] [host-log] (local-1) [host] [2026-09-28 11:37:20.816] [pid:33568] [zcode-host] [rpc:call] zcode-task.listPinnedTasks OK (0.1ms)
[2026-09-28 11:37:20.819] [pid:38228] [main] [host-log] (local-1) [host] [2026-09-28 11:37:20.816] [pid:33568] [zcode-host] [rpc:call] zcode-task.listDeletedTaskIds OK (0.0ms)
[Z1 child] [2026-09-28 11:37:20.816] [pid:33568] [zcode-host] [rpc:call] zcode-task.listArchivedTasks OK (0.1ms)
[2026-09-28 11:37:20.816] [pid:33568] [zcode-host] [rpc:call] zcode-task.listTasks OK (0.1ms)
[2026-09-28 11:37:20.816] [pid:33568] [zcode-host] [rpc:call] zcode-task.listPinnedTasks OK (0.1ms)
[2026-09-28 11:37:20.816] [pid:33568] [zcode-host] [rpc:call] zcode-task.listDeletedTaskIds OK (0.0ms)
[2026-09-28 11:37:20.817] [pid:33568] [zcode-host] [rpc:call] window-controller.listTaskList OK (0.1ms)
[2026-09-28 11:37:20.819] [pid:38228] [main] [host-log] (local-1) [host] [2026-09-28 11:37:20.817] [pid:33568] [zcode-host] [rpc:call] window-controller.listTaskList OK (0.1ms)
[Z1 child] [2026-09-28 11:37:20.839] [pid:33568] [zcode-task-index-syncer] [list-refresh-trace] emitWorkspaceTaskListChanged reason=task_status_changed taskId=sess_4b749b35-609c-4d26-85d5-eb5a081a8537 workspace=C:\Users\USER\Desktop\Personal\ZCode\.tmp\z1-native-1790566629091-853a39\workspace hasMeta=true
[Z1 child] [2026-09-28 11:37:20.840] [pid:33568] [zcode-task-index-syncer] [list-refresh-trace] emitWorkspaceTaskListChanged reason=task_meta_changed taskId=sess_4b749b35-609c-4d26-85d5-eb5a081a8537 workspace=C:\Users\USER\Desktop\Personal\ZCode\.tmp\z1-native-1790566629091-853a39\workspace hasMeta=true
[Z1 child] [2026-09-28 11:37:20.840] [pid:33568] [zcode-host] [rpc:call] zcode-task.setTaskUnread OK (0.9ms)
[2026-09-28 11:37:20.841] [pid:38228] [main] [host-log] (local-1) [host] [2026-09-28 11:37:20.840] [pid:33568] [zcode-host] [rpc:call] zcode-task.setTaskUnread OK (0.9ms)
[Z1 child] [2026-09-28 11:37:20.848] [pid:33568] [zcode-host] [rpc:call] zcode-task.listPinnedTaskIds OK (0.1ms)
[2026-09-28 11:37:20.849] [pid:38228] [main] [host-log] (local-1) [host] [2026-09-28 11:37:20.848] [pid:33568] [zcode-host] [rpc:call] zcode-task.listPinnedTaskIds OK (0.1ms)
[2026-09-28 11:37:20.850] [pid:38228] [main] [host-log] (local-1) [host] [2026-09-28 11:37:20.848] [pid:33568] [zcode-host] [rpc:call] zcode-task.listArchivedTasks OK (0.1ms)
[2026-09-28 11:37:20.850] [pid:38228] [main] [host-log] (local-1) [host] [2026-09-28 11:37:20.849] [pid:33568] [zcode-host] [rpc:call] zcode-task.listTasks OK (0.2ms)
[2026-09-28 11:37:20.851] [pid:38228] [main] [host-log] (local-1) [host] [2026-09-28 11:37:20.849] [pid:33568] [zcode-host] [rpc:call] zcode-task.listPinnedTasks OK (0.1ms)
[2026-09-28 11:37:20.852] [pid:38228] [main] [host-log] (local-1) [host] [2026-09-28 11:37:20.849] [pid:33568] [zcode-host] [rpc:call] zcode-task.listDeletedTaskIds OK (0.1ms)
[Z1 child] [2026-09-28 11:37:20.848] [pid:33568] [zcode-host] [rpc:call] zcode-task.listArchivedTasks OK (0.1ms)
[2026-09-28 11:37:20.849] [pid:33568] [zcode-host] [rpc:call] zcode-task.listTasks OK (0.2ms)
[2026-09-28 11:37:20.849] [pid:33568] [zcode-host] [rpc:call] zcode-task.listPinnedTasks OK (0.1ms)
[2026-09-28 11:37:20.849] [pid:33568] [zcode-host] [rpc:call] zcode-task.listDeletedTaskIds OK (0.1ms)
[Z1 child] [2026-09-28 11:37:20.874] [pid:33568] [zcode-task-index-syncer] [list-refresh-trace] emitWorkspaceTaskListChanged reason=task_status_changed taskId=sess_4b749b35-609c-4d26-85d5-eb5a081a8537 workspace=C:\Users\USER\Desktop\Personal\ZCode\.tmp\z1-native-1790566629091-853a39\workspace hasMeta=true
[Z1 child] [2026-09-28 11:37:21.213] [pid:33568] [settingService] reading settings from: C:\Users\USER\Desktop\Personal\ZCode\.tmp\z1-native-1790566629091-853a39\home\.zcode\v2\setting.json
[Z1 child] [2026-09-28 11:37:21.213] [pid:33568] [settingService] read result: {"recentProjects":[],"locale":"zh-CN","localePreference":"en-US","terminalInheritSystemProfile":true,"embeddedBrowserAllowInsecureCertificates":false,"embeddedBrowserViewportPreference":{"mode":"normal","viewport":{"width":393,"height":852},"zoom":"fit"},"computerUseComposerEntryHidden":true,"taskAutoArchiveEnabled":false,"taskAutoArchiveOlderThanDays":7,"closeToTrayOnWindows":false,"closeToTrayOnWindowsMigrationInitialized":true,"keepAwakeWhileRunning":false,"desktopWindowSize":{"width":1600,"height":1000,"maximized":false},"desktopChromiumHardwareAccelerationEnabled":true,"messageStreamShowReasoning":true,"messageStreamShowReasoningMigrationInitialized":true,"messageStreamShowTodos":false,"toolGroupingExploreEnabled":true,"toolGroupingTerminalEnabled":true,"toolGroupingChangesEnabled":false,"zcodeInteractionBehavior":"queue","askUserQuestionAutoResolutionEnabled":false,"modelIoFullRetentionEnabled":false,"startPlanRecommendationDismissed":false,"providerFamilyConnectionSelections":{},"providerFamilyDomain":"zai","providerFamilyDomainMigrated":true,"nativeSearchEnhancementsEnabled":true,"memoryEnabled":false,"lastWorkspaceSession":[{"kind":"local","workspacePath":"C:\\Users\\USER\\Desktop\\Personal\\ZCode\\.tmp\\z1-native-1790566629091-853a39\\workspace","workspacePurpose":"project"},{"kind":"local","workspacePath":"C:\\Users\\USER\\Desktop\\Personal\\ZCode\\.tmp\\z1-native-1790566629091-853a39\\data\\.zcode\\workspace\\default","workspacePurpose":"conversation"}],"lastActiveTabIndex":0,"receivePreviewUpdates":false,"autoDownloadAndInstallUpdates":false,"skippedElectronUpdateVersions":{},"settingsSyncFirstRunPromptHandled":true}
[Z1 child] [2026-09-28 11:37:21.214] [pid:33568] [zcode-host] [rpc:call] graphEngineering.getWorkspace OK (311.4ms)
[2026-09-28 11:37:21.214] [pid:38228] [main] [host-log] (local-1) [host] [2026-09-28 11:37:21.214] [pid:33568] [zcode-host] [rpc:call] graphEngineering.getWorkspace OK (311.4ms)
[Z1 child] [2026-09-28 11:37:21.214] [pid:33568] [settingService] reading settings from: C:\Users\USER\Desktop\Personal\ZCode\.tmp\z1-native-1790566629091-853a39\home\.zcode\v2\setting.json
[2026-09-28 11:37:21.215] [pid:33568] [settingService] read result: {"recentProjects":[],"locale":"zh-CN","localePreference":"en-US","terminalInheritSystemProfile":true,"embeddedBrowserAllowInsecureCertificates":false,"embeddedBrowserViewportPreference":{"mode":"normal","viewport":{"width":393,"height":852},"zoom":"fit"},"computerUseComposerEntryHidden":true,"taskAutoArchiveEnabled":false,"taskAutoArchiveOlderThanDays":7,"closeToTrayOnWindows":false,"closeToTrayOnWindowsMigrationInitialized":true,"keepAwakeWhileRunning":false,"desktopWindowSize":{"width":1600,"height":1000,"maximized":false},"desktopChromiumHardwareAccelerationEnabled":true,"messageStreamShowReasoning":true,"messageStreamShowReasoningMigrationInitialized":true,"messageStreamShowTodos":false,"toolGroupingExploreEnabled":true,"toolGroupingTerminalEnabled":true,"toolGroupingChangesEnabled":false,"zcodeInteractionBehavior":"queue","askUserQuestionAutoResolutionEnabled":false,"modelIoFullRetentionEnabled":false,"startPlanRecommendationDismissed":false,"providerFamilyConnectionSelections":{},"providerFamilyDomain":"zai","providerFamilyDomainMigrated":true,"nativeSearchEnhancementsEnabled":true,"memoryEnabled":false,"lastWorkspaceSession":[{"kind":"local","workspacePath":"C:\\Users\\USER\\Desktop\\Personal\\ZCode\\.tmp\\z1-native-1790566629091-853a39\\workspace","workspacePurpose":"project"},{"kind":"local","workspacePath":"C:\\Users\\USER\\Desktop\\Personal\\ZCode\\.tmp\\z1-native-1790566629091-853a39\\data\\.zcode\\workspace\\default","workspacePurpose":"conversation"}],"lastActiveTabIndex":0,"receivePreviewUpdates":false,"autoDownloadAndInstallUpdates":false,"skippedElectronUpdateVersions":{},"settingsSyncFirstRunPromptHandled":true}
[Z1 child] [2026-09-28 11:37:21.215] [pid:33568] [zcode-host] [rpc:call] graphEngineering.getWorkspace OK (2.2ms)
[2026-09-28 11:37:21.218] [pid:38228] [main] [host-log] (local-1) [host] [2026-09-28 11:37:21.215] [pid:33568] [zcode-host] [rpc:call] graphEngineering.getWorkspace OK (2.2ms)
[Z1 child] [2026-09-28 11:37:21.448] [pid:33568] [zcode-host] [rpc:call] graphEngineering.artifact OK (4.7ms)
[2026-09-28 11:37:21.448] [pid:38228] [main] [host-log] (local-1) [host] [2026-09-28 11:37:21.448] [pid:33568] [zcode-host] [rpc:call] graphEngineering.artifact OK (4.7ms)
[Z1 child] [2026-09-28 11:37:21.565] [pid:33568] [zcode-host] [rpc:call] graphEngineering.artifact OK (4.4ms)
[2026-09-28 11:37:21.566] [pid:38228] [main] [host-log] (local-1) [host] [2026-09-28 11:37:21.565] [pid:33568] [zcode-host] [rpc:call] graphEngineering.artifact OK (4.4ms)
